queue_position,priority,branch_id,medicine_id,medicine_name,category,current_inventory_units,days_of_cover,forecast_7d,forecast_30d,stockout_risk,reorder_recommendation,recommended_order_quantity,overstock_risk,expiry_risk,primary_action,primary_reason,secondary_reasons,potential_stockout_exposure_units,potential_stockout_exposure_value,estimated_excess_value,projected_expiry_exposure_value,impact_value,active_issue_count,priority_score
1,CRITICAL,BR005,MED326,Rosuvastatin 20mg (VitaCure Remedies),Cardiovascular,12,1.24,59.764,253.632,CRITICAL,ORDER_NOW,217,NORMAL,LOW,ORDER_NOW,"1.2 days of cover: 12 units in stock at expected demand of 9.64 units/day. Stock 12 <= expected demand during the 7-day lead time (67.5): a stockout is expected before a new order could arrive; order up to 228.6 units; suggested order 217 units (stockout history: 0 days in the last 28, out of stock on 5.5% of all days observed; 7-day forecast (59.8) exceeds current stock (12))",,55.5,13161.96,0.0,0.0,13161.96,1,418.16
2,CRITICAL,BR003,MED319,Rosuvastatin 5mg (NovaMed Laboratories),Cardiovascular,19,2.67,45.904,204.65,CRITICAL,ORDER_NOW,148,NORMAL,LOW,ORDER_NOW,2.7 days of cover: 19 units in stock at expected demand of 7.11 units/day. Stock 19 <= expected demand during the 7-day lead time (49.8): a stockout is expected before a new order could arrive; order up to 166.8 units; suggested order 148 units (7-day forecast (45.9) exceeds current stock (19)),,30.75,6545.83,0.0,0.0,6545.83,1,411.55
3,CRITICAL,BR002,MED048,Dextromethorphan Syrup 100ml,Respiratory,14,9.33,7.997,36.478,HIGH,REORDER_SOON,23,NORMAL,CRITICAL,PRIORITIZE_SALE_EXPIRING_STOCK,"batch BAT034782 (9.0 days to expiry): 14 units expire in 9 days; expected sales before expiry 9.0 (recent demand 1.00/day, 0 units of earlier-expiring stock sell first) -> 5.0 projected unsold",[HIGH] 9.3 days of cover: 14 units in stock at expected demand of 1.50 units/day. Stock 14 is below the reorder point 15.3 (lead-time demand 10.5 + safety stock 4.8); stock may not cover the lead time at the upper forecast (18.3 units); suggested order 23 units (escalated from MEDIUM because of stockout history (1 days in the last 28; out of stock on 2.6% of all days observed) and only 5.4 days of cover at the upper forecast),0.0,0.0,0.0,363.65,363.65,2,410.36
4,CRITICAL,BR003,MED104,Amoxicillin + Clavulanic Acid 375mg,Antibiotics,0,0.0,21.498,93.175,CRITICAL,ORDER_NOW,75,NORMAL,NONE,ORDER_NOW,"Out of stock with expected demand of 3.07 units/day (7-day forecast 21.5 units). Stock 0 <= expected demand during the 7-day lead time (21.5): a stockout is expected before a new order could arrive; order up to 74.1 units; suggested order 75 units (stockout history: 7 days in the last 28, out of stock on 4.4% of all days observed)",,21.5,5230.66,0.0,0.0,5230.66,1,410.23
5,CRITICAL,BR003,MED402,Sitagliptin 50mg (NovaMed Laboratories),Antidiabetic,4,2.24,6.165,34.41,CRITICAL,ORDER_NOW,41,NORMAL,LOW,ORDER_NOW,2.2 days of cover: 4 units in stock at expected demand of 1.79 units/day. Stock 4 <= expected demand during the 7-day lead time (12.5): a stockout is expected before a new order could arrive; order up to 44.1 units; suggested order 41 units (7-day forecast (6.2) exceeds current stock (4)),,8.5,3884.11,0.0,0.0,3884.11,1,408.88
6,CRITICAL,BR004,MED324,Rosuvastatin 20mg (Stellar Formulations),Cardiovascular,5,1.87,10.835,51.545,CRITICAL,ORDER_NOW,61,NORMAL,LOW,ORDER_NOW,1.9 days of cover: 5 units in stock at expected demand of 2.68 units/day. Stock 5 <= expected demand during the 7-day lead time (18.8): a stockout is expected before a new order could arrive; order up to 65.8 units; suggested order 61 units (7-day forecast (10.8) exceeds current stock (5)),,13.75,2889.94,0.0,0.0,2889.94,1,407.89
7,CRITICAL,BR005,MED402,Sitagliptin 50mg (NovaMed Laboratories),Antidiabetic,0,0.0,3.313,15.655,CRITICAL,ORDER_NOW,23,NORMAL,NONE,ORDER_NOW,Out of stock with expected demand of 0.79 units/day (7-day forecast 3.3 units). Stock 0 <= expected demand during the 7-day lead time (5.5): a stockout is expected before a new order could arrive; order up to 22.5 units; suggested order 23 units,,5.5,2540.61,0.0,0.0,2540.61,1,407.54
8,CRITICAL,BR003,MED269,Amlodipine 10mg (Stellar Formulations),Cardiovascular,27,2.45,65.064,285.204,CRITICAL,ORDER_NOW,224,NORMAL,LOW,ORDER_NOW,2.5 days of cover: 27 units in stock at expected demand of 11.00 units/day. Stock 27 <= expected demand during the 7-day lead time (77.0): a stockout is expected before a new order could arrive; order up to 250.6 units; suggested order 224 units (7-day forecast (65.1) exceeds current stock (27)),,50.0,2218.63,0.0,0.0,2218.63,1,407.22
9,CRITICAL,BR003,MED354,Gliclazide 40mg (Summit Lifesciences),Antidiabetic,8,1.7,30.352,129.642,CRITICAL,ORDER_NOW,104,NORMAL,LOW,ORDER_NOW,1.7 days of cover: 8 units in stock at expected demand of 4.71 units/day. Stock 8 <= expected demand during the 7-day lead time (33.0): a stockout is expected before a new order could arrive; order up to 111.0 units; suggested order 104 units (7-day forecast (30.4) exceeds current stock (8)),,25.0,2195.41,0.0,0.0,2195.41,1,407.2
10,CRITICAL,BR003,MED127,Cefixime 100mg (VitaCure Remedies),Antibiotics,0,0.0,16.091,68.531,CRITICAL,ORDER_NOW,60,NORMAL,NONE,ORDER_NOW,"Out of stock with expected demand of 2.30 units/day (7-day forecast 16.1 units). Stock 0 <= expected demand during the 7-day lead time (16.1): a stockout is expected before a new order could arrive; order up to 59.3 units; suggested order 60 units (stockout history: 5 days in the last 28, out of stock on 2.3% of all days observed)",,16.09,2183.3,0.0,0.0,2183.3,1,407.18
11,CRITICAL,BR005,MED127,Cefixime 100mg (VitaCure Remedies),Antibiotics,10,2.92,21.198,90.229,CRITICAL,ORDER_NOW,73,NORMAL,LOW,ORDER_NOW,"2.9 days of cover: 10 units in stock at expected demand of 3.43 units/day. Stock 10 <= expected demand during the 7-day lead time (24.0): a stockout is expected before a new order could arrive; order up to 82.6 units; suggested order 73 units (stockout history: 0 days in the last 28, out of stock on 4.5% of all days observed; 7-day forecast (21.2) exceeds current stock (10))",,14.0,1888.54,0.0,0.0,1888.54,1,406.89
12,CRITICAL,BR002,MED031,Montelukast + Levocetirizine 10mg/5mg,Antihistamines,0,0.0,6.807,31.796,CRITICAL,ORDER_NOW,36,NORMAL,NONE,ORDER_NOW,Out of stock with expected demand of 1.39 units/day (7-day forecast 6.8 units). Stock 0 <= expected demand during the 7-day lead time (9.8): a stockout is expected before a new order could arrive; order up to 35.6 units; suggested order 36 units,,9.75,1868.8,0.0,0.0,1868.8,1,406.87
13,CRITICAL,BR003,MED186,Fexofenadine 180mg,Antihistamines,1,0.93,5.496,24.88,CRITICAL,ORDER_NOW,26,NORMAL,LOW,ORDER_NOW,0.9 days of cover: 1 units in stock at expected demand of 1.07 units/day. Stock 1 <= expected demand during the 7-day lead time (7.5): a stockout is expected before a new order could arrive; order up to 26.6 units; suggested order 26 units (7-day forecast (5.5) exceeds current stock (1)),,6.5,1442.72,0.0,0.0,1442.72,1,406.44
14,CRITICAL,BR002,MED395,Sitagliptin 100mg (CarePlus Laboratories),Antidiabetic,32,27.15,7.792,36.807,LOW,NO_REORDER,0,NORMAL,CRITICAL,PRIORITIZE_SALE_EXPIRING_STOCK,"batch BAT034721 (12.0 days to expiry): 20 units expire in 12 days; expected sales before expiry 14.9 (recent demand 1.24/day, 0 units of earlier-expiring stock sell first) -> 5.1 projected unsold",,0.0,0.0,0.0,1410.26,1410.26,1,406.41
15,CRITICAL,BR005,MED124,Cefixime 100mg,Antibiotics,21,261.1,0.563,3.059,LOW,NO_REORDER,0,OVERSTOCK,CRITICAL,PRIORITIZE_SALE_EXPIRING_STOCK,"batch BAT029966 (30.0 days to expiry): 3 units expire in 30 days; expected sales before expiry 0.7 (recent demand 0.02/day, 0 units of earlier-expiring stock sell first) -> 2.3 projected unsold",[LOW] 630 days of cover at the recent 0.03 units/day (limit 90): about 12 units above the limit,0.0,0.0,1149.38,233.75,1383.13,1,406.38
16,CRITICAL,BR002,MED288,Atorvastatin 40mg,Cardiovascular,3,1.56,8.354,43.41,CRITICAL,ORDER_NOW,47,NORMAL,LOW,ORDER_NOW,"1.6 days of cover: 3 units in stock at expected demand of 1.93 units/day. Stock 3 <= expected demand during the 7-day lead time (13.5): a stockout is expected before a new order could arrive; order up to 49.2 units; suggested order 47 units (stockout history: 0 days in the last 28, out of stock on 3.6% of all days observed; 7-day forecast (8.4) exceeds current stock (3))",,10.5,1296.28,0.0,0.0,1296.28,1,406.3
17,CRITICAL,BR004,MED139,Mefenamic Acid 500mg,Antipyretics,3,0.79,23.204,93.897,CRITICAL,ORDER_NOW,102,NORMAL,LOW,ORDER_NOW,"0.8 days of cover: 3 units in stock at expected demand of 3.82 units/day. Stock 3 <= expected demand during the 7-day lead time (26.8): a stockout is expected before a new order could arrive; order up to 104.9 units; suggested order 102 units (stockout history: 2 days in the last 28, out of stock on 5.6% of all days observed; 7-day forecast (23.2) exceeds current stock (3))",,23.75,1221.71,0.0,0.0,1221.71,1,406.22
18,CRITICAL,BR001,MED124,Cefixime 100mg,Antibiotics,15,138.71,0.757,3.426,LOW,NO_REORDER,0,OVERSTOCK,CRITICAL,PRIORITIZE_SALE_EXPIRING_STOCK,"batch BAT029966 (30.0 days to expiry): 8 units expire in 30 days; expected sales before expiry 1.3 (recent demand 0.04/day, 0 units of earlier-expiring stock sell first) -> 6.7 projected unsold",[LOW] 225 days of cover at the recent 0.07 units/day (limit 90): about 5 units above the limit,0.0,0.0,498.78,667.87,1166.65,1,406.17
19,CRITICAL,BR004,MED365,Glimepiride 3mg,Antidiabetic,17,167.13,0.712,3.763,LOW,NO_REORDER,0,OVERSTOCK,CRITICAL,PRIORITIZE_SALE_EXPIRING_STOCK,"batch BAT034344 (14.0 days to expiry): 3 units expire in 14 days; expected sales before expiry 1.6 (recent demand 0.11/day, 0 units of earlier-expiring stock sell first) -> 1.4 projected unsold",[LOW] 255 days of cover at the recent 0.07 units/day (limit 90): about 6 units above the limit,0.0,0.0,908.04,238.61,1146.65,1,406.15
20,CRITICAL,BR004,MED415,Budesonide Inhaler 100mcg,Respiratory,0,0.0,2.156,9.488,CRITICAL,ORDER_NOW,13,NORMAL,NONE,ORDER_NOW,Out of stock with expected demand of 0.46 units/day (7-day forecast 2.2 units). Stock 0 <= expected demand during the 7-day lead time (3.2): a stockout is expected before a new order could arrive; order up to 12.4 units; suggested order 13 units,,3.25,1130.12,0.0,0.0,1130.12,1,406.13
21,CRITICAL,BR003,MED302,Losartan 25mg (HealthAxis Pharma),Cardiovascular,0,0.0,7.766,35.485,CRITICAL,ORDER_NOW,42,NORMAL,NONE,ORDER_NOW,"Out of stock with expected demand of 1.61 units/day (7-day forecast 7.8 units). Stock 0 <= expected demand during the 7-day lead time (11.2): a stockout is expected before a new order could arrive; order up to 41.3 units; suggested order 42 units (stockout history: 1 days in the last 28, out of stock on 2.9% of all days observed)",,11.25,1056.2,0.0,0.0,1056.2,1,406.06
22,CRITICAL,BR004,MED202,Montelukast + Levocetirizine 10mg/5mg (Stellar Formulations),Antihistamines,0,0.0,3.421,15.858,CRITICAL,ORDER_NOW,20,NORMAL,NONE,ORDER_NOW,"Out of stock with expected demand of 0.75 units/day (7-day forecast 3.4 units). Stock 0 <= expected demand during the 7-day lead time (5.2): a stockout is expected before a new order could arrive; order up to 19.9 units; suggested order 20 units (stockout history: 3 days in the last 28, out of stock on 2.5% of all days observed)",,5.25,999.69,0.0,0.0,999.69,1,406.0
23,CRITICAL,BR001,MED392,Metformin 1000mg (LifeSpring Pharma),Antidiabetic,5,1.33,22.733,102.85,CRITICAL,ORDER_NOW,88,NORMAL,LOW,ORDER_NOW,1.3 days of cover: 5 units in stock at expected demand of 3.75 units/day. Stock 5 <= expected demand during the 7-day lead time (26.2): a stockout is expected before a new order could arrive; order up to 92.3 units; suggested order 88 units (7-day forecast (22.7) exceeds current stock (5)),,21.25,985.52,0.0,0.0,985.52,1,405.99
24,CRITICAL,BR003,MED142,Mefenamic Acid 500mg (Kavach Healthcare),Antipyretics,2,0.7,17.914,74.452,CRITICAL,ORDER_NOW,69,NORMAL,LOW,ORDER_NOW,"0.7 days of cover: 2 units in stock at expected demand of 2.86 units/day. Stock 2 <= expected demand during the 7-day lead time (20.0): a stockout is expected before a new order could arrive; order up to 70.6 units; suggested order 69 units (stockout history: 0 days in the last 28, out of stock on 7.1% of all days observed; 7-day forecast (17.9) exceeds current stock (2))",,18.0,984.22,0.0,0.0,984.22,1,405.98
25,CRITICAL,BR002,MED365,Glimepiride 3mg,Antidiabetic,10,70.0,0.92,4.599,LOW,NO_REORDER,0,NORMAL,CRITICAL,PRIORITIZE_SALE_EXPIRING_STOCK,"batch BAT034344 (14.0 days to expiry): 8 units expire in 14 days; expected sales before expiry 2.6 (recent demand 0.19/day, 0 units of earlier-expiring stock sell first) -> 5.4 projected unsold",,0.0,0.0,0.0,884.68,884.68,1,405.88
26,CRITICAL,BR001,MED352,Gliclazide 40mg (NovaMed Laboratories),Antidiabetic,13,151.67,0.6,2.938,LOW,NO_REORDER,0,OVERSTOCK,CRITICAL,PRIORITIZE_SALE_EXPIRING_STOCK,"batch BAT032533 (18.0 days to expiry): 11 units expire in 18 days; expected sales before expiry 0.6 (recent demand 0.03/day, 0 units of earlier-expiring stock sell first) -> 10.4 projected unsold",[LOW] 13 units in stock and no units sold in the last 30 days,0.0,0.0,273.66,565.55,839.21,1,405.84
27,CRITICAL,BR001,MED283,Atorvastatin 10mg (LifeSpring Pharma),Cardiovascular,0,0.0,5.879,28.152,CRITICAL,ORDER_NOW,30,NORMAL,NONE,ORDER_NOW,Out of stock with expected demand of 1.11 units/day (7-day forecast 5.9 units). Stock 0 <= expected demand during the 7-day lead time (7.8): a stockout is expected before a new order could arrive; order up to 29.6 units; suggested order 30 units,,7.75,789.66,0.0,0.0,789.66,1,405.79
28,CRITICAL,BR005,MED160,Paracetamol Suspension 125mg/5ml (TrueLife Remedies),Antipyretics,27,159.76,1.183,4.584,LOW,NO_REORDER,0,OVERSTOCK,CRITICAL,PRIORITIZE_SALE_EXPIRING_STOCK,"batch BAT033183 (26.0 days to expiry): 7 units expire in 26 days; expected sales before expiry 3.2 (recent demand 0.12/day, 0 units of earlier-expiring stock sell first) -> 3.8 projected unsold",[LOW] 270 days of cover at the recent 0.10 units/day (limit 90): about 14 units above the limit,0.0,0.0,561.77,232.25,794.02,1,405.79
29,CRITICAL,BR002,MED352,Gliclazide 40mg (NovaMed Laboratories),Antidiabetic,17,205.17,0.58,2.875,LOW,NO_REORDER,0,OVERSTOCK,CRITICAL,PRIORITIZE_SALE_EXPIRING_STOCK,"batch BAT032533 (18.0 days to expiry): 5 units expire in 18 days; expected sales before expiry 0.2 (recent demand 0.01/day, 0 units of earlier-expiring stock sell first) -> 4.8 projected unsold",[LOW] 510 days of cover at the recent 0.03 units/day (limit 90): about 9 units above the limit,0.0,0.0,501.49,261.02,762.51,1,405.76
30,CRITICAL,BR001,MED005,Paracetamol 650mg,Antipyretics,1,0.26,22.853,96.804,CRITICAL,ORDER_NOW,94,NORMAL,LOW,ORDER_NOW,"0.3 days of cover: 1 units in stock at expected demand of 3.79 units/day. Stock 1 <= expected demand during the 7-day lead time (26.5): a stockout is expected before a new order could arrive; order up to 94.1 units; suggested order 94 units (stockout history: 2 days in the last 28, out of stock on 7.9% of all days observed; 7-day forecast (22.9) exceeds current stock (1))",,25.5,747.39,0.0,0.0,747.39,1,405.75
31,CRITICAL,BR004,MED005,Paracetamol 650mg,Antipyretics,0,0.0,21.633,88.848,CRITICAL,ORDER_NOW,81,NORMAL,NONE,ORDER_NOW,"Out of stock with expected demand of 3.46 units/day (7-day forecast 21.6 units). Stock 0 <= expected demand during the 7-day lead time (24.2): a stockout is expected before a new order could arrive; order up to 80.8 units; suggested order 81 units (stockout history: 4 days in the last 28, out of stock on 6.2% of all days observed)",,24.25,711.85,0.0,0.0,711.85,1,405.71
32,CRITICAL,BR004,MED108,Azithromycin 500mg (Aarogya Formulations),Antibiotics,0,0.0,3.841,18.325,CRITICAL,ORDER_NOW,21,NORMAL,NONE,ORDER_NOW,"Out of stock with expected demand of 0.82 units/day (7-day forecast 3.8 units). Stock 0 <= expected demand during the 7-day lead time (5.8): a stockout is expected before a new order could arrive; order up to 21.0 units; suggested order 21 units (stockout history: 3 days in the last 28, out of stock on 2.7% of all days observed)",,5.75,711.6,0.0,0.0,711.6,1,405.71
33,CRITICAL,BR001,MED158,Paracetamol Suspension 125mg/5ml (LifeSpring Pharma),Antipyretics,5,2.06,15.124,62.865,CRITICAL,ORDER_NOW,57,NORMAL,LOW,ORDER_NOW,"2.1 days of cover: 5 units in stock at expected demand of 2.43 units/day. Stock 5 <= expected demand during the 7-day lead time (17.0): a stockout is expected before a new order could arrive; order up to 61.6 units; suggested order 57 units (stockout history: 0 days in the last 28, out of stock on 4.0% of all days observed; 7-day forecast (15.1) exceeds current stock (5))",,12.0,627.09,0.0,0.0,627.09,1,405.63
34,CRITICAL,BR001,MED001,Paracetamol 500mg,Analgesics,15,2.69,35.106,155.188,CRITICAL,ORDER_NOW,113,NORMAL,LOW,ORDER_NOW,2.7 days of cover: 15 units in stock at expected demand of 5.57 units/day. Stock 15 <= expected demand during the 7-day lead time (39.0): a stockout is expected before a new order could arrive; order up to 127.3 units; suggested order 113 units (7-day forecast (35.1) exceeds current stock (15)),,24.0,598.29,0.0,0.0,598.29,1,405.6
35,CRITICAL,BR004,MED286,Atorvastatin 20mg (BlueCrest Pharma),Cardiovascular,0,0.0,2.574,15.063,CRITICAL,ORDER_NOW,22,NORMAL,NONE,ORDER_NOW,Out of stock with expected demand of 0.75 units/day (7-day forecast 2.6 units). Stock 0 <= expected demand during the 7-day lead time (5.2): a stockout is expected before a new order could arrive; order up to 21.9 units; suggested order 22 units,,5.25,595.92,0.0,0.0,595.92,1,405.6
36,CRITICAL,BR005,MED352,Gliclazide 40mg (NovaMed Laboratories),Antidiabetic,14,169.26,0.579,3.035,LOW,NO_REORDER,0,OVERSTOCK,CRITICAL,PRIORITIZE_SALE_EXPIRING_STOCK,"batch BAT032533 (18.0 days to expiry): 6 units expire in 18 days; expected sales before expiry 0.6 (recent demand 0.03/day, 0 units of earlier-expiring stock sell first) -> 5.4 projected unsold",[LOW] 420 days of cover at the recent 0.03 units/day (limit 90): about 5 units above the limit,0.0,0.0,278.16,293.65,571.81,1,405.57
37,CRITICAL,BR002,MED362,Glimepiride 1mg (HealthAxis Pharma),Antidiabetic,0,0.0,1.788,11.123,CRITICAL,ORDER_NOW,15,NORMAL,NONE,ORDER_NOW,"Out of stock with expected demand of 0.46 units/day (7-day forecast 1.8 units). Stock 0 <= expected demand during the 7-day lead time (3.2): a stockout is expected before a new order could arrive; order up to 14.2 units; suggested order 15 units (stockout history: 9 days in the last 28, out of stock on 1.9% of all days observed)",,3.25,559.2,0.0,0.0,559.2,1,405.56
38,CRITICAL,BR005,MED239,ORS Powder 21.8g (HealthAxis Pharma),Gastrointestinal,17,2.59,42.279,185.988,CRITICAL,ORDER_NOW,144,NORMAL,LOW,ORDER_NOW,2.6 days of cover: 17 units in stock at expected demand of 6.57 units/day. Stock 17 <= expected demand during the 7-day lead time (46.0): a stockout is expected before a new order could arrive; order up to 160.5 units; suggested order 144 units (7-day forecast (42.3) exceeds current stock (17)),,29.0,543.12,0.0,0.0,543.12,1,405.54
39,CRITICAL,BR002,MED353,Gliclazide 40mg (Stellar Formulations),Antidiabetic,13,102.82,0.885,4.263,LOW,NO_REORDER,0,OVERSTOCK,CRITICAL,PRIORITIZE_SALE_EXPIRING_STOCK,"batch BAT032166 (1.0 days to expiry): 8 units expire in 1 days; expected sales before expiry 0.1 (recent demand 0.11/day, 0 units of earlier-expiring stock sell first) -> 7.9 projected unsold",[LOW] 130 days of cover at the recent 0.10 units/day (limit 90): about 1 units above the limit,0.0,0.0,60.72,467.73,528.45,1,405.53
40,CRITICAL,BR003,MED158,Paracetamol Suspension 125mg/5ml (LifeSpring Pharma),Antipyretics,7,2.93,14.553,64.782,CRITICAL,ORDER_NOW,53,NORMAL,LOW,ORDER_NOW,2.9 days of cover: 7 units in stock at expected demand of 2.39 units/day. Stock 7 <= expected demand during the 7-day lead time (16.8): a stockout is expected before a new order could arrive; order up to 59.1 units; suggested order 53 units (7-day forecast (14.6) exceeds current stock (7)),,9.75,507.84,0.0,0.0,507.84,1,405.51
41,CRITICAL,BR001,MED039,Metoprolol 50mg,Cardiovascular,4,2.43,7.845,40.016,CRITICAL,ORDER_NOW,41,NORMAL,LOW,ORDER_NOW,2.4 days of cover: 4 units in stock at expected demand of 1.64 units/day. Stock 4 <= expected demand during the 7-day lead time (11.5): a stockout is expected before a new order could arrive; order up to 44.2 units; suggested order 41 units (7-day forecast (7.8) exceeds current stock (4)),,7.5,501.92,0.0,0.0,501.92,1,405.5
42,CRITICAL,BR004,MED204,Montelukast + Levocetirizine 10mg/5mg (VitaCure Remedies),Antihistamines,12,33.6,1.874,9.893,LOW,NO_REORDER,0,NORMAL,CRITICAL,PRIORITIZE_SALE_EXPIRING_STOCK,"batch BAT034502 (6.0 days to expiry): 6 units expire in 6 days; expected sales before expiry 1.7 (recent demand 0.29/day, 0 units of earlier-expiring stock sell first) -> 4.3 projected unsold",,0.0,0.0,0.0,486.74,486.74,1,405.49
43,CRITICAL,BR001,MED161,Paracetamol Suspension 125mg/5ml (VitaCure Remedies),Antipyretics,11,151.28,0.509,2.395,LOW,NO_REORDER,0,OVERSTOCK,CRITICAL,PRIORITIZE_SALE_EXPIRING_STOCK,"batch BAT033854 (4.0 days to expiry): 6 units expire in 4 days; expected sales before expiry 0.6 (recent demand 0.14/day, 0 units of earlier-expiring stock sell first) -> 5.4 projected unsold",[LOW] 11 units in stock and no units sold in the last 30 days,0.0,0.0,190.29,261.57,451.86,1,405.45
44,CRITICAL,BR005,MED419,Dextromethorphan Syrup 100ml (TrueLife Remedies),Respiratory,10,70.0,0.809,4.467,LOW,NO_REORDER,0,NORMAL,CRITICAL,PRIORITIZE_SALE_EXPIRING_STOCK,"batch BAT033515 (19.0 days to expiry): 8 units expire in 19 days; expected sales before expiry 2.7 (recent demand 0.14/day, 0 units of earlier-expiring stock sell first) -> 5.3 projected unsold",,0.0,0.0,0.0,397.43,397.43,1,405.4
45,CRITICAL,BR004,MED353,Gliclazide 40mg (Stellar Formulations),Antidiabetic,11,112.9,0.682,3.323,LOW,NO_REORDER,0,OVERSTOCK,CRITICAL,PRIORITIZE_SALE_EXPIRING_STOCK,"batch BAT032166 (1.0 days to expiry): 4 units expire in 1 days; expected sales before expiry 0.0 (recent demand 0.04/day, 0 units of earlier-expiring stock sell first) -> 4.0 projected unsold",[LOW] 330 days of cover at the recent 0.03 units/day (limit 90): about 2 units above the limit,0.0,0.0,125.17,234.52,359.69,1,405.36
46,CRITICAL,BR004,MED147,Mefenamic Acid 500mg (TrueLife Remedies),Antipyretics,9,92.38,0.682,2.905,LOW,NO_REORDER,0,OVERSTOCK,CRITICAL,PRIORITIZE_SALE_EXPIRING_STOCK,"batch BAT033970 (19.0 days to expiry): 9 units expire in 19 days; expected sales before expiry 2.3 (recent demand 0.12/day, 0 units of earlier-expiring stock sell first) -> 6.7 projected unsold",[LOW] 270 days of cover at the recent 0.03 units/day (limit 90): about 1 units above the limit,0.0,0.0,40.24,268.71,308.95,1,405.31
47,CRITICAL,BR005,MED135,Mefenamic Acid 250mg (ApexLife Pharma),Antipyretics,2,1.6,5.632,26.42,CRITICAL,ORDER_NOW,30,NORMAL,LOW,ORDER_NOW,"1.6 days of cover: 2 units in stock at expected demand of 1.25 units/day. Stock 2 <= expected demand during the 7-day lead time (8.8): a stockout is expected before a new order could arrive; order up to 31.7 units; suggested order 30 units (stockout history: 0 days in the last 28, out of stock on 2.6% of all days observed; 7-day forecast (5.6) exceeds current stock (2))",,6.75,312.39,0.0,0.0,312.39,1,405.31
48,CRITICAL,BR001,MED419,Dextromethorphan Syrup 100ml (TrueLife Remedies),Respiratory,0,0.0,1.931,8.77,CRITICAL,ORDER_NOW,12,NORMAL,NONE,ORDER_NOW,Out of stock with expected demand of 0.43 units/day (7-day forecast 1.9 units). Stock 0 <= expected demand during the 7-day lead time (3.0): a stockout is expected before a new order could arrive; order up to 11.1 units; suggested order 12 units (highly variable weekly demand (CV 1.11)),,3.0,303.71,0.0,0.0,303.71,1,405.3
49,CRITICAL,BR001,MED163,Cetirizine 10mg (CureLine Healthcare),Antihistamines,3,1.35,13.37,62.141,CRITICAL,ORDER_NOW,51,NORMAL,LOW,ORDER_NOW,"1.4 days of cover: 3 units in stock at expected demand of 2.21 units/day. Stock 3 <= expected demand during the 7-day lead time (15.5): a stockout is expected before a new order could arrive; order up to 54.0 units; suggested order 51 units (stockout history: 0 days in the last 28, out of stock on 4.0% of all days observed; 7-day forecast (13.4) exceeds current stock (3))",,12.5,294.92,0.0,0.0,294.92,1,405.29
50,CRITICAL,BR004,MED169,Cetirizine 5mg (CarePlus Laboratories),Antihistamines,3,1.42,12.458,58.84,CRITICAL,ORDER_NOW,49,NORMAL,LOW,ORDER_NOW,"1.4 days of cover: 3 units in stock at expected demand of 2.11 units/day. Stock 3 <= expected demand during the 7-day lead time (14.8): a stockout is expected before a new order could arrive; order up to 51.3 units; suggested order 49 units (stockout history: 0 days in the last 28, out of stock on 5.5% of all days observed; 7-day forecast (12.5) exceeds current stock (3))",,11.75,287.24,0.0,0.0,287.24,1,405.29
51,CRITICAL,BR001,MED235,Ondansetron 8mg,Gastrointestinal,12,150.0,0.56,2.876,LOW,NO_REORDER,0,OVERSTOCK,CRITICAL,PRIORITIZE_SALE_EXPIRING_STOCK,"batch BAT032911 (13.0 days to expiry): 4 units expire in 13 days; expected sales before expiry 2.6 (recent demand 0.20/day, 0 units of earlier-expiring stock sell first) -> 1.4 projected unsold",[LOW] 180 days of cover at the recent 0.07 units/day (limit 90): about 4 units above the limit,0.0,0.0,209.53,71.88,281.41,1,405.28
52,CRITICAL,BR003,MED191,Levocetirizine 5mg (BlueCrest Pharma),Antihistamines,1,1.22,3.712,17.145,CRITICAL,ORDER_NOW,22,NORMAL,LOW,ORDER_NOW,1.2 days of cover: 1 units in stock at expected demand of 0.82 units/day. Stock 1 <= expected demand during the 7-day lead time (5.8): a stockout is expected before a new order could arrive; order up to 22.7 units; suggested order 22 units (7-day forecast (3.7) exceeds current stock (1)),,4.75,265.41,0.0,0.0,265.41,1,405.27
53,CRITICAL,BR004,MED191,Levocetirizine 5mg (BlueCrest Pharma),Antihistamines,1,1.22,4.123,19.653,CRITICAL,ORDER_NOW,21,NORMAL,LOW,ORDER_NOW,"1.2 days of cover: 1 units in stock at expected demand of 0.82 units/day. Stock 1 <= expected demand during the 7-day lead time (5.8): a stockout is expected before a new order could arrive; order up to 21.8 units; suggested order 21 units (stockout history: 0 days in the last 28, out of stock on 4.4% of all days observed; 7-day forecast (4.1) exceeds current stock (1))",,4.75,264.61,0.0,0.0,264.61,1,405.26
54,CRITICAL,BR003,MED365,Glimepiride 3mg,Antidiabetic,8,76.5,0.732,4.246,LOW,NO_REORDER,0,OVERSTOCK,CRITICAL,PRIORITIZE_SALE_EXPIRING_STOCK,"batch BAT034344 (14.0 days to expiry): 4 units expire in 14 days; expected sales before expiry 2.5 (recent demand 0.18/day, 0 units of earlier-expiring stock sell first) -> 1.5 projected unsold",[LOW] 120 days of cover at the recent 0.07 units/day (limit 90): about -0 units above the limit,0.0,0.0,-0.0,249.62,249.62,1,405.25
55,CRITICAL,BR005,MED100,Amoxicillin 250mg (TrueLife Remedies),Antibiotics,0,0.0,0.717,4.66,CRITICAL,ORDER_NOW,9,NORMAL,NONE,ORDER_NOW,Out of stock with expected demand of 0.32 units/day (7-day forecast 0.7 units). Stock 0 <= expected demand during the 7-day lead time (2.2): a stockout is expected before a new order could arrive; order up to 8.8 units; suggested order 9 units (highly variable weekly demand (CV 1.17)),,2.25,253.85,0.0,0.0,253.85,1,405.25
56,CRITICAL,BR002,MED251,Pantoprazole 20mg (BlueCrest Pharma),Gastrointestinal,0,0.0,1.526,6.97,CRITICAL,ORDER_NOW,11,NORMAL,NONE,ORDER_NOW,"Out of stock with expected demand of 0.39 units/day (7-day forecast 1.5 units). Stock 0 <= expected demand during the 7-day lead time (2.8): a stockout is expected before a new order could arrive; order up to 10.5 units; suggested order 11 units (stockout history: 4 days in the last 28, out of stock on 1.5% of all days observed; highly variable weekly demand (CV 1.17))",,2.75,237.43,0.0,0.0,237.43,1,405.24
57,CRITICAL,BR004,MED352,Gliclazide 40mg (NovaMed Laboratories),Antidiabetic,15,128.05,0.82,4.191,LOW,NO_REORDER,0,OVERSTOCK,CRITICAL,PRIORITIZE_SALE_EXPIRING_STOCK,"batch BAT032533 (18.0 days to expiry): 2 units expire in 18 days; expected sales before expiry 0.8 (recent demand 0.04/day, 0 units of earlier-expiring stock sell first) -> 1.2 projected unsold",[LOW] 225 days of cover at the recent 0.07 units/day (limit 90): about 3 units above the limit,0.0,0.0,168.94,65.26,234.2,1,405.23
58,CRITICAL,BR004,MED069,Ibuprofen 400mg (HealthAxis Pharma),Analgesics,0,0.0,4.627,22.274,CRITICAL,ORDER_NOW,25,NORMAL,NONE,ORDER_NOW,Out of stock with expected demand of 0.96 units/day (7-day forecast 4.6 units). Stock 0 <= expected demand during the 7-day lead time (6.8): a stockout is expected before a new order could arrive; order up to 24.6 units; suggested order 25 units,,6.75,215.43,0.0,0.0,215.43,1,405.22
59,CRITICAL,BR002,MED077,Ibuprofen 200mg (VitaCure Remedies),Analgesics,10,46.67,0.946,4.206,LOW,NO_REORDER,0,NORMAL,CRITICAL,PRIORITIZE_SALE_EXPIRING_STOCK,"batch BAT034596 (12.0 days to expiry): 9 units expire in 12 days; expected sales before expiry 2.0 (recent demand 0.17/day, 0 units of earlier-expiring stock sell first) -> 7.0 projected unsold",,0.0,0.0,0.0,208.53,208.53,1,405.21
60,CRITICAL,BR005,MED137,Mefenamic Acid 250mg (LifeSpring Pharma),Antipyretics,11,44.0,1.378,6.67,LOW,NO_REORDER,0,NORMAL,CRITICAL,PRIORITIZE_SALE_EXPIRING_STOCK,"batch BAT034112 (4.0 days to expiry): 8 units expire in 4 days; expected sales before expiry 1.6 (recent demand 0.40/day, 0 units of earlier-expiring stock sell first) -> 6.4 projected unsold",,0.0,0.0,0.0,195.58,195.58,1,405.2
61,CRITICAL,BR001,MED077,Ibuprofen 200mg (VitaCure Remedies),Analgesics,11,102.67,0.678,4.199,LOW,NO_REORDER,0,OVERSTOCK,CRITICAL,PRIORITIZE_SALE_EXPIRING_STOCK,"batch BAT034596 (12.0 days to expiry): 9 units expire in 12 days; expected sales before expiry 2.8 (recent demand 0.23/day, 0 units of earlier-expiring stock sell first) -> 6.2 projected unsold",[LOW] 110 days of cover at the recent 0.10 units/day (limit 90): about -0 units above the limit,0.0,0.0,-0.0,184.7,184.7,1,405.18
62,CRITICAL,BR001,MED365,Glimepiride 3mg,Antidiabetic,10,70.0,0.725,3.783,LOW,NO_REORDER,0,NORMAL,CRITICAL,PRIORITIZE_SALE_EXPIRING_STOCK,"batch BAT034344 (14.0 days to expiry): 4 units expire in 14 days; expected sales before expiry 3.0 (recent demand 0.21/day, 0 units of earlier-expiring stock sell first) -> 1.0 projected unsold",,0.0,0.0,0.0,172.53,172.53,1,405.17
63,CRITICAL,BR004,MED172,Cetirizine 5mg (Summit Lifesciences),Antihistamines,15,131.74,0.797,4.38,LOW,NO_REORDER,0,OVERSTOCK,CRITICAL,PRIORITIZE_SALE_EXPIRING_STOCK,"batch BAT034216 (17.0 days to expiry): 9 units expire in 17 days; expected sales before expiry 2.6 (recent demand 0.16/day, 0 units of earlier-expiring stock sell first) -> 6.4 projected unsold",[LOW] 225 days of cover at the recent 0.07 units/day (limit 90): about 2 units above the limit,0.0,0.0,41.72,132.26,173.98,1,405.17
64,CRITICAL,BR005,MED172,Cetirizine 5mg (Summit Lifesciences),Antihistamines,17,153.95,0.773,4.622,LOW,NO_REORDER,0,OVERSTOCK,CRITICAL,PRIORITIZE_SALE_EXPIRING_STOCK,"batch BAT034216 (17.0 days to expiry): 6 units expire in 17 days; expected sales before expiry 1.7 (recent demand 0.10/day, 0 units of earlier-expiring stock sell first) -> 4.3 projected unsold",[LOW] 510 days of cover at the recent 0.03 units/day (limit 90): about 4 units above the limit,0.0,0.0,82.2,89.48,171.68,1,405.17
65,CRITICAL,BR005,MED468,Vitamin C Chewable 1000mg (CarePlus Laboratories),Vitamins,2,1.81,5.494,26.91,CRITICAL,ORDER_NOW,28,NORMAL,LOW,ORDER_NOW,1.8 days of cover: 2 units in stock at expected demand of 1.11 units/day. Stock 2 <= expected demand during the 7-day lead time (7.8): a stockout is expected before a new order could arrive; order up to 29.6 units; suggested order 28 units (7-day forecast (5.5) exceeds current stock (2)),,5.75,167.7,0.0,0.0,167.7,1,405.17
66,CRITICAL,BR001,MED141,Mefenamic Acid 500mg (HealthAxis Pharma),Antipyretics,13,91.0,0.858,4.005,LOW,NO_REORDER,0,OVERSTOCK,CRITICAL,PRIORITIZE_SALE_EXPIRING_STOCK,"batch BAT034819 (12.0 days to expiry): 6 units expire in 12 days; expected sales before expiry 2.3 (recent demand 0.19/day, 0 units of earlier-expiring stock sell first) -> 3.7 projected unsold",[LOW] 98 days of cover at the recent 0.13 units/day (limit 90): about 1 units above the limit,0.0,0.0,33.73,123.8,157.53,1,405.16
67,CRITICAL,BR003,MED251,Pantoprazole 20mg (BlueCrest Pharma),Gastrointestinal,0,0.0,0.981,4.757,CRITICAL,ORDER_NOW,8,NORMAL,NONE,ORDER_NOW,"Out of stock with expected demand of 0.21 units/day (7-day forecast 1.0 units). Stock 0 <= expected demand during the 7-day lead time (1.5): a stockout is expected before a new order could arrive; order up to 7.1 units; suggested order 8 units (stockout history: 10 days in the last 28, out of stock on 1.4% of all days observed)",,1.5,127.89,0.0,0.0,127.89,1,405.13
68,CRITICAL,BR004,MED141,Mefenamic Acid 500mg (HealthAxis Pharma),Antipyretics,9,84.0,0.622,2.623,LOW,NO_REORDER,0,NORMAL,CRITICAL,PRIORITIZE_SALE_EXPIRING_STOCK,"batch BAT034819 (12.0 days to expiry): 7 units expire in 12 days; expected sales before expiry 3.1 (recent demand 0.26/day, 0 units of earlier-expiring stock sell first) -> 3.9 projected unsold",,0.0,0.0,0.0,130.43,130.43,1,405.13
69,CRITICAL,BR003,MED077,Ibuprofen 200mg (VitaCure Remedies),Analgesics,20,93.33,1.101,5.591,LOW,NO_REORDER,0,OVERSTOCK,CRITICAL,PRIORITIZE_SALE_EXPIRING_STOCK,"batch BAT034596 (12.0 days to expiry): 3 units expire in 12 days; expected sales before expiry 1.2 (recent demand 0.10/day, 0 units of earlier-expiring stock sell first) -> 1.8 projected unsold",[LOW] 100 days of cover at the recent 0.20 units/day (limit 90): about 2 units above the limit,0.0,0.0,63.88,53.62,117.5,1,405.12
70,CRITICAL,BR004,MED221,Omeprazole 40mg,Gastrointestinal,0,0.0,0.695,4.028,CRITICAL,ORDER_NOW,8,NORMAL,NONE,ORDER_NOW,"Out of stock with expected demand of 0.25 units/day (7-day forecast 0.7 units). Stock 0 <= expected demand during the 7-day lead time (1.8): a stockout is expected before a new order could arrive; order up to 7.5 units; suggested order 8 units (stockout history: 3 days in the last 28, out of stock on 2.3% of all days observed; highly variable weekly demand (CV 1.16))",,1.75,96.18,0.0,0.0,96.18,1,405.1
71,CRITICAL,BR004,MED263,Amlodipine 2.5mg (Stellar Formulations),Cardiovascular,1,2.15,1.244,6.787,CRITICAL,ORDER_NOW,15,NORMAL,LOW,ORDER_NOW,2.2 days of cover: 1 units in stock at expected demand of 0.46 units/day. Stock 1 <= expected demand during the 7-day lead time (3.2): a stockout is expected before a new order could arrive; order up to 15.4 units; suggested order 15 units (7-day forecast (1.2) exceeds current stock (1); highly variable weekly demand (CV 1.00)),,2.25,95.66,0.0,0.0,95.66,1,405.1
72,CRITICAL,BR001,MED147,Mefenamic Acid 500mg (TrueLife Remedies),Antipyretics,8,74.67,0.743,3.451,LOW,NO_REORDER,0,NORMAL,CRITICAL,PRIORITIZE_SALE_EXPIRING_STOCK,"batch BAT033970 (19.0 days to expiry): 4 units expire in 19 days; expected sales before expiry 1.9 (recent demand 0.10/day, 0 units of earlier-expiring stock sell first) -> 2.1 projected unsold",,0.0,0.0,0.0,84.5,84.5,1,405.08
73,CRITICAL,BR004,MED090,Paracetamol 500mg (CarePlus Laboratories),Analgesics,0,0.0,2.058,10.981,CRITICAL,ORDER_NOW,12,NORMAL,NONE,ORDER_NOW,"Out of stock with expected demand of 0.46 units/day (7-day forecast 2.1 units). Stock 0 <= expected demand during the 7-day lead time (3.2): a stockout is expected before a new order could arrive; order up to 12.0 units; suggested order 12 units (stockout history: 3 days in the last 28, out of stock on 1.1% of all days observed)",,3.25,84.91,0.0,0.0,84.91,1,405.08
74,CRITICAL,BR004,MED171,Cetirizine 5mg (Stellar Formulations),Antihistamines,2,2.67,3.143,16.391,CRITICAL,ORDER_NOW,18,NORMAL,LOW,ORDER_NOW,2.7 days of cover: 2 units in stock at expected demand of 0.75 units/day. Stock 2 <= expected demand during the 7-day lead time (5.2): a stockout is expected before a new order could arrive; order up to 19.6 units; suggested order 18 units (7-day forecast (3.1) exceeds current stock (2)),,3.25,75.24,0.0,0.0,75.24,1,405.08
75,CRITICAL,BR002,MED147,Mefenamic Acid 500mg (TrueLife Remedies),Antipyretics,4,56.0,0.384,1.898,LOW,NO_REORDER,0,NORMAL,CRITICAL,PRIORITIZE_SALE_EXPIRING_STOCK,"batch BAT033970 (19.0 days to expiry): 3 units expire in 19 days; expected sales before expiry 1.3 (recent demand 0.07/day, 0 units of earlier-expiring stock sell first) -> 1.7 projected unsold",,0.0,0.0,0.0,69.75,69.75,1,405.07
76,CRITICAL,BR001,MED171,Cetirizine 5mg (Stellar Formulations),Antihistamines,17,33.41,3.562,16.108,LOW,NO_REORDER,0,NORMAL,CRITICAL,PRIORITIZE_SALE_EXPIRING_STOCK,"batch BAT034629 (10.0 days to expiry): 9 units expire in 10 days; expected sales before expiry 5.8 (recent demand 0.58/day, 0 units of earlier-expiring stock sell first) -> 3.2 projected unsold",,0.0,0.0,0.0,57.19,57.19,1,405.06
77,CRITICAL,BR003,MED090,Paracetamol 500mg (CarePlus Laboratories),Analgesics,1,2.15,1.206,7.785,CRITICAL,ORDER_NOW,14,NORMAL,LOW,ORDER_NOW,2.2 days of cover: 1 units in stock at expected demand of 0.46 units/day. Stock 1 <= expected demand during the 7-day lead time (3.2): a stockout is expected before a new order could arrive; order up to 14.8 units; suggested order 14 units (7-day forecast (1.2) exceeds current stock (1)),,2.25,58.65,0.0,0.0,58.65,1,405.06
78,CRITICAL,BR005,MED141,Mefenamic Acid 500mg (HealthAxis Pharma),Antipyretics,11,34.22,1.881,8.247,LOW,NO_REORDER,0,NORMAL,CRITICAL,PRIORITIZE_SALE_EXPIRING_STOCK,"batch BAT034819 (12.0 days to expiry): 4 units expire in 12 days; expected sales before expiry 2.8 (recent demand 0.23/day, 0 units of earlier-expiring stock sell first) -> 1.2 projected unsold",,0.0,0.0,0.0,39.79,39.79,1,405.04
79,CRITICAL,BR002,MED279,Aspirin 150mg (Summit Lifesciences),Cardiovascular,1,2.8,0.505,3.409,CRITICAL,ORDER_NOW,10,NORMAL,LOW,ORDER_NOW,2.8 days of cover: 1 units in stock at expected demand of 0.36 units/day. Stock 1 <= expected demand during the 7-day lead time (2.5): a stockout is expected before a new order could arrive; order up to 10.4 units; suggested order 10 units (highly variable weekly demand (CV 1.15)),,1.5,15.23,0.0,0.0,15.23,1,405.02
80,HIGH,BR005,MED325,Rosuvastatin 20mg (Summit Lifesciences),Cardiovascular,32,245.88,0.911,5.135,LOW,NO_REORDER,0,OVERSTOCK,HIGH,PRIORITIZE_SALE_EXPIRING_STOCK,"batch BAT035455 (79.0 days to expiry): 7 units expire in 79 days; expected sales before expiry 5.3 (recent demand 0.07/day, 0 units of earlier-expiring stock sell first) -> 1.7 projected unsold",[MEDIUM] 480 days of cover at the recent 0.07 units/day (limit 90): about 17 units above the limit,0.0,0.0,3385.09,437.82,3822.91,2,313.82
81,HIGH,BR005,MED381,Glimepiride + Metformin 1mg/500mg (Zenith BioPharma),Antidiabetic,39,3.83,63.298,264.481,HIGH,ORDER_NOW,204,NORMAL,LOW,ORDER_NOW,"3.8 days of cover: 39 units in stock at expected demand of 10.18 units/day. Stock 39 <= expected demand during the 7-day lead time (71.2): a stockout is expected before a new order could arrive; order up to 242.2 units; suggested order 204 units (stockout history: 1 days in the last 28, out of stock on 5.1% of all days observed; 7-day forecast (63.3) exceeds current stock (39))",,32.25,5323.49,0.0,0.0,5323.49,1,310.32
82,HIGH,BR001,MED059,Diclofenac 50mg (Aarogya Formulations),Analgesics,9,84.0,0.66,3.789,MEDIUM,NO_REORDER,0,NORMAL,HIGH,PRIORITIZE_SALE_EXPIRING_STOCK,"batch BAT034548 (69.0 days to expiry): 9 units expire in 69 days; expected sales before expiry 6.9 (recent demand 0.10/day, 0 units of earlier-expiring stock sell first) -> 2.1 projected unsold",[MEDIUM] 84.0 days of cover: 9 units in stock at expected demand of 0.11 units/day (escalated from LOW because of stockout history (5 days in the last 28; out of stock on 1.8% of all days observed); highly variable weekly demand (CV 1.39)),0.0,0.0,0.0,58.69,58.69,2,310.06
83,HIGH,BR005,MED161,Paracetamol Suspension 125mg/5ml (VitaCure Remedies),Antipyretics,3,7.64,1.49,8.36,HIGH,REORDER_SOON,9,NORMAL,MEDIUM,REORDER_SOON,7.6 days of cover: 3 units in stock at expected demand of 0.39 units/day. Stock 3 is below the reorder point 5.6 (lead-time demand 2.8 + safety stock 2.9); stock may not cover the lead time at the upper forecast (4.9 units); suggested order 9 units (escalated from MEDIUM because of only 4.3 days of cover at the upper forecast),"[MEDIUM] batch BAT033854 (4.0 days to expiry): 2 units expire in 4 days; expected sales before expiry 1.4 (recent demand 0.34/day, 0 units of earlier-expiring stock sell first) -> 0.6 projected unsold",0.0,0.0,0.0,30.02,30.02,2,310.03
84,HIGH,BR005,MED319,Rosuvastatin 5mg (NovaMed Laboratories),Cardiovascular,34,4.25,53.71,220.672,HIGH,ORDER_NOW,159,NORMAL,LOW,ORDER_NOW,"4.2 days of cover: 34 units in stock at expected demand of 8.00 units/day. Stock 34 <= expected demand during the 7-day lead time (56.0): a stockout is expected before a new order could arrive; order up to 193.0 units; suggested order 159 units (stockout history: 0 days in the last 28, out of stock on 5.2% of all days observed; 7-day forecast (53.7) exceeds current stock (34))",,22.0,4679.31,0.0,0.0,4679.31,1,309.68
85,HIGH,BR004,MED326,Rosuvastatin 20mg (VitaCure Remedies),Cardiovascular,20,3.59,35.686,154.988,HIGH,ORDER_NOW,118,NORMAL,LOW,ORDER_NOW,"3.6 days of cover: 20 units in stock at expected demand of 5.57 units/day. Stock 20 <= expected demand during the 7-day lead time (39.0): a stockout is expected before a new order could arrive; order up to 137.6 units; suggested order 118 units (stockout history: 0 days in the last 28, out of stock on 4.7% of all days observed; 7-day forecast (35.7) exceeds current stock (20))",,19.0,4498.68,0.0,0.0,4498.68,1,309.5
86,HIGH,BR003,MED326,Rosuvastatin 20mg (VitaCure Remedies),Cardiovascular,44,5.13,58.218,252.931,HIGH,ORDER_NOW,153,NORMAL,LOW,ORDER_NOW,5.1 days of cover: 44 units in stock at expected demand of 8.57 units/day. Stock 44 <= expected demand during the 7-day lead time (60.0): a stockout is expected before a new order could arrive; order up to 196.8 units; suggested order 153 units (7-day forecast (58.2) exceeds current stock (44)),,16.0,3770.92,0.0,0.0,3770.92,1,308.77
87,HIGH,BR001,MED117,Azithromycin 250mg (LifeSpring Pharma),Antibiotics,24,3.86,40.382,177.669,HIGH,ORDER_NOW,122,NORMAL,LOW,ORDER_NOW,3.9 days of cover: 24 units in stock at expected demand of 6.21 units/day. Stock 24 <= expected demand during the 7-day lead time (43.5): a stockout is expected before a new order could arrive; order up to 145.8 units; suggested order 122 units (7-day forecast (40.4) exceeds current stock (24)),,19.5,2880.23,0.0,0.0,2880.23,1,307.88
88,HIGH,BR001,MED325,Rosuvastatin 20mg (Summit Lifesciences),Cardiovascular,14,177.54,0.552,2.393,LOW,NO_REORDER,0,OVERSTOCK,HIGH,PRIORITIZE_SALE_EXPIRING_STOCK,"batch BAT035455 (79.0 days to expiry): 7 units expire in 79 days; expected sales before expiry 0.0 (recent demand 0.00/day, 0 units of earlier-expiring stock sell first) -> 7.0 projected unsold",[LOW] 14 units in stock and no units sold in the last 30 days,0.0,0.0,1376.86,1407.91,2784.77,1,307.78
89,HIGH,BR001,MED399,Sitagliptin 50mg (BlueCrest Pharma),Antidiabetic,11,4.74,13.931,58.728,HIGH,ORDER_NOW,51,NORMAL,LOW,ORDER_NOW,4.7 days of cover: 11 units in stock at expected demand of 2.32 units/day. Stock 11 <= expected demand during the 7-day lead time (16.2): a stockout is expected before a new order could arrive; order up to 61.7 units; suggested order 51 units (7-day forecast (13.9) exceeds current stock (11)),,5.25,2389.13,0.0,0.0,2389.13,1,307.39
90,HIGH,BR001,MED104,Amoxicillin + Clavulanic Acid 375mg,Antibiotics,12,4.87,14.23,67.237,HIGH,ORDER_NOW,51,NORMAL,LOW,ORDER_NOW,"4.9 days of cover: 12 units in stock at expected demand of 2.46 units/day. Stock 12 <= expected demand during the 7-day lead time (17.2): a stockout is expected before a new order could arrive; order up to 62.8 units; suggested order 51 units (stockout history: 1 days in the last 28, out of stock on 2.7% of all days observed; 7-day forecast (14.2) exceeds current stock (12))",,5.25,1277.51,0.0,0.0,1277.51,1,306.28
91,HIGH,BR004,MED269,Amlodipine 10mg (Stellar Formulations),Cardiovascular,38,4.05,58.139,256.607,HIGH,ORDER_NOW,183,NORMAL,LOW,ORDER_NOW,4.0 days of cover: 38 units in stock at expected demand of 9.39 units/day. Stock 38 <= expected demand during the 7-day lead time (65.8): a stockout is expected before a new order could arrive; order up to 220.8 units; suggested order 183 units (7-day forecast (58.1) exceeds current stock (38)),,27.75,1228.4,0.0,0.0,1228.4,1,306.23
92,HIGH,BR004,MED423,Montelukast 10mg (Summit Lifesciences),Respiratory,9,114.55,0.55,2.863,LOW,NO_REORDER,0,OVERSTOCK,HIGH,PRIORITIZE_SALE_EXPIRING_STOCK,"batch BAT033080 (32.0 days to expiry): 9 units expire in 32 days; expected sales before expiry 2.1 (recent demand 0.07/day, 0 units of earlier-expiring stock sell first) -> 6.9 projected unsold",[LOW] 135 days of cover at the recent 0.07 units/day (limit 90): about 1 units above the limit,0.0,0.0,148.28,1018.19,1166.47,1,306.17
93,HIGH,BR004,MED325,Rosuvastatin 20mg (Summit Lifesciences),Cardiovascular,11,115.27,0.668,3.074,LOW,NO_REORDER,0,OVERSTOCK,HIGH,PRIORITIZE_SALE_EXPIRING_STOCK,"batch BAT035455 (79.0 days to expiry): 9 units expire in 79 days; expected sales before expiry 5.3 (recent demand 0.07/day, 0 units of earlier-expiring stock sell first) -> 3.7 projected unsold",[LOW] 165 days of cover at the recent 0.07 units/day (limit 90): about 2 units above the limit,0.0,0.0,399.03,750.89,1149.92,1,306.15
94,HIGH,BR002,MED117,Azithromycin 250mg (LifeSpring Pharma),Antibiotics,24,5.42,29.261,122.994,HIGH,ORDER_NOW,81,NORMAL,LOW,ORDER_NOW,5.4 days of cover: 24 units in stock at expected demand of 4.43 units/day. Stock 24 <= expected demand during the 7-day lead time (31.0): a stockout is expected before a new order could arrive; order up to 104.5 units; suggested order 81 units (7-day forecast (29.3) exceeds current stock (24)),,7.0,1034.41,0.0,0.0,1034.41,1,306.03
95,HIGH,BR004,MED303,Losartan 25mg (NovaMed Laboratories),Cardiovascular,18,180.26,0.699,3.785,LOW,NO_REORDER,0,OVERSTOCK,HIGH,PRIORITIZE_SALE_EXPIRING_STOCK,"batch BAT028267 (36.0 days to expiry): 8 units expire in 36 days; expected sales before expiry 4.0 (recent demand 0.11/day, 0 units of earlier-expiring stock sell first) -> 4.0 projected unsold",[LOW] 180 days of cover at the recent 0.10 units/day (limit 90): about 7 units above the limit,0.0,0.0,524.51,294.64,819.15,1,305.82
96,HIGH,BR002,MED383,Metformin 500mg (Stellar Formulations),Antidiabetic,29,3.79,48.588,213.816,HIGH,ORDER_NOW,149,NORMAL,LOW,ORDER_NOW,3.8 days of cover: 29 units in stock at expected demand of 7.64 units/day. Stock 29 <= expected demand during the 7-day lead time (53.5): a stockout is expected before a new order could arrive; order up to 177.7 units; suggested order 149 units (7-day forecast (48.6) exceeds current stock (29)),,24.5,803.9,0.0,0.0,803.9,1,305.8
97,HIGH,BR005,MED459,Multivitamin B-complex+C (Summit Lifesciences),Vitamins,32,4.59,44.185,192.036,HIGH,ORDER_NOW,135,NORMAL,LOW,ORDER_NOW,4.6 days of cover: 32 units in stock at expected demand of 6.96 units/day. Stock 32 <= expected demand during the 7-day lead time (48.8): a stockout is expected before a new order could arrive; order up to 166.3 units; suggested order 135 units (7-day forecast (44.2) exceeds current stock (32)),,16.75,729.33,0.0,0.0,729.33,1,305.73
98,HIGH,BR004,MED186,Fexofenadine 180mg,Antihistamines,4,3.86,4.323,22.019,HIGH,ORDER_NOW,23,NORMAL,LOW,ORDER_NOW,"3.9 days of cover: 4 units in stock at expected demand of 1.04 units/day. Stock 4 <= expected demand during the 7-day lead time (7.3): a stockout is expected before a new order could arrive; order up to 26.3 units; suggested order 23 units (stockout history: 1 days in the last 28, out of stock on 6.0% of all days observed; 7-day forecast (4.3) exceeds current stock (4))",,3.25,715.21,0.0,0.0,715.21,1,305.72
99,HIGH,BR002,MED113,Azithromycin 250mg (BlueCrest Pharma),Antibiotics,25,5.74,29.403,131.297,HIGH,ORDER_NOW,80,NORMAL,LOW,ORDER_NOW,"5.7 days of cover: 25 units in stock at expected demand of 4.36 units/day. Stock 25 <= expected demand during the 7-day lead time (30.5): a stockout is expected before a new order could arrive; order up to 104.3 units; suggested order 80 units (stockout history: 5 days in the last 28, out of stock on 1.5% of all days observed; 7-day forecast (29.4) exceeds current stock (25))",,5.5,705.41,0.0,0.0,705.41,1,305.71
100,HIGH,BR005,MED173,Cetirizine 5mg (TrueLife Remedies),Antihistamines,27,3.48,49.924,228.098,HIGH,ORDER_NOW,151,NORMAL,LOW,ORDER_NOW,3.5 days of cover: 27 units in stock at expected demand of 7.75 units/day. Stock 27 <= expected demand during the 7-day lead time (54.2): a stockout is expected before a new order could arrive; order up to 177.9 units; suggested order 151 units (7-day forecast (49.9) exceeds current stock (27)),,27.25,630.8,0.0,0.0,630.8,1,305.63
101,HIGH,BR002,MED015,Ambroxol + Levosalbutamol Syrup 100ml,Respiratory,9,4.42,13.152,55.697,HIGH,ORDER_NOW,42,NORMAL,LOW,ORDER_NOW,4.4 days of cover: 9 units in stock at expected demand of 2.04 units/day. Stock 9 <= expected demand during the 7-day lead time (14.2): a stockout is expected before a new order could arrive; order up to 50.5 units; suggested order 42 units (7-day forecast (13.2) exceeds current stock (9)),,5.25,614.65,0.0,0.0,614.65,1,305.61
102,HIGH,BR003,MED411,Ambroxol + Levosalbutamol Syrup 60ml (NovaMed Laboratories),Respiratory,5,3.68,6.842,33.335,HIGH,ORDER_NOW,30,NORMAL,LOW,ORDER_NOW,3.7 days of cover: 5 units in stock at expected demand of 1.36 units/day. Stock 5 <= expected demand during the 7-day lead time (9.5): a stockout is expected before a new order could arrive; order up to 34.3 units; suggested order 30 units (7-day forecast (6.8) exceeds current stock (5)),,4.5,605.15,0.0,0.0,605.15,1,305.61
103,HIGH,BR004,MED301,Losartan 25mg (CarePlus Laboratories),Cardiovascular,41,6.14,43.348,201.498,HIGH,ORDER_NOW,121,NORMAL,LOW,ORDER_NOW,"6.1 days of cover: 41 units in stock at expected demand of 6.68 units/day. Stock 41 <= expected demand during the 7-day lead time (46.8): a stockout is expected before a new order could arrive; order up to 161.6 units; suggested order 121 units (stockout history: 0 days in the last 28, out of stock on 3.2% of all days observed; 7-day forecast (43.3) exceeds current stock (41))",,5.75,585.16,0.0,0.0,585.16,1,305.59
104,HIGH,BR003,MED431,Salbutamol Inhaler 100mcg (ApexLife Pharma),Respiratory,3,3.23,5.032,23.562,HIGH,ORDER_NOW,23,NORMAL,LOW,ORDER_NOW,"3.2 days of cover: 3 units in stock at expected demand of 0.93 units/day. Stock 3 <= expected demand during the 7-day lead time (6.5): a stockout is expected before a new order could arrive; order up to 25.0 units; suggested order 23 units (stockout history: 0 days in the last 28, out of stock on 3.2% of all days observed; 7-day forecast (5.0) exceeds current stock (3))",,3.5,576.68,0.0,0.0,576.68,1,305.58
105,HIGH,BR005,MED341,Telmisartan 80mg (Stellar Formulations),Cardiovascular,3,3.36,4.382,23.036,HIGH,ORDER_NOW,23,NORMAL,LOW,ORDER_NOW,3.4 days of cover: 3 units in stock at expected demand of 0.89 units/day. Stock 3 <= expected demand during the 7-day lead time (6.2): a stockout is expected before a new order could arrive; order up to 25.9 units; suggested order 23 units (7-day forecast (4.4) exceeds current stock (3)),,3.25,584.53,0.0,0.0,584.53,1,305.58
106,HIGH,BR005,MED110,Azithromycin 500mg (VitaCure Remedies),Antibiotics,10,112.0,0.625,2.714,LOW,NO_REORDER,0,OVERSTOCK,HIGH,PRIORITIZE_SALE_EXPIRING_STOCK,"batch BAT032791 (57.0 days to expiry): 8 units expire in 57 days; expected sales before expiry 3.8 (recent demand 0.07/day, 0 units of earlier-expiring stock sell first) -> 4.2 projected unsold",[LOW] 150 days of cover at the recent 0.07 units/day (limit 90): about 2 units above the limit,0.0,0.0,174.97,367.46,542.43,1,305.54
107,HIGH,BR003,MED153,Paracetamol Suspension 250mg/5ml (BlueCrest Pharma),Antipyretics,10,177.66,0.394,1.701,LOW,NO_REORDER,0,OVERSTOCK,HIGH,PRIORITIZE_SALE_EXPIRING_STOCK,"batch BAT030568 (33.0 days to expiry): 9 units expire in 33 days; expected sales before expiry 1.1 (recent demand 0.03/day, 0 units of earlier-expiring stock sell first) -> 7.9 projected unsold",[LOW] 10 units in stock and no units sold in the last 30 days,0.0,0.0,183.15,326.07,509.22,1,305.51
108,HIGH,BR003,MED466,Vitamin C Chewable 1000mg (ApexLife Pharma),Vitamins,19,3.88,31.817,143.324,HIGH,ORDER_NOW,99,NORMAL,LOW,ORDER_NOW,3.9 days of cover: 19 units in stock at expected demand of 4.89 units/day. Stock 19 <= expected demand during the 7-day lead time (34.2): a stockout is expected before a new order could arrive; order up to 117.7 units; suggested order 99 units (7-day forecast (31.8) exceeds current stock (19)),,15.25,483.31,0.0,0.0,483.31,1,305.48
109,HIGH,BR004,MED380,Glimepiride + Metformin 1mg/500mg (VitaCure Remedies),Antidiabetic,7,5.16,6.36,32.745,HIGH,ORDER_NOW,29,NORMAL,LOW,ORDER_NOW,5.2 days of cover: 7 units in stock at expected demand of 1.36 units/day. Stock 7 <= expected demand during the 7-day lead time (9.5): a stockout is expected before a new order could arrive; order up to 35.0 units; suggested order 29 units,,2.5,446.5,0.0,0.0,446.5,1,305.45
110,HIGH,BR002,MED082,Naproxen 250mg (CureLine Healthcare),Analgesics,10,4.44,11.945,57.735,HIGH,ORDER_NOW,45,NORMAL,LOW,ORDER_NOW,"4.4 days of cover: 10 units in stock at expected demand of 2.25 units/day. Stock 10 <= expected demand during the 7-day lead time (15.8): a stockout is expected before a new order could arrive; order up to 54.9 units; suggested order 45 units (stockout history: 1 days in the last 28, out of stock on 3.3% of all days observed; 7-day forecast (11.9) exceeds current stock (10))",,5.75,439.87,0.0,0.0,439.87,1,305.44
111,HIGH,BR003,MED392,Metformin 1000mg (LifeSpring Pharma),Antidiabetic,19,4.75,24.457,110.427,HIGH,ORDER_NOW,80,NORMAL,LOW,ORDER_NOW,4.8 days of cover: 19 units in stock at expected demand of 4.00 units/day. Stock 19 <= expected demand during the 7-day lead time (28.0): a stockout is expected before a new order could arrive; order up to 98.3 units; suggested order 80 units (7-day forecast (24.5) exceeds current stock (19)),,9.0,417.18,0.0,0.0,417.18,1,305.42
112,HIGH,BR004,MED033,Omeprazole 20mg,Gastrointestinal,25,5.34,30.526,130.501,HIGH,ORDER_NOW,93,NORMAL,LOW,ORDER_NOW,5.3 days of cover: 25 units in stock at expected demand of 4.68 units/day. Stock 25 <= expected demand during the 7-day lead time (32.8): a stockout is expected before a new order could arrive; order up to 117.8 units; suggested order 93 units (7-day forecast (30.5) exceeds current stock (25)),,7.75,403.76,0.0,0.0,403.76,1,305.4
113,HIGH,BR003,MED362,Glimepiride 1mg (HealthAxis Pharma),Antidiabetic,4,4.48,3.629,19.83,HIGH,ORDER_NOW,21,NORMAL,LOW,ORDER_NOW,"4.5 days of cover: 4 units in stock at expected demand of 0.89 units/day. Stock 4 <= expected demand during the 7-day lead time (6.2): a stockout is expected before a new order could arrive; order up to 24.8 units; suggested order 21 units (stockout history: 0 days in the last 28, out of stock on 3.2% of all days observed)",,2.25,393.17,0.0,0.0,393.17,1,305.39
114,HIGH,BR005,MED040,Rosuvastatin 10mg,Cardiovascular,10,5.71,8.675,41.215,HIGH,ORDER_NOW,36,NORMAL,LOW,ORDER_NOW,"5.7 days of cover: 10 units in stock at expected demand of 1.75 units/day. Stock 10 <= expected demand during the 7-day lead time (12.2): a stockout is expected before a new order could arrive; order up to 45.0 units; suggested order 36 units (stockout history: 0 days in the last 28, out of stock on 2.9% of all days observed)",,2.25,367.29,0.0,0.0,367.29,1,305.37
115,HIGH,BR001,MED477,Vitamin D3 1000IU (Summit Lifesciences),Vitamins,2,3.5,2.162,12.97,HIGH,ORDER_NOW,14,NORMAL,LOW,ORDER_NOW,3.5 days of cover: 2 units in stock at expected demand of 0.57 units/day. Stock 2 <= expected demand during the 7-day lead time (4.0): a stockout is expected before a new order could arrive; order up to 15.8 units; suggested order 14 units (7-day forecast (2.2) exceeds current stock (2); highly variable weekly demand (CV 1.31)),,2.0,359.68,0.0,0.0,359.68,1,305.36
116,HIGH,BR002,MED024,Cefixime 200mg,Antibiotics,4,3.86,4.465,21.669,HIGH,ORDER_NOW,24,NORMAL,LOW,ORDER_NOW,3.9 days of cover: 4 units in stock at expected demand of 1.04 units/day. Stock 4 <= expected demand during the 7-day lead time (7.3): a stockout is expected before a new order could arrive; order up to 27.9 units; suggested order 24 units (7-day forecast (4.5) exceeds current stock (4)),,3.25,352.68,0.0,0.0,352.68,1,305.35
117,HIGH,BR003,MED155,Paracetamol Suspension 250mg/5ml (CureLine Healthcare),Antipyretics,7,3.38,11.222,47.445,HIGH,ORDER_NOW,42,NORMAL,LOW,ORDER_NOW,"3.4 days of cover: 7 units in stock at expected demand of 2.07 units/day. Stock 7 <= expected demand during the 7-day lead time (14.5): a stockout is expected before a new order could arrive; order up to 48.4 units; suggested order 42 units (stockout history: 1 days in the last 28, out of stock on 2.9% of all days observed; 7-day forecast (11.2) exceeds current stock (7))",,7.5,338.19,0.0,0.0,338.19,1,305.34
118,HIGH,BR005,MED448,Calcium + Vitamin D3 500mg/250IU (TrueLife Remedies),Vitamins,9,5.25,8.722,40.693,HIGH,ORDER_NOW,34,NORMAL,LOW,ORDER_NOW,"5.2 days of cover: 9 units in stock at expected demand of 1.71 units/day. Stock 9 <= expected demand during the 7-day lead time (12.0): a stockout is expected before a new order could arrive; order up to 42.9 units; suggested order 34 units (stockout history: 0 days in the last 28, out of stock on 2.6% of all days observed)",,3.0,327.87,0.0,0.0,327.87,1,305.33
119,HIGH,BR001,MED239,ORS Powder 21.8g (HealthAxis Pharma),Gastrointestinal,29,4.49,42.002,176.893,HIGH,ORDER_NOW,127,NORMAL,MEDIUM,ORDER_NOW,4.5 days of cover: 29 units in stock at expected demand of 6.46 units/day. Stock 29 <= expected demand during the 7-day lead time (45.2): a stockout is expected before a new order could arrive; order up to 155.6 units; suggested order 127 units (7-day forecast (42.0) exceeds current stock (29)),,16.25,303.85,0.0,0.0,303.85,1,305.3
120,HIGH,BR001,MED408,Ambroxol + Levosalbutamol Syrup 100ml (Summit Lifesciences),Respiratory,2,3.11,2.813,13.363,HIGH,ORDER_NOW,16,NORMAL,LOW,ORDER_NOW,3.1 days of cover: 2 units in stock at expected demand of 0.64 units/day. Stock 2 <= expected demand during the 7-day lead time (4.5): a stockout is expected before a new order could arrive; order up to 17.2 units; suggested order 16 units (7-day forecast (2.8) exceeds current stock (2); highly variable weekly demand (CV 1.00)),,2.5,300.37,0.0,0.0,300.37,1,305.3
121,HIGH,BR003,MED031,Montelukast + Levocetirizine 10mg/5mg,Antihistamines,14,6.32,13.408,67.152,HIGH,ORDER_NOW,42,NORMAL,LOW,ORDER_NOW,6.3 days of cover: 14 units in stock at expected demand of 2.21 units/day. Stock 14 <= expected demand during the 7-day lead time (15.5): a stockout is expected before a new order could arrive; order up to 55.4 units; suggested order 42 units,,1.5,290.98,0.0,0.0,290.98,1,305.29
122,HIGH,BR003,MED245,Pantoprazole 40mg (BlueCrest Pharma),Gastrointestinal,3,3.36,4.576,20.848,HIGH,ORDER_NOW,23,NORMAL,LOW,ORDER_NOW,3.4 days of cover: 3 units in stock at expected demand of 0.89 units/day. Stock 3 <= expected demand during the 7-day lead time (6.2): a stockout is expected before a new order could arrive; order up to 25.2 units; suggested order 23 units (7-day forecast (4.6) exceeds current stock (3)),,3.25,270.12,0.0,0.0,270.12,1,305.27
123,HIGH,BR005,MED206,Domperidone 10mg (CarePlus Laboratories),Gastrointestinal,6,3.65,7.39,33.839,HIGH,ORDER_NOW,37,NORMAL,LOW,ORDER_NOW,3.7 days of cover: 6 units in stock at expected demand of 1.64 units/day. Stock 6 <= expected demand during the 7-day lead time (11.5): a stockout is expected before a new order could arrive; order up to 42.9 units; suggested order 37 units (7-day forecast (7.4) exceeds current stock (6)),,5.5,272.62,0.0,0.0,272.62,1,305.27
124,HIGH,BR001,MED007,Cetirizine 10mg,Antihistamines,22,4.6,32.402,140.705,HIGH,ORDER_NOW,86,NORMAL,LOW,ORDER_NOW,"4.6 days of cover: 22 units in stock at expected demand of 4.79 units/day. Stock 22 <= expected demand during the 7-day lead time (33.5): a stockout is expected before a new order could arrive; order up to 107.2 units; suggested order 86 units (stockout history: 0 days in the last 28, out of stock on 4.9% of all days observed; 7-day forecast (32.4) exceeds current stock (22))",,11.5,247.76,0.0,0.0,247.76,1,305.25
125,HIGH,BR003,MED173,Cetirizine 5mg (TrueLife Remedies),Antihistamines,33,5.25,42.673,192.285,HIGH,ORDER_NOW,115,NORMAL,LOW,ORDER_NOW,"5.2 days of cover: 33 units in stock at expected demand of 6.29 units/day. Stock 33 <= expected demand during the 7-day lead time (44.0): a stockout is expected before a new order could arrive; order up to 147.4 units; suggested order 115 units (stockout history: 0 days in the last 28, out of stock on 3.4% of all days observed; 7-day forecast (42.7) exceeds current stock (33))",,11.0,254.76,0.0,0.0,254.76,1,305.25
126,HIGH,BR005,MED385,Metformin 850mg,Antidiabetic,49,6.15,54.143,232.691,HIGH,ORDER_NOW,148,NORMAL,LOW,ORDER_NOW,6.2 days of cover: 49 units in stock at expected demand of 7.96 units/day. Stock 49 <= expected demand during the 7-day lead time (55.8): a stockout is expected before a new order could arrive; order up to 196.6 units; suggested order 148 units (7-day forecast (54.1) exceeds current stock (49)),,6.75,251.55,0.0,0.0,251.55,1,305.25
127,HIGH,BR003,MED342,Telmisartan 80mg (Summit Lifesciences),Cardiovascular,4,5.09,2.128,14.028,HIGH,ORDER_NOW,18,NORMAL,LOW,ORDER_NOW,"5.1 days of cover: 4 units in stock at expected demand of 0.79 units/day. Stock 4 <= expected demand during the 7-day lead time (5.5): a stockout is expected before a new order could arrive; order up to 22.0 units; suggested order 18 units (stockout history: 2 days in the last 28, out of stock on 3.0% of all days observed)",,1.5,244.7,0.0,0.0,244.7,1,305.24
128,HIGH,BR004,MED121,Cefixime 200mg (CureLine Healthcare),Antibiotics,7,75.04,0.653,2.593,LOW,NO_REORDER,0,OVERSTOCK,HIGH,PRIORITIZE_SALE_EXPIRING_STOCK,"batch BAT033579 (64.0 days to expiry): 7 units expire in 64 days; expected sales before expiry 4.3 (recent demand 0.07/day, 0 units of earlier-expiring stock sell first) -> 2.7 projected unsold",[LOW] 105 days of cover at the recent 0.07 units/day (limit 90): about -0 units above the limit,0.0,0.0,-0.0,244.69,244.69,1,305.24
129,HIGH,BR002,MED011,Amlodipine 5mg,Cardiovascular,58,6.29,57.783,252.341,HIGH,ORDER_NOW,152,NORMAL,LOW,ORDER_NOW,6.3 days of cover: 58 units in stock at expected demand of 9.21 units/day. Stock 58 <= expected demand during the 7-day lead time (64.5): a stockout is expected before a new order could arrive; order up to 209.1 units; suggested order 152 units,,6.5,231.4,0.0,0.0,231.4,1,305.23
130,HIGH,BR005,MED245,Pantoprazole 40mg (BlueCrest Pharma),Gastrointestinal,5,4.52,5.486,25.662,HIGH,ORDER_NOW,27,NORMAL,LOW,ORDER_NOW,"4.5 days of cover: 5 units in stock at expected demand of 1.11 units/day. Stock 5 <= expected demand during the 7-day lead time (7.8): a stockout is expected before a new order could arrive; order up to 31.8 units; suggested order 27 units (stockout history: 0 days in the last 28, out of stock on 3.4% of all days observed; 7-day forecast (5.5) exceeds current stock (5))",,2.75,228.89,0.0,0.0,228.89,1,305.23
131,HIGH,BR005,MED460,Multivitamin B-complex+C (TrueLife Remedies),Vitamins,4,3.2,6.248,30.595,HIGH,ORDER_NOW,30,NORMAL,LOW,ORDER_NOW,"3.2 days of cover: 4 units in stock at expected demand of 1.25 units/day. Stock 4 <= expected demand during the 7-day lead time (8.8): a stockout is expected before a new order could arrive; order up to 33.6 units; suggested order 30 units (stockout history: 0 days in the last 28, out of stock on 2.6% of all days observed; 7-day forecast (6.2) exceeds current stock (4))",,4.75,226.53,0.0,0.0,226.53,1,305.23
132,HIGH,BR003,MED454,Iron + Folic Acid 100mg/500mcg (Stellar Formulations),Vitamins,21,6.19,22.167,95.994,HIGH,ORDER_NOW,60,NORMAL,LOW,ORDER_NOW,6.2 days of cover: 21 units in stock at expected demand of 3.39 units/day. Stock 21 <= expected demand during the 7-day lead time (23.8): a stockout is expected before a new order could arrive; order up to 80.3 units; suggested order 60 units (7-day forecast (22.2) exceeds current stock (21)),,2.75,221.14,0.0,0.0,221.14,1,305.22
133,HIGH,BR005,MED219,Omeprazole 20mg (TrueLife Remedies),Gastrointestinal,6,3.91,7.032,34.278,HIGH,ORDER_NOW,33,NORMAL,LOW,ORDER_NOW,3.9 days of cover: 6 units in stock at expected demand of 1.54 units/day. Stock 6 <= expected demand during the 7-day lead time (10.8): a stockout is expected before a new order could arrive; order up to 38.3 units; suggested order 33 units (7-day forecast (7.0) exceeds current stock (6)),,4.75,221.51,0.0,0.0,221.51,1,305.22
134,HIGH,BR001,MED206,Domperidone 10mg (CarePlus Laboratories),Gastrointestinal,8,4.67,8.178,38.754,HIGH,ORDER_NOW,38,NORMAL,LOW,ORDER_NOW,4.7 days of cover: 8 units in stock at expected demand of 1.71 units/day. Stock 8 <= expected demand during the 7-day lead time (12.0): a stockout is expected before a new order could arrive; order up to 45.5 units; suggested order 38 units (7-day forecast (8.2) exceeds current stock (8)),,4.0,198.28,0.0,0.0,198.28,1,305.2
135,HIGH,BR002,MED005,Paracetamol 650mg,Antipyretics,17,5.01,21.669,92.813,HIGH,ORDER_NOW,68,NORMAL,LOW,ORDER_NOW,"5.0 days of cover: 17 units in stock at expected demand of 3.39 units/day. Stock 17 <= expected demand during the 7-day lead time (23.8): a stockout is expected before a new order could arrive; order up to 84.4 units; suggested order 68 units (stockout history: 0 days in the last 28, out of stock on 7.5% of all days observed; 7-day forecast (21.7) exceeds current stock (17))",,6.75,198.55,0.0,0.0,198.55,1,305.2
136,HIGH,BR004,MED316,Rosuvastatin 10mg (Summit Lifesciences),Cardiovascular,12,6.34,7.394,37.13,HIGH,ORDER_NOW,36,NORMAL,LOW,ORDER_NOW,6.3 days of cover: 12 units in stock at expected demand of 1.89 units/day. Stock 12 <= expected demand during the 7-day lead time (13.2): a stockout is expected before a new order could arrive; order up to 47.4 units; suggested order 36 units,,1.25,203.92,0.0,0.0,203.92,1,305.2
137,HIGH,BR005,MED027,Amoxicillin + Clavulanic Acid 625mg,Antibiotics,6,6.0,4.763,23.753,HIGH,ORDER_NOW,20,NORMAL,LOW,ORDER_NOW,6.0 days of cover: 6 units in stock at expected demand of 1.00 units/day. Stock 6 <= expected demand during the 7-day lead time (7.0): a stockout is expected before a new order could arrive; order up to 26.0 units; suggested order 20 units,,1.0,204.1,0.0,0.0,204.1,1,305.2
138,HIGH,BR001,MED109,Azithromycin 500mg (ApexLife Pharma),Antibiotics,6,5.6,3.536,19.674,HIGH,ORDER_NOW,22,NORMAL,LOW,ORDER_NOW,"5.6 days of cover: 6 units in stock at expected demand of 1.07 units/day. Stock 6 <= expected demand during the 7-day lead time (7.5): a stockout is expected before a new order could arrive; order up to 27.2 units; suggested order 22 units (stockout history: 4 days in the last 28, out of stock on 1.5% of all days observed)",,1.5,185.66,0.0,0.0,185.66,1,305.19
139,HIGH,BR001,MED139,Mefenamic Acid 500mg,Antipyretics,30,6.22,31.323,133.672,HIGH,ORDER_NOW,107,NORMAL,LOW,ORDER_NOW,"6.2 days of cover: 30 units in stock at expected demand of 4.82 units/day. Stock 30 <= expected demand during the 7-day lead time (33.8): a stockout is expected before a new order could arrive; order up to 136.3 units; suggested order 107 units (stockout history: 0 days in the last 28, out of stock on 5.3% of all days observed; 7-day forecast (31.3) exceeds current stock (30))",,3.75,193.42,0.0,0.0,193.42,1,305.19
140,HIGH,BR002,MED155,Paracetamol Suspension 250mg/5ml (CureLine Healthcare),Antipyretics,4,3.5,5.534,27.928,HIGH,ORDER_NOW,26,NORMAL,LOW,ORDER_NOW,"3.5 days of cover: 4 units in stock at expected demand of 1.14 units/day. Stock 4 <= expected demand during the 7-day lead time (8.0): a stockout is expected before a new order could arrive; order up to 29.9 units; suggested order 26 units (stockout history: 2 days in the last 28, out of stock on 5.2% of all days observed; 7-day forecast (5.5) exceeds current stock (4))",,4.0,179.18,0.0,0.0,179.18,1,305.18
141,HIGH,BR004,MED142,Mefenamic Acid 500mg (Kavach Healthcare),Antipyretics,14,5.68,15.497,67.797,HIGH,ORDER_NOW,49,NORMAL,LOW,ORDER_NOW,"5.7 days of cover: 14 units in stock at expected demand of 2.46 units/day. Stock 14 <= expected demand during the 7-day lead time (17.2): a stockout is expected before a new order could arrive; order up to 62.3 units; suggested order 49 units (stockout history: 0 days in the last 28, out of stock on 4.7% of all days observed; 7-day forecast (15.5) exceeds current stock (14))",,3.25,178.74,0.0,0.0,178.74,1,305.18
142,HIGH,BR005,MED272,Aspirin 75mg (BlueCrest Pharma),Cardiovascular,29,4.04,45.696,205.578,HIGH,ORDER_NOW,145,NORMAL,LOW,ORDER_NOW,"4.0 days of cover: 29 units in stock at expected demand of 7.18 units/day. Stock 29 <= expected demand during the 7-day lead time (50.2): a stockout is expected before a new order could arrive; order up to 173.7 units; suggested order 145 units (stockout history: 1 days in the last 28, out of stock on 2.6% of all days observed; 7-day forecast (45.7) exceeds current stock (29))",,21.25,175.52,0.0,0.0,175.52,1,305.18
143,HIGH,BR002,MED415,Budesonide Inhaler 100mcg,Respiratory,3,6.0,1.968,11.784,HIGH,ORDER_NOW,10,NORMAL,LOW,ORDER_NOW,6.0 days of cover: 3 units in stock at expected demand of 0.50 units/day. Stock 3 <= expected demand during the 7-day lead time (3.5): a stockout is expected before a new order could arrive; order up to 12.8 units; suggested order 10 units,,0.5,174.44,0.0,0.0,174.44,1,305.17
144,HIGH,BR002,MED465,Vitamin C Chewable 1000mg,Vitamins,4,3.2,5.569,27.507,HIGH,ORDER_NOW,29,NORMAL,LOW,ORDER_NOW,"3.2 days of cover: 4 units in stock at expected demand of 1.25 units/day. Stock 4 <= expected demand during the 7-day lead time (8.8): a stockout is expected before a new order could arrive; order up to 32.7 units; suggested order 29 units (stockout history: 3 days in the last 28, out of stock on 1.4% of all days observed; 7-day forecast (5.6) exceeds current stock (4))",,4.75,172.67,0.0,0.0,172.67,1,305.17
145,HIGH,BR003,MED200,Montelukast + Levocetirizine 10mg/5mg (HealthAxis Pharma),Antihistamines,3,5.25,2.545,15.095,HIGH,ORDER_NOW,13,NORMAL,LOW,ORDER_NOW,5.2 days of cover: 3 units in stock at expected demand of 0.57 units/day. Stock 3 <= expected demand during the 7-day lead time (4.0): a stockout is expected before a new order could arrive; order up to 15.2 units; suggested order 13 units,,1.0,171.78,0.0,0.0,171.78,1,305.17
146,HIGH,BR002,MED361,Glimepiride 1mg (CureLine Healthcare),Antidiabetic,11,6.42,7.169,37.325,HIGH,ORDER_NOW,35,NORMAL,LOW,ORDER_NOW,6.4 days of cover: 11 units in stock at expected demand of 1.71 units/day. Stock 11 <= expected demand during the 7-day lead time (12.0): a stockout is expected before a new order could arrive; order up to 45.2 units; suggested order 35 units,,1.0,158.6,0.0,0.0,158.6,1,305.16
147,HIGH,BR002,MED497,Mupirocin Ointment 2% (CarePlus Laboratories),Dermatological,2,4.31,1.686,9.231,HIGH,ORDER_NOW,11,NORMAL,LOW,ORDER_NOW,"4.3 days of cover: 2 units in stock at expected demand of 0.46 units/day. Stock 2 <= expected demand during the 7-day lead time (3.2): a stockout is expected before a new order could arrive; order up to 12.6 units; suggested order 11 units (stockout history: 3 days in the last 28, out of stock on 1.4% of all days observed)",,1.25,162.5,0.0,0.0,162.5,1,305.16
148,HIGH,BR003,MED169,Cetirizine 5mg (CarePlus Laboratories),Antihistamines,12,4.54,16.581,73.983,HIGH,ORDER_NOW,53,NORMAL,LOW,ORDER_NOW,"4.5 days of cover: 12 units in stock at expected demand of 2.64 units/day. Stock 12 <= expected demand during the 7-day lead time (18.5): a stockout is expected before a new order could arrive; order up to 64.5 units; suggested order 53 units (stockout history: 0 days in the last 28, out of stock on 5.5% of all days observed; 7-day forecast (16.6) exceeds current stock (12))",,6.5,158.42,0.0,0.0,158.42,1,305.16
149,HIGH,BR003,MED391,Metformin 1000mg (HealthAxis Pharma),Antidiabetic,3,3.0,4.435,22.506,HIGH,ORDER_NOW,27,NORMAL,LOW,ORDER_NOW,"3.0 days of cover: 3 units in stock at expected demand of 1.00 units/day. Stock 3 <= expected demand during the 7-day lead time (7.0): a stockout is expected before a new order could arrive; order up to 29.7 units; suggested order 27 units (stockout history: 0 days in the last 28, out of stock on 7.5% of all days observed; 7-day forecast (4.4) exceeds current stock (3))",,4.0,157.46,0.0,0.0,157.46,1,305.16
150,HIGH,BR004,MED257,Amlodipine 5mg (LifeSpring Pharma),Cardiovascular,6,4.0,6.767,34.526,HIGH,ORDER_NOW,34,NORMAL,LOW,ORDER_NOW,4.0 days of cover: 6 units in stock at expected demand of 1.50 units/day. Stock 6 <= expected demand during the 7-day lead time (10.5): a stockout is expected before a new order could arrive; order up to 39.3 units; suggested order 34 units (7-day forecast (6.8) exceeds current stock (6)),,4.5,164.42,0.0,0.0,164.42,1,305.16
151,HIGH,BR005,MED048,Dextromethorphan Syrup 100ml,Respiratory,9,5.86,8.552,37.864,HIGH,ORDER_NOW,30,NORMAL,LOW,ORDER_NOW,5.9 days of cover: 9 units in stock at expected demand of 1.54 units/day. Stock 9 <= expected demand during the 7-day lead time (10.8): a stockout is expected before a new order could arrive; order up to 38.2 units; suggested order 30 units,,1.75,162.41,0.0,0.0,162.41,1,305.16
152,HIGH,BR001,MED095,Amoxicillin 250mg,Antibiotics,5,5.38,4.093,19.662,HIGH,ORDER_NOW,19,NORMAL,LOW,ORDER_NOW,5.4 days of cover: 5 units in stock at expected demand of 0.93 units/day. Stock 5 <= expected demand during the 7-day lead time (6.5): a stockout is expected before a new order could arrive; order up to 23.9 units; suggested order 19 units,,1.5,148.38,0.0,0.0,148.38,1,305.15
153,HIGH,BR005,MED356,Glimepiride 2mg (CarePlus Laboratories),Antidiabetic,5,5.83,3.845,20.991,HIGH,ORDER_NOW,19,NORMAL,LOW,ORDER_NOW,5.8 days of cover: 5 units in stock at expected demand of 0.86 units/day. Stock 5 <= expected demand during the 7-day lead time (6.0): a stockout is expected before a new order could arrive; order up to 23.6 units; suggested order 19 units,,1.0,146.31,0.0,0.0,146.31,1,305.15
154,HIGH,BR002,MED306,Metoprolol 50mg (Aarogya Formulations),Cardiovascular,4,4.67,3.954,21.904,HIGH,ORDER_NOW,22,NORMAL,LOW,ORDER_NOW,4.7 days of cover: 4 units in stock at expected demand of 0.86 units/day. Stock 4 <= expected demand during the 7-day lead time (6.0): a stockout is expected before a new order could arrive; order up to 25.9 units; suggested order 22 units,,2.0,136.6,0.0,0.0,136.6,1,305.14
155,HIGH,BR004,MED372,Glimepiride 3mg (VitaCure Remedies),Antidiabetic,2,5.09,0.722,3.898,HIGH,ORDER_NOW,10,NORMAL,LOW,ORDER_NOW,5.1 days of cover: 2 units in stock at expected demand of 0.39 units/day. Stock 2 <= expected demand during the 7-day lead time (2.8): a stockout is expected before a new order could arrive; order up to 11.6 units; suggested order 10 units,,0.75,141.38,0.0,0.0,141.38,1,305.14
156,HIGH,BR004,MED239,ORS Powder 21.8g (HealthAxis Pharma),Gastrointestinal,25,5.47,27.896,125.221,HIGH,ORDER_NOW,89,NORMAL,LOW,ORDER_NOW,5.5 days of cover: 25 units in stock at expected demand of 4.57 units/day. Stock 25 <= expected demand during the 7-day lead time (32.0): a stockout is expected before a new order could arrive; order up to 113.9 units; suggested order 89 units (7-day forecast (27.9) exceeds current stock (25)),,7.0,130.45,0.0,0.0,130.45,1,305.13
157,HIGH,BR005,MED306,Metoprolol 50mg (Aarogya Formulations),Cardiovascular,9,5.86,7.639,38.062,HIGH,ORDER_NOW,33,NORMAL,LOW,ORDER_NOW,5.9 days of cover: 9 units in stock at expected demand of 1.54 units/day. Stock 9 <= expected demand during the 7-day lead time (10.8): a stockout is expected before a new order could arrive; order up to 41.9 units; suggested order 33 units,,1.75,117.78,0.0,0.0,117.78,1,305.12
158,HIGH,BR005,MED445,Calcium + Vitamin D3 500mg/250IU (HealthAxis Pharma),Vitamins,10,6.36,7.755,36.895,HIGH,ORDER_NOW,32,NORMAL,LOW,ORDER_NOW,6.4 days of cover: 10 units in stock at expected demand of 1.57 units/day. Stock 10 <= expected demand during the 7-day lead time (11.0): a stockout is expected before a new order could arrive; order up to 41.8 units; suggested order 32 units,,1.0,116.45,0.0,0.0,116.45,1,305.12
159,HIGH,BR001,MED257,Amlodipine 5mg (LifeSpring Pharma),Cardiovascular,7,4.9,7.031,35.986,HIGH,ORDER_NOW,32,NORMAL,LOW,ORDER_NOW,4.9 days of cover: 7 units in stock at expected demand of 1.43 units/day. Stock 7 <= expected demand during the 7-day lead time (10.0): a stockout is expected before a new order could arrive; order up to 38.7 units; suggested order 32 units (7-day forecast (7.0) exceeds current stock (7)),,3.0,110.65,0.0,0.0,110.65,1,305.11
160,HIGH,BR001,MED449,Iron + Folic Acid 100mg/500mcg (BlueCrest Pharma),Vitamins,3,4.94,2.241,12.022,HIGH,ORDER_NOW,13,NORMAL,LOW,ORDER_NOW,4.9 days of cover: 3 units in stock at expected demand of 0.61 units/day. Stock 3 <= expected demand during the 7-day lead time (4.2): a stockout is expected before a new order could arrive; order up to 15.9 units; suggested order 13 units (highly variable weekly demand (CV 1.10)),,1.25,105.04,0.0,0.0,105.04,1,305.11
161,HIGH,BR003,MED058,Aceclofenac + Paracetamol 100mg/325mg (VitaCure Remedies),Analgesics,6,5.6,5.522,25.815,HIGH,ORDER_NOW,23,NORMAL,LOW,ORDER_NOW,5.6 days of cover: 6 units in stock at expected demand of 1.07 units/day. Stock 6 <= expected demand during the 7-day lead time (7.5): a stockout is expected before a new order could arrive; order up to 28.2 units; suggested order 23 units,,1.5,110.21,0.0,0.0,110.21,1,305.11
162,HIGH,BR004,MED385,Metformin 850mg,Antidiabetic,40,6.51,41.765,186.782,HIGH,ORDER_NOW,106,NORMAL,LOW,ORDER_NOW,6.5 days of cover: 40 units in stock at expected demand of 6.14 units/day. Stock 40 <= expected demand during the 7-day lead time (43.0): a stockout is expected before a new order could arrive; order up to 145.5 units; suggested order 106 units (7-day forecast (41.8) exceeds current stock (40)),,3.0,111.94,0.0,0.0,111.94,1,305.11
163,HIGH,BR001,MED389,Metformin 1000mg,Antidiabetic,24,112.0,1.31,8.415,LOW,NO_REORDER,0,NORMAL,HIGH,PRIORITIZE_SALE_EXPIRING_STOCK,"batch BAT034908 (48.0 days to expiry): 15 units expire in 48 days; expected sales before expiry 11.2 (recent demand 0.23/day, 0 units of earlier-expiring stock sell first) -> 3.8 projected unsold",,0.0,0.0,0.0,99.94,99.94,1,305.1
164,HIGH,BR001,MED231,Ondansetron 4mg (NovaMed Laboratories),Gastrointestinal,3,4.67,2.057,8.945,HIGH,ORDER_NOW,14,NORMAL,MEDIUM,ORDER_NOW,4.7 days of cover: 3 units in stock at expected demand of 0.64 units/day. Stock 3 <= expected demand during the 7-day lead time (4.5): a stockout is expected before a new order could arrive; order up to 16.9 units; suggested order 14 units,,1.5,91.48,0.0,0.0,91.48,1,305.09
165,HIGH,BR002,MED285,Atorvastatin 20mg,Cardiovascular,4,5.89,2.344,13.713,HIGH,ORDER_NOW,17,NORMAL,LOW,ORDER_NOW,5.9 days of cover: 4 units in stock at expected demand of 0.68 units/day. Stock 4 <= expected demand during the 7-day lead time (4.8): a stockout is expected before a new order could arrive; order up to 20.8 units; suggested order 17 units,,0.75,92.69,0.0,0.0,92.69,1,305.09
166,HIGH,BR004,MED015,Ambroxol + Levosalbutamol Syrup 100ml,Respiratory,11,6.55,10.884,47.893,HIGH,ORDER_NOW,33,NORMAL,LOW,ORDER_NOW,6.6 days of cover: 11 units in stock at expected demand of 1.68 units/day. Stock 11 <= expected demand during the 7-day lead time (11.8): a stockout is expected before a new order could arrive; order up to 43.7 units; suggested order 33 units,,0.75,87.44,0.0,0.0,87.44,1,305.09
167,HIGH,BR002,MED454,Iron + Folic Acid 100mg/500mcg (Stellar Formulations),Vitamins,13,6.5,11.077,50.242,HIGH,ORDER_NOW,40,NORMAL,LOW,ORDER_NOW,6.5 days of cover: 13 units in stock at expected demand of 2.00 units/day. Stock 13 <= expected demand during the 7-day lead time (14.0): a stockout is expected before a new order could arrive; order up to 52.3 units; suggested order 40 units,,1.0,79.91,0.0,0.0,79.91,1,305.08
168,HIGH,BR004,MED079,Ibuprofen 600mg (BlueCrest Pharma),Analgesics,4,4.87,3.997,21.188,HIGH,ORDER_NOW,19,NORMAL,LOW,ORDER_NOW,4.9 days of cover: 4 units in stock at expected demand of 0.82 units/day. Stock 4 <= expected demand during the 7-day lead time (5.8): a stockout is expected before a new order could arrive; order up to 22.1 units; suggested order 19 units,,1.75,81.22,0.0,0.0,81.22,1,305.08
169,HIGH,BR004,MED449,Iron + Folic Acid 100mg/500mcg (BlueCrest Pharma),Vitamins,2,4.67,1.071,5.738,HIGH,ORDER_NOW,10,NORMAL,LOW,ORDER_NOW,4.7 days of cover: 2 units in stock at expected demand of 0.43 units/day. Stock 2 <= expected demand during the 7-day lead time (3.0): a stockout is expected before a new order could arrive; order up to 11.4 units; suggested order 10 units (highly variable weekly demand (CV 1.14)),,1.0,84.38,0.0,0.0,84.38,1,305.08
170,HIGH,BR001,MED003,Amoxicillin 500mg,Antibiotics,5,6.09,4.261,20.348,HIGH,ORDER_NOW,16,NORMAL,LOW,ORDER_NOW,6.1 days of cover: 5 units in stock at expected demand of 0.82 units/day. Stock 5 <= expected demand during the 7-day lead time (5.8): a stockout is expected before a new order could arrive; order up to 20.4 units; suggested order 16 units,,0.75,69.21,0.0,0.0,69.21,1,305.07
171,HIGH,BR002,MED021,Ibuprofen 400mg,Analgesics,5,5.0,4.839,24.509,HIGH,ORDER_NOW,22,NORMAL,LOW,ORDER_NOW,5.0 days of cover: 5 units in stock at expected demand of 1.00 units/day. Stock 5 <= expected demand during the 7-day lead time (7.0): a stockout is expected before a new order could arrive; order up to 26.2 units; suggested order 22 units,,2.0,67.18,0.0,0.0,67.18,1,305.07
172,HIGH,BR004,MED311,Metoprolol 25mg (CureLine Healthcare),Cardiovascular,8,6.4,5.702,30.768,HIGH,ORDER_NOW,25,NORMAL,LOW,ORDER_NOW,6.4 days of cover: 8 units in stock at expected demand of 1.25 units/day. Stock 8 <= expected demand during the 7-day lead time (8.8): a stockout is expected before a new order could arrive; order up to 32.2 units; suggested order 25 units,,0.75,65.25,0.0,0.0,65.25,1,305.07
173,HIGH,BR004,MED488,Fusidic Acid Cream 2% (BlueCrest Pharma),Dermatological,1,4.67,0.415,2.747,HIGH,ORDER_NOW,6,NORMAL,LOW,ORDER_NOW,4.7 days of cover: 1 units in stock at expected demand of 0.21 units/day. Stock 1 <= expected demand during the 7-day lead time (1.5): a stockout is expected before a new order could arrive; order up to 6.1 units; suggested order 6 units,,0.5,71.46,0.0,0.0,71.46,1,305.07
174,HIGH,BR001,MED173,Cetirizine 5mg (TrueLife Remedies),Antihistamines,44,6.62,44.227,207.877,HIGH,ORDER_NOW,107,NORMAL,LOW,ORDER_NOW,6.6 days of cover: 44 units in stock at expected demand of 6.64 units/day. Stock 44 <= expected demand during the 7-day lead time (46.5): a stockout is expected before a new order could arrive; order up to 151.0 units; suggested order 107 units (7-day forecast (44.2) exceeds current stock (44)),,2.5,57.93,0.0,0.0,57.93,1,305.06
175,HIGH,BR002,MED070,Ibuprofen 400mg (NovaMed Laboratories),Analgesics,8,5.74,6.253,29.478,HIGH,ORDER_NOW,28,NORMAL,LOW,ORDER_NOW,5.7 days of cover: 8 units in stock at expected demand of 1.39 units/day. Stock 8 <= expected demand during the 7-day lead time (9.8): a stockout is expected before a new order could arrive; order up to 35.6 units; suggested order 28 units,,1.75,62.21,0.0,0.0,62.21,1,305.06
176,HIGH,BR001,MED203,Montelukast + Levocetirizine 10mg/5mg (TrueLife Remedies),Antihistamines,3,6.46,1.4,8.464,HIGH,ORDER_NOW,11,NORMAL,LOW,ORDER_NOW,"6.5 days of cover: 3 units in stock at expected demand of 0.46 units/day. Stock 3 <= expected demand during the 7-day lead time (3.2): a stockout is expected before a new order could arrive; order up to 13.5 units; suggested order 11 units (stockout history: 5 days in the last 28, out of stock on 1.6% of all days observed; highly variable weekly demand (CV 1.19))",,0.25,47.76,0.0,0.0,47.76,1,305.05
177,HIGH,BR002,MED030,Levocetirizine 5mg,Antihistamines,4,5.89,3.159,16.449,HIGH,ORDER_NOW,15,NORMAL,MEDIUM,ORDER_NOW,"5.9 days of cover: 4 units in stock at expected demand of 0.68 units/day. Stock 4 <= expected demand during the 7-day lead time (4.8): a stockout is expected before a new order could arrive; order up to 18.7 units; suggested order 15 units (stockout history: 0 days in the last 28, out of stock on 2.7% of all days observed)",,0.75,46.23,0.0,0.0,46.23,1,305.05
178,HIGH,BR002,MED122,Cefixime 200mg (NovaMed Laboratories),Antibiotics,4,6.22,2.804,13.972,HIGH,ORDER_NOW,15,NORMAL,LOW,ORDER_NOW,6.2 days of cover: 4 units in stock at expected demand of 0.64 units/day. Stock 4 <= expected demand during the 7-day lead time (4.5): a stockout is expected before a new order could arrive; order up to 18.5 units; suggested order 15 units,,0.5,54.9,0.0,0.0,54.9,1,305.05
179,HIGH,BR003,MED032,Chlorpheniramine 4mg,Antihistamines,14,145.62,0.673,4.038,LOW,NO_REORDER,0,OVERSTOCK,HIGH,PRIORITIZE_SALE_EXPIRING_STOCK,"batch BAT035063 (89.0 days to expiry): 7 units expire in 89 days; expected sales before expiry 4.0 (recent demand 0.04/day, 0 units of earlier-expiring stock sell first) -> 3.0 projected unsold",[LOW] 420 days of cover at the recent 0.03 units/day (limit 90): about 2 units above the limit,0.0,0.0,18.91,28.92,47.83,1,305.05
180,HIGH,BR003,MED081,Ibuprofen 600mg (NovaMed Laboratories),Analgesics,8,6.05,6.777,33.819,HIGH,ORDER_NOW,25,NORMAL,LOW,ORDER_NOW,6.1 days of cover: 8 units in stock at expected demand of 1.32 units/day. Stock 8 <= expected demand during the 7-day lead time (9.2): a stockout is expected before a new order could arrive; order up to 32.8 units; suggested order 25 units,,1.25,54.54,0.0,0.0,54.54,1,305.05
181,HIGH,BR004,MED024,Cefixime 200mg,Antibiotics,6,6.46,4.518,21.11,HIGH,ORDER_NOW,19,NORMAL,LOW,ORDER_NOW,6.5 days of cover: 6 units in stock at expected demand of 0.93 units/day. Stock 6 <= expected demand during the 7-day lead time (6.5): a stockout is expected before a new order could arrive; order up to 24.8 units; suggested order 19 units,,0.5,53.94,0.0,0.0,53.94,1,305.05
182,HIGH,BR004,MED137,Mefenamic Acid 250mg (LifeSpring Pharma),Antipyretics,1,3.11,0.623,4.002,HIGH,ORDER_NOW,9,NORMAL,LOW,ORDER_NOW,3.1 days of cover: 1 units in stock at expected demand of 0.32 units/day. Stock 1 <= expected demand during the 7-day lead time (2.2): a stockout is expected before a new order could arrive; order up to 9.3 units; suggested order 9 units (highly variable weekly demand (CV 1.05)),,1.25,54.24,0.0,0.0,54.24,1,305.05
183,HIGH,BR005,MED427,Montelukast 5mg (NovaMed Laboratories),Respiratory,3,6.46,1.768,10.389,HIGH,ORDER_NOW,9,NORMAL,LOW,ORDER_NOW,6.5 days of cover: 3 units in stock at expected demand of 0.46 units/day. Stock 3 <= expected demand during the 7-day lead time (3.2): a stockout is expected before a new order could arrive; order up to 12.0 units; suggested order 9 units,,0.25,52.57,0.0,0.0,52.57,1,305.05
184,HIGH,BR004,MED035,ORS Powder 21.8g,Gastrointestinal,5,5.0,4.188,20.572,HIGH,ORDER_NOW,21,NORMAL,LOW,ORDER_NOW,5.0 days of cover: 5 units in stock at expected demand of 1.00 units/day. Stock 5 <= expected demand during the 7-day lead time (7.0): a stockout is expected before a new order could arrive; order up to 25.1 units; suggested order 21 units,,2.0,42.09,0.0,0.0,42.09,1,305.04
185,HIGH,BR004,MED042,Aspirin 75mg,Cardiovascular,8,4.15,9.423,46.104,HIGH,ORDER_NOW,42,NORMAL,LOW,ORDER_NOW,4.1 days of cover: 8 units in stock at expected demand of 1.93 units/day. Stock 8 <= expected demand during the 7-day lead time (13.5): a stockout is expected before a new order could arrive; order up to 49.8 units; suggested order 42 units (7-day forecast (9.4) exceeds current stock (8)),,5.5,43.81,0.0,0.0,43.81,1,305.04
186,HIGH,BR004,MED167,Cetirizine 10mg (TrueLife Remedies),Antihistamines,9,5.73,8.372,38.436,HIGH,ORDER_NOW,30,NORMAL,LOW,ORDER_NOW,"5.7 days of cover: 9 units in stock at expected demand of 1.57 units/day. Stock 9 <= expected demand during the 7-day lead time (11.0): a stockout is expected before a new order could arrive; order up to 38.3 units; suggested order 30 units (stockout history: 0 days in the last 28, out of stock on 3.4% of all days observed)",,2.0,44.4,0.0,0.0,44.4,1,305.04
187,HIGH,BR005,MED335,Telmisartan 20mg (Summit Lifesciences),Cardiovascular,2,6.22,0.738,4.377,HIGH,ORDER_NOW,8,NORMAL,LOW,ORDER_NOW,6.2 days of cover: 2 units in stock at expected demand of 0.32 units/day. Stock 2 <= expected demand during the 7-day lead time (2.2): a stockout is expected before a new order could arrive; order up to 9.3 units; suggested order 8 units (highly variable weekly demand (CV 1.11)),,0.25,35.12,0.0,0.0,35.12,1,305.04
188,HIGH,BR001,MED165,Cetirizine 10mg (Stellar Formulations),Antihistamines,4,5.09,4.216,20.518,HIGH,ORDER_NOW,17,NORMAL,LOW,ORDER_NOW,5.1 days of cover: 4 units in stock at expected demand of 0.79 units/day. Stock 4 <= expected demand during the 7-day lead time (5.5): a stockout is expected before a new order could arrive; order up to 20.4 units; suggested order 17 units (7-day forecast (4.2) exceeds current stock (4)),,1.5,34.19,0.0,0.0,34.19,1,305.03
189,HIGH,BR002,MED231,Ondansetron 4mg (NovaMed Laboratories),Gastrointestinal,1,4.67,0.696,3.688,HIGH,ORDER_NOW,6,NORMAL,LOW,ORDER_NOW,"4.7 days of cover: 1 units in stock at expected demand of 0.21 units/day. Stock 1 <= expected demand during the 7-day lead time (1.5): a stockout is expected before a new order could arrive; order up to 7.0 units; suggested order 6 units (stockout history: 0 days in the last 28, out of stock on 4.2% of all days observed)",,0.5,30.49,0.0,0.0,30.49,1,305.03
190,HIGH,BR002,MED265,Amlodipine 2.5mg (TrueLife Remedies),Cardiovascular,19,6.73,17.061,78.433,HIGH,ORDER_NOW,53,NORMAL,LOW,ORDER_NOW,6.7 days of cover: 19 units in stock at expected demand of 2.82 units/day. Stock 19 <= expected demand during the 7-day lead time (19.8): a stockout is expected before a new order could arrive; order up to 71.8 units; suggested order 53 units,,0.75,34.64,0.0,0.0,34.64,1,305.03
191,HIGH,BR003,MED386,Metformin 850mg (CureLine Healthcare),Antidiabetic,4,5.89,2.597,15.374,HIGH,ORDER_NOW,15,NORMAL,LOW,ORDER_NOW,"5.9 days of cover: 4 units in stock at expected demand of 0.68 units/day. Stock 4 <= expected demand during the 7-day lead time (4.8): a stockout is expected before a new order could arrive; order up to 18.9 units; suggested order 15 units (stockout history: 0 days in the last 28, out of stock on 4.0% of all days observed)",,0.75,28.94,0.0,0.0,28.94,1,305.03
192,HIGH,BR003,MED463,Vitamin C Chewable 500mg (HealthAxis Pharma),Vitamins,5,5.6,4.176,22.687,HIGH,ORDER_NOW,19,NORMAL,LOW,ORDER_NOW,5.6 days of cover: 5 units in stock at expected demand of 0.89 units/day. Stock 5 <= expected demand during the 7-day lead time (6.2): a stockout is expected before a new order could arrive; order up to 23.1 units; suggested order 19 units,,1.25,31.76,0.0,0.0,31.76,1,305.03
193,HIGH,BR004,MED306,Metoprolol 50mg (Aarogya Formulations),Cardiovascular,4,6.22,2.059,13.38,HIGH,ORDER_NOW,15,NORMAL,LOW,ORDER_NOW,"6.2 days of cover: 4 units in stock at expected demand of 0.64 units/day. Stock 4 <= expected demand during the 7-day lead time (4.5): a stockout is expected before a new order could arrive; order up to 18.2 units; suggested order 15 units (stockout history: 0 days in the last 28, out of stock on 5.5% of all days observed)",,0.5,34.2,0.0,0.0,34.2,1,305.03
194,HIGH,BR005,MED140,Mefenamic Acid 500mg (CureLine Healthcare),Antipyretics,4,6.22,2.409,11.86,HIGH,ORDER_NOW,15,NORMAL,LOW,ORDER_NOW,6.2 days of cover: 4 units in stock at expected demand of 0.64 units/day. Stock 4 <= expected demand during the 7-day lead time (4.5): a stockout is expected before a new order could arrive; order up to 18.0 units; suggested order 15 units,,0.5,25.11,0.0,0.0,25.11,1,305.03
195,HIGH,BR001,MED491,Hydrocortisone Cream 1% (CureLine Healthcare),Dermatological,5,6.67,3.829,17.546,HIGH,ORDER_NOW,15,NORMAL,LOW,ORDER_NOW,6.7 days of cover: 5 units in stock at expected demand of 0.75 units/day. Stock 5 <= expected demand during the 7-day lead time (5.2): a stockout is expected before a new order could arrive; order up to 19.6 units; suggested order 15 units,,0.25,16.64,0.0,0.0,16.64,1,305.02
196,HIGH,BR002,MED390,Metformin 1000mg (BlueCrest Pharma),Antidiabetic,2,5.6,0.632,4.385,HIGH,ORDER_NOW,9,NORMAL,LOW,ORDER_NOW,5.6 days of cover: 2 units in stock at expected demand of 0.36 units/day. Stock 2 <= expected demand during the 7-day lead time (2.5): a stockout is expected before a new order could arrive; order up to 10.6 units; suggested order 9 units (highly variable weekly demand (CV 1.12)),,0.5,23.35,0.0,0.0,23.35,1,305.02
197,HIGH,BR002,MED480,Calamine Lotion 100ml (Stellar Formulations),Dermatological,5,6.67,2.999,14.156,HIGH,ORDER_NOW,15,NORMAL,MEDIUM,ORDER_NOW,"6.7 days of cover: 5 units in stock at expected demand of 0.75 units/day. Stock 5 <= expected demand during the 7-day lead time (5.2): a stockout is expected before a new order could arrive; order up to 20.0 units; suggested order 15 units (stockout history: 1 days in the last 28, out of stock on 2.6% of all days observed)",,0.25,18.11,0.0,0.0,18.11,1,305.02
198,HIGH,BR002,MED486,Clotrimazole Cream 2% (TrueLife Remedies),Dermatological,1,5.6,0.449,2.697,HIGH,ORDER_NOW,4,NORMAL,LOW,ORDER_NOW,5.6 days of cover: 1 units in stock at expected demand of 0.18 units/day. Stock 1 <= expected demand during the 7-day lead time (1.2): a stockout is expected before a new order could arrive; order up to 5.0 units; suggested order 4 units (highly variable weekly demand (CV 1.41)),,0.25,21.8,0.0,0.0,21.8,1,305.02
199,HIGH,BR003,MED483,Clotrimazole Cream 1% (CureLine Healthcare),Dermatological,4,6.59,2.989,13.744,HIGH,ORDER_NOW,12,NORMAL,LOW,ORDER_NOW,6.6 days of cover: 4 units in stock at expected demand of 0.61 units/day. Stock 4 <= expected demand during the 7-day lead time (4.2): a stockout is expected before a new order could arrive; order up to 16.0 units; suggested order 12 units,,0.25,19.13,0.0,0.0,19.13,1,305.02
200,HIGH,BR004,MED480,Calamine Lotion 100ml (Stellar Formulations),Dermatological,4,6.59,2.852,13.778,HIGH,ORDER_NOW,12,NORMAL,LOW,ORDER_NOW,"6.6 days of cover: 4 units in stock at expected demand of 0.61 units/day. Stock 4 <= expected demand during the 7-day lead time (4.2): a stockout is expected before a new order could arrive; order up to 16.0 units; suggested order 12 units (stockout history: 0 days in the last 28, out of stock on 3.4% of all days observed)",,0.25,17.81,0.0,0.0,17.81,1,305.02
201,HIGH,BR005,MED092,Paracetamol 500mg (LifeSpring Pharma),Analgesics,3,5.6,2.168,11.467,HIGH,ORDER_NOW,11,NORMAL,LOW,ORDER_NOW,5.6 days of cover: 3 units in stock at expected demand of 0.54 units/day. Stock 3 <= expected demand during the 7-day lead time (3.8): a stockout is expected before a new order could arrive; order up to 13.8 units; suggested order 11 units,,0.75,19.06,0.0,0.0,19.06,1,305.02
202,HIGH,BR001,MED140,Mefenamic Acid 500mg (CureLine Healthcare),Antipyretics,6,6.72,4.45,20.19,HIGH,ORDER_NOW,18,NORMAL,LOW,ORDER_NOW,6.7 days of cover: 6 units in stock at expected demand of 0.89 units/day. Stock 6 <= expected demand during the 7-day lead time (6.2): a stockout is expected before a new order could arrive; order up to 23.8 units; suggested order 18 units,,0.25,12.54,0.0,0.0,12.54,1,305.01
203,HIGH,BR005,MED391,Metformin 1000mg (HealthAxis Pharma),Antidiabetic,8,6.79,5.432,28.888,HIGH,ORDER_NOW,24,NORMAL,LOW,ORDER_NOW,"6.8 days of cover: 8 units in stock at expected demand of 1.18 units/day. Stock 8 <= expected demand during the 7-day lead time (8.2): a stockout is expected before a new order could arrive; order up to 31.9 units; suggested order 24 units (stockout history: 0 days in the last 28, out of stock on 2.6% of all days observed)",,0.25,9.81,0.0,0.0,9.81,1,305.01
204,HIGH,BR001,MED002,Diclofenac 50mg,Analgesics,6,9.88,2.609,12.932,HIGH,REORDER_SOON,11,NORMAL,LOW,REORDER_SOON,9.9 days of cover: 6 units in stock at expected demand of 0.61 units/day. Stock 6 is below the reorder point 7.5 (lead-time demand 4.2 + safety stock 3.3); stock may not cover the lead time at the upper forecast (8.1 units); suggested order 11 units (escalated from MEDIUM because of stockout history (0 days in the last 28; out of stock on 4.9% of all days observed) and only 5.2 days of cover at the upper forecast),,0.0,0.0,0.0,0.0,0.0,1,305.0
205,HIGH,BR001,MED004,Azithromycin 500mg,Antibiotics,4,11.2,1.886,9.314,HIGH,REORDER_SOON,7,NORMAL,LOW,REORDER_SOON,11.2 days of cover: 4 units in stock at expected demand of 0.36 units/day. Stock 4 is below the reorder point 5.8 (lead-time demand 2.5 + safety stock 3.3); stock may not cover the lead time at the upper forecast (5.3 units); suggested order 7 units (escalated from MEDIUM because of stockout history (0 days in the last 28; out of stock on 2.9% of all days observed) and only 5.2 days of cover at the upper forecast),,0.0,0.0,0.0,0.0,0.0,1,305.0
206,HIGH,BR001,MED009,Pantoprazole 40mg,Gastrointestinal,31,7.89,24.034,111.556,HIGH,REORDER_SOON,68,NORMAL,LOW,REORDER_SOON,7.9 days of cover: 31 units in stock at expected demand of 3.93 units/day. Stock 31 is below the reorder point 43.9 (lead-time demand 27.5 + safety stock 16.4); stock may not cover the lead time at the upper forecast (34.4 units); suggested order 68 units (escalated from MEDIUM because of only 6.3 days of cover at the upper forecast),,0.0,0.0,0.0,0.0,0.0,1,305.0
207,HIGH,BR001,MED013,Metformin 500mg,Antidiabetic,52,10.47,30.772,141.638,HIGH,NO_REORDER,0,NORMAL,LOW,MONITOR_STOCK_CLOSELY,10.5 days of cover: 52 units in stock at expected demand of 4.96 units/day (escalated from MEDIUM because of stockout history (1 days in the last 28; out of stock on 11.1% of all days observed)),,0.0,0.0,0.0,0.0,0.0,1,305.0
208,HIGH,BR001,MED015,Ambroxol + Levosalbutamol Syrup 100ml,Respiratory,25,10.77,15.333,64.973,HIGH,NO_REORDER,0,NORMAL,LOW,MONITOR_STOCK_CLOSELY,10.8 days of cover: 25 units in stock at expected demand of 2.32 units/day (escalated from MEDIUM because of only 6.8 days of cover at the upper forecast),,0.0,0.0,0.0,0.0,0.0,1,305.0
209,HIGH,BR001,MED019,Clotrimazole Cream 1%,Dermatological,9,10.5,4.637,20.596,HIGH,REORDER_SOON,16,NORMAL,MEDIUM,REORDER_SOON,10.5 days of cover: 9 units in stock at expected demand of 0.86 units/day. Stock 9 is below the reorder point 12.0 (lead-time demand 6.0 + safety stock 6.0); stock may not cover the lead time at the upper forecast (10.1 units); suggested order 16 units (escalated from MEDIUM because of only 6.2 days of cover at the upper forecast),,0.0,0.0,0.0,0.0,0.0,1,305.0
210,HIGH,BR001,MED038,Losartan 50mg,Cardiovascular,13,11.03,4.668,23.631,HIGH,REORDER_SOON,18,NORMAL,LOW,REORDER_SOON,11.0 days of cover: 13 units in stock at expected demand of 1.18 units/day. Stock 13 is below the reorder point 14.4 (lead-time demand 8.2 + safety stock 6.1); suggested order 18 units (escalated from MEDIUM because of stockout history (3 days in the last 28; out of stock on 0.4% of all days observed)),,0.0,0.0,0.0,0.0,0.0,1,305.0
211,HIGH,BR001,MED040,Rosuvastatin 10mg,Cardiovascular,22,11.62,7.691,37.14,HIGH,REORDER_SOON,28,NORMAL,LOW,REORDER_SOON,11.6 days of cover: 22 units in stock at expected demand of 1.89 units/day. Stock 22 is below the reorder point 23.2 (lead-time demand 13.2 + safety stock 9.9); suggested order 28 units (escalated from MEDIUM because of stockout history (3 days in the last 28; out of stock on 2.3% of all days observed)),,0.0,0.0,0.0,0.0,0.0,1,305.0
212,HIGH,BR001,MED049,Multivitamin B-complex+C,Vitamins,10,8.0,6.997,32.92,HIGH,REORDER_SOON,25,NORMAL,LOW,REORDER_SOON,8.0 days of cover: 10 units in stock at expected demand of 1.25 units/day. Stock 10 is below the reorder point 17.3 (lead-time demand 8.8 + safety stock 8.5); stock may not cover the lead time at the upper forecast (17.3 units); suggested order 25 units (escalated from MEDIUM because of only 4.0 days of cover at the upper forecast),,0.0,0.0,0.0,0.0,0.0,1,305.0
213,HIGH,BR001,MED066,Diclofenac 100mg (VitaCure Remedies),Analgesics,4,14.0,1.364,7.88,MEDIUM,REORDER_SOON,5,NORMAL,LOW,REORDER_SOON,14.0 days of cover: 4 units in stock at expected demand of 0.29 units/day. Stock 4 is below the reorder point 4.3 (lead-time demand 2.0 + safety stock 2.3); stock may not cover the lead time at the upper forecast (4.8 units); suggested order 5 units (escalated from LOW because of only 5.8 days of cover at the upper forecast),,0.0,0.0,0.0,0.0,0.0,1,305.0
214,HIGH,BR001,MED073,Ibuprofen 200mg,Analgesics,14,11.88,6.378,31.393,HIGH,NO_REORDER,0,NORMAL,LOW,MONITOR_STOCK_CLOSELY,11.9 days of cover: 14 units in stock at expected demand of 1.18 units/day (escalated from MEDIUM because of only 5.9 days of cover at the upper forecast),,0.0,0.0,0.0,0.0,0.0,1,305.0
215,HIGH,BR001,MED078,Ibuprofen 600mg,Analgesics,10,9.03,6.145,29.572,HIGH,REORDER_SOON,21,NORMAL,LOW,REORDER_SOON,9.0 days of cover: 10 units in stock at expected demand of 1.11 units/day. Stock 10 is below the reorder point 15.3 (lead-time demand 7.8 + safety stock 7.5); stock may not cover the lead time at the upper forecast (11.6 units); suggested order 21 units (escalated from MEDIUM because of stockout history (0 days in the last 28; out of stock on 3.3% of all days observed) and only 6.0 days of cover at the upper forecast),,0.0,0.0,0.0,0.0,0.0,1,305.0
216,HIGH,BR001,MED083,Naproxen 250mg (HealthAxis Pharma),Analgesics,6,8.4,3.893,18.782,HIGH,REORDER_SOON,15,NORMAL,LOW,REORDER_SOON,8.4 days of cover: 6 units in stock at expected demand of 0.71 units/day. Stock 6 is below the reorder point 10.1 (lead-time demand 5.0 + safety stock 5.1); stock may not cover the lead time at the upper forecast (9.4 units); suggested order 15 units (escalated from MEDIUM because of only 4.5 days of cover at the upper forecast),,0.0,0.0,0.0,0.0,0.0,1,305.0
217,HIGH,BR001,MED108,Azithromycin 500mg (Aarogya Formulations),Antibiotics,8,8.62,4.719,22.107,HIGH,REORDER_SOON,19,NORMAL,LOW,REORDER_SOON,8.6 days of cover: 8 units in stock at expected demand of 0.93 units/day. Stock 8 is below the reorder point 13.7 (lead-time demand 6.5 + safety stock 7.2); stock may not cover the lead time at the upper forecast (10.2 units); suggested order 19 units (escalated from MEDIUM because of only 5.5 days of cover at the upper forecast),,0.0,0.0,0.0,0.0,0.0,1,305.0
218,HIGH,BR001,MED116,Azithromycin 250mg (HealthAxis Pharma),Antibiotics,4,10.18,1.727,9.542,HIGH,REORDER_SOON,9,NORMAL,LOW,REORDER_SOON,10.2 days of cover: 4 units in stock at expected demand of 0.39 units/day. Stock 4 is below the reorder point 7.3 (lead-time demand 2.8 + safety stock 4.5); stock may not cover the lead time at the upper forecast (5.2 units); suggested order 9 units (escalated from MEDIUM because of only 5.4 days of cover at the upper forecast),,0.0,0.0,0.0,0.0,0.0,1,305.0
219,HIGH,BR001,MED142,Mefenamic Acid 500mg (Kavach Healthcare),Antipyretics,24,8.2,18.775,82.229,HIGH,REORDER_SOON,49,NORMAL,LOW,REORDER_SOON,8.2 days of cover: 24 units in stock at expected demand of 2.93 units/day. Stock 24 is below the reorder point 32.0 (lead-time demand 20.5 + safety stock 11.5); stock may not cover the lead time at the upper forecast (29.1 units); suggested order 49 units (escalated from MEDIUM because of stockout history (0 days in the last 28; out of stock on 6.0% of all days observed) and only 5.8 days of cover at the upper forecast),,0.0,0.0,0.0,0.0,0.0,1,305.0
220,HIGH,BR001,MED151,Paracetamol Drops 100mg/ml (Aarogya Formulations),Antipyretics,5,14.0,1.611,7.458,MEDIUM,REORDER_SOON,7,NORMAL,LOW,REORDER_SOON,14.0 days of cover: 5 units in stock at expected demand of 0.36 units/day. Stock 5 is below the reorder point 6.1 (lead-time demand 2.5 + safety stock 3.6); stock may not cover the lead time at the upper forecast (5.1 units); suggested order 7 units (escalated from LOW because of stockout history (0 days in the last 28; out of stock on 4.2% of all days observed) and only 6.9 days of cover at the upper forecast),,0.0,0.0,0.0,0.0,0.0,1,305.0
221,HIGH,BR001,MED187,Fexofenadine 180mg (CureLine Healthcare),Antihistamines,3,9.33,1.198,7.122,HIGH,REORDER_SOON,6,NORMAL,LOW,REORDER_SOON,9.3 days of cover: 3 units in stock at expected demand of 0.32 units/day. Stock 3 is below the reorder point 4.3 (lead-time demand 2.2 + safety stock 2.1); stock may not cover the lead time at the upper forecast (4.6 units); suggested order 6 units (escalated from MEDIUM because of only 4.5 days of cover at the upper forecast),,0.0,0.0,0.0,0.0,0.0,1,305.0
222,HIGH,BR001,MED215,Omeprazole 20mg (CarePlus Laboratories),Gastrointestinal,13,11.38,6.271,28.504,HIGH,REORDER_SOON,17,NORMAL,LOW,REORDER_SOON,11.4 days of cover: 13 units in stock at expected demand of 1.14 units/day. Stock 13 is below the reorder point 13.6 (lead-time demand 8.0 + safety stock 5.6); stock may not cover the lead time at the upper forecast (16.6 units); suggested order 17 units (escalated from MEDIUM because of only 5.5 days of cover at the upper forecast),,0.0,0.0,0.0,0.0,0.0,1,305.0
223,HIGH,BR001,MED240,ORS Powder 21.8g (LifeSpring Pharma),Gastrointestinal,3,8.4,0.828,5.223,HIGH,REORDER_SOON,9,NORMAL,LOW,REORDER_SOON,8.4 days of cover: 3 units in stock at expected demand of 0.36 units/day. Stock 3 is below the reorder point 6.4 (lead-time demand 2.5 + safety stock 3.9); stock may not cover the lead time at the upper forecast (3.1 units); suggested order 9 units (escalated from MEDIUM because of only 6.7 days of cover at the upper forecast; highly variable weekly demand (CV 1.08)),,0.0,0.0,0.0,0.0,0.0,1,305.0
224,HIGH,BR001,MED264,Amlodipine 2.5mg (Summit Lifesciences),Cardiovascular,17,9.33,9.118,44.1,HIGH,REORDER_SOON,31,NORMAL,LOW,REORDER_SOON,9.3 days of cover: 17 units in stock at expected demand of 1.82 units/day. Stock 17 is below the reorder point 22.2 (lead-time demand 12.8 + safety stock 9.5); stock may not cover the lead time at the upper forecast (19.4 units); suggested order 31 units (escalated from MEDIUM because of only 6.1 days of cover at the upper forecast),,0.0,0.0,0.0,0.0,0.0,1,305.0
225,HIGH,BR001,MED270,Aspirin 75mg (Aarogya Formulations),Cardiovascular,20,9.18,11.389,54.734,HIGH,REORDER_SOON,35,NORMAL,LOW,REORDER_SOON,9.2 days of cover: 20 units in stock at expected demand of 2.18 units/day. Stock 20 is below the reorder point 24.5 (lead-time demand 15.2 + safety stock 9.2); stock may not cover the lead time at the upper forecast (21.7 units); suggested order 35 units (escalated from MEDIUM because of only 6.4 days of cover at the upper forecast),,0.0,0.0,0.0,0.0,0.0,1,305.0
226,HIGH,BR001,MED272,Aspirin 75mg (BlueCrest Pharma),Cardiovascular,49,7.46,44.215,204.654,HIGH,REORDER_SOON,106,NORMAL,LOW,REORDER_SOON,7.5 days of cover: 49 units in stock at expected demand of 6.57 units/day. Stock 49 is below the reorder point 62.4 (lead-time demand 46.0 + safety stock 16.4); stock may not cover the lead time at the upper forecast (54.5 units); suggested order 106 units (escalated from MEDIUM because of only 6.3 days of cover at the upper forecast),,0.0,0.0,0.0,0.0,0.0,1,305.0
227,HIGH,BR001,MED276,Aspirin 75mg (Stellar Formulations),Cardiovascular,15,7.0,10.66,54.899,HIGH,ORDER_NOW,41,NORMAL,LOW,ORDER_NOW,7.0 days of cover: 15 units in stock at expected demand of 2.14 units/day. Stock 15 <= expected demand during the 7-day lead time (15.0): a stockout is expected before a new order could arrive; order up to 55.0 units; suggested order 41 units (escalated from MEDIUM because of only 5.0 days of cover at the upper forecast),,0.0,0.0,0.0,0.0,0.0,1,305.0
228,HIGH,BR001,MED277,Aspirin 150mg,Cardiovascular,2,18.67,0.428,2.442,MEDIUM,REORDER_SOON,3,NORMAL,LOW,REORDER_SOON,18.7 days of cover: 2 units in stock at expected demand of 0.11 units/day. Stock 2 is below the reorder point 2.9 (lead-time demand 0.8 + safety stock 2.1); stock may not cover the lead time at the upper forecast (2.1 units); suggested order 3 units (escalated from LOW because of only 6.8 days of cover at the upper forecast; highly variable weekly demand (CV 1.48)),,0.0,0.0,0.0,0.0,0.0,1,305.0
229,HIGH,BR001,MED301,Losartan 25mg (CarePlus Laboratories),Cardiovascular,96,11.11,60.506,247.193,HIGH,NO_REORDER,0,NORMAL,LOW,MONITOR_STOCK_CLOSELY,11.1 days of cover: 96 units in stock at expected demand of 8.64 units/day (escalated from MEDIUM because of stockout history (4 days in the last 28; out of stock on 1.5% of all days observed)),,0.0,0.0,0.0,0.0,0.0,1,305.0
230,HIGH,BR001,MED303,Losartan 25mg (NovaMed Laboratories),Cardiovascular,7,11.53,2.38,11.434,HIGH,REORDER_SOON,9,NORMAL,LOW,REORDER_SOON,11.5 days of cover: 7 units in stock at expected demand of 0.61 units/day. Stock 7 is below the reorder point 7.2 (lead-time demand 4.2 + safety stock 3.0); stock may not cover the lead time at the upper forecast (7.9 units); suggested order 9 units (escalated from MEDIUM because of only 6.2 days of cover at the upper forecast; highly variable weekly demand (CV 1.18)),,0.0,0.0,0.0,0.0,0.0,1,305.0
231,HIGH,BR001,MED316,Rosuvastatin 10mg (Summit Lifesciences),Cardiovascular,12,8.84,7.027,36.047,HIGH,REORDER_SOON,25,NORMAL,LOW,REORDER_SOON,8.8 days of cover: 12 units in stock at expected demand of 1.36 units/day. Stock 12 is below the reorder point 17.1 (lead-time demand 9.5 + safety stock 7.6); stock may not cover the lead time at the upper forecast (17.3 units); suggested order 25 units (escalated from MEDIUM because of only 4.8 days of cover at the upper forecast),,0.0,0.0,0.0,0.0,0.0,1,305.0
232,HIGH,BR001,MED326,Rosuvastatin 20mg (VitaCure Remedies),Cardiovascular,100,13.29,52.681,225.763,HIGH,NO_REORDER,0,NORMAL,LOW,MONITOR_STOCK_CLOSELY,13.3 days of cover: 100 units in stock at expected demand of 7.53 units/day (escalated from MEDIUM because of stockout history (0 days in the last 28; out of stock on 2.6% of all days observed)),,0.0,0.0,0.0,0.0,0.0,1,305.0
233,HIGH,BR001,MED327,Telmisartan 40mg (Aarogya Formulations),Cardiovascular,124,8.95,75.911,306.675,HIGH,REORDER_SOON,202,NORMAL,LOW,REORDER_SOON,8.9 days of cover: 124 units in stock at expected demand of 13.86 units/day. Stock 124 is below the reorder point 131.2 (lead-time demand 97.0 + safety stock 34.2); suggested order 202 units (escalated from MEDIUM because of stockout history (4 days in the last 28; out of stock on 5.2% of all days observed)),,0.0,0.0,0.0,0.0,0.0,1,305.0
234,HIGH,BR001,MED343,Telmisartan 80mg (TrueLife Remedies),Cardiovascular,18,10.96,8.463,40.797,HIGH,REORDER_SOON,24,NORMAL,LOW,REORDER_SOON,11.0 days of cover: 18 units in stock at expected demand of 1.64 units/day. Stock 18 is below the reorder point 18.3 (lead-time demand 11.5 + safety stock 6.8); stock may not cover the lead time at the upper forecast (18.8 units); suggested order 24 units (escalated from MEDIUM because of only 6.7 days of cover at the upper forecast),,0.0,0.0,0.0,0.0,0.0,1,305.0
235,HIGH,BR001,MED354,Gliclazide 40mg (Summit Lifesciences),Antidiabetic,35,9.8,22.704,101.481,HIGH,REORDER_SOON,54,NORMAL,LOW,REORDER_SOON,9.8 days of cover: 35 units in stock at expected demand of 3.57 units/day. Stock 35 is below the reorder point 38.7 (lead-time demand 25.0 + safety stock 13.7); suggested order 54 units (escalated from MEDIUM because of stockout history (0 days in the last 28; out of stock on 3.7% of all days observed)),,0.0,0.0,0.0,0.0,0.0,1,305.0
236,HIGH,BR001,MED357,Glimepiride 2mg (Stellar Formulations),Antidiabetic,14,10.59,6.493,32.141,HIGH,REORDER_SOON,21,NORMAL,LOW,REORDER_SOON,10.6 days of cover: 14 units in stock at expected demand of 1.32 units/day. Stock 14 is below the reorder point 16.2 (lead-time demand 9.2 + safety stock 6.9); stock may not cover the lead time at the upper forecast (16.8 units); suggested order 21 units (escalated from MEDIUM because of only 5.8 days of cover at the upper forecast),,0.0,0.0,0.0,0.0,0.0,1,305.0
237,HIGH,BR001,MED364,Glimepiride 1mg (TrueLife Remedies),Antidiabetic,14,11.2,7.005,33.785,HIGH,REORDER_SOON,20,NORMAL,LOW,REORDER_SOON,11.2 days of cover: 14 units in stock at expected demand of 1.25 units/day. Stock 14 is below the reorder point 16.2 (lead-time demand 8.8 + safety stock 7.5); stock may not cover the lead time at the upper forecast (17.3 units); suggested order 20 units (escalated from MEDIUM because of only 5.7 days of cover at the upper forecast),,0.0,0.0,0.0,0.0,0.0,1,305.0
238,HIGH,BR001,MED372,Glimepiride 3mg (VitaCure Remedies),Antidiabetic,5,7.78,2.217,13.072,HIGH,REORDER_SOON,13,NORMAL,LOW,REORDER_SOON,7.8 days of cover: 5 units in stock at expected demand of 0.64 units/day. Stock 5 is below the reorder point 8.6 (lead-time demand 4.5 + safety stock 4.1); stock may not cover the lead time at the upper forecast (7.7 units); suggested order 13 units (escalated from MEDIUM because of only 4.5 days of cover at the upper forecast; highly variable weekly demand (CV 1.29)),,0.0,0.0,0.0,0.0,0.0,1,305.0
239,HIGH,BR001,MED378,Glimepiride + Metformin 1mg/500mg (Stellar Formulations),Antidiabetic,6,8.84,2.798,15.935,HIGH,REORDER_SOON,12,NORMAL,LOW,REORDER_SOON,8.8 days of cover: 6 units in stock at expected demand of 0.68 units/day. Stock 6 is below the reorder point 8.3 (lead-time demand 4.8 + safety stock 3.5); stock may not cover the lead time at the upper forecast (8.3 units); suggested order 12 units (escalated from MEDIUM because of only 5.1 days of cover at the upper forecast),,0.0,0.0,0.0,0.0,0.0,1,305.0
240,HIGH,BR001,MED385,Metformin 850mg,Antidiabetic,76,8.35,57.702,250.768,HIGH,REORDER_SOON,136,NORMAL,LOW,REORDER_SOON,8.3 days of cover: 76 units in stock at expected demand of 9.11 units/day. Stock 76 is below the reorder point 83.9 (lead-time demand 63.8 + safety stock 20.2); suggested order 136 units (escalated from MEDIUM because of stockout history (0 days in the last 28; out of stock on 3.2% of all days observed)),,0.0,0.0,0.0,0.0,0.0,1,305.0
241,HIGH,BR001,MED386,Metformin 850mg (CureLine Healthcare),Antidiabetic,7,7.0,3.507,17.772,HIGH,ORDER_NOW,19,NORMAL,LOW,ORDER_NOW,7.0 days of cover: 7 units in stock at expected demand of 1.00 units/day. Stock 7 <= expected demand during the 7-day lead time (7.0): a stockout is expected before a new order could arrive; order up to 25.7 units; suggested order 19 units (escalated from MEDIUM because of stockout history (5 days in the last 28; out of stock on 2.6% of all days observed) and only 5.4 days of cover at the upper forecast),,0.0,0.0,0.0,0.0,0.0,1,305.0
242,HIGH,BR001,MED415,Budesonide Inhaler 100mcg,Respiratory,5,11.67,2.359,11.016,HIGH,REORDER_SOON,7,NORMAL,LOW,REORDER_SOON,11.7 days of cover: 5 units in stock at expected demand of 0.43 units/day. Stock 5 is below the reorder point 5.7 (lead-time demand 3.0 + safety stock 2.7); stock may not cover the lead time at the upper forecast (7.9 units); suggested order 7 units (escalated from MEDIUM because of stockout history (0 days in the last 28; out of stock on 3.6% of all days observed) and only 4.5 days of cover at the upper forecast),,0.0,0.0,0.0,0.0,0.0,1,305.0
243,HIGH,BR001,MED417,Dextromethorphan Syrup 100ml (LifeSpring Pharma),Respiratory,4,8.0,1.63,8.262,HIGH,REORDER_SOON,10,NORMAL,LOW,REORDER_SOON,8.0 days of cover: 4 units in stock at expected demand of 0.50 units/day. Stock 4 is below the reorder point 6.1 (lead-time demand 3.5 + safety stock 2.6); stock may not cover the lead time at the upper forecast (5.1 units); suggested order 10 units (escalated from MEDIUM because of only 5.5 days of cover at the upper forecast),,0.0,0.0,0.0,0.0,0.0,1,305.0
244,HIGH,BR001,MED429,Montelukast 5mg (TrueLife Remedies),Respiratory,4,8.0,2.384,12.174,HIGH,REORDER_SOON,11,NORMAL,LOW,REORDER_SOON,8.0 days of cover: 4 units in stock at expected demand of 0.50 units/day. Stock 4 is below the reorder point 7.7 (lead-time demand 3.5 + safety stock 4.2); stock may not cover the lead time at the upper forecast (7.9 units); suggested order 11 units (escalated from MEDIUM because of only 3.6 days of cover at the upper forecast),,0.0,0.0,0.0,0.0,0.0,1,305.0
245,HIGH,BR001,MED431,Salbutamol Inhaler 100mcg (ApexLife Pharma),Respiratory,8,9.74,4.951,22.927,HIGH,REORDER_SOON,14,NORMAL,LOW,REORDER_SOON,9.7 days of cover: 8 units in stock at expected demand of 0.82 units/day. Stock 8 is below the reorder point 10.0 (lead-time demand 5.8 + safety stock 4.2); stock may not cover the lead time at the upper forecast (10.4 units); suggested order 14 units (escalated from MEDIUM because of stockout history (0 days in the last 28; out of stock on 6.8% of all days observed) and only 5.4 days of cover at the upper forecast),,0.0,0.0,0.0,0.0,0.0,1,305.0
246,HIGH,BR001,MED460,Multivitamin B-complex+C (TrueLife Remedies),Vitamins,13,10.11,7.062,33.654,HIGH,REORDER_SOON,20,NORMAL,LOW,REORDER_SOON,10.1 days of cover: 13 units in stock at expected demand of 1.29 units/day. Stock 13 is below the reorder point 15.0 (lead-time demand 9.0 + safety stock 6.0); stock may not cover the lead time at the upper forecast (17.4 units); suggested order 20 units (escalated from MEDIUM because of stockout history (0 days in the last 28; out of stock on 3.4% of all days observed) and only 5.2 days of cover at the upper forecast),,0.0,0.0,0.0,0.0,0.0,1,305.0
247,HIGH,BR001,MED463,Vitamin C Chewable 500mg (HealthAxis Pharma),Vitamins,6,11.2,2.342,12.908,HIGH,REORDER_SOON,9,NORMAL,LOW,REORDER_SOON,11.2 days of cover: 6 units in stock at expected demand of 0.54 units/day. Stock 6 is below the reorder point 7.0 (lead-time demand 3.8 + safety stock 3.2); stock may not cover the lead time at the upper forecast (7.8 units); suggested order 9 units (escalated from MEDIUM because of only 5.4 days of cover at the upper forecast),,0.0,0.0,0.0,0.0,0.0,1,305.0
248,HIGH,BR001,MED470,Vitamin C Chewable 1000mg (NovaMed Laboratories),Vitamins,11,10.27,5.635,28.643,HIGH,REORDER_SOON,18,NORMAL,LOW,REORDER_SOON,10.3 days of cover: 11 units in stock at expected demand of 1.07 units/day. Stock 11 is below the reorder point 13.3 (lead-time demand 7.5 + safety stock 5.8); stock may not cover the lead time at the upper forecast (11.1 units); suggested order 18 units (escalated from MEDIUM because of only 6.9 days of cover at the upper forecast),,0.0,0.0,0.0,0.0,0.0,1,305.0
249,HIGH,BR001,MED480,Calamine Lotion 100ml (Stellar Formulations),Dermatological,7,8.52,4.413,19.794,HIGH,REORDER_SOON,14,NORMAL,MEDIUM,REORDER_SOON,8.5 days of cover: 7 units in stock at expected demand of 0.82 units/day. Stock 7 is below the reorder point 8.9 (lead-time demand 5.8 + safety stock 3.1); stock may not cover the lead time at the upper forecast (9.9 units); suggested order 14 units (escalated from MEDIUM because of stockout history (0 days in the last 28; out of stock on 3.8% of all days observed) and only 4.9 days of cover at the upper forecast),,0.0,0.0,0.0,0.0,0.0,1,305.0
250,HIGH,BR001,MED497,Mupirocin Ointment 2% (CarePlus Laboratories),Dermatological,4,11.2,1.786,8.437,HIGH,REORDER_SOON,8,NORMAL,LOW,REORDER_SOON,11.2 days of cover: 4 units in stock at expected demand of 0.36 units/day. Stock 4 is below the reorder point 6.1 (lead-time demand 2.5 + safety stock 3.6); stock may not cover the lead time at the upper forecast (5.2 units); suggested order 8 units (escalated from MEDIUM because of only 5.3 days of cover at the upper forecast),,0.0,0.0,0.0,0.0,0.0,1,305.0
251,HIGH,BR002,MED001,Paracetamol 500mg,Analgesics,36,11.45,21.433,93.101,HIGH,NO_REORDER,0,NORMAL,LOW,MONITOR_STOCK_CLOSELY,11.5 days of cover: 36 units in stock at expected demand of 3.14 units/day (escalated from MEDIUM because of stockout history (0 days in the last 28; out of stock on 2.9% of all days observed)),,0.0,0.0,0.0,0.0,0.0,1,305.0
252,HIGH,BR002,MED002,Diclofenac 50mg,Analgesics,6,10.5,3.183,14.614,HIGH,REORDER_SOON,11,NORMAL,LOW,REORDER_SOON,10.5 days of cover: 6 units in stock at expected demand of 0.57 units/day. Stock 6 is below the reorder point 8.1 (lead-time demand 4.0 + safety stock 4.1); stock may not cover the lead time at the upper forecast (8.7 units); suggested order 11 units (escalated from MEDIUM because of stockout history (0 days in the last 28; out of stock on 6.0% of all days observed) and only 4.8 days of cover at the upper forecast),,0.0,0.0,0.0,0.0,0.0,1,305.0
253,HIGH,BR002,MED003,Amoxicillin 500mg,Antibiotics,5,11.67,1.948,9.995,HIGH,REORDER_SOON,8,NORMAL,LOW,REORDER_SOON,11.7 days of cover: 5 units in stock at expected demand of 0.43 units/day. Stock 5 is below the reorder point 6.6 (lead-time demand 3.0 + safety stock 3.6); stock may not cover the lead time at the upper forecast (5.4 units); suggested order 8 units (escalated from MEDIUM because of only 6.5 days of cover at the upper forecast),,0.0,0.0,0.0,0.0,0.0,1,305.0
254,HIGH,BR002,MED013,Metformin 500mg,Antidiabetic,35,8.31,28.61,124.223,HIGH,REORDER_SOON,65,NORMAL,LOW,REORDER_SOON,8.3 days of cover: 35 units in stock at expected demand of 4.21 units/day. Stock 35 is below the reorder point 40.6 (lead-time demand 29.5 + safety stock 11.1); stock may not cover the lead time at the upper forecast (38.9 units); suggested order 65 units (escalated from MEDIUM because of stockout history (7 days in the last 28; out of stock on 10.3% of all days observed) and only 6.3 days of cover at the upper forecast),,0.0,0.0,0.0,0.0,0.0,1,305.0
255,HIGH,BR002,MED017,Vitamin C Chewable 500mg,Vitamins,11,7.33,7.327,35.851,HIGH,REORDER_SOON,27,NORMAL,LOW,REORDER_SOON,7.3 days of cover: 11 units in stock at expected demand of 1.50 units/day. Stock 11 is below the reorder point 16.3 (lead-time demand 10.5 + safety stock 5.8); stock may not cover the lead time at the upper forecast (17.6 units); suggested order 27 units (escalated from MEDIUM because of only 4.4 days of cover at the upper forecast),,0.0,0.0,0.0,0.0,0.0,1,305.0
256,HIGH,BR002,MED019,Clotrimazole Cream 1%,Dermatological,8,8.62,4.806,22.533,HIGH,REORDER_SOON,16,NORMAL,LOW,REORDER_SOON,8.6 days of cover: 8 units in stock at expected demand of 0.93 units/day. Stock 8 is below the reorder point 10.4 (lead-time demand 6.5 + safety stock 3.9); stock may not cover the lead time at the upper forecast (10.3 units); suggested order 16 units (escalated from MEDIUM because of only 5.4 days of cover at the upper forecast),,0.0,0.0,0.0,0.0,0.0,1,305.0
257,HIGH,BR002,MED022,Aceclofenac + Paracetamol 100mg/325mg,Analgesics,6,7.64,4.321,20.622,HIGH,REORDER_SOON,15,NORMAL,LOW,REORDER_SOON,7.6 days of cover: 6 units in stock at expected demand of 0.79 units/day. Stock 6 is below the reorder point 9.1 (lead-time demand 5.5 + safety stock 3.6); stock may not cover the lead time at the upper forecast (9.8 units); suggested order 15 units (escalated from MEDIUM because of stockout history (0 days in the last 28; out of stock on 3.0% of all days observed) and only 4.3 days of cover at the upper forecast),,0.0,0.0,0.0,0.0,0.0,1,305.0
258,HIGH,BR002,MED027,Amoxicillin + Clavulanic Acid 625mg,Antibiotics,6,7.64,3.691,17.977,HIGH,REORDER_SOON,16,NORMAL,LOW,REORDER_SOON,7.6 days of cover: 6 units in stock at expected demand of 0.79 units/day. Stock 6 is below the reorder point 10.5 (lead-time demand 5.5 + safety stock 5.0); stock may not cover the lead time at the upper forecast (9.2 units); suggested order 16 units (escalated from MEDIUM because of only 4.6 days of cover at the upper forecast),,0.0,0.0,0.0,0.0,0.0,1,305.0
259,HIGH,BR002,MED042,Aspirin 75mg,Cardiovascular,18,10.96,8.54,40.975,HIGH,REORDER_SOON,25,NORMAL,LOW,REORDER_SOON,11.0 days of cover: 18 units in stock at expected demand of 1.64 units/day. Stock 18 is below the reorder point 19.7 (lead-time demand 11.5 + safety stock 8.2); stock may not cover the lead time at the upper forecast (18.9 units); suggested order 25 units (escalated from MEDIUM because of only 6.7 days of cover at the upper forecast),,0.0,0.0,0.0,0.0,0.0,1,305.0
260,HIGH,BR002,MED046,Montelukast 10mg,Respiratory,8,10.18,4.681,21.89,HIGH,REORDER_SOON,14,NORMAL,LOW,REORDER_SOON,10.2 days of cover: 8 units in stock at expected demand of 0.79 units/day. Stock 8 is below the reorder point 10.9 (lead-time demand 5.5 + safety stock 5.4); stock may not cover the lead time at the upper forecast (10.2 units); suggested order 14 units (escalated from MEDIUM because of only 5.5 days of cover at the upper forecast),,0.0,0.0,0.0,0.0,0.0,1,305.0
261,HIGH,BR002,MED050,Calcium + Vitamin D3 500mg/250IU,Vitamins,4,14.0,1.291,8.431,MEDIUM,REORDER_SOON,6,NORMAL,LOW,REORDER_SOON,14.0 days of cover: 4 units in stock at expected demand of 0.29 units/day. Stock 4 is below the reorder point 5.7 (lead-time demand 2.0 + safety stock 3.7); stock may not cover the lead time at the upper forecast (4.7 units); suggested order 6 units (escalated from LOW because of stockout history (0 days in the last 28; out of stock on 7.4% of all days observed) and only 5.9 days of cover at the upper forecast),,0.0,0.0,0.0,0.0,0.0,1,305.0
262,HIGH,BR002,MED063,Diclofenac 50mg (VitaCure Remedies),Analgesics,5,7.78,2.387,12.15,HIGH,REORDER_SOON,14,NORMAL,LOW,REORDER_SOON,7.8 days of cover: 5 units in stock at expected demand of 0.64 units/day. Stock 5 is below the reorder point 9.8 (lead-time demand 4.5 + safety stock 5.3); stock may not cover the lead time at the upper forecast (7.9 units); suggested order 14 units (escalated from MEDIUM because of stockout history (2 days in the last 28; out of stock on 5.3% of all days observed) and only 4.4 days of cover at the upper forecast),,0.0,0.0,0.0,0.0,0.0,1,305.0
263,HIGH,BR002,MED064,Diclofenac 100mg,Analgesics,6,12.0,2.574,14.112,HIGH,NO_REORDER,0,NORMAL,LOW,MONITOR_STOCK_CLOSELY,12.0 days of cover: 6 units in stock at expected demand of 0.50 units/day (escalated from MEDIUM because of only 5.2 days of cover at the upper forecast),,0.0,0.0,0.0,0.0,0.0,1,305.0
264,HIGH,BR002,MED083,Naproxen 250mg (HealthAxis Pharma),Analgesics,7,12.25,3.211,15.169,HIGH,REORDER_SOON,10,NORMAL,LOW,REORDER_SOON,12.2 days of cover: 7 units in stock at expected demand of 0.57 units/day. Stock 7 is below the reorder point 8.5 (lead-time demand 4.0 + safety stock 4.5); stock may not cover the lead time at the upper forecast (8.7 units); suggested order 10 units (escalated from MEDIUM because of only 5.6 days of cover at the upper forecast),,0.0,0.0,0.0,0.0,0.0,1,305.0
265,HIGH,BR002,MED084,Naproxen 250mg (VitaCure Remedies),Analgesics,10,7.0,7.014,33.779,HIGH,ORDER_NOW,26,NORMAL,LOW,ORDER_NOW,7.0 days of cover: 10 units in stock at expected demand of 1.43 units/day. Stock 10 <= expected demand during the 7-day lead time (10.0): a stockout is expected before a new order could arrive; order up to 35.2 units; suggested order 26 units (escalated from MEDIUM because of only 4.0 days of cover at the upper forecast),,0.0,0.0,0.0,0.0,0.0,1,305.0
266,HIGH,BR002,MED086,Naproxen 500mg (CarePlus Laboratories),Analgesics,70,11.78,41.608,180.369,HIGH,NO_REORDER,0,NORMAL,LOW,MONITOR_STOCK_CLOSELY,11.8 days of cover: 70 units in stock at expected demand of 5.94 units/day (escalated from MEDIUM because of stockout history (0 days in the last 28; out of stock on 4.8% of all days observed)),,0.0,0.0,0.0,0.0,0.0,1,305.0
267,HIGH,BR002,MED091,Paracetamol 500mg (HealthAxis Pharma),Analgesics,18,11.45,8.374,39.798,HIGH,NO_REORDER,0,NORMAL,MEDIUM,MONITOR_STOCK_CLOSELY,11.5 days of cover: 18 units in stock at expected demand of 1.57 units/day (escalated from MEDIUM because of stockout history (0 days in the last 28; out of stock on 3.8% of all days observed) and only 6.7 days of cover at the upper forecast),,0.0,0.0,0.0,0.0,0.0,1,305.0
268,HIGH,BR002,MED095,Amoxicillin 250mg,Antibiotics,6,11.2,2.435,11.389,HIGH,REORDER_SOON,9,NORMAL,LOW,REORDER_SOON,11.2 days of cover: 6 units in stock at expected demand of 0.54 units/day. Stock 6 is below the reorder point 6.7 (lead-time demand 3.8 + safety stock 3.0); stock may not cover the lead time at the upper forecast (7.9 units); suggested order 9 units (escalated from MEDIUM because of only 5.3 days of cover at the upper forecast),,0.0,0.0,0.0,0.0,0.0,1,305.0
269,HIGH,BR002,MED096,Amoxicillin 250mg (CureLine Healthcare),Antibiotics,7,11.53,2.953,13.337,HIGH,REORDER_SOON,12,NORMAL,LOW,REORDER_SOON,11.5 days of cover: 7 units in stock at expected demand of 0.61 units/day. Stock 7 is below the reorder point 9.7 (lead-time demand 4.2 + safety stock 5.5); stock may not cover the lead time at the upper forecast (8.4 units); suggested order 12 units (escalated from MEDIUM because of only 5.8 days of cover at the upper forecast),,0.0,0.0,0.0,0.0,0.0,1,305.0
270,HIGH,BR002,MED097,Amoxicillin 250mg (LifeSpring Pharma),Antibiotics,6,16.8,2.164,11.08,MEDIUM,REORDER_SOON,9,NORMAL,LOW,REORDER_SOON,16.8 days of cover: 6 units in stock at expected demand of 0.36 units/day. Stock 6 is below the reorder point 9.1 (lead-time demand 2.5 + safety stock 6.6); stock may not cover the lead time at the upper forecast (7.7 units); suggested order 9 units (escalated from LOW because of only 5.5 days of cover at the upper forecast),,0.0,0.0,0.0,0.0,0.0,1,305.0
271,HIGH,BR002,MED104,Amoxicillin + Clavulanic Acid 375mg,Antibiotics,16,8.62,11.825,53.408,HIGH,REORDER_SOON,33,NORMAL,LOW,REORDER_SOON,8.6 days of cover: 16 units in stock at expected demand of 1.86 units/day. Stock 16 is below the reorder point 22.3 (lead-time demand 13.0 + safety stock 9.3); stock may not cover the lead time at the upper forecast (22.1 units); suggested order 33 units (escalated from MEDIUM because of only 5.1 days of cover at the upper forecast),,0.0,0.0,0.0,0.0,0.0,1,305.0
272,HIGH,BR002,MED116,Azithromycin 250mg (HealthAxis Pharma),Antibiotics,5,7.78,2.441,11.698,HIGH,REORDER_SOON,13,NORMAL,LOW,REORDER_SOON,7.8 days of cover: 5 units in stock at expected demand of 0.64 units/day. Stock 5 is below the reorder point 8.3 (lead-time demand 4.5 + safety stock 3.8); stock may not cover the lead time at the upper forecast (7.9 units); suggested order 13 units (escalated from MEDIUM because of only 4.4 days of cover at the upper forecast),,0.0,0.0,0.0,0.0,0.0,1,305.0
273,HIGH,BR002,MED127,Cefixime 100mg (VitaCure Remedies),Antibiotics,12,10.5,6.054,28.465,HIGH,REORDER_SOON,19,NORMAL,LOW,REORDER_SOON,10.5 days of cover: 12 units in stock at expected demand of 1.14 units/day. Stock 12 is below the reorder point 14.4 (lead-time demand 8.0 + safety stock 6.4); suggested order 19 units (escalated from MEDIUM because of stockout history (0 days in the last 28; out of stock on 4.9% of all days observed)),,0.0,0.0,0.0,0.0,0.0,1,305.0
274,HIGH,BR002,MED135,Mefenamic Acid 250mg (ApexLife Pharma),Antipyretics,8,11.2,3.562,17.709,HIGH,REORDER_SOON,11,NORMAL,LOW,REORDER_SOON,11.2 days of cover: 8 units in stock at expected demand of 0.71 units/day. Stock 8 is below the reorder point 8.0 (lead-time demand 5.0 + safety stock 3.0); stock may not cover the lead time at the upper forecast (9.1 units); suggested order 11 units (escalated from MEDIUM because of stockout history (0 days in the last 28; out of stock on 3.4% of all days observed) and only 6.2 days of cover at the upper forecast),,0.0,0.0,0.0,0.0,0.0,1,305.0
275,HIGH,BR002,MED140,Mefenamic Acid 500mg (CureLine Healthcare),Antipyretics,7,10.32,3.284,15.966,HIGH,REORDER_SOON,12,NORMAL,MEDIUM,REORDER_SOON,10.3 days of cover: 7 units in stock at expected demand of 0.68 units/day. Stock 7 is below the reorder point 8.6 (lead-time demand 4.8 + safety stock 3.8); stock may not cover the lead time at the upper forecast (8.8 units); suggested order 12 units (escalated from MEDIUM because of stockout history (1 days in the last 28; out of stock on 2.7% of all days observed) and only 5.6 days of cover at the upper forecast),,0.0,0.0,0.0,0.0,0.0,1,305.0
276,HIGH,BR002,MED142,Mefenamic Acid 500mg (Kavach Healthcare),Antipyretics,21,9.19,13.997,61.422,HIGH,REORDER_SOON,35,NORMAL,LOW,REORDER_SOON,9.2 days of cover: 21 units in stock at expected demand of 2.29 units/day. Stock 21 is below the reorder point 23.7 (lead-time demand 16.0 + safety stock 7.7); stock may not cover the lead time at the upper forecast (24.3 units); suggested order 35 units (escalated from MEDIUM because of stockout history (1 days in the last 28; out of stock on 6.4% of all days observed) and only 6.0 days of cover at the upper forecast),,0.0,0.0,0.0,0.0,0.0,1,305.0
277,HIGH,BR002,MED158,Paracetamol Suspension 125mg/5ml (LifeSpring Pharma),Antipyretics,22,11.85,12.127,47.726,HIGH,NO_REORDER,0,NORMAL,LOW,MONITOR_STOCK_CLOSELY,11.8 days of cover: 22 units in stock at expected demand of 1.86 units/day (escalated from MEDIUM because of stockout history (6 days in the last 28; out of stock on 4.7% of all days observed) and only 6.9 days of cover at the upper forecast),,0.0,0.0,0.0,0.0,0.0,1,305.0
278,HIGH,BR002,MED165,Cetirizine 10mg (Stellar Formulations),Antihistamines,7,10.32,3.81,18.905,HIGH,REORDER_SOON,11,NORMAL,LOW,REORDER_SOON,10.3 days of cover: 7 units in stock at expected demand of 0.68 units/day. Stock 7 is below the reorder point 8.4 (lead-time demand 4.8 + safety stock 3.7); stock may not cover the lead time at the upper forecast (9.3 units); suggested order 11 units (escalated from MEDIUM because of only 5.3 days of cover at the upper forecast),,0.0,0.0,0.0,0.0,0.0,1,305.0
279,HIGH,BR002,MED169,Cetirizine 5mg (CarePlus Laboratories),Antihistamines,23,8.59,17.189,82.975,HIGH,REORDER_SOON,40,NORMAL,LOW,REORDER_SOON,8.6 days of cover: 23 units in stock at expected demand of 2.68 units/day. Stock 23 is below the reorder point 25.4 (lead-time demand 18.8 + safety stock 6.6); stock may not cover the lead time at the upper forecast (27.5 units); suggested order 40 units (escalated from MEDIUM because of stockout history (1 days in the last 28; out of stock on 4.5% of all days observed) and only 5.9 days of cover at the upper forecast),,0.0,0.0,0.0,0.0,0.0,1,305.0
280,HIGH,BR002,MED171,Cetirizine 5mg (Stellar Formulations),Antihistamines,8,13.18,3.17,15.0,HIGH,NO_REORDER,0,NORMAL,LOW,MONITOR_STOCK_CLOSELY,13.2 days of cover: 8 units in stock at expected demand of 0.61 units/day (escalated from MEDIUM because of stockout history (0 days in the last 28; out of stock on 3.0% of all days observed) and only 6.5 days of cover at the upper forecast),,0.0,0.0,0.0,0.0,0.0,1,305.0
281,HIGH,BR002,MED173,Cetirizine 5mg (TrueLife Remedies),Antihistamines,65,10.4,42.465,186.445,HIGH,NO_REORDER,0,NORMAL,LOW,MONITOR_STOCK_CLOSELY,10.4 days of cover: 65 units in stock at expected demand of 6.25 units/day (escalated from MEDIUM because of stockout history (1 days in the last 28; out of stock on 2.6% of all days observed)),,0.0,0.0,0.0,0.0,0.0,1,305.0
282,HIGH,BR002,MED206,Domperidone 10mg (CarePlus Laboratories),Gastrointestinal,8,14.93,2.517,10.539,MEDIUM,REORDER_SOON,12,NORMAL,LOW,REORDER_SOON,14.9 days of cover: 8 units in stock at expected demand of 0.54 units/day. Stock 8 is below the reorder point 12.0 (lead-time demand 3.8 + safety stock 8.2); stock may not cover the lead time at the upper forecast (8.0 units); suggested order 12 units (escalated from LOW because of stockout history (0 days in the last 28; out of stock on 5.9% of all days observed) and only 7.0 days of cover at the upper forecast),,0.0,0.0,0.0,0.0,0.0,1,305.0
283,HIGH,BR002,MED224,Omeprazole 40mg (Summit Lifesciences),Gastrointestinal,6,7.3,3.996,18.152,HIGH,REORDER_SOON,16,NORMAL,MEDIUM,REORDER_SOON,7.3 days of cover: 6 units in stock at expected demand of 0.82 units/day. Stock 6 is below the reorder point 9.6 (lead-time demand 5.8 + safety stock 3.8); stock may not cover the lead time at the upper forecast (9.5 units); suggested order 16 units (escalated from MEDIUM because of only 4.4 days of cover at the upper forecast),,0.0,0.0,0.0,0.0,0.0,1,305.0
284,HIGH,BR002,MED234,Ondansetron 4mg (VitaCure Remedies),Gastrointestinal,8,8.62,5.007,24.115,HIGH,REORDER_SOON,18,NORMAL,LOW,REORDER_SOON,8.6 days of cover: 8 units in stock at expected demand of 0.93 units/day. Stock 8 is below the reorder point 12.2 (lead-time demand 6.5 + safety stock 5.7); stock may not cover the lead time at the upper forecast (10.5 units); suggested order 18 units (escalated from MEDIUM because of only 5.3 days of cover at the upper forecast),,0.0,0.0,0.0,0.0,0.0,1,305.0
285,HIGH,BR002,MED256,Amlodipine 5mg (BlueCrest Pharma),Cardiovascular,16,12.44,6.504,32.758,HIGH,REORDER_SOON,20,NORMAL,LOW,REORDER_SOON,12.4 days of cover: 16 units in stock at expected demand of 1.29 units/day. Stock 16 is below the reorder point 17.4 (lead-time demand 9.0 + safety stock 8.4); stock may not cover the lead time at the upper forecast (16.8 units); suggested order 20 units (escalated from MEDIUM because of only 6.7 days of cover at the upper forecast),,0.0,0.0,0.0,0.0,0.0,1,305.0
286,HIGH,BR002,MED283,Atorvastatin 10mg (LifeSpring Pharma),Cardiovascular,9,12.0,3.714,18.995,HIGH,REORDER_SOON,15,NORMAL,LOW,REORDER_SOON,12.0 days of cover: 9 units in stock at expected demand of 0.75 units/day. Stock 9 is below the reorder point 12.7 (lead-time demand 5.2 + safety stock 7.5); stock may not cover the lead time at the upper forecast (9.2 units); suggested order 15 units (escalated from MEDIUM because of stockout history (0 days in the last 28; out of stock on 3.4% of all days observed) and only 6.8 days of cover at the upper forecast),,0.0,0.0,0.0,0.0,0.0,1,305.0
287,HIGH,BR002,MED299,Losartan 50mg (NovaMed Laboratories),Cardiovascular,34,7.27,31.064,135.345,HIGH,REORDER_SOON,78,NORMAL,LOW,REORDER_SOON,7.3 days of cover: 34 units in stock at expected demand of 4.68 units/day. Stock 34 is below the reorder point 45.7 (lead-time demand 32.8 + safety stock 13.0); stock may not cover the lead time at the upper forecast (41.4 units); suggested order 78 units (escalated from MEDIUM because of stockout history (0 days in the last 28; out of stock on 3.3% of all days observed) and only 5.8 days of cover at the upper forecast),,0.0,0.0,0.0,0.0,0.0,1,305.0
288,HIGH,BR002,MED301,Losartan 25mg (CarePlus Laboratories),Cardiovascular,71,9.79,50.785,227.064,HIGH,REORDER_SOON,109,NORMAL,LOW,REORDER_SOON,9.8 days of cover: 71 units in stock at expected demand of 7.25 units/day. Stock 71 is below the reorder point 78.4 (lead-time demand 50.8 + safety stock 27.6); suggested order 109 units (escalated from MEDIUM because of stockout history (3 days in the last 28; out of stock on 2.1% of all days observed)),,0.0,0.0,0.0,0.0,0.0,1,305.0
289,HIGH,BR002,MED310,Metoprolol 25mg,Cardiovascular,10,7.37,7.087,33.902,HIGH,REORDER_SOON,25,NORMAL,LOW,REORDER_SOON,7.4 days of cover: 10 units in stock at expected demand of 1.36 units/day. Stock 10 is below the reorder point 15.4 (lead-time demand 9.5 + safety stock 5.9); stock may not cover the lead time at the upper forecast (17.4 units); suggested order 25 units (escalated from MEDIUM because of only 4.0 days of cover at the upper forecast),,0.0,0.0,0.0,0.0,0.0,1,305.0
290,HIGH,BR002,MED316,Rosuvastatin 10mg (Summit Lifesciences),Cardiovascular,9,7.0,6.166,32.77,HIGH,ORDER_NOW,25,NORMAL,LOW,ORDER_NOW,7.0 days of cover: 9 units in stock at expected demand of 1.29 units/day. Stock 9 <= expected demand during the 7-day lead time (9.0): a stockout is expected before a new order could arrive; order up to 34.0 units; suggested order 25 units,,0.0,0.0,0.0,0.0,0.0,1,305.0
291,HIGH,BR002,MED322,Rosuvastatin 20mg,Cardiovascular,10,10.77,4.723,25.403,HIGH,REORDER_SOON,15,NORMAL,LOW,REORDER_SOON,10.8 days of cover: 10 units in stock at expected demand of 0.93 units/day. Stock 10 is below the reorder point 11.5 (lead-time demand 6.5 + safety stock 5.0); stock may not cover the lead time at the upper forecast (10.2 units); suggested order 15 units (escalated from MEDIUM because of only 6.9 days of cover at the upper forecast),,0.0,0.0,0.0,0.0,0.0,1,305.0
292,HIGH,BR002,MED324,Rosuvastatin 20mg (Stellar Formulations),Cardiovascular,17,8.65,9.086,44.792,HIGH,REORDER_SOON,31,NORMAL,LOW,REORDER_SOON,8.7 days of cover: 17 units in stock at expected demand of 1.96 units/day. Stock 17 is below the reorder point 19.6 (lead-time demand 13.8 + safety stock 5.9); stock may not cover the lead time at the upper forecast (19.4 units); suggested order 31 units (escalated from MEDIUM because of only 6.1 days of cover at the upper forecast),,0.0,0.0,0.0,0.0,0.0,1,305.0
293,HIGH,BR002,MED326,Rosuvastatin 20mg (VitaCure Remedies),Cardiovascular,54,7.0,50.048,228.828,HIGH,ORDER_NOW,126,NORMAL,LOW,ORDER_NOW,7.0 days of cover: 54 units in stock at expected demand of 7.71 units/day. Stock 54 <= expected demand during the 7-day lead time (54.0): a stockout is expected before a new order could arrive; order up to 179.4 units; suggested order 126 units (escalated from MEDIUM because of stockout history (0 days in the last 28; out of stock on 3.0% of all days observed) and only 6.3 days of cover at the upper forecast),,0.0,0.0,0.0,0.0,0.0,1,305.0
294,HIGH,BR002,MED327,Telmisartan 40mg (Aarogya Formulations),Cardiovascular,101,9.96,62.337,269.718,HIGH,REORDER_SOON,146,NORMAL,LOW,REORDER_SOON,10.0 days of cover: 101 units in stock at expected demand of 10.14 units/day. Stock 101 is below the reorder point 104.4 (lead-time demand 71.0 + safety stock 33.4); suggested order 146 units (escalated from MEDIUM because of stockout history (0 days in the last 28; out of stock on 7.4% of all days observed)),,0.0,0.0,0.0,0.0,0.0,1,305.0
295,HIGH,BR002,MED332,Telmisartan 20mg,Cardiovascular,11,8.56,6.377,33.427,HIGH,REORDER_SOON,24,NORMAL,LOW,REORDER_SOON,8.6 days of cover: 11 units in stock at expected demand of 1.29 units/day. Stock 11 is below the reorder point 16.3 (lead-time demand 9.0 + safety stock 7.3); stock may not cover the lead time at the upper forecast (16.7 units); suggested order 24 units (escalated from MEDIUM because of only 4.6 days of cover at the upper forecast),,0.0,0.0,0.0,0.0,0.0,1,305.0
296,HIGH,BR002,MED341,Telmisartan 80mg (Stellar Formulations),Cardiovascular,5,7.37,2.174,13.176,HIGH,REORDER_SOON,14,NORMAL,LOW,REORDER_SOON,7.4 days of cover: 5 units in stock at expected demand of 0.68 units/day. Stock 5 is below the reorder point 9.3 (lead-time demand 4.8 + safety stock 4.6); stock may not cover the lead time at the upper forecast (7.7 units); suggested order 14 units (escalated from MEDIUM because of only 4.6 days of cover at the upper forecast),,0.0,0.0,0.0,0.0,0.0,1,305.0
297,HIGH,BR002,MED381,Glimepiride + Metformin 1mg/500mg (Zenith BioPharma),Antidiabetic,59,7.58,51.237,219.344,HIGH,REORDER_SOON,126,NORMAL,LOW,REORDER_SOON,7.6 days of cover: 59 units in stock at expected demand of 7.79 units/day. Stock 59 is below the reorder point 75.1 (lead-time demand 54.5 + safety stock 20.6); stock may not cover the lead time at the upper forecast (61.6 units); suggested order 126 units (escalated from MEDIUM because of stockout history (2 days in the last 28; out of stock on 5.8% of all days observed) and only 6.7 days of cover at the upper forecast),,0.0,0.0,0.0,0.0,0.0,1,305.0
298,HIGH,BR002,MED385,Metformin 850mg,Antidiabetic,72,11.08,42.471,185.306,HIGH,NO_REORDER,0,NORMAL,LOW,MONITOR_STOCK_CLOSELY,11.1 days of cover: 72 units in stock at expected demand of 6.50 units/day (escalated from MEDIUM because of stockout history (0 days in the last 28; out of stock on 3.3% of all days observed)),,0.0,0.0,0.0,0.0,0.0,1,305.0
299,HIGH,BR002,MED386,Metformin 850mg (CureLine Healthcare),Antidiabetic,13,13.48,4.532,23.268,HIGH,NO_REORDER,0,NORMAL,LOW,MONITOR_STOCK_CLOSELY,13.5 days of cover: 13 units in stock at expected demand of 0.96 units/day (escalated from MEDIUM because of stockout history (0 days in the last 28; out of stock on 3.4% of all days observed)),,0.0,0.0,0.0,0.0,0.0,1,305.0
300,HIGH,BR002,MED391,Metformin 1000mg (HealthAxis Pharma),Antidiabetic,10,9.03,5.372,27.865,HIGH,REORDER_SOON,20,NORMAL,LOW,REORDER_SOON,9.0 days of cover: 10 units in stock at expected demand of 1.11 units/day. Stock 10 is below the reorder point 14.2 (lead-time demand 7.8 + safety stock 6.4); stock may not cover the lead time at the upper forecast (10.9 units); suggested order 20 units (escalated from MEDIUM because of only 6.4 days of cover at the upper forecast),,0.0,0.0,0.0,0.0,0.0,1,305.0
301,HIGH,BR002,MED392,Metformin 1000mg (LifeSpring Pharma),Antidiabetic,40,9.11,28.778,111.962,HIGH,REORDER_SOON,69,NORMAL,LOW,REORDER_SOON,9.1 days of cover: 40 units in stock at expected demand of 4.39 units/day. Stock 40 is below the reorder point 47.4 (lead-time demand 30.8 + safety stock 16.6); suggested order 69 units (escalated from MEDIUM because of stockout history (0 days in the last 28; out of stock on 2.6% of all days observed)),,0.0,0.0,0.0,0.0,0.0,1,305.0
302,HIGH,BR002,MED398,Sitagliptin 50mg (ApexLife Pharma),Antidiabetic,8,13.18,2.909,15.792,HIGH,REORDER_SOON,10,NORMAL,LOW,REORDER_SOON,13.2 days of cover: 8 units in stock at expected demand of 0.61 units/day. Stock 8 is below the reorder point 8.6 (lead-time demand 4.2 + safety stock 4.3); stock may not cover the lead time at the upper forecast (8.4 units); suggested order 10 units (escalated from MEDIUM because of only 6.7 days of cover at the upper forecast),,0.0,0.0,0.0,0.0,0.0,1,305.0
303,HIGH,BR002,MED420,Montelukast 10mg (CureLine Healthcare),Respiratory,4,10.18,1.704,8.437,HIGH,REORDER_SOON,8,NORMAL,LOW,REORDER_SOON,10.2 days of cover: 4 units in stock at expected demand of 0.39 units/day. Stock 4 is below the reorder point 5.6 (lead-time demand 2.8 + safety stock 2.9); stock may not cover the lead time at the upper forecast (5.2 units); suggested order 8 units (escalated from MEDIUM because of stockout history (4 days in the last 28; out of stock on 1.1% of all days observed) and only 5.4 days of cover at the upper forecast),,0.0,0.0,0.0,0.0,0.0,1,305.0
304,HIGH,BR002,MED429,Montelukast 5mg (TrueLife Remedies),Respiratory,9,12.0,4.206,21.684,HIGH,NO_REORDER,0,NORMAL,LOW,MONITOR_STOCK_CLOSELY,12.0 days of cover: 9 units in stock at expected demand of 0.75 units/day (escalated from MEDIUM because of stockout history (0 days in the last 28; out of stock on 3.6% of all days observed) and only 6.5 days of cover at the upper forecast),,0.0,0.0,0.0,0.0,0.0,1,305.0
305,HIGH,BR002,MED466,Vitamin C Chewable 1000mg (ApexLife Pharma),Vitamins,27,8.89,18.843,85.587,HIGH,REORDER_SOON,46,NORMAL,MEDIUM,REORDER_SOON,8.9 days of cover: 27 units in stock at expected demand of 3.04 units/day. Stock 27 is below the reorder point 30.2 (lead-time demand 21.2 + safety stock 9.0); stock may not cover the lead time at the upper forecast (29.2 units); suggested order 46 units (escalated from MEDIUM because of only 6.5 days of cover at the upper forecast),,0.0,0.0,0.0,0.0,0.0,1,305.0
306,HIGH,BR002,MED468,Vitamin C Chewable 1000mg (CarePlus Laboratories),Vitamins,10,9.03,5.639,28.468,HIGH,REORDER_SOON,20,NORMAL,LOW,REORDER_SOON,9.0 days of cover: 10 units in stock at expected demand of 1.11 units/day. Stock 10 is below the reorder point 13.9 (lead-time demand 7.8 + safety stock 6.2); stock may not cover the lead time at the upper forecast (11.1 units); suggested order 20 units (escalated from MEDIUM because of only 6.3 days of cover at the upper forecast),,0.0,0.0,0.0,0.0,0.0,1,305.0
307,HIGH,BR002,MED481,Calamine Lotion 100ml (TrueLife Remedies),Dermatological,4,16.0,1.103,5.728,MEDIUM,REORDER_SOON,4,NORMAL,LOW,REORDER_SOON,16.0 days of cover: 4 units in stock at expected demand of 0.25 units/day. Stock 4 is below the reorder point 4.1 (lead-time demand 1.8 + safety stock 2.4); stock may not cover the lead time at the upper forecast (4.6 units); suggested order 4 units (escalated from LOW because of only 6.2 days of cover at the upper forecast; highly variable weekly demand (CV 1.02)),,0.0,0.0,0.0,0.0,0.0,1,305.0
308,HIGH,BR002,MED483,Clotrimazole Cream 1% (CureLine Healthcare),Dermatological,3,14.0,0.799,4.205,MEDIUM,REORDER_SOON,5,NORMAL,LOW,REORDER_SOON,14.0 days of cover: 3 units in stock at expected demand of 0.21 units/day. Stock 3 is below the reorder point 4.7 (lead-time demand 1.5 + safety stock 3.2); stock may not cover the lead time at the upper forecast (3.1 units); suggested order 5 units (escalated from LOW because of only 6.8 days of cover at the upper forecast),,0.0,0.0,0.0,0.0,0.0,1,305.0
309,HIGH,BR002,MED484,Clotrimazole Cream 2%,Dermatological,3,7.64,1.769,9.802,HIGH,REORDER_SOON,8,NORMAL,LOW,REORDER_SOON,7.6 days of cover: 3 units in stock at expected demand of 0.39 units/day. Stock 3 is below the reorder point 5.0 (lead-time demand 2.8 + safety stock 2.3); stock may not cover the lead time at the upper forecast (5.2 units); suggested order 8 units (escalated from MEDIUM because of only 4.0 days of cover at the upper forecast),,0.0,0.0,0.0,0.0,0.0,1,305.0
310,HIGH,BR002,MED488,Fusidic Acid Cream 2% (BlueCrest Pharma),Dermatological,2,7.0,1.111,6.525,HIGH,ORDER_NOW,7,NORMAL,LOW,ORDER_NOW,7.0 days of cover: 2 units in stock at expected demand of 0.29 units/day. Stock 2 <= expected demand during the 7-day lead time (2.0): a stockout is expected before a new order could arrive; order up to 8.2 units; suggested order 7 units (escalated from MEDIUM because of only 3.1 days of cover at the upper forecast; highly variable weekly demand (CV 1.20)),,0.0,0.0,0.0,0.0,0.0,1,305.0
311,HIGH,BR002,MED490,Hydrocortisone Cream 1% (CarePlus Laboratories),Dermatological,5,9.33,1.891,10.444,HIGH,REORDER_SOON,10,NORMAL,LOW,REORDER_SOON,9.3 days of cover: 5 units in stock at expected demand of 0.54 units/day. Stock 5 is below the reorder point 7.4 (lead-time demand 3.8 + safety stock 3.7); stock may not cover the lead time at the upper forecast (5.3 units); suggested order 10 units (escalated from MEDIUM because of stockout history (1 days in the last 28; out of stock on 4.9% of all days observed) and only 6.6 days of cover at the upper forecast),,0.0,0.0,0.0,0.0,0.0,1,305.0
312,HIGH,BR003,MED013,Metformin 500mg,Antidiabetic,47,10.88,27.579,126.766,HIGH,NO_REORDER,0,NORMAL,LOW,MONITOR_STOCK_CLOSELY,10.9 days of cover: 47 units in stock at expected demand of 4.32 units/day (escalated from MEDIUM because of stockout history (0 days in the last 28; out of stock on 9.3% of all days observed)),,0.0,0.0,0.0,0.0,0.0,1,305.0
313,HIGH,BR003,MED040,Rosuvastatin 10mg,Cardiovascular,24,12.44,9.823,46.868,HIGH,NO_REORDER,0,NORMAL,LOW,MONITOR_STOCK_CLOSELY,12.4 days of cover: 24 units in stock at expected demand of 1.93 units/day (escalated from MEDIUM because of stockout history (0 days in the last 28; out of stock on 2.6% of all days observed)),,0.0,0.0,0.0,0.0,0.0,1,305.0
314,HIGH,BR003,MED063,Diclofenac 50mg (VitaCure Remedies),Analgesics,8,8.0,5.188,25.369,HIGH,REORDER_SOON,19,NORMAL,LOW,REORDER_SOON,8.0 days of cover: 8 units in stock at expected demand of 1.00 units/day. Stock 8 is below the reorder point 12.8 (lead-time demand 7.0 + safety stock 5.8); stock may not cover the lead time at the upper forecast (10.7 units); suggested order 19 units (escalated from MEDIUM because of only 5.2 days of cover at the upper forecast),,0.0,0.0,0.0,0.0,0.0,1,305.0
315,HIGH,BR003,MED073,Ibuprofen 200mg,Analgesics,14,8.71,8.574,40.48,HIGH,REORDER_SOON,26,NORMAL,LOW,REORDER_SOON,8.7 days of cover: 14 units in stock at expected demand of 1.61 units/day. Stock 14 is below the reorder point 17.4 (lead-time demand 11.2 + safety stock 6.2); stock may not cover the lead time at the upper forecast (18.9 units); suggested order 26 units (escalated from MEDIUM because of only 5.2 days of cover at the upper forecast),,0.0,0.0,0.0,0.0,0.0,1,305.0
316,HIGH,BR003,MED086,Naproxen 500mg (CarePlus Laboratories),Analgesics,56,8.34,44.045,201.808,HIGH,REORDER_SOON,99,NORMAL,LOW,REORDER_SOON,8.3 days of cover: 56 units in stock at expected demand of 6.71 units/day. Stock 56 is below the reorder point 60.8 (lead-time demand 47.0 + safety stock 13.8); suggested order 99 units (escalated from MEDIUM because of stockout history (0 days in the last 28; out of stock on 2.9% of all days observed)),,0.0,0.0,0.0,0.0,0.0,1,305.0
317,HIGH,BR003,MED096,Amoxicillin 250mg (CureLine Healthcare),Antibiotics,7,12.25,2.813,13.866,HIGH,REORDER_SOON,10,NORMAL,LOW,REORDER_SOON,12.2 days of cover: 7 units in stock at expected demand of 0.57 units/day. Stock 7 is below the reorder point 8.1 (lead-time demand 4.0 + safety stock 4.1); stock may not cover the lead time at the upper forecast (8.3 units); suggested order 10 units (escalated from MEDIUM because of only 5.9 days of cover at the upper forecast),,0.0,0.0,0.0,0.0,0.0,1,305.0
318,HIGH,BR003,MED098,Amoxicillin 250mg (NovaMed Laboratories),Antibiotics,5,9.33,2.395,12.425,HIGH,REORDER_SOON,11,NORMAL,LOW,REORDER_SOON,9.3 days of cover: 5 units in stock at expected demand of 0.54 units/day. Stock 5 is below the reorder point 7.9 (lead-time demand 3.8 + safety stock 4.1); stock may not cover the lead time at the upper forecast (7.9 units); suggested order 11 units (escalated from MEDIUM because of only 4.4 days of cover at the upper forecast),,0.0,0.0,0.0,0.0,0.0,1,305.0
319,HIGH,BR003,MED107,Amoxicillin + Clavulanic Acid 375mg (TrueLife Remedies),Antibiotics,5,8.75,1.593,6.861,HIGH,REORDER_SOON,11,NORMAL,LOW,REORDER_SOON,8.8 days of cover: 5 units in stock at expected demand of 0.57 units/day. Stock 5 is below the reorder point 7.9 (lead-time demand 4.0 + safety stock 3.9); stock may not cover the lead time at the upper forecast (5.0 units); suggested order 11 units (escalated from MEDIUM because of only 6.9 days of cover at the upper forecast),,0.0,0.0,0.0,0.0,0.0,1,305.0
320,HIGH,BR003,MED116,Azithromycin 250mg (HealthAxis Pharma),Antibiotics,5,7.37,3.047,14.823,HIGH,REORDER_SOON,13,NORMAL,LOW,REORDER_SOON,7.4 days of cover: 5 units in stock at expected demand of 0.68 units/day. Stock 5 is below the reorder point 8.1 (lead-time demand 4.8 + safety stock 3.4); stock may not cover the lead time at the upper forecast (8.5 units); suggested order 13 units (escalated from MEDIUM because of only 4.1 days of cover at the upper forecast),,0.0,0.0,0.0,0.0,0.0,1,305.0
321,HIGH,BR003,MED121,Cefixime 200mg (CureLine Healthcare),Antibiotics,3,12.0,0.846,4.505,HIGH,REORDER_SOON,5,NORMAL,LOW,REORDER_SOON,12.0 days of cover: 3 units in stock at expected demand of 0.25 units/day. Stock 3 is below the reorder point 3.7 (lead-time demand 1.8 + safety stock 2.0); stock may not cover the lead time at the upper forecast (3.1 units); suggested order 5 units (escalated from MEDIUM because of only 6.7 days of cover at the upper forecast; highly variable weekly demand (CV 1.01)),,0.0,0.0,0.0,0.0,0.0,1,305.0
322,HIGH,BR003,MED130,Ciprofloxacin 250mg (LifeSpring Pharma),Antibiotics,16,11.2,7.271,33.018,HIGH,NO_REORDER,0,NORMAL,LOW,MONITOR_STOCK_CLOSELY,11.2 days of cover: 16 units in stock at expected demand of 1.43 units/day (escalated from MEDIUM because of only 6.4 days of cover at the upper forecast),,0.0,0.0,0.0,0.0,0.0,1,305.0
323,HIGH,BR003,MED139,Mefenamic Acid 500mg,Antipyretics,45,9.84,29.72,132.154,HIGH,REORDER_SOON,69,NORMAL,MEDIUM,REORDER_SOON,9.8 days of cover: 45 units in stock at expected demand of 4.57 units/day. Stock 45 is below the reorder point 49.9 (lead-time demand 32.0 + safety stock 17.9); suggested order 69 units (escalated from MEDIUM because of stockout history (0 days in the last 28; out of stock on 2.9% of all days observed)),,0.0,0.0,0.0,0.0,0.0,1,305.0
324,HIGH,BR003,MED144,Mefenamic Acid 500mg (NovaMed Laboratories),Antipyretics,16,12.89,8.69,39.12,HIGH,REORDER_SOON,22,NORMAL,LOW,REORDER_SOON,12.9 days of cover: 16 units in stock at expected demand of 1.24 units/day. Stock 16 is below the reorder point 20.5 (lead-time demand 8.7 + safety stock 11.8); stock may not cover the lead time at the upper forecast (19.0 units); suggested order 22 units (escalated from MEDIUM because of stockout history (9 days in the last 28; out of stock on 8.2% of all days observed) and only 5.9 days of cover at the upper forecast),,0.0,0.0,0.0,0.0,0.0,1,305.0
325,HIGH,BR003,MED154,Paracetamol Suspension 250mg/5ml (CarePlus Laboratories),Antipyretics,7,7.26,4.406,18.97,HIGH,REORDER_SOON,18,NORMAL,LOW,REORDER_SOON,7.3 days of cover: 7 units in stock at expected demand of 0.96 units/day. Stock 7 is below the reorder point 10.9 (lead-time demand 6.8 + safety stock 4.1); stock may not cover the lead time at the upper forecast (9.9 units); suggested order 18 units (escalated from MEDIUM because of stockout history (5 days in the last 28; out of stock on 4.8% of all days observed) and only 4.9 days of cover at the upper forecast),,0.0,0.0,0.0,0.0,0.0,1,305.0
326,HIGH,BR003,MED171,Cetirizine 5mg (Stellar Formulations),Antihistamines,9,10.96,4.83,24.081,HIGH,REORDER_SOON,14,NORMAL,LOW,REORDER_SOON,11.0 days of cover: 9 units in stock at expected demand of 0.82 units/day. Stock 9 is below the reorder point 11.1 (lead-time demand 5.8 + safety stock 5.3); stock may not cover the lead time at the upper forecast (10.3 units); suggested order 14 units (escalated from MEDIUM because of stockout history (3 days in the last 28; out of stock on 3.6% of all days observed) and only 6.1 days of cover at the upper forecast),,0.0,0.0,0.0,0.0,0.0,1,305.0
327,HIGH,BR003,MED183,Fexofenadine 120mg (CureLine Healthcare),Antihistamines,5,9.33,1.599,9.765,HIGH,REORDER_SOON,10,NORMAL,LOW,REORDER_SOON,9.3 days of cover: 5 units in stock at expected demand of 0.54 units/day. Stock 5 is below the reorder point 7.2 (lead-time demand 3.8 + safety stock 3.4); stock may not cover the lead time at the upper forecast (5.0 units); suggested order 10 units (escalated from MEDIUM because of only 6.9 days of cover at the upper forecast),,0.0,0.0,0.0,0.0,0.0,1,305.0
328,HIGH,BR003,MED194,Levocetirizine 5mg (NovaMed Laboratories),Antihistamines,8,13.18,3.499,18.05,HIGH,NO_REORDER,0,NORMAL,LOW,MONITOR_STOCK_CLOSELY,13.2 days of cover: 8 units in stock at expected demand of 0.61 units/day (escalated from MEDIUM because of only 6.2 days of cover at the upper forecast),,0.0,0.0,0.0,0.0,0.0,1,305.0
329,HIGH,BR003,MED202,Montelukast + Levocetirizine 10mg/5mg (Stellar Formulations),Antihistamines,10,10.77,5.333,26.96,HIGH,REORDER_SOON,16,NORMAL,LOW,REORDER_SOON,10.8 days of cover: 10 units in stock at expected demand of 0.93 units/day. Stock 10 is below the reorder point 12.5 (lead-time demand 6.5 + safety stock 6.0); stock may not cover the lead time at the upper forecast (10.8 units); suggested order 16 units (escalated from MEDIUM because of only 6.5 days of cover at the upper forecast),,0.0,0.0,0.0,0.0,0.0,1,305.0
330,HIGH,BR003,MED210,Domperidone 10mg (NovaMed Laboratories),Gastrointestinal,6,10.5,1.751,7.251,HIGH,REORDER_SOON,10,NORMAL,LOW,REORDER_SOON,10.5 days of cover: 6 units in stock at expected demand of 0.57 units/day. Stock 6 is below the reorder point 7.3 (lead-time demand 4.0 + safety stock 3.3); suggested order 10 units (escalated from MEDIUM because of stockout history (4 days in the last 28; out of stock on 1.1% of all days observed)),,0.0,0.0,0.0,0.0,0.0,1,305.0
331,HIGH,BR003,MED219,Omeprazole 20mg (TrueLife Remedies),Gastrointestinal,16,13.58,6.448,29.006,HIGH,NO_REORDER,0,NORMAL,LOW,MONITOR_STOCK_CLOSELY,13.6 days of cover: 16 units in stock at expected demand of 1.18 units/day (escalated from MEDIUM because of only 6.7 days of cover at the upper forecast),,0.0,0.0,0.0,0.0,0.0,1,305.0
332,HIGH,BR003,MED239,ORS Powder 21.8g (HealthAxis Pharma),Gastrointestinal,61,11.02,35.76,157.441,HIGH,NO_REORDER,0,NORMAL,LOW,MONITOR_STOCK_CLOSELY,11.0 days of cover: 61 units in stock at expected demand of 5.54 units/day (escalated from MEDIUM because of stockout history (0 days in the last 28; out of stock on 3.4% of all days observed)),,0.0,0.0,0.0,0.0,0.0,1,305.0
333,HIGH,BR003,MED250,Pantoprazole 20mg (ApexLife Pharma),Gastrointestinal,4,8.62,1.748,8.595,HIGH,REORDER_SOON,10,NORMAL,LOW,REORDER_SOON,8.6 days of cover: 4 units in stock at expected demand of 0.46 units/day. Stock 4 is below the reorder point 6.6 (lead-time demand 3.2 + safety stock 3.3); stock may not cover the lead time at the upper forecast (5.2 units); suggested order 10 units (escalated from MEDIUM because of stockout history (0 days in the last 28; out of stock on 2.6% of all days observed) and only 5.4 days of cover at the upper forecast),,0.0,0.0,0.0,0.0,0.0,1,305.0
334,HIGH,BR003,MED278,Aspirin 150mg (CarePlus Laboratories),Cardiovascular,13,8.47,7.745,38.213,HIGH,REORDER_SOON,28,NORMAL,LOW,REORDER_SOON,8.5 days of cover: 13 units in stock at expected demand of 1.54 units/day. Stock 13 is below the reorder point 19.5 (lead-time demand 10.8 + safety stock 8.7); stock may not cover the lead time at the upper forecast (18.1 units); suggested order 28 units (escalated from MEDIUM because of stockout history (0 days in the last 28; out of stock on 4.2% of all days observed) and only 5.0 days of cover at the upper forecast),,0.0,0.0,0.0,0.0,0.0,1,305.0
335,HIGH,BR003,MED288,Atorvastatin 40mg,Cardiovascular,13,8.47,6.51,32.75,HIGH,REORDER_SOON,27,NORMAL,LOW,REORDER_SOON,8.5 days of cover: 13 units in stock at expected demand of 1.54 units/day. Stock 13 is below the reorder point 18.3 (lead-time demand 10.8 + safety stock 7.6); stock may not cover the lead time at the upper forecast (16.8 units); suggested order 27 units (escalated from MEDIUM because of only 5.4 days of cover at the upper forecast),,0.0,0.0,0.0,0.0,0.0,1,305.0
336,HIGH,BR003,MED306,Metoprolol 50mg (Aarogya Formulations),Cardiovascular,13,8.88,6.377,31.147,HIGH,REORDER_SOON,24,NORMAL,LOW,REORDER_SOON,8.9 days of cover: 13 units in stock at expected demand of 1.46 units/day. Stock 13 is below the reorder point 16.1 (lead-time demand 10.2 + safety stock 5.9); stock may not cover the lead time at the upper forecast (16.7 units); suggested order 24 units (escalated from MEDIUM because of stockout history (2 days in the last 28; out of stock on 3.6% of all days observed) and only 5.5 days of cover at the upper forecast),,0.0,0.0,0.0,0.0,0.0,1,305.0
337,HIGH,BR003,MED311,Metoprolol 25mg (CureLine Healthcare),Cardiovascular,15,12.0,7.005,34.464,HIGH,REORDER_SOON,19,NORMAL,LOW,REORDER_SOON,12.0 days of cover: 15 units in stock at expected demand of 1.25 units/day. Stock 15 is below the reorder point 15.9 (lead-time demand 8.8 + safety stock 7.1); stock may not cover the lead time at the upper forecast (17.3 units); suggested order 19 units (escalated from MEDIUM because of only 6.1 days of cover at the upper forecast),,0.0,0.0,0.0,0.0,0.0,1,305.0
338,HIGH,BR003,MED324,Rosuvastatin 20mg (Stellar Formulations),Cardiovascular,16,9.96,8.464,40.598,HIGH,REORDER_SOON,27,NORMAL,LOW,REORDER_SOON,10.0 days of cover: 16 units in stock at expected demand of 1.61 units/day. Stock 16 is below the reorder point 19.7 (lead-time demand 11.2 + safety stock 8.5); stock may not cover the lead time at the upper forecast (18.8 units); suggested order 27 units (escalated from MEDIUM because of only 6.0 days of cover at the upper forecast),,0.0,0.0,0.0,0.0,0.0,1,305.0
339,HIGH,BR003,MED327,Telmisartan 40mg (Aarogya Formulations),Cardiovascular,145,11.37,74.983,314.89,HIGH,NO_REORDER,0,NORMAL,LOW,MONITOR_STOCK_CLOSELY,11.4 days of cover: 145 units in stock at expected demand of 12.75 units/day (escalated from MEDIUM because of stockout history (0 days in the last 28; out of stock on 7.5% of all days observed)),,0.0,0.0,0.0,0.0,0.0,1,305.0
340,HIGH,BR003,MED332,Telmisartan 20mg,Cardiovascular,15,10.77,7.165,35.119,HIGH,REORDER_SOON,23,NORMAL,LOW,REORDER_SOON,10.8 days of cover: 15 units in stock at expected demand of 1.39 units/day. Stock 15 is below the reorder point 18.4 (lead-time demand 9.8 + safety stock 8.7); stock may not cover the lead time at the upper forecast (17.5 units); suggested order 23 units (escalated from MEDIUM because of only 6.0 days of cover at the upper forecast),,0.0,0.0,0.0,0.0,0.0,1,305.0
341,HIGH,BR003,MED349,Gliclazide 40mg,Antidiabetic,7,9.8,3.618,19.032,HIGH,REORDER_SOON,14,NORMAL,LOW,REORDER_SOON,9.8 days of cover: 7 units in stock at expected demand of 0.71 units/day. Stock 7 is below the reorder point 10.6 (lead-time demand 5.0 + safety stock 5.6); stock may not cover the lead time at the upper forecast (9.1 units); suggested order 14 units (escalated from MEDIUM because of only 5.4 days of cover at the upper forecast),,0.0,0.0,0.0,0.0,0.0,1,305.0
342,HIGH,BR003,MED360,Glimepiride 1mg (CarePlus Laboratories),Antidiabetic,17,8.81,10.426,48.612,HIGH,REORDER_SOON,33,NORMAL,LOW,REORDER_SOON,8.8 days of cover: 17 units in stock at expected demand of 1.93 units/day. Stock 17 is below the reorder point 22.5 (lead-time demand 13.5 + safety stock 9.0); stock may not cover the lead time at the upper forecast (20.7 units); suggested order 33 units (escalated from MEDIUM because of only 5.7 days of cover at the upper forecast),,0.0,0.0,0.0,0.0,0.0,1,305.0
343,HIGH,BR003,MED370,Glimepiride 3mg (Summit Lifesciences),Antidiabetic,3,8.4,0.788,4.681,HIGH,REORDER_SOON,9,NORMAL,LOW,REORDER_SOON,8.4 days of cover: 3 units in stock at expected demand of 0.36 units/day. Stock 3 is below the reorder point 7.0 (lead-time demand 2.5 + safety stock 4.5); stock may not cover the lead time at the upper forecast (3.1 units); suggested order 9 units (escalated from MEDIUM because of only 6.8 days of cover at the upper forecast; highly variable weekly demand (CV 1.26)),,0.0,0.0,0.0,0.0,0.0,1,305.0
344,HIGH,BR003,MED374,Glimepiride + Metformin 2mg/500mg (Stellar Formulations),Antidiabetic,9,9.0,4.049,20.741,HIGH,REORDER_SOON,18,NORMAL,LOW,REORDER_SOON,9.0 days of cover: 9 units in stock at expected demand of 1.00 units/day. Stock 9 is below the reorder point 12.4 (lead-time demand 7.0 + safety stock 5.4); stock may not cover the lead time at the upper forecast (9.5 units); suggested order 18 units (escalated from MEDIUM because of only 6.6 days of cover at the upper forecast),,0.0,0.0,0.0,0.0,0.0,1,305.0
345,HIGH,BR003,MED381,Glimepiride + Metformin 1mg/500mg (Zenith BioPharma),Antidiabetic,81,8.79,60.414,249.798,HIGH,REORDER_SOON,140,NORMAL,LOW,REORDER_SOON,8.8 days of cover: 81 units in stock at expected demand of 9.21 units/day. Stock 81 is below the reorder point 91.6 (lead-time demand 64.5 + safety stock 27.1); suggested order 140 units (escalated from MEDIUM because of stockout history (1 days in the last 28; out of stock on 5.8% of all days observed)),,0.0,0.0,0.0,0.0,0.0,1,305.0
346,HIGH,BR003,MED397,Sitagliptin 50mg,Antidiabetic,9,7.2,5.815,30.135,HIGH,REORDER_SOON,25,NORMAL,LOW,REORDER_SOON,7.2 days of cover: 9 units in stock at expected demand of 1.25 units/day. Stock 9 is below the reorder point 16.3 (lead-time demand 8.8 + safety stock 7.6); stock may not cover the lead time at the upper forecast (11.3 units); suggested order 25 units (escalated from MEDIUM because of only 5.6 days of cover at the upper forecast),,0.0,0.0,0.0,0.0,0.0,1,305.0
347,HIGH,BR003,MED443,Calcium + Vitamin D3 500mg/250IU (ApexLife Pharma),Vitamins,16,12.11,7.856,35.602,HIGH,NO_REORDER,0,NORMAL,LOW,MONITOR_STOCK_CLOSELY,12.1 days of cover: 16 units in stock at expected demand of 1.32 units/day (escalated from MEDIUM because of only 6.2 days of cover at the upper forecast),,0.0,0.0,0.0,0.0,0.0,1,305.0
348,HIGH,BR003,MED445,Calcium + Vitamin D3 500mg/250IU (HealthAxis Pharma),Vitamins,16,12.8,7.303,33.372,HIGH,NO_REORDER,0,NORMAL,LOW,MONITOR_STOCK_CLOSELY,12.8 days of cover: 16 units in stock at expected demand of 1.25 units/day (escalated from MEDIUM because of only 6.4 days of cover at the upper forecast),,0.0,0.0,0.0,0.0,0.0,1,305.0
349,HIGH,BR003,MED460,Multivitamin B-complex+C (TrueLife Remedies),Vitamins,17,11.33,8.096,37.085,HIGH,REORDER_SOON,22,NORMAL,LOW,REORDER_SOON,11.3 days of cover: 17 units in stock at expected demand of 1.50 units/day. Stock 17 is below the reorder point 17.3 (lead-time demand 10.5 + safety stock 6.8); stock may not cover the lead time at the upper forecast (18.4 units); suggested order 22 units (escalated from MEDIUM because of only 6.5 days of cover at the upper forecast),,0.0,0.0,0.0,0.0,0.0,1,305.0
350,HIGH,BR003,MED465,Vitamin C Chewable 1000mg,Vitamins,12,10.5,6.326,31.079,HIGH,REORDER_SOON,17,NORMAL,LOW,REORDER_SOON,10.5 days of cover: 12 units in stock at expected demand of 1.14 units/day. Stock 12 is below the reorder point 12.5 (lead-time demand 8.0 + safety stock 4.5); stock may not cover the lead time at the upper forecast (16.6 units); suggested order 17 units (escalated from MEDIUM because of only 5.0 days of cover at the upper forecast),,0.0,0.0,0.0,0.0,0.0,1,305.0
351,HIGH,BR003,MED470,Vitamin C Chewable 1000mg (NovaMed Laboratories),Vitamins,9,10.08,5.237,24.189,HIGH,REORDER_SOON,15,NORMAL,LOW,REORDER_SOON,10.1 days of cover: 9 units in stock at expected demand of 0.89 units/day. Stock 9 is below the reorder point 10.8 (lead-time demand 6.2 + safety stock 4.5); stock may not cover the lead time at the upper forecast (10.7 units); suggested order 15 units (escalated from MEDIUM because of only 5.9 days of cover at the upper forecast),,0.0,0.0,0.0,0.0,0.0,1,305.0
352,HIGH,BR003,MED480,Calamine Lotion 100ml (Stellar Formulations),Dermatological,5,11.67,2.138,9.521,HIGH,REORDER_SOON,9,NORMAL,LOW,REORDER_SOON,11.7 days of cover: 5 units in stock at expected demand of 0.43 units/day. Stock 5 is below the reorder point 8.0 (lead-time demand 3.0 + safety stock 5.0); stock may not cover the lead time at the upper forecast (7.6 units); suggested order 9 units (escalated from MEDIUM because of stockout history (0 days in the last 28; out of stock on 5.3% of all days observed) and only 4.6 days of cover at the upper forecast),,0.0,0.0,0.0,0.0,0.0,1,305.0
353,HIGH,BR003,MED484,Clotrimazole Cream 2%,Dermatological,4,18.67,1.259,4.563,MEDIUM,REORDER_SOON,4,NORMAL,LOW,REORDER_SOON,18.7 days of cover: 4 units in stock at expected demand of 0.21 units/day. Stock 4 is below the reorder point 4.8 (lead-time demand 1.5 + safety stock 3.3); stock may not cover the lead time at the upper forecast (4.7 units); suggested order 4 units (escalated from LOW because of only 5.9 days of cover at the upper forecast),,0.0,0.0,0.0,0.0,0.0,1,305.0
354,HIGH,BR003,MED490,Hydrocortisone Cream 1% (CarePlus Laboratories),Dermatological,5,11.67,2.058,9.775,HIGH,REORDER_SOON,9,NORMAL,LOW,REORDER_SOON,11.7 days of cover: 5 units in stock at expected demand of 0.43 units/day. Stock 5 is below the reorder point 7.1 (lead-time demand 3.0 + safety stock 4.1); stock may not cover the lead time at the upper forecast (5.5 units); suggested order 9 units (escalated from MEDIUM because of stockout history (0 days in the last 28; out of stock on 3.4% of all days observed) and only 6.4 days of cover at the upper forecast),,0.0,0.0,0.0,0.0,0.0,1,305.0
355,HIGH,BR004,MED013,Metformin 500mg,Antidiabetic,42,13.84,19.628,85.36,HIGH,NO_REORDER,0,NORMAL,LOW,MONITOR_STOCK_CLOSELY,13.8 days of cover: 42 units in stock at expected demand of 3.04 units/day (escalated from MEDIUM because of stockout history (0 days in the last 28; out of stock on 10.1% of all days observed)),,0.0,0.0,0.0,0.0,0.0,1,305.0
356,HIGH,BR004,MED019,Clotrimazole Cream 1%,Dermatological,6,7.3,4.395,18.254,HIGH,REORDER_SOON,16,NORMAL,LOW,REORDER_SOON,7.3 days of cover: 6 units in stock at expected demand of 0.82 units/day. Stock 6 is below the reorder point 10.1 (lead-time demand 5.8 + safety stock 4.3); stock may not cover the lead time at the upper forecast (9.9 units); suggested order 16 units (escalated from MEDIUM because of only 4.2 days of cover at the upper forecast),,0.0,0.0,0.0,0.0,0.0,1,305.0
357,HIGH,BR004,MED025,Ciprofloxacin 500mg,Antibiotics,4,10.18,1.994,9.914,HIGH,REORDER_SOON,8,NORMAL,LOW,REORDER_SOON,10.2 days of cover: 4 units in stock at expected demand of 0.39 units/day. Stock 4 is below the reorder point 5.8 (lead-time demand 2.8 + safety stock 3.1); stock may not cover the lead time at the upper forecast (5.4 units); suggested order 8 units (escalated from MEDIUM because of stockout history (3 days in the last 28; out of stock on 1.5% of all days observed) and only 5.1 days of cover at the upper forecast),,0.0,0.0,0.0,0.0,0.0,1,305.0
358,HIGH,BR004,MED031,Montelukast + Levocetirizine 10mg/5mg,Antihistamines,13,7.0,11.836,54.488,HIGH,ORDER_NOW,32,NORMAL,LOW,ORDER_NOW,7.0 days of cover: 13 units in stock at expected demand of 1.86 units/day. Stock 13 <= expected demand during the 7-day lead time (13.0): a stockout is expected before a new order could arrive; order up to 44.6 units; suggested order 32 units (escalated from MEDIUM because of only 4.1 days of cover at the upper forecast),,0.0,0.0,0.0,0.0,0.0,1,305.0
359,HIGH,BR004,MED040,Rosuvastatin 10mg,Cardiovascular,14,10.32,7.27,34.771,HIGH,REORDER_SOON,22,NORMAL,LOW,REORDER_SOON,10.3 days of cover: 14 units in stock at expected demand of 1.36 units/day. Stock 14 is below the reorder point 16.7 (lead-time demand 9.5 + safety stock 7.2); stock may not cover the lead time at the upper forecast (17.6 units); suggested order 22 units (escalated from MEDIUM because of stockout history (0 days in the last 28; out of stock on 3.6% of all days observed) and only 5.6 days of cover at the upper forecast),,0.0,0.0,0.0,0.0,0.0,1,305.0
360,HIGH,BR004,MED048,Dextromethorphan Syrup 100ml,Respiratory,17,12.53,8.019,35.402,HIGH,NO_REORDER,0,NORMAL,LOW,MONITOR_STOCK_CLOSELY,12.5 days of cover: 17 units in stock at expected demand of 1.36 units/day (escalated from MEDIUM because of only 6.5 days of cover at the upper forecast),,0.0,0.0,0.0,0.0,0.0,1,305.0
361,HIGH,BR004,MED050,Calcium + Vitamin D3 500mg/250IU,Vitamins,4,16.0,1.049,5.392,MEDIUM,REORDER_SOON,4,NORMAL,LOW,REORDER_SOON,16.0 days of cover: 4 units in stock at expected demand of 0.25 units/day. Stock 4 is below the reorder point 4.2 (lead-time demand 1.8 + safety stock 2.4); stock may not cover the lead time at the upper forecast (4.5 units); suggested order 4 units (escalated from LOW because of only 6.2 days of cover at the upper forecast),,0.0,0.0,0.0,0.0,0.0,1,305.0
362,HIGH,BR004,MED058,Aceclofenac + Paracetamol 100mg/325mg (VitaCure Remedies),Analgesics,5,8.24,2.912,15.03,HIGH,REORDER_SOON,13,NORMAL,LOW,REORDER_SOON,8.2 days of cover: 5 units in stock at expected demand of 0.61 units/day. Stock 5 is below the reorder point 9.4 (lead-time demand 4.2 + safety stock 5.1); stock may not cover the lead time at the upper forecast (8.4 units); suggested order 13 units (escalated from MEDIUM because of only 4.2 days of cover at the upper forecast),,0.0,0.0,0.0,0.0,0.0,1,305.0
363,HIGH,BR004,MED061,Diclofenac 50mg (Stellar Formulations),Analgesics,3,10.5,1.31,8.36,HIGH,REORDER_SOON,6,NORMAL,LOW,REORDER_SOON,10.5 days of cover: 3 units in stock at expected demand of 0.29 units/day. Stock 3 is below the reorder point 4.0 (lead-time demand 2.0 + safety stock 2.0); stock may not cover the lead time at the upper forecast (4.8 units); suggested order 6 units (escalated from MEDIUM because of only 4.4 days of cover at the upper forecast; highly variable weekly demand (CV 1.01)),,0.0,0.0,0.0,0.0,0.0,1,305.0
364,HIGH,BR004,MED089,Paracetamol 500mg (Aarogya Formulations),Analgesics,4,11.2,1.207,6.208,HIGH,REORDER_SOON,6,NORMAL,LOW,REORDER_SOON,11.2 days of cover: 4 units in stock at expected demand of 0.36 units/day. Stock 4 is below the reorder point 4.7 (lead-time demand 2.5 + safety stock 2.2); stock may not cover the lead time at the upper forecast (4.7 units); suggested order 6 units (escalated from MEDIUM because of only 6.0 days of cover at the upper forecast; highly variable weekly demand (CV 1.26)),,0.0,0.0,0.0,0.0,0.0,1,305.0
365,HIGH,BR004,MED091,Paracetamol 500mg (HealthAxis Pharma),Analgesics,25,13.46,11.795,53.42,HIGH,NO_REORDER,0,NORMAL,LOW,MONITOR_STOCK_CLOSELY,13.5 days of cover: 25 units in stock at expected demand of 1.86 units/day (escalated from MEDIUM because of stockout history (0 days in the last 28; out of stock on 4.8% of all days observed)),,0.0,0.0,0.0,0.0,0.0,1,305.0
366,HIGH,BR004,MED097,Amoxicillin 250mg (LifeSpring Pharma),Antibiotics,7,9.8,3.686,17.4,HIGH,REORDER_SOON,14,NORMAL,LOW,REORDER_SOON,9.8 days of cover: 7 units in stock at expected demand of 0.71 units/day. Stock 7 is below the reorder point 10.5 (lead-time demand 5.0 + safety stock 5.5); stock may not cover the lead time at the upper forecast (9.2 units); suggested order 14 units (escalated from MEDIUM because of only 5.3 days of cover at the upper forecast),,0.0,0.0,0.0,0.0,0.0,1,305.0
367,HIGH,BR004,MED106,Amoxicillin + Clavulanic Acid 375mg (Summit Lifesciences),Antibiotics,3,12.0,0.752,4.238,HIGH,REORDER_SOON,6,NORMAL,LOW,REORDER_SOON,12.0 days of cover: 3 units in stock at expected demand of 0.25 units/day. Stock 3 is below the reorder point 5.3 (lead-time demand 1.8 + safety stock 3.6); stock may not cover the lead time at the upper forecast (3.0 units); suggested order 6 units (escalated from MEDIUM because of only 6.9 days of cover at the upper forecast),,0.0,0.0,0.0,0.0,0.0,1,305.0
368,HIGH,BR004,MED127,Cefixime 100mg (VitaCure Remedies),Antibiotics,17,9.71,10.11,44.034,HIGH,REORDER_SOON,26,NORMAL,LOW,REORDER_SOON,9.7 days of cover: 17 units in stock at expected demand of 1.75 units/day. Stock 17 is below the reorder point 18.2 (lead-time demand 12.2 + safety stock 5.9); stock may not cover the lead time at the upper forecast (20.4 units); suggested order 26 units (escalated from MEDIUM because of stockout history (2 days in the last 28; out of stock on 3.2% of all days observed) and only 5.8 days of cover at the upper forecast),,0.0,0.0,0.0,0.0,0.0,1,305.0
369,HIGH,BR004,MED135,Mefenamic Acid 250mg (ApexLife Pharma),Antipyretics,9,12.6,3.79,17.246,HIGH,NO_REORDER,0,NORMAL,LOW,MONITOR_STOCK_CLOSELY,12.6 days of cover: 9 units in stock at expected demand of 0.71 units/day (escalated from MEDIUM because of only 6.8 days of cover at the upper forecast),,0.0,0.0,0.0,0.0,0.0,1,305.0
370,HIGH,BR004,MED155,Paracetamol Suspension 250mg/5ml (CureLine Healthcare),Antipyretics,12,11.2,4.333,21.193,HIGH,REORDER_SOON,18,NORMAL,LOW,REORDER_SOON,11.2 days of cover: 12 units in stock at expected demand of 1.07 units/day. Stock 12 is below the reorder point 14.1 (lead-time demand 7.5 + safety stock 6.6); suggested order 18 units (escalated from MEDIUM because of stockout history (2 days in the last 28; out of stock on 4.8% of all days observed)),,0.0,0.0,0.0,0.0,0.0,1,305.0
371,HIGH,BR004,MED158,Paracetamol Suspension 125mg/5ml (LifeSpring Pharma),Antipyretics,14,8.17,11.217,45.174,HIGH,REORDER_SOON,33,NORMAL,MEDIUM,REORDER_SOON,8.2 days of cover: 14 units in stock at expected demand of 1.71 units/day. Stock 14 is below the reorder point 22.2 (lead-time demand 12.0 + safety stock 10.2); stock may not cover the lead time at the upper forecast (21.5 units); suggested order 33 units (escalated from MEDIUM because of stockout history (2 days in the last 28; out of stock on 5.2% of all days observed) and only 4.6 days of cover at the upper forecast),,0.0,0.0,0.0,0.0,0.0,1,305.0
372,HIGH,BR004,MED162,Cetirizine 10mg (ApexLife Pharma),Antihistamines,3,14.0,0.798,4.368,MEDIUM,REORDER_SOON,5,NORMAL,LOW,REORDER_SOON,14.0 days of cover: 3 units in stock at expected demand of 0.21 units/day. Stock 3 is below the reorder point 4.1 (lead-time demand 1.5 + safety stock 2.6); stock may not cover the lead time at the upper forecast (3.1 units); suggested order 5 units (escalated from LOW because of only 6.8 days of cover at the upper forecast; highly variable weekly demand (CV 1.03)),,0.0,0.0,0.0,0.0,0.0,1,305.0
373,HIGH,BR004,MED163,Cetirizine 10mg (CureLine Healthcare),Antihistamines,17,9.71,11.079,49.919,HIGH,REORDER_SOON,28,NORMAL,LOW,REORDER_SOON,9.7 days of cover: 17 units in stock at expected demand of 1.75 units/day. Stock 17 is below the reorder point 19.8 (lead-time demand 12.2 + safety stock 7.6); stock may not cover the lead time at the upper forecast (21.4 units); suggested order 28 units (escalated from MEDIUM because of only 5.6 days of cover at the upper forecast),,0.0,0.0,0.0,0.0,0.0,1,305.0
374,HIGH,BR004,MED194,Levocetirizine 5mg (NovaMed Laboratories),Antihistamines,2,7.0,0.846,4.893,HIGH,ORDER_NOW,8,NORMAL,LOW,ORDER_NOW,7.0 days of cover: 2 units in stock at expected demand of 0.29 units/day. Stock 2 <= expected demand during the 7-day lead time (2.0): a stockout is expected before a new order could arrive; order up to 9.7 units; suggested order 8 units (escalated from MEDIUM because of only 4.5 days of cover at the upper forecast),,0.0,0.0,0.0,0.0,0.0,1,305.0
375,HIGH,BR004,MED219,Omeprazole 20mg (TrueLife Remedies),Gastrointestinal,18,12.29,6.401,30.31,HIGH,NO_REORDER,0,NORMAL,LOW,MONITOR_STOCK_CLOSELY,12.3 days of cover: 18 units in stock at expected demand of 1.46 units/day (escalated from MEDIUM because of stockout history (5 days in the last 28; out of stock on 0.7% of all days observed)),,0.0,0.0,0.0,0.0,0.0,1,305.0
376,HIGH,BR004,MED238,Ondansetron 8mg (VitaCure Remedies),Gastrointestinal,2,7.0,0.811,4.531,HIGH,ORDER_NOW,8,NORMAL,LOW,ORDER_NOW,7.0 days of cover: 2 units in stock at expected demand of 0.29 units/day. Stock 2 <= expected demand during the 7-day lead time (2.0): a stockout is expected before a new order could arrive; order up to 9.1 units; suggested order 8 units (escalated from MEDIUM because of only 4.5 days of cover at the upper forecast; highly variable weekly demand (CV 1.09)),,0.0,0.0,0.0,0.0,0.0,1,305.0
377,HIGH,BR004,MED245,Pantoprazole 40mg (BlueCrest Pharma),Gastrointestinal,9,11.45,4.486,20.946,HIGH,REORDER_SOON,12,NORMAL,LOW,REORDER_SOON,11.5 days of cover: 9 units in stock at expected demand of 0.79 units/day. Stock 9 is below the reorder point 9.6 (lead-time demand 5.5 + safety stock 4.1); stock may not cover the lead time at the upper forecast (10.0 units); suggested order 12 units (escalated from MEDIUM because of only 6.3 days of cover at the upper forecast),,0.0,0.0,0.0,0.0,0.0,1,305.0
378,HIGH,BR004,MED256,Amlodipine 5mg (BlueCrest Pharma),Cardiovascular,13,9.1,6.964,36.05,HIGH,REORDER_SOON,25,NORMAL,LOW,REORDER_SOON,9.1 days of cover: 13 units in stock at expected demand of 1.43 units/day. Stock 13 is below the reorder point 17.1 (lead-time demand 10.0 + safety stock 7.1); stock may not cover the lead time at the upper forecast (17.3 units); suggested order 25 units (escalated from MEDIUM because of only 5.3 days of cover at the upper forecast),,0.0,0.0,0.0,0.0,0.0,1,305.0
379,HIGH,BR004,MED271,Aspirin 75mg (ApexLife Pharma),Cardiovascular,3,9.33,0.757,4.307,HIGH,REORDER_SOON,7,NORMAL,LOW,REORDER_SOON,9.3 days of cover: 3 units in stock at expected demand of 0.32 units/day. Stock 3 is below the reorder point 5.0 (lead-time demand 2.2 + safety stock 2.7); stock may not cover the lead time at the upper forecast (3.1 units); suggested order 7 units (escalated from MEDIUM because of only 6.9 days of cover at the upper forecast; highly variable weekly demand (CV 1.35)),,0.0,0.0,0.0,0.0,0.0,1,305.0
380,HIGH,BR004,MED280,Aspirin 150mg (TrueLife Remedies),Cardiovascular,16,13.58,6.549,32.932,HIGH,NO_REORDER,0,NORMAL,LOW,MONITOR_STOCK_CLOSELY,13.6 days of cover: 16 units in stock at expected demand of 1.18 units/day (escalated from MEDIUM because of only 6.6 days of cover at the upper forecast),,0.0,0.0,0.0,0.0,0.0,1,305.0
381,HIGH,BR004,MED320,Rosuvastatin 5mg (Stellar Formulations),Cardiovascular,16,12.8,6.371,30.906,HIGH,REORDER_SOON,19,NORMAL,LOW,REORDER_SOON,12.8 days of cover: 16 units in stock at expected demand of 1.25 units/day. Stock 16 is below the reorder point 16.8 (lead-time demand 8.8 + safety stock 8.0); stock may not cover the lead time at the upper forecast (16.7 units); suggested order 19 units (escalated from MEDIUM because of only 6.7 days of cover at the upper forecast),,0.0,0.0,0.0,0.0,0.0,1,305.0
382,HIGH,BR004,MED327,Telmisartan 40mg (Aarogya Formulations),Cardiovascular,87,8.73,60.783,269.385,HIGH,REORDER_SOON,151,NORMAL,LOW,REORDER_SOON,8.7 days of cover: 87 units in stock at expected demand of 9.96 units/day. Stock 87 is below the reorder point 98.2 (lead-time demand 69.8 + safety stock 28.4); suggested order 151 units (escalated from MEDIUM because of stockout history (1 days in the last 28; out of stock on 7.5% of all days observed)),,0.0,0.0,0.0,0.0,0.0,1,305.0
383,HIGH,BR004,MED341,Telmisartan 80mg (Stellar Formulations),Cardiovascular,8,9.74,4.024,20.964,HIGH,REORDER_SOON,15,NORMAL,LOW,REORDER_SOON,9.7 days of cover: 8 units in stock at expected demand of 0.82 units/day. Stock 8 is below the reorder point 11.0 (lead-time demand 5.8 + safety stock 5.2); stock may not cover the lead time at the upper forecast (9.5 units); suggested order 15 units (escalated from MEDIUM because of stockout history (0 days in the last 28; out of stock on 3.0% of all days observed) and only 5.9 days of cover at the upper forecast),,0.0,0.0,0.0,0.0,0.0,1,305.0
384,HIGH,BR004,MED342,Telmisartan 80mg (Summit Lifesciences),Cardiovascular,7,8.17,3.439,17.291,HIGH,REORDER_SOON,17,NORMAL,LOW,REORDER_SOON,8.2 days of cover: 7 units in stock at expected demand of 0.86 units/day. Stock 7 is below the reorder point 11.2 (lead-time demand 6.0 + safety stock 5.2); stock may not cover the lead time at the upper forecast (8.9 units); suggested order 17 units (escalated from MEDIUM because of only 5.5 days of cover at the upper forecast),,0.0,0.0,0.0,0.0,0.0,1,305.0
385,HIGH,BR004,MED354,Gliclazide 40mg (Summit Lifesciences),Antidiabetic,20,10.37,10.408,49.382,HIGH,REORDER_SOON,33,NORMAL,LOW,REORDER_SOON,10.4 days of cover: 20 units in stock at expected demand of 1.93 units/day. Stock 20 is below the reorder point 25.9 (lead-time demand 13.5 + safety stock 12.4); stock may not cover the lead time at the upper forecast (20.7 units); suggested order 33 units (escalated from MEDIUM because of only 6.8 days of cover at the upper forecast),,0.0,0.0,0.0,0.0,0.0,1,305.0
386,HIGH,BR004,MED357,Glimepiride 2mg (Stellar Formulations),Antidiabetic,8,9.74,3.865,21.223,HIGH,REORDER_SOON,15,NORMAL,LOW,REORDER_SOON,9.7 days of cover: 8 units in stock at expected demand of 0.82 units/day. Stock 8 is below the reorder point 11.5 (lead-time demand 5.8 + safety stock 5.7); stock may not cover the lead time at the upper forecast (9.4 units); suggested order 15 units (escalated from MEDIUM because of only 6.0 days of cover at the upper forecast),,0.0,0.0,0.0,0.0,0.0,1,305.0
387,HIGH,BR004,MED374,Glimepiride + Metformin 2mg/500mg (Stellar Formulations),Antidiabetic,5,10.77,1.343,6.288,HIGH,REORDER_SOON,10,NORMAL,LOW,REORDER_SOON,10.8 days of cover: 5 units in stock at expected demand of 0.46 units/day. Stock 5 is below the reorder point 7.8 (lead-time demand 3.2 + safety stock 4.5); suggested order 10 units (escalated from MEDIUM because of stockout history (0 days in the last 28; out of stock on 2.9% of all days observed)),,0.0,0.0,0.0,0.0,0.0,1,305.0
388,HIGH,BR004,MED381,Glimepiride + Metformin 1mg/500mg (Zenith BioPharma),Antidiabetic,80,12.15,46.074,199.731,HIGH,NO_REORDER,0,NORMAL,LOW,MONITOR_STOCK_CLOSELY,12.2 days of cover: 80 units in stock at expected demand of 6.58 units/day (escalated from MEDIUM because of stockout history (0 days in the last 28; out of stock on 5.6% of all days observed)),,0.0,0.0,0.0,0.0,0.0,1,305.0
389,HIGH,BR004,MED408,Ambroxol + Levosalbutamol Syrup 100ml (Summit Lifesciences),Respiratory,4,14.0,1.048,4.976,MEDIUM,REORDER_SOON,5,NORMAL,LOW,REORDER_SOON,14.0 days of cover: 4 units in stock at expected demand of 0.29 units/day. Stock 4 is below the reorder point 4.2 (lead-time demand 2.0 + safety stock 2.2); stock may not cover the lead time at the upper forecast (4.5 units); suggested order 5 units (escalated from LOW because of only 6.2 days of cover at the upper forecast; highly variable weekly demand (CV 1.09)),,0.0,0.0,0.0,0.0,0.0,1,305.0
390,HIGH,BR004,MED427,Montelukast 5mg (NovaMed Laboratories),Respiratory,3,7.64,1.734,8.451,HIGH,REORDER_SOON,8,NORMAL,LOW,REORDER_SOON,7.6 days of cover: 3 units in stock at expected demand of 0.39 units/day. Stock 3 is below the reorder point 4.8 (lead-time demand 2.8 + safety stock 2.1); stock may not cover the lead time at the upper forecast (5.2 units); suggested order 8 units (escalated from MEDIUM because of only 4.1 days of cover at the upper forecast; highly variable weekly demand (CV 1.26)),,0.0,0.0,0.0,0.0,0.0,1,305.0
391,HIGH,BR004,MED444,Calcium + Vitamin D3 500mg/250IU (CureLine Healthcare),Vitamins,8,7.47,5.124,26.129,HIGH,REORDER_SOON,19,NORMAL,LOW,REORDER_SOON,7.5 days of cover: 8 units in stock at expected demand of 1.07 units/day. Stock 8 is below the reorder point 12.0 (lead-time demand 7.5 + safety stock 4.5); stock may not cover the lead time at the upper forecast (10.6 units); suggested order 19 units (escalated from MEDIUM because of only 5.3 days of cover at the upper forecast),,0.0,0.0,0.0,0.0,0.0,1,305.0
392,HIGH,BR004,MED465,Vitamin C Chewable 1000mg,Vitamins,6,7.3,4.059,20.844,HIGH,REORDER_SOON,16,NORMAL,LOW,REORDER_SOON,7.3 days of cover: 6 units in stock at expected demand of 0.82 units/day. Stock 6 is below the reorder point 10.5 (lead-time demand 5.8 + safety stock 4.7); stock may not cover the lead time at the upper forecast (9.6 units); suggested order 16 units (escalated from MEDIUM because of only 4.4 days of cover at the upper forecast),,0.0,0.0,0.0,0.0,0.0,1,305.0
393,HIGH,BR004,MED468,Vitamin C Chewable 1000mg (CarePlus Laboratories),Vitamins,15,11.05,7.133,33.498,HIGH,REORDER_SOON,20,NORMAL,LOW,REORDER_SOON,11.1 days of cover: 15 units in stock at expected demand of 1.36 units/day. Stock 15 is below the reorder point 15.4 (lead-time demand 9.5 + safety stock 5.9); stock may not cover the lead time at the upper forecast (17.5 units); suggested order 20 units (escalated from MEDIUM because of stockout history (0 days in the last 28; out of stock on 2.6% of all days observed) and only 6.0 days of cover at the upper forecast),,0.0,0.0,0.0,0.0,0.0,1,305.0
394,HIGH,BR004,MED476,Vitamin D3 1000IU,Vitamins,4,8.0,2.075,11.338,HIGH,REORDER_SOON,10,NORMAL,LOW,REORDER_SOON,8.0 days of cover: 4 units in stock at expected demand of 0.50 units/day. Stock 4 is below the reorder point 6.3 (lead-time demand 3.5 + safety stock 2.8); stock may not cover the lead time at the upper forecast (5.5 units); suggested order 10 units (escalated from MEDIUM because of only 5.1 days of cover at the upper forecast),,0.0,0.0,0.0,0.0,0.0,1,305.0
395,HIGH,BR005,MED001,Paracetamol 500mg,Analgesics,39,8.34,30.054,134.552,HIGH,REORDER_SOON,70,NORMAL,LOW,REORDER_SOON,8.3 days of cover: 39 units in stock at expected demand of 4.68 units/day. Stock 39 is below the reorder point 43.2 (lead-time demand 32.8 + safety stock 10.4); stock may not cover the lead time at the upper forecast (40.4 units); suggested order 70 units (escalated from MEDIUM because of only 6.8 days of cover at the upper forecast),,0.0,0.0,0.0,0.0,0.0,1,305.0
396,HIGH,BR005,MED004,Azithromycin 500mg,Antibiotics,5,10.77,1.815,9.024,HIGH,REORDER_SOON,8,NORMAL,LOW,REORDER_SOON,10.8 days of cover: 5 units in stock at expected demand of 0.46 units/day. Stock 5 is below the reorder point 6.5 (lead-time demand 3.2 + safety stock 3.2); stock may not cover the lead time at the upper forecast (5.3 units); suggested order 8 units (escalated from MEDIUM because of only 6.7 days of cover at the upper forecast),,0.0,0.0,0.0,0.0,0.0,1,305.0
397,HIGH,BR005,MED005,Paracetamol 650mg,Antipyretics,36,11.08,21.218,86.588,HIGH,REORDER_SOON,48,NORMAL,LOW,REORDER_SOON,11.1 days of cover: 36 units in stock at expected demand of 3.25 units/day. Stock 36 is below the reorder point 38.4 (lead-time demand 22.8 + safety stock 15.7); suggested order 48 units (escalated from MEDIUM because of stockout history (0 days in the last 28; out of stock on 5.8% of all days observed)),,0.0,0.0,0.0,0.0,0.0,1,305.0
398,HIGH,BR005,MED011,Amlodipine 5mg,Cardiovascular,102,11.11,59.544,261.242,HIGH,NO_REORDER,0,NORMAL,LOW,MONITOR_STOCK_CLOSELY,11.1 days of cover: 102 units in stock at expected demand of 9.18 units/day (escalated from MEDIUM because of stockout history (0 days in the last 28; out of stock on 4.4% of all days observed)),,0.0,0.0,0.0,0.0,0.0,1,305.0
399,HIGH,BR005,MED013,Metformin 500mg,Antidiabetic,58,12.59,30.829,134.402,HIGH,NO_REORDER,0,NORMAL,LOW,MONITOR_STOCK_CLOSELY,12.6 days of cover: 58 units in stock at expected demand of 4.61 units/day (escalated from MEDIUM because of stockout history (1 days in the last 28; out of stock on 9.6% of all days observed)),,0.0,0.0,0.0,0.0,0.0,1,305.0
400,HIGH,BR005,MED019,Clotrimazole Cream 1%,Dermatological,9,9.33,5.125,23.658,HIGH,REORDER_SOON,16,NORMAL,LOW,REORDER_SOON,9.3 days of cover: 9 units in stock at expected demand of 0.96 units/day. Stock 9 is below the reorder point 11.3 (lead-time demand 6.8 + safety stock 4.6); stock may not cover the lead time at the upper forecast (10.6 units); suggested order 16 units (escalated from MEDIUM because of only 5.9 days of cover at the upper forecast),,0.0,0.0,0.0,0.0,0.0,1,305.0
401,HIGH,BR005,MED022,Aceclofenac + Paracetamol 100mg/325mg,Analgesics,9,9.0,5.468,26.413,HIGH,REORDER_SOON,17,NORMAL,LOW,REORDER_SOON,9.0 days of cover: 9 units in stock at expected demand of 1.00 units/day. Stock 9 is below the reorder point 11.0 (lead-time demand 7.0 + safety stock 4.0); stock may not cover the lead time at the upper forecast (11.0 units); suggested order 17 units (escalated from MEDIUM because of only 5.7 days of cover at the upper forecast),,0.0,0.0,0.0,0.0,0.0,1,305.0
402,HIGH,BR005,MED024,Cefixime 200mg,Antibiotics,16,9.74,9.053,39.033,HIGH,REORDER_SOON,26,NORMAL,LOW,REORDER_SOON,9.7 days of cover: 16 units in stock at expected demand of 1.64 units/day. Stock 16 is below the reorder point 18.5 (lead-time demand 11.5 + safety stock 7.0); stock may not cover the lead time at the upper forecast (19.4 units); suggested order 26 units (escalated from MEDIUM because of only 5.8 days of cover at the upper forecast),,0.0,0.0,0.0,0.0,0.0,1,305.0
403,HIGH,BR005,MED034,Domperidone 10mg,Gastrointestinal,25,7.45,21.108,93.604,HIGH,REORDER_SOON,57,NORMAL,LOW,REORDER_SOON,7.4 days of cover: 25 units in stock at expected demand of 3.36 units/day. Stock 25 is below the reorder point 34.1 (lead-time demand 23.5 + safety stock 10.6); stock may not cover the lead time at the upper forecast (31.4 units); suggested order 57 units (escalated from MEDIUM because of only 5.6 days of cover at the upper forecast),,0.0,0.0,0.0,0.0,0.0,1,305.0
404,HIGH,BR005,MED035,ORS Powder 21.8g,Gastrointestinal,11,10.27,5.62,26.566,HIGH,REORDER_SOON,18,NORMAL,LOW,REORDER_SOON,10.3 days of cover: 11 units in stock at expected demand of 1.07 units/day. Stock 11 is below the reorder point 14.0 (lead-time demand 7.5 + safety stock 6.5); stock may not cover the lead time at the upper forecast (11.1 units); suggested order 18 units (escalated from MEDIUM because of only 6.9 days of cover at the upper forecast),,0.0,0.0,0.0,0.0,0.0,1,305.0
405,HIGH,BR005,MED073,Ibuprofen 200mg,Analgesics,6,7.0,4.585,22.283,HIGH,ORDER_NOW,20,NORMAL,LOW,ORDER_NOW,7.0 days of cover: 6 units in stock at expected demand of 0.86 units/day. Stock 6 <= expected demand during the 7-day lead time (6.0): a stockout is expected before a new order could arrive; order up to 25.9 units; suggested order 20 units (escalated from MEDIUM because of only 4.2 days of cover at the upper forecast),,0.0,0.0,0.0,0.0,0.0,1,305.0
406,HIGH,BR005,MED104,Amoxicillin + Clavulanic Acid 375mg,Antibiotics,23,9.47,15.646,64.433,HIGH,REORDER_SOON,43,NORMAL,LOW,REORDER_SOON,9.5 days of cover: 23 units in stock at expected demand of 2.43 units/day. Stock 23 is below the reorder point 31.1 (lead-time demand 17.0 + safety stock 14.1); stock may not cover the lead time at the upper forecast (26.0 units); suggested order 43 units (escalated from MEDIUM because of only 6.2 days of cover at the upper forecast),,0.0,0.0,0.0,0.0,0.0,1,305.0
407,HIGH,BR005,MED109,Azithromycin 500mg (ApexLife Pharma),Antibiotics,3,7.64,1.428,8.009,HIGH,REORDER_SOON,11,NORMAL,LOW,REORDER_SOON,7.6 days of cover: 3 units in stock at expected demand of 0.39 units/day. Stock 3 is below the reorder point 8.1 (lead-time demand 2.8 + safety stock 5.3); stock may not cover the lead time at the upper forecast (4.9 units); suggested order 11 units (escalated from MEDIUM because of only 4.3 days of cover at the upper forecast),,0.0,0.0,0.0,0.0,0.0,1,305.0
408,HIGH,BR005,MED111,Azithromycin 250mg,Antibiotics,4,10.18,1.227,6.389,HIGH,REORDER_SOON,7,NORMAL,LOW,REORDER_SOON,10.2 days of cover: 4 units in stock at expected demand of 0.39 units/day. Stock 4 is below the reorder point 5.2 (lead-time demand 2.8 + safety stock 2.4); stock may not cover the lead time at the upper forecast (4.7 units); suggested order 7 units (escalated from MEDIUM because of only 6.0 days of cover at the upper forecast),,0.0,0.0,0.0,0.0,0.0,1,305.0
409,HIGH,BR005,MED142,Mefenamic Acid 500mg (Kavach Healthcare),Antipyretics,33,12.16,18.138,77.988,HIGH,NO_REORDER,0,NORMAL,LOW,MONITOR_STOCK_CLOSELY,12.2 days of cover: 33 units in stock at expected demand of 2.71 units/day (escalated from MEDIUM because of stockout history (3 days in the last 28; out of stock on 5.8% of all days observed)),,0.0,0.0,0.0,0.0,0.0,1,305.0
410,HIGH,BR005,MED155,Paracetamol Suspension 250mg/5ml (CureLine Healthcare),Antipyretics,11,7.16,8.695,37.428,HIGH,REORDER_SOON,30,NORMAL,LOW,REORDER_SOON,7.2 days of cover: 11 units in stock at expected demand of 1.54 units/day. Stock 11 is below the reorder point 19.4 (lead-time demand 10.8 + safety stock 8.7); stock may not cover the lead time at the upper forecast (19.0 units); suggested order 30 units (escalated from MEDIUM because of stockout history (0 days in the last 28; out of stock on 5.6% of all days observed) and only 4.0 days of cover at the upper forecast),,0.0,0.0,0.0,0.0,0.0,1,305.0
411,HIGH,BR005,MED169,Cetirizine 5mg (CarePlus Laboratories),Antihistamines,30,10.12,19.725,91.505,HIGH,NO_REORDER,0,NORMAL,LOW,MONITOR_STOCK_CLOSELY,10.1 days of cover: 30 units in stock at expected demand of 2.96 units/day (escalated from MEDIUM because of stockout history (0 days in the last 28; out of stock on 3.3% of all days observed) and only 7.0 days of cover at the upper forecast),,0.0,0.0,0.0,0.0,0.0,1,305.0
412,HIGH,BR005,MED171,Cetirizine 5mg (Stellar Formulations),Antihistamines,7,9.8,3.7,17.532,HIGH,REORDER_SOON,13,NORMAL,LOW,REORDER_SOON,9.8 days of cover: 7 units in stock at expected demand of 0.71 units/day. Stock 7 is below the reorder point 9.4 (lead-time demand 5.0 + safety stock 4.4); stock may not cover the lead time at the upper forecast (9.2 units); suggested order 13 units (escalated from MEDIUM because of only 5.3 days of cover at the upper forecast),,0.0,0.0,0.0,0.0,0.0,1,305.0
413,HIGH,BR005,MED179,Chlorpheniramine 4mg (LifeSpring Pharma),Antihistamines,4,8.62,1.244,7.109,HIGH,REORDER_SOON,10,NORMAL,LOW,REORDER_SOON,8.6 days of cover: 4 units in stock at expected demand of 0.46 units/day. Stock 4 is below the reorder point 6.7 (lead-time demand 3.2 + safety stock 3.4); stock may not cover the lead time at the upper forecast (4.7 units); suggested order 10 units (escalated from MEDIUM because of only 6.0 days of cover at the upper forecast; highly variable weekly demand (CV 1.01)),,0.0,0.0,0.0,0.0,0.0,1,305.0
414,HIGH,BR005,MED187,Fexofenadine 180mg (CureLine Healthcare),Antihistamines,3,7.0,1.796,9.65,HIGH,ORDER_NOW,9,NORMAL,LOW,ORDER_NOW,7.0 days of cover: 3 units in stock at expected demand of 0.43 units/day. Stock 3 <= expected demand during the 7-day lead time (3.0): a stockout is expected before a new order could arrive; order up to 11.7 units; suggested order 9 units (escalated from MEDIUM because of only 4.0 days of cover at the upper forecast),,0.0,0.0,0.0,0.0,0.0,1,305.0
415,HIGH,BR005,MED222,Omeprazole 40mg (ApexLife Pharma),Gastrointestinal,9,10.08,4.876,22.084,HIGH,REORDER_SOON,15,NORMAL,LOW,REORDER_SOON,10.1 days of cover: 9 units in stock at expected demand of 0.89 units/day. Stock 9 is below the reorder point 10.6 (lead-time demand 6.2 + safety stock 4.4); stock may not cover the lead time at the upper forecast (10.4 units); suggested order 15 units (escalated from MEDIUM because of only 6.1 days of cover at the upper forecast),,0.0,0.0,0.0,0.0,0.0,1,305.0
416,HIGH,BR005,MED240,ORS Powder 21.8g (LifeSpring Pharma),Gastrointestinal,6,10.5,2.597,12.324,HIGH,REORDER_SOON,10,NORMAL,LOW,REORDER_SOON,10.5 days of cover: 6 units in stock at expected demand of 0.57 units/day. Stock 6 is below the reorder point 7.4 (lead-time demand 4.0 + safety stock 3.4); stock may not cover the lead time at the upper forecast (8.1 units); suggested order 10 units (escalated from MEDIUM because of only 5.2 days of cover at the upper forecast),,0.0,0.0,0.0,0.0,0.0,1,305.0
417,HIGH,BR005,MED254,Pantoprazole 20mg (Summit Lifesciences),Gastrointestinal,4,8.62,1.73,8.678,HIGH,REORDER_SOON,10,NORMAL,LOW,REORDER_SOON,8.6 days of cover: 4 units in stock at expected demand of 0.46 units/day. Stock 4 is below the reorder point 6.7 (lead-time demand 3.2 + safety stock 3.4); stock may not cover the lead time at the upper forecast (5.2 units); suggested order 10 units (escalated from MEDIUM because of only 5.4 days of cover at the upper forecast),,0.0,0.0,0.0,0.0,0.0,1,305.0
418,HIGH,BR005,MED286,Atorvastatin 20mg (BlueCrest Pharma),Cardiovascular,7,7.54,4.672,24.566,HIGH,REORDER_SOON,19,NORMAL,LOW,REORDER_SOON,7.5 days of cover: 7 units in stock at expected demand of 0.93 units/day. Stock 7 is below the reorder point 12.8 (lead-time demand 6.5 + safety stock 6.3); stock may not cover the lead time at the upper forecast (10.2 units); suggested order 19 units (escalated from MEDIUM because of only 4.8 days of cover at the upper forecast),,0.0,0.0,0.0,0.0,0.0,1,305.0
419,HIGH,BR005,MED299,Losartan 50mg (NovaMed Laboratories),Cardiovascular,70,11.14,41.413,185.75,HIGH,NO_REORDER,0,NORMAL,LOW,MONITOR_STOCK_CLOSELY,11.1 days of cover: 70 units in stock at expected demand of 6.29 units/day (escalated from MEDIUM because of stockout history (0 days in the last 28; out of stock on 2.6% of all days observed)),,0.0,0.0,0.0,0.0,0.0,1,305.0
420,HIGH,BR005,MED311,Metoprolol 25mg (CureLine Healthcare),Cardiovascular,9,9.69,4.977,26.341,HIGH,REORDER_SOON,19,NORMAL,LOW,REORDER_SOON,9.7 days of cover: 9 units in stock at expected demand of 0.93 units/day. Stock 9 is below the reorder point 14.7 (lead-time demand 6.5 + safety stock 8.2); stock may not cover the lead time at the upper forecast (10.5 units); suggested order 19 units (escalated from MEDIUM because of only 6.0 days of cover at the upper forecast),,0.0,0.0,0.0,0.0,0.0,1,305.0
421,HIGH,BR005,MED327,Telmisartan 40mg (Aarogya Formulations),Cardiovascular,146,11.75,76.083,313.559,HIGH,NO_REORDER,0,NORMAL,LOW,MONITOR_STOCK_CLOSELY,11.7 days of cover: 146 units in stock at expected demand of 12.43 units/day (escalated from MEDIUM because of stockout history (0 days in the last 28; out of stock on 3.8% of all days observed)),,0.0,0.0,0.0,0.0,0.0,1,305.0
422,HIGH,BR005,MED345,Gliclazide 80mg (BlueCrest Pharma),Antidiabetic,5,8.24,1.982,11.382,HIGH,REORDER_SOON,12,NORMAL,LOW,REORDER_SOON,8.2 days of cover: 5 units in stock at expected demand of 0.61 units/day. Stock 5 is below the reorder point 8.0 (lead-time demand 4.2 + safety stock 3.7); stock may not cover the lead time at the upper forecast (5.4 units); suggested order 12 units (escalated from MEDIUM because of only 6.4 days of cover at the upper forecast),,0.0,0.0,0.0,0.0,0.0,1,305.0
423,HIGH,BR005,MED349,Gliclazide 40mg,Antidiabetic,12,11.2,5.884,26.527,HIGH,REORDER_SOON,17,NORMAL,LOW,REORDER_SOON,11.2 days of cover: 12 units in stock at expected demand of 1.07 units/day. Stock 12 is below the reorder point 13.8 (lead-time demand 7.5 + safety stock 6.3); suggested order 17 units (escalated from MEDIUM because of stockout history (0 days in the last 28; out of stock on 2.6% of all days observed)),,0.0,0.0,0.0,0.0,0.0,1,305.0
424,HIGH,BR005,MED364,Glimepiride 1mg (TrueLife Remedies),Antidiabetic,14,7.69,9.282,46.301,HIGH,REORDER_SOON,34,NORMAL,LOW,REORDER_SOON,7.7 days of cover: 14 units in stock at expected demand of 1.82 units/day. Stock 14 is below the reorder point 21.8 (lead-time demand 12.8 + safety stock 9.1); stock may not cover the lead time at the upper forecast (19.6 units); suggested order 34 units (escalated from MEDIUM because of only 5.0 days of cover at the upper forecast),,0.0,0.0,0.0,0.0,0.0,1,305.0
425,HIGH,BR005,MED366,Glimepiride 3mg (ApexLife Pharma),Antidiabetic,18,11.45,8.168,41.265,HIGH,NO_REORDER,0,NORMAL,LOW,MONITOR_STOCK_CLOSELY,11.5 days of cover: 18 units in stock at expected demand of 1.57 units/day (escalated from MEDIUM because of only 6.8 days of cover at the upper forecast),,0.0,0.0,0.0,0.0,0.0,1,305.0
426,HIGH,BR005,MED416,Dextromethorphan Syrup 100ml (HealthAxis Pharma),Respiratory,15,13.55,6.223,28.216,HIGH,NO_REORDER,0,NORMAL,LOW,MONITOR_STOCK_CLOSELY,13.5 days of cover: 15 units in stock at expected demand of 1.11 units/day (escalated from MEDIUM because of stockout history (0 days in the last 28; out of stock on 3.2% of all days observed)),,0.0,0.0,0.0,0.0,0.0,1,305.0
427,HIGH,BR005,MED463,Vitamin C Chewable 500mg (HealthAxis Pharma),Vitamins,5,8.24,1.64,8.781,HIGH,REORDER_SOON,12,NORMAL,LOW,REORDER_SOON,8.2 days of cover: 5 units in stock at expected demand of 0.61 units/day. Stock 5 is below the reorder point 7.6 (lead-time demand 4.2 + safety stock 3.4); stock may not cover the lead time at the upper forecast (5.1 units); suggested order 12 units (escalated from MEDIUM because of only 6.9 days of cover at the upper forecast),,0.0,0.0,0.0,0.0,0.0,1,305.0
428,HIGH,BR005,MED466,Vitamin C Chewable 1000mg (ApexLife Pharma),Vitamins,29,8.55,21.968,97.126,HIGH,REORDER_SOON,54,NORMAL,LOW,REORDER_SOON,8.5 days of cover: 29 units in stock at expected demand of 3.39 units/day. Stock 29 is below the reorder point 35.1 (lead-time demand 23.8 + safety stock 11.3); stock may not cover the lead time at the upper forecast (32.3 units); suggested order 54 units (escalated from MEDIUM because of only 6.3 days of cover at the upper forecast),,0.0,0.0,0.0,0.0,0.0,1,305.0
429,HIGH,BR005,MED470,Vitamin C Chewable 1000mg (NovaMed Laboratories),Vitamins,10,10.77,5.025,26.283,HIGH,REORDER_SOON,16,NORMAL,LOW,REORDER_SOON,10.8 days of cover: 10 units in stock at expected demand of 0.93 units/day. Stock 10 is below the reorder point 12.3 (lead-time demand 6.5 + safety stock 5.8); stock may not cover the lead time at the upper forecast (10.5 units); suggested order 16 units (escalated from MEDIUM because of only 6.7 days of cover at the upper forecast),,0.0,0.0,0.0,0.0,0.0,1,305.0
430,HIGH,BR005,MED491,Hydrocortisone Cream 1% (CureLine Healthcare),Dermatological,6,7.0,4.697,21.736,HIGH,ORDER_NOW,17,NORMAL,LOW,ORDER_NOW,7.0 days of cover: 6 units in stock at expected demand of 0.86 units/day. Stock 6 <= expected demand during the 7-day lead time (6.0): a stockout is expected before a new order could arrive; order up to 22.0 units; suggested order 17 units (escalated from MEDIUM because of only 4.1 days of cover at the upper forecast),,0.0,0.0,0.0,0.0,0.0,1,305.0
431,HIGH,BR005,MED497,Mupirocin Ointment 2% (CarePlus Laboratories),Dermatological,7,12.25,2.547,10.015,HIGH,REORDER_SOON,9,NORMAL,LOW,REORDER_SOON,12.2 days of cover: 7 units in stock at expected demand of 0.57 units/day. Stock 7 is below the reorder point 7.5 (lead-time demand 4.0 + safety stock 3.5); stock may not cover the lead time at the upper forecast (8.0 units); suggested order 9 units (escalated from MEDIUM because of only 6.1 days of cover at the upper forecast),,0.0,0.0,0.0,0.0,0.0,1,305.0
432,MEDIUM,BR002,MED141,Mefenamic Acid 500mg (HealthAxis Pharma),Antipyretics,10,76.25,0.918,4.147,MEDIUM,NO_REORDER,0,OVERSTOCK,MEDIUM,MONITOR_STOCK_CLOSELY,76.3 days of cover: 10 units in stock at expected demand of 0.13 units/day (escalated from LOW because of stockout history (0 days in the last 28; out of stock on 3.3% of all days observed); highly variable weekly demand (CV 1.07)),"[MEDIUM] batch BAT034819 (12.0 days to expiry): 3 units expire in 12 days; expected sales before expiry 2.1 (recent demand 0.18/day, 0 units of earlier-expiring stock sell first) -> 0.9 projected unsold | [LOW] 100 days of cover at the recent 0.10 units/day (limit 90): about -0 units above the limit",0.0,0.0,-0.0,28.74,28.74,2,210.03
433,MEDIUM,BR005,MED498,Mupirocin Ointment 2% (NovaMed Laboratories),Dermatological,28,263.44,0.744,2.783,LOW,NO_REORDER,0,OVERSTOCK,MEDIUM,MONITOR_EXPIRY,"batch BAT034945 (125.0 days to expiry): 7 units expire in 125 days; expected sales before expiry 9.7 (recent demand 0.08/day, 14 units of earlier-expiring stock sell first) -> 7.0 projected unsold",[LOW] 28 units in stock and no units sold in the last 30 days,0.0,0.0,2107.7,1328.69,3436.39,1,208.44
434,MEDIUM,BR003,MED315,Rosuvastatin 10mg (NovaMed Laboratories),Cardiovascular,34,320.75,0.742,4.171,LOW,NO_REORDER,0,OVERSTOCK,LOW,REVIEW_OVERSTOCK,510 days of cover at the recent 0.07 units/day (limit 90): about 22 units above the limit,,0.0,0.0,2876.12,0.0,2876.12,1,207.88
435,MEDIUM,BR003,MED498,Mupirocin Ointment 2% (NovaMed Laboratories),Dermatological,23,191.21,0.842,4.197,LOW,NO_REORDER,0,OVERSTOCK,MEDIUM,MONITOR_EXPIRY,"batch BAT034945 (125.0 days to expiry): 7 units expire in 125 days; expected sales before expiry 5.6 (recent demand 0.04/day, 9 units of earlier-expiring stock sell first) -> 7.0 projected unsold",[LOW] 345 days of cover at the recent 0.07 units/day (limit 90): about 11 units above the limit,0.0,0.0,1139.26,1153.32,2292.58,1,207.29
436,MEDIUM,BR004,MED489,Fusidic Acid Cream 2% (VitaCure Remedies),Dermatological,20,393.26,0.356,2.04,LOW,NO_REORDER,0,OVERSTOCK,MEDIUM,MONITOR_EXPIRY,"batch BAT013727 (221.0 days to expiry): 5 units expire in 221 days; expected sales before expiry 4.9 (recent demand 0.02/day, 5 units of earlier-expiring stock sell first) -> 5.0 projected unsold",[LOW] 20 units in stock and no units sold in the last 30 days,0.0,0.0,1549.48,722.34,2271.82,1,207.27
437,MEDIUM,BR005,MED438,Salbutamol Inhaler 200mcg (CarePlus Laboratories),Respiratory,11,181.6,0.424,1.992,LOW,NO_REORDER,0,OVERSTOCK,MEDIUM,MONITOR_EXPIRY,"batch BAT034975 (156.0 days to expiry): 7 units expire in 156 days; expected sales before expiry 1.7 (recent demand 0.01/day, 4 units of earlier-expiring stock sell first) -> 7.0 projected unsold",[LOW] 11 units in stock and no units sold in the last 30 days,0.0,0.0,857.26,1308.34,2165.6,1,207.17
438,MEDIUM,BR005,MED489,Fusidic Acid Cream 2% (VitaCure Remedies),Dermatological,19,311.48,0.427,1.655,LOW,NO_REORDER,0,OVERSTOCK,MEDIUM,MONITOR_EXPIRY,"batch BAT033573 (153.0 days to expiry): 7 units expire in 153 days; expected sales before expiry 3.4 (recent demand 0.02/day, 0 units of earlier-expiring stock sell first) -> 3.6 projected unsold",[LOW] 19 units in stock and no units sold in the last 30 days,0.0,0.0,1664.96,418.36,2083.32,1,207.08
439,MEDIUM,BR003,MED434,Salbutamol Inhaler 100mcg (TrueLife Remedies),Respiratory,12,169.7,0.495,2.309,LOW,NO_REORDER,0,OVERSTOCK,MEDIUM,MONITOR_EXPIRY,"batch BAT035000 (128.0 days to expiry): 10 units expire in 128 days; expected sales before expiry 2.8 (recent demand 0.02/day, 0 units of earlier-expiring stock sell first) -> 7.2 projected unsold",[LOW] 360 days of cover at the recent 0.03 units/day (limit 90): about 6 units above the limit,0.0,0.0,668.52,1026.0,1694.52,1,206.69
440,MEDIUM,BR002,MED498,Mupirocin Ointment 2% (NovaMed Laboratories),Dermatological,16,297.87,0.376,1.45,LOW,NO_REORDER,0,OVERSTOCK,MEDIUM,MONITOR_EXPIRY,"batch BAT034945 (125.0 days to expiry): 5 units expire in 125 days; expected sales before expiry 5.6 (recent demand 0.04/day, 2 units of earlier-expiring stock sell first) -> 1.4 projected unsold",[LOW] 16 units in stock and no units sold in the last 30 days,0.0,0.0,1222.81,158.59,1381.4,1,206.38
441,MEDIUM,BR002,MED438,Salbutamol Inhaler 200mcg (CarePlus Laboratories),Respiratory,8,152.59,0.367,1.851,LOW,NO_REORDER,0,OVERSTOCK,MEDIUM,MONITOR_EXPIRY,"batch BAT034975 (156.0 days to expiry): 5 units expire in 156 days; expected sales before expiry 1.7 (recent demand 0.01/day, 3 units of earlier-expiring stock sell first) -> 5.0 projected unsold",[LOW] 8 units in stock and no units sold in the last 30 days,0.0,0.0,429.22,881.28,1310.5,1,206.31
442,MEDIUM,BR003,MED016,Salbutamol Inhaler 100mcg,Respiratory,16,224.9,0.498,2.743,LOW,NO_REORDER,0,OVERSTOCK,MEDIUM,MONITOR_EXPIRY,"batch BAT026891 (308.0 days to expiry): 7 units expire in 308 days; expected sales before expiry 6.8 (recent demand 0.02/day, 2 units of earlier-expiring stock sell first) -> 2.2 projected unsold",[LOW] 480 days of cover at the recent 0.03 units/day (limit 90): about 8 units above the limit,0.0,0.0,1012.9,262.96,1275.86,1,206.28
443,MEDIUM,BR005,MED123,Cefixime 200mg (Stellar Formulations),Antibiotics,16,282.12,0.397,2.168,LOW,NO_REORDER,0,OVERSTOCK,MEDIUM,MONITOR_EXPIRY,"batch BAT026544 (306.0 days to expiry): 9 units expire in 306 days; expected sales before expiry 3.4 (recent demand 0.01/day, 0 units of earlier-expiring stock sell first) -> 5.6 projected unsold",[LOW] 16 units in stock and no units sold in the last 30 days,0.0,0.0,776.5,434.06,1210.56,1,206.21
444,MEDIUM,BR002,MED475,Vitamin D3 60000IU (VitaCure Remedies),Vitamins,22,221.9,0.694,3.995,LOW,NO_REORDER,0,OVERSTOCK,MEDIUM,MONITOR_EXPIRY,"batch BAT035450 (55.0 days to expiry): 4 units expire in 55 days; expected sales before expiry 3.1 (recent demand 0.06/day, 0 units of earlier-expiring stock sell first) -> 0.9 projected unsold",[LOW] 22 units in stock and no units sold in the last 30 days,0.0,0.0,1068.85,98.0,1166.85,1,206.17
445,MEDIUM,BR005,MED057,Aceclofenac + Paracetamol 100mg/325mg (LifeSpring Pharma),Analgesics,26,320.99,0.567,3.381,LOW,NO_REORDER,0,OVERSTOCK,MEDIUM,MONITOR_EXPIRY,"batch BAT017377 (244.0 days to expiry): 7 units expire in 244 days; expected sales before expiry 5.4 (recent demand 0.02/day, 5 units of earlier-expiring stock sell first) -> 6.6 projected unsold",[LOW] 780 days of cover at the recent 0.03 units/day (limit 90): about 16 units above the limit,0.0,0.0,726.63,420.69,1147.32,1,206.15
446,MEDIUM,BR005,MED485,Clotrimazole Cream 2% (Stellar Formulations),Dermatological,13,205.88,0.442,1.912,LOW,NO_REORDER,0,OVERSTOCK,MEDIUM,MONITOR_EXPIRY,"batch BAT023703 (162.0 days to expiry): 7 units expire in 162 days; expected sales before expiry 7.2 (recent demand 0.04/day, 6 units of earlier-expiring stock sell first) -> 5.8 projected unsold",[LOW] 390 days of cover at the recent 0.03 units/day (limit 90): about 8 units above the limit,0.0,0.0,539.49,385.64,925.13,1,205.93
447,MEDIUM,BR004,MED438,Salbutamol Inhaler 200mcg (CarePlus Laboratories),Respiratory,8,149.33,0.375,1.88,LOW,NO_REORDER,0,OVERSTOCK,MEDIUM,MONITOR_EXPIRY,"batch BAT034975 (156.0 days to expiry): 5 units expire in 156 days; expected sales before expiry 5.2 (recent demand 0.03/day, 3 units of earlier-expiring stock sell first) -> 2.8 projected unsold",[LOW] 8 units in stock and no units sold in the last 30 days,0.0,0.0,429.22,382.45,811.67,1,205.81
448,MEDIUM,BR002,MED492,Hydrocortisone Cream 1% (Summit Lifesciences),Dermatological,14,248.73,0.394,1.686,LOW,NO_REORDER,0,OVERSTOCK,MEDIUM,MONITOR_EXPIRY,"batch BAT025206 (321.0 days to expiry): 5 units expire in 321 days; expected sales before expiry 3.6 (recent demand 0.01/day, 4 units of earlier-expiring stock sell first) -> 5.0 projected unsold",[LOW] 420 days of cover at the recent 0.03 units/day (limit 90): about 9 units above the limit,0.0,0.0,414.72,342.62,757.34,1,205.76
449,MEDIUM,BR005,MED121,Cefixime 200mg (CureLine Healthcare),Antibiotics,17,171.97,0.692,3.439,LOW,NO_REORDER,0,OVERSTOCK,MEDIUM,MONITOR_EXPIRY,"batch BAT033579 (64.0 days to expiry): 6 units expire in 64 days; expected sales before expiry 5.7 (recent demand 0.09/day, 0 units of earlier-expiring stock sell first) -> 0.3 projected unsold",[LOW] 255 days of cover at the recent 0.07 units/day (limit 90): about 7 units above the limit,0.0,0.0,596.6,27.85,624.45,1,205.62
450,MEDIUM,BR004,MED057,Aceclofenac + Paracetamol 100mg/325mg (LifeSpring Pharma),Analgesics,21,358.54,0.41,2.821,LOW,NO_REORDER,0,OVERSTOCK,MEDIUM,MONITOR_EXPIRY,"batch BAT017377 (244.0 days to expiry): 5 units expire in 244 days; expected sales before expiry 10.8 (recent demand 0.04/day, 6 units of earlier-expiring stock sell first) -> 0.2 projected unsold",[LOW] 21 units in stock and no units sold in the last 30 days,0.0,0.0,597.65,6.69,604.34,1,205.6
451,MEDIUM,BR001,MED434,Salbutamol Inhaler 100mcg (TrueLife Remedies),Respiratory,9,84.0,0.683,3.33,LOW,NO_REORDER,0,NORMAL,MEDIUM,MONITOR_EXPIRY,"batch BAT021784 (171.0 days to expiry): 3 units expire in 171 days; expected sales before expiry 5.7 (recent demand 0.03/day, 6 units of earlier-expiring stock sell first) -> 3.0 projected unsold",,0.0,0.0,0.0,554.85,554.85,1,205.55
452,MEDIUM,BR004,MED485,Clotrimazole Cream 2% (Stellar Formulations),Dermatological,12,167.33,0.502,2.536,LOW,NO_REORDER,0,OVERSTOCK,MEDIUM,MONITOR_EXPIRY,"batch BAT023703 (162.0 days to expiry): 5 units expire in 162 days; expected sales before expiry 9.0 (recent demand 0.06/day, 7 units of earlier-expiring stock sell first) -> 3.0 projected unsold",[LOW] 180 days of cover at the recent 0.07 units/day (limit 90): about 5 units above the limit,0.0,0.0,337.79,199.47,537.26,1,205.54
453,MEDIUM,BR005,MED437,Salbutamol Inhaler 200mcg (BlueCrest Pharma),Respiratory,14,130.67,0.685,4.208,LOW,NO_REORDER,0,OVERSTOCK,MEDIUM,MONITOR_EXPIRY,"batch BAT035391 (125.0 days to expiry): 12 units expire in 125 days; expected sales before expiry 11.1 (recent demand 0.09/day, 0 units of earlier-expiring stock sell first) -> 0.9 projected unsold",[LOW] 140 days of cover at the recent 0.10 units/day (limit 90): about 2 units above the limit,0.0,0.0,253.52,112.76,366.28,1,205.37
454,MEDIUM,BR005,MED157,Paracetamol Suspension 125mg/5ml,Antipyretics,18,168.0,0.691,4.118,LOW,NO_REORDER,0,OVERSTOCK,MEDIUM,MONITOR_EXPIRY,"batch BAT032792 (238.0 days to expiry): 7 units expire in 238 days; expected sales before expiry 15.9 (recent demand 0.07/day, 11 units of earlier-expiring stock sell first) -> 2.1 projected unsold",[LOW] 180 days of cover at the recent 0.10 units/day (limit 90): about 6 units above the limit,0.0,0.0,263.16,86.7,349.86,1,205.35
455,MEDIUM,BR003,MED438,Salbutamol Inhaler 200mcg (CarePlus Laboratories),Respiratory,9,125.25,0.503,2.4,LOW,NO_REORDER,0,OVERSTOCK,MEDIUM,MONITOR_EXPIRY,"batch BAT034975 (156.0 days to expiry): 7 units expire in 156 days; expected sales before expiry 8.7 (recent demand 0.06/day, 2 units of earlier-expiring stock sell first) -> 0.3 projected unsold",[LOW] 270 days of cover at the recent 0.03 units/day (limit 90): about 2 units above the limit,0.0,0.0,280.86,45.53,326.39,1,205.33
456,MEDIUM,BR002,MED434,Salbutamol Inhaler 100mcg (TrueLife Remedies),Respiratory,12,125.75,0.668,3.613,LOW,NO_REORDER,0,OVERSTOCK,MEDIUM,MONITOR_EXPIRY,"batch BAT021784 (171.0 days to expiry): 5 units expire in 171 days; expected sales before expiry 11.4 (recent demand 0.07/day, 7 units of earlier-expiring stock sell first) -> 0.6 projected unsold",[LOW] 180 days of cover at the recent 0.07 units/day (limit 90): about 2 units above the limit,0.0,0.0,232.23,73.06,305.29,1,205.31
457,MEDIUM,BR001,MED384,Metformin 500mg (TrueLife Remedies),Antidiabetic,25,189.6,0.923,4.244,MEDIUM,NO_REORDER,0,OVERSTOCK,LOW,MONITOR_STOCK_CLOSELY,189.6 days of cover: 25 units in stock at expected demand of 0.13 units/day (escalated from LOW because of stockout history (0 days in the last 28; out of stock on 3.4% of all days observed); highly variable weekly demand (CV 1.43)),[LOW] 750 days of cover at the recent 0.03 units/day (limit 90): about 13 units above the limit,0.0,0.0,299.49,0.0,299.49,1,205.3
458,MEDIUM,BR004,MED148,Mefenamic Acid 500mg (VitaCure Remedies),Antipyretics,21,127.94,1.149,5.194,MEDIUM,NO_REORDER,0,OVERSTOCK,LOW,MONITOR_STOCK_CLOSELY,127.9 days of cover: 21 units in stock at expected demand of 0.16 units/day (escalated from LOW because of stockout history (0 days in the last 28; out of stock on 3.2% of all days observed); highly variable weekly demand (CV 1.13)),[LOW] 630 days of cover at the recent 0.03 units/day (limit 90): about 6 units above the limit,0.0,0.0,248.38,0.0,248.38,1,205.25
459,MEDIUM,BR002,MED057,Aceclofenac + Paracetamol 100mg/325mg (LifeSpring Pharma),Analgesics,12,127.85,0.657,2.98,LOW,NO_REORDER,0,OVERSTOCK,MEDIUM,MONITOR_EXPIRY,"batch BAT030999 (97.0 days to expiry): 5 units expire in 97 days; expected sales before expiry 4.3 (recent demand 0.04/day, 0 units of earlier-expiring stock sell first) -> 0.7 projected unsold",[LOW] 360 days of cover at the recent 0.03 units/day (limit 90): about 4 units above the limit,0.0,0.0,188.17,33.06,221.23,1,205.22
460,MEDIUM,BR002,MED244,ORS Powder 21.8g (VitaCure Remedies),Gastrointestinal,12,189.62,0.443,2.128,LOW,NO_REORDER,0,OVERSTOCK,MEDIUM,MONITOR_EXPIRY,"batch BAT030272 (155.0 days to expiry): 5 units expire in 155 days; expected sales before expiry 8.6 (recent demand 0.06/day, 7 units of earlier-expiring stock sell first) -> 3.4 projected unsold",[LOW] 360 days of cover at the recent 0.03 units/day (limit 90): about 6 units above the limit,0.0,0.0,101.14,54.39,155.53,1,205.16
461,MEDIUM,BR005,MED243,ORS Powder 21.8g (TrueLife Remedies),Gastrointestinal,20,140.0,0.95,4.922,LOW,NO_REORDER,0,OVERSTOCK,MEDIUM,MONITOR_EXPIRY,"batch BAT033781 (218.0 days to expiry): 7 units expire in 218 days; expected sales before expiry 17.0 (recent demand 0.08/day, 13 units of earlier-expiring stock sell first) -> 3.0 projected unsold",[LOW] 150 days of cover at the recent 0.13 units/day (limit 90): about 6 units above the limit,0.0,0.0,98.65,51.85,150.5,1,205.15
462,MEDIUM,BR005,MED423,Montelukast 10mg (Summit Lifesciences),Respiratory,6,56.0,0.591,2.695,LOW,NO_REORDER,0,NORMAL,MEDIUM,MONITOR_EXPIRY,"batch BAT033080 (32.0 days to expiry): 3 units expire in 32 days; expected sales before expiry 2.1 (recent demand 0.07/day, 0 units of earlier-expiring stock sell first) -> 0.9 projected unsold",,0.0,0.0,0.0,128.51,128.51,1,205.13
463,MEDIUM,BR001,MED045,Gliclazide 80mg,Antidiabetic,12,117.65,0.714,3.559,MEDIUM,NO_REORDER,0,OVERSTOCK,LOW,MONITOR_STOCK_CLOSELY,117.6 days of cover: 12 units in stock at expected demand of 0.10 units/day (escalated from LOW because of stockout history (0 days in the last 28; out of stock on 2.7% of all days observed); highly variable weekly demand (CV 1.27)),[LOW] 360 days of cover at the recent 0.03 units/day (limit 90): about 2 units above the limit,0.0,0.0,111.59,0.0,111.59,1,205.11
464,MEDIUM,BR004,MED177,Chlorpheniramine 4mg (CarePlus Laboratories),Antihistamines,15,272.02,0.386,2.09,LOW,NO_REORDER,0,OVERSTOCK,MEDIUM,MONITOR_EXPIRY,"batch BAT029241 (66.0 days to expiry): 3 units expire in 66 days; expected sales before expiry 2.2 (recent demand 0.03/day, 0 units of earlier-expiring stock sell first) -> 0.8 projected unsold",[LOW] 15 units in stock and no units sold in the last 30 days,0.0,0.0,80.75,5.89,86.64,1,205.09
465,MEDIUM,BR001,MED041,Clopidogrel 75mg,Cardiovascular,10,111.11,0.63,2.683,MEDIUM,NO_REORDER,0,OVERSTOCK,LOW,MONITOR_STOCK_CLOSELY,111.1 days of cover: 10 units in stock at expected demand of 0.09 units/day (escalated from LOW because of stockout history (4 days in the last 28; out of stock on 1.2% of all days observed); highly variable weekly demand (CV 1.57)),[LOW] 100 days of cover at the recent 0.10 units/day (limit 90): about 1 units above the limit,0.0,0.0,66.91,0.0,66.91,1,205.07
466,MEDIUM,BR001,MED153,Paracetamol Suspension 250mg/5ml (BlueCrest Pharma),Antipyretics,7,98.0,0.451,1.867,LOW,NO_REORDER,0,OVERSTOCK,MEDIUM,MONITOR_EXPIRY,"batch BAT026975 (72.0 days to expiry): 6 units expire in 72 days; expected sales before expiry 6.4 (recent demand 0.09/day, 1 units of earlier-expiring stock sell first) -> 0.6 projected unsold",[LOW] 105 days of cover at the recent 0.07 units/day (limit 90): about 1 units above the limit,0.0,0.0,37.08,22.3,59.38,1,205.06
467,MEDIUM,BR003,MED141,Mefenamic Acid 500mg (HealthAxis Pharma),Antipyretics,12,48.0,1.349,6.822,LOW,NO_REORDER,0,NORMAL,MEDIUM,MONITOR_EXPIRY,"batch BAT034819 (12.0 days to expiry): 4 units expire in 12 days; expected sales before expiry 3.1 (recent demand 0.26/day, 0 units of earlier-expiring stock sell first) -> 0.9 projected unsold",,0.0,0.0,0.0,30.95,30.95,1,205.03
468,MEDIUM,BR003,MED172,Cetirizine 5mg (Summit Lifesciences),Antihistamines,18,119.77,1.052,5.983,MEDIUM,NO_REORDER,0,OVERSTOCK,MEDIUM,MONITOR_STOCK_CLOSELY,119.8 days of cover: 18 units in stock at expected demand of 0.15 units/day (escalated from LOW because of stockout history (0 days in the last 28; out of stock on 2.7% of all days observed); highly variable weekly demand (CV 1.22)),[LOW] 135 days of cover at the recent 0.13 units/day (limit 90): about 1 units above the limit,0.0,0.0,20.7,0.0,20.7,1,205.02
469,MEDIUM,BR004,MED077,Ibuprofen 200mg (VitaCure Remedies),Analgesics,14,56.0,1.318,6.83,LOW,NO_REORDER,0,NORMAL,MEDIUM,MONITOR_EXPIRY,"batch BAT034596 (12.0 days to expiry): 2 units expire in 12 days; expected sales before expiry 1.3 (recent demand 0.11/day, 0 units of earlier-expiring stock sell first) -> 0.7 projected unsold",,0.0,0.0,0.0,19.86,19.86,1,205.02
470,MEDIUM,BR001,MED172,Cetirizine 5mg (Summit Lifesciences),Antihistamines,19,119.82,1.11,6.655,LOW,NO_REORDER,0,OVERSTOCK,MEDIUM,MONITOR_EXPIRY,"batch BAT034216 (17.0 days to expiry): 2 units expire in 17 days; expected sales before expiry 1.3 (recent demand 0.08/day, 0 units of earlier-expiring stock sell first) -> 0.7 projected unsold",[LOW] 142 days of cover at the recent 0.13 units/day (limit 90): about -0 units above the limit,0.0,0.0,-0.0,14.1,14.1,1,205.01
471,MEDIUM,BR002,MED137,Mefenamic Acid 250mg (LifeSpring Pharma),Antipyretics,7,65.33,0.491,2.473,LOW,NO_REORDER,0,NORMAL,MEDIUM,MONITOR_EXPIRY,"batch BAT034112 (4.0 days to expiry): 1 units expire in 4 days; expected sales before expiry 0.8 (recent demand 0.19/day, 0 units of earlier-expiring stock sell first) -> 0.2 projected unsold",,0.0,0.0,0.0,7.47,7.47,1,205.01
472,MEDIUM,BR004,MED165,Cetirizine 10mg (Stellar Formulations),Antihistamines,13,22.75,3.952,19.692,LOW,NO_REORDER,0,NORMAL,MEDIUM,MONITOR_EXPIRY,"batch BAT034797 (15.0 days to expiry): 9 units expire in 15 days; expected sales before expiry 8.5 (recent demand 0.57/day, 0 units of earlier-expiring stock sell first) -> 0.5 projected unsold",,0.0,0.0,0.0,7.9,7.9,1,205.01
473,MEDIUM,BR005,MED147,Mefenamic Acid 500mg (TrueLife Remedies),Antipyretics,15,105.0,0.951,4.118,LOW,NO_REORDER,0,NORMAL,MEDIUM,MONITOR_EXPIRY,"batch BAT033970 (19.0 days to expiry): 2 units expire in 19 days; expected sales before expiry 1.7 (recent demand 0.09/day, 0 units of earlier-expiring stock sell first) -> 0.3 projected unsold",,0.0,0.0,0.0,12.52,12.52,1,205.01
474,MEDIUM,BR001,MED006,Paracetamol Suspension 250mg/5ml,Antipyretics,14,35.64,1.661,8.178,MEDIUM,NO_REORDER,0,NORMAL,LOW,MONITOR_STOCK_CLOSELY,35.6 days of cover: 14 units in stock at expected demand of 0.39 units/day (escalated from LOW because of stockout history (4 days in the last 28; out of stock on 2.5% of all days observed)),,0.0,0.0,0.0,0.0,0.0,1,205.0
475,MEDIUM,BR001,MED014,Glimepiride 2mg,Antidiabetic,35,10.89,20.531,91.286,MEDIUM,NO_REORDER,0,NORMAL,LOW,MONITOR_STOCK_CLOSELY,10.9 days of cover: 35 units in stock at expected demand of 3.21 units/day,,0.0,0.0,0.0,0.0,0.0,1,205.0
476,MEDIUM,BR001,MED033,Omeprazole 20mg,Gastrointestinal,54,9.75,35.658,157.592,MEDIUM,NO_REORDER,0,NORMAL,LOW,MONITOR_STOCK_CLOSELY,9.8 days of cover: 54 units in stock at expected demand of 5.54 units/day,,0.0,0.0,0.0,0.0,0.0,1,205.0
477,MEDIUM,BR001,MED050,Calcium + Vitamin D3 500mg/250IU,Vitamins,6,18.67,1.517,7.012,MEDIUM,NO_REORDER,0,NORMAL,LOW,MONITOR_STOCK_CLOSELY,18.7 days of cover: 6 units in stock at expected demand of 0.32 units/day (escalated from LOW because of stockout history (0 days in the last 28; out of stock on 3.8% of all days observed)),,0.0,0.0,0.0,0.0,0.0,1,205.0
478,MEDIUM,BR001,MED064,Diclofenac 100mg,Analgesics,14,18.67,2.817,13.032,MEDIUM,NO_REORDER,0,NORMAL,LOW,MONITOR_STOCK_CLOSELY,18.7 days of cover: 14 units in stock at expected demand of 0.75 units/day (escalated from LOW because of stockout history (4 days in the last 28; out of stock on 2.6% of all days observed)),,0.0,0.0,0.0,0.0,0.0,1,205.0
479,MEDIUM,BR001,MED067,Ibuprofen 400mg (Aarogya Formulations),Analgesics,3,16.8,0.54,2.702,LOW,REORDER_SOON,4,NORMAL,LOW,REORDER_SOON,16.8 days of cover: 3 units in stock at expected demand of 0.18 units/day. Stock 3 is below the reorder point 3.8 (lead-time demand 1.2 + safety stock 2.5); suggested order 4 units (highly variable weekly demand (CV 1.41)),,0.0,0.0,0.0,0.0,0.0,1,205.0
480,MEDIUM,BR001,MED075,Ibuprofen 200mg (Summit Lifesciences),Analgesics,11,18.12,2.204,10.1,MEDIUM,NO_REORDER,0,NORMAL,LOW,MONITOR_STOCK_CLOSELY,18.1 days of cover: 11 units in stock at expected demand of 0.61 units/day (escalated from LOW because of stockout history (3 days in the last 28; out of stock on 1.0% of all days observed)),,0.0,0.0,0.0,0.0,0.0,1,205.0
481,MEDIUM,BR001,MED076,Ibuprofen 200mg (TrueLife Remedies),Analgesics,17,14.0,7.108,33.295,MEDIUM,NO_REORDER,0,NORMAL,MEDIUM,MONITOR_STOCK_CLOSELY,14.0 days of cover: 17 units in stock at expected demand of 1.21 units/day (escalated from LOW because of only 6.8 days of cover at the upper forecast),,0.0,0.0,0.0,0.0,0.0,1,205.0
482,MEDIUM,BR001,MED086,Naproxen 500mg (CarePlus Laboratories),Analgesics,173,18.56,61.184,267.802,MEDIUM,NO_REORDER,0,NORMAL,MEDIUM,MONITOR_STOCK_CLOSELY,18.6 days of cover: 173 units in stock at expected demand of 9.32 units/day (escalated from LOW because of stockout history (0 days in the last 28; out of stock on 4.2% of all days observed)),,0.0,0.0,0.0,0.0,0.0,1,205.0
483,MEDIUM,BR001,MED091,Paracetamol 500mg (HealthAxis Pharma),Analgesics,32,12.27,16.525,73.584,MEDIUM,NO_REORDER,0,NORMAL,LOW,MONITOR_STOCK_CLOSELY,12.3 days of cover: 32 units in stock at expected demand of 2.61 units/day,,0.0,0.0,0.0,0.0,0.0,1,205.0
484,MEDIUM,BR001,MED105,Amoxicillin + Clavulanic Acid 375mg (NovaMed Laboratories),Antibiotics,37,14.98,17.295,68.642,MEDIUM,NO_REORDER,0,NORMAL,LOW,MONITOR_STOCK_CLOSELY,15.0 days of cover: 37 units in stock at expected demand of 2.47 units/day (escalated from LOW because of stockout history (0 days in the last 28; out of stock on 4.7% of all days observed)),,0.0,0.0,0.0,0.0,0.0,1,205.0
485,MEDIUM,BR001,MED107,Amoxicillin + Clavulanic Acid 375mg (TrueLife Remedies),Antibiotics,6,12.92,1.907,10.692,MEDIUM,REORDER_SOON,8,NORMAL,LOW,REORDER_SOON,12.9 days of cover: 6 units in stock at expected demand of 0.46 units/day. Stock 6 is below the reorder point 7.5 (lead-time demand 3.2 + safety stock 4.2); suggested order 8 units,,0.0,0.0,0.0,0.0,0.0,1,205.0
486,MEDIUM,BR001,MED111,Azithromycin 250mg,Antibiotics,4,22.4,0.618,2.914,LOW,REORDER_SOON,3,NORMAL,LOW,REORDER_SOON,22.4 days of cover: 4 units in stock at expected demand of 0.18 units/day. Stock 4 is below the reorder point 4.1 (lead-time demand 1.2 + safety stock 2.8); suggested order 3 units,,0.0,0.0,0.0,0.0,0.0,1,205.0
487,MEDIUM,BR001,MED118,Azithromycin 250mg (NovaMed Laboratories),Antibiotics,6,24.0,0.954,5.147,MEDIUM,NO_REORDER,0,NORMAL,MEDIUM,MONITOR_STOCK_CLOSELY,24.0 days of cover: 6 units in stock at expected demand of 0.25 units/day (escalated from LOW because of stockout history (1 days in the last 28; out of stock on 3.2% of all days observed); highly variable weekly demand (CV 1.19)),,0.0,0.0,0.0,0.0,0.0,1,205.0
488,MEDIUM,BR001,MED127,Cefixime 100mg (VitaCure Remedies),Antibiotics,28,12.65,14.096,57.26,MEDIUM,NO_REORDER,0,NORMAL,LOW,MONITOR_STOCK_CLOSELY,12.6 days of cover: 28 units in stock at expected demand of 2.21 units/day,,0.0,0.0,0.0,0.0,0.0,1,205.0
489,MEDIUM,BR001,MED134,Doxycycline 100mg (Summit Lifesciences),Antibiotics,10,35.0,1.546,7.425,MEDIUM,NO_REORDER,0,NORMAL,LOW,MONITOR_STOCK_CLOSELY,35.0 days of cover: 10 units in stock at expected demand of 0.29 units/day (escalated from LOW because of stockout history (0 days in the last 28; out of stock on 3.2% of all days observed)),,0.0,0.0,0.0,0.0,0.0,1,205.0
490,MEDIUM,BR001,MED144,Mefenamic Acid 500mg (NovaMed Laboratories),Antipyretics,28,17.04,11.431,44.815,MEDIUM,NO_REORDER,0,NORMAL,LOW,MONITOR_STOCK_CLOSELY,17.0 days of cover: 28 units in stock at expected demand of 1.64 units/day (escalated from LOW because of stockout history (0 days in the last 28; out of stock on 5.6% of all days observed)),,0.0,0.0,0.0,0.0,0.0,1,205.0
491,MEDIUM,BR001,MED149,Paracetamol 650mg (Aarogya Formulations),Antipyretics,5,17.5,1.411,7.126,LOW,REORDER_SOON,6,NORMAL,LOW,REORDER_SOON,17.5 days of cover: 5 units in stock at expected demand of 0.29 units/day. Stock 5 is below the reorder point 6.7 (lead-time demand 2.0 + safety stock 4.7); suggested order 6 units,,0.0,0.0,0.0,0.0,0.0,1,205.0
492,MEDIUM,BR001,MED152,Paracetamol Suspension 250mg/5ml (Aarogya Formulations),Antipyretics,12,12.92,4.832,23.996,MEDIUM,REORDER_SOON,14,NORMAL,LOW,REORDER_SOON,12.9 days of cover: 12 units in stock at expected demand of 0.93 units/day. Stock 12 is below the reorder point 12.5 (lead-time demand 6.5 + safety stock 6.0); suggested order 14 units,,0.0,0.0,0.0,0.0,0.0,1,205.0
493,MEDIUM,BR001,MED154,Paracetamol Suspension 250mg/5ml (CarePlus Laboratories),Antipyretics,8,28.0,1.51,7.198,MEDIUM,NO_REORDER,0,NORMAL,LOW,MONITOR_STOCK_CLOSELY,28.0 days of cover: 8 units in stock at expected demand of 0.29 units/day (escalated from LOW because of stockout history (0 days in the last 28; out of stock on 3.2% of all days observed)),,0.0,0.0,0.0,0.0,0.0,1,205.0
494,MEDIUM,BR001,MED155,Paracetamol Suspension 250mg/5ml (CureLine Healthcare),Antipyretics,22,15.79,8.676,36.325,MEDIUM,NO_REORDER,0,NORMAL,LOW,MONITOR_STOCK_CLOSELY,15.8 days of cover: 22 units in stock at expected demand of 1.39 units/day (escalated from LOW because of stockout history (0 days in the last 28; out of stock on 5.1% of all days observed)),,0.0,0.0,0.0,0.0,0.0,1,205.0
495,MEDIUM,BR001,MED159,Paracetamol Suspension 125mg/5ml (NovaMed Laboratories),Antipyretics,14,28.0,3.063,13.629,MEDIUM,NO_REORDER,0,NORMAL,LOW,MONITOR_STOCK_CLOSELY,28.0 days of cover: 14 units in stock at expected demand of 0.50 units/day (escalated from LOW because of stockout history (0 days in the last 28; out of stock on 4.8% of all days observed)),,0.0,0.0,0.0,0.0,0.0,1,205.0
496,MEDIUM,BR001,MED168,Cetirizine 5mg,Antihistamines,14,39.2,1.404,7.326,MEDIUM,NO_REORDER,0,NORMAL,LOW,MONITOR_STOCK_CLOSELY,39.2 days of cover: 14 units in stock at expected demand of 0.36 units/day (escalated from LOW because of stockout history (3 days in the last 28; out of stock on 1.9% of all days observed); highly variable weekly demand (CV 1.34)),,0.0,0.0,0.0,0.0,0.0,1,205.0
497,MEDIUM,BR001,MED191,Levocetirizine 5mg (BlueCrest Pharma),Antihistamines,23,27.05,5.952,27.502,MEDIUM,NO_REORDER,0,NORMAL,LOW,MONITOR_STOCK_CLOSELY,27.0 days of cover: 23 units in stock at expected demand of 0.85 units/day (escalated from LOW because of stockout history (0 days in the last 28; out of stock on 4.1% of all days observed)),,0.0,0.0,0.0,0.0,0.0,1,205.0
498,MEDIUM,BR001,MED202,Montelukast + Levocetirizine 10mg/5mg (Stellar Formulations),Antihistamines,12,10.5,6.115,29.403,MEDIUM,REORDER_SOON,18,NORMAL,LOW,REORDER_SOON,10.5 days of cover: 12 units in stock at expected demand of 1.14 units/day. Stock 12 is below the reorder point 13.2 (lead-time demand 8.0 + safety stock 5.2); suggested order 18 units,,0.0,0.0,0.0,0.0,0.0,1,205.0
499,MEDIUM,BR001,MED216,Omeprazole 20mg (CureLine Healthcare),Gastrointestinal,3,12.0,0.643,3.836,MEDIUM,REORDER_SOON,5,NORMAL,LOW,REORDER_SOON,12.0 days of cover: 3 units in stock at expected demand of 0.25 units/day. Stock 3 is below the reorder point 3.9 (lead-time demand 1.8 + safety stock 2.1); suggested order 5 units (highly variable weekly demand (CV 1.30)),,0.0,0.0,0.0,0.0,0.0,1,205.0
500,MEDIUM,BR001,MED221,Omeprazole 40mg,Gastrointestinal,3,12.0,0.585,3.878,MEDIUM,REORDER_SOON,5,NORMAL,LOW,REORDER_SOON,12.0 days of cover: 3 units in stock at expected demand of 0.25 units/day. Stock 3 is below the reorder point 3.8 (lead-time demand 1.8 + safety stock 2.0); suggested order 5 units (highly variable weekly demand (CV 1.11)),,0.0,0.0,0.0,0.0,0.0,1,205.0
501,MEDIUM,BR001,MED225,Omeprazole 40mg (TrueLife Remedies),Gastrointestinal,3,14.0,0.64,3.668,LOW,REORDER_SOON,5,NORMAL,LOW,REORDER_SOON,14.0 days of cover: 3 units in stock at expected demand of 0.21 units/day. Stock 3 is below the reorder point 4.3 (lead-time demand 1.5 + safety stock 2.8); suggested order 5 units (highly variable weekly demand (CV 1.05)),,0.0,0.0,0.0,0.0,0.0,1,205.0
502,MEDIUM,BR001,MED226,Ondansetron 4mg (Aarogya Formulations),Gastrointestinal,11,14.0,3.38,15.378,MEDIUM,NO_REORDER,0,NORMAL,LOW,MONITOR_STOCK_CLOSELY,14.0 days of cover: 11 units in stock at expected demand of 0.79 units/day (escalated from LOW because of stockout history (2 days in the last 28; out of stock on 2.6% of all days observed)),,0.0,0.0,0.0,0.0,0.0,1,205.0
503,MEDIUM,BR001,MED228,Ondansetron 4mg (CarePlus Laboratories),Gastrointestinal,4,11.2,0.856,5.497,MEDIUM,REORDER_SOON,7,NORMAL,LOW,REORDER_SOON,11.2 days of cover: 4 units in stock at expected demand of 0.36 units/day. Stock 4 is below the reorder point 5.1 (lead-time demand 2.5 + safety stock 2.6); suggested order 7 units (highly variable weekly demand (CV 1.06)),,0.0,0.0,0.0,0.0,0.0,1,205.0
504,MEDIUM,BR001,MED236,Ondansetron 8mg (LifeSpring Pharma),Gastrointestinal,74,11.58,41.347,181.437,MEDIUM,NO_REORDER,0,NORMAL,LOW,MONITOR_STOCK_CLOSELY,11.6 days of cover: 74 units in stock at expected demand of 6.39 units/day,,0.0,0.0,0.0,0.0,0.0,1,205.0
505,MEDIUM,BR001,MED238,Ondansetron 8mg (VitaCure Remedies),Gastrointestinal,4,16.0,0.949,4.754,LOW,REORDER_SOON,5,NORMAL,LOW,REORDER_SOON,16.0 days of cover: 4 units in stock at expected demand of 0.25 units/day. Stock 4 is below the reorder point 4.6 (lead-time demand 1.8 + safety stock 2.8); suggested order 5 units,,0.0,0.0,0.0,0.0,0.0,1,205.0
506,MEDIUM,BR001,MED247,Pantoprazole 40mg (NovaMed Laboratories),Gastrointestinal,25,23.91,7.32,29.378,MEDIUM,NO_REORDER,0,NORMAL,LOW,MONITOR_STOCK_CLOSELY,23.9 days of cover: 25 units in stock at expected demand of 1.05 units/day (escalated from LOW because of stockout history (7 days in the last 28; out of stock on 1.1% of all days observed)),,0.0,0.0,0.0,0.0,0.0,1,205.0
507,MEDIUM,BR001,MED269,Amlodipine 10mg (Stellar Formulations),Cardiovascular,105,8.94,73.141,313.683,MEDIUM,NO_REORDER,0,NORMAL,LOW,MONITOR_STOCK_CLOSELY,8.9 days of cover: 105 units in stock at expected demand of 11.75 units/day,,0.0,0.0,0.0,0.0,0.0,1,205.0
508,MEDIUM,BR001,MED286,Atorvastatin 20mg (BlueCrest Pharma),Cardiovascular,12,13.44,5.16,26.181,MEDIUM,REORDER_SOON,14,NORMAL,LOW,REORDER_SOON,13.4 days of cover: 12 units in stock at expected demand of 0.89 units/day. Stock 12 is below the reorder point 12.5 (lead-time demand 6.2 + safety stock 6.3); suggested order 14 units,,0.0,0.0,0.0,0.0,0.0,1,205.0
509,MEDIUM,BR001,MED288,Atorvastatin 40mg,Cardiovascular,22,14.0,8.61,41.639,MEDIUM,NO_REORDER,0,NORMAL,LOW,MONITOR_STOCK_CLOSELY,14.0 days of cover: 22 units in stock at expected demand of 1.57 units/day (escalated from LOW because of stockout history (0 days in the last 28; out of stock on 2.6% of all days observed)),,0.0,0.0,0.0,0.0,0.0,1,205.0
510,MEDIUM,BR001,MED302,Losartan 25mg (HealthAxis Pharma),Cardiovascular,25,24.96,7.011,32.119,MEDIUM,NO_REORDER,0,NORMAL,LOW,MONITOR_STOCK_CLOSELY,25.0 days of cover: 25 units in stock at expected demand of 1.00 units/day (escalated from LOW because of stockout history (0 days in the last 28; out of stock on 2.6% of all days observed)),,0.0,0.0,0.0,0.0,0.0,1,205.0
511,MEDIUM,BR001,MED306,Metoprolol 50mg (Aarogya Formulations),Cardiovascular,19,13.64,8.051,39.435,MEDIUM,NO_REORDER,0,NORMAL,MEDIUM,MONITOR_STOCK_CLOSELY,13.6 days of cover: 19 units in stock at expected demand of 1.39 units/day,,0.0,0.0,0.0,0.0,0.0,1,205.0
512,MEDIUM,BR001,MED313,Metoprolol 25mg (LifeSpring Pharma),Cardiovascular,5,17.5,0.656,3.559,LOW,REORDER_SOON,5,NORMAL,LOW,REORDER_SOON,17.5 days of cover: 5 units in stock at expected demand of 0.29 units/day. Stock 5 is below the reorder point 5.2 (lead-time demand 2.0 + safety stock 3.2); suggested order 5 units (highly variable weekly demand (CV 1.01)),,0.0,0.0,0.0,0.0,0.0,1,205.0
513,MEDIUM,BR001,MED314,Rosuvastatin 10mg (BlueCrest Pharma),Cardiovascular,24,13.71,9.959,46.299,MEDIUM,NO_REORDER,0,NORMAL,LOW,MONITOR_STOCK_CLOSELY,13.7 days of cover: 24 units in stock at expected demand of 1.75 units/day,,0.0,0.0,0.0,0.0,0.0,1,205.0
514,MEDIUM,BR001,MED315,Rosuvastatin 10mg (NovaMed Laboratories),Cardiovascular,12,67.2,0.753,3.258,MEDIUM,NO_REORDER,0,NORMAL,LOW,MONITOR_STOCK_CLOSELY,67.2 days of cover: 12 units in stock at expected demand of 0.18 units/day (escalated from LOW because of stockout history (4 days in the last 28; out of stock on 1.9% of all days observed); highly variable weekly demand (CV 1.96)),,0.0,0.0,0.0,0.0,0.0,1,205.0
515,MEDIUM,BR001,MED319,Rosuvastatin 5mg (NovaMed Laboratories),Cardiovascular,102,12.63,56.515,243.581,MEDIUM,NO_REORDER,0,NORMAL,LOW,MONITOR_STOCK_CLOSELY,12.6 days of cover: 102 units in stock at expected demand of 8.07 units/day,,0.0,0.0,0.0,0.0,0.0,1,205.0
516,MEDIUM,BR001,MED322,Rosuvastatin 20mg,Cardiovascular,9,14.0,2.446,12.313,MEDIUM,REORDER_SOON,11,NORMAL,LOW,REORDER_SOON,14.0 days of cover: 9 units in stock at expected demand of 0.64 units/day. Stock 9 is below the reorder point 10.3 (lead-time demand 4.5 + safety stock 5.8); suggested order 11 units,,0.0,0.0,0.0,0.0,0.0,1,205.0
517,MEDIUM,BR001,MED324,Rosuvastatin 20mg (Stellar Formulations),Cardiovascular,24,12.22,9.865,47.351,MEDIUM,NO_REORDER,0,NORMAL,LOW,MONITOR_STOCK_CLOSELY,12.2 days of cover: 24 units in stock at expected demand of 1.96 units/day,,0.0,0.0,0.0,0.0,0.0,1,205.0
518,MEDIUM,BR001,MED335,Telmisartan 20mg (Summit Lifesciences),Cardiovascular,4,28.0,0.478,2.942,LOW,REORDER_SOON,3,NORMAL,LOW,REORDER_SOON,28.0 days of cover: 4 units in stock at expected demand of 0.14 units/day. Stock 4 is below the reorder point 4.1 (lead-time demand 1.0 + safety stock 3.1); suggested order 3 units (highly variable weekly demand (CV 1.24)),,0.0,0.0,0.0,0.0,0.0,1,205.0
519,MEDIUM,BR001,MED341,Telmisartan 80mg (Stellar Formulations),Cardiovascular,17,25.05,4.342,21.06,MEDIUM,NO_REORDER,0,NORMAL,LOW,MONITOR_STOCK_CLOSELY,25.1 days of cover: 17 units in stock at expected demand of 0.68 units/day (escalated from LOW because of stockout history (0 days in the last 28; out of stock on 3.0% of all days observed)),,0.0,0.0,0.0,0.0,0.0,1,205.0
520,MEDIUM,BR001,MED342,Telmisartan 80mg (Summit Lifesciences),Cardiovascular,16,26.35,3.427,17.808,MEDIUM,NO_REORDER,0,NORMAL,LOW,MONITOR_STOCK_CLOSELY,26.4 days of cover: 16 units in stock at expected demand of 0.61 units/day (escalated from LOW because of stockout history (0 days in the last 28; out of stock on 2.6% of all days observed)),,0.0,0.0,0.0,0.0,0.0,1,205.0
521,MEDIUM,BR001,MED346,Gliclazide 80mg (CarePlus Laboratories),Antidiabetic,18,14.4,5.824,29.107,MEDIUM,NO_REORDER,0,NORMAL,LOW,MONITOR_STOCK_CLOSELY,14.4 days of cover: 18 units in stock at expected demand of 1.25 units/day (escalated from LOW because of stockout history (3 days in the last 28; out of stock on 0.5% of all days observed)),,0.0,0.0,0.0,0.0,0.0,1,205.0
522,MEDIUM,BR001,MED347,Gliclazide 80mg (LifeSpring Pharma),Antidiabetic,6,15.27,1.175,7.149,LOW,REORDER_SOON,9,NORMAL,LOW,REORDER_SOON,15.3 days of cover: 6 units in stock at expected demand of 0.39 units/day. Stock 6 is below the reorder point 8.9 (lead-time demand 2.8 + safety stock 6.2); suggested order 9 units,,0.0,0.0,0.0,0.0,0.0,1,205.0
523,MEDIUM,BR001,MED362,Glimepiride 1mg (HealthAxis Pharma),Antidiabetic,20,19.31,5.066,21.714,MEDIUM,NO_REORDER,0,NORMAL,LOW,MONITOR_STOCK_CLOSELY,19.3 days of cover: 20 units in stock at expected demand of 1.04 units/day (escalated from LOW because of stockout history (6 days in the last 28; out of stock on 2.7% of all days observed)),,0.0,0.0,0.0,0.0,0.0,1,205.0
524,MEDIUM,BR001,MED366,Glimepiride 3mg (ApexLife Pharma),Antidiabetic,34,18.31,9.641,45.604,MEDIUM,NO_REORDER,0,NORMAL,MEDIUM,MONITOR_STOCK_CLOSELY,18.3 days of cover: 34 units in stock at expected demand of 1.86 units/day (escalated from LOW because of stockout history (4 days in the last 28; out of stock on 0.7% of all days observed)),,0.0,0.0,0.0,0.0,0.0,1,205.0
525,MEDIUM,BR001,MED374,Glimepiride + Metformin 2mg/500mg (Stellar Formulations),Antidiabetic,7,24.5,1.343,6.028,MEDIUM,REORDER_SOON,5,NORMAL,LOW,REORDER_SOON,24.5 days of cover: 7 units in stock at expected demand of 0.29 units/day. Stock 7 is below the reorder point 7.1 (lead-time demand 2.0 + safety stock 5.1); suggested order 5 units (escalated from LOW because of stockout history (0 days in the last 28; out of stock on 2.7% of all days observed)),,0.0,0.0,0.0,0.0,0.0,1,205.0
526,MEDIUM,BR001,MED381,Glimepiride + Metformin 1mg/500mg (Zenith BioPharma),Antidiabetic,140,17.86,54.873,225.547,MEDIUM,NO_REORDER,0,NORMAL,LOW,MONITOR_STOCK_CLOSELY,17.9 days of cover: 140 units in stock at expected demand of 7.84 units/day (escalated from LOW because of stockout history (2 days in the last 28; out of stock on 4.0% of all days observed)),,0.0,0.0,0.0,0.0,0.0,1,205.0
527,MEDIUM,BR001,MED391,Metformin 1000mg (HealthAxis Pharma),Antidiabetic,39,33.84,8.068,37.878,MEDIUM,NO_REORDER,0,NORMAL,LOW,MONITOR_STOCK_CLOSELY,33.8 days of cover: 39 units in stock at expected demand of 1.15 units/day (escalated from LOW because of stockout history (0 days in the last 28; out of stock on 3.0% of all days observed)),,0.0,0.0,0.0,0.0,0.0,1,205.0
528,MEDIUM,BR001,MED409,Ambroxol + Levosalbutamol Syrup 100ml (VitaCure Remedies),Respiratory,11,38.5,1.073,4.593,MEDIUM,NO_REORDER,0,NORMAL,LOW,MONITOR_STOCK_CLOSELY,38.5 days of cover: 11 units in stock at expected demand of 0.29 units/day (escalated from LOW because of stockout history (4 days in the last 28; out of stock on 1.8% of all days observed)),,0.0,0.0,0.0,0.0,0.0,1,205.0
529,MEDIUM,BR001,MED411,Ambroxol + Levosalbutamol Syrup 60ml (NovaMed Laboratories),Respiratory,11,12.32,5.307,24.752,MEDIUM,NO_REORDER,0,NORMAL,LOW,MONITOR_STOCK_CLOSELY,12.3 days of cover: 11 units in stock at expected demand of 0.89 units/day,,0.0,0.0,0.0,0.0,0.0,1,205.0
530,MEDIUM,BR001,MED432,Salbutamol Inhaler 100mcg (Stellar Formulations),Respiratory,63,15.34,28.297,121.935,MEDIUM,NO_REORDER,0,NORMAL,LOW,MONITOR_STOCK_CLOSELY,15.3 days of cover: 63 units in stock at expected demand of 4.11 units/day (escalated from LOW because of stockout history (0 days in the last 28; out of stock on 2.7% of all days observed)),,0.0,0.0,0.0,0.0,0.0,1,205.0
531,MEDIUM,BR001,MED436,Salbutamol Inhaler 200mcg,Respiratory,14,30.15,2.895,14.233,MEDIUM,NO_REORDER,0,NORMAL,LOW,MONITOR_STOCK_CLOSELY,30.2 days of cover: 14 units in stock at expected demand of 0.46 units/day (escalated from LOW because of stockout history (0 days in the last 28; out of stock on 2.9% of all days observed)),,0.0,0.0,0.0,0.0,0.0,1,205.0
532,MEDIUM,BR001,MED447,Calcium + Vitamin D3 500mg/250IU (Summit Lifesciences),Vitamins,9,13.26,3.242,17.143,MEDIUM,NO_REORDER,0,NORMAL,LOW,MONITOR_STOCK_CLOSELY,13.3 days of cover: 9 units in stock at expected demand of 0.68 units/day,,0.0,0.0,0.0,0.0,0.0,1,205.0
533,MEDIUM,BR001,MED459,Multivitamin B-complex+C (Summit Lifesciences),Vitamins,88,12.14,49.568,204.944,MEDIUM,NO_REORDER,0,NORMAL,LOW,MONITOR_STOCK_CLOSELY,12.1 days of cover: 88 units in stock at expected demand of 7.25 units/day,,0.0,0.0,0.0,0.0,0.0,1,205.0
534,MEDIUM,BR001,MED462,Vitamin C Chewable 500mg (ApexLife Pharma),Vitamins,9,13.26,2.768,13.428,MEDIUM,REORDER_SOON,10,NORMAL,LOW,REORDER_SOON,13.3 days of cover: 9 units in stock at expected demand of 0.68 units/day. Stock 9 is below the reorder point 9.1 (lead-time demand 4.8 + safety stock 4.4); suggested order 10 units,,0.0,0.0,0.0,0.0,0.0,1,205.0
535,MEDIUM,BR001,MED466,Vitamin C Chewable 1000mg (ApexLife Pharma),Vitamins,59,13.65,28.523,127.378,MEDIUM,NO_REORDER,0,NORMAL,LOW,MONITOR_STOCK_CLOSELY,13.7 days of cover: 59 units in stock at expected demand of 4.32 units/day,,0.0,0.0,0.0,0.0,0.0,1,205.0
536,MEDIUM,BR001,MED473,Vitamin C Chewable 1000mg (VitaCure Remedies),Vitamins,9,15.75,2.918,15.294,LOW,REORDER_SOON,9,NORMAL,LOW,REORDER_SOON,15.8 days of cover: 9 units in stock at expected demand of 0.57 units/day. Stock 9 is below the reorder point 9.6 (lead-time demand 4.0 + safety stock 5.6); suggested order 9 units,,0.0,0.0,0.0,0.0,0.0,1,205.0
537,MEDIUM,BR001,MED490,Hydrocortisone Cream 1% (CarePlus Laboratories),Dermatological,12,30.55,2.412,10.824,MEDIUM,NO_REORDER,0,NORMAL,LOW,MONITOR_STOCK_CLOSELY,30.5 days of cover: 12 units in stock at expected demand of 0.39 units/day (escalated from LOW because of stockout history (0 days in the last 28; out of stock on 4.1% of all days observed)),,0.0,0.0,0.0,0.0,0.0,1,205.0
538,MEDIUM,BR002,MED007,Cetirizine 10mg,Antihistamines,53,14.8,25.076,107.292,MEDIUM,NO_REORDER,0,NORMAL,LOW,MONITOR_STOCK_CLOSELY,14.8 days of cover: 53 units in stock at expected demand of 3.58 units/day (escalated from LOW because of stockout history (2 days in the last 28; out of stock on 4.2% of all days observed)),,0.0,0.0,0.0,0.0,0.0,1,205.0
539,MEDIUM,BR002,MED012,Atorvastatin 10mg,Cardiovascular,67,12.94,34.906,155.28,MEDIUM,NO_REORDER,0,NORMAL,LOW,MONITOR_STOCK_CLOSELY,12.9 days of cover: 67 units in stock at expected demand of 5.18 units/day,,0.0,0.0,0.0,0.0,0.0,1,205.0
540,MEDIUM,BR002,MED033,Omeprazole 20mg,Gastrointestinal,69,13.61,34.285,148.912,MEDIUM,NO_REORDER,0,NORMAL,LOW,MONITOR_STOCK_CLOSELY,13.6 days of cover: 69 units in stock at expected demand of 5.07 units/day,,0.0,0.0,0.0,0.0,0.0,1,205.0
541,MEDIUM,BR002,MED034,Domperidone 10mg,Gastrointestinal,22,10.81,11.439,52.718,MEDIUM,REORDER_SOON,29,NORMAL,LOW,REORDER_SOON,10.8 days of cover: 22 units in stock at expected demand of 2.04 units/day. Stock 22 is below the reorder point 22.0 (lead-time demand 14.2 + safety stock 7.8); suggested order 29 units,,0.0,0.0,0.0,0.0,0.0,1,205.0
542,MEDIUM,BR002,MED035,ORS Powder 21.8g,Gastrointestinal,7,16.33,2.056,9.919,LOW,REORDER_SOON,7,NORMAL,LOW,REORDER_SOON,16.3 days of cover: 7 units in stock at expected demand of 0.43 units/day. Stock 7 is below the reorder point 7.4 (lead-time demand 3.0 + safety stock 4.4); suggested order 7 units,,0.0,0.0,0.0,0.0,0.0,1,205.0
543,MEDIUM,BR002,MED040,Rosuvastatin 10mg,Cardiovascular,31,21.17,9.22,41.616,MEDIUM,NO_REORDER,0,NORMAL,LOW,MONITOR_STOCK_CLOSELY,21.2 days of cover: 31 units in stock at expected demand of 1.46 units/day (escalated from LOW because of stockout history (0 days in the last 28; out of stock on 4.4% of all days observed)),,0.0,0.0,0.0,0.0,0.0,1,205.0
544,MEDIUM,BR002,MED043,Glimepiride + Metformin 2mg/500mg,Antidiabetic,50,11.76,27.066,125.634,MEDIUM,NO_REORDER,0,NORMAL,LOW,MONITOR_STOCK_CLOSELY,11.8 days of cover: 50 units in stock at expected demand of 4.25 units/day,,0.0,0.0,0.0,0.0,0.0,1,205.0
545,MEDIUM,BR002,MED065,Diclofenac 100mg (CureLine Healthcare),Analgesics,7,39.2,0.871,4.168,MEDIUM,NO_REORDER,0,NORMAL,LOW,MONITOR_STOCK_CLOSELY,39.2 days of cover: 7 units in stock at expected demand of 0.18 units/day (escalated from LOW because of stockout history (6 days in the last 28; out of stock on 0.8% of all days observed); highly variable weekly demand (CV 1.10)),,0.0,0.0,0.0,0.0,0.0,1,205.0
546,MEDIUM,BR002,MED079,Ibuprofen 600mg (BlueCrest Pharma),Analgesics,10,20.0,3.114,15.561,MEDIUM,NO_REORDER,0,NORMAL,LOW,MONITOR_STOCK_CLOSELY,20.0 days of cover: 10 units in stock at expected demand of 0.50 units/day (escalated from LOW because of stockout history (0 days in the last 28; out of stock on 3.7% of all days observed)),,0.0,0.0,0.0,0.0,0.0,1,205.0
547,MEDIUM,BR002,MED081,Ibuprofen 600mg (NovaMed Laboratories),Analgesics,10,14.0,4.035,20.8,LOW,REORDER_SOON,11,NORMAL,LOW,REORDER_SOON,14.0 days of cover: 10 units in stock at expected demand of 0.71 units/day. Stock 10 is below the reorder point 10.3 (lead-time demand 5.0 + safety stock 5.3); suggested order 11 units,,0.0,0.0,0.0,0.0,0.0,1,205.0
548,MEDIUM,BR002,MED090,Paracetamol 500mg (CarePlus Laboratories),Analgesics,9,50.4,0.961,4.517,MEDIUM,NO_REORDER,0,NORMAL,LOW,MONITOR_STOCK_CLOSELY,50.4 days of cover: 9 units in stock at expected demand of 0.18 units/day (escalated from LOW because of stockout history (0 days in the last 28; out of stock on 3.8% of all days observed)),,0.0,0.0,0.0,0.0,0.0,1,205.0
549,MEDIUM,BR002,MED103,Amoxicillin + Clavulanic Acid 625mg (Stellar Formulations),Antibiotics,3,42.0,0.332,1.834,LOW,REORDER_SOON,2,NORMAL,LOW,REORDER_SOON,42.0 days of cover: 3 units in stock at expected demand of 0.07 units/day. Stock 3 is below the reorder point 3.3 (lead-time demand 0.5 + safety stock 2.8); suggested order 2 units (highly variable weekly demand (CV 1.12)),,0.0,0.0,0.0,0.0,0.0,1,205.0
550,MEDIUM,BR002,MED105,Amoxicillin + Clavulanic Acid 375mg (NovaMed Laboratories),Antibiotics,39,15.6,17.33,73.425,MEDIUM,NO_REORDER,0,NORMAL,LOW,MONITOR_STOCK_CLOSELY,15.6 days of cover: 39 units in stock at expected demand of 2.50 units/day (escalated from LOW because of stockout history (0 days in the last 28; out of stock on 4.9% of all days observed)),,0.0,0.0,0.0,0.0,0.0,1,205.0
551,MEDIUM,BR002,MED107,Amoxicillin + Clavulanic Acid 375mg (TrueLife Remedies),Antibiotics,8,44.8,1.059,4.627,MEDIUM,NO_REORDER,0,NORMAL,LOW,MONITOR_STOCK_CLOSELY,44.8 days of cover: 8 units in stock at expected demand of 0.18 units/day (escalated from LOW because of stockout history (0 days in the last 28; out of stock on 3.3% of all days observed)),,0.0,0.0,0.0,0.0,0.0,1,205.0
552,MEDIUM,BR002,MED118,Azithromycin 250mg (NovaMed Laboratories),Antibiotics,9,79.65,0.791,3.44,MEDIUM,NO_REORDER,0,NORMAL,MEDIUM,MONITOR_STOCK_CLOSELY,79.6 days of cover: 9 units in stock at expected demand of 0.11 units/day (escalated from LOW because of stockout history (0 days in the last 28; out of stock on 4.7% of all days observed); highly variable weekly demand (CV 1.04)),,0.0,0.0,0.0,0.0,0.0,1,205.0
553,MEDIUM,BR002,MED130,Ciprofloxacin 250mg (LifeSpring Pharma),Antibiotics,18,28.0,3.982,18.645,MEDIUM,NO_REORDER,0,NORMAL,LOW,MONITOR_STOCK_CLOSELY,28.0 days of cover: 18 units in stock at expected demand of 0.64 units/day (escalated from LOW because of stockout history (4 days in the last 28; out of stock on 1.4% of all days observed)),,0.0,0.0,0.0,0.0,0.0,1,205.0
554,MEDIUM,BR002,MED139,Mefenamic Acid 500mg,Antipyretics,51,15.69,21.874,92.58,MEDIUM,NO_REORDER,0,NORMAL,LOW,MONITOR_STOCK_CLOSELY,15.7 days of cover: 51 units in stock at expected demand of 3.25 units/day (escalated from LOW because of stockout history (0 days in the last 28; out of stock on 5.1% of all days observed)),,0.0,0.0,0.0,0.0,0.0,1,205.0
555,MEDIUM,BR002,MED144,Mefenamic Acid 500mg (NovaMed Laboratories),Antipyretics,25,16.28,9.837,40.683,MEDIUM,NO_REORDER,0,NORMAL,LOW,MONITOR_STOCK_CLOSELY,16.3 days of cover: 25 units in stock at expected demand of 1.54 units/day (escalated from LOW because of stockout history (0 days in the last 28; out of stock on 7.7% of all days observed)),,0.0,0.0,0.0,0.0,0.0,1,205.0
556,MEDIUM,BR002,MED152,Paracetamol Suspension 250mg/5ml (Aarogya Formulations),Antipyretics,17,22.67,4.762,21.096,MEDIUM,NO_REORDER,0,NORMAL,LOW,MONITOR_STOCK_CLOSELY,22.7 days of cover: 17 units in stock at expected demand of 0.75 units/day (escalated from LOW because of stockout history (0 days in the last 28; out of stock on 2.6% of all days observed)),,0.0,0.0,0.0,0.0,0.0,1,205.0
557,MEDIUM,BR002,MED154,Paracetamol Suspension 250mg/5ml (CarePlus Laboratories),Antipyretics,6,24.0,1.153,5.241,MEDIUM,NO_REORDER,0,NORMAL,LOW,MONITOR_STOCK_CLOSELY,24.0 days of cover: 6 units in stock at expected demand of 0.25 units/day (escalated from LOW because of stockout history (0 days in the last 28; out of stock on 3.8% of all days observed)),,0.0,0.0,0.0,0.0,0.0,1,205.0
558,MEDIUM,BR002,MED159,Paracetamol Suspension 125mg/5ml (NovaMed Laboratories),Antipyretics,11,20.53,2.517,11.258,MEDIUM,NO_REORDER,0,NORMAL,LOW,MONITOR_STOCK_CLOSELY,20.5 days of cover: 11 units in stock at expected demand of 0.54 units/day (escalated from LOW because of stockout history (1 days in the last 28; out of stock on 5.3% of all days observed)),,0.0,0.0,0.0,0.0,0.0,1,205.0
559,MEDIUM,BR002,MED163,Cetirizine 10mg (CureLine Healthcare),Antihistamines,23,14.31,9.318,43.929,MEDIUM,NO_REORDER,0,NORMAL,LOW,MONITOR_STOCK_CLOSELY,14.3 days of cover: 23 units in stock at expected demand of 1.61 units/day (escalated from LOW because of stockout history (2 days in the last 28; out of stock on 6.3% of all days observed)),,0.0,0.0,0.0,0.0,0.0,1,205.0
560,MEDIUM,BR002,MED167,Cetirizine 10mg (TrueLife Remedies),Antihistamines,15,15.56,5.032,23.866,MEDIUM,NO_REORDER,0,NORMAL,MEDIUM,MONITOR_STOCK_CLOSELY,15.6 days of cover: 15 units in stock at expected demand of 0.96 units/day (escalated from LOW because of stockout history (4 days in the last 28; out of stock on 3.7% of all days observed)),,0.0,0.0,0.0,0.0,0.0,1,205.0
561,MEDIUM,BR002,MED190,Levocetirizine 5mg (Aarogya Formulations),Antihistamines,5,14.0,1.487,7.518,LOW,REORDER_SOON,6,NORMAL,LOW,REORDER_SOON,14.0 days of cover: 5 units in stock at expected demand of 0.36 units/day. Stock 5 is below the reorder point 5.1 (lead-time demand 2.5 + safety stock 2.6); suggested order 6 units (highly variable weekly demand (CV 1.25)),,0.0,0.0,0.0,0.0,0.0,1,205.0
562,MEDIUM,BR002,MED191,Levocetirizine 5mg (BlueCrest Pharma),Antihistamines,8,17.23,2.653,13.843,MEDIUM,NO_REORDER,0,NORMAL,LOW,MONITOR_STOCK_CLOSELY,17.2 days of cover: 8 units in stock at expected demand of 0.46 units/day (escalated from LOW because of only 6.9 days of cover at the upper forecast),,0.0,0.0,0.0,0.0,0.0,1,205.0
563,MEDIUM,BR002,MED194,Levocetirizine 5mg (NovaMed Laboratories),Antihistamines,6,15.27,1.66,8.101,LOW,REORDER_SOON,6,NORMAL,LOW,REORDER_SOON,15.3 days of cover: 6 units in stock at expected demand of 0.39 units/day. Stock 6 is below the reorder point 6.5 (lead-time demand 2.8 + safety stock 3.7); suggested order 6 units,,0.0,0.0,0.0,0.0,0.0,1,205.0
564,MEDIUM,BR002,MED200,Montelukast + Levocetirizine 10mg/5mg (HealthAxis Pharma),Antihistamines,14,43.32,2.262,9.853,MEDIUM,NO_REORDER,0,NORMAL,LOW,MONITOR_STOCK_CLOSELY,43.3 days of cover: 14 units in stock at expected demand of 0.32 units/day (escalated from LOW because of stockout history (0 days in the last 28; out of stock on 2.7% of all days observed)),,0.0,0.0,0.0,0.0,0.0,1,205.0
565,MEDIUM,BR002,MED205,Domperidone 10mg (BlueCrest Pharma),Gastrointestinal,10,12.73,4.292,21.155,MEDIUM,REORDER_SOON,12,NORMAL,LOW,REORDER_SOON,12.7 days of cover: 10 units in stock at expected demand of 0.79 units/day. Stock 10 is below the reorder point 10.7 (lead-time demand 5.5 + safety stock 5.2); suggested order 12 units,,0.0,0.0,0.0,0.0,0.0,1,205.0
566,MEDIUM,BR002,MED218,Omeprazole 20mg (LifeSpring Pharma),Gastrointestinal,8,32.0,1.183,5.666,MEDIUM,NO_REORDER,0,NORMAL,MEDIUM,MONITOR_STOCK_CLOSELY,32.0 days of cover: 8 units in stock at expected demand of 0.25 units/day (escalated from LOW because of stockout history (0 days in the last 28; out of stock on 3.2% of all days observed)),,0.0,0.0,0.0,0.0,0.0,1,205.0
567,MEDIUM,BR002,MED236,Ondansetron 8mg (LifeSpring Pharma),Gastrointestinal,39,9.1,25.901,121.315,MEDIUM,REORDER_SOON,67,NORMAL,LOW,REORDER_SOON,9.1 days of cover: 39 units in stock at expected demand of 4.29 units/day. Stock 39 is below the reorder point 45.1 (lead-time demand 30.0 + safety stock 15.1); suggested order 67 units,,0.0,0.0,0.0,0.0,0.0,1,205.0
568,MEDIUM,BR002,MED239,ORS Powder 21.8g (HealthAxis Pharma),Gastrointestinal,61,12.38,32.058,148.09,MEDIUM,NO_REORDER,0,NORMAL,LOW,MONITOR_STOCK_CLOSELY,12.4 days of cover: 61 units in stock at expected demand of 4.93 units/day,,0.0,0.0,0.0,0.0,0.0,1,205.0
569,MEDIUM,BR002,MED241,ORS Powder 21.8g (Stellar Formulations),Gastrointestinal,12,10.18,6.056,28.547,MEDIUM,REORDER_SOON,18,NORMAL,LOW,REORDER_SOON,10.2 days of cover: 12 units in stock at expected demand of 1.18 units/day. Stock 12 is below the reorder point 13.0 (lead-time demand 8.2 + safety stock 4.8); suggested order 18 units,,0.0,0.0,0.0,0.0,0.0,1,205.0
570,MEDIUM,BR002,MED245,Pantoprazole 40mg (BlueCrest Pharma),Gastrointestinal,19,28.26,4.706,19.728,MEDIUM,NO_REORDER,0,NORMAL,LOW,MONITOR_STOCK_CLOSELY,28.3 days of cover: 19 units in stock at expected demand of 0.67 units/day (escalated from LOW because of stockout history (0 days in the last 28; out of stock on 6.2% of all days observed)),,0.0,0.0,0.0,0.0,0.0,1,205.0
571,MEDIUM,BR002,MED249,Pantoprazole 20mg,Gastrointestinal,12,9.08,6.146,28.358,MEDIUM,REORDER_SOON,21,NORMAL,LOW,REORDER_SOON,9.1 days of cover: 12 units in stock at expected demand of 1.32 units/day. Stock 12 is below the reorder point 14.1 (lead-time demand 9.2 + safety stock 4.8); suggested order 21 units,,0.0,0.0,0.0,0.0,0.0,1,205.0
572,MEDIUM,BR002,MED253,Pantoprazole 20mg (Stellar Formulations),Gastrointestinal,5,28.0,0.468,2.609,MEDIUM,NO_REORDER,0,NORMAL,LOW,MONITOR_STOCK_CLOSELY,28.0 days of cover: 5 units in stock at expected demand of 0.18 units/day (escalated from LOW because of stockout history (3 days in the last 28; out of stock on 0.4% of all days observed); highly variable weekly demand (CV 1.37)),,0.0,0.0,0.0,0.0,0.0,1,205.0
573,MEDIUM,BR002,MED259,Amlodipine 5mg (Stellar Formulations),Cardiovascular,15,70.0,1.446,8.172,MEDIUM,NO_REORDER,0,NORMAL,LOW,MONITOR_STOCK_CLOSELY,70.0 days of cover: 15 units in stock at expected demand of 0.21 units/day (escalated from LOW because of stockout history (0 days in the last 28; out of stock on 2.7% of all days observed); highly variable weekly demand (CV 1.12)),,0.0,0.0,0.0,0.0,0.0,1,205.0
574,MEDIUM,BR002,MED264,Amlodipine 2.5mg (Summit Lifesciences),Cardiovascular,37,25.9,8.823,42.135,MEDIUM,NO_REORDER,0,NORMAL,LOW,MONITOR_STOCK_CLOSELY,25.9 days of cover: 37 units in stock at expected demand of 1.43 units/day (escalated from LOW because of stockout history (0 days in the last 28; out of stock on 2.9% of all days observed)),,0.0,0.0,0.0,0.0,0.0,1,205.0
575,MEDIUM,BR002,MED269,Amlodipine 10mg (Stellar Formulations),Cardiovascular,92,11.15,55.058,232.818,MEDIUM,NO_REORDER,0,NORMAL,LOW,MONITOR_STOCK_CLOSELY,11.2 days of cover: 92 units in stock at expected demand of 8.25 units/day,,0.0,0.0,0.0,0.0,0.0,1,205.0
576,MEDIUM,BR002,MED273,Aspirin 75mg (CureLine Healthcare),Cardiovascular,23,43.57,3.695,15.785,MEDIUM,NO_REORDER,0,NORMAL,LOW,MONITOR_STOCK_CLOSELY,43.6 days of cover: 23 units in stock at expected demand of 0.53 units/day (escalated from LOW because of stockout history (0 days in the last 28; out of stock on 2.7% of all days observed)),,0.0,0.0,0.0,0.0,0.0,1,205.0
577,MEDIUM,BR002,MED302,Losartan 25mg (HealthAxis Pharma),Cardiovascular,11,22.0,2.027,9.434,MEDIUM,NO_REORDER,0,NORMAL,LOW,MONITOR_STOCK_CLOSELY,22.0 days of cover: 11 units in stock at expected demand of 0.50 units/day (escalated from LOW because of stockout history (0 days in the last 28; out of stock on 3.7% of all days observed)),,0.0,0.0,0.0,0.0,0.0,1,205.0
578,MEDIUM,BR002,MED305,Losartan 25mg (TrueLife Remedies),Cardiovascular,14,15.08,5.199,27.053,LOW,REORDER_SOON,14,NORMAL,LOW,REORDER_SOON,15.1 days of cover: 14 units in stock at expected demand of 0.93 units/day. Stock 14 is below the reorder point 14.1 (lead-time demand 6.5 + safety stock 7.6); suggested order 14 units,,0.0,0.0,0.0,0.0,0.0,1,205.0
579,MEDIUM,BR002,MED307,Metoprolol 50mg (BlueCrest Pharma),Cardiovascular,41,12.76,20.538,93.612,MEDIUM,NO_REORDER,0,NORMAL,LOW,MONITOR_STOCK_CLOSELY,12.8 days of cover: 41 units in stock at expected demand of 3.21 units/day,,0.0,0.0,0.0,0.0,0.0,1,205.0
580,MEDIUM,BR002,MED314,Rosuvastatin 10mg (BlueCrest Pharma),Cardiovascular,31,30.65,7.081,33.542,MEDIUM,NO_REORDER,0,NORMAL,LOW,MONITOR_STOCK_CLOSELY,30.6 days of cover: 31 units in stock at expected demand of 1.01 units/day (escalated from LOW because of stockout history (0 days in the last 28; out of stock on 4.8% of all days observed)),,0.0,0.0,0.0,0.0,0.0,1,205.0
581,MEDIUM,BR002,MED319,Rosuvastatin 5mg (NovaMed Laboratories),Cardiovascular,95,16.12,41.2,181.83,MEDIUM,NO_REORDER,0,NORMAL,LOW,MONITOR_STOCK_CLOSELY,16.1 days of cover: 95 units in stock at expected demand of 5.89 units/day (escalated from LOW because of stockout history (0 days in the last 28; out of stock on 3.8% of all days observed)),,0.0,0.0,0.0,0.0,0.0,1,205.0
582,MEDIUM,BR002,MED320,Rosuvastatin 5mg (Stellar Formulations),Cardiovascular,28,21.19,7.819,36.424,MEDIUM,NO_REORDER,0,NORMAL,LOW,MONITOR_STOCK_CLOSELY,21.2 days of cover: 28 units in stock at expected demand of 1.32 units/day (escalated from LOW because of stockout history (0 days in the last 28; out of stock on 3.4% of all days observed)),,0.0,0.0,0.0,0.0,0.0,1,205.0
583,MEDIUM,BR002,MED333,Telmisartan 20mg (HealthAxis Pharma),Cardiovascular,4,11.2,0.616,5.046,MEDIUM,REORDER_SOON,7,NORMAL,MEDIUM,REORDER_SOON,11.2 days of cover: 4 units in stock at expected demand of 0.36 units/day. Stock 4 is below the reorder point 5.9 (lead-time demand 2.5 + safety stock 3.4); suggested order 7 units (highly variable weekly demand (CV 1.21)),,0.0,0.0,0.0,0.0,0.0,1,205.0
584,MEDIUM,BR002,MED335,Telmisartan 20mg (Summit Lifesciences),Cardiovascular,7,32.67,0.958,5.342,MEDIUM,NO_REORDER,0,NORMAL,LOW,MONITOR_STOCK_CLOSELY,32.7 days of cover: 7 units in stock at expected demand of 0.21 units/day (escalated from LOW because of stockout history (0 days in the last 28; out of stock on 3.8% of all days observed)),,0.0,0.0,0.0,0.0,0.0,1,205.0
585,MEDIUM,BR002,MED344,Gliclazide 80mg (Aarogya Formulations),Antidiabetic,22,14.0,8.611,41.303,LOW,REORDER_SOON,23,NORMAL,LOW,REORDER_SOON,14.0 days of cover: 22 units in stock at expected demand of 1.57 units/day. Stock 22 is below the reorder point 22.3 (lead-time demand 11.0 + safety stock 11.3); suggested order 23 units,,0.0,0.0,0.0,0.0,0.0,1,205.0
586,MEDIUM,BR002,MED346,Gliclazide 80mg (CarePlus Laboratories),Antidiabetic,14,14.52,5.059,25.658,LOW,REORDER_SOON,15,NORMAL,LOW,REORDER_SOON,14.5 days of cover: 14 units in stock at expected demand of 0.96 units/day. Stock 14 is below the reorder point 14.7 (lead-time demand 6.8 + safety stock 7.9); suggested order 15 units,,0.0,0.0,0.0,0.0,0.0,1,205.0
587,MEDIUM,BR002,MED354,Gliclazide 40mg (Summit Lifesciences),Antidiabetic,48,17.68,18.299,83.939,MEDIUM,NO_REORDER,0,NORMAL,LOW,MONITOR_STOCK_CLOSELY,17.7 days of cover: 48 units in stock at expected demand of 2.71 units/day (escalated from LOW because of stockout history (0 days in the last 28; out of stock on 3.0% of all days observed)),,0.0,0.0,0.0,0.0,0.0,1,205.0
588,MEDIUM,BR002,MED355,Glimepiride 2mg (BlueCrest Pharma),Antidiabetic,14,39.2,1.168,5.52,MEDIUM,NO_REORDER,0,NORMAL,LOW,MONITOR_STOCK_CLOSELY,39.2 days of cover: 14 units in stock at expected demand of 0.36 units/day (escalated from LOW because of stockout history (3 days in the last 28; out of stock on 1.4% of all days observed); highly variable weekly demand (CV 1.45)),,0.0,0.0,0.0,0.0,0.0,1,205.0
589,MEDIUM,BR002,MED382,Metformin 500mg (CureLine Healthcare),Antidiabetic,6,16.8,1.337,7.52,LOW,REORDER_SOON,6,NORMAL,LOW,REORDER_SOON,16.8 days of cover: 6 units in stock at expected demand of 0.36 units/day. Stock 6 is below the reorder point 6.0 (lead-time demand 2.5 + safety stock 3.5); suggested order 6 units (highly variable weekly demand (CV 1.08)),,0.0,0.0,0.0,0.0,0.0,1,205.0
590,MEDIUM,BR002,MED384,Metformin 500mg (TrueLife Remedies),Antidiabetic,6,10.5,1.402,6.827,MEDIUM,REORDER_SOON,10,NORMAL,LOW,REORDER_SOON,10.5 days of cover: 6 units in stock at expected demand of 0.57 units/day. Stock 6 is below the reorder point 7.9 (lead-time demand 4.0 + safety stock 3.9); suggested order 10 units (highly variable weekly demand (CV 1.51)),,0.0,0.0,0.0,0.0,0.0,1,205.0
591,MEDIUM,BR002,MED393,Metformin 1000mg (TrueLife Remedies),Antidiabetic,6,16.8,1.275,7.657,LOW,REORDER_SOON,6,NORMAL,LOW,REORDER_SOON,16.8 days of cover: 6 units in stock at expected demand of 0.36 units/day. Stock 6 is below the reorder point 6.6 (lead-time demand 2.5 + safety stock 4.1); suggested order 6 units,,0.0,0.0,0.0,0.0,0.0,1,205.0
592,MEDIUM,BR002,MED394,Sitagliptin 100mg (BlueCrest Pharma),Antidiabetic,4,14.0,0.697,3.918,LOW,REORDER_SOON,6,NORMAL,LOW,REORDER_SOON,14.0 days of cover: 4 units in stock at expected demand of 0.29 units/day. Stock 4 is below the reorder point 5.4 (lead-time demand 2.0 + safety stock 3.4); suggested order 6 units (highly variable weekly demand (CV 1.46)),,0.0,0.0,0.0,0.0,0.0,1,205.0
593,MEDIUM,BR002,MED396,Sitagliptin 100mg (HealthAxis Pharma),Antidiabetic,87,10.55,53.754,228.673,MEDIUM,NO_REORDER,0,NORMAL,LOW,MONITOR_STOCK_CLOSELY,10.5 days of cover: 87 units in stock at expected demand of 8.25 units/day,,0.0,0.0,0.0,0.0,0.0,1,205.0
594,MEDIUM,BR002,MED402,Sitagliptin 50mg (NovaMed Laboratories),Antidiabetic,12,14.61,4.64,23.219,LOW,REORDER_SOON,12,NORMAL,LOW,REORDER_SOON,14.6 days of cover: 12 units in stock at expected demand of 0.82 units/day. Stock 12 is below the reorder point 12.1 (lead-time demand 5.8 + safety stock 6.4); suggested order 12 units,,0.0,0.0,0.0,0.0,0.0,1,205.0
595,MEDIUM,BR002,MED417,Dextromethorphan Syrup 100ml (LifeSpring Pharma),Respiratory,5,15.56,1.742,8.376,MEDIUM,NO_REORDER,0,NORMAL,LOW,MONITOR_STOCK_CLOSELY,15.6 days of cover: 5 units in stock at expected demand of 0.32 units/day (escalated from LOW because of only 6.7 days of cover at the upper forecast),,0.0,0.0,0.0,0.0,0.0,1,205.0
596,MEDIUM,BR002,MED431,Salbutamol Inhaler 100mcg (ApexLife Pharma),Respiratory,10,15.56,2.942,12.835,MEDIUM,NO_REORDER,0,NORMAL,LOW,MONITOR_STOCK_CLOSELY,15.6 days of cover: 10 units in stock at expected demand of 0.64 units/day (escalated from LOW because of stockout history (5 days in the last 28; out of stock on 5.5% of all days observed)),,0.0,0.0,0.0,0.0,0.0,1,205.0
597,MEDIUM,BR002,MED432,Salbutamol Inhaler 100mcg (Stellar Formulations),Respiratory,30,12.35,15.849,70.656,MEDIUM,NO_REORDER,0,NORMAL,LOW,MONITOR_STOCK_CLOSELY,12.4 days of cover: 30 units in stock at expected demand of 2.43 units/day,,0.0,0.0,0.0,0.0,0.0,1,205.0
598,MEDIUM,BR002,MED439,Salbutamol Inhaler 200mcg (HealthAxis Pharma),Respiratory,6,12.92,1.706,8.632,MEDIUM,NO_REORDER,0,NORMAL,LOW,MONITOR_STOCK_CLOSELY,12.9 days of cover: 6 units in stock at expected demand of 0.46 units/day (highly variable weekly demand (CV 1.12)),,0.0,0.0,0.0,0.0,0.0,1,205.0
599,MEDIUM,BR002,MED443,Calcium + Vitamin D3 500mg/250IU (ApexLife Pharma),Vitamins,18,16.8,5.095,24.625,MEDIUM,NO_REORDER,0,NORMAL,LOW,MONITOR_STOCK_CLOSELY,16.8 days of cover: 18 units in stock at expected demand of 1.07 units/day (escalated from LOW because of stockout history (1 days in the last 28; out of stock on 6.2% of all days observed)),,0.0,0.0,0.0,0.0,0.0,1,205.0
600,MEDIUM,BR002,MED446,Calcium + Vitamin D3 500mg/250IU (LifeSpring Pharma),Vitamins,21,14.34,7.198,35.004,MEDIUM,NO_REORDER,0,NORMAL,LOW,MONITOR_STOCK_CLOSELY,14.3 days of cover: 21 units in stock at expected demand of 1.46 units/day (escalated from LOW because of stockout history (4 days in the last 28; out of stock on 1.2% of all days observed)),,0.0,0.0,0.0,0.0,0.0,1,205.0
601,MEDIUM,BR002,MED459,Multivitamin B-complex+C (Summit Lifesciences),Vitamins,36,9.6,23.906,104.081,MEDIUM,REORDER_SOON,60,NORMAL,LOW,REORDER_SOON,9.6 days of cover: 36 units in stock at expected demand of 3.75 units/day. Stock 36 is below the reorder point 42.7 (lead-time demand 26.2 + safety stock 16.5); suggested order 60 units,,0.0,0.0,0.0,0.0,0.0,1,205.0
602,MEDIUM,BR002,MED472,Vitamin C Chewable 1000mg (TrueLife Remedies),Vitamins,11,61.6,0.647,3.611,MEDIUM,NO_REORDER,0,NORMAL,LOW,MONITOR_STOCK_CLOSELY,61.6 days of cover: 11 units in stock at expected demand of 0.18 units/day (escalated from LOW because of stockout history (4 days in the last 28; out of stock on 0.5% of all days observed); highly variable weekly demand (CV 1.33)),,0.0,0.0,0.0,0.0,0.0,1,205.0
603,MEDIUM,BR002,MED476,Vitamin D3 1000IU,Vitamins,13,28.0,2.554,12.425,MEDIUM,NO_REORDER,0,NORMAL,LOW,MONITOR_STOCK_CLOSELY,28.0 days of cover: 13 units in stock at expected demand of 0.46 units/day (escalated from LOW because of stockout history (0 days in the last 28; out of stock on 3.3% of all days observed)),,0.0,0.0,0.0,0.0,0.0,1,205.0
604,MEDIUM,BR002,MED493,Ketoconazole Shampoo 2% (Aarogya Formulations),Dermatological,3,14.0,0.687,3.775,LOW,REORDER_SOON,4,NORMAL,LOW,REORDER_SOON,14.0 days of cover: 3 units in stock at expected demand of 0.21 units/day. Stock 3 is below the reorder point 3.1 (lead-time demand 1.5 + safety stock 1.6); suggested order 4 units,,0.0,0.0,0.0,0.0,0.0,1,205.0
605,MEDIUM,BR003,MED001,Paracetamol 500mg,Analgesics,75,13.73,38.229,166.924,MEDIUM,NO_REORDER,0,NORMAL,LOW,MONITOR_STOCK_CLOSELY,13.7 days of cover: 75 units in stock at expected demand of 5.46 units/day,,0.0,0.0,0.0,0.0,0.0,1,205.0
606,MEDIUM,BR003,MED002,Diclofenac 50mg,Analgesics,19,24.18,4.42,20.656,MEDIUM,NO_REORDER,0,NORMAL,LOW,MONITOR_STOCK_CLOSELY,24.2 days of cover: 19 units in stock at expected demand of 0.79 units/day (escalated from LOW because of stockout history (2 days in the last 28; out of stock on 4.1% of all days observed)),,0.0,0.0,0.0,0.0,0.0,1,205.0
607,MEDIUM,BR003,MED005,Paracetamol 650mg,Antipyretics,54,14.13,26.133,107.226,MEDIUM,NO_REORDER,0,NORMAL,LOW,MONITOR_STOCK_CLOSELY,14.1 days of cover: 54 units in stock at expected demand of 3.82 units/day (escalated from LOW because of stockout history (1 days in the last 28; out of stock on 6.0% of all days observed)),,0.0,0.0,0.0,0.0,0.0,1,205.0
608,MEDIUM,BR003,MED007,Cetirizine 10mg,Antihistamines,61,15.05,28.372,129.191,MEDIUM,NO_REORDER,0,NORMAL,MEDIUM,MONITOR_STOCK_CLOSELY,15.1 days of cover: 61 units in stock at expected demand of 4.05 units/day (escalated from LOW because of stockout history (2 days in the last 28; out of stock on 8.6% of all days observed)),,0.0,0.0,0.0,0.0,0.0,1,205.0
609,MEDIUM,BR003,MED009,Pantoprazole 40mg,Gastrointestinal,87,22.1,27.556,122.049,MEDIUM,NO_REORDER,0,NORMAL,LOW,MONITOR_STOCK_CLOSELY,22.1 days of cover: 87 units in stock at expected demand of 3.94 units/day (escalated from LOW because of stockout history (0 days in the last 28; out of stock on 2.7% of all days observed)),,0.0,0.0,0.0,0.0,0.0,1,205.0
610,MEDIUM,BR003,MED011,Amlodipine 5mg,Cardiovascular,140,14.46,66.595,280.498,MEDIUM,NO_REORDER,0,NORMAL,LOW,MONITOR_STOCK_CLOSELY,14.5 days of cover: 140 units in stock at expected demand of 9.68 units/day (escalated from LOW because of stockout history (1 days in the last 28; out of stock on 3.7% of all days observed)),,0.0,0.0,0.0,0.0,0.0,1,205.0
611,MEDIUM,BR003,MED012,Atorvastatin 10mg,Cardiovascular,55,10.77,33.371,148.895,MEDIUM,NO_REORDER,0,NORMAL,LOW,MONITOR_STOCK_CLOSELY,10.8 days of cover: 55 units in stock at expected demand of 5.11 units/day,,0.0,0.0,0.0,0.0,0.0,1,205.0
612,MEDIUM,BR003,MED021,Ibuprofen 400mg,Analgesics,19,12.09,7.966,39.838,MEDIUM,NO_REORDER,0,NORMAL,LOW,MONITOR_STOCK_CLOSELY,12.1 days of cover: 19 units in stock at expected demand of 1.57 units/day,,0.0,0.0,0.0,0.0,0.0,1,205.0
613,MEDIUM,BR003,MED033,Omeprazole 20mg,Gastrointestinal,99,19.81,34.981,145.436,MEDIUM,NO_REORDER,0,NORMAL,LOW,MONITOR_STOCK_CLOSELY,19.8 days of cover: 99 units in stock at expected demand of 5.00 units/day (escalated from LOW because of stockout history (0 days in the last 28; out of stock on 3.3% of all days observed)),,0.0,0.0,0.0,0.0,0.0,1,205.0
614,MEDIUM,BR003,MED038,Losartan 50mg,Cardiovascular,12,14.61,4.798,24.334,LOW,REORDER_SOON,13,NORMAL,LOW,REORDER_SOON,14.6 days of cover: 12 units in stock at expected demand of 0.82 units/day. Stock 12 is below the reorder point 12.6 (lead-time demand 5.8 + safety stock 6.8); suggested order 13 units,,0.0,0.0,0.0,0.0,0.0,1,205.0
615,MEDIUM,BR003,MED042,Aspirin 75mg,Cardiovascular,33,12.83,16.059,71.511,MEDIUM,NO_REORDER,0,NORMAL,LOW,MONITOR_STOCK_CLOSELY,12.8 days of cover: 33 units in stock at expected demand of 2.57 units/day,,0.0,0.0,0.0,0.0,0.0,1,205.0
616,MEDIUM,BR003,MED043,Glimepiride + Metformin 2mg/500mg,Antidiabetic,52,9.58,37.017,164.241,MEDIUM,REORDER_SOON,79,NORMAL,LOW,REORDER_SOON,9.6 days of cover: 52 units in stock at expected demand of 5.43 units/day. Stock 52 is below the reorder point 54.2 (lead-time demand 38.0 + safety stock 16.2); suggested order 79 units,,0.0,0.0,0.0,0.0,0.0,1,205.0
617,MEDIUM,BR003,MED050,Calcium + Vitamin D3 500mg/250IU,Vitamins,7,21.78,1.787,8.931,MEDIUM,NO_REORDER,0,NORMAL,LOW,MONITOR_STOCK_CLOSELY,21.8 days of cover: 7 units in stock at expected demand of 0.32 units/day (escalated from LOW because of stockout history (0 days in the last 28; out of stock on 3.8% of all days observed)),,0.0,0.0,0.0,0.0,0.0,1,205.0
618,MEDIUM,BR003,MED064,Diclofenac 100mg,Analgesics,8,17.23,2.527,12.865,MEDIUM,NO_REORDER,0,NORMAL,LOW,MONITOR_STOCK_CLOSELY,17.2 days of cover: 8 units in stock at expected demand of 0.46 units/day (escalated from LOW because of only 7.0 days of cover at the upper forecast),,0.0,0.0,0.0,0.0,0.0,1,205.0
619,MEDIUM,BR003,MED066,Diclofenac 100mg (VitaCure Remedies),Analgesics,11,51.33,1.331,6.442,MEDIUM,NO_REORDER,0,NORMAL,LOW,MONITOR_STOCK_CLOSELY,51.3 days of cover: 11 units in stock at expected demand of 0.21 units/day (escalated from LOW because of stockout history (0 days in the last 28; out of stock on 4.1% of all days observed)),,0.0,0.0,0.0,0.0,0.0,1,205.0
620,MEDIUM,BR003,MED070,Ibuprofen 400mg (NovaMed Laboratories),Analgesics,20,13.66,8.473,39.566,MEDIUM,NO_REORDER,0,NORMAL,LOW,MONITOR_STOCK_CLOSELY,13.7 days of cover: 20 units in stock at expected demand of 1.46 units/day,,0.0,0.0,0.0,0.0,0.0,1,205.0
621,MEDIUM,BR003,MED076,Ibuprofen 200mg (TrueLife Remedies),Analgesics,17,14.0,6.916,32.788,MEDIUM,NO_REORDER,0,NORMAL,LOW,MONITOR_STOCK_CLOSELY,14.0 days of cover: 17 units in stock at expected demand of 1.21 units/day (escalated from LOW because of only 6.9 days of cover at the upper forecast),,0.0,0.0,0.0,0.0,0.0,1,205.0
622,MEDIUM,BR003,MED079,Ibuprofen 600mg (BlueCrest Pharma),Analgesics,20,12.17,9.101,42.938,MEDIUM,NO_REORDER,0,NORMAL,LOW,MONITOR_STOCK_CLOSELY,12.2 days of cover: 20 units in stock at expected demand of 1.64 units/day,,0.0,0.0,0.0,0.0,0.0,1,205.0
623,MEDIUM,BR003,MED105,Amoxicillin + Clavulanic Acid 375mg (NovaMed Laboratories),Antibiotics,49,15.95,20.499,88.402,MEDIUM,NO_REORDER,0,NORMAL,LOW,MONITOR_STOCK_CLOSELY,16.0 days of cover: 49 units in stock at expected demand of 3.07 units/day (escalated from LOW because of stockout history (0 days in the last 28; out of stock on 5.1% of all days observed)),,0.0,0.0,0.0,0.0,0.0,1,205.0
624,MEDIUM,BR003,MED113,Azithromycin 250mg (BlueCrest Pharma),Antibiotics,52,9.45,35.824,156.682,MEDIUM,REORDER_SOON,79,NORMAL,LOW,REORDER_SOON,9.5 days of cover: 52 units in stock at expected demand of 5.50 units/day. Stock 52 is below the reorder point 53.1 (lead-time demand 38.5 + safety stock 14.6); suggested order 79 units,,0.0,0.0,0.0,0.0,0.0,1,205.0
625,MEDIUM,BR003,MED122,Cefixime 200mg (NovaMed Laboratories),Antibiotics,15,38.18,2.343,10.648,MEDIUM,NO_REORDER,0,NORMAL,LOW,MONITOR_STOCK_CLOSELY,38.2 days of cover: 15 units in stock at expected demand of 0.39 units/day (escalated from LOW because of stockout history (0 days in the last 28; out of stock on 3.0% of all days observed)),,0.0,0.0,0.0,0.0,0.0,1,205.0
626,MEDIUM,BR003,MED135,Mefenamic Acid 250mg (ApexLife Pharma),Antipyretics,22,25.67,5.678,25.963,MEDIUM,NO_REORDER,0,NORMAL,MEDIUM,MONITOR_STOCK_CLOSELY,25.7 days of cover: 22 units in stock at expected demand of 0.86 units/day (escalated from LOW because of stockout history (0 days in the last 28; out of stock on 3.6% of all days observed)),,0.0,0.0,0.0,0.0,0.0,1,205.0
627,MEDIUM,BR003,MED138,Mefenamic Acid 250mg (NovaMed Laboratories),Antipyretics,10,12.17,4.507,20.638,MEDIUM,NO_REORDER,0,NORMAL,MEDIUM,MONITOR_STOCK_CLOSELY,12.2 days of cover: 10 units in stock at expected demand of 0.82 units/day,,0.0,0.0,0.0,0.0,0.0,1,205.0
628,MEDIUM,BR003,MED147,Mefenamic Acid 500mg (TrueLife Remedies),Antipyretics,4,16.0,0.678,4.548,LOW,REORDER_SOON,4,NORMAL,LOW,REORDER_SOON,16.0 days of cover: 4 units in stock at expected demand of 0.25 units/day. Stock 4 is below the reorder point 4.1 (lead-time demand 1.8 + safety stock 2.3); suggested order 4 units (highly variable weekly demand (CV 1.31)),,0.0,0.0,0.0,0.0,0.0,1,205.0
629,MEDIUM,BR003,MED152,Paracetamol Suspension 250mg/5ml (Aarogya Formulations),Antipyretics,32,30.88,7.253,31.811,MEDIUM,NO_REORDER,0,NORMAL,LOW,MONITOR_STOCK_CLOSELY,30.9 days of cover: 32 units in stock at expected demand of 1.04 units/day (escalated from LOW because of stockout history (3 days in the last 28; out of stock on 1.6% of all days observed)),,0.0,0.0,0.0,0.0,0.0,1,205.0
630,MEDIUM,BR003,MED159,Paracetamol Suspension 125mg/5ml (NovaMed Laboratories),Antipyretics,6,15.27,2.044,10.274,MEDIUM,REORDER_SOON,8,NORMAL,LOW,REORDER_SOON,15.3 days of cover: 6 units in stock at expected demand of 0.39 units/day. Stock 6 is below the reorder point 7.8 (lead-time demand 2.8 + safety stock 5.0); suggested order 8 units (escalated from LOW because of stockout history (0 days in the last 28; out of stock on 3.2% of all days observed)),,0.0,0.0,0.0,0.0,0.0,1,205.0
631,MEDIUM,BR003,MED163,Cetirizine 10mg (CureLine Healthcare),Antihistamines,43,23.08,13.044,59.3,MEDIUM,NO_REORDER,0,NORMAL,LOW,MONITOR_STOCK_CLOSELY,23.1 days of cover: 43 units in stock at expected demand of 1.86 units/day (escalated from LOW because of stockout history (0 days in the last 28; out of stock on 3.2% of all days observed)),,0.0,0.0,0.0,0.0,0.0,1,205.0
632,MEDIUM,BR003,MED165,Cetirizine 10mg (Stellar Formulations),Antihistamines,16,16.0,5.553,27.124,MEDIUM,NO_REORDER,0,NORMAL,LOW,MONITOR_STOCK_CLOSELY,16.0 days of cover: 16 units in stock at expected demand of 1.00 units/day (escalated from LOW because of stockout history (0 days in the last 28; out of stock on 3.4% of all days observed)),,0.0,0.0,0.0,0.0,0.0,1,205.0
633,MEDIUM,BR003,MED179,Chlorpheniramine 4mg (LifeSpring Pharma),Antihistamines,8,14.0,3.055,15.932,MEDIUM,NO_REORDER,0,NORMAL,LOW,MONITOR_STOCK_CLOSELY,14.0 days of cover: 8 units in stock at expected demand of 0.57 units/day (escalated from LOW because of only 6.6 days of cover at the upper forecast),,0.0,0.0,0.0,0.0,0.0,1,205.0
634,MEDIUM,BR003,MED206,Domperidone 10mg (CarePlus Laboratories),Gastrointestinal,39,34.86,7.831,30.99,MEDIUM,NO_REORDER,0,NORMAL,LOW,MONITOR_STOCK_CLOSELY,34.9 days of cover: 39 units in stock at expected demand of 1.12 units/day (escalated from LOW because of stockout history (0 days in the last 28; out of stock on 4.0% of all days observed)),,0.0,0.0,0.0,0.0,0.0,1,205.0
635,MEDIUM,BR003,MED218,Omeprazole 20mg (LifeSpring Pharma),Gastrointestinal,5,12.73,1.475,7.607,MEDIUM,REORDER_SOON,7,NORMAL,LOW,REORDER_SOON,12.7 days of cover: 5 units in stock at expected demand of 0.39 units/day. Stock 5 is below the reorder point 6.4 (lead-time demand 2.8 + safety stock 3.7); suggested order 7 units (highly variable weekly demand (CV 1.49)),,0.0,0.0,0.0,0.0,0.0,1,205.0
636,MEDIUM,BR003,MED226,Ondansetron 4mg (Aarogya Formulations),Gastrointestinal,6,14.0,1.532,7.683,LOW,REORDER_SOON,8,NORMAL,LOW,REORDER_SOON,14.0 days of cover: 6 units in stock at expected demand of 0.43 units/day. Stock 6 is below the reorder point 7.7 (lead-time demand 3.0 + safety stock 4.7); suggested order 8 units,,0.0,0.0,0.0,0.0,0.0,1,205.0
637,MEDIUM,BR003,MED231,Ondansetron 4mg (NovaMed Laboratories),Gastrointestinal,6,16.8,1.776,8.444,LOW,REORDER_SOON,6,NORMAL,LOW,REORDER_SOON,16.8 days of cover: 6 units in stock at expected demand of 0.36 units/day. Stock 6 is below the reorder point 6.2 (lead-time demand 2.5 + safety stock 3.7); suggested order 6 units,,0.0,0.0,0.0,0.0,0.0,1,205.0
638,MEDIUM,BR003,MED236,Ondansetron 8mg (LifeSpring Pharma),Gastrointestinal,61,11.7,33.571,147.26,MEDIUM,NO_REORDER,0,NORMAL,LOW,MONITOR_STOCK_CLOSELY,11.7 days of cover: 61 units in stock at expected demand of 5.21 units/day,,0.0,0.0,0.0,0.0,0.0,1,205.0
639,MEDIUM,BR003,MED246,Pantoprazole 40mg (CarePlus Laboratories),Gastrointestinal,6,14.0,1.834,9.683,LOW,REORDER_SOON,7,NORMAL,LOW,REORDER_SOON,14.0 days of cover: 6 units in stock at expected demand of 0.43 units/day. Stock 6 is below the reorder point 6.7 (lead-time demand 3.0 + safety stock 3.7); suggested order 7 units,,0.0,0.0,0.0,0.0,0.0,1,205.0
640,MEDIUM,BR003,MED257,Amlodipine 5mg (LifeSpring Pharma),Cardiovascular,34,27.85,8.546,39.415,MEDIUM,NO_REORDER,0,NORMAL,LOW,MONITOR_STOCK_CLOSELY,27.8 days of cover: 34 units in stock at expected demand of 1.22 units/day (escalated from LOW because of stockout history (0 days in the last 28; out of stock on 2.6% of all days observed)),,0.0,0.0,0.0,0.0,0.0,1,205.0
641,MEDIUM,BR003,MED261,Amlodipine 2.5mg,Cardiovascular,6,10.5,1.221,6.505,MEDIUM,REORDER_SOON,10,NORMAL,LOW,REORDER_SOON,10.5 days of cover: 6 units in stock at expected demand of 0.57 units/day. Stock 6 is below the reorder point 7.4 (lead-time demand 4.0 + safety stock 3.4); suggested order 10 units (highly variable weekly demand (CV 2.43)),,0.0,0.0,0.0,0.0,0.0,1,205.0
642,MEDIUM,BR003,MED270,Aspirin 75mg (Aarogya Formulations),Cardiovascular,24,10.34,13.017,59.706,MEDIUM,REORDER_SOON,34,NORMAL,LOW,REORDER_SOON,10.3 days of cover: 24 units in stock at expected demand of 2.32 units/day. Stock 24 is below the reorder point 25.5 (lead-time demand 16.2 + safety stock 9.2); suggested order 34 units,,0.0,0.0,0.0,0.0,0.0,1,205.0
643,MEDIUM,BR003,MED272,Aspirin 75mg (BlueCrest Pharma),Cardiovascular,66,8.84,50.798,217.975,MEDIUM,REORDER_SOON,116,NORMAL,LOW,REORDER_SOON,8.8 days of cover: 66 units in stock at expected demand of 7.46 units/day. Stock 66 is below the reorder point 77.2 (lead-time demand 52.2 + safety stock 25.0); suggested order 116 units,,0.0,0.0,0.0,0.0,0.0,1,205.0
644,MEDIUM,BR003,MED275,Aspirin 75mg (NovaMed Laboratories),Cardiovascular,9,63.0,0.844,3.673,MEDIUM,NO_REORDER,0,NORMAL,LOW,MONITOR_STOCK_CLOSELY,63.0 days of cover: 9 units in stock at expected demand of 0.14 units/day (escalated from LOW because of stockout history (3 days in the last 28; out of stock on 1.1% of all days observed); highly variable weekly demand (CV 2.20)),,0.0,0.0,0.0,0.0,0.0,1,205.0
645,MEDIUM,BR003,MED280,Aspirin 150mg (TrueLife Remedies),Cardiovascular,20,10.57,9.261,44.517,MEDIUM,REORDER_SOON,29,NORMAL,LOW,REORDER_SOON,10.6 days of cover: 20 units in stock at expected demand of 1.89 units/day. Stock 20 is below the reorder point 21.6 (lead-time demand 13.2 + safety stock 8.3); suggested order 29 units,,0.0,0.0,0.0,0.0,0.0,1,205.0
646,MEDIUM,BR003,MED283,Atorvastatin 10mg (LifeSpring Pharma),Cardiovascular,28,13.75,9.895,47.408,MEDIUM,NO_REORDER,0,NORMAL,LOW,MONITOR_STOCK_CLOSELY,13.8 days of cover: 28 units in stock at expected demand of 2.04 units/day,,0.0,0.0,0.0,0.0,0.0,1,205.0
647,MEDIUM,BR003,MED285,Atorvastatin 20mg,Cardiovascular,11,12.32,4.935,24.912,MEDIUM,REORDER_SOON,15,NORMAL,LOW,REORDER_SOON,12.3 days of cover: 11 units in stock at expected demand of 0.89 units/day. Stock 11 is below the reorder point 13.4 (lead-time demand 6.2 + safety stock 7.1); suggested order 15 units,,0.0,0.0,0.0,0.0,0.0,1,205.0
648,MEDIUM,BR003,MED296,Clopidogrel 75mg (Stellar Formulations),Cardiovascular,6,12.92,1.743,9.612,MEDIUM,REORDER_SOON,12,NORMAL,LOW,REORDER_SOON,12.9 days of cover: 6 units in stock at expected demand of 0.46 units/day. Stock 6 is below the reorder point 10.6 (lead-time demand 3.2 + safety stock 7.3); suggested order 12 units (highly variable weekly demand (CV 1.29)),,0.0,0.0,0.0,0.0,0.0,1,205.0
649,MEDIUM,BR003,MED307,Metoprolol 50mg (BlueCrest Pharma),Cardiovascular,58,13.31,29.85,130.209,MEDIUM,NO_REORDER,0,NORMAL,LOW,MONITOR_STOCK_CLOSELY,13.3 days of cover: 58 units in stock at expected demand of 4.36 units/day,,0.0,0.0,0.0,0.0,0.0,1,205.0
650,MEDIUM,BR003,MED313,Metoprolol 25mg (LifeSpring Pharma),Cardiovascular,5,14.0,0.869,5.032,LOW,REORDER_SOON,7,NORMAL,LOW,REORDER_SOON,14.0 days of cover: 5 units in stock at expected demand of 0.36 units/day. Stock 5 is below the reorder point 6.5 (lead-time demand 2.5 + safety stock 4.0); suggested order 7 units (highly variable weekly demand (CV 1.33)),,0.0,0.0,0.0,0.0,0.0,1,205.0
651,MEDIUM,BR003,MED320,Rosuvastatin 5mg (Stellar Formulations),Cardiovascular,26,13.48,10.202,48.741,MEDIUM,NO_REORDER,0,NORMAL,LOW,MONITOR_STOCK_CLOSELY,13.5 days of cover: 26 units in stock at expected demand of 1.93 units/day,,0.0,0.0,0.0,0.0,0.0,1,205.0
652,MEDIUM,BR003,MED323,Rosuvastatin 20mg (NovaMed Laboratories),Cardiovascular,17,59.5,1.259,7.326,MEDIUM,NO_REORDER,0,NORMAL,MEDIUM,MONITOR_STOCK_CLOSELY,59.5 days of cover: 17 units in stock at expected demand of 0.29 units/day (escalated from LOW because of stockout history (1 days in the last 28; out of stock on 3.3% of all days observed); highly variable weekly demand (CV 1.32)),,0.0,0.0,0.0,0.0,0.0,1,205.0
653,MEDIUM,BR003,MED334,Telmisartan 20mg (LifeSpring Pharma),Cardiovascular,6,16.8,1.007,5.833,LOW,REORDER_SOON,6,NORMAL,LOW,REORDER_SOON,16.8 days of cover: 6 units in stock at expected demand of 0.36 units/day. Stock 6 is below the reorder point 6.6 (lead-time demand 2.5 + safety stock 4.1); suggested order 6 units (highly variable weekly demand (CV 1.18)),,0.0,0.0,0.0,0.0,0.0,1,205.0
654,MEDIUM,BR003,MED335,Telmisartan 20mg (Summit Lifesciences),Cardiovascular,5,14.0,0.881,5.21,LOW,REORDER_SOON,6,NORMAL,LOW,REORDER_SOON,14.0 days of cover: 5 units in stock at expected demand of 0.36 units/day. Stock 5 is below the reorder point 5.5 (lead-time demand 2.5 + safety stock 3.0); suggested order 6 units (highly variable weekly demand (CV 1.33)),,0.0,0.0,0.0,0.0,0.0,1,205.0
655,MEDIUM,BR003,MED341,Telmisartan 80mg (Stellar Formulations),Cardiovascular,10,16.47,3.204,15.917,LOW,REORDER_SOON,9,NORMAL,LOW,REORDER_SOON,16.5 days of cover: 10 units in stock at expected demand of 0.61 units/day. Stock 10 is below the reorder point 10.2 (lead-time demand 4.2 + safety stock 6.0); suggested order 9 units,,0.0,0.0,0.0,0.0,0.0,1,205.0
656,MEDIUM,BR003,MED352,Gliclazide 40mg (NovaMed Laboratories),Antidiabetic,3,9.33,0.567,2.785,MEDIUM,REORDER_SOON,7,NORMAL,LOW,REORDER_SOON,9.3 days of cover: 3 units in stock at expected demand of 0.32 units/day. Stock 3 is below the reorder point 5.4 (lead-time demand 2.2 + safety stock 3.1); suggested order 7 units (highly variable weekly demand (CV 2.73)),,0.0,0.0,0.0,0.0,0.0,1,205.0
657,MEDIUM,BR003,MED357,Glimepiride 2mg (Stellar Formulations),Antidiabetic,40,35.9,7.8,35.419,MEDIUM,NO_REORDER,0,NORMAL,LOW,MONITOR_STOCK_CLOSELY,35.9 days of cover: 40 units in stock at expected demand of 1.11 units/day (escalated from LOW because of stockout history (0 days in the last 28; out of stock on 2.7% of all days observed)),,0.0,0.0,0.0,0.0,0.0,1,205.0
658,MEDIUM,BR003,MED378,Glimepiride + Metformin 1mg/500mg (Stellar Formulations),Antidiabetic,9,14.0,2.712,14.969,MEDIUM,REORDER_SOON,10,NORMAL,LOW,REORDER_SOON,14.0 days of cover: 9 units in stock at expected demand of 0.64 units/day. Stock 9 is below the reorder point 9.0 (lead-time demand 4.5 + safety stock 4.5); suggested order 10 units,,0.0,0.0,0.0,0.0,0.0,1,205.0
659,MEDIUM,BR003,MED380,Glimepiride + Metformin 1mg/500mg (VitaCure Remedies),Antidiabetic,35,12.56,17.276,76.518,MEDIUM,NO_REORDER,0,NORMAL,LOW,MONITOR_STOCK_CLOSELY,12.6 days of cover: 35 units in stock at expected demand of 2.79 units/day,,0.0,0.0,0.0,0.0,0.0,1,205.0
660,MEDIUM,BR003,MED383,Metformin 500mg (Stellar Formulations),Antidiabetic,65,9.24,48.065,207.816,MEDIUM,REORDER_SOON,100,NORMAL,LOW,REORDER_SOON,9.2 days of cover: 65 units in stock at expected demand of 7.04 units/day. Stock 65 is below the reorder point 66.5 (lead-time demand 49.2 + safety stock 17.2); suggested order 100 units,,0.0,0.0,0.0,0.0,0.0,1,205.0
661,MEDIUM,BR003,MED384,Metformin 500mg (TrueLife Remedies),Antidiabetic,5,17.5,0.933,5.807,LOW,REORDER_SOON,5,NORMAL,LOW,REORDER_SOON,17.5 days of cover: 5 units in stock at expected demand of 0.29 units/day. Stock 5 is below the reorder point 5.5 (lead-time demand 2.0 + safety stock 3.5); suggested order 5 units,,0.0,0.0,0.0,0.0,0.0,1,205.0
662,MEDIUM,BR003,MED385,Metformin 850mg,Antidiabetic,99,9.97,66.108,281.568,MEDIUM,NO_REORDER,0,NORMAL,LOW,MONITOR_STOCK_CLOSELY,10.0 days of cover: 99 units in stock at expected demand of 9.93 units/day,,0.0,0.0,0.0,0.0,0.0,1,205.0
663,MEDIUM,BR003,MED398,Sitagliptin 50mg (ApexLife Pharma),Antidiabetic,9,14.0,3.055,16.643,MEDIUM,NO_REORDER,0,NORMAL,LOW,MONITOR_STOCK_CLOSELY,14.0 days of cover: 9 units in stock at expected demand of 0.64 units/day,,0.0,0.0,0.0,0.0,0.0,1,205.0
664,MEDIUM,BR003,MED399,Sitagliptin 50mg (BlueCrest Pharma),Antidiabetic,30,13.77,12.888,56.757,MEDIUM,NO_REORDER,0,NORMAL,LOW,MONITOR_STOCK_CLOSELY,13.8 days of cover: 30 units in stock at expected demand of 2.18 units/day,,0.0,0.0,0.0,0.0,0.0,1,205.0
665,MEDIUM,BR003,MED405,Sitagliptin 50mg (TrueLife Remedies),Antidiabetic,4,10.18,0.958,5.912,MEDIUM,REORDER_SOON,9,NORMAL,LOW,REORDER_SOON,10.2 days of cover: 4 units in stock at expected demand of 0.39 units/day. Stock 4 is below the reorder point 6.8 (lead-time demand 2.8 + safety stock 4.1); suggested order 9 units (highly variable weekly demand (CV 1.50)),,0.0,0.0,0.0,0.0,0.0,1,205.0
666,MEDIUM,BR003,MED415,Budesonide Inhaler 100mcg,Respiratory,7,17.82,2.204,11.018,MEDIUM,NO_REORDER,0,NORMAL,LOW,MONITOR_STOCK_CLOSELY,17.8 days of cover: 7 units in stock at expected demand of 0.39 units/day (escalated from LOW because of only 6.4 days of cover at the upper forecast),,0.0,0.0,0.0,0.0,0.0,1,205.0
667,MEDIUM,BR003,MED421,Montelukast 10mg (LifeSpring Pharma),Respiratory,5,11.67,1.303,7.385,MEDIUM,REORDER_SOON,7,NORMAL,LOW,REORDER_SOON,11.7 days of cover: 5 units in stock at expected demand of 0.43 units/day. Stock 5 is below the reorder point 5.9 (lead-time demand 3.0 + safety stock 2.9); suggested order 7 units,,0.0,0.0,0.0,0.0,0.0,1,205.0
668,MEDIUM,BR003,MED448,Calcium + Vitamin D3 500mg/250IU (TrueLife Remedies),Vitamins,48,36.08,9.313,41.783,MEDIUM,NO_REORDER,0,NORMAL,LOW,MONITOR_STOCK_CLOSELY,36.1 days of cover: 48 units in stock at expected demand of 1.33 units/day (escalated from LOW because of stockout history (0 days in the last 28; out of stock on 3.7% of all days observed)),,0.0,0.0,0.0,0.0,0.0,1,205.0
669,MEDIUM,BR003,MED459,Multivitamin B-complex+C (Summit Lifesciences),Vitamins,66,11.62,38.595,162.298,MEDIUM,NO_REORDER,0,NORMAL,LOW,MONITOR_STOCK_CLOSELY,11.6 days of cover: 66 units in stock at expected demand of 5.68 units/day,,0.0,0.0,0.0,0.0,0.0,1,205.0
670,MEDIUM,BR004,MED002,Diclofenac 50mg,Analgesics,16,38.73,2.892,14.669,MEDIUM,NO_REORDER,0,NORMAL,LOW,MONITOR_STOCK_CLOSELY,38.7 days of cover: 16 units in stock at expected demand of 0.41 units/day (escalated from LOW because of stockout history (0 days in the last 28; out of stock on 2.9% of all days observed)),,0.0,0.0,0.0,0.0,0.0,1,205.0
671,MEDIUM,BR004,MED004,Azithromycin 500mg,Antibiotics,5,17.5,0.987,4.5,MEDIUM,NO_REORDER,0,NORMAL,LOW,MONITOR_STOCK_CLOSELY,17.5 days of cover: 5 units in stock at expected demand of 0.29 units/day (escalated from LOW because of stockout history (4 days in the last 28; out of stock on 2.5% of all days observed); highly variable weekly demand (CV 1.00)),,0.0,0.0,0.0,0.0,0.0,1,205.0
672,MEDIUM,BR004,MED007,Cetirizine 10mg,Antihistamines,76,21.29,24.992,109.474,MEDIUM,NO_REORDER,0,NORMAL,LOW,MONITOR_STOCK_CLOSELY,21.3 days of cover: 76 units in stock at expected demand of 3.57 units/day (escalated from LOW because of stockout history (0 days in the last 28; out of stock on 5.8% of all days observed)),,0.0,0.0,0.0,0.0,0.0,1,205.0
673,MEDIUM,BR004,MED009,Pantoprazole 40mg,Gastrointestinal,36,11.86,19.271,84.38,MEDIUM,NO_REORDER,0,NORMAL,LOW,MONITOR_STOCK_CLOSELY,11.9 days of cover: 36 units in stock at expected demand of 3.04 units/day,,0.0,0.0,0.0,0.0,0.0,1,205.0
674,MEDIUM,BR004,MED011,Amlodipine 5mg,Cardiovascular,137,18.95,50.594,208.213,MEDIUM,NO_REORDER,0,NORMAL,LOW,MONITOR_STOCK_CLOSELY,19.0 days of cover: 137 units in stock at expected demand of 7.23 units/day (escalated from LOW because of stockout history (0 days in the last 28; out of stock on 3.0% of all days observed)),,0.0,0.0,0.0,0.0,0.0,1,205.0
675,MEDIUM,BR004,MED018,Vitamin D3 60000IU,Vitamins,5,14.0,1.512,8.016,LOW,REORDER_SOON,6,NORMAL,LOW,REORDER_SOON,14.0 days of cover: 5 units in stock at expected demand of 0.36 units/day. Stock 5 is below the reorder point 5.5 (lead-time demand 2.5 + safety stock 3.0); suggested order 6 units (highly variable weekly demand (CV 1.07)),,0.0,0.0,0.0,0.0,0.0,1,205.0
676,MEDIUM,BR004,MED021,Ibuprofen 400mg,Analgesics,12,30.55,2.048,10.382,MEDIUM,NO_REORDER,0,NORMAL,LOW,MONITOR_STOCK_CLOSELY,30.5 days of cover: 12 units in stock at expected demand of 0.39 units/day (escalated from LOW because of stockout history (0 days in the last 28; out of stock on 3.6% of all days observed)),,0.0,0.0,0.0,0.0,0.0,1,205.0
677,MEDIUM,BR004,MED043,Glimepiride + Metformin 2mg/500mg,Antidiabetic,56,13.88,26.095,117.594,MEDIUM,NO_REORDER,0,NORMAL,LOW,MONITOR_STOCK_CLOSELY,13.9 days of cover: 56 units in stock at expected demand of 4.04 units/day,,0.0,0.0,0.0,0.0,0.0,1,205.0
678,MEDIUM,BR004,MED062,Diclofenac 50mg (TrueLife Remedies),Analgesics,4,12.44,0.808,4.515,MEDIUM,REORDER_SOON,6,NORMAL,LOW,REORDER_SOON,12.4 days of cover: 4 units in stock at expected demand of 0.32 units/day. Stock 4 is below the reorder point 4.8 (lead-time demand 2.2 + safety stock 2.5); suggested order 6 units (highly variable weekly demand (CV 1.60)),,0.0,0.0,0.0,0.0,0.0,1,205.0
679,MEDIUM,BR004,MED078,Ibuprofen 600mg,Analgesics,15,14.0,6.347,29.936,MEDIUM,NO_REORDER,0,NORMAL,LOW,MONITOR_STOCK_CLOSELY,14.0 days of cover: 15 units in stock at expected demand of 1.07 units/day (escalated from LOW because of only 6.3 days of cover at the upper forecast),,0.0,0.0,0.0,0.0,0.0,1,205.0
680,MEDIUM,BR004,MED086,Naproxen 500mg (CarePlus Laboratories),Analgesics,148,23.73,43.665,185.422,MEDIUM,NO_REORDER,0,NORMAL,MEDIUM,MONITOR_STOCK_CLOSELY,23.7 days of cover: 148 units in stock at expected demand of 6.24 units/day (escalated from LOW because of stockout history (0 days in the last 28; out of stock on 2.9% of all days observed)),,0.0,0.0,0.0,0.0,0.0,1,205.0
681,MEDIUM,BR004,MED098,Amoxicillin 250mg (NovaMed Laboratories),Antibiotics,13,30.33,1.64,7.083,MEDIUM,NO_REORDER,0,NORMAL,LOW,MONITOR_STOCK_CLOSELY,30.3 days of cover: 13 units in stock at expected demand of 0.43 units/day (escalated from LOW because of stockout history (4 days in the last 28; out of stock on 0.5% of all days observed)),,0.0,0.0,0.0,0.0,0.0,1,205.0
682,MEDIUM,BR004,MED104,Amoxicillin + Clavulanic Acid 375mg,Antibiotics,26,12.34,13.981,60.537,MEDIUM,NO_REORDER,0,NORMAL,LOW,MONITOR_STOCK_CLOSELY,12.3 days of cover: 26 units in stock at expected demand of 2.11 units/day,,0.0,0.0,0.0,0.0,0.0,1,205.0
683,MEDIUM,BR004,MED105,Amoxicillin + Clavulanic Acid 375mg (NovaMed Laboratories),Antibiotics,63,35.28,12.054,53.687,MEDIUM,NO_REORDER,0,NORMAL,LOW,MONITOR_STOCK_CLOSELY,35.3 days of cover: 63 units in stock at expected demand of 1.79 units/day (escalated from LOW because of stockout history (0 days in the last 28; out of stock on 5.6% of all days observed)),,0.0,0.0,0.0,0.0,0.0,1,205.0
684,MEDIUM,BR004,MED113,Azithromycin 250mg (BlueCrest Pharma),Antibiotics,46,12.38,24.149,107.67,MEDIUM,NO_REORDER,0,NORMAL,LOW,MONITOR_STOCK_CLOSELY,12.4 days of cover: 46 units in stock at expected demand of 3.71 units/day,,0.0,0.0,0.0,0.0,0.0,1,205.0
685,MEDIUM,BR004,MED116,Azithromycin 250mg (HealthAxis Pharma),Antibiotics,11,74.18,1.038,4.249,MEDIUM,NO_REORDER,0,NORMAL,LOW,MONITOR_STOCK_CLOSELY,74.2 days of cover: 11 units in stock at expected demand of 0.15 units/day (escalated from LOW because of stockout history (0 days in the last 28; out of stock on 3.8% of all days observed)),,0.0,0.0,0.0,0.0,0.0,1,205.0
686,MEDIUM,BR004,MED117,Azithromycin 250mg (LifeSpring Pharma),Antibiotics,58,15.35,26.443,107.878,MEDIUM,NO_REORDER,0,NORMAL,LOW,MONITOR_STOCK_CLOSELY,15.4 days of cover: 58 units in stock at expected demand of 3.78 units/day (escalated from LOW because of stockout history (4 days in the last 28; out of stock on 2.6% of all days observed)),,0.0,0.0,0.0,0.0,0.0,1,205.0
687,MEDIUM,BR004,MED122,Cefixime 200mg (NovaMed Laboratories),Antibiotics,16,44.18,2.535,11.603,MEDIUM,NO_REORDER,0,NORMAL,LOW,MONITOR_STOCK_CLOSELY,44.2 days of cover: 16 units in stock at expected demand of 0.36 units/day (escalated from LOW because of stockout history (0 days in the last 28; out of stock on 4.0% of all days observed)),,0.0,0.0,0.0,0.0,0.0,1,205.0
688,MEDIUM,BR004,MED130,Ciprofloxacin 250mg (LifeSpring Pharma),Antibiotics,9,14.0,2.729,11.449,MEDIUM,REORDER_SOON,10,NORMAL,LOW,REORDER_SOON,14.0 days of cover: 9 units in stock at expected demand of 0.64 units/day. Stock 9 is below the reorder point 9.1 (lead-time demand 4.5 + safety stock 4.6); suggested order 10 units,,0.0,0.0,0.0,0.0,0.0,1,205.0
689,MEDIUM,BR004,MED140,Mefenamic Acid 500mg (CureLine Healthcare),Antipyretics,8,14.93,2.93,13.743,MEDIUM,NO_REORDER,0,NORMAL,LOW,MONITOR_STOCK_CLOSELY,14.9 days of cover: 8 units in stock at expected demand of 0.54 units/day (escalated from LOW because of only 6.6 days of cover at the upper forecast),,0.0,0.0,0.0,0.0,0.0,1,205.0
690,MEDIUM,BR004,MED144,Mefenamic Acid 500mg (NovaMed Laboratories),Antipyretics,28,17.42,10.981,44.982,MEDIUM,NO_REORDER,0,NORMAL,LOW,MONITOR_STOCK_CLOSELY,17.4 days of cover: 28 units in stock at expected demand of 1.61 units/day (escalated from LOW because of stockout history (0 days in the last 28; out of stock on 5.2% of all days observed)),,0.0,0.0,0.0,0.0,0.0,1,205.0
691,MEDIUM,BR004,MED154,Paracetamol Suspension 250mg/5ml (CarePlus Laboratories),Antipyretics,12,63.59,1.321,5.929,MEDIUM,NO_REORDER,0,NORMAL,MEDIUM,MONITOR_STOCK_CLOSELY,63.6 days of cover: 12 units in stock at expected demand of 0.19 units/day (escalated from LOW because of stockout history (0 days in the last 28; out of stock on 6.0% of all days observed)),,0.0,0.0,0.0,0.0,0.0,1,205.0
692,MEDIUM,BR004,MED159,Paracetamol Suspension 125mg/5ml (NovaMed Laboratories),Antipyretics,6,12.92,2.097,11.007,MEDIUM,REORDER_SOON,8,NORMAL,LOW,REORDER_SOON,12.9 days of cover: 6 units in stock at expected demand of 0.46 units/day. Stock 6 is below the reorder point 6.8 (lead-time demand 3.2 + safety stock 3.5); suggested order 8 units,,0.0,0.0,0.0,0.0,0.0,1,205.0
693,MEDIUM,BR004,MED173,Cetirizine 5mg (TrueLife Remedies),Antihistamines,71,13.52,36.247,164.97,MEDIUM,NO_REORDER,0,NORMAL,LOW,MONITOR_STOCK_CLOSELY,13.5 days of cover: 71 units in stock at expected demand of 5.25 units/day,,0.0,0.0,0.0,0.0,0.0,1,205.0
694,MEDIUM,BR004,MED178,Chlorpheniramine 4mg (HealthAxis Pharma),Antihistamines,10,56.0,1.165,5.722,MEDIUM,NO_REORDER,0,NORMAL,LOW,MONITOR_STOCK_CLOSELY,56.0 days of cover: 10 units in stock at expected demand of 0.18 units/day (escalated from LOW because of stockout history (0 days in the last 28; out of stock on 4.0% of all days observed); highly variable weekly demand (CV 1.14)),,0.0,0.0,0.0,0.0,0.0,1,205.0
695,MEDIUM,BR004,MED200,Montelukast + Levocetirizine 10mg/5mg (HealthAxis Pharma),Antihistamines,15,26.25,3.772,17.21,MEDIUM,NO_REORDER,0,NORMAL,LOW,MONITOR_STOCK_CLOSELY,26.2 days of cover: 15 units in stock at expected demand of 0.57 units/day (escalated from LOW because of stockout history (0 days in the last 28; out of stock on 4.5% of all days observed)),,0.0,0.0,0.0,0.0,0.0,1,205.0
696,MEDIUM,BR004,MED206,Domperidone 10mg (CarePlus Laboratories),Gastrointestinal,23,17.41,7.226,31.747,MEDIUM,NO_REORDER,0,NORMAL,LOW,MONITOR_STOCK_CLOSELY,17.4 days of cover: 23 units in stock at expected demand of 1.32 units/day (escalated from LOW because of stockout history (3 days in the last 28; out of stock on 3.7% of all days observed)),,0.0,0.0,0.0,0.0,0.0,1,205.0
697,MEDIUM,BR004,MED231,Ondansetron 4mg (NovaMed Laboratories),Gastrointestinal,4,22.4,0.816,3.885,MEDIUM,REORDER_SOON,3,NORMAL,LOW,REORDER_SOON,22.4 days of cover: 4 units in stock at expected demand of 0.18 units/day. Stock 4 is below the reorder point 4.4 (lead-time demand 1.2 + safety stock 3.1); suggested order 3 units (escalated from LOW because of stockout history (0 days in the last 28; out of stock on 5.2% of all days observed)),,0.0,0.0,0.0,0.0,0.0,1,205.0
698,MEDIUM,BR004,MED246,Pantoprazole 40mg (CarePlus Laboratories),Gastrointestinal,12,84.0,0.984,4.563,MEDIUM,NO_REORDER,0,NORMAL,LOW,MONITOR_STOCK_CLOSELY,84.0 days of cover: 12 units in stock at expected demand of 0.14 units/day (escalated from LOW because of stockout history (0 days in the last 28; out of stock on 3.3% of all days observed); highly variable weekly demand (CV 1.02)),,0.0,0.0,0.0,0.0,0.0,1,205.0
699,MEDIUM,BR004,MED249,Pantoprazole 20mg,Gastrointestinal,17,13.6,5.111,26.349,MEDIUM,NO_REORDER,0,NORMAL,LOW,MONITOR_STOCK_CLOSELY,13.6 days of cover: 17 units in stock at expected demand of 1.25 units/day,,0.0,0.0,0.0,0.0,0.0,1,205.0
700,MEDIUM,BR004,MED261,Amlodipine 2.5mg,Cardiovascular,9,84.0,0.666,3.906,MEDIUM,NO_REORDER,0,NORMAL,LOW,MONITOR_STOCK_CLOSELY,84.0 days of cover: 9 units in stock at expected demand of 0.11 units/day (escalated from LOW because of stockout history (0 days in the last 28; out of stock on 3.0% of all days observed); highly variable weekly demand (CV 2.13)),,0.0,0.0,0.0,0.0,0.0,1,205.0
701,MEDIUM,BR004,MED272,Aspirin 75mg (BlueCrest Pharma),Cardiovascular,62,15.1,28.557,122.651,MEDIUM,NO_REORDER,0,NORMAL,LOW,MONITOR_STOCK_CLOSELY,15.1 days of cover: 62 units in stock at expected demand of 4.11 units/day (escalated from LOW because of stockout history (0 days in the last 28; out of stock on 4.2% of all days observed)),,0.0,0.0,0.0,0.0,0.0,1,205.0
702,MEDIUM,BR004,MED273,Aspirin 75mg (CureLine Healthcare),Cardiovascular,19,53.2,2.408,10.993,MEDIUM,NO_REORDER,0,NORMAL,LOW,MONITOR_STOCK_CLOSELY,53.2 days of cover: 19 units in stock at expected demand of 0.36 units/day (escalated from LOW because of stockout history (0 days in the last 28; out of stock on 3.7% of all days observed)),,0.0,0.0,0.0,0.0,0.0,1,205.0
703,MEDIUM,BR004,MED278,Aspirin 150mg (CarePlus Laboratories),Cardiovascular,22,27.34,5.633,25.225,MEDIUM,NO_REORDER,0,NORMAL,LOW,MONITOR_STOCK_CLOSELY,27.3 days of cover: 22 units in stock at expected demand of 0.80 units/day (escalated from LOW because of stockout history (5 days in the last 28; out of stock on 6.2% of all days observed)),,0.0,0.0,0.0,0.0,0.0,1,205.0
704,MEDIUM,BR004,MED283,Atorvastatin 10mg (LifeSpring Pharma),Cardiovascular,14,20.63,3.861,18.806,MEDIUM,NO_REORDER,0,NORMAL,LOW,MONITOR_STOCK_CLOSELY,20.6 days of cover: 14 units in stock at expected demand of 0.68 units/day (escalated from LOW because of stockout history (0 days in the last 28; out of stock on 2.6% of all days observed)),,0.0,0.0,0.0,0.0,0.0,1,205.0
705,MEDIUM,BR004,MED291,Atorvastatin 40mg (VitaCure Remedies),Cardiovascular,4,10.18,0.706,4.246,MEDIUM,REORDER_SOON,8,NORMAL,LOW,REORDER_SOON,10.2 days of cover: 4 units in stock at expected demand of 0.39 units/day. Stock 4 is below the reorder point 6.4 (lead-time demand 2.8 + safety stock 3.7); suggested order 8 units (highly variable weekly demand (CV 1.81)),,0.0,0.0,0.0,0.0,0.0,1,205.0
706,MEDIUM,BR004,MED299,Losartan 50mg (NovaMed Laboratories),Cardiovascular,56,10.74,35.189,154.72,MEDIUM,NO_REORDER,0,NORMAL,LOW,MONITOR_STOCK_CLOSELY,10.7 days of cover: 56 units in stock at expected demand of 5.21 units/day,,0.0,0.0,0.0,0.0,0.0,1,205.0
707,MEDIUM,BR004,MED307,Metoprolol 50mg (BlueCrest Pharma),Cardiovascular,63,22.52,19.584,91.021,MEDIUM,NO_REORDER,0,NORMAL,LOW,MONITOR_STOCK_CLOSELY,22.5 days of cover: 63 units in stock at expected demand of 2.80 units/day (escalated from LOW because of stockout history (0 days in the last 28; out of stock on 3.0% of all days observed)),,0.0,0.0,0.0,0.0,0.0,1,205.0
708,MEDIUM,BR004,MED310,Metoprolol 25mg,Cardiovascular,17,15.87,5.919,29.727,MEDIUM,NO_REORDER,0,NORMAL,LOW,MONITOR_STOCK_CLOSELY,15.9 days of cover: 17 units in stock at expected demand of 1.07 units/day (escalated from LOW because of stockout history (0 days in the last 28; out of stock on 2.6% of all days observed)),,0.0,0.0,0.0,0.0,0.0,1,205.0
709,MEDIUM,BR004,MED314,Rosuvastatin 10mg (BlueCrest Pharma),Cardiovascular,12,8.62,4.742,25.329,MEDIUM,REORDER_SOON,25,NORMAL,LOW,REORDER_SOON,8.6 days of cover: 12 units in stock at expected demand of 1.39 units/day. Stock 12 is below the reorder point 17.0 (lead-time demand 9.8 + safety stock 7.3); suggested order 25 units,,0.0,0.0,0.0,0.0,0.0,1,205.0
710,MEDIUM,BR004,MED319,Rosuvastatin 5mg (NovaMed Laboratories),Cardiovascular,91,16.38,38.881,167.008,MEDIUM,NO_REORDER,0,NORMAL,LOW,MONITOR_STOCK_CLOSELY,16.4 days of cover: 91 units in stock at expected demand of 5.55 units/day (escalated from LOW because of stockout history (2 days in the last 28; out of stock on 4.0% of all days observed)),,0.0,0.0,0.0,0.0,0.0,1,205.0
711,MEDIUM,BR004,MED332,Telmisartan 20mg,Cardiovascular,23,12.38,9.359,43.582,MEDIUM,NO_REORDER,0,NORMAL,LOW,MONITOR_STOCK_CLOSELY,12.4 days of cover: 23 units in stock at expected demand of 1.86 units/day,,0.0,0.0,0.0,0.0,0.0,1,205.0
712,MEDIUM,BR004,MED349,Gliclazide 40mg,Antidiabetic,12,17.68,3.536,16.699,MEDIUM,NO_REORDER,0,NORMAL,LOW,MONITOR_STOCK_CLOSELY,17.7 days of cover: 12 units in stock at expected demand of 0.68 units/day (escalated from LOW because of stockout history (0 days in the last 28; out of stock on 4.4% of all days observed)),,0.0,0.0,0.0,0.0,0.0,1,205.0
713,MEDIUM,BR004,MED360,Glimepiride 1mg (CarePlus Laboratories),Antidiabetic,18,12.0,7.525,38.068,MEDIUM,NO_REORDER,0,NORMAL,LOW,MONITOR_STOCK_CLOSELY,12.0 days of cover: 18 units in stock at expected demand of 1.50 units/day,,0.0,0.0,0.0,0.0,0.0,1,205.0
714,MEDIUM,BR004,MED362,Glimepiride 1mg (HealthAxis Pharma),Antidiabetic,13,21.41,2.481,9.431,MEDIUM,NO_REORDER,0,NORMAL,LOW,MONITOR_STOCK_CLOSELY,21.4 days of cover: 13 units in stock at expected demand of 0.61 units/day (escalated from LOW because of stockout history (5 days in the last 28; out of stock on 5.3% of all days observed)),,0.0,0.0,0.0,0.0,0.0,1,205.0
715,MEDIUM,BR004,MED367,Glimepiride 3mg (CureLine Healthcare),Antidiabetic,8,14.93,2.22,11.437,LOW,REORDER_SOON,8,NORMAL,LOW,REORDER_SOON,14.9 days of cover: 8 units in stock at expected demand of 0.54 units/day. Stock 8 is below the reorder point 8.0 (lead-time demand 3.8 + safety stock 4.3); suggested order 8 units (highly variable weekly demand (CV 1.07)),,0.0,0.0,0.0,0.0,0.0,1,205.0
716,MEDIUM,BR004,MED368,Glimepiride 3mg (NovaMed Laboratories),Antidiabetic,11,61.6,0.668,2.908,MEDIUM,NO_REORDER,0,NORMAL,LOW,MONITOR_STOCK_CLOSELY,61.6 days of cover: 11 units in stock at expected demand of 0.18 units/day (escalated from LOW because of stockout history (4 days in the last 28; out of stock on 2.1% of all days observed); highly variable weekly demand (CV 1.20)),,0.0,0.0,0.0,0.0,0.0,1,205.0
717,MEDIUM,BR004,MED383,Metformin 500mg (Stellar Formulations),Antidiabetic,71,14.41,33.185,153.778,MEDIUM,NO_REORDER,0,NORMAL,LOW,MONITOR_STOCK_CLOSELY,14.4 days of cover: 71 units in stock at expected demand of 4.93 units/day (escalated from LOW because of stockout history (0 days in the last 28; out of stock on 3.2% of all days observed)),,0.0,0.0,0.0,0.0,0.0,1,205.0
718,MEDIUM,BR004,MED384,Metformin 500mg (TrueLife Remedies),Antidiabetic,4,12.44,0.674,4.732,MEDIUM,REORDER_SOON,8,NORMAL,LOW,REORDER_SOON,12.4 days of cover: 4 units in stock at expected demand of 0.32 units/day. Stock 4 is below the reorder point 6.9 (lead-time demand 2.2 + safety stock 4.6); suggested order 8 units (highly variable weekly demand (CV 1.30)),,0.0,0.0,0.0,0.0,0.0,1,205.0
719,MEDIUM,BR004,MED393,Metformin 1000mg (TrueLife Remedies),Antidiabetic,6,15.27,1.325,6.586,LOW,REORDER_SOON,7,NORMAL,LOW,REORDER_SOON,15.3 days of cover: 6 units in stock at expected demand of 0.39 units/day. Stock 6 is below the reorder point 7.1 (lead-time demand 2.8 + safety stock 4.3); suggested order 7 units (highly variable weekly demand (CV 1.16)),,0.0,0.0,0.0,0.0,0.0,1,205.0
720,MEDIUM,BR004,MED402,Sitagliptin 50mg (NovaMed Laboratories),Antidiabetic,24,28.66,5.862,26.587,MEDIUM,NO_REORDER,0,NORMAL,LOW,MONITOR_STOCK_CLOSELY,28.7 days of cover: 24 units in stock at expected demand of 0.84 units/day (escalated from LOW because of stockout history (0 days in the last 28; out of stock on 6.4% of all days observed)),,0.0,0.0,0.0,0.0,0.0,1,205.0
721,MEDIUM,BR004,MED404,Sitagliptin 50mg (Summit Lifesciences),Antidiabetic,4,12.44,0.699,4.981,MEDIUM,REORDER_SOON,6,NORMAL,LOW,REORDER_SOON,12.4 days of cover: 4 units in stock at expected demand of 0.32 units/day. Stock 4 is below the reorder point 5.3 (lead-time demand 2.2 + safety stock 3.1); suggested order 6 units (highly variable weekly demand (CV 1.18)),,0.0,0.0,0.0,0.0,0.0,1,205.0
722,MEDIUM,BR004,MED411,Ambroxol + Levosalbutamol Syrup 60ml (NovaMed Laboratories),Respiratory,10,15.56,3.686,17.329,MEDIUM,NO_REORDER,0,NORMAL,LOW,MONITOR_STOCK_CLOSELY,15.6 days of cover: 10 units in stock at expected demand of 0.64 units/day (escalated from LOW because of stockout history (0 days in the last 28; out of stock on 4.0% of all days observed)),,0.0,0.0,0.0,0.0,0.0,1,205.0
723,MEDIUM,BR004,MED429,Montelukast 5mg (TrueLife Remedies),Respiratory,7,15.08,2.752,14.009,MEDIUM,NO_REORDER,0,NORMAL,MEDIUM,MONITOR_STOCK_CLOSELY,15.1 days of cover: 7 units in stock at expected demand of 0.46 units/day (escalated from LOW because of stockout history (0 days in the last 28; out of stock on 3.4% of all days observed) and only 5.9 days of cover at the upper forecast),,0.0,0.0,0.0,0.0,0.0,1,205.0
724,MEDIUM,BR004,MED431,Salbutamol Inhaler 100mcg (ApexLife Pharma),Respiratory,9,19.38,1.831,7.286,MEDIUM,NO_REORDER,0,NORMAL,LOW,MONITOR_STOCK_CLOSELY,19.4 days of cover: 9 units in stock at expected demand of 0.46 units/day (escalated from LOW because of stockout history (7 days in the last 28; out of stock on 7.4% of all days observed)),,0.0,0.0,0.0,0.0,0.0,1,205.0
725,MEDIUM,BR004,MED432,Salbutamol Inhaler 100mcg (Stellar Formulations),Respiratory,31,13.35,14.877,62.628,MEDIUM,NO_REORDER,0,NORMAL,LOW,MONITOR_STOCK_CLOSELY,13.4 days of cover: 31 units in stock at expected demand of 2.32 units/day,,0.0,0.0,0.0,0.0,0.0,1,205.0
726,MEDIUM,BR004,MED448,Calcium + Vitamin D3 500mg/250IU (TrueLife Remedies),Vitamins,30,30.73,6.834,32.998,MEDIUM,NO_REORDER,0,NORMAL,LOW,MONITOR_STOCK_CLOSELY,30.7 days of cover: 30 units in stock at expected demand of 0.98 units/day (escalated from LOW because of stockout history (0 days in the last 28; out of stock on 2.7% of all days observed)),,0.0,0.0,0.0,0.0,0.0,1,205.0
727,MEDIUM,BR004,MED450,Iron + Folic Acid 100mg/500mcg (CarePlus Laboratories),Vitamins,6,33.6,0.808,4.9,MEDIUM,NO_REORDER,0,NORMAL,LOW,MONITOR_STOCK_CLOSELY,33.6 days of cover: 6 units in stock at expected demand of 0.18 units/day (escalated from LOW because of stockout history (0 days in the last 28; out of stock on 2.6% of all days observed); highly variable weekly demand (CV 1.26)),,0.0,0.0,0.0,0.0,0.0,1,205.0
728,MEDIUM,BR004,MED459,Multivitamin B-complex+C (Summit Lifesciences),Vitamins,37,9.87,24.619,107.762,MEDIUM,REORDER_SOON,54,NORMAL,LOW,REORDER_SOON,9.9 days of cover: 37 units in stock at expected demand of 3.75 units/day. Stock 37 is below the reorder point 38.4 (lead-time demand 26.2 + safety stock 12.2); suggested order 54 units,,0.0,0.0,0.0,0.0,0.0,1,205.0
729,MEDIUM,BR004,MED462,Vitamin C Chewable 500mg (ApexLife Pharma),Vitamins,4,22.4,0.831,4.821,MEDIUM,REORDER_SOON,4,NORMAL,LOW,REORDER_SOON,22.4 days of cover: 4 units in stock at expected demand of 0.18 units/day. Stock 4 is below the reorder point 4.5 (lead-time demand 1.2 + safety stock 3.3); suggested order 4 units (escalated from LOW because of stockout history (0 days in the last 28; out of stock on 3.0% of all days observed)),,0.0,0.0,0.0,0.0,0.0,1,205.0
730,MEDIUM,BR005,MED002,Diclofenac 50mg,Analgesics,14,28.0,2.81,12.336,MEDIUM,NO_REORDER,0,NORMAL,LOW,MONITOR_STOCK_CLOSELY,28.0 days of cover: 14 units in stock at expected demand of 0.50 units/day (escalated from LOW because of stockout history (4 days in the last 28; out of stock on 6.2% of all days observed)),,0.0,0.0,0.0,0.0,0.0,1,205.0
731,MEDIUM,BR005,MED014,Glimepiride 2mg,Antidiabetic,50,12.73,25.361,117.429,MEDIUM,NO_REORDER,0,NORMAL,MEDIUM,MONITOR_STOCK_CLOSELY,12.7 days of cover: 50 units in stock at expected demand of 3.93 units/day,,0.0,0.0,0.0,0.0,0.0,1,205.0
732,MEDIUM,BR005,MED023,Naproxen 250mg,Analgesics,3,16.8,0.595,3.325,LOW,REORDER_SOON,3,NORMAL,LOW,REORDER_SOON,16.8 days of cover: 3 units in stock at expected demand of 0.18 units/day. Stock 3 is below the reorder point 3.1 (lead-time demand 1.2 + safety stock 1.9); suggested order 3 units (highly variable weekly demand (CV 1.11)),,0.0,0.0,0.0,0.0,0.0,1,205.0
733,MEDIUM,BR005,MED030,Levocetirizine 5mg,Antihistamines,9,12.6,3.117,16.289,MEDIUM,NO_REORDER,0,NORMAL,LOW,MONITOR_STOCK_CLOSELY,12.6 days of cover: 9 units in stock at expected demand of 0.71 units/day,,0.0,0.0,0.0,0.0,0.0,1,205.0
734,MEDIUM,BR005,MED031,Montelukast + Levocetirizine 10mg/5mg,Antihistamines,26,13.74,12.522,55.806,MEDIUM,NO_REORDER,0,NORMAL,LOW,MONITOR_STOCK_CLOSELY,13.7 days of cover: 26 units in stock at expected demand of 1.89 units/day,,0.0,0.0,0.0,0.0,0.0,1,205.0
735,MEDIUM,BR005,MED033,Omeprazole 20mg,Gastrointestinal,118,19.78,41.75,179.434,MEDIUM,NO_REORDER,0,NORMAL,LOW,MONITOR_STOCK_CLOSELY,19.8 days of cover: 118 units in stock at expected demand of 5.96 units/day (escalated from LOW because of stockout history (5 days in the last 28; out of stock on 3.6% of all days observed)),,0.0,0.0,0.0,0.0,0.0,1,205.0
736,MEDIUM,BR005,MED043,Glimepiride + Metformin 2mg/500mg,Antidiabetic,56,10.18,35.191,160.257,MEDIUM,NO_REORDER,0,NORMAL,LOW,MONITOR_STOCK_CLOSELY,10.2 days of cover: 56 units in stock at expected demand of 5.50 units/day,,0.0,0.0,0.0,0.0,0.0,1,205.0
737,MEDIUM,BR005,MED063,Diclofenac 50mg (VitaCure Remedies),Analgesics,11,13.39,4.993,24.393,MEDIUM,REORDER_SOON,12,NORMAL,LOW,REORDER_SOON,13.4 days of cover: 11 units in stock at expected demand of 0.82 units/day. Stock 11 is below the reorder point 11.3 (lead-time demand 5.8 + safety stock 5.6); suggested order 12 units,,0.0,0.0,0.0,0.0,0.0,1,205.0
738,MEDIUM,BR005,MED066,Diclofenac 100mg (VitaCure Remedies),Analgesics,4,22.4,0.865,4.461,MEDIUM,REORDER_SOON,4,NORMAL,LOW,REORDER_SOON,22.4 days of cover: 4 units in stock at expected demand of 0.18 units/day. Stock 4 is below the reorder point 4.6 (lead-time demand 1.2 + safety stock 3.4); suggested order 4 units (escalated from LOW because of stockout history (0 days in the last 28; out of stock on 3.6% of all days observed); highly variable weekly demand (CV 1.26)),,0.0,0.0,0.0,0.0,0.0,1,205.0
739,MEDIUM,BR005,MED078,Ibuprofen 600mg,Analgesics,15,14.0,6.454,29.887,MEDIUM,NO_REORDER,0,NORMAL,LOW,MONITOR_STOCK_CLOSELY,14.0 days of cover: 15 units in stock at expected demand of 1.07 units/day (escalated from LOW because of only 6.3 days of cover at the upper forecast),,0.0,0.0,0.0,0.0,0.0,1,205.0
740,MEDIUM,BR005,MED079,Ibuprofen 600mg (BlueCrest Pharma),Analgesics,26,25.1,6.926,31.628,MEDIUM,NO_REORDER,0,NORMAL,LOW,MONITOR_STOCK_CLOSELY,25.1 days of cover: 26 units in stock at expected demand of 1.04 units/day (escalated from LOW because of stockout history (0 days in the last 28; out of stock on 3.3% of all days observed)),,0.0,0.0,0.0,0.0,0.0,1,205.0
741,MEDIUM,BR005,MED080,Ibuprofen 600mg (HealthAxis Pharma),Analgesics,6,10.5,2.025,10.229,MEDIUM,REORDER_SOON,10,NORMAL,LOW,REORDER_SOON,10.5 days of cover: 6 units in stock at expected demand of 0.57 units/day. Stock 6 is below the reorder point 7.1 (lead-time demand 4.0 + safety stock 3.1); suggested order 10 units,,0.0,0.0,0.0,0.0,0.0,1,205.0
742,MEDIUM,BR005,MED083,Naproxen 250mg (HealthAxis Pharma),Analgesics,12,13.44,5.09,25.579,MEDIUM,NO_REORDER,0,NORMAL,LOW,MONITOR_STOCK_CLOSELY,13.4 days of cover: 12 units in stock at expected demand of 0.89 units/day,,0.0,0.0,0.0,0.0,0.0,1,205.0
743,MEDIUM,BR005,MED087,Naproxen 500mg (LifeSpring Pharma),Analgesics,3,21.0,0.483,2.779,LOW,REORDER_SOON,3,NORMAL,LOW,REORDER_SOON,21.0 days of cover: 3 units in stock at expected demand of 0.14 units/day. Stock 3 is below the reorder point 3.4 (lead-time demand 1.0 + safety stock 2.4); suggested order 3 units (highly variable weekly demand (CV 1.12)),,0.0,0.0,0.0,0.0,0.0,1,205.0
744,MEDIUM,BR005,MED091,Paracetamol 500mg (HealthAxis Pharma),Analgesics,27,12.0,13.908,63.67,MEDIUM,NO_REORDER,0,NORMAL,LOW,MONITOR_STOCK_CLOSELY,12.0 days of cover: 27 units in stock at expected demand of 2.25 units/day,,0.0,0.0,0.0,0.0,0.0,1,205.0
745,MEDIUM,BR005,MED098,Amoxicillin 250mg (NovaMed Laboratories),Antibiotics,6,14.0,2.121,11.27,LOW,REORDER_SOON,7,NORMAL,LOW,REORDER_SOON,14.0 days of cover: 6 units in stock at expected demand of 0.43 units/day. Stock 6 is below the reorder point 6.4 (lead-time demand 3.0 + safety stock 3.4); suggested order 7 units,,0.0,0.0,0.0,0.0,0.0,1,205.0
746,MEDIUM,BR005,MED105,Amoxicillin + Clavulanic Acid 375mg (NovaMed Laboratories),Antibiotics,44,14.84,20.432,87.59,MEDIUM,NO_REORDER,0,NORMAL,LOW,MONITOR_STOCK_CLOSELY,14.8 days of cover: 44 units in stock at expected demand of 2.96 units/day (escalated from LOW because of stockout history (0 days in the last 28; out of stock on 5.6% of all days observed)),,0.0,0.0,0.0,0.0,0.0,1,205.0
747,MEDIUM,BR005,MED112,Azithromycin 250mg (ApexLife Pharma),Antibiotics,6,15.27,2.045,10.687,LOW,REORDER_SOON,7,NORMAL,LOW,REORDER_SOON,15.3 days of cover: 6 units in stock at expected demand of 0.39 units/day. Stock 6 is below the reorder point 6.5 (lead-time demand 2.8 + safety stock 3.8); suggested order 7 units,,0.0,0.0,0.0,0.0,0.0,1,205.0
748,MEDIUM,BR005,MED113,Azithromycin 250mg (BlueCrest Pharma),Antibiotics,71,13.62,35.218,151.996,MEDIUM,NO_REORDER,0,NORMAL,LOW,MONITOR_STOCK_CLOSELY,13.6 days of cover: 71 units in stock at expected demand of 5.21 units/day,,0.0,0.0,0.0,0.0,0.0,1,205.0
749,MEDIUM,BR005,MED117,Azithromycin 250mg (LifeSpring Pharma),Antibiotics,62,8.23,48.276,205.687,MEDIUM,REORDER_SOON,123,NORMAL,LOW,REORDER_SOON,8.2 days of cover: 62 units in stock at expected demand of 7.54 units/day. Stock 62 is below the reorder point 79.1 (lead-time demand 52.8 + safety stock 26.4); suggested order 123 units,,0.0,0.0,0.0,0.0,0.0,1,205.0
750,MEDIUM,BR005,MED122,Cefixime 200mg (NovaMed Laboratories),Antibiotics,12,13.44,4.936,22.067,MEDIUM,NO_REORDER,0,NORMAL,LOW,MONITOR_STOCK_CLOSELY,13.4 days of cover: 12 units in stock at expected demand of 0.89 units/day,,0.0,0.0,0.0,0.0,0.0,1,205.0
751,MEDIUM,BR005,MED129,Ciprofloxacin 250mg,Antibiotics,6,12.0,1.812,9.869,MEDIUM,REORDER_SOON,8,NORMAL,LOW,REORDER_SOON,12.0 days of cover: 6 units in stock at expected demand of 0.50 units/day. Stock 6 is below the reorder point 6.1 (lead-time demand 3.5 + safety stock 2.6); suggested order 8 units,,0.0,0.0,0.0,0.0,0.0,1,205.0
752,MEDIUM,BR005,MED139,Mefenamic Acid 500mg,Antipyretics,56,15.46,25.355,105.996,MEDIUM,REORDER_SOON,54,NORMAL,LOW,REORDER_SOON,15.5 days of cover: 56 units in stock at expected demand of 3.62 units/day. Stock 56 is below the reorder point 58.8 (lead-time demand 25.4 + safety stock 33.4); suggested order 54 units (escalated from LOW because of stockout history (0 days in the last 28; out of stock on 7.3% of all days observed)),,0.0,0.0,0.0,0.0,0.0,1,205.0
753,MEDIUM,BR005,MED143,Mefenamic Acid 500mg (LifeSpring Pharma),Antipyretics,3,14.0,0.521,3.114,LOW,REORDER_SOON,4,NORMAL,LOW,REORDER_SOON,14.0 days of cover: 3 units in stock at expected demand of 0.21 units/day. Stock 3 is below the reorder point 3.3 (lead-time demand 1.5 + safety stock 1.8); suggested order 4 units (highly variable weekly demand (CV 1.36)),,0.0,0.0,0.0,0.0,0.0,1,205.0
754,MEDIUM,BR005,MED144,Mefenamic Acid 500mg (NovaMed Laboratories),Antipyretics,35,14.63,15.645,67.336,MEDIUM,NO_REORDER,0,NORMAL,LOW,MONITOR_STOCK_CLOSELY,14.6 days of cover: 35 units in stock at expected demand of 2.39 units/day (escalated from LOW because of stockout history (0 days in the last 28; out of stock on 5.9% of all days observed)),,0.0,0.0,0.0,0.0,0.0,1,205.0
755,MEDIUM,BR005,MED148,Mefenamic Acid 500mg (VitaCure Remedies),Antipyretics,17,36.62,1.722,7.48,MEDIUM,NO_REORDER,0,NORMAL,LOW,MONITOR_STOCK_CLOSELY,36.6 days of cover: 17 units in stock at expected demand of 0.46 units/day (escalated from LOW because of stockout history (5 days in the last 28; out of stock on 2.5% of all days observed)),,0.0,0.0,0.0,0.0,0.0,1,205.0
756,MEDIUM,BR005,MED152,Paracetamol Suspension 250mg/5ml (Aarogya Formulations),Antipyretics,11,12.83,4.523,21.03,MEDIUM,REORDER_SOON,13,NORMAL,LOW,REORDER_SOON,12.8 days of cover: 11 units in stock at expected demand of 0.86 units/day. Stock 11 is below the reorder point 11.2 (lead-time demand 6.0 + safety stock 5.2); suggested order 13 units,,0.0,0.0,0.0,0.0,0.0,1,205.0
757,MEDIUM,BR005,MED154,Paracetamol Suspension 250mg/5ml (CarePlus Laboratories),Antipyretics,12,21.0,3.108,14.609,MEDIUM,NO_REORDER,0,NORMAL,LOW,MONITOR_STOCK_CLOSELY,21.0 days of cover: 12 units in stock at expected demand of 0.57 units/day (escalated from LOW because of stockout history (0 days in the last 28; out of stock on 3.4% of all days observed)),,0.0,0.0,0.0,0.0,0.0,1,205.0
758,MEDIUM,BR005,MED158,Paracetamol Suspension 125mg/5ml (LifeSpring Pharma),Antipyretics,44,19.79,15.56,63.558,MEDIUM,NO_REORDER,0,NORMAL,LOW,MONITOR_STOCK_CLOSELY,19.8 days of cover: 44 units in stock at expected demand of 2.22 units/day (escalated from LOW because of stockout history (0 days in the last 28; out of stock on 4.5% of all days observed)),,0.0,0.0,0.0,0.0,0.0,1,205.0
759,MEDIUM,BR005,MED159,Paracetamol Suspension 125mg/5ml (NovaMed Laboratories),Antipyretics,10,25.45,2.338,11.229,MEDIUM,NO_REORDER,0,NORMAL,LOW,MONITOR_STOCK_CLOSELY,25.5 days of cover: 10 units in stock at expected demand of 0.39 units/day (escalated from LOW because of stockout history (0 days in the last 28; out of stock on 4.1% of all days observed)),,0.0,0.0,0.0,0.0,0.0,1,205.0
760,MEDIUM,BR005,MED163,Cetirizine 10mg (CureLine Healthcare),Antihistamines,24,15.27,10.299,45.461,MEDIUM,NO_REORDER,0,NORMAL,LOW,MONITOR_STOCK_CLOSELY,15.3 days of cover: 24 units in stock at expected demand of 1.57 units/day (escalated from LOW because of stockout history (2 days in the last 28; out of stock on 2.9% of all days observed)),,0.0,0.0,0.0,0.0,0.0,1,205.0
761,MEDIUM,BR005,MED166,Cetirizine 10mg (Summit Lifesciences),Antihistamines,15,32.31,2.8,13.286,MEDIUM,NO_REORDER,0,NORMAL,LOW,MONITOR_STOCK_CLOSELY,32.3 days of cover: 15 units in stock at expected demand of 0.46 units/day (escalated from LOW because of stockout history (4 days in the last 28; out of stock on 0.8% of all days observed)),,0.0,0.0,0.0,0.0,0.0,1,205.0
762,MEDIUM,BR005,MED186,Fexofenadine 180mg,Antihistamines,10,13.33,4.295,21.135,MEDIUM,REORDER_SOON,12,NORMAL,LOW,REORDER_SOON,13.3 days of cover: 10 units in stock at expected demand of 0.75 units/day. Stock 10 is below the reorder point 10.8 (lead-time demand 5.2 + safety stock 5.5); suggested order 12 units,,0.0,0.0,0.0,0.0,0.0,1,205.0
763,MEDIUM,BR005,MED205,Domperidone 10mg (BlueCrest Pharma),Gastrointestinal,13,13.0,5.332,26.057,MEDIUM,REORDER_SOON,15,NORMAL,LOW,REORDER_SOON,13.0 days of cover: 13 units in stock at expected demand of 1.00 units/day. Stock 13 is below the reorder point 13.2 (lead-time demand 7.0 + safety stock 6.2); suggested order 15 units,,0.0,0.0,0.0,0.0,0.0,1,205.0
764,MEDIUM,BR005,MED212,Loperamide 2mg (BlueCrest Pharma),Gastrointestinal,3,28.0,0.55,2.838,LOW,REORDER_SOON,2,NORMAL,LOW,REORDER_SOON,28.0 days of cover: 3 units in stock at expected demand of 0.11 units/day. Stock 3 is below the reorder point 3.5 (lead-time demand 0.8 + safety stock 2.8); suggested order 2 units (highly variable weekly demand (CV 1.24)),,0.0,0.0,0.0,0.0,0.0,1,205.0
765,MEDIUM,BR005,MED215,Omeprazole 20mg (CarePlus Laboratories),Gastrointestinal,12,14.61,5.187,23.558,LOW,REORDER_SOON,12,NORMAL,LOW,REORDER_SOON,14.6 days of cover: 12 units in stock at expected demand of 0.82 units/day. Stock 12 is below the reorder point 12.2 (lead-time demand 5.8 + safety stock 6.4); suggested order 12 units,,0.0,0.0,0.0,0.0,0.0,1,205.0
766,MEDIUM,BR005,MED224,Omeprazole 40mg (Summit Lifesciences),Gastrointestinal,20,11.91,7.729,36.774,MEDIUM,NO_REORDER,0,NORMAL,LOW,MONITOR_STOCK_CLOSELY,11.9 days of cover: 20 units in stock at expected demand of 1.68 units/day,,0.0,0.0,0.0,0.0,0.0,1,205.0
767,MEDIUM,BR005,MED228,Ondansetron 4mg (CarePlus Laboratories),Gastrointestinal,12,33.6,1.143,5.464,MEDIUM,NO_REORDER,0,NORMAL,LOW,MONITOR_STOCK_CLOSELY,33.6 days of cover: 12 units in stock at expected demand of 0.36 units/day (escalated from LOW because of stockout history (3 days in the last 28; out of stock on 0.4% of all days observed); highly variable weekly demand (CV 1.10)),,0.0,0.0,0.0,0.0,0.0,1,205.0
768,MEDIUM,BR005,MED267,Amlodipine 10mg,Cardiovascular,11,38.5,0.958,4.42,MEDIUM,NO_REORDER,0,NORMAL,LOW,MONITOR_STOCK_CLOSELY,38.5 days of cover: 11 units in stock at expected demand of 0.29 units/day (escalated from LOW because of stockout history (6 days in the last 28; out of stock on 1.8% of all days observed); highly variable weekly demand (CV 1.15)),,0.0,0.0,0.0,0.0,0.0,1,205.0
769,MEDIUM,BR005,MED269,Amlodipine 10mg (Stellar Formulations),Cardiovascular,83,7.88,65.287,283.461,MEDIUM,REORDER_SOON,167,NORMAL,LOW,REORDER_SOON,7.9 days of cover: 83 units in stock at expected demand of 10.54 units/day. Stock 83 is below the reorder point 102.3 (lead-time demand 73.8 + safety stock 28.6); suggested order 167 units,,0.0,0.0,0.0,0.0,0.0,1,205.0
770,MEDIUM,BR005,MED271,Aspirin 75mg (ApexLife Pharma),Cardiovascular,4,16.0,0.518,2.663,LOW,REORDER_SOON,4,NORMAL,LOW,REORDER_SOON,16.0 days of cover: 4 units in stock at expected demand of 0.25 units/day. Stock 4 is below the reorder point 4.4 (lead-time demand 1.8 + safety stock 2.6); suggested order 4 units (highly variable weekly demand (CV 1.07)),,0.0,0.0,0.0,0.0,0.0,1,205.0
771,MEDIUM,BR005,MED273,Aspirin 75mg (CureLine Healthcare),Cardiovascular,24,26.68,6.297,30.019,MEDIUM,NO_REORDER,0,NORMAL,LOW,MONITOR_STOCK_CLOSELY,26.7 days of cover: 24 units in stock at expected demand of 0.90 units/day (escalated from LOW because of stockout history (0 days in the last 28; out of stock on 3.3% of all days observed)),,0.0,0.0,0.0,0.0,0.0,1,205.0
772,MEDIUM,BR005,MED278,Aspirin 150mg (CarePlus Laboratories),Cardiovascular,23,22.16,7.265,33.227,MEDIUM,NO_REORDER,0,NORMAL,LOW,MONITOR_STOCK_CLOSELY,22.2 days of cover: 23 units in stock at expected demand of 1.04 units/day (escalated from LOW because of stockout history (1 days in the last 28; out of stock on 4.1% of all days observed)),,0.0,0.0,0.0,0.0,0.0,1,205.0
773,MEDIUM,BR005,MED280,Aspirin 150mg (TrueLife Remedies),Cardiovascular,22,15.79,7.112,32.502,MEDIUM,NO_REORDER,0,NORMAL,LOW,MONITOR_STOCK_CLOSELY,15.8 days of cover: 22 units in stock at expected demand of 1.39 units/day (escalated from LOW because of stockout history (5 days in the last 28; out of stock on 0.7% of all days observed)),,0.0,0.0,0.0,0.0,0.0,1,205.0
774,MEDIUM,BR005,MED283,Atorvastatin 10mg (LifeSpring Pharma),Cardiovascular,31,28.0,7.642,36.933,MEDIUM,NO_REORDER,0,NORMAL,LOW,MONITOR_STOCK_CLOSELY,28.0 days of cover: 31 units in stock at expected demand of 1.11 units/day (escalated from LOW because of stockout history (0 days in the last 28; out of stock on 2.7% of all days observed)),,0.0,0.0,0.0,0.0,0.0,1,205.0
775,MEDIUM,BR005,MED285,Atorvastatin 20mg,Cardiovascular,26,18.2,7.076,32.569,MEDIUM,NO_REORDER,0,NORMAL,LOW,MONITOR_STOCK_CLOSELY,18.2 days of cover: 26 units in stock at expected demand of 1.43 units/day (escalated from LOW because of stockout history (3 days in the last 28; out of stock on 2.1% of all days observed)),,0.0,0.0,0.0,0.0,0.0,1,205.0
776,MEDIUM,BR005,MED288,Atorvastatin 40mg,Cardiovascular,20,14.36,6.64,34.266,MEDIUM,NO_REORDER,0,NORMAL,LOW,MONITOR_STOCK_CLOSELY,14.4 days of cover: 20 units in stock at expected demand of 1.39 units/day (escalated from LOW because of stockout history (4 days in the last 28; out of stock on 4.0% of all days observed)),,0.0,0.0,0.0,0.0,0.0,1,205.0
777,MEDIUM,BR005,MED292,Clopidogrel 75mg (Aarogya Formulations),Cardiovascular,39,25.4,9.476,45.485,MEDIUM,NO_REORDER,0,NORMAL,LOW,MONITOR_STOCK_CLOSELY,25.4 days of cover: 39 units in stock at expected demand of 1.54 units/day (escalated from LOW because of stockout history (0 days in the last 28; out of stock on 3.0% of all days observed)),,0.0,0.0,0.0,0.0,0.0,1,205.0
778,MEDIUM,BR005,MED301,Losartan 25mg (CarePlus Laboratories),Cardiovascular,80,8.42,60.018,267.312,MEDIUM,REORDER_SOON,149,NORMAL,LOW,REORDER_SOON,8.4 days of cover: 80 units in stock at expected demand of 9.50 units/day. Stock 80 is below the reorder point 95.0 (lead-time demand 66.5 + safety stock 28.5); suggested order 149 units,,0.0,0.0,0.0,0.0,0.0,1,205.0
779,MEDIUM,BR005,MED305,Losartan 25mg (TrueLife Remedies),Cardiovascular,28,12.06,13.316,60.442,MEDIUM,NO_REORDER,0,NORMAL,LOW,MONITOR_STOCK_CLOSELY,12.1 days of cover: 28 units in stock at expected demand of 2.32 units/day,,0.0,0.0,0.0,0.0,0.0,1,205.0
780,MEDIUM,BR005,MED321,Rosuvastatin 5mg (VitaCure Remedies),Cardiovascular,6,15.27,0.941,6.005,LOW,REORDER_SOON,7,NORMAL,LOW,REORDER_SOON,15.3 days of cover: 6 units in stock at expected demand of 0.39 units/day. Stock 6 is below the reorder point 6.6 (lead-time demand 2.8 + safety stock 3.9); suggested order 7 units (highly variable weekly demand (CV 1.36)),,0.0,0.0,0.0,0.0,0.0,1,205.0
781,MEDIUM,BR005,MED322,Rosuvastatin 20mg,Cardiovascular,12,12.0,5.713,29.695,MEDIUM,NO_REORDER,0,NORMAL,LOW,MONITOR_STOCK_CLOSELY,12.0 days of cover: 12 units in stock at expected demand of 1.00 units/day,,0.0,0.0,0.0,0.0,0.0,1,205.0
782,MEDIUM,BR005,MED362,Glimepiride 1mg (HealthAxis Pharma),Antidiabetic,17,15.87,6.048,29.343,MEDIUM,NO_REORDER,0,NORMAL,LOW,MONITOR_STOCK_CLOSELY,15.9 days of cover: 17 units in stock at expected demand of 1.07 units/day (escalated from LOW because of stockout history (0 days in the last 28; out of stock on 4.0% of all days observed)),,0.0,0.0,0.0,0.0,0.0,1,205.0
783,MEDIUM,BR005,MED373,Glimepiride + Metformin 2mg/500mg (Aarogya Formulations),Antidiabetic,6,14.0,1.151,6.054,LOW,REORDER_SOON,7,NORMAL,LOW,REORDER_SOON,14.0 days of cover: 6 units in stock at expected demand of 0.43 units/day. Stock 6 is below the reorder point 6.2 (lead-time demand 3.0 + safety stock 3.2); suggested order 7 units (highly variable weekly demand (CV 1.11)),,0.0,0.0,0.0,0.0,0.0,1,205.0
784,MEDIUM,BR005,MED374,Glimepiride + Metformin 2mg/500mg (Stellar Formulations),Antidiabetic,10,13.33,3.547,17.783,MEDIUM,NO_REORDER,0,NORMAL,LOW,MONITOR_STOCK_CLOSELY,13.3 days of cover: 10 units in stock at expected demand of 0.75 units/day,,0.0,0.0,0.0,0.0,0.0,1,205.0
785,MEDIUM,BR005,MED383,Metformin 500mg (Stellar Formulations),Antidiabetic,97,12.63,52.52,229.301,MEDIUM,NO_REORDER,0,NORMAL,LOW,MONITOR_STOCK_CLOSELY,12.6 days of cover: 97 units in stock at expected demand of 7.68 units/day,,0.0,0.0,0.0,0.0,0.0,1,205.0
786,MEDIUM,BR005,MED386,Metformin 850mg (CureLine Healthcare),Antidiabetic,17,19.04,4.692,22.134,MEDIUM,NO_REORDER,0,NORMAL,MEDIUM,MONITOR_STOCK_CLOSELY,19.0 days of cover: 17 units in stock at expected demand of 0.89 units/day (escalated from LOW because of stockout history (1 days in the last 28; out of stock on 5.8% of all days observed)),,0.0,0.0,0.0,0.0,0.0,1,205.0
787,MEDIUM,BR005,MED392,Metformin 1000mg (LifeSpring Pharma),Antidiabetic,87,16.92,35.985,152.527,MEDIUM,NO_REORDER,0,NORMAL,LOW,MONITOR_STOCK_CLOSELY,16.9 days of cover: 87 units in stock at expected demand of 5.14 units/day (escalated from LOW because of stockout history (4 days in the last 28; out of stock on 1.8% of all days observed)),,0.0,0.0,0.0,0.0,0.0,1,205.0
788,MEDIUM,BR005,MED393,Metformin 1000mg (TrueLife Remedies),Antidiabetic,21,42.0,2.323,12.908,MEDIUM,NO_REORDER,0,NORMAL,LOW,MONITOR_STOCK_CLOSELY,42.0 days of cover: 21 units in stock at expected demand of 0.50 units/day (escalated from LOW because of stockout history (4 days in the last 28; out of stock on 3.3% of all days observed)),,0.0,0.0,0.0,0.0,0.0,1,205.0
789,MEDIUM,BR005,MED394,Sitagliptin 100mg (BlueCrest Pharma),Antidiabetic,3,21.0,0.397,2.067,LOW,REORDER_SOON,4,NORMAL,LOW,REORDER_SOON,21.0 days of cover: 3 units in stock at expected demand of 0.14 units/day. Stock 3 is below the reorder point 4.1 (lead-time demand 1.0 + safety stock 3.1); suggested order 4 units (highly variable weekly demand (CV 1.45)),,0.0,0.0,0.0,0.0,0.0,1,205.0
790,MEDIUM,BR005,MED400,Sitagliptin 50mg (Crestview Pharma),Antidiabetic,4,11.2,0.712,5.167,MEDIUM,REORDER_SOON,9,NORMAL,LOW,REORDER_SOON,11.2 days of cover: 4 units in stock at expected demand of 0.36 units/day. Stock 4 is below the reorder point 7.1 (lead-time demand 2.5 + safety stock 4.6); suggested order 9 units (highly variable weekly demand (CV 1.23)),,0.0,0.0,0.0,0.0,0.0,1,205.0
791,MEDIUM,BR005,MED429,Montelukast 5mg (TrueLife Remedies),Respiratory,22,27.67,5.565,23.976,MEDIUM,NO_REORDER,0,NORMAL,MEDIUM,MONITOR_STOCK_CLOSELY,27.7 days of cover: 22 units in stock at expected demand of 0.80 units/day (escalated from LOW because of stockout history (4 days in the last 28; out of stock on 4.0% of all days observed)),,0.0,0.0,0.0,0.0,0.0,1,205.0
792,MEDIUM,BR005,MED449,Iron + Folic Acid 100mg/500mcg (BlueCrest Pharma),Vitamins,11,51.33,1.228,6.13,MEDIUM,NO_REORDER,0,NORMAL,LOW,MONITOR_STOCK_CLOSELY,51.3 days of cover: 11 units in stock at expected demand of 0.21 units/day (escalated from LOW because of stockout history (0 days in the last 28; out of stock on 2.6% of all days observed)),,0.0,0.0,0.0,0.0,0.0,1,205.0
793,MEDIUM,BR005,MED454,Iron + Folic Acid 100mg/500mcg (Stellar Formulations),Vitamins,44,12.97,22.827,100.177,MEDIUM,NO_REORDER,0,NORMAL,LOW,MONITOR_STOCK_CLOSELY,13.0 days of cover: 44 units in stock at expected demand of 3.39 units/day,,0.0,0.0,0.0,0.0,0.0,1,205.0
794,MEDIUM,BR005,MED457,Multivitamin B-complex+C (BlueCrest Pharma),Vitamins,13,30.33,1.623,6.214,MEDIUM,NO_REORDER,0,NORMAL,MEDIUM,MONITOR_STOCK_CLOSELY,30.3 days of cover: 13 units in stock at expected demand of 0.43 units/day (escalated from LOW because of stockout history (6 days in the last 28; out of stock on 1.6% of all days observed); highly variable weekly demand (CV 1.84)),,0.0,0.0,0.0,0.0,0.0,1,205.0
795,MEDIUM,BR005,MED461,Vitamin C Chewable 500mg (Aarogya Formulations),Vitamins,29,13.1,13.527,60.574,MEDIUM,NO_REORDER,0,NORMAL,MEDIUM,MONITOR_STOCK_CLOSELY,13.1 days of cover: 29 units in stock at expected demand of 2.21 units/day,,0.0,0.0,0.0,0.0,0.0,1,205.0
796,MEDIUM,BR005,MED480,Calamine Lotion 100ml (Stellar Formulations),Dermatological,12,18.67,3.095,13.878,MEDIUM,NO_REORDER,0,NORMAL,MEDIUM,MONITOR_STOCK_CLOSELY,18.7 days of cover: 12 units in stock at expected demand of 0.64 units/day (escalated from LOW because of stockout history (8 days in the last 28; out of stock on 2.9% of all days observed)),,0.0,0.0,0.0,0.0,0.0,1,205.0
797,MEDIUM,BR005,MED487,Fusidic Acid Cream 2% (ApexLife Pharma),Dermatological,10,56.0,0.911,4.527,MEDIUM,NO_REORDER,0,NORMAL,LOW,MONITOR_STOCK_CLOSELY,56.0 days of cover: 10 units in stock at expected demand of 0.18 units/day (escalated from LOW because of stockout history (4 days in the last 28; out of stock on 0.5% of all days observed); highly variable weekly demand (CV 1.35)),,0.0,0.0,0.0,0.0,0.0,1,205.0
798,MEDIUM,BR005,MED490,Hydrocortisone Cream 1% (CarePlus Laboratories),Dermatological,10,25.45,2.365,10.885,MEDIUM,NO_REORDER,0,NORMAL,LOW,MONITOR_STOCK_CLOSELY,25.5 days of cover: 10 units in stock at expected demand of 0.39 units/day (escalated from LOW because of stockout history (0 days in the last 28; out of stock on 2.6% of all days observed)),,0.0,0.0,0.0,0.0,0.0,1,205.0
799,LOW,BR005,MED403,Sitagliptin 50mg (Stellar Formulations),Antidiabetic,18,190.62,0.661,3.86,LOW,NO_REORDER,0,OVERSTOCK,LOW,REVIEW_OVERSTOCK,270 days of cover at the recent 0.07 units/day (limit 90): about 7 units above the limit,,0.0,0.0,2493.35,0.0,2493.35,0,102.49
800,LOW,BR004,MED318,Rosuvastatin 5mg (BlueCrest Pharma),Cardiovascular,21,330.34,0.445,2.394,LOW,NO_REORDER,0,OVERSTOCK,LOW,REVIEW_OVERSTOCK,21 units in stock and no units sold in the last 30 days,,0.0,0.0,2290.62,0.0,2290.62,0,102.29
801,LOW,BR003,MED328,Telmisartan 40mg (CureLine Healthcare),Cardiovascular,36,304.35,0.828,5.612,LOW,NO_REORDER,0,OVERSTOCK,MEDIUM,REVIEW_OVERSTOCK,360 days of cover at the recent 0.10 units/day (limit 90): about 20 units above the limit,,0.0,0.0,1919.41,0.0,1919.41,0,101.92
802,LOW,BR002,MED401,Sitagliptin 50mg (HealthAxis Pharma),Antidiabetic,17,170.0,0.7,3.761,LOW,NO_REORDER,0,OVERSTOCK,LOW,REVIEW_OVERSTOCK,255 days of cover at the recent 0.07 units/day (limit 90): about 6 units above the limit,,0.0,0.0,1913.81,0.0,1913.81,0,101.91
803,LOW,BR002,MED404,Sitagliptin 50mg (Summit Lifesciences),Antidiabetic,17,168.08,0.708,3.76,LOW,NO_REORDER,0,OVERSTOCK,LOW,REVIEW_OVERSTOCK,255 days of cover at the recent 0.07 units/day (limit 90): about 6 units above the limit,,0.0,0.0,1894.62,0.0,1894.62,0,101.89
804,LOW,BR002,MED405,Sitagliptin 50mg (TrueLife Remedies),Antidiabetic,11,182.9,0.421,2.202,LOW,NO_REORDER,0,OVERSTOCK,LOW,REVIEW_OVERSTOCK,11 units in stock and no units sold in the last 30 days,,0.0,0.0,1831.62,0.0,1831.62,0,101.83
805,LOW,BR003,MED414,Budesonide Inhaler 200mcg (VitaCure Remedies),Respiratory,25,175.7,0.996,5.509,LOW,NO_REORDER,0,OVERSTOCK,LOW,REVIEW_OVERSTOCK,250 days of cover at the recent 0.10 units/day (limit 90): about 9 units above the limit,,0.0,0.0,1818.1,0.0,1818.1,0,101.82
806,LOW,BR005,MED425,Montelukast 5mg,Respiratory,20,232.95,0.601,3.265,LOW,NO_REORDER,0,OVERSTOCK,LOW,REVIEW_OVERSTOCK,300 days of cover at the recent 0.07 units/day (limit 90): about 11 units above the limit,,0.0,0.0,1777.42,0.0,1777.42,0,101.78
807,LOW,BR002,MED422,Montelukast 10mg (NovaMed Laboratories),Respiratory,21,295.77,0.497,2.904,LOW,NO_REORDER,0,OVERSTOCK,LOW,REVIEW_OVERSTOCK,21 units in stock and no units sold in the last 30 days,,0.0,0.0,1690.55,0.0,1690.55,0,101.69
808,LOW,BR003,MED371,Glimepiride 3mg (TrueLife Remedies),Antidiabetic,18,233.77,0.539,2.359,LOW,NO_REORDER,0,OVERSTOCK,LOW,REVIEW_OVERSTOCK,18 units in stock and no units sold in the last 30 days,,0.0,0.0,1648.75,0.0,1648.75,0,101.65
809,LOW,BR002,MED315,Rosuvastatin 10mg (NovaMed Laboratories),Cardiovascular,21,268.74,0.547,3.179,LOW,NO_REORDER,0,OVERSTOCK,LOW,REVIEW_OVERSTOCK,21 units in stock and no units sold in the last 30 days,,0.0,0.0,1580.78,0.0,1580.78,0,101.58
810,LOW,BR001,MED400,Sitagliptin 50mg (Crestview Pharma),Antidiabetic,17,135.23,0.88,4.354,LOW,NO_REORDER,0,OVERSTOCK,LOW,REVIEW_OVERSTOCK,510 days of cover at the recent 0.03 units/day (limit 90): about 4 units above the limit,,0.0,0.0,1559.86,0.0,1559.86,0,101.56
811,LOW,BR004,MED102,Amoxicillin + Clavulanic Acid 625mg (HealthAxis Pharma),Antibiotics,21,165.35,0.889,3.942,LOW,NO_REORDER,0,OVERSTOCK,LOW,REVIEW_OVERSTOCK,630 days of cover at the recent 0.03 units/day (limit 90): about 10 units above the limit,,0.0,0.0,1556.78,0.0,1556.78,0,101.56
812,LOW,BR001,MED328,Telmisartan 40mg (CureLine Healthcare),Cardiovascular,25,236.81,0.739,3.118,LOW,NO_REORDER,0,OVERSTOCK,MEDIUM,REVIEW_OVERSTOCK,25 units in stock and no units sold in the last 30 days,,0.0,0.0,1541.33,0.0,1541.33,0,101.54
813,LOW,BR001,MED317,Rosuvastatin 5mg,Cardiovascular,29,158.97,1.277,6.636,LOW,NO_REORDER,0,OVERSTOCK,LOW,REVIEW_OVERSTOCK,174 days of cover at the recent 0.17 units/day (limit 90): about 10 units above the limit,,0.0,0.0,1486.29,0.0,1486.29,0,101.49
814,LOW,BR004,MED255,Pantoprazole 20mg (VitaCure Remedies),Gastrointestinal,31,370.31,0.586,3.169,LOW,NO_REORDER,0,OVERSTOCK,LOW,REVIEW_OVERSTOCK,31 units in stock and no units sold in the last 30 days,,0.0,0.0,1494.84,0.0,1494.84,0,101.49
815,LOW,BR002,MED294,Clopidogrel 75mg (CureLine Healthcare),Cardiovascular,30,294.53,0.713,3.786,LOW,NO_REORDER,0,OVERSTOCK,LOW,REVIEW_OVERSTOCK,30 units in stock and no units sold in the last 30 days,,0.0,0.0,1408.28,0.0,1408.28,0,101.41
816,LOW,BR002,MED317,Rosuvastatin 5mg,Cardiovascular,20,193.37,0.724,3.952,LOW,NO_REORDER,0,OVERSTOCK,LOW,REVIEW_OVERSTOCK,20 units in stock and no units sold in the last 30 days,,0.0,0.0,1370.2,0.0,1370.2,0,101.37
817,LOW,BR004,MED185,Fexofenadine 120mg (TrueLife Remedies),Antihistamines,16,287.92,0.389,2.128,LOW,NO_REORDER,0,OVERSTOCK,LOW,REVIEW_OVERSTOCK,16 units in stock and no units sold in the last 30 days,,0.0,0.0,1360.56,0.0,1360.56,0,101.36
818,LOW,BR004,MED371,Glimepiride 3mg (TrueLife Remedies),Antidiabetic,15,231.28,0.454,2.219,LOW,NO_REORDER,0,OVERSTOCK,LOW,REVIEW_OVERSTOCK,15 units in stock and no units sold in the last 30 days,,0.0,0.0,1348.98,0.0,1348.98,0,101.35
819,LOW,BR005,MED199,Montelukast + Levocetirizine 10mg/5mg (Aarogya Formulations),Antihistamines,22,208.39,0.739,4.553,LOW,NO_REORDER,0,OVERSTOCK,LOW,REVIEW_OVERSTOCK,330 days of cover at the recent 0.07 units/day (limit 90): about 9 units above the limit,,0.0,0.0,1327.97,0.0,1327.97,0,101.33
820,LOW,BR004,MED184,Fexofenadine 120mg (LifeSpring Pharma),Antihistamines,19,252.85,0.526,3.06,LOW,NO_REORDER,0,OVERSTOCK,LOW,REVIEW_OVERSTOCK,570 days of cover at the recent 0.03 units/day (limit 90): about 10 units above the limit,,0.0,0.0,1321.66,0.0,1321.66,0,101.32
821,LOW,BR001,MED442,Calcium + Vitamin D3 500mg/250IU (Aarogya Formulations),Vitamins,26,200.22,0.909,4.184,LOW,NO_REORDER,0,OVERSTOCK,LOW,REVIEW_OVERSTOCK,390 days of cover at the recent 0.07 units/day (limit 90): about 14 units above the limit,,0.0,0.0,1303.71,0.0,1303.71,0,101.3
822,LOW,BR003,MED441,Salbutamol Inhaler 200mcg (Summit Lifesciences),Respiratory,15,229.26,0.458,2.25,LOW,NO_REORDER,0,OVERSTOCK,LOW,REVIEW_OVERSTOCK,15 units in stock and no units sold in the last 30 days,,0.0,0.0,1282.22,0.0,1282.22,0,101.28
823,LOW,BR001,MED475,Vitamin D3 60000IU (VitaCure Remedies),Vitamins,33,231.7,0.997,6.929,LOW,NO_REORDER,0,OVERSTOCK,MEDIUM,REVIEW_OVERSTOCK,495 days of cover at the recent 0.07 units/day (limit 90): about 13 units above the limit,,0.0,0.0,1272.97,0.0,1272.97,0,101.27
824,LOW,BR003,MED401,Sitagliptin 50mg (HealthAxis Pharma),Antidiabetic,18,133.05,0.947,4.888,LOW,NO_REORDER,0,OVERSTOCK,LOW,REVIEW_OVERSTOCK,540 days of cover at the recent 0.03 units/day (limit 90): about 4 units above the limit,,0.0,0.0,1263.13,0.0,1263.13,0,101.26
825,LOW,BR005,MED368,Glimepiride 3mg (NovaMed Laboratories),Antidiabetic,20,226.17,0.619,4.156,LOW,NO_REORDER,0,OVERSTOCK,LOW,REVIEW_OVERSTOCK,300 days of cover at the recent 0.07 units/day (limit 90): about 8 units above the limit,,0.0,0.0,1252.62,0.0,1252.62,0,101.25
826,LOW,BR001,MED008,Fexofenadine 120mg,Antihistamines,23,164.29,0.98,5.007,LOW,NO_REORDER,0,OVERSTOCK,LOW,REVIEW_OVERSTOCK,230 days of cover at the recent 0.10 units/day (limit 90): about 8 units above the limit,,0.0,0.0,1176.22,0.0,1176.22,0,101.18
827,LOW,BR003,MED289,Atorvastatin 40mg (CureLine Healthcare),Cardiovascular,22,207.55,0.742,3.577,LOW,NO_REORDER,0,OVERSTOCK,LOW,REVIEW_OVERSTOCK,22 units in stock and no units sold in the last 30 days,,0.0,0.0,1181.76,0.0,1181.76,0,101.18
828,LOW,BR005,MED315,Rosuvastatin 10mg (NovaMed Laboratories),Cardiovascular,15,234.38,0.448,2.193,LOW,NO_REORDER,0,OVERSTOCK,LOW,REVIEW_OVERSTOCK,15 units in stock and no units sold in the last 30 days,,0.0,0.0,1177.76,0.0,1177.76,0,101.18
829,LOW,BR001,MED435,Salbutamol Inhaler 100mcg (VitaCure Remedies),Respiratory,27,152.67,1.238,6.07,LOW,NO_REORDER,0,OVERSTOCK,LOW,REVIEW_OVERSTOCK,162 days of cover at the recent 0.17 units/day (limit 90): about 9 units above the limit,,0.0,0.0,1169.43,0.0,1169.43,0,101.17
830,LOW,BR003,MED331,Telmisartan 40mg (VitaCure Remedies),Cardiovascular,23,216.98,0.742,3.609,LOW,NO_REORDER,0,OVERSTOCK,LOW,REVIEW_OVERSTOCK,23 units in stock and no units sold in the last 30 days,,0.0,0.0,1165.8,0.0,1165.8,0,101.17
831,LOW,BR004,MED189,Fexofenadine 180mg (TrueLife Remedies),Antihistamines,15,163.81,0.641,3.327,LOW,NO_REORDER,0,OVERSTOCK,LOW,REVIEW_OVERSTOCK,15 units in stock and no units sold in the last 30 days,,0.0,0.0,1143.88,0.0,1143.88,0,101.14
832,LOW,BR005,MED044,Sitagliptin 100mg,Antidiabetic,32,112.0,1.537,9.624,LOW,NO_REORDER,0,OVERSTOCK,LOW,REVIEW_OVERSTOCK,120 days of cover at the recent 0.27 units/day (limit 90): about 4 units above the limit,,0.0,0.0,1140.48,0.0,1140.48,0,101.14
833,LOW,BR004,MED424,Montelukast 10mg (TrueLife Remedies),Respiratory,17,168.08,0.708,3.121,LOW,NO_REORDER,0,OVERSTOCK,LOW,REVIEW_OVERSTOCK,510 days of cover at the recent 0.03 units/day (limit 90): about 8 units above the limit,,0.0,0.0,1126.8,0.0,1126.8,0,101.13
834,LOW,BR003,MED368,Glimepiride 3mg (NovaMed Laboratories),Antidiabetic,18,162.37,0.776,3.871,LOW,NO_REORDER,0,OVERSTOCK,LOW,REVIEW_OVERSTOCK,270 days of cover at the recent 0.07 units/day (limit 90): about 7 units above the limit,,0.0,0.0,1106.31,0.0,1106.31,0,101.11
835,LOW,BR003,MED088,Naproxen 500mg (NovaMed Laboratories),Analgesics,26,283.93,0.641,3.82,LOW,NO_REORDER,0,OVERSTOCK,LOW,REVIEW_OVERSTOCK,780 days of cover at the recent 0.03 units/day (limit 90): about 15 units above the limit,,0.0,0.0,1085.16,0.0,1085.16,0,101.09
836,LOW,BR003,MED422,Montelukast 10mg (NovaMed Laboratories),Respiratory,19,191.64,0.694,3.781,LOW,NO_REORDER,0,OVERSTOCK,LOW,REVIEW_OVERSTOCK,285 days of cover at the recent 0.07 units/day (limit 90): about 8 units above the limit,,0.0,0.0,1041.15,0.0,1041.15,0,101.04
837,LOW,BR003,MED496,Mupirocin Ointment 2% (ApexLife Pharma),Dermatological,22,207.83,0.741,4.21,LOW,NO_REORDER,0,OVERSTOCK,LOW,REVIEW_OVERSTOCK,220 days of cover at the recent 0.10 units/day (limit 90): about 10 units above the limit,,0.0,0.0,1035.3,0.0,1035.3,0,101.04
838,LOW,BR003,MED291,Atorvastatin 40mg (VitaCure Remedies),Cardiovascular,18,203.55,0.619,2.712,LOW,NO_REORDER,0,OVERSTOCK,LOW,REVIEW_OVERSTOCK,540 days of cover at the recent 0.03 units/day (limit 90): about 10 units above the limit,,0.0,0.0,1027.81,0.0,1027.81,0,101.03
839,LOW,BR005,MED008,Fexofenadine 120mg,Antihistamines,15,212.98,0.493,2.774,LOW,NO_REORDER,0,OVERSTOCK,LOW,REVIEW_OVERSTOCK,450 days of cover at the recent 0.03 units/day (limit 90): about 7 units above the limit,,0.0,0.0,1031.83,0.0,1031.83,0,101.03
840,LOW,BR001,MED363,Glimepiride 1mg (Summit Lifesciences),Antidiabetic,31,171.27,1.267,7.902,LOW,NO_REORDER,0,OVERSTOCK,LOW,REVIEW_OVERSTOCK,232 days of cover at the recent 0.13 units/day (limit 90): about 8 units above the limit,,0.0,0.0,1023.08,0.0,1023.08,0,101.02
841,LOW,BR003,MED047,Budesonide Inhaler 200mcg,Respiratory,13,150.17,0.606,2.867,LOW,NO_REORDER,0,OVERSTOCK,LOW,REVIEW_OVERSTOCK,390 days of cover at the recent 0.03 units/day (limit 90): about 5 units above the limit,,0.0,0.0,1018.85,0.0,1018.85,0,101.02
842,LOW,BR003,MED359,Glimepiride 1mg,Antidiabetic,17,191.01,0.623,2.867,LOW,NO_REORDER,0,OVERSTOCK,LOW,REVIEW_OVERSTOCK,510 days of cover at the recent 0.03 units/day (limit 90): about 9 units above the limit,,0.0,0.0,1015.59,0.0,1015.59,0,101.02
843,LOW,BR003,MED433,Salbutamol Inhaler 100mcg (Summit Lifesciences),Respiratory,16,176.94,0.633,2.993,LOW,NO_REORDER,0,OVERSTOCK,LOW,REVIEW_OVERSTOCK,480 days of cover at the recent 0.03 units/day (limit 90): about 8 units above the limit,,0.0,0.0,990.76,0.0,990.76,0,100.99
844,LOW,BR005,MED418,Dextromethorphan Syrup 100ml (Summit Lifesciences),Respiratory,24,163.42,1.028,4.187,LOW,NO_REORDER,0,OVERSTOCK,LOW,REVIEW_OVERSTOCK,360 days of cover at the recent 0.07 units/day (limit 90): about 12 units above the limit,,0.0,0.0,941.4,0.0,941.4,0,100.94
845,LOW,BR001,MED404,Sitagliptin 50mg (Summit Lifesciences),Antidiabetic,22,121.64,1.266,6.459,LOW,NO_REORDER,0,OVERSTOCK,LOW,REVIEW_OVERSTOCK,220 days of cover at the recent 0.10 units/day (limit 90): about 3 units above the limit,,0.0,0.0,934.83,0.0,934.83,0,100.93
846,LOW,BR002,MED368,Glimepiride 3mg (NovaMed Laboratories),Antidiabetic,24,161.69,1.039,6.261,LOW,NO_REORDER,0,OVERSTOCK,LOW,REVIEW_OVERSTOCK,180 days of cover at the recent 0.13 units/day (limit 90): about 6 units above the limit,,0.0,0.0,932.82,0.0,932.82,0,100.93
847,LOW,BR002,MED440,Salbutamol Inhaler 200mcg (Stellar Formulations),Respiratory,17,196.37,0.606,3.429,LOW,NO_REORDER,0,OVERSTOCK,LOW,REVIEW_OVERSTOCK,255 days of cover at the recent 0.07 units/day (limit 90): about 7 units above the limit,,0.0,0.0,934.58,0.0,934.58,0,100.93
848,LOW,BR005,MED453,Iron + Folic Acid 100mg/500mcg (LifeSpring Pharma),Vitamins,32,208.37,1.075,6.001,LOW,NO_REORDER,0,OVERSTOCK,LOW,REVIEW_OVERSTOCK,320 days of cover at the recent 0.10 units/day (limit 90): about 14 units above the limit,,0.0,0.0,918.9,0.0,918.9,0,100.92
849,LOW,BR002,MED184,Fexofenadine 120mg (LifeSpring Pharma),Antihistamines,14,210.75,0.465,2.643,LOW,NO_REORDER,0,OVERSTOCK,LOW,REVIEW_OVERSTOCK,420 days of cover at the recent 0.03 units/day (limit 90): about 7 units above the limit,,0.0,0.0,889.28,0.0,889.28,0,100.89
850,LOW,BR005,MED328,Telmisartan 40mg (CureLine Healthcare),Cardiovascular,19,208.46,0.638,3.433,LOW,NO_REORDER,0,OVERSTOCK,MEDIUM,REVIEW_OVERSTOCK,285 days of cover at the recent 0.07 units/day (limit 90): about 9 units above the limit,,0.0,0.0,881.32,0.0,881.32,0,100.88
851,LOW,BR005,MED474,Vitamin D3 60000IU (TrueLife Remedies),Vitamins,25,175.0,0.925,5.672,LOW,NO_REORDER,0,OVERSTOCK,LOW,REVIEW_OVERSTOCK,188 days of cover at the recent 0.13 units/day (limit 90): about 8 units above the limit,,0.0,0.0,876.15,0.0,876.15,0,100.88
852,LOW,BR005,MED312,Metoprolol 25mg (HealthAxis Pharma),Cardiovascular,28,256.54,0.764,4.392,LOW,NO_REORDER,0,OVERSTOCK,LOW,REVIEW_OVERSTOCK,210 days of cover at the recent 0.13 units/day (limit 90): about 15 units above the limit,,0.0,0.0,866.21,0.0,866.21,0,100.87
853,LOW,BR005,MED028,Mefenamic Acid 250mg,Antipyretics,34,346.43,0.687,3.155,LOW,NO_REORDER,0,OVERSTOCK,LOW,REVIEW_OVERSTOCK,34 units in stock and no units sold in the last 30 days,,0.0,0.0,848.81,0.0,848.81,0,100.85
854,LOW,BR005,MED041,Clopidogrel 75mg,Cardiovascular,21,240.2,0.612,3.166,LOW,NO_REORDER,0,OVERSTOCK,LOW,REVIEW_OVERSTOCK,630 days of cover at the recent 0.03 units/day (limit 90): about 12 units above the limit,,0.0,0.0,835.87,0.0,835.87,0,100.84
855,LOW,BR001,MED498,Mupirocin Ointment 2% (NovaMed Laboratories),Dermatological,15,161.29,0.651,2.622,LOW,NO_REORDER,0,OVERSTOCK,LOW,REVIEW_OVERSTOCK,15 units in stock and no units sold in the last 30 days,,0.0,0.0,828.83,0.0,828.83,0,100.83
856,LOW,BR004,MED494,Ketoconazole Shampoo 2% (LifeSpring Pharma),Dermatological,9,181.56,0.347,1.591,LOW,NO_REORDER,0,OVERSTOCK,LOW,REVIEW_OVERSTOCK,9 units in stock and no units sold in the last 30 days,,0.0,0.0,796.4,0.0,796.4,0,100.8
857,LOW,BR003,MED418,Dextromethorphan Syrup 100ml (Summit Lifesciences),Respiratory,24,197.65,0.85,4.688,LOW,NO_REORDER,0,OVERSTOCK,LOW,REVIEW_OVERSTOCK,240 days of cover at the recent 0.10 units/day (limit 90): about 10 units above the limit,,0.0,0.0,784.5,0.0,784.5,0,100.78
858,LOW,BR004,MED422,Montelukast 10mg (NovaMed Laboratories),Respiratory,11,204.24,0.377,1.908,LOW,NO_REORDER,0,OVERSTOCK,LOW,REVIEW_OVERSTOCK,11 units in stock and no units sold in the last 30 days,,0.0,0.0,776.97,0.0,776.97,0,100.78
859,LOW,BR004,MED317,Rosuvastatin 5mg,Cardiovascular,13,162.5,0.56,2.694,LOW,NO_REORDER,0,OVERSTOCK,LOW,REVIEW_OVERSTOCK,195 days of cover at the recent 0.07 units/day (limit 90): about 5 units above the limit,,0.0,0.0,772.15,0.0,772.15,0,100.77
860,LOW,BR001,MED489,Fusidic Acid Cream 2% (VitaCure Remedies),Dermatological,13,201.33,0.452,2.324,LOW,NO_REORDER,0,OVERSTOCK,LOW,REVIEW_OVERSTOCK,390 days of cover at the recent 0.03 units/day (limit 90): about 7 units above the limit,,0.0,0.0,751.2,0.0,751.2,0,100.75
861,LOW,BR003,MED294,Clopidogrel 75mg (CureLine Healthcare),Cardiovascular,22,194.44,0.792,4.061,LOW,NO_REORDER,0,OVERSTOCK,LOW,REVIEW_OVERSTOCK,330 days of cover at the recent 0.07 units/day (limit 90): about 10 units above the limit,,0.0,0.0,746.6,0.0,746.6,0,100.75
862,LOW,BR004,MED474,Vitamin D3 60000IU (TrueLife Remedies),Vitamins,14,204.17,0.48,2.381,LOW,NO_REORDER,0,OVERSTOCK,LOW,REVIEW_OVERSTOCK,14 units in stock and no units sold in the last 30 days,,0.0,0.0,752.82,0.0,752.82,0,100.75
863,LOW,BR005,MED330,Telmisartan 40mg (Stellar Formulations),Cardiovascular,18,212.48,0.593,3.568,LOW,NO_REORDER,0,OVERSTOCK,LOW,REVIEW_OVERSTOCK,270 days of cover at the recent 0.07 units/day (limit 90): about 8 units above the limit,,0.0,0.0,746.24,0.0,746.24,0,100.75
864,LOW,BR002,MED255,Pantoprazole 20mg (VitaCure Remedies),Gastrointestinal,16,301.89,0.371,1.896,LOW,NO_REORDER,0,OVERSTOCK,LOW,REVIEW_OVERSTOCK,16 units in stock and no units sold in the last 30 days,,0.0,0.0,739.25,0.0,739.25,0,100.74
865,LOW,BR003,MED255,Pantoprazole 20mg (VitaCure Remedies),Gastrointestinal,21,186.31,0.789,3.609,LOW,NO_REORDER,0,OVERSTOCK,LOW,REVIEW_OVERSTOCK,210 days of cover at the recent 0.10 units/day (limit 90): about 11 units above the limit,,0.0,0.0,738.39,0.0,738.39,0,100.74
866,LOW,BR004,MED294,Clopidogrel 75mg (CureLine Healthcare),Cardiovascular,29,135.33,1.147,6.389,LOW,NO_REORDER,0,OVERSTOCK,LOW,REVIEW_OVERSTOCK,145 days of cover at the recent 0.20 units/day (limit 90): about 10 units above the limit,,0.0,0.0,741.13,0.0,741.13,0,100.74
867,LOW,BR004,MED088,Naproxen 500mg (NovaMed Laboratories),Analgesics,16,293.19,0.382,2.122,LOW,NO_REORDER,0,OVERSTOCK,LOW,REVIEW_OVERSTOCK,16 units in stock and no units sold in the last 30 days,,0.0,0.0,729.82,0.0,729.82,0,100.73
868,LOW,BR004,MED369,Glimepiride 3mg (Stellar Formulations),Antidiabetic,25,132.18,1.324,6.873,LOW,NO_REORDER,0,OVERSTOCK,LOW,REVIEW_OVERSTOCK,250 days of cover at the recent 0.10 units/day (limit 90): about 5 units above the limit,,0.0,0.0,715.86,0.0,715.86,0,100.72
869,LOW,BR002,MED199,Montelukast + Levocetirizine 10mg/5mg (Aarogya Formulations),Antihistamines,9,182.61,0.345,1.516,LOW,NO_REORDER,0,OVERSTOCK,LOW,REVIEW_OVERSTOCK,9 units in stock and no units sold in the last 30 days,,0.0,0.0,707.93,0.0,707.93,0,100.71
870,LOW,BR002,MED479,Calamine Lotion 100ml (LifeSpring Pharma),Dermatological,17,265.03,0.449,1.462,LOW,NO_REORDER,0,OVERSTOCK,LOW,REVIEW_OVERSTOCK,17 units in stock and no units sold in the last 30 days,,0.0,0.0,696.63,0.0,696.63,0,100.7
871,LOW,BR004,MED405,Sitagliptin 50mg (TrueLife Remedies),Antidiabetic,13,133.24,0.683,3.719,LOW,NO_REORDER,0,OVERSTOCK,LOW,REVIEW_OVERSTOCK,390 days of cover at the recent 0.03 units/day (limit 90): about 2 units above the limit,,0.0,0.0,699.65,0.0,699.65,0,100.7
872,LOW,BR004,MED413,Budesonide Inhaler 200mcg (BlueCrest Pharma),Respiratory,10,140.0,0.481,2.4,LOW,NO_REORDER,0,OVERSTOCK,LOW,REVIEW_OVERSTOCK,150 days of cover at the recent 0.07 units/day (limit 90): about 3 units above the limit,,0.0,0.0,702.72,0.0,702.72,0,100.7
873,LOW,BR003,MED111,Azithromycin 250mg,Antibiotics,14,153.85,0.637,2.48,LOW,NO_REORDER,0,OVERSTOCK,LOW,REVIEW_OVERSTOCK,420 days of cover at the recent 0.03 units/day (limit 90): about 7 units above the limit,,0.0,0.0,693.54,0.0,693.54,0,100.69
874,LOW,BR005,MED313,Metoprolol 25mg (LifeSpring Pharma),Cardiovascular,18,288.33,0.437,2.243,LOW,NO_REORDER,0,OVERSTOCK,LOW,REVIEW_OVERSTOCK,18 units in stock and no units sold in the last 30 days,,0.0,0.0,689.0,0.0,689.0,0,100.69
875,LOW,BR003,MED229,Ondansetron 4mg (CureLine Healthcare),Gastrointestinal,24,292.17,0.575,2.993,LOW,NO_REORDER,0,OVERSTOCK,LOW,REVIEW_OVERSTOCK,24 units in stock and no units sold in the last 30 days,,0.0,0.0,684.45,0.0,684.45,0,100.68
876,LOW,BR001,MED440,Salbutamol Inhaler 200mcg (Stellar Formulations),Respiratory,25,116.67,1.298,6.681,LOW,NO_REORDER,0,OVERSTOCK,LOW,REVIEW_OVERSTOCK,125 days of cover at the recent 0.20 units/day (limit 90): about 5 units above the limit,,0.0,0.0,667.12,0.0,667.12,0,100.67
877,LOW,BR001,MED422,Montelukast 10mg (NovaMed Laboratories),Respiratory,14,173.76,0.564,3.121,LOW,NO_REORDER,0,OVERSTOCK,LOW,REVIEW_OVERSTOCK,420 days of cover at the recent 0.03 units/day (limit 90): about 5 units above the limit,,0.0,0.0,661.76,0.0,661.76,0,100.66
878,LOW,BR005,MED088,Naproxen 500mg (NovaMed Laboratories),Analgesics,19,200.0,0.665,3.555,LOW,NO_REORDER,0,OVERSTOCK,LOW,REVIEW_OVERSTOCK,285 days of cover at the recent 0.07 units/day (limit 90): about 9 units above the limit,,0.0,0.0,660.28,0.0,660.28,0,100.66
879,LOW,BR002,MED290,Atorvastatin 40mg (LifeSpring Pharma),Cardiovascular,17,158.67,0.626,3.855,LOW,NO_REORDER,0,OVERSTOCK,LOW,REVIEW_OVERSTOCK,170 days of cover at the recent 0.10 units/day (limit 90): about 6 units above the limit,,0.0,0.0,649.3,0.0,649.3,0,100.65
880,LOW,BR005,MED481,Calamine Lotion 100ml (TrueLife Remedies),Dermatological,22,189.89,0.811,3.726,LOW,NO_REORDER,0,OVERSTOCK,LOW,REVIEW_OVERSTOCK,660 days of cover at the recent 0.03 units/day (limit 90): about 11 units above the limit,,0.0,0.0,648.57,0.0,648.57,0,100.65
881,LOW,BR003,MED248,Pantoprazole 40mg (TrueLife Remedies),Gastrointestinal,17,260.39,0.457,2.081,LOW,NO_REORDER,0,OVERSTOCK,LOW,REVIEW_OVERSTOCK,17 units in stock and no units sold in the last 30 days,,0.0,0.0,644.33,0.0,644.33,0,100.64
882,LOW,BR005,MED016,Salbutamol Inhaler 100mcg,Respiratory,13,151.92,0.599,2.957,LOW,NO_REORDER,0,OVERSTOCK,LOW,REVIEW_OVERSTOCK,390 days of cover at the recent 0.03 units/day (limit 90): about 5 units above the limit,,0.0,0.0,632.03,0.0,632.03,0,100.63
883,LOW,BR005,MED323,Rosuvastatin 20mg (NovaMed Laboratories),Cardiovascular,16,112.0,0.858,4.212,LOW,NO_REORDER,0,OVERSTOCK,MEDIUM,REVIEW_OVERSTOCK,120 days of cover at the recent 0.13 units/day (limit 90): about 4 units above the limit,,0.0,0.0,630.27,0.0,630.27,0,100.63
884,LOW,BR001,MED355,Glimepiride 2mg (BlueCrest Pharma),Antidiabetic,19,149.27,0.891,4.447,LOW,NO_REORDER,0,OVERSTOCK,LOW,REVIEW_OVERSTOCK,570 days of cover at the recent 0.03 units/day (limit 90): about 6 units above the limit,,0.0,0.0,623.54,0.0,623.54,0,100.62
885,LOW,BR003,MED102,Amoxicillin + Clavulanic Acid 625mg (HealthAxis Pharma),Antibiotics,19,106.4,1.016,4.961,LOW,NO_REORDER,0,OVERSTOCK,LOW,REVIEW_OVERSTOCK,114 days of cover at the recent 0.17 units/day (limit 90): about 4 units above the limit,,0.0,0.0,617.07,0.0,617.07,0,100.62
886,LOW,BR004,MED126,Cefixime 100mg (NovaMed Laboratories),Antibiotics,12,168.0,0.5,1.686,LOW,NO_REORDER,0,OVERSTOCK,LOW,REVIEW_OVERSTOCK,12 units in stock and no units sold in the last 30 days,,0.0,0.0,617.5,0.0,617.5,0,100.62
887,LOW,BR005,MED289,Atorvastatin 40mg (CureLine Healthcare),Cardiovascular,20,155.73,0.899,4.941,LOW,NO_REORDER,0,OVERSTOCK,LOW,REVIEW_OVERSTOCK,200 days of cover at the recent 0.10 units/day (limit 90): about 6 units above the limit,,0.0,0.0,619.66,0.0,619.66,0,100.62
888,LOW,BR001,MED207,Domperidone 10mg (CureLine Healthcare),Gastrointestinal,25,240.05,0.729,3.106,LOW,NO_REORDER,0,OVERSTOCK,LOW,REVIEW_OVERSTOCK,250 days of cover at the recent 0.10 units/day (limit 90): about 16 units above the limit,,0.0,0.0,610.73,0.0,610.73,0,100.61
889,LOW,BR005,MED102,Amoxicillin + Clavulanic Acid 625mg (HealthAxis Pharma),Antibiotics,22,106.72,1.443,6.181,LOW,NO_REORDER,0,OVERSTOCK,LOW,REVIEW_OVERSTOCK,165 days of cover at the recent 0.13 units/day (limit 90): about 4 units above the limit,,0.0,0.0,605.38,0.0,605.38,0,100.61
890,LOW,BR003,MED008,Fexofenadine 120mg,Antihistamines,14,175.63,0.558,3.472,LOW,NO_REORDER,0,OVERSTOCK,LOW,REVIEW_OVERSTOCK,210 days of cover at the recent 0.07 units/day (limit 90): about 4 units above the limit,,0.0,0.0,588.32,0.0,588.32,0,100.59
891,LOW,BR001,MED233,Ondansetron 4mg (Summit Lifesciences),Gastrointestinal,24,237.29,0.708,3.697,LOW,NO_REORDER,0,OVERSTOCK,LOW,REVIEW_OVERSTOCK,720 days of cover at the recent 0.03 units/day (limit 90): about 13 units above the limit,,0.0,0.0,576.23,0.0,576.23,0,100.58
892,LOW,BR001,MED196,Levocetirizine 2.5mg,Antihistamines,17,208.77,0.57,2.468,LOW,NO_REORDER,0,OVERSTOCK,LOW,REVIEW_OVERSTOCK,17 units in stock and no units sold in the last 30 days,,0.0,0.0,573.9,0.0,573.9,0,100.57
893,LOW,BR002,MED124,Cefixime 100mg,Antibiotics,11,178.24,0.432,1.873,LOW,NO_REORDER,0,OVERSTOCK,LOW,REVIEW_OVERSTOCK,330 days of cover at the recent 0.03 units/day (limit 90): about 6 units above the limit,,0.0,0.0,570.53,0.0,570.53,0,100.57
894,LOW,BR002,MED235,Ondansetron 8mg,Gastrointestinal,23,161.0,0.624,3.433,LOW,NO_REORDER,0,OVERSTOCK,LOW,REVIEW_OVERSTOCK,172 days of cover at the recent 0.13 units/day (limit 90): about 11 units above the limit,,0.0,0.0,567.47,0.0,567.47,0,100.57
895,LOW,BR004,MED199,Montelukast + Levocetirizine 10mg/5mg (Aarogya Formulations),Antihistamines,10,174.13,0.402,2.05,LOW,NO_REORDER,0,OVERSTOCK,LOW,REVIEW_OVERSTOCK,150 days of cover at the recent 0.07 units/day (limit 90): about 4 units above the limit,,0.0,0.0,566.42,0.0,566.42,0,100.57
896,LOW,BR002,MED423,Montelukast 10mg (Summit Lifesciences),Respiratory,18,126.0,0.884,4.973,LOW,NO_REORDER,0,OVERSTOCK,LOW,REVIEW_OVERSTOCK,135 days of cover at the recent 0.13 units/day (limit 90): about 4 units above the limit,,0.0,0.0,557.51,0.0,557.51,0,100.56
897,LOW,BR003,MED235,Ondansetron 8mg,Gastrointestinal,20,186.67,0.694,3.198,LOW,NO_REORDER,0,OVERSTOCK,MEDIUM,REVIEW_OVERSTOCK,200 days of cover at the recent 0.10 units/day (limit 90): about 11 units above the limit,,0.0,0.0,557.12,0.0,557.12,0,100.56
898,LOW,BR004,MED348,Gliclazide 80mg (TrueLife Remedies),Antidiabetic,16,245.08,0.457,2.29,LOW,NO_REORDER,0,OVERSTOCK,LOW,REVIEW_OVERSTOCK,16 units in stock and no units sold in the last 30 days,,0.0,0.0,558.24,0.0,558.24,0,100.56
899,LOW,BR004,MED453,Iron + Folic Acid 100mg/500mcg (LifeSpring Pharma),Vitamins,20,172.84,0.81,4.169,LOW,NO_REORDER,0,OVERSTOCK,LOW,REVIEW_OVERSTOCK,20 units in stock and no units sold in the last 30 days,,0.0,0.0,561.16,0.0,561.16,0,100.56
900,LOW,BR005,MED052,Hydrocortisone Cream 1%,Dermatological,18,268.09,0.47,2.008,LOW,NO_REORDER,0,OVERSTOCK,MEDIUM,REVIEW_OVERSTOCK,540 days of cover at the recent 0.03 units/day (limit 90): about 12 units above the limit,,0.0,0.0,558.02,0.0,558.02,0,100.56
901,LOW,BR002,MED018,Vitamin D3 60000IU,Vitamins,16,146.79,0.763,3.966,LOW,NO_REORDER,0,OVERSTOCK,LOW,REVIEW_OVERSTOCK,160 days of cover at the recent 0.10 units/day (limit 90): about 5 units above the limit,,0.0,0.0,554.28,0.0,554.28,0,100.55
902,LOW,BR003,MED119,Azithromycin 250mg (TrueLife Remedies),Antibiotics,9,152.54,0.413,1.664,LOW,NO_REORDER,0,OVERSTOCK,LOW,REVIEW_OVERSTOCK,270 days of cover at the recent 0.03 units/day (limit 90): about 5 units above the limit,,0.0,0.0,550.97,0.0,550.97,0,100.55
903,LOW,BR005,MED455,Iron + Folic Acid 100mg/500mcg (Summit Lifesciences),Vitamins,16,214.56,0.522,2.53,LOW,NO_REORDER,0,OVERSTOCK,LOW,REVIEW_OVERSTOCK,16 units in stock and no units sold in the last 30 days,,0.0,0.0,553.53,0.0,553.53,0,100.55
904,LOW,BR001,MED185,Fexofenadine 120mg (TrueLife Remedies),Antihistamines,11,157.46,0.489,2.432,LOW,NO_REORDER,0,OVERSTOCK,LOW,REVIEW_OVERSTOCK,330 days of cover at the recent 0.03 units/day (limit 90): about 4 units above the limit,,0.0,0.0,544.31,0.0,544.31,0,100.54
905,LOW,BR001,MED213,Loperamide 2mg (LifeSpring Pharma),Gastrointestinal,34,426.52,0.558,2.395,LOW,NO_REORDER,0,OVERSTOCK,LOW,REVIEW_OVERSTOCK,34 units in stock and no units sold in the last 30 days,,0.0,0.0,536.36,0.0,536.36,0,100.54
906,LOW,BR003,MED474,Vitamin D3 60000IU (TrueLife Remedies),Vitamins,20,130.11,1.076,5.165,LOW,NO_REORDER,0,OVERSTOCK,LOW,REVIEW_OVERSTOCK,150 days of cover at the recent 0.13 units/day (limit 90): about 5 units above the limit,,0.0,0.0,537.94,0.0,537.94,0,100.54
907,LOW,BR004,MED125,Cefixime 100mg (HealthAxis Pharma),Antibiotics,11,215.69,0.357,1.76,LOW,NO_REORDER,0,OVERSTOCK,LOW,REVIEW_OVERSTOCK,11 units in stock and no units sold in the last 30 days,,0.0,0.0,544.97,0.0,544.97,0,100.54
908,LOW,BR005,MED145,Mefenamic Acid 500mg (Stellar Formulations),Antipyretics,18,315.79,0.399,1.731,LOW,NO_REORDER,0,OVERSTOCK,LOW,REVIEW_OVERSTOCK,18 units in stock and no units sold in the last 30 days,,0.0,0.0,542.68,0.0,542.68,0,100.54
909,LOW,BR001,MED255,Pantoprazole 20mg (VitaCure Remedies),Gastrointestinal,19,177.33,0.735,3.917,LOW,NO_REORDER,0,OVERSTOCK,LOW,REVIEW_OVERSTOCK,190 days of cover at the recent 0.10 units/day (limit 90): about 8 units above the limit,,0.0,0.0,534.45,0.0,534.45,0,100.53
910,LOW,BR005,MED451,Iron + Folic Acid 100mg/500mcg (CureLine Healthcare),Vitamins,24,176.66,0.951,5.042,LOW,NO_REORDER,0,OVERSTOCK,LOW,REVIEW_OVERSTOCK,240 days of cover at the recent 0.10 units/day (limit 90): about 9 units above the limit,,0.0,0.0,534.92,0.0,534.92,0,100.53
911,LOW,BR001,MED088,Naproxen 500mg (NovaMed Laboratories),Analgesics,13,210.65,0.432,2.217,LOW,NO_REORDER,0,OVERSTOCK,LOW,REVIEW_OVERSTOCK,13 units in stock and no units sold in the last 30 days,,0.0,0.0,513.41,0.0,513.41,0,100.51
912,LOW,BR001,MED297,Losartan 50mg (Aarogya Formulations),Cardiovascular,16,178.34,0.628,3.131,LOW,NO_REORDER,0,OVERSTOCK,LOW,REVIEW_OVERSTOCK,480 days of cover at the recent 0.03 units/day (limit 90): about 7 units above the limit,,0.0,0.0,510.87,0.0,510.87,0,100.51
913,LOW,BR003,MED184,Fexofenadine 120mg (LifeSpring Pharma),Antihistamines,16,149.33,0.731,4.242,LOW,NO_REORDER,0,OVERSTOCK,LOW,REVIEW_OVERSTOCK,160 days of cover at the recent 0.10 units/day (limit 90): about 4 units above the limit,,0.0,0.0,508.45,0.0,508.45,0,100.51
914,LOW,BR003,MED478,Calamine Lotion 100ml (CureLine Healthcare),Dermatological,23,164.29,0.98,4.965,LOW,NO_REORDER,0,OVERSTOCK,LOW,REVIEW_OVERSTOCK,230 days of cover at the recent 0.10 units/day (limit 90): about 9 units above the limit,,0.0,0.0,505.23,0.0,505.23,0,100.51
915,LOW,BR004,MED196,Levocetirizine 2.5mg,Antihistamines,15,272.02,0.386,2.09,LOW,NO_REORDER,0,OVERSTOCK,LOW,REVIEW_OVERSTOCK,15 units in stock and no units sold in the last 30 days,,0.0,0.0,512.19,0.0,512.19,0,100.51
916,LOW,BR001,MED456,Iron + Folic Acid 100mg/500mcg (VitaCure Remedies),Vitamins,22,144.74,1.064,4.816,LOW,NO_REORDER,0,OVERSTOCK,LOW,REVIEW_OVERSTOCK,165 days of cover at the recent 0.13 units/day (limit 90): about 8 units above the limit,,0.0,0.0,499.06,0.0,499.06,0,100.5
917,LOW,BR003,MED217,Omeprazole 20mg (HealthAxis Pharma),Gastrointestinal,22,217.21,0.709,3.107,LOW,NO_REORDER,0,OVERSTOCK,LOW,REVIEW_OVERSTOCK,330 days of cover at the recent 0.07 units/day (limit 90): about 13 units above the limit,,0.0,0.0,501.92,0.0,501.92,0,100.5
918,LOW,BR003,MED394,Sitagliptin 100mg (BlueCrest Pharma),Antidiabetic,15,122.66,0.856,4.636,LOW,NO_REORDER,0,OVERSTOCK,LOW,REVIEW_OVERSTOCK,150 days of cover at the recent 0.10 units/day (limit 90): about 2 units above the limit,,0.0,0.0,500.81,0.0,500.81,0,100.5
919,LOW,BR004,MED394,Sitagliptin 100mg (BlueCrest Pharma),Antidiabetic,9,108.25,0.582,2.438,LOW,NO_REORDER,0,OVERSTOCK,LOW,REVIEW_OVERSTOCK,270 days of cover at the recent 0.03 units/day (limit 90): about 2 units above the limit,,0.0,0.0,498.8,0.0,498.8,0,100.5
920,LOW,BR004,MED336,Telmisartan 80mg,Cardiovascular,13,155.03,0.587,3.284,LOW,NO_REORDER,0,OVERSTOCK,LOW,REVIEW_OVERSTOCK,13 units in stock and no units sold in the last 30 days,,0.0,0.0,485.03,0.0,485.03,0,100.49
921,LOW,BR003,MED100,Amoxicillin 250mg (TrueLife Remedies),Antibiotics,13,151.92,0.599,2.335,LOW,NO_REORDER,0,OVERSTOCK,LOW,REVIEW_OVERSTOCK,390 days of cover at the recent 0.03 units/day (limit 90): about 6 units above the limit,,0.0,0.0,475.66,0.0,475.66,0,100.48
922,LOW,BR003,MED124,Cefixime 100mg,Antibiotics,11,154.0,0.459,1.99,LOW,NO_REORDER,0,OVERSTOCK,LOW,REVIEW_OVERSTOCK,165 days of cover at the recent 0.07 units/day (limit 90): about 5 units above the limit,,0.0,0.0,481.8,0.0,481.8,0,100.48
923,LOW,BR004,MED026,Doxycycline 100mg,Antibiotics,15,221.99,0.473,2.292,LOW,NO_REORDER,0,OVERSTOCK,MEDIUM,REVIEW_OVERSTOCK,450 days of cover at the recent 0.03 units/day (limit 90): about 9 units above the limit,,0.0,0.0,481.69,0.0,481.69,0,100.48
924,LOW,BR002,MED413,Budesonide Inhaler 200mcg (BlueCrest Pharma),Respiratory,7,128.61,0.381,1.809,LOW,NO_REORDER,0,OVERSTOCK,LOW,REVIEW_OVERSTOCK,210 days of cover at the recent 0.03 units/day (limit 90): about 2 units above the limit,,0.0,0.0,471.44,0.0,471.44,0,100.47
925,LOW,BR004,MED008,Fexofenadine 120mg,Antihistamines,8,156.42,0.358,1.683,LOW,NO_REORDER,0,OVERSTOCK,LOW,REVIEW_OVERSTOCK,8 units in stock and no units sold in the last 30 days,,0.0,0.0,474.69,0.0,474.69,0,100.47
926,LOW,BR005,MED499,Mupirocin Ointment 2% (Summit Lifesciences),Dermatological,14,171.93,0.57,2.806,LOW,NO_REORDER,0,OVERSTOCK,LOW,REVIEW_OVERSTOCK,140 days of cover at the recent 0.10 units/day (limit 90): about 5 units above the limit,,0.0,0.0,470.98,0.0,470.98,0,100.47
927,LOW,BR002,MED102,Amoxicillin + Clavulanic Acid 625mg (HealthAxis Pharma),Antibiotics,15,105.0,0.835,3.805,LOW,NO_REORDER,0,OVERSTOCK,LOW,REVIEW_OVERSTOCK,112 days of cover at the recent 0.13 units/day (limit 90): about 3 units above the limit,,0.0,0.0,460.94,0.0,460.94,0,100.46
928,LOW,BR002,MED188,Fexofenadine 180mg (HealthAxis Pharma),Antihistamines,12,137.48,0.611,3.15,LOW,NO_REORDER,0,OVERSTOCK,LOW,REVIEW_OVERSTOCK,180 days of cover at the recent 0.07 units/day (limit 90): about 3 units above the limit,,0.0,0.0,463.62,0.0,463.62,0,100.46
929,LOW,BR002,MED359,Glimepiride 1mg,Antidiabetic,9,152.91,0.412,1.994,LOW,NO_REORDER,0,OVERSTOCK,LOW,REVIEW_OVERSTOCK,9 units in stock and no units sold in the last 30 days,,0.0,0.0,455.96,0.0,455.96,0,100.46
930,LOW,BR004,MED333,Telmisartan 20mg (HealthAxis Pharma),Cardiovascular,9,127.27,0.495,1.985,LOW,NO_REORDER,0,OVERSTOCK,MEDIUM,REVIEW_OVERSTOCK,9 units in stock and no units sold in the last 30 days,,0.0,0.0,461.41,0.0,461.41,0,100.46
931,LOW,BR005,MED099,Amoxicillin 250mg (Stellar Formulations),Antibiotics,11,161.43,0.477,1.976,LOW,NO_REORDER,0,OVERSTOCK,LOW,REVIEW_OVERSTOCK,330 days of cover at the recent 0.03 units/day (limit 90): about 6 units above the limit,,0.0,0.0,456.07,0.0,456.07,0,100.46
932,LOW,BR005,MED235,Ondansetron 8mg,Gastrointestinal,19,194.16,0.685,3.643,LOW,NO_REORDER,0,OVERSTOCK,MEDIUM,REVIEW_OVERSTOCK,285 days of cover at the recent 0.07 units/day (limit 90): about 9 units above the limit,,0.0,0.0,461.99,0.0,461.99,0,100.46
933,LOW,BR005,MED441,Salbutamol Inhaler 200mcg (Summit Lifesciences),Respiratory,10,152.51,0.459,2.431,LOW,NO_REORDER,0,OVERSTOCK,LOW,REVIEW_OVERSTOCK,300 days of cover at the recent 0.03 units/day (limit 90): about 3 units above the limit,,0.0,0.0,459.75,0.0,459.75,0,100.46
934,LOW,BR002,MED230,Ondansetron 4mg (LifeSpring Pharma),Gastrointestinal,15,278.51,0.377,1.787,LOW,NO_REORDER,0,OVERSTOCK,LOW,REVIEW_OVERSTOCK,450 days of cover at the recent 0.03 units/day (limit 90): about 10 units above the limit,,0.0,0.0,449.7,0.0,449.7,0,100.45
935,LOW,BR001,MED181,Fexofenadine 120mg (ApexLife Pharma),Antihistamines,16,145.64,0.769,4.583,LOW,NO_REORDER,0,OVERSTOCK,LOW,REVIEW_OVERSTOCK,160 days of cover at the recent 0.10 units/day (limit 90): about 3 units above the limit,,0.0,0.0,440.97,0.0,440.97,0,100.44
936,LOW,BR001,MED353,Gliclazide 40mg (Stellar Formulations),Antidiabetic,20,171.78,0.815,4.433,LOW,NO_REORDER,0,OVERSTOCK,LOW,REVIEW_OVERSTOCK,20 units in stock and no units sold in the last 30 days,,0.0,0.0,438.33,0.0,438.33,0,100.44
937,LOW,BR002,MED187,Fexofenadine 180mg (CureLine Healthcare),Antihistamines,12,194.0,0.433,2.074,LOW,NO_REORDER,0,OVERSTOCK,LOW,REVIEW_OVERSTOCK,120 days of cover at the recent 0.10 units/day (limit 90): about 3 units above the limit,,0.0,0.0,441.91,0.0,441.91,0,100.44
938,LOW,BR002,MED220,Omeprazole 20mg (VitaCure Remedies),Gastrointestinal,19,222.04,0.599,2.803,LOW,NO_REORDER,0,OVERSTOCK,LOW,REVIEW_OVERSTOCK,285 days of cover at the recent 0.07 units/day (limit 90): about 11 units above the limit,,0.0,0.0,441.57,0.0,441.57,0,100.44
939,LOW,BR003,MED126,Cefixime 100mg (NovaMed Laboratories),Antibiotics,11,154.0,0.485,2.106,LOW,NO_REORDER,0,OVERSTOCK,LOW,REVIEW_OVERSTOCK,165 days of cover at the recent 0.07 units/day (limit 90): about 5 units above the limit,,0.0,0.0,441.9,0.0,441.9,0,100.44
940,LOW,BR004,MED379,Glimepiride + Metformin 1mg/500mg (Summit Lifesciences),Antidiabetic,18,134.33,0.938,5.058,LOW,NO_REORDER,0,OVERSTOCK,LOW,REVIEW_OVERSTOCK,270 days of cover at the recent 0.07 units/day (limit 90): about 3 units above the limit,,0.0,0.0,440.95,0.0,440.95,0,100.44
941,LOW,BR005,MED059,Diclofenac 50mg (Aarogya Formulations),Analgesics,22,268.76,0.573,2.956,LOW,NO_REORDER,0,OVERSTOCK,MEDIUM,REVIEW_OVERSTOCK,660 days of cover at the recent 0.03 units/day (limit 90): about 14 units above the limit,,0.0,0.0,438.3,0.0,438.3,0,100.44
942,LOW,BR001,MED055,Ketoconazole Shampoo 2%,Dermatological,15,105.0,0.942,4.308,LOW,NO_REORDER,0,OVERSTOCK,LOW,REVIEW_OVERSTOCK,112 days of cover at the recent 0.13 units/day (limit 90): about 3 units above the limit,,0.0,0.0,433.84,0.0,433.84,0,100.43
943,LOW,BR002,MED182,Fexofenadine 120mg (BlueCrest Pharma),Antihistamines,24,96.0,1.194,7.291,LOW,NO_REORDER,0,OVERSTOCK,LOW,REVIEW_OVERSTOCK,103 days of cover at the recent 0.23 units/day (limit 90): about 3 units above the limit,,0.0,0.0,426.06,0.0,426.06,0,100.43
944,LOW,BR002,MED410,Ambroxol + Levosalbutamol Syrup 60ml,Respiratory,18,126.0,0.798,4.732,LOW,NO_REORDER,0,OVERSTOCK,LOW,REVIEW_OVERSTOCK,135 days of cover at the recent 0.13 units/day (limit 90): about 4 units above the limit,,0.0,0.0,431.6,0.0,431.6,0,100.43
945,LOW,BR002,MED474,Vitamin D3 60000IU (TrueLife Remedies),Vitamins,10,165.09,0.424,2.128,LOW,NO_REORDER,0,OVERSTOCK,LOW,REVIEW_OVERSTOCK,10 units in stock and no units sold in the last 30 days,,0.0,0.0,426.7,0.0,426.7,0,100.43
946,LOW,BR004,MED498,Mupirocin Ointment 2% (NovaMed Laboratories),Dermatological,11,145.01,0.531,2.53,LOW,NO_REORDER,0,OVERSTOCK,LOW,REVIEW_OVERSTOCK,330 days of cover at the recent 0.03 units/day (limit 90): about 4 units above the limit,,0.0,0.0,430.53,0.0,430.53,0,100.43
947,LOW,BR001,MED126,Cefixime 100mg (NovaMed Laboratories),Antibiotics,12,145.83,0.576,2.426,LOW,NO_REORDER,0,OVERSTOCK,LOW,REVIEW_OVERSTOCK,360 days of cover at the recent 0.03 units/day (limit 90): about 5 units above the limit,,0.0,0.0,420.1,0.0,420.1,0,100.42
948,LOW,BR004,MED496,Mupirocin Ointment 2% (ApexLife Pharma),Dermatological,13,182.0,0.488,2.458,LOW,NO_REORDER,0,OVERSTOCK,LOW,REVIEW_OVERSTOCK,130 days of cover at the recent 0.10 units/day (limit 90): about 4 units above the limit,,0.0,0.0,417.75,0.0,417.75,0,100.42
949,LOW,BR001,MED492,Hydrocortisone Cream 1% (Summit Lifesciences),Dermatological,16,201.8,0.555,2.524,LOW,NO_REORDER,0,OVERSTOCK,LOW,REVIEW_OVERSTOCK,480 days of cover at the recent 0.03 units/day (limit 90): about 9 units above the limit,,0.0,0.0,411.08,0.0,411.08,0,100.41
950,LOW,BR003,MED487,Fusidic Acid Cream 2% (ApexLife Pharma),Dermatological,16,112.0,0.84,3.781,LOW,NO_REORDER,0,OVERSTOCK,LOW,REVIEW_OVERSTOCK,120 days of cover at the recent 0.13 units/day (limit 90): about 4 units above the limit,,0.0,0.0,405.26,0.0,405.26,0,100.41
951,LOW,BR005,MED486,Clotrimazole Cream 2% (TrueLife Remedies),Dermatological,13,177.04,0.514,2.51,LOW,NO_REORDER,0,OVERSTOCK,LOW,REVIEW_OVERSTOCK,195 days of cover at the recent 0.07 units/day (limit 90): about 6 units above the limit,,0.0,0.0,413.6,0.0,413.6,0,100.41
952,LOW,BR001,MED500,Mupirocin Ointment 2% (VitaCure Remedies),Dermatological,17,119.0,0.962,4.526,LOW,NO_REORDER,0,OVERSTOCK,LOW,REVIEW_OVERSTOCK,128 days of cover at the recent 0.13 units/day (limit 90): about 4 units above the limit,,0.0,0.0,397.37,0.0,397.37,0,100.4
953,LOW,BR005,MED500,Mupirocin Ointment 2% (VitaCure Remedies),Dermatological,11,138.24,0.557,2.375,LOW,NO_REORDER,0,OVERSTOCK,LOW,REVIEW_OVERSTOCK,330 days of cover at the recent 0.03 units/day (limit 90): about 4 units above the limit,,0.0,0.0,404.24,0.0,404.24,0,100.4
954,LOW,BR003,MED123,Cefixime 200mg (Stellar Formulations),Antibiotics,9,152.54,0.413,1.664,LOW,NO_REORDER,0,OVERSTOCK,LOW,REVIEW_OVERSTOCK,270 days of cover at the recent 0.03 units/day (limit 90): about 5 units above the limit,,0.0,0.0,389.15,0.0,389.15,0,100.39
955,LOW,BR004,MED016,Salbutamol Inhaler 100mcg,Respiratory,15,138.16,0.76,4.149,LOW,NO_REORDER,0,OVERSTOCK,LOW,REVIEW_OVERSTOCK,150 days of cover at the recent 0.10 units/day (limit 90): about 3 units above the limit,,0.0,0.0,389.9,0.0,389.9,0,100.39
956,LOW,BR005,MED260,Amlodipine 5mg (VitaCure Remedies),Cardiovascular,21,345.88,0.425,2.575,LOW,NO_REORDER,0,OVERSTOCK,LOW,REVIEW_OVERSTOCK,21 units in stock and no units sold in the last 30 days,,0.0,0.0,390.21,0.0,390.21,0,100.39
957,LOW,BR002,MED145,Mefenamic Acid 500mg (Stellar Formulations),Antipyretics,14,252.58,0.388,1.694,LOW,NO_REORDER,0,OVERSTOCK,LOW,REVIEW_OVERSTOCK,14 units in stock and no units sold in the last 30 days,,0.0,0.0,377.97,0.0,377.97,0,100.38
958,LOW,BR002,MED430,Salbutamol Inhaler 100mcg (Aarogya Formulations),Respiratory,7,139.2,0.352,1.601,LOW,NO_REORDER,0,OVERSTOCK,LOW,REVIEW_OVERSTOCK,7 units in stock and no units sold in the last 30 days,,0.0,0.0,375.96,0.0,375.96,0,100.38
959,LOW,BR003,MED340,Telmisartan 80mg (NovaMed Laboratories),Cardiovascular,16,149.33,0.743,4.368,LOW,NO_REORDER,0,OVERSTOCK,LOW,REVIEW_OVERSTOCK,160 days of cover at the recent 0.10 units/day (limit 90): about 3 units above the limit,,0.0,0.0,383.26,0.0,383.26,0,100.38
960,LOW,BR004,MED228,Ondansetron 4mg (CarePlus Laboratories),Gastrointestinal,22,173.81,0.886,4.279,LOW,NO_REORDER,0,OVERSTOCK,LOW,REVIEW_OVERSTOCK,330 days of cover at the recent 0.07 units/day (limit 90): about 10 units above the limit,,0.0,0.0,375.73,0.0,375.73,0,100.38
961,LOW,BR005,MED047,Budesonide Inhaler 200mcg,Respiratory,10,127.5,0.549,2.744,LOW,NO_REORDER,0,OVERSTOCK,LOW,REVIEW_OVERSTOCK,150 days of cover at the recent 0.07 units/day (limit 90): about 2 units above the limit,,0.0,0.0,381.02,0.0,381.02,0,100.38
962,LOW,BR005,MED198,Levocetirizine 2.5mg (Stellar Formulations),Antihistamines,14,226.33,0.433,2.444,LOW,NO_REORDER,0,OVERSTOCK,LOW,REVIEW_OVERSTOCK,14 units in stock and no units sold in the last 30 days,,0.0,0.0,383.84,0.0,383.84,0,100.38
963,LOW,BR005,MED430,Salbutamol Inhaler 100mcg (Aarogya Formulations),Respiratory,8,131.15,0.427,1.99,LOW,NO_REORDER,0,OVERSTOCK,LOW,REVIEW_OVERSTOCK,8 units in stock and no units sold in the last 30 days,,0.0,0.0,382.6,0.0,382.6,0,100.38
964,LOW,BR002,MED238,Ondansetron 8mg (VitaCure Remedies),Gastrointestinal,15,164.58,0.638,2.643,LOW,NO_REORDER,0,OVERSTOCK,LOW,REVIEW_OVERSTOCK,15 units in stock and no units sold in the last 30 days,,0.0,0.0,370.4,0.0,370.4,0,100.37
965,LOW,BR003,MED212,Loperamide 2mg (BlueCrest Pharma),Gastrointestinal,26,244.62,0.744,3.005,LOW,NO_REORDER,0,OVERSTOCK,LOW,REVIEW_OVERSTOCK,260 days of cover at the recent 0.10 units/day (limit 90): about 17 units above the limit,,0.0,0.0,372.37,0.0,372.37,0,100.37
966,LOW,BR002,MED051,Iron + Folic Acid 100mg/500mcg,Vitamins,15,192.31,0.546,3.017,LOW,NO_REORDER,0,OVERSTOCK,LOW,REVIEW_OVERSTOCK,450 days of cover at the recent 0.03 units/day (limit 90): about 6 units above the limit,,0.0,0.0,355.92,0.0,355.92,0,100.36
967,LOW,BR002,MED237,Ondansetron 8mg (TrueLife Remedies),Gastrointestinal,17,158.67,0.631,3.093,LOW,NO_REORDER,0,OVERSTOCK,LOW,REVIEW_OVERSTOCK,170 days of cover at the recent 0.10 units/day (limit 90): about 8 units above the limit,,0.0,0.0,359.9,0.0,359.9,0,100.36
968,LOW,BR003,MED426,Montelukast 5mg (CarePlus Laboratories),Respiratory,9,124.02,0.508,2.392,LOW,NO_REORDER,0,OVERSTOCK,LOW,REVIEW_OVERSTOCK,270 days of cover at the recent 0.03 units/day (limit 90): about 2 units above the limit,,0.0,0.0,351.06,0.0,351.06,0,100.35
969,LOW,BR004,MED128,Ciprofloxacin 500mg (BlueCrest Pharma),Antibiotics,14,247.47,0.396,2.015,LOW,NO_REORDER,0,OVERSTOCK,LOW,REVIEW_OVERSTOCK,14 units in stock and no units sold in the last 30 days,,0.0,0.0,349.22,0.0,349.22,0,100.35
970,LOW,BR004,MED252,Pantoprazole 20mg (CarePlus Laboratories),Gastrointestinal,12,178.34,0.471,2.377,LOW,NO_REORDER,0,OVERSTOCK,LOW,REVIEW_OVERSTOCK,360 days of cover at the recent 0.03 units/day (limit 90): about 5 units above the limit,,0.0,0.0,349.7,0.0,349.7,0,100.35
971,LOW,BR001,MED026,Doxycycline 100mg,Antibiotics,19,167.09,0.796,4.474,LOW,NO_REORDER,0,OVERSTOCK,MEDIUM,REVIEW_OVERSTOCK,285 days of cover at the recent 0.07 units/day (limit 90): about 6 units above the limit,,0.0,0.0,342.73,0.0,342.73,0,100.34
972,LOW,BR005,MED333,Telmisartan 20mg (HealthAxis Pharma),Cardiovascular,14,132.08,0.742,3.826,LOW,NO_REORDER,0,OVERSTOCK,LOW,REVIEW_OVERSTOCK,210 days of cover at the recent 0.07 units/day (limit 90): about 3 units above the limit,,0.0,0.0,343.67,0.0,343.67,0,100.34
973,LOW,BR001,MED101,Amoxicillin + Clavulanic Acid 625mg (CureLine Healthcare),Antibiotics,9,119.77,0.526,2.656,LOW,NO_REORDER,0,OVERSTOCK,LOW,REVIEW_OVERSTOCK,135 days of cover at the recent 0.07 units/day (limit 90): about 2 units above the limit,,0.0,0.0,331.78,0.0,331.78,0,100.33
974,LOW,BR001,MED367,Glimepiride 3mg (CureLine Healthcare),Antidiabetic,17,131.35,0.906,5.072,LOW,NO_REORDER,0,OVERSTOCK,LOW,REVIEW_OVERSTOCK,128 days of cover at the recent 0.13 units/day (limit 90): about 2 units above the limit,,0.0,0.0,333.19,0.0,333.19,0,100.33
975,LOW,BR002,MED087,Naproxen 500mg (LifeSpring Pharma),Analgesics,17,135.07,0.881,4.298,LOW,NO_REORDER,0,OVERSTOCK,LOW,REVIEW_OVERSTOCK,255 days of cover at the recent 0.07 units/day (limit 90): about 5 units above the limit,,0.0,0.0,332.89,0.0,332.89,0,100.33
976,LOW,BR002,MED318,Rosuvastatin 5mg (BlueCrest Pharma),Cardiovascular,11,102.67,0.53,2.54,LOW,NO_REORDER,0,OVERSTOCK,LOW,REVIEW_OVERSTOCK,110 days of cover at the recent 0.10 units/day (limit 90): about 2 units above the limit,,0.0,0.0,328.05,0.0,328.05,0,100.33
977,LOW,BR003,MED062,Diclofenac 50mg (TrueLife Remedies),Analgesics,22,190.12,0.81,4.128,LOW,NO_REORDER,0,OVERSTOCK,LOW,REVIEW_OVERSTOCK,330 days of cover at the recent 0.07 units/day (limit 90): about 10 units above the limit,,0.0,0.0,325.92,0.0,325.92,0,100.33
978,LOW,BR004,MED045,Gliclazide 80mg,Antidiabetic,24,143.1,1.174,6.259,LOW,NO_REORDER,0,OVERSTOCK,LOW,REVIEW_OVERSTOCK,180 days of cover at the recent 0.13 units/day (limit 90): about 6 units above the limit,,0.0,0.0,327.96,0.0,327.96,0,100.33
979,LOW,BR005,MED318,Rosuvastatin 5mg (BlueCrest Pharma),Cardiovascular,14,132.43,0.74,4.12,LOW,NO_REORDER,0,OVERSTOCK,LOW,REVIEW_OVERSTOCK,420 days of cover at the recent 0.03 units/day (limit 90): about 2 units above the limit,,0.0,0.0,328.46,0.0,328.46,0,100.33
980,LOW,BR005,MED350,Gliclazide 40mg (BlueCrest Pharma),Antidiabetic,17,176.56,0.674,3.787,LOW,NO_REORDER,0,OVERSTOCK,LOW,REVIEW_OVERSTOCK,128 days of cover at the recent 0.13 units/day (limit 90): about 5 units above the limit,,0.0,0.0,334.11,0.0,334.11,0,100.33
981,LOW,BR001,MED119,Azithromycin 250mg (TrueLife Remedies),Antibiotics,14,130.67,0.719,3.787,LOW,NO_REORDER,0,OVERSTOCK,LOW,REVIEW_OVERSTOCK,140 days of cover at the recent 0.10 units/day (limit 90): about 3 units above the limit,,0.0,0.0,318.3,0.0,318.3,0,100.32
982,LOW,BR002,MED143,Mefenamic Acid 500mg (LifeSpring Pharma),Antipyretics,12,224.6,0.374,1.509,LOW,NO_REORDER,0,OVERSTOCK,LOW,REVIEW_OVERSTOCK,12 units in stock and no units sold in the last 30 days,,0.0,0.0,318.29,0.0,318.29,0,100.32
983,LOW,BR002,MED208,Domperidone 10mg (HealthAxis Pharma),Gastrointestinal,13,260.0,0.35,1.72,LOW,NO_REORDER,0,OVERSTOCK,LOW,REVIEW_OVERSTOCK,13 units in stock and no units sold in the last 30 days,,0.0,0.0,317.11,0.0,317.11,0,100.32
984,LOW,BR002,MED217,Omeprazole 20mg (HealthAxis Pharma),Gastrointestinal,12,233.98,0.359,1.568,LOW,NO_REORDER,0,OVERSTOCK,LOW,REVIEW_OVERSTOCK,12 units in stock and no units sold in the last 30 days,,0.0,0.0,318.13,0.0,318.13,0,100.32
985,LOW,BR003,MED428,Montelukast 5mg (Summit Lifesciences),Respiratory,11,102.67,0.673,3.284,LOW,NO_REORDER,0,OVERSTOCK,LOW,REVIEW_OVERSTOCK,110 days of cover at the recent 0.10 units/day (limit 90): about 2 units above the limit,,0.0,0.0,321.07,0.0,321.07,0,100.32
986,LOW,BR003,MED472,Vitamin C Chewable 1000mg (TrueLife Remedies),Vitamins,27,210.0,0.9,5.257,LOW,NO_REORDER,0,OVERSTOCK,LOW,REVIEW_OVERSTOCK,270 days of cover at the recent 0.10 units/day (limit 90): about 12 units above the limit,,0.0,0.0,317.24,0.0,317.24,0,100.32
987,LOW,BR005,MED347,Gliclazide 80mg (LifeSpring Pharma),Antidiabetic,15,182.61,0.575,2.873,LOW,NO_REORDER,0,OVERSTOCK,LOW,REVIEW_OVERSTOCK,150 days of cover at the recent 0.10 units/day (limit 90): about 6 units above the limit,,0.0,0.0,317.8,0.0,317.8,0,100.32
988,LOW,BR001,MED406,Ambroxol + Levosalbutamol Syrup 100ml (Aarogya Formulations),Respiratory,14,130.49,0.751,3.34,LOW,NO_REORDER,0,OVERSTOCK,LOW,REVIEW_OVERSTOCK,210 days of cover at the recent 0.07 units/day (limit 90): about 4 units above the limit,,0.0,0.0,314.53,0.0,314.53,0,100.31
989,LOW,BR002,MED100,Amoxicillin 250mg (TrueLife Remedies),Antibiotics,9,130.43,0.483,1.971,LOW,NO_REORDER,0,OVERSTOCK,LOW,REVIEW_OVERSTOCK,270 days of cover at the recent 0.03 units/day (limit 90): about 4 units above the limit,,0.0,0.0,307.36,0.0,307.36,0,100.31
990,LOW,BR002,MED321,Rosuvastatin 5mg (VitaCure Remedies),Cardiovascular,14,98.0,0.752,3.181,LOW,NO_REORDER,0,OVERSTOCK,LOW,REVIEW_OVERSTOCK,105 days of cover at the recent 0.13 units/day (limit 90): about 2 units above the limit,,0.0,0.0,306.89,0.0,306.89,0,100.31
991,LOW,BR003,MED237,Ondansetron 8mg (TrueLife Remedies),Gastrointestinal,14,152.17,0.644,2.416,LOW,NO_REORDER,0,OVERSTOCK,LOW,REVIEW_OVERSTOCK,14 units in stock and no units sold in the last 30 days,,0.0,0.0,312.64,0.0,312.64,0,100.31
992,LOW,BR004,MED099,Amoxicillin 250mg (Stellar Formulations),Antibiotics,9,126.51,0.498,1.912,LOW,NO_REORDER,0,OVERSTOCK,LOW,REVIEW_OVERSTOCK,270 days of cover at the recent 0.03 units/day (limit 90): about 4 units above the limit,,0.0,0.0,306.56,0.0,306.56,0,100.31
993,LOW,BR004,MED111,Azithromycin 250mg,Antibiotics,9,126.0,0.493,2.098,LOW,NO_REORDER,0,OVERSTOCK,LOW,REVIEW_OVERSTOCK,135 days of cover at the recent 0.07 units/day (limit 90): about 3 units above the limit,,0.0,0.0,305.43,0.0,305.43,0,100.31
994,LOW,BR002,MED289,Atorvastatin 40mg (CureLine Healthcare),Cardiovascular,12,139.3,0.603,3.079,LOW,NO_REORDER,0,OVERSTOCK,LOW,REVIEW_OVERSTOCK,360 days of cover at the recent 0.03 units/day (limit 90): about 3 units above the limit,,0.0,0.0,302.1,0.0,302.1,0,100.3
995,LOW,BR003,MED128,Ciprofloxacin 500mg (BlueCrest Pharma),Antibiotics,15,186.83,0.562,2.702,LOW,NO_REORDER,0,OVERSTOCK,LOW,REVIEW_OVERSTOCK,225 days of cover at the recent 0.07 units/day (limit 90): about 7 units above the limit,,0.0,0.0,300.94,0.0,300.94,0,100.3
996,LOW,BR003,MED228,Ondansetron 4mg (CarePlus Laboratories),Gastrointestinal,16,180.65,0.62,2.986,LOW,NO_REORDER,0,OVERSTOCK,LOW,REVIEW_OVERSTOCK,240 days of cover at the recent 0.07 units/day (limit 90): about 8 units above the limit,,0.0,0.0,298.82,0.0,298.82,0,100.3
997,LOW,BR004,MED229,Ondansetron 4mg (CureLine Healthcare),Gastrointestinal,15,177.07,0.593,2.97,LOW,NO_REORDER,0,OVERSTOCK,LOW,REVIEW_OVERSTOCK,225 days of cover at the recent 0.07 units/day (limit 90): about 7 units above the limit,,0.0,0.0,296.68,0.0,296.68,0,100.3
998,LOW,BR004,MED293,Clopidogrel 75mg (BlueCrest Pharma),Cardiovascular,22,135.21,1.139,6.217,LOW,NO_REORDER,0,OVERSTOCK,LOW,REVIEW_OVERSTOCK,220 days of cover at the recent 0.10 units/day (limit 90): about 4 units above the limit,,0.0,0.0,304.71,0.0,304.71,0,100.3
999,LOW,BR005,MED229,Ondansetron 4mg (CureLine Healthcare),Gastrointestinal,19,157.4,0.845,4.099,LOW,NO_REORDER,0,OVERSTOCK,LOW,REVIEW_OVERSTOCK,285 days of cover at the recent 0.07 units/day (limit 90): about 7 units above the limit,,0.0,0.0,301.85,0.0,301.85,0,100.3
1000,LOW,BR005,MED304,Losartan 25mg (Summit Lifesciences),Cardiovascular,14,144.97,0.676,3.448,LOW,NO_REORDER,0,OVERSTOCK,LOW,REVIEW_OVERSTOCK,14 units in stock and no units sold in the last 30 days,,0.0,0.0,300.3,0.0,300.3,0,100.3
1001,LOW,BR001,MED023,Naproxen 250mg,Analgesics,12,166.01,0.506,2.613,LOW,NO_REORDER,0,OVERSTOCK,LOW,REVIEW_OVERSTOCK,360 days of cover at the recent 0.03 units/day (limit 90): about 5 units above the limit,,0.0,0.0,285.74,0.0,285.74,0,100.29
1002,LOW,BR001,MED220,Omeprazole 20mg (VitaCure Remedies),Gastrointestinal,14,177.22,0.553,2.641,LOW,NO_REORDER,0,OVERSTOCK,LOW,REVIEW_OVERSTOCK,420 days of cover at the recent 0.03 units/day (limit 90): about 7 units above the limit,,0.0,0.0,288.72,0.0,288.72,0,100.29
1003,LOW,BR001,MED441,Salbutamol Inhaler 200mcg (Summit Lifesciences),Respiratory,19,133.0,0.953,5.742,LOW,NO_REORDER,0,OVERSTOCK,LOW,REVIEW_OVERSTOCK,142 days of cover at the recent 0.13 units/day (limit 90): about 2 units above the limit,,0.0,0.0,286.11,0.0,286.11,0,100.29
1004,LOW,BR002,MED248,Pantoprazole 40mg (TrueLife Remedies),Gastrointestinal,14,190.29,0.515,2.678,LOW,NO_REORDER,0,OVERSTOCK,LOW,REVIEW_OVERSTOCK,140 days of cover at the recent 0.10 units/day (limit 90): about 5 units above the limit,,0.0,0.0,292.37,0.0,292.37,0,100.29
1005,LOW,BR003,MED145,Mefenamic Acid 500mg (Stellar Formulations),Antipyretics,14,182.5,0.537,2.464,LOW,NO_REORDER,0,OVERSTOCK,LOW,REVIEW_OVERSTOCK,420 days of cover at the recent 0.03 units/day (limit 90): about 7 units above the limit,,0.0,0.0,286.02,0.0,286.02,0,100.29
1006,LOW,BR004,MED442,Calcium + Vitamin D3 500mg/250IU (Aarogya Formulations),Vitamins,11,148.36,0.519,2.958,LOW,NO_REORDER,0,OVERSTOCK,LOW,REVIEW_OVERSTOCK,165 days of cover at the recent 0.07 units/day (limit 90): about 3 units above the limit,,0.0,0.0,292.95,0.0,292.95,0,100.29
1007,LOW,BR005,MED181,Fexofenadine 120mg (ApexLife Pharma),Antihistamines,17,119.0,0.948,5.3,LOW,NO_REORDER,0,OVERSTOCK,LOW,REVIEW_OVERSTOCK,128 days of cover at the recent 0.13 units/day (limit 90): about 2 units above the limit,,0.0,0.0,289.06,0.0,289.06,0,100.29
1008,LOW,BR005,MED203,Montelukast + Levocetirizine 10mg/5mg (TrueLife Remedies),Antihistamines,11,102.67,0.595,3.176,LOW,NO_REORDER,0,OVERSTOCK,LOW,REVIEW_OVERSTOCK,110 days of cover at the recent 0.10 units/day (limit 90): about 2 units above the limit,,0.0,0.0,292.41,0.0,292.41,0,100.29
1009,LOW,BR003,MED057,Aceclofenac + Paracetamol 100mg/325mg (LifeSpring Pharma),Analgesics,13,191.58,0.475,2.65,LOW,NO_REORDER,0,OVERSTOCK,LOW,REVIEW_OVERSTOCK,390 days of cover at the recent 0.03 units/day (limit 90): about 6 units above the limit,,0.0,0.0,278.29,0.0,278.29,0,100.28
1010,LOW,BR004,MED093,Paracetamol 250mg,Analgesics,18,295.77,0.426,2.322,LOW,NO_REORDER,0,OVERSTOCK,LOW,REVIEW_OVERSTOCK,18 units in stock and no units sold in the last 30 days,,0.0,0.0,280.23,0.0,280.23,0,100.28
1011,LOW,BR004,MED309,Metoprolol 50mg (NovaMed Laboratories),Cardiovascular,13,184.58,0.493,2.763,LOW,NO_REORDER,0,OVERSTOCK,LOW,REVIEW_OVERSTOCK,195 days of cover at the recent 0.07 units/day (limit 90): about 5 units above the limit,,0.0,0.0,277.18,0.0,277.18,0,100.28
1012,LOW,BR005,MED089,Paracetamol 500mg (Aarogya Formulations),Analgesics,23,303.2,0.531,2.532,LOW,NO_REORDER,0,OVERSTOCK,LOW,REVIEW_OVERSTOCK,23 units in stock and no units sold in the last 30 days,,0.0,0.0,277.98,0.0,277.98,0,100.28
1013,LOW,BR001,MED085,Naproxen 500mg,Analgesics,14,130.67,0.663,3.476,LOW,NO_REORDER,0,OVERSTOCK,LOW,REVIEW_OVERSTOCK,140 days of cover at the recent 0.10 units/day (limit 90): about 4 units above the limit,,0.0,0.0,266.58,0.0,266.58,0,100.27
1014,LOW,BR002,MED185,Fexofenadine 120mg (TrueLife Remedies),Antihistamines,10,113.27,0.618,2.9,LOW,NO_REORDER,0,OVERSTOCK,LOW,REVIEW_OVERSTOCK,150 days of cover at the recent 0.07 units/day (limit 90): about 2 units above the limit,,0.0,0.0,269.57,0.0,269.57,0,100.27
1015,LOW,BR002,MED348,Gliclazide 80mg (TrueLife Remedies),Antidiabetic,11,182.9,0.421,2.202,LOW,NO_REORDER,0,OVERSTOCK,LOW,REVIEW_OVERSTOCK,11 units in stock and no units sold in the last 30 days,,0.0,0.0,273.92,0.0,273.92,0,100.27
1016,LOW,BR003,MED056,Aceclofenac + Paracetamol 100mg/325mg (HealthAxis Pharma),Analgesics,15,153.73,0.683,3.581,LOW,NO_REORDER,0,OVERSTOCK,LOW,REVIEW_OVERSTOCK,450 days of cover at the recent 0.03 units/day (limit 90): about 5 units above the limit,,0.0,0.0,271.36,0.0,271.36,0,100.27
1017,LOW,BR003,MED125,Cefixime 100mg (HealthAxis Pharma),Antibiotics,18,100.8,1.06,5.042,LOW,NO_REORDER,0,OVERSTOCK,LOW,REVIEW_OVERSTOCK,108 days of cover at the recent 0.17 units/day (limit 90): about 3 units above the limit,,0.0,0.0,268.27,0.0,268.27,0,100.27
1018,LOW,BR003,MED485,Clotrimazole Cream 2% (Stellar Formulations),Dermatological,9,153.66,0.41,1.895,LOW,NO_REORDER,0,OVERSTOCK,LOW,REVIEW_OVERSTOCK,270 days of cover at the recent 0.03 units/day (limit 90): about 4 units above the limit,,0.0,0.0,271.43,0.0,271.43,0,100.27
1019,LOW,BR004,MED041,Clopidogrel 75mg,Cardiovascular,12,154.98,0.542,2.925,LOW,NO_REORDER,0,OVERSTOCK,LOW,REVIEW_OVERSTOCK,180 days of cover at the recent 0.07 units/day (limit 90): about 4 units above the limit,,0.0,0.0,268.22,0.0,268.22,0,100.27
1020,LOW,BR004,MED066,Diclofenac 100mg (VitaCure Remedies),Analgesics,19,127.03,1.047,4.039,LOW,NO_REORDER,0,OVERSTOCK,LOW,REVIEW_OVERSTOCK,142 days of cover at the recent 0.13 units/day (limit 90): about 7 units above the limit,,0.0,0.0,271.87,0.0,271.87,0,100.27
1021,LOW,BR004,MED227,Ondansetron 4mg (BlueCrest Pharma),Gastrointestinal,12,222.22,0.378,1.805,LOW,NO_REORDER,0,OVERSTOCK,LOW,REVIEW_OVERSTOCK,12 units in stock and no units sold in the last 30 days,,0.0,0.0,266.46,0.0,266.46,0,100.27
1022,LOW,BR001,MED217,Omeprazole 20mg (HealthAxis Pharma),Gastrointestinal,13,214.62,0.424,2.279,LOW,NO_REORDER,0,OVERSTOCK,LOW,REVIEW_OVERSTOCK,13 units in stock and no units sold in the last 30 days,,0.0,0.0,262.49,0.0,262.49,0,100.26
1023,LOW,BR002,MED449,Iron + Folic Acid 100mg/500mcg (BlueCrest Pharma),Vitamins,13,169.14,0.538,3.262,LOW,NO_REORDER,0,OVERSTOCK,LOW,REVIEW_OVERSTOCK,13 units in stock and no units sold in the last 30 days,,0.0,0.0,261.0,0.0,261.0,0,100.26
1024,LOW,BR004,MED217,Omeprazole 20mg (HealthAxis Pharma),Gastrointestinal,12,222.22,0.378,1.805,LOW,NO_REORDER,0,OVERSTOCK,LOW,REVIEW_OVERSTOCK,360 days of cover at the recent 0.03 units/day (limit 90): about 7 units above the limit,,0.0,0.0,263.97,0.0,263.97,0,100.26
1025,LOW,BR004,MED350,Gliclazide 40mg (BlueCrest Pharma),Antidiabetic,9,129.36,0.487,1.888,LOW,NO_REORDER,0,OVERSTOCK,LOW,REVIEW_OVERSTOCK,9 units in stock and no units sold in the last 30 days,,0.0,0.0,260.84,0.0,260.84,0,100.26
1026,LOW,BR004,MED433,Salbutamol Inhaler 100mcg (Summit Lifesciences),Respiratory,14,124.21,0.789,4.191,LOW,NO_REORDER,0,OVERSTOCK,LOW,REVIEW_OVERSTOCK,210 days of cover at the recent 0.07 units/day (limit 90): about 2 units above the limit,,0.0,0.0,255.19,0.0,255.19,0,100.26
1027,LOW,BR004,MED435,Salbutamol Inhaler 100mcg (VitaCure Remedies),Respiratory,21,98.0,1.022,6.457,LOW,NO_REORDER,0,OVERSTOCK,LOW,REVIEW_OVERSTOCK,105 days of cover at the recent 0.20 units/day (limit 90): about 2 units above the limit,,0.0,0.0,255.01,0.0,255.01,0,100.26
1028,LOW,BR005,MED261,Amlodipine 2.5mg,Cardiovascular,13,209.68,0.434,2.23,LOW,NO_REORDER,0,OVERSTOCK,LOW,REVIEW_OVERSTOCK,13 units in stock and no units sold in the last 30 days,,0.0,0.0,262.17,0.0,262.17,0,100.26
1029,LOW,BR002,MED121,Cefixime 200mg (CureLine Healthcare),Antibiotics,8,153.85,0.364,1.705,LOW,NO_REORDER,0,OVERSTOCK,MEDIUM,REVIEW_OVERSTOCK,240 days of cover at the recent 0.03 units/day (limit 90): about 3 units above the limit,,0.0,0.0,251.52,0.0,251.52,0,100.25
1030,LOW,BR002,MED209,Domperidone 10mg (LifeSpring Pharma),Gastrointestinal,13,208.24,0.437,2.146,LOW,NO_REORDER,0,OVERSTOCK,LOW,REVIEW_OVERSTOCK,390 days of cover at the recent 0.03 units/day (limit 90): about 7 units above the limit,,0.0,0.0,250.56,0.0,250.56,0,100.25
1031,LOW,BR002,MED437,Salbutamol Inhaler 200mcg (BlueCrest Pharma),Respiratory,8,143.22,0.391,1.913,LOW,NO_REORDER,0,OVERSTOCK,LOW,REVIEW_OVERSTOCK,120 days of cover at the recent 0.07 units/day (limit 90): about 2 units above the limit,,0.0,0.0,253.19,0.0,253.19,0,100.25
1032,LOW,BR003,MED053,Fusidic Acid Cream 2%,Dermatological,12,108.81,0.772,3.527,LOW,NO_REORDER,0,OVERSTOCK,LOW,REVIEW_OVERSTOCK,180 days of cover at the recent 0.07 units/day (limit 90): about 2 units above the limit,,0.0,0.0,251.32,0.0,251.32,0,100.25
1033,LOW,BR003,MED156,Paracetamol Suspension 250mg/5ml (TrueLife Remedies),Antipyretics,13,184.58,0.493,2.251,LOW,NO_REORDER,0,OVERSTOCK,MEDIUM,REVIEW_OVERSTOCK,390 days of cover at the recent 0.03 units/day (limit 90): about 7 units above the limit,,0.0,0.0,249.12,0.0,249.12,0,100.25
1034,LOW,BR004,MED052,Hydrocortisone Cream 1%,Dermatological,10,196.08,0.357,1.63,LOW,NO_REORDER,0,OVERSTOCK,LOW,REVIEW_OVERSTOCK,10 units in stock and no units sold in the last 30 days,,0.0,0.0,254.44,0.0,254.44,0,100.25
1035,LOW,BR005,MED054,Calamine Lotion 100ml,Dermatological,10,180.41,0.388,1.804,LOW,NO_REORDER,0,OVERSTOCK,LOW,REVIEW_OVERSTOCK,300 days of cover at the recent 0.03 units/day (limit 90): about 5 units above the limit,,0.0,0.0,251.6,0.0,251.6,0,100.25
1036,LOW,BR002,MED146,Mefenamic Acid 500mg (Summit Lifesciences),Antipyretics,11,177.01,0.435,2.199,LOW,NO_REORDER,0,OVERSTOCK,LOW,REVIEW_OVERSTOCK,330 days of cover at the recent 0.03 units/day (limit 90): about 5 units above the limit,,0.0,0.0,236.55,0.0,236.55,0,100.24
1037,LOW,BR002,MED406,Ambroxol + Levosalbutamol Syrup 100ml (Aarogya Formulations),Respiratory,10,142.57,0.491,2.657,LOW,NO_REORDER,0,OVERSTOCK,LOW,REVIEW_OVERSTOCK,300 days of cover at the recent 0.03 units/day (limit 90): about 3 units above the limit,,0.0,0.0,235.59,0.0,235.59,0,100.24
1038,LOW,BR002,MED457,Multivitamin B-complex+C (BlueCrest Pharma),Vitamins,16,251.69,0.445,2.674,LOW,NO_REORDER,0,OVERSTOCK,MEDIUM,REVIEW_OVERSTOCK,160 days of cover at the recent 0.10 units/day (limit 90): about 7 units above the limit,,0.0,0.0,237.78,0.0,237.78,0,100.24
1039,LOW,BR003,MED051,Iron + Folic Acid 100mg/500mcg,Vitamins,15,126.35,0.831,3.89,LOW,NO_REORDER,0,OVERSTOCK,LOW,REVIEW_OVERSTOCK,150 days of cover at the recent 0.10 units/day (limit 90): about 4 units above the limit,,0.0,0.0,241.13,0.0,241.13,0,100.24
1040,LOW,BR003,MED254,Pantoprazole 20mg (Summit Lifesciences),Gastrointestinal,9,140.94,0.447,2.28,LOW,NO_REORDER,0,OVERSTOCK,MEDIUM,REVIEW_OVERSTOCK,270 days of cover at the recent 0.03 units/day (limit 90): about 3 units above the limit,,0.0,0.0,237.36,0.0,237.36,0,100.24
1041,LOW,BR004,MED220,Omeprazole 20mg (VitaCure Remedies),Gastrointestinal,13,193.21,0.471,2.392,LOW,NO_REORDER,0,OVERSTOCK,LOW,REVIEW_OVERSTOCK,390 days of cover at the recent 0.03 units/day (limit 90): about 6 units above the limit,,0.0,0.0,238.08,0.0,238.08,0,100.24
1042,LOW,BR001,MED057,Aceclofenac + Paracetamol 100mg/325mg (LifeSpring Pharma),Analgesics,13,183.1,0.497,2.795,LOW,NO_REORDER,0,OVERSTOCK,LOW,REVIEW_OVERSTOCK,390 days of cover at the recent 0.03 units/day (limit 90): about 5 units above the limit,,0.0,0.0,234.17,0.0,234.17,0,100.23
1043,LOW,BR001,MED359,Glimepiride 1mg,Antidiabetic,8,126.13,0.444,2.26,LOW,NO_REORDER,0,OVERSTOCK,LOW,REVIEW_OVERSTOCK,8 units in stock and no units sold in the last 30 days,,0.0,0.0,227.16,0.0,227.16,0,100.23
1044,LOW,BR002,MED123,Cefixime 200mg (Stellar Formulations),Antibiotics,10,140.0,0.435,2.385,LOW,NO_REORDER,0,OVERSTOCK,LOW,REVIEW_OVERSTOCK,150 days of cover at the recent 0.07 units/day (limit 90): about 3 units above the limit,,0.0,0.0,233.01,0.0,233.01,0,100.23
1045,LOW,BR004,MED123,Cefixime 200mg (Stellar Formulations),Antibiotics,8,155.56,0.36,1.688,LOW,NO_REORDER,0,OVERSTOCK,LOW,REVIEW_OVERSTOCK,240 days of cover at the recent 0.03 units/day (limit 90): about 3 units above the limit,,0.0,0.0,233.13,0.0,233.13,0,100.23
1046,LOW,BR004,MED359,Glimepiride 1mg,Antidiabetic,7,103.38,0.474,1.872,LOW,NO_REORDER,0,OVERSTOCK,LOW,REVIEW_OVERSTOCK,7 units in stock and no units sold in the last 30 days,,0.0,0.0,226.09,0.0,226.09,0,100.23
1047,LOW,BR005,MED093,Paracetamol 250mg,Analgesics,16,292.43,0.383,2.078,LOW,NO_REORDER,0,OVERSTOCK,LOW,REVIEW_OVERSTOCK,16 units in stock and no units sold in the last 30 days,,0.0,0.0,226.26,0.0,226.26,0,100.23
1048,LOW,BR005,MED434,Salbutamol Inhaler 100mcg (TrueLife Remedies),Respiratory,11,102.67,0.626,3.245,LOW,NO_REORDER,0,OVERSTOCK,LOW,REVIEW_OVERSTOCK,110 days of cover at the recent 0.10 units/day (limit 90): about 2 units above the limit,,0.0,0.0,234.51,0.0,234.51,0,100.23
1049,LOW,BR001,MED020,Mupirocin Ointment 2%,Dermatological,25,100.0,1.552,7.713,LOW,NO_REORDER,0,OVERSTOCK,LOW,REVIEW_OVERSTOCK,107 days of cover at the recent 0.23 units/day (limit 90): about 2 units above the limit,,0.0,0.0,216.03,0.0,216.03,0,100.22
1050,LOW,BR001,MED176,Chlorpheniramine 4mg (BlueCrest Pharma),Antihistamines,43,272.15,1.106,5.306,LOW,NO_REORDER,0,OVERSTOCK,LOW,REVIEW_OVERSTOCK,1290 days of cover at the recent 0.03 units/day (limit 90): about 28 units above the limit,,0.0,0.0,219.57,0.0,219.57,0,100.22
1051,LOW,BR001,MED192,Levocetirizine 5mg (CureLine Healthcare),Antihistamines,13,188.41,0.483,2.697,LOW,NO_REORDER,0,OVERSTOCK,LOW,REVIEW_OVERSTOCK,390 days of cover at the recent 0.03 units/day (limit 90): about 5 units above the limit,,0.0,0.0,223.7,0.0,223.7,0,100.22
1052,LOW,BR002,MED228,Ondansetron 4mg (CarePlus Laboratories),Gastrointestinal,13,182.0,0.489,2.364,LOW,NO_REORDER,0,OVERSTOCK,LOW,REVIEW_OVERSTOCK,195 days of cover at the recent 0.07 units/day (limit 90): about 6 units above the limit,,0.0,0.0,224.21,0.0,224.21,0,100.22
1053,LOW,BR002,MED297,Losartan 50mg (Aarogya Formulations),Cardiovascular,12,112.0,0.639,3.308,LOW,NO_REORDER,0,OVERSTOCK,LOW,REVIEW_OVERSTOCK,120 days of cover at the recent 0.10 units/day (limit 90): about 3 units above the limit,,0.0,0.0,220.54,0.0,220.54,0,100.22
1054,LOW,BR003,MED233,Ondansetron 4mg (Summit Lifesciences),Gastrointestinal,17,112.26,1.06,4.229,LOW,NO_REORDER,0,OVERSTOCK,LOW,REVIEW_OVERSTOCK,255 days of cover at the recent 0.07 units/day (limit 90): about 5 units above the limit,,0.0,0.0,220.58,0.0,220.58,0,100.22
1055,LOW,BR003,MED290,Atorvastatin 40mg (LifeSpring Pharma),Cardiovascular,8,129.63,0.432,2.263,LOW,NO_REORDER,0,OVERSTOCK,LOW,REVIEW_OVERSTOCK,8 units in stock and no units sold in the last 30 days,,0.0,0.0,220.12,0.0,220.12,0,100.22
1056,LOW,BR004,MED297,Losartan 50mg (Aarogya Formulations),Cardiovascular,13,156.63,0.581,3.338,LOW,NO_REORDER,0,OVERSTOCK,LOW,REVIEW_OVERSTOCK,195 days of cover at the recent 0.07 units/day (limit 90): about 3 units above the limit,,0.0,0.0,217.41,0.0,217.41,0,100.22
1057,LOW,BR005,MED348,Gliclazide 80mg (TrueLife Remedies),Antidiabetic,12,139.3,0.603,2.957,LOW,NO_REORDER,0,OVERSTOCK,LOW,REVIEW_OVERSTOCK,12 units in stock and no units sold in the last 30 days,,0.0,0.0,220.05,0.0,220.05,0,100.22
1058,LOW,BR005,MED492,Hydrocortisone Cream 1% (Summit Lifesciences),Dermatological,10,176.77,0.396,1.804,LOW,NO_REORDER,0,OVERSTOCK,LOW,REVIEW_OVERSTOCK,300 days of cover at the recent 0.03 units/day (limit 90): about 5 units above the limit,,0.0,0.0,222.18,0.0,222.18,0,100.22
1059,LOW,BR001,MED061,Diclofenac 50mg (Stellar Formulations),Analgesics,16,166.42,0.673,3.308,LOW,NO_REORDER,0,OVERSTOCK,MEDIUM,REVIEW_OVERSTOCK,240 days of cover at the recent 0.07 units/day (limit 90): about 7 units above the limit,,0.0,0.0,205.48,0.0,205.48,0,100.21
1060,LOW,BR001,MED145,Mefenamic Acid 500mg (Stellar Formulations),Antipyretics,11,148.94,0.517,2.194,LOW,NO_REORDER,0,OVERSTOCK,LOW,REVIEW_OVERSTOCK,165 days of cover at the recent 0.07 units/day (limit 90): about 5 units above the limit,,0.0,0.0,210.21,0.0,210.21,0,100.21
1061,LOW,BR002,MED160,Paracetamol Suspension 125mg/5ml (TrueLife Remedies),Antipyretics,12,150.81,0.557,2.579,LOW,NO_REORDER,0,OVERSTOCK,LOW,REVIEW_OVERSTOCK,180 days of cover at the recent 0.07 units/day (limit 90): about 5 units above the limit,,0.0,0.0,208.48,0.0,208.48,0,100.21
1062,LOW,BR002,MED198,Levocetirizine 2.5mg (Stellar Formulations),Antihistamines,13,158.81,0.573,3.102,LOW,NO_REORDER,0,OVERSTOCK,LOW,REVIEW_OVERSTOCK,195 days of cover at the recent 0.07 units/day (limit 90): about 4 units above the limit,,0.0,0.0,213.84,0.0,213.84,0,100.21
1063,LOW,BR004,MED047,Budesonide Inhaler 200mcg,Respiratory,14,129.29,0.758,4.434,LOW,NO_REORDER,0,OVERSTOCK,LOW,REVIEW_OVERSTOCK,140 days of cover at the recent 0.10 units/day (limit 90): about 1 units above the limit,,0.0,0.0,207.3,0.0,207.3,0,100.21
1064,LOW,BR005,MED268,Amlodipine 10mg (LifeSpring Pharma),Cardiovascular,20,128.21,1.092,4.962,LOW,NO_REORDER,0,OVERSTOCK,LOW,REVIEW_OVERSTOCK,200 days of cover at the recent 0.10 units/day (limit 90): about 6 units above the limit,,0.0,0.0,213.17,0.0,213.17,0,100.21
1065,LOW,BR005,MED410,Ambroxol + Levosalbutamol Syrup 60ml,Respiratory,16,112.0,0.946,4.901,LOW,NO_REORDER,0,OVERSTOCK,MEDIUM,REVIEW_OVERSTOCK,120 days of cover at the recent 0.13 units/day (limit 90): about 2 units above the limit,,0.0,0.0,206.09,0.0,206.09,0,100.21
1066,LOW,BR001,MED047,Budesonide Inhaler 200mcg,Respiratory,15,98.13,1.07,4.965,LOW,NO_REORDER,0,OVERSTOCK,LOW,REVIEW_OVERSTOCK,112 days of cover at the recent 0.13 units/day (limit 90): about 1 units above the limit,,0.0,0.0,201.3,0.0,201.3,0,100.2
1067,LOW,BR001,MED227,Ondansetron 4mg (BlueCrest Pharma),Gastrointestinal,11,178.24,0.432,2.074,LOW,NO_REORDER,0,OVERSTOCK,LOW,REVIEW_OVERSTOCK,11 units in stock and no units sold in the last 30 days,,0.0,0.0,197.27,0.0,197.27,0,100.2
1068,LOW,BR002,MED266,Amlodipine 2.5mg (VitaCure Remedies),Cardiovascular,17,168.32,0.707,3.694,LOW,NO_REORDER,0,OVERSTOCK,LOW,REVIEW_OVERSTOCK,17 units in stock and no units sold in the last 30 days,,0.0,0.0,197.04,0.0,197.04,0,100.2
1069,LOW,BR002,MED452,Iron + Folic Acid 100mg/500mcg (HealthAxis Pharma),Vitamins,19,126.67,1.05,5.467,LOW,NO_REORDER,0,OVERSTOCK,MEDIUM,REVIEW_OVERSTOCK,285 days of cover at the recent 0.07 units/day (limit 90): about 3 units above the limit,,0.0,0.0,198.82,0.0,198.82,0,100.2
1070,LOW,BR003,MED143,Mefenamic Acid 500mg (LifeSpring Pharma),Antipyretics,10,177.66,0.394,1.701,LOW,NO_REORDER,0,OVERSTOCK,LOW,REVIEW_OVERSTOCK,10 units in stock and no units sold in the last 30 days,,0.0,0.0,203.55,0.0,203.55,0,100.2
1071,LOW,BR003,MED150,Paracetamol 650mg (CarePlus Laboratories),Antipyretics,24,163.74,1.026,4.717,LOW,NO_REORDER,0,OVERSTOCK,LOW,REVIEW_OVERSTOCK,180 days of cover at the recent 0.13 units/day (limit 90): about 10 units above the limit,,0.0,0.0,202.68,0.0,202.68,0,100.2
1072,LOW,BR004,MED143,Mefenamic Acid 500mg (LifeSpring Pharma),Antipyretics,11,154.0,0.487,2.024,LOW,NO_REORDER,0,OVERSTOCK,LOW,REVIEW_OVERSTOCK,165 days of cover at the recent 0.07 units/day (limit 90): about 5 units above the limit,,0.0,0.0,198.13,0.0,198.13,0,100.2
1073,LOW,BR005,MED176,Chlorpheniramine 4mg (BlueCrest Pharma),Antihistamines,40,272.11,1.029,4.996,LOW,NO_REORDER,0,OVERSTOCK,LOW,REVIEW_OVERSTOCK,300 days of cover at the recent 0.13 units/day (limit 90): about 26 units above the limit,,0.0,0.0,202.53,0.0,202.53,0,100.2
1074,LOW,BR002,MED499,Mupirocin Ointment 2% (Summit Lifesciences),Dermatological,8,114.29,0.49,2.16,LOW,NO_REORDER,0,OVERSTOCK,LOW,REVIEW_OVERSTOCK,240 days of cover at the recent 0.03 units/day (limit 90): about 2 units above the limit,,0.0,0.0,189.85,0.0,189.85,0,100.19
1075,LOW,BR003,MED176,Chlorpheniramine 4mg (BlueCrest Pharma),Antihistamines,40,275.59,1.016,5.425,LOW,NO_REORDER,0,OVERSTOCK,LOW,REVIEW_OVERSTOCK,240 days of cover at the recent 0.17 units/day (limit 90): about 24 units above the limit,,0.0,0.0,186.95,0.0,186.95,0,100.19
1076,LOW,BR003,MED189,Fexofenadine 180mg (TrueLife Remedies),Antihistamines,14,123.27,0.795,4.52,LOW,NO_REORDER,0,OVERSTOCK,LOW,REVIEW_OVERSTOCK,140 days of cover at the recent 0.10 units/day (limit 90): about 1 units above the limit,,0.0,0.0,187.67,0.0,187.67,0,100.19
1077,LOW,BR003,MED442,Calcium + Vitamin D3 500mg/250IU (Aarogya Formulations),Vitamins,17,118.06,1.008,5.059,LOW,NO_REORDER,0,OVERSTOCK,LOW,REVIEW_OVERSTOCK,128 days of cover at the recent 0.13 units/day (limit 90): about 2 units above the limit,,0.0,0.0,190.9,0.0,190.9,0,100.19
1078,LOW,BR001,MED209,Domperidone 10mg (LifeSpring Pharma),Gastrointestinal,16,131.76,0.85,3.929,LOW,NO_REORDER,0,OVERSTOCK,LOW,REVIEW_OVERSTOCK,160 days of cover at the recent 0.10 units/day (limit 90): about 5 units above the limit,,0.0,0.0,179.65,0.0,179.65,0,100.18
1079,LOW,BR002,MED093,Paracetamol 250mg,Analgesics,14,245.61,0.399,2.138,LOW,NO_REORDER,0,OVERSTOCK,LOW,REVIEW_OVERSTOCK,14 units in stock and no units sold in the last 30 days,,0.0,0.0,184.88,0.0,184.88,0,100.18
1080,LOW,BR002,MED157,Paracetamol Suspension 125mg/5ml,Antipyretics,14,130.67,0.636,3.549,LOW,NO_REORDER,0,OVERSTOCK,MEDIUM,REVIEW_OVERSTOCK,140 days of cover at the recent 0.10 units/day (limit 90): about 4 units above the limit,,0.0,0.0,176.5,0.0,176.5,0,100.18
1081,LOW,BR002,MED426,Montelukast 5mg (CarePlus Laboratories),Respiratory,10,93.33,0.583,3.024,LOW,NO_REORDER,0,OVERSTOCK,LOW,REVIEW_OVERSTOCK,100 days of cover at the recent 0.10 units/day (limit 90): about 1 units above the limit,,0.0,0.0,179.66,0.0,179.66,0,100.18
1082,LOW,BR003,MED072,Ibuprofen 400mg (VitaCure Remedies),Analgesics,16,197.18,0.568,2.968,LOW,NO_REORDER,0,OVERSTOCK,LOW,REVIEW_OVERSTOCK,240 days of cover at the recent 0.07 units/day (limit 90): about 8 units above the limit,,0.0,0.0,181.49,0.0,181.49,0,100.18
1083,LOW,BR003,MED225,Omeprazole 40mg (TrueLife Remedies),Gastrointestinal,13,121.33,0.575,2.775,LOW,NO_REORDER,0,OVERSTOCK,LOW,REVIEW_OVERSTOCK,130 days of cover at the recent 0.10 units/day (limit 90): about 4 units above the limit,,0.0,0.0,178.24,0.0,178.24,0,100.18
1084,LOW,BR004,MED426,Montelukast 5mg (CarePlus Laboratories),Respiratory,4,108.95,0.257,1.314,LOW,NO_REORDER,0,OVERSTOCK,LOW,REVIEW_OVERSTOCK,4 units in stock and no units sold in the last 30 days,,0.0,0.0,175.53,0.0,175.53,0,100.18
1085,LOW,BR001,MED128,Ciprofloxacin 500mg (BlueCrest Pharma),Antibiotics,10,164.32,0.426,2.23,LOW,NO_REORDER,0,OVERSTOCK,LOW,REVIEW_OVERSTOCK,300 days of cover at the recent 0.03 units/day (limit 90): about 4 units above the limit,,0.0,0.0,173.75,0.0,173.75,0,100.17
1086,LOW,BR002,MED136,Mefenamic Acid 250mg (HealthAxis Pharma),Antipyretics,16,144.52,0.775,3.756,LOW,NO_REORDER,0,OVERSTOCK,LOW,REVIEW_OVERSTOCK,160 days of cover at the recent 0.10 units/day (limit 90): about 5 units above the limit,,0.0,0.0,165.05,0.0,165.05,0,100.17
1087,LOW,BR004,MED157,Paracetamol Suspension 125mg/5ml,Antipyretics,10,134.87,0.519,2.109,LOW,NO_REORDER,0,OVERSTOCK,MEDIUM,REVIEW_OVERSTOCK,150 days of cover at the recent 0.07 units/day (limit 90): about 4 units above the limit,,0.0,0.0,173.42,0.0,173.42,0,100.17
1088,LOW,BR004,MED409,Ambroxol + Levosalbutamol Syrup 100ml (VitaCure Remedies),Respiratory,10,141.99,0.493,2.697,LOW,NO_REORDER,0,OVERSTOCK,LOW,REVIEW_OVERSTOCK,300 days of cover at the recent 0.03 units/day (limit 90): about 2 units above the limit,,0.0,0.0,170.86,0.0,170.86,0,100.17
1089,LOW,BR005,MED006,Paracetamol Suspension 250mg/5ml,Antipyretics,16,126.41,0.886,3.965,LOW,NO_REORDER,0,OVERSTOCK,MEDIUM,REVIEW_OVERSTOCK,240 days of cover at the recent 0.07 units/day (limit 90): about 5 units above the limit,,0.0,0.0,173.25,0.0,173.25,0,100.17
1090,LOW,BR005,MED232,Ondansetron 4mg (Stellar Formulations),Gastrointestinal,11,152.78,0.504,2.664,LOW,NO_REORDER,0,OVERSTOCK,MEDIUM,REVIEW_OVERSTOCK,330 days of cover at the recent 0.03 units/day (limit 90): about 4 units above the limit,,0.0,0.0,169.61,0.0,169.61,0,100.17
1091,LOW,BR001,MED428,Montelukast 5mg (Summit Lifesciences),Respiratory,17,135.38,0.879,5.402,LOW,NO_REORDER,0,OVERSTOCK,LOW,REVIEW_OVERSTOCK,170 days of cover at the recent 0.10 units/day (limit 90): about 1 units above the limit,,0.0,0.0,161.34,0.0,161.34,0,100.16
1092,LOW,BR002,MED072,Ibuprofen 400mg (VitaCure Remedies),Analgesics,14,207.19,0.473,2.548,LOW,NO_REORDER,0,OVERSTOCK,LOW,REVIEW_OVERSTOCK,210 days of cover at the recent 0.07 units/day (limit 90): about 7 units above the limit,,0.0,0.0,159.64,0.0,159.64,0,100.16
1093,LOW,BR002,MED323,Rosuvastatin 20mg (NovaMed Laboratories),Cardiovascular,19,88.67,1.21,6.247,LOW,NO_REORDER,0,OVERSTOCK,MEDIUM,REVIEW_OVERSTOCK,95 days of cover at the recent 0.20 units/day (limit 90): about 1 units above the limit,,0.0,0.0,158.2,0.0,158.2,0,100.16
1094,LOW,BR002,MED494,Ketoconazole Shampoo 2% (LifeSpring Pharma),Dermatological,11,109.53,0.703,3.575,LOW,NO_REORDER,0,OVERSTOCK,LOW,REVIEW_OVERSTOCK,165 days of cover at the recent 0.07 units/day (limit 90): about 1 units above the limit,,0.0,0.0,160.53,0.0,160.53,0,100.16
1095,LOW,BR003,MED036,Loperamide 2mg,Gastrointestinal,16,149.33,0.72,3.291,LOW,NO_REORDER,0,OVERSTOCK,LOW,REVIEW_OVERSTOCK,160 days of cover at the recent 0.10 units/day (limit 90): about 7 units above the limit,,0.0,0.0,161.3,0.0,161.3,0,100.16
1096,LOW,BR003,MED193,Levocetirizine 5mg (LifeSpring Pharma),Antihistamines,21,117.6,1.166,6.032,LOW,NO_REORDER,0,OVERSTOCK,LOW,REVIEW_OVERSTOCK,126 days of cover at the recent 0.17 units/day (limit 90): about 3 units above the limit,,0.0,0.0,157.12,0.0,157.12,0,100.16
1097,LOW,BR003,MED220,Omeprazole 20mg (VitaCure Remedies),Gastrointestinal,22,102.67,0.987,5.223,LOW,NO_REORDER,0,OVERSTOCK,LOW,REVIEW_OVERSTOCK,110 days of cover at the recent 0.20 units/day (limit 90): about 4 units above the limit,,0.0,0.0,160.92,0.0,160.92,0,100.16
1098,LOW,BR004,MED176,Chlorpheniramine 4mg (BlueCrest Pharma),Antihistamines,35,245.0,0.726,4.392,LOW,NO_REORDER,0,OVERSTOCK,LOW,REVIEW_OVERSTOCK,210 days of cover at the recent 0.17 units/day (limit 90): about 20 units above the limit,,0.0,0.0,155.45,0.0,155.45,0,100.16
1099,LOW,BR004,MED208,Domperidone 10mg (HealthAxis Pharma),Gastrointestinal,11,162.11,0.475,2.456,LOW,NO_REORDER,0,OVERSTOCK,LOW,REVIEW_OVERSTOCK,165 days of cover at the recent 0.07 units/day (limit 90): about 4 units above the limit,,0.0,0.0,162.79,0.0,162.79,0,100.16
1100,LOW,BR004,MED425,Montelukast 5mg,Respiratory,16,122.94,0.911,5.135,LOW,NO_REORDER,0,OVERSTOCK,LOW,REVIEW_OVERSTOCK,160 days of cover at the recent 0.10 units/day (limit 90): about 1 units above the limit,,0.0,0.0,163.32,0.0,163.32,0,100.16
1101,LOW,BR004,MED479,Calamine Lotion 100ml (LifeSpring Pharma),Dermatological,9,156.72,0.402,2.042,LOW,NO_REORDER,0,OVERSTOCK,LOW,REVIEW_OVERSTOCK,270 days of cover at the recent 0.03 units/day (limit 90): about 3 units above the limit,,0.0,0.0,161.98,0.0,161.98,0,100.16
1102,LOW,BR005,MED266,Amlodipine 2.5mg (VitaCure Remedies),Cardiovascular,21,147.0,0.863,5.383,LOW,NO_REORDER,0,OVERSTOCK,LOW,REVIEW_OVERSTOCK,126 days of cover at the recent 0.17 units/day (limit 90): about 5 units above the limit,,0.0,0.0,163.58,0.0,163.58,0,100.16
1103,LOW,BR001,MED174,Cetirizine 5mg (VitaCure Remedies),Antihistamines,16,198.23,0.565,3.026,LOW,NO_REORDER,0,OVERSTOCK,LOW,REVIEW_OVERSTOCK,480 days of cover at the recent 0.03 units/day (limit 90): about 7 units above the limit,,0.0,0.0,145.24,0.0,145.24,0,100.15
1104,LOW,BR001,MED214,Omeprazole 20mg (Aarogya Formulations),Gastrointestinal,13,121.33,0.632,3.081,LOW,NO_REORDER,0,OVERSTOCK,LOW,REVIEW_OVERSTOCK,130 days of cover at the recent 0.10 units/day (limit 90): about 4 units above the limit,,0.0,0.0,146.56,0.0,146.56,0,100.15
1105,LOW,BR001,MED493,Ketoconazole Shampoo 2% (Aarogya Formulations),Dermatological,9,95.89,0.657,2.973,LOW,NO_REORDER,0,OVERSTOCK,LOW,REVIEW_OVERSTOCK,135 days of cover at the recent 0.07 units/day (limit 90): about 1 units above the limit,,0.0,0.0,152.82,0.0,152.82,0,100.15
1106,LOW,BR002,MED088,Naproxen 500mg (NovaMed Laboratories),Analgesics,8,150.54,0.372,2.105,LOW,NO_REORDER,0,OVERSTOCK,LOW,REVIEW_OVERSTOCK,8 units in stock and no units sold in the last 30 days,,0.0,0.0,146.7,0.0,146.7,0,100.15
1107,LOW,BR002,MED176,Chlorpheniramine 4mg (BlueCrest Pharma),Antihistamines,34,246.89,0.964,5.263,LOW,NO_REORDER,0,OVERSTOCK,LOW,REVIEW_OVERSTOCK,1020 days of cover at the recent 0.03 units/day (limit 90): about 19 units above the limit,,0.0,0.0,149.46,0.0,149.46,0,100.15
1108,LOW,BR004,MED056,Aceclofenac + Paracetamol 100mg/325mg (HealthAxis Pharma),Analgesics,10,154.19,0.454,2.44,LOW,NO_REORDER,0,OVERSTOCK,LOW,REVIEW_OVERSTOCK,300 days of cover at the recent 0.03 units/day (limit 90): about 3 units above the limit,,0.0,0.0,152.81,0.0,152.81,0,100.15
1109,LOW,BR005,MED188,Fexofenadine 180mg (HealthAxis Pharma),Antihistamines,7,113.95,0.43,2.225,LOW,NO_REORDER,0,OVERSTOCK,LOW,REVIEW_OVERSTOCK,210 days of cover at the recent 0.03 units/day (limit 90): about 1 units above the limit,,0.0,0.0,154.47,0.0,154.47,0,100.15
1110,LOW,BR001,MED093,Paracetamol 250mg,Analgesics,20,164.32,0.852,4.761,LOW,NO_REORDER,0,OVERSTOCK,LOW,REVIEW_OVERSTOCK,200 days of cover at the recent 0.10 units/day (limit 90): about 6 units above the limit,,0.0,0.0,138.92,0.0,138.92,0,100.14
1111,LOW,BR001,MED260,Amlodipine 5mg (VitaCure Remedies),Cardiovascular,13,148.45,0.613,2.781,LOW,NO_REORDER,0,OVERSTOCK,LOW,REVIEW_OVERSTOCK,13 units in stock and no units sold in the last 30 days,,0.0,0.0,135.51,0.0,135.51,0,100.14
1112,LOW,BR001,MED485,Clotrimazole Cream 2% (Stellar Formulations),Dermatological,9,118.2,0.533,2.498,LOW,NO_REORDER,0,OVERSTOCK,LOW,REVIEW_OVERSTOCK,135 days of cover at the recent 0.07 units/day (limit 90): about 2 units above the limit,,0.0,0.0,136.17,0.0,136.17,0,100.14
1113,LOW,BR002,MED229,Ondansetron 4mg (CureLine Healthcare),Gastrointestinal,9,150.36,0.419,2.012,LOW,NO_REORDER,0,OVERSTOCK,LOW,REVIEW_OVERSTOCK,270 days of cover at the recent 0.03 units/day (limit 90): about 3 units above the limit,,0.0,0.0,135.27,0.0,135.27,0,100.14
1114,LOW,BR002,MED485,Clotrimazole Cream 2% (Stellar Formulations),Dermatological,7,133.51,0.367,1.695,LOW,NO_REORDER,0,OVERSTOCK,LOW,REVIEW_OVERSTOCK,210 days of cover at the recent 0.03 units/day (limit 90): about 2 units above the limit,,0.0,0.0,135.32,0.0,135.32,0,100.14
1115,LOW,BR003,MED174,Cetirizine 5mg (VitaCure Remedies),Antihistamines,22,154.0,0.983,5.019,LOW,NO_REORDER,0,OVERSTOCK,LOW,REVIEW_OVERSTOCK,165 days of cover at the recent 0.13 units/day (limit 90): about 7 units above the limit,,0.0,0.0,143.31,0.0,143.31,0,100.14
1116,LOW,BR003,MED252,Pantoprazole 20mg (CarePlus Laboratories),Gastrointestinal,13,116.22,0.783,3.752,LOW,NO_REORDER,0,OVERSTOCK,LOW,REVIEW_OVERSTOCK,195 days of cover at the recent 0.07 units/day (limit 90): about 2 units above the limit,,0.0,0.0,139.08,0.0,139.08,0,100.14
1117,LOW,BR003,MED423,Montelukast 10mg (Summit Lifesciences),Respiratory,13,91.0,0.817,3.999,LOW,NO_REORDER,0,OVERSTOCK,MEDIUM,REVIEW_OVERSTOCK,98 days of cover at the recent 0.13 units/day (limit 90): about 1 units above the limit,,0.0,0.0,143.4,0.0,143.4,0,100.14
1118,LOW,BR003,MED457,Multivitamin B-complex+C (BlueCrest Pharma),Vitamins,19,145.67,0.913,5.064,LOW,NO_REORDER,0,OVERSTOCK,MEDIUM,REVIEW_OVERSTOCK,285 days of cover at the recent 0.07 units/day (limit 90): about 4 units above the limit,,0.0,0.0,135.0,0.0,135.0,0,100.14
1119,LOW,BR004,MED036,Loperamide 2mg,Gastrointestinal,13,200.0,0.455,2.381,LOW,NO_REORDER,0,OVERSTOCK,LOW,REVIEW_OVERSTOCK,195 days of cover at the recent 0.07 units/day (limit 90): about 6 units above the limit,,0.0,0.0,140.28,0.0,140.28,0,100.14
1120,LOW,BR004,MED237,Ondansetron 8mg (TrueLife Remedies),Gastrointestinal,10,161.29,0.434,2.472,LOW,NO_REORDER,0,OVERSTOCK,LOW,REVIEW_OVERSTOCK,300 days of cover at the recent 0.03 units/day (limit 90): about 3 units above the limit,,0.0,0.0,135.02,0.0,135.02,0,100.14
1121,LOW,BR004,MED251,Pantoprazole 20mg (BlueCrest Pharma),Gastrointestinal,13,120.69,0.754,3.809,LOW,NO_REORDER,0,OVERSTOCK,LOW,REVIEW_OVERSTOCK,195 days of cover at the recent 0.07 units/day (limit 90): about 2 units above the limit,,0.0,0.0,140.81,0.0,140.81,0,100.14
1122,LOW,BR004,MED268,Amlodipine 10mg (LifeSpring Pharma),Cardiovascular,11,141.03,0.546,2.623,LOW,NO_REORDER,0,OVERSTOCK,LOW,REVIEW_OVERSTOCK,11 units in stock and no units sold in the last 30 days,,0.0,0.0,138.07,0.0,138.07,0,100.14
1123,LOW,BR001,MED016,Salbutamol Inhaler 100mcg,Respiratory,11,102.67,0.634,3.594,LOW,NO_REORDER,0,OVERSTOCK,LOW,REVIEW_OVERSTOCK,110 days of cover at the recent 0.10 units/day (limit 90): about 1 units above the limit,,0.0,0.0,125.79,0.0,125.79,0,100.13
1124,LOW,BR001,MED028,Mefenamic Acid 250mg,Antipyretics,19,118.43,1.123,5.303,LOW,NO_REORDER,0,OVERSTOCK,LOW,REVIEW_OVERSTOCK,142 days of cover at the recent 0.13 units/day (limit 90): about 4 units above the limit,,0.0,0.0,131.39,0.0,131.39,0,100.13
1125,LOW,BR001,MED246,Pantoprazole 40mg (CarePlus Laboratories),Gastrointestinal,15,105.0,0.924,4.582,LOW,NO_REORDER,0,OVERSTOCK,LOW,REVIEW_OVERSTOCK,112 days of cover at the recent 0.13 units/day (limit 90): about 2 units above the limit,,0.0,0.0,132.84,0.0,132.84,0,100.13
1126,LOW,BR002,MED016,Salbutamol Inhaler 100mcg,Respiratory,14,120.99,0.81,4.616,LOW,NO_REORDER,0,OVERSTOCK,LOW,REVIEW_OVERSTOCK,105 days of cover at the recent 0.13 units/day (limit 90): about 1 units above the limit,,0.0,0.0,129.2,0.0,129.2,0,100.13
1127,LOW,BR002,MED339,Telmisartan 80mg (CureLine Healthcare),Cardiovascular,12,121.39,0.692,3.962,LOW,NO_REORDER,0,OVERSTOCK,LOW,REVIEW_OVERSTOCK,360 days of cover at the recent 0.03 units/day (limit 90): about 1 units above the limit,,0.0,0.0,125.23,0.0,125.23,0,100.13
1128,LOW,BR003,MED157,Paracetamol Suspension 125mg/5ml,Antipyretics,11,126.23,0.61,2.722,LOW,NO_REORDER,0,OVERSTOCK,LOW,REVIEW_OVERSTOCK,330 days of cover at the recent 0.03 units/day (limit 90): about 3 units above the limit,,0.0,0.0,128.48,0.0,128.48,0,100.13
1129,LOW,BR003,MED281,Atorvastatin 10mg (Aarogya Formulations),Cardiovascular,13,130.56,0.697,3.976,LOW,NO_REORDER,0,OVERSTOCK,LOW,REVIEW_OVERSTOCK,390 days of cover at the recent 0.03 units/day (limit 90): about 2 units above the limit,,0.0,0.0,133.34,0.0,133.34,0,100.13
1130,LOW,BR003,MED449,Iron + Folic Acid 100mg/500mcg (BlueCrest Pharma),Vitamins,18,127.79,0.986,5.407,LOW,NO_REORDER,0,OVERSTOCK,LOW,REVIEW_OVERSTOCK,270 days of cover at the recent 0.07 units/day (limit 90): about 2 units above the limit,,0.0,0.0,131.63,0.0,131.63,0,100.13
1131,LOW,BR004,MED243,ORS Powder 21.8g (TrueLife Remedies),Gastrointestinal,14,204.17,0.48,2.247,LOW,NO_REORDER,0,OVERSTOCK,LOW,REVIEW_OVERSTOCK,420 days of cover at the recent 0.03 units/day (limit 90): about 8 units above the limit,,0.0,0.0,126.31,0.0,126.31,0,100.13
1132,LOW,BR005,MED053,Fusidic Acid Cream 2%,Dermatological,13,121.33,0.677,3.089,LOW,NO_REORDER,0,OVERSTOCK,LOW,REVIEW_OVERSTOCK,98 days of cover at the recent 0.13 units/day (limit 90): about 1 units above the limit,,0.0,0.0,131.85,0.0,131.85,0,100.13
1133,LOW,BR005,MED248,Pantoprazole 40mg (TrueLife Remedies),Gastrointestinal,11,102.67,0.626,3.275,LOW,NO_REORDER,0,OVERSTOCK,LOW,REVIEW_OVERSTOCK,110 days of cover at the recent 0.10 units/day (limit 90): about 2 units above the limit,,0.0,0.0,126.42,0.0,126.42,0,100.13
1134,LOW,BR005,MED422,Montelukast 10mg (NovaMed Laboratories),Respiratory,11,119.01,0.647,3.571,LOW,NO_REORDER,0,OVERSTOCK,LOW,REVIEW_OVERSTOCK,165 days of cover at the recent 0.07 units/day (limit 90): about 1 units above the limit,,0.0,0.0,131.6,0.0,131.6,0,100.13
1135,LOW,BR001,MED036,Loperamide 2mg,Gastrointestinal,15,156.48,0.671,3.415,LOW,NO_REORDER,0,OVERSTOCK,LOW,REVIEW_OVERSTOCK,225 days of cover at the recent 0.07 units/day (limit 90): about 5 units above the limit,,0.0,0.0,116.1,0.0,116.1,0,100.12
1136,LOW,BR001,MED458,Multivitamin B-complex+C (HealthAxis Pharma),Vitamins,21,129.29,1.137,5.912,LOW,NO_REORDER,0,OVERSTOCK,LOW,REVIEW_OVERSTOCK,158 days of cover at the recent 0.13 units/day (limit 90): about 4 units above the limit,,0.0,0.0,120.39,0.0,120.39,0,100.12
1137,LOW,BR002,MED451,Iron + Folic Acid 100mg/500mcg (CureLine Healthcare),Vitamins,13,132.27,0.688,3.883,LOW,NO_REORDER,0,OVERSTOCK,LOW,REVIEW_OVERSTOCK,390 days of cover at the recent 0.03 units/day (limit 90): about 2 units above the limit,,0.0,0.0,121.96,0.0,121.96,0,100.12
1138,LOW,BR002,MED489,Fusidic Acid Cream 2% (VitaCure Remedies),Dermatological,7,84.05,0.583,1.641,LOW,NO_REORDER,0,OVERSTOCK,LOW,REVIEW_OVERSTOCK,105 days of cover at the recent 0.07 units/day (limit 90): about 1 units above the limit,,0.0,0.0,116.21,0.0,116.21,0,100.12
1139,LOW,BR003,MED132,Doxycycline 100mg (ApexLife Pharma),Antibiotics,11,94.36,0.816,3.238,LOW,NO_REORDER,0,OVERSTOCK,LOW,REVIEW_OVERSTOCK,110 days of cover at the recent 0.10 units/day (limit 90): about 2 units above the limit,,0.0,0.0,115.79,0.0,115.79,0,100.12
1140,LOW,BR004,MED375,Glimepiride + Metformin 2mg/500mg (Summit Lifesciences),Antidiabetic,10,93.33,0.536,2.433,LOW,NO_REORDER,0,OVERSTOCK,LOW,REVIEW_OVERSTOCK,100 days of cover at the recent 0.10 units/day (limit 90): about 1 units above the limit,,0.0,0.0,118.18,0.0,118.18,0,100.12
1141,LOW,BR004,MED389,Metformin 1000mg,Antidiabetic,15,126.05,0.833,3.99,LOW,NO_REORDER,0,OVERSTOCK,MEDIUM,REVIEW_OVERSTOCK,450 days of cover at the recent 0.03 units/day (limit 90): about 4 units above the limit,,0.0,0.0,118.74,0.0,118.74,0,100.12
1142,LOW,BR004,MED451,Iron + Folic Acid 100mg/500mcg (CureLine Healthcare),Vitamins,9,121.15,0.52,2.523,LOW,NO_REORDER,0,OVERSTOCK,LOW,REVIEW_OVERSTOCK,9 units in stock and no units sold in the last 30 days,,0.0,0.0,119.6,0.0,119.6,0,100.12
1143,LOW,BR004,MED455,Iron + Folic Acid 100mg/500mcg (Summit Lifesciences),Vitamins,9,121.15,0.52,2.523,LOW,NO_REORDER,0,OVERSTOCK,LOW,REVIEW_OVERSTOCK,9 units in stock and no units sold in the last 30 days,,0.0,0.0,121.86,0.0,121.86,0,100.12
1144,LOW,BR004,MED464,Vitamin C Chewable 500mg (TrueLife Remedies),Vitamins,14,175.63,0.558,2.732,LOW,NO_REORDER,0,OVERSTOCK,LOW,REVIEW_OVERSTOCK,420 days of cover at the recent 0.03 units/day (limit 90): about 6 units above the limit,,0.0,0.0,121.28,0.0,121.28,0,100.12
1145,LOW,BR005,MED211,Loperamide 2mg (Aarogya Formulations),Gastrointestinal,15,193.73,0.542,3.524,LOW,NO_REORDER,0,OVERSTOCK,LOW,REVIEW_OVERSTOCK,225 days of cover at the recent 0.07 units/day (limit 90): about 5 units above the limit,,0.0,0.0,121.79,0.0,121.79,0,100.12
1146,LOW,BR001,MED198,Levocetirizine 2.5mg (Stellar Formulations),Antihistamines,11,143.93,0.535,3.018,LOW,NO_REORDER,0,OVERSTOCK,LOW,REVIEW_OVERSTOCK,165 days of cover at the recent 0.07 units/day (limit 90): about 2 units above the limit,,0.0,0.0,110.62,0.0,110.62,0,100.11
1147,LOW,BR001,MED478,Calamine Lotion 100ml (CureLine Healthcare),Dermatological,20,111.64,1.254,5.754,LOW,NO_REORDER,0,OVERSTOCK,LOW,REVIEW_OVERSTOCK,100 days of cover at the recent 0.20 units/day (limit 90): about 2 units above the limit,,0.0,0.0,111.15,0.0,111.15,0,100.11
1148,LOW,BR002,MED054,Calamine Lotion 100ml,Dermatological,8,114.29,0.49,2.152,LOW,NO_REORDER,0,OVERSTOCK,LOW,REVIEW_OVERSTOCK,120 days of cover at the recent 0.07 units/day (limit 90): about 2 units above the limit,,0.0,0.0,105.42,0.0,105.42,0,100.11
1149,LOW,BR003,MED129,Ciprofloxacin 250mg,Antibiotics,8,112.0,0.478,2.048,LOW,NO_REORDER,0,OVERSTOCK,LOW,REVIEW_OVERSTOCK,120 days of cover at the recent 0.07 units/day (limit 90): about 2 units above the limit,,0.0,0.0,110.93,0.0,110.93,0,100.11
1150,LOW,BR003,MED196,Levocetirizine 2.5mg,Antihistamines,9,121.62,0.518,2.411,LOW,NO_REORDER,0,OVERSTOCK,LOW,REVIEW_OVERSTOCK,270 days of cover at the recent 0.03 units/day (limit 90): about 2 units above the limit,,0.0,0.0,114.04,0.0,114.04,0,100.11
1151,LOW,BR004,MED156,Paracetamol Suspension 250mg/5ml (TrueLife Remedies),Antipyretics,10,134.36,0.521,2.401,LOW,NO_REORDER,0,OVERSTOCK,LOW,REVIEW_OVERSTOCK,10 units in stock and no units sold in the last 30 days,,0.0,0.0,105.34,0.0,105.34,0,100.11
1152,LOW,BR004,MED260,Amlodipine 5mg (VitaCure Remedies),Cardiovascular,11,141.03,0.546,2.623,LOW,NO_REORDER,0,OVERSTOCK,LOW,REVIEW_OVERSTOCK,165 days of cover at the recent 0.07 units/day (limit 90): about 4 units above the limit,,0.0,0.0,110.88,0.0,110.88,0,100.11
1153,LOW,BR004,MED334,Telmisartan 20mg (LifeSpring Pharma),Cardiovascular,8,102.56,0.546,2.494,LOW,NO_REORDER,0,OVERSTOCK,LOW,REVIEW_OVERSTOCK,120 days of cover at the recent 0.07 units/day (limit 90): about 1 units above the limit,,0.0,0.0,108.26,0.0,108.26,0,100.11
1154,LOW,BR005,MED072,Ibuprofen 400mg (VitaCure Remedies),Analgesics,16,168.67,0.664,3.702,LOW,NO_REORDER,0,OVERSTOCK,MEDIUM,REVIEW_OVERSTOCK,480 days of cover at the recent 0.03 units/day (limit 90): about 5 units above the limit,,0.0,0.0,112.64,0.0,112.64,0,100.11
1155,LOW,BR005,MED119,Azithromycin 250mg (TrueLife Remedies),Antibiotics,14,104.14,0.941,4.388,LOW,NO_REORDER,0,OVERSTOCK,LOW,REVIEW_OVERSTOCK,140 days of cover at the recent 0.10 units/day (limit 90): about 1 units above the limit,,0.0,0.0,110.25,0.0,110.25,0,100.11
1156,LOW,BR005,MED242,ORS Powder 21.8g (Summit Lifesciences),Gastrointestinal,13,210.16,0.433,2.127,LOW,NO_REORDER,0,OVERSTOCK,LOW,REVIEW_OVERSTOCK,13 units in stock and no units sold in the last 30 days,,0.0,0.0,105.55,0.0,105.55,0,100.11
1157,LOW,BR002,MED045,Gliclazide 80mg,Antidiabetic,8,127.56,0.439,2.128,LOW,NO_REORDER,0,OVERSTOCK,LOW,REVIEW_OVERSTOCK,240 days of cover at the recent 0.03 units/day (limit 90): about 2 units above the limit,,0.0,0.0,104.3,0.0,104.3,0,100.1
1158,LOW,BR003,MED136,Mefenamic Acid 250mg (HealthAxis Pharma),Antipyretics,16,118.9,0.942,4.582,LOW,NO_REORDER,0,OVERSTOCK,LOW,REVIEW_OVERSTOCK,240 days of cover at the recent 0.07 units/day (limit 90): about 3 units above the limit,,0.0,0.0,95.66,0.0,95.66,0,100.1
1159,LOW,BR003,MED244,ORS Powder 21.8g (VitaCure Remedies),Gastrointestinal,15,150.65,0.697,3.023,LOW,NO_REORDER,0,OVERSTOCK,LOW,REVIEW_OVERSTOCK,450 days of cover at the recent 0.03 units/day (limit 90): about 6 units above the limit,,0.0,0.0,102.54,0.0,102.54,0,100.1
1160,LOW,BR004,MED174,Cetirizine 5mg (VitaCure Remedies),Antihistamines,11,154.0,0.474,2.225,LOW,NO_REORDER,0,OVERSTOCK,LOW,REVIEW_OVERSTOCK,165 days of cover at the recent 0.07 units/day (limit 90): about 5 units above the limit,,0.0,0.0,103.91,0.0,103.91,0,100.1
1161,LOW,BR005,MED067,Ibuprofen 400mg (Aarogya Formulations),Analgesics,17,157.62,0.755,4.367,LOW,NO_REORDER,0,OVERSTOCK,LOW,REVIEW_OVERSTOCK,170 days of cover at the recent 0.10 units/day (limit 90): about 4 units above the limit,,0.0,0.0,102.64,0.0,102.64,0,100.1
1162,LOW,BR002,MED028,Mefenamic Acid 250mg,Antipyretics,11,126.02,0.611,2.993,LOW,NO_REORDER,0,OVERSTOCK,LOW,REVIEW_OVERSTOCK,330 days of cover at the recent 0.03 units/day (limit 90): about 3 units above the limit,,0.0,0.0,93.1,0.0,93.1,0,100.09
1163,LOW,BR002,MED071,Ibuprofen 400mg (Stellar Formulations),Analgesics,16,149.33,0.723,4.048,LOW,NO_REORDER,0,OVERSTOCK,LOW,REVIEW_OVERSTOCK,160 days of cover at the recent 0.10 units/day (limit 90): about 4 units above the limit,,0.0,0.0,94.48,0.0,94.48,0,100.09
1164,LOW,BR002,MED089,Paracetamol 500mg (Aarogya Formulations),Analgesics,21,117.6,0.957,5.382,LOW,NO_REORDER,0,OVERSTOCK,LOW,REVIEW_OVERSTOCK,126 days of cover at the recent 0.17 units/day (limit 90): about 5 units above the limit,,0.0,0.0,86.28,0.0,86.28,0,100.09
1165,LOW,BR003,MED213,Loperamide 2mg (LifeSpring Pharma),Gastrointestinal,14,130.67,0.705,3.263,LOW,NO_REORDER,0,OVERSTOCK,LOW,REVIEW_OVERSTOCK,140 days of cover at the recent 0.10 units/day (limit 90): about 5 units above the limit,,0.0,0.0,93.25,0.0,93.25,0,100.09
1166,LOW,BR004,MED275,Aspirin 75mg (NovaMed Laboratories),Cardiovascular,25,229.96,0.761,3.195,LOW,NO_REORDER,0,OVERSTOCK,LOW,REVIEW_OVERSTOCK,750 days of cover at the recent 0.03 units/day (limit 90): about 16 units above the limit,,0.0,0.0,91.68,0.0,91.68,0,100.09
1167,LOW,BR005,MED178,Chlorpheniramine 4mg (HealthAxis Pharma),Antihistamines,25,197.52,0.886,4.761,LOW,NO_REORDER,0,OVERSTOCK,LOW,REVIEW_OVERSTOCK,375 days of cover at the recent 0.07 units/day (limit 90): about 11 units above the limit,,0.0,0.0,87.1,0.0,87.1,0,100.09
1168,LOW,BR001,MED110,Azithromycin 500mg (VitaCure Remedies),Antibiotics,7,118.07,0.415,2.021,LOW,NO_REORDER,0,OVERSTOCK,MEDIUM,REVIEW_OVERSTOCK,210 days of cover at the recent 0.03 units/day (limit 90): about 1 units above the limit,,0.0,0.0,83.62,0.0,83.62,0,100.08
1169,LOW,BR001,MED123,Cefixime 200mg (Stellar Formulations),Antibiotics,13,91.0,0.899,3.681,LOW,NO_REORDER,0,OVERSTOCK,LOW,REVIEW_OVERSTOCK,98 days of cover at the recent 0.13 units/day (limit 90): about 1 units above the limit,,0.0,0.0,77.68,0.0,77.68,0,100.08
1170,LOW,BR001,MED143,Mefenamic Acid 500mg (LifeSpring Pharma),Antipyretics,6,112.0,0.375,1.628,LOW,NO_REORDER,0,OVERSTOCK,LOW,REVIEW_OVERSTOCK,6 units in stock and no units sold in the last 30 days,,0.0,0.0,81.42,0.0,81.42,0,100.08
1171,LOW,BR001,MED170,Cetirizine 5mg (CureLine Healthcare),Antihistamines,10,153.51,0.456,2.017,LOW,NO_REORDER,0,OVERSTOCK,LOW,REVIEW_OVERSTOCK,10 units in stock and no units sold in the last 30 days,,0.0,0.0,78.51,0.0,78.51,0,100.08
1172,LOW,BR002,MED110,Azithromycin 500mg (VitaCure Remedies),Antibiotics,5,97.77,0.358,1.568,LOW,NO_REORDER,0,OVERSTOCK,MEDIUM,REVIEW_OVERSTOCK,150 days of cover at the recent 0.03 units/day (limit 90): about 1 units above the limit,,0.0,0.0,82.07,0.0,82.07,0,100.08
1173,LOW,BR002,MED170,Cetirizine 5mg (CureLine Healthcare),Antihistamines,9,163.64,0.385,1.876,LOW,NO_REORDER,0,OVERSTOCK,LOW,REVIEW_OVERSTOCK,270 days of cover at the recent 0.03 units/day (limit 90): about 4 units above the limit,,0.0,0.0,78.72,0.0,78.72,0,100.08
1174,LOW,BR002,MED180,Chlorpheniramine 4mg (VitaCure Remedies),Antihistamines,14,237.29,0.413,2.141,LOW,NO_REORDER,0,OVERSTOCK,LOW,REVIEW_OVERSTOCK,14 units in stock and no units sold in the last 30 days,,0.0,0.0,75.43,0.0,75.43,0,100.08
1175,LOW,BR002,MED227,Ondansetron 4mg (BlueCrest Pharma),Gastrointestinal,8,112.0,0.474,2.18,LOW,NO_REORDER,0,OVERSTOCK,LOW,REVIEW_OVERSTOCK,120 days of cover at the recent 0.07 units/day (limit 90): about 2 units above the limit,,0.0,0.0,79.07,0.0,79.07,0,100.08
1176,LOW,BR002,MED303,Losartan 25mg (NovaMed Laboratories),Cardiovascular,11,102.67,0.694,3.544,LOW,NO_REORDER,0,OVERSTOCK,LOW,REVIEW_OVERSTOCK,110 days of cover at the recent 0.10 units/day (limit 90): about 1 units above the limit,,0.0,0.0,76.42,0.0,76.42,0,100.08
1177,LOW,BR003,MED160,Paracetamol Suspension 125mg/5ml (TrueLife Remedies),Antipyretics,14,98.0,0.844,4.075,LOW,NO_REORDER,0,OVERSTOCK,MEDIUM,REVIEW_OVERSTOCK,105 days of cover at the recent 0.13 units/day (limit 90): about 2 units above the limit,,0.0,0.0,83.98,0.0,83.98,0,100.08
1178,LOW,BR004,MED216,Omeprazole 20mg (CureLine Healthcare),Gastrointestinal,9,148.24,0.425,2.406,LOW,NO_REORDER,0,OVERSTOCK,LOW,REVIEW_OVERSTOCK,270 days of cover at the recent 0.03 units/day (limit 90): about 2 units above the limit,,0.0,0.0,81.07,0.0,81.07,0,100.08
1179,LOW,BR004,MED258,Amlodipine 5mg (NovaMed Laboratories),Cardiovascular,12,112.0,0.574,3.015,LOW,NO_REORDER,0,OVERSTOCK,LOW,REVIEW_OVERSTOCK,120 days of cover at the recent 0.10 units/day (limit 90): about 3 units above the limit,,0.0,0.0,84.92,0.0,84.92,0,100.08
1180,LOW,BR004,MED267,Amlodipine 10mg,Cardiovascular,15,118.78,0.884,4.638,LOW,NO_REORDER,0,OVERSTOCK,LOW,REVIEW_OVERSTOCK,225 days of cover at the recent 0.07 units/day (limit 90): about 2 units above the limit,,0.0,0.0,83.05,0.0,83.05,0,100.08
1181,LOW,BR004,MED279,Aspirin 150mg (Summit Lifesciences),Cardiovascular,19,190.0,0.7,3.128,LOW,NO_REORDER,0,OVERSTOCK,LOW,REVIEW_OVERSTOCK,285 days of cover at the recent 0.07 units/day (limit 90): about 10 units above the limit,,0.0,0.0,76.58,0.0,76.58,0,100.08
1182,LOW,BR005,MED216,Omeprazole 20mg (CureLine Healthcare),Gastrointestinal,10,134.1,0.522,2.749,LOW,NO_REORDER,0,OVERSTOCK,LOW,REVIEW_OVERSTOCK,150 days of cover at the recent 0.07 units/day (limit 90): about 2 units above the limit,,0.0,0.0,80.97,0.0,80.97,0,100.08
1183,LOW,BR005,MED227,Ondansetron 4mg (BlueCrest Pharma),Gastrointestinal,12,112.0,0.68,3.366,LOW,NO_REORDER,0,OVERSTOCK,LOW,REVIEW_OVERSTOCK,120 days of cover at the recent 0.10 units/day (limit 90): about 2 units above the limit,,0.0,0.0,79.66,0.0,79.66,0,100.08
1184,LOW,BR005,MED469,Vitamin C Chewable 1000mg (CureLine Healthcare),Vitamins,25,100.0,1.49,7.376,LOW,NO_REORDER,0,OVERSTOCK,LOW,REVIEW_OVERSTOCK,107 days of cover at the recent 0.23 units/day (limit 90): about 3 units above the limit,,0.0,0.0,84.62,0.0,84.62,0,100.08
1185,LOW,BR001,MED087,Naproxen 500mg (LifeSpring Pharma),Analgesics,14,98.0,0.827,4.531,LOW,NO_REORDER,0,OVERSTOCK,LOW,REVIEW_OVERSTOCK,105 days of cover at the recent 0.13 units/day (limit 90): about 1 units above the limit,,0.0,0.0,65.7,0.0,65.7,0,100.07
1186,LOW,BR001,MED099,Amoxicillin 250mg (Stellar Formulations),Antibiotics,12,95.24,0.882,3.722,LOW,NO_REORDER,0,OVERSTOCK,LOW,REVIEW_OVERSTOCK,120 days of cover at the recent 0.10 units/day (limit 90): about 1 units above the limit,,0.0,0.0,73.7,0.0,73.7,0,100.07
1187,LOW,BR001,MED259,Amlodipine 5mg (Stellar Formulations),Cardiovascular,17,129.07,0.922,4.883,LOW,NO_REORDER,0,OVERSTOCK,LOW,REVIEW_OVERSTOCK,255 days of cover at the recent 0.07 units/day (limit 90): about 3 units above the limit,,0.0,0.0,73.41,0.0,73.41,0,100.07
1188,LOW,BR001,MED486,Clotrimazole Cream 2% (TrueLife Remedies),Dermatological,7,98.0,0.457,1.992,LOW,NO_REORDER,0,OVERSTOCK,LOW,REVIEW_OVERSTOCK,105 days of cover at the recent 0.07 units/day (limit 90): about 1 units above the limit,,0.0,0.0,68.02,0.0,68.02,0,100.07
1189,LOW,BR002,MED085,Naproxen 500mg,Analgesics,8,103.13,0.543,2.66,LOW,NO_REORDER,0,OVERSTOCK,LOW,REVIEW_OVERSTOCK,240 days of cover at the recent 0.03 units/day (limit 90): about 1 units above the limit,,0.0,0.0,68.4,0.0,68.4,0,100.07
1190,LOW,BR002,MED250,Pantoprazole 20mg (ApexLife Pharma),Gastrointestinal,13,105.32,0.864,4.27,LOW,NO_REORDER,0,OVERSTOCK,LOW,REVIEW_OVERSTOCK,130 days of cover at the recent 0.10 units/day (limit 90): about 1 units above the limit,,0.0,0.0,71.05,0.0,71.05,0,100.07
1191,LOW,BR003,MED214,Omeprazole 20mg (Aarogya Formulations),Gastrointestinal,8,133.02,0.421,2.238,LOW,NO_REORDER,0,OVERSTOCK,LOW,REVIEW_OVERSTOCK,240 days of cover at the recent 0.03 units/day (limit 90): about 2 units above the limit,,0.0,0.0,71.96,0.0,71.96,0,100.07
1192,LOW,BR004,MED209,Domperidone 10mg (LifeSpring Pharma),Gastrointestinal,9,126.0,0.459,2.538,LOW,NO_REORDER,0,OVERSTOCK,LOW,REVIEW_OVERSTOCK,135 days of cover at the recent 0.07 units/day (limit 90): about 2 units above the limit,,0.0,0.0,67.43,0.0,67.43,0,100.07
1193,LOW,BR004,MED253,Pantoprazole 20mg (Stellar Formulations),Gastrointestinal,13,121.33,0.577,2.786,LOW,NO_REORDER,0,OVERSTOCK,LOW,REVIEW_OVERSTOCK,98 days of cover at the recent 0.13 units/day (limit 90): about 1 units above the limit,,0.0,0.0,69.72,0.0,69.72,0,100.07
1194,LOW,BR004,MED259,Amlodipine 5mg (Stellar Formulations),Cardiovascular,12,158.49,0.53,3.081,LOW,NO_REORDER,0,OVERSTOCK,LOW,REVIEW_OVERSTOCK,180 days of cover at the recent 0.07 units/day (limit 90): about 3 units above the limit,,0.0,0.0,73.19,0.0,73.19,0,100.07
1195,LOW,BR004,MED274,Aspirin 75mg (LifeSpring Pharma),Cardiovascular,18,278.76,0.452,2.285,LOW,NO_REORDER,0,OVERSTOCK,LOW,REVIEW_OVERSTOCK,18 units in stock and no units sold in the last 30 days,,0.0,0.0,74.13,0.0,74.13,0,100.07
1196,LOW,BR005,MED065,Diclofenac 100mg (CureLine Healthcare),Analgesics,14,98.0,0.668,3.692,LOW,NO_REORDER,0,OVERSTOCK,LOW,REVIEW_OVERSTOCK,105 days of cover at the recent 0.13 units/day (limit 90): about 2 units above the limit,,0.0,0.0,73.5,0.0,73.5,0,100.07
1197,LOW,BR005,MED297,Losartan 50mg (Aarogya Formulations),Cardiovascular,15,115.01,0.913,4.718,LOW,NO_REORDER,0,OVERSTOCK,LOW,REVIEW_OVERSTOCK,225 days of cover at the recent 0.07 units/day (limit 90): about 1 units above the limit,,0.0,0.0,73.5,0.0,73.5,0,100.07
1198,LOW,BR001,MED309,Metoprolol 50mg (NovaMed Laboratories),Cardiovascular,15,108.14,0.971,4.963,LOW,NO_REORDER,0,OVERSTOCK,LOW,REVIEW_OVERSTOCK,150 days of cover at the recent 0.10 units/day (limit 90): about 1 units above the limit,,0.0,0.0,55.29,0.0,55.29,0,100.06
1199,LOW,BR001,MED348,Gliclazide 80mg (TrueLife Remedies),Antidiabetic,20,123.89,1.13,6.555,LOW,NO_REORDER,0,OVERSTOCK,LOW,REVIEW_OVERSTOCK,150 days of cover at the recent 0.13 units/day (limit 90): about 1 units above the limit,,0.0,0.0,55.78,0.0,55.78,0,100.06
1200,LOW,BR001,MED451,Iron + Folic Acid 100mg/500mcg (CureLine Healthcare),Vitamins,13,139.78,0.651,3.44,LOW,NO_REORDER,0,OVERSTOCK,LOW,REVIEW_OVERSTOCK,98 days of cover at the recent 0.13 units/day (limit 90): about 1 units above the limit,,0.0,0.0,59.65,0.0,59.65,0,100.06
1201,LOW,BR002,MED150,Paracetamol 650mg (CarePlus Laboratories),Antipyretics,15,125.6,0.836,4.049,LOW,NO_REORDER,0,OVERSTOCK,LOW,REVIEW_OVERSTOCK,150 days of cover at the recent 0.10 units/day (limit 90): about 3 units above the limit,,0.0,0.0,61.59,0.0,61.59,0,100.06
1202,LOW,BR002,MED458,Multivitamin B-complex+C (HealthAxis Pharma),Vitamins,10,119.86,0.584,2.915,LOW,NO_REORDER,0,OVERSTOCK,LOW,REVIEW_OVERSTOCK,150 days of cover at the recent 0.07 units/day (limit 90): about 2 units above the limit,,0.0,0.0,61.4,0.0,61.4,0,100.06
1203,LOW,BR002,MED464,Vitamin C Chewable 500mg (TrueLife Remedies),Vitamins,11,150.98,0.51,2.714,LOW,NO_REORDER,0,OVERSTOCK,LOW,REVIEW_OVERSTOCK,330 days of cover at the recent 0.03 units/day (limit 90): about 3 units above the limit,,0.0,0.0,61.25,0.0,61.25,0,100.06
1204,LOW,BR003,MED180,Chlorpheniramine 4mg (VitaCure Remedies),Antihistamines,12,182.21,0.461,2.275,LOW,NO_REORDER,0,OVERSTOCK,LOW,REVIEW_OVERSTOCK,360 days of cover at the recent 0.03 units/day (limit 90): about 6 units above the limit,,0.0,0.0,55.8,0.0,55.8,0,100.06
1205,LOW,BR003,MED451,Iron + Folic Acid 100mg/500mcg (CureLine Healthcare),Vitamins,13,122.31,0.744,4.162,LOW,NO_REORDER,0,OVERSTOCK,LOW,REVIEW_OVERSTOCK,130 days of cover at the recent 0.10 units/day (limit 90): about 1 units above the limit,,0.0,0.0,63.12,0.0,63.12,0,100.06
1206,LOW,BR004,MED175,Chlorpheniramine 4mg (ApexLife Pharma),Antihistamines,13,250.69,0.363,2.064,LOW,NO_REORDER,0,OVERSTOCK,LOW,REVIEW_OVERSTOCK,390 days of cover at the recent 0.03 units/day (limit 90): about 7 units above the limit,,0.0,0.0,57.75,0.0,57.75,0,100.06
1207,LOW,BR005,MED032,Chlorpheniramine 4mg,Antihistamines,22,123.2,1.036,5.546,LOW,NO_REORDER,0,OVERSTOCK,MEDIUM,REVIEW_OVERSTOCK,132 days of cover at the recent 0.17 units/day (limit 90): about 6 units above the limit,,0.0,0.0,55.3,0.0,55.3,0,100.06
1208,LOW,BR005,MED051,Iron + Folic Acid 100mg/500mcg,Vitamins,14,98.0,0.725,4.352,LOW,NO_REORDER,0,OVERSTOCK,LOW,REVIEW_OVERSTOCK,105 days of cover at the recent 0.13 units/day (limit 90): about 1 units above the limit,,0.0,0.0,62.14,0.0,62.14,0,100.06
1209,LOW,BR005,MED279,Aspirin 150mg (Summit Lifesciences),Cardiovascular,26,121.33,1.165,5.795,LOW,NO_REORDER,0,OVERSTOCK,LOW,REVIEW_OVERSTOCK,130 days of cover at the recent 0.20 units/day (limit 90): about 8 units above the limit,,0.0,0.0,62.71,0.0,62.71,0,100.06
1210,LOW,BR001,MED054,Calamine Lotion 100ml,Dermatological,11,110.63,0.696,3.355,LOW,NO_REORDER,0,OVERSTOCK,LOW,REVIEW_OVERSTOCK,165 days of cover at the recent 0.07 units/day (limit 90): about 1 units above the limit,,0.0,0.0,49.05,0.0,49.05,0,100.05
1211,LOW,BR001,MED230,Ondansetron 4mg (LifeSpring Pharma),Gastrointestinal,10,93.33,0.56,3.133,LOW,NO_REORDER,0,OVERSTOCK,LOW,REVIEW_OVERSTOCK,100 days of cover at the recent 0.10 units/day (limit 90): about 1 units above the limit,,0.0,0.0,45.21,0.0,45.21,0,100.05
1212,LOW,BR002,MED175,Chlorpheniramine 4mg (ApexLife Pharma),Antihistamines,11,223.19,0.345,1.734,LOW,NO_REORDER,0,OVERSTOCK,LOW,REVIEW_OVERSTOCK,11 units in stock and no units sold in the last 30 days,,0.0,0.0,51.63,0.0,51.63,0,100.05
1213,LOW,BR003,MED274,Aspirin 75mg (LifeSpring Pharma),Cardiovascular,13,200.88,0.453,2.297,LOW,NO_REORDER,0,OVERSTOCK,LOW,REVIEW_OVERSTOCK,13 units in stock and no units sold in the last 30 days,,0.0,0.0,45.31,0.0,45.31,0,100.05
1214,LOW,BR005,MED193,Levocetirizine 5mg (LifeSpring Pharma),Antihistamines,13,91.0,0.792,4.047,LOW,NO_REORDER,0,OVERSTOCK,LOW,REVIEW_OVERSTOCK,98 days of cover at the recent 0.13 units/day (limit 90): about 1 units above the limit,,0.0,0.0,52.28,0.0,52.28,0,100.05
1215,LOW,BR005,MED478,Calamine Lotion 100ml (CureLine Healthcare),Dermatological,10,101.89,0.687,3.262,LOW,NO_REORDER,0,OVERSTOCK,LOW,REVIEW_OVERSTOCK,150 days of cover at the recent 0.07 units/day (limit 90): about 1 units above the limit,,0.0,0.0,53.78,0.0,53.78,0,100.05
1216,LOW,BR001,MED065,Diclofenac 100mg (CureLine Healthcare),Analgesics,12,112.0,0.747,3.696,LOW,NO_REORDER,0,OVERSTOCK,MEDIUM,REVIEW_OVERSTOCK,120 days of cover at the recent 0.10 units/day (limit 90): about 1 units above the limit,,0.0,0.0,37.4,0.0,37.4,0,100.04
1217,LOW,BR001,MED180,Chlorpheniramine 4mg (VitaCure Remedies),Antihistamines,11,144.47,0.533,2.379,LOW,NO_REORDER,0,OVERSTOCK,LOW,REVIEW_OVERSTOCK,165 days of cover at the recent 0.07 units/day (limit 90): about 4 units above the limit,,0.0,0.0,37.0,0.0,37.0,0,100.04
1218,LOW,BR002,MED006,Paracetamol Suspension 250mg/5ml,Antipyretics,16,100.81,1.111,5.095,LOW,NO_REORDER,0,OVERSTOCK,MEDIUM,REVIEW_OVERSTOCK,160 days of cover at the recent 0.10 units/day (limit 90): about 1 units above the limit,,0.0,0.0,35.52,0.0,35.52,0,100.04
1219,LOW,BR002,MED128,Ciprofloxacin 500mg (BlueCrest Pharma),Antibiotics,7,97.61,0.502,2.112,LOW,NO_REORDER,0,OVERSTOCK,LOW,REVIEW_OVERSTOCK,105 days of cover at the recent 0.07 units/day (limit 90): about 1 units above the limit,,0.0,0.0,44.41,0.0,44.41,0,100.04
1220,LOW,BR002,MED148,Mefenamic Acid 500mg (VitaCure Remedies),Antipyretics,13,91.0,0.796,3.96,LOW,NO_REORDER,0,OVERSTOCK,LOW,REVIEW_OVERSTOCK,98 days of cover at the recent 0.13 units/day (limit 90): about 1 units above the limit,,0.0,0.0,40.99,0.0,40.99,0,100.04
1221,LOW,BR003,MED170,Cetirizine 5mg (CureLine Healthcare),Antihistamines,7,114.75,0.427,1.922,LOW,NO_REORDER,0,OVERSTOCK,LOW,REVIEW_OVERSTOCK,210 days of cover at the recent 0.03 units/day (limit 90): about 2 units above the limit,,0.0,0.0,39.04,0.0,39.04,0,100.04
1222,LOW,BR003,MED221,Omeprazole 40mg,Gastrointestinal,7,112.64,0.435,2.32,LOW,NO_REORDER,0,OVERSTOCK,LOW,REVIEW_OVERSTOCK,210 days of cover at the recent 0.03 units/day (limit 90): about 1 units above the limit,,0.0,0.0,43.93,0.0,43.93,0,100.04
1223,LOW,BR003,MED271,Aspirin 75mg (ApexLife Pharma),Cardiovascular,12,173.2,0.485,2.313,LOW,NO_REORDER,0,OVERSTOCK,LOW,REVIEW_OVERSTOCK,12 units in stock and no units sold in the last 30 days,,0.0,0.0,38.6,0.0,38.6,0,100.04
1224,LOW,BR004,MED010,Ondansetron 4mg,Gastrointestinal,8,112.0,0.471,2.475,LOW,NO_REORDER,0,OVERSTOCK,LOW,REVIEW_OVERSTOCK,120 days of cover at the recent 0.07 units/day (limit 90): about 1 units above the limit,,0.0,0.0,43.93,0.0,43.93,0,100.04
1225,LOW,BR004,MED170,Cetirizine 5mg (CureLine Healthcare),Antihistamines,5,109.03,0.321,1.333,LOW,NO_REORDER,0,OVERSTOCK,LOW,REVIEW_OVERSTOCK,150 days of cover at the recent 0.03 units/day (limit 90): about 2 units above the limit,,0.0,0.0,39.04,0.0,39.04,0,100.04
1226,LOW,BR004,MED180,Chlorpheniramine 4mg (VitaCure Remedies),Antihistamines,10,178.57,0.392,2.081,LOW,NO_REORDER,0,OVERSTOCK,LOW,REVIEW_OVERSTOCK,300 days of cover at the recent 0.03 units/day (limit 90): about 4 units above the limit,,0.0,0.0,35.98,0.0,35.98,0,100.04
1227,LOW,BR004,MED230,Ondansetron 4mg (LifeSpring Pharma),Gastrointestinal,11,107.39,0.717,3.651,LOW,NO_REORDER,0,OVERSTOCK,LOW,REVIEW_OVERSTOCK,165 days of cover at the recent 0.07 units/day (limit 90): about 1 units above the limit,,0.0,0.0,43.74,0.0,43.74,0,100.04
1228,LOW,BR004,MED233,Ondansetron 4mg (Summit Lifesciences),Gastrointestinal,16,89.6,0.994,4.562,LOW,NO_REORDER,0,OVERSTOCK,LOW,REVIEW_OVERSTOCK,96 days of cover at the recent 0.17 units/day (limit 90): about 1 units above the limit,,0.0,0.0,42.84,0.0,42.84,0,100.04
1229,LOW,BR005,MED174,Cetirizine 5mg (VitaCure Remedies),Antihistamines,17,133.41,0.892,5.189,LOW,NO_REORDER,0,OVERSTOCK,LOW,REVIEW_OVERSTOCK,255 days of cover at the recent 0.07 units/day (limit 90): about 2 units above the limit,,0.0,0.0,41.64,0.0,41.64,0,100.04
1230,LOW,BR005,MED195,Levocetirizine 5mg (VitaCure Remedies),Antihistamines,10,132.33,0.529,2.738,LOW,NO_REORDER,0,OVERSTOCK,LOW,REVIEW_OVERSTOCK,100 days of cover at the recent 0.10 units/day (limit 90): about 1 units above the limit,,0.0,0.0,41.5,0.0,41.5,0,100.04
1231,LOW,BR005,MED208,Domperidone 10mg (HealthAxis Pharma),Gastrointestinal,10,93.33,0.533,3.074,LOW,NO_REORDER,0,OVERSTOCK,LOW,REVIEW_OVERSTOCK,100 days of cover at the recent 0.10 units/day (limit 90): about 1 units above the limit,,0.0,0.0,40.9,0.0,40.9,0,100.04
1232,LOW,BR001,MED279,Aspirin 150mg (Summit Lifesciences),Cardiovascular,25,116.67,1.246,7.233,LOW,NO_REORDER,0,OVERSTOCK,LOW,REVIEW_OVERSTOCK,125 days of cover at the recent 0.20 units/day (limit 90): about 4 units above the limit,,0.0,0.0,31.37,0.0,31.37,0,100.03
1233,LOW,BR002,MED074,Ibuprofen 200mg (LifeSpring Pharma),Analgesics,6,115.07,0.365,1.901,LOW,NO_REORDER,0,OVERSTOCK,LOW,REVIEW_OVERSTOCK,6 units in stock and no units sold in the last 30 days,,0.0,0.0,31.04,0.0,31.04,0,100.03
1234,LOW,BR002,MED388,Metformin 850mg (VitaCure Remedies),Antidiabetic,10,120.27,0.582,3.308,LOW,NO_REORDER,0,OVERSTOCK,LOW,REVIEW_OVERSTOCK,150 days of cover at the recent 0.07 units/day (limit 90): about 1 units above the limit,,0.0,0.0,30.53,0.0,30.53,0,100.03
1235,LOW,BR002,MED467,Vitamin C Chewable 1000mg (BlueCrest Pharma),Vitamins,16,89.6,0.982,4.995,LOW,NO_REORDER,0,OVERSTOCK,LOW,REVIEW_OVERSTOCK,96 days of cover at the recent 0.17 units/day (limit 90): about 1 units above the limit,,0.0,0.0,28.43,0.0,28.43,0,100.03
1236,LOW,BR004,MED029,Paracetamol Drops 100mg/ml,Antipyretics,15,105.0,0.998,4.998,LOW,NO_REORDER,0,OVERSTOCK,LOW,REVIEW_OVERSTOCK,112 days of cover at the recent 0.13 units/day (limit 90): about 1 units above the limit,,0.0,0.0,27.33,0.0,27.33,0,100.03
1237,LOW,BR004,MED242,ORS Powder 21.8g (Summit Lifesciences),Gastrointestinal,8,137.59,0.407,2.25,LOW,NO_REORDER,0,OVERSTOCK,LOW,REVIEW_OVERSTOCK,240 days of cover at the recent 0.03 units/day (limit 90): about 2 units above the limit,,0.0,0.0,29.54,0.0,29.54,0,100.03
1238,LOW,BR001,MED150,Paracetamol 650mg (CarePlus Laboratories),Antipyretics,17,104.75,1.136,5.389,LOW,NO_REORDER,0,OVERSTOCK,LOW,REVIEW_OVERSTOCK,128 days of cover at the recent 0.13 units/day (limit 90): about 1 units above the limit,,0.0,0.0,20.14,0.0,20.14,0,100.02
1239,LOW,BR001,MED177,Chlorpheniramine 4mg (CarePlus Laboratories),Antihistamines,20,126.81,1.104,6.285,LOW,NO_REORDER,0,OVERSTOCK,LOW,REVIEW_OVERSTOCK,150 days of cover at the recent 0.13 units/day (limit 90): about 2 units above the limit,,0.0,0.0,18.73,0.0,18.73,0,100.02
1240,LOW,BR002,MED274,Aspirin 75mg (LifeSpring Pharma),Cardiovascular,15,105.0,0.66,3.257,LOW,NO_REORDER,0,OVERSTOCK,LOW,REVIEW_OVERSTOCK,112 days of cover at the recent 0.13 units/day (limit 90): about 3 units above the limit,,0.0,0.0,19.0,0.0,19.0,0,100.02
1241,LOW,BR002,MED471,Vitamin C Chewable 1000mg (Summit Lifesciences),Vitamins,19,108.39,1.227,6.317,LOW,NO_REORDER,0,OVERSTOCK,LOW,REVIEW_OVERSTOCK,142 days of cover at the recent 0.13 units/day (limit 90): about 1 units above the limit,,0.0,0.0,21.03,0.0,21.03,0,100.02
1242,LOW,BR004,MED211,Loperamide 2mg (Aarogya Formulations),Gastrointestinal,14,98.0,0.925,4.386,LOW,NO_REORDER,0,OVERSTOCK,LOW,REVIEW_OVERSTOCK,105 days of cover at the recent 0.13 units/day (limit 90): about 1 units above the limit,,0.0,0.0,24.18,0.0,24.18,0,100.02
1243,LOW,BR005,MED036,Loperamide 2mg,Gastrointestinal,13,99.78,0.912,4.264,LOW,NO_REORDER,0,OVERSTOCK,LOW,REVIEW_OVERSTOCK,130 days of cover at the recent 0.10 units/day (limit 90): about 1 units above the limit,,0.0,0.0,23.6,0.0,23.6,0,100.02
1244,LOW,BR005,MED180,Chlorpheniramine 4mg (VitaCure Remedies),Antihistamines,9,126.0,0.489,2.359,LOW,NO_REORDER,0,OVERSTOCK,LOW,REVIEW_OVERSTOCK,135 days of cover at the recent 0.07 units/day (limit 90): about 2 units above the limit,,0.0,0.0,18.23,0.0,18.23,0,100.02
1245,LOW,BR001,MED275,Aspirin 75mg (NovaMed Laboratories),Cardiovascular,15,118.78,0.884,4.58,LOW,NO_REORDER,0,OVERSTOCK,LOW,REVIEW_OVERSTOCK,225 days of cover at the recent 0.07 units/day (limit 90): about 2 units above the limit,,0.0,0.0,11.76,0.0,11.76,0,100.01
1246,LOW,BR005,MED274,Aspirin 75mg (LifeSpring Pharma),Cardiovascular,11,102.67,0.511,3.122,LOW,NO_REORDER,0,OVERSTOCK,LOW,REVIEW_OVERSTOCK,110 days of cover at the recent 0.10 units/day (limit 90): about 2 units above the limit,,0.0,0.0,13.06,0.0,13.06,0,100.01
1247,LOW,BR001,MED010,Ondansetron 4mg,Gastrointestinal,12,67.2,0.672,3.462,LOW,NO_REORDER,0,NORMAL,LOW,MONITOR,No active issue: 67.2 days of cover: 12 units in stock at expected demand of 0.18 units/day,,0.0,0.0,0.0,0.0,0.0,0,100.0
1248,LOW,BR001,MED011,Amlodipine 5mg,Cardiovascular,180,22.72,55.463,247.634,LOW,NO_REORDER,0,NORMAL,LOW,MONITOR,No active issue: 22.7 days of cover: 180 units in stock at expected demand of 7.92 units/day,,0.0,0.0,0.0,0.0,0.0,0,100.0
1249,LOW,BR001,MED012,Atorvastatin 10mg,Cardiovascular,88,19.05,32.334,137.562,LOW,NO_REORDER,0,NORMAL,LOW,MONITOR,No active issue: 19.1 days of cover: 88 units in stock at expected demand of 4.62 units/day,,0.0,0.0,0.0,0.0,0.0,0,100.0
1250,LOW,BR001,MED017,Vitamin C Chewable 500mg,Vitamins,35,27.69,8.848,39.962,LOW,NO_REORDER,0,NORMAL,LOW,MONITOR,No active issue: 27.7 days of cover: 35 units in stock at expected demand of 1.26 units/day,,0.0,0.0,0.0,0.0,0.0,0,100.0
1251,LOW,BR001,MED018,Vitamin D3 60000IU,Vitamins,6,21.0,1.074,5.576,LOW,NO_REORDER,0,NORMAL,LOW,MONITOR,No active issue: 21.0 days of cover: 6 units in stock at expected demand of 0.29 units/day,,0.0,0.0,0.0,0.0,0.0,0,100.0
1252,LOW,BR001,MED021,Ibuprofen 400mg,Analgesics,24,25.85,6.444,31.262,LOW,NO_REORDER,0,NORMAL,LOW,MONITOR,No active issue: 25.8 days of cover: 24 units in stock at expected demand of 0.93 units/day,,0.0,0.0,0.0,0.0,0.0,0,100.0
1253,LOW,BR001,MED022,Aceclofenac + Paracetamol 100mg/325mg,Analgesics,17,29.75,3.786,19.096,LOW,NO_REORDER,0,NORMAL,LOW,MONITOR,No active issue: 29.8 days of cover: 17 units in stock at expected demand of 0.57 units/day,,0.0,0.0,0.0,0.0,0.0,0,100.0
1254,LOW,BR001,MED024,Cefixime 200mg,Antibiotics,37,32.92,7.868,35.596,LOW,NO_REORDER,0,NORMAL,LOW,MONITOR,No active issue: 32.9 days of cover: 37 units in stock at expected demand of 1.12 units/day,,0.0,0.0,0.0,0.0,0.0,0,100.0
1255,LOW,BR001,MED025,Ciprofloxacin 500mg,Antibiotics,10,35.0,1.484,7.301,LOW,NO_REORDER,0,NORMAL,LOW,MONITOR,No active issue: 35.0 days of cover: 10 units in stock at expected demand of 0.29 units/day,,0.0,0.0,0.0,0.0,0.0,0,100.0
1256,LOW,BR001,MED027,Amoxicillin + Clavulanic Acid 625mg,Antibiotics,13,20.22,3.749,17.422,LOW,NO_REORDER,0,NORMAL,LOW,MONITOR,No active issue: 20.2 days of cover: 13 units in stock at expected demand of 0.64 units/day,,0.0,0.0,0.0,0.0,0.0,0,100.0
1257,LOW,BR001,MED029,Paracetamol Drops 100mg/ml,Antipyretics,13,84.81,1.073,4.977,LOW,NO_REORDER,0,OVERSTOCK,LOW,REVIEW_OVERSTOCK,98 days of cover at the recent 0.13 units/day (limit 90): about -0 units above the limit,,0.0,0.0,-0.0,0.0,0.0,0,100.0
1258,LOW,BR001,MED030,Levocetirizine 5mg,Antihistamines,11,25.67,2.332,12.369,LOW,NO_REORDER,0,NORMAL,LOW,MONITOR,No active issue: 25.7 days of cover: 11 units in stock at expected demand of 0.43 units/day,,0.0,0.0,0.0,0.0,0.0,0,100.0
1259,LOW,BR001,MED031,Montelukast + Levocetirizine 10mg/5mg,Antihistamines,32,14.93,14.005,65.299,LOW,NO_REORDER,0,NORMAL,LOW,MONITOR,No active issue: 14.9 days of cover: 32 units in stock at expected demand of 2.14 units/day,,0.0,0.0,0.0,0.0,0.0,0,100.0
1260,LOW,BR001,MED032,Chlorpheniramine 4mg,Antihistamines,9,42.0,1.311,6.988,LOW,NO_REORDER,0,NORMAL,MEDIUM,MONITOR,No active issue: 42.0 days of cover: 9 units in stock at expected demand of 0.21 units/day,,0.0,0.0,0.0,0.0,0.0,0,100.0
1261,LOW,BR001,MED034,Domperidone 10mg,Gastrointestinal,52,18.43,19.5,82.655,LOW,NO_REORDER,0,NORMAL,LOW,MONITOR,No active issue: 18.4 days of cover: 52 units in stock at expected demand of 2.82 units/day,,0.0,0.0,0.0,0.0,0.0,0,100.0
1262,LOW,BR001,MED035,ORS Powder 21.8g,Gastrointestinal,18,25.2,4.394,20.51,LOW,NO_REORDER,0,NORMAL,LOW,MONITOR,No active issue: 25.2 days of cover: 18 units in stock at expected demand of 0.71 units/day,,0.0,0.0,0.0,0.0,0.0,0,100.0
1263,LOW,BR001,MED037,Telmisartan 40mg,Cardiovascular,192,18.16,70.754,314.115,LOW,NO_REORDER,0,NORMAL,LOW,MONITOR,No active issue: 18.2 days of cover: 192 units in stock at expected demand of 10.57 units/day,,0.0,0.0,0.0,0.0,0.0,0,100.0
1264,LOW,BR001,MED042,Aspirin 75mg,Cardiovascular,42,18.97,12.447,59.139,LOW,NO_REORDER,0,NORMAL,LOW,MONITOR,No active issue: 19.0 days of cover: 42 units in stock at expected demand of 2.21 units/day,,0.0,0.0,0.0,0.0,0.0,0,100.0
1265,LOW,BR001,MED043,Glimepiride + Metformin 2mg/500mg,Antidiabetic,81,15.68,36.154,157.056,LOW,NO_REORDER,0,NORMAL,LOW,MONITOR,No active issue: 15.7 days of cover: 81 units in stock at expected demand of 5.16 units/day,,0.0,0.0,0.0,0.0,0.0,0,100.0
1266,LOW,BR001,MED044,Sitagliptin 100mg,Antidiabetic,15,60.0,1.705,8.934,LOW,NO_REORDER,0,NORMAL,LOW,MONITOR,No active issue: 60.0 days of cover: 15 units in stock at expected demand of 0.25 units/day,,0.0,0.0,0.0,0.0,0.0,0,100.0
1267,LOW,BR001,MED046,Montelukast 10mg,Respiratory,26,19.16,8.381,37.124,LOW,NO_REORDER,0,NORMAL,MEDIUM,MONITOR,No active issue: 19.2 days of cover: 26 units in stock at expected demand of 1.36 units/day,,0.0,0.0,0.0,0.0,0.0,0,100.0
1268,LOW,BR001,MED048,Dextromethorphan Syrup 100ml,Respiratory,33,15.15,14.88,62.796,LOW,NO_REORDER,0,NORMAL,LOW,MONITOR,No active issue: 15.1 days of cover: 33 units in stock at expected demand of 2.18 units/day,,0.0,0.0,0.0,0.0,0.0,0,100.0
1269,LOW,BR001,MED051,Iron + Folic Acid 100mg/500mcg,Vitamins,6,56.0,0.601,3.297,LOW,NO_REORDER,0,NORMAL,LOW,MONITOR,No active issue: 56.0 days of cover: 6 units in stock at expected demand of 0.11 units/day,,0.0,0.0,0.0,0.0,0.0,0,100.0
1270,LOW,BR001,MED052,Hydrocortisone Cream 1%,Dermatological,15,84.0,1.06,5.205,LOW,NO_REORDER,0,NORMAL,LOW,MONITOR,No active issue: 84.0 days of cover: 15 units in stock at expected demand of 0.18 units/day,,0.0,0.0,0.0,0.0,0.0,0,100.0
1271,LOW,BR001,MED053,Fusidic Acid Cream 2%,Dermatological,12,84.0,0.876,4.224,LOW,NO_REORDER,0,NORMAL,LOW,MONITOR,No active issue: 84.0 days of cover: 12 units in stock at expected demand of 0.14 units/day,,0.0,0.0,0.0,0.0,0.0,0,100.0
1272,LOW,BR001,MED056,Aceclofenac + Paracetamol 100mg/325mg (HealthAxis Pharma),Analgesics,8,56.0,0.779,4.083,LOW,NO_REORDER,0,NORMAL,LOW,MONITOR,No active issue: 56.0 days of cover: 8 units in stock at expected demand of 0.14 units/day,,0.0,0.0,0.0,0.0,0.0,0,100.0
1273,LOW,BR001,MED058,Aceclofenac + Paracetamol 100mg/325mg (VitaCure Remedies),Analgesics,14,26.13,3.455,16.208,LOW,NO_REORDER,0,NORMAL,LOW,MONITOR,No active issue: 26.1 days of cover: 14 units in stock at expected demand of 0.54 units/day,,0.0,0.0,0.0,0.0,0.0,0,100.0
1274,LOW,BR001,MED060,Diclofenac 50mg (CarePlus Laboratories),Analgesics,56,41.07,9.544,43.282,LOW,NO_REORDER,0,NORMAL,LOW,MONITOR,No active issue: 41.1 days of cover: 56 units in stock at expected demand of 1.36 units/day,,0.0,0.0,0.0,0.0,0.0,0,100.0
1275,LOW,BR001,MED062,Diclofenac 50mg (TrueLife Remedies),Analgesics,13,72.8,0.816,4.141,LOW,NO_REORDER,0,NORMAL,LOW,MONITOR,No active issue: 72.8 days of cover: 13 units in stock at expected demand of 0.18 units/day,,0.0,0.0,0.0,0.0,0.0,0,100.0
1276,LOW,BR001,MED063,Diclofenac 50mg (VitaCure Remedies),Analgesics,26,29.73,6.121,29.308,LOW,NO_REORDER,0,NORMAL,LOW,MONITOR,No active issue: 29.7 days of cover: 26 units in stock at expected demand of 0.87 units/day,,0.0,0.0,0.0,0.0,0.0,0,100.0
1277,LOW,BR001,MED068,Ibuprofen 400mg (CureLine Healthcare),Analgesics,7,49.0,0.719,3.776,LOW,NO_REORDER,0,NORMAL,LOW,MONITOR,No active issue: 49.0 days of cover: 7 units in stock at expected demand of 0.14 units/day,,0.0,0.0,0.0,0.0,0.0,0,100.0
1278,LOW,BR001,MED069,Ibuprofen 400mg (HealthAxis Pharma),Analgesics,18,26.53,4.411,22.236,LOW,NO_REORDER,0,NORMAL,MEDIUM,MONITOR,No active issue: 26.5 days of cover: 18 units in stock at expected demand of 0.68 units/day,,0.0,0.0,0.0,0.0,0.0,0,100.0
1279,LOW,BR001,MED070,Ibuprofen 400mg (NovaMed Laboratories),Analgesics,46,36.08,8.925,39.829,LOW,NO_REORDER,0,NORMAL,LOW,MONITOR,No active issue: 36.1 days of cover: 46 units in stock at expected demand of 1.28 units/day,,0.0,0.0,0.0,0.0,0.0,0,100.0
1280,LOW,BR001,MED071,Ibuprofen 400mg (Stellar Formulations),Analgesics,27,56.3,3.357,14.642,LOW,NO_REORDER,0,NORMAL,LOW,MONITOR,No active issue: 56.3 days of cover: 27 units in stock at expected demand of 0.48 units/day,,0.0,0.0,0.0,0.0,0.0,0,100.0
1281,LOW,BR001,MED072,Ibuprofen 400mg (VitaCure Remedies),Analgesics,10,70.0,0.73,4.008,LOW,NO_REORDER,0,NORMAL,LOW,MONITOR,No active issue: 70.0 days of cover: 10 units in stock at expected demand of 0.14 units/day,,0.0,0.0,0.0,0.0,0.0,0,100.0
1282,LOW,BR001,MED074,Ibuprofen 200mg (LifeSpring Pharma),Analgesics,8,114.29,0.49,2.678,LOW,NO_REORDER,0,OVERSTOCK,LOW,REVIEW_OVERSTOCK,8 units in stock and no units sold in the last 30 days; forecast demand would absorb the stock,,0.0,0.0,-0.0,0.0,0.0,0,100.0
1283,LOW,BR001,MED079,Ibuprofen 600mg (BlueCrest Pharma),Analgesics,20,21.54,5.877,27.852,LOW,NO_REORDER,0,NORMAL,LOW,MONITOR,No active issue: 21.5 days of cover: 20 units in stock at expected demand of 0.93 units/day,,0.0,0.0,0.0,0.0,0.0,0,100.0
1284,LOW,BR001,MED080,Ibuprofen 600mg (HealthAxis Pharma),Analgesics,12,67.2,1.109,5.932,LOW,NO_REORDER,0,NORMAL,LOW,MONITOR,No active issue: 67.2 days of cover: 12 units in stock at expected demand of 0.18 units/day,,0.0,0.0,0.0,0.0,0.0,0,100.0
1285,LOW,BR001,MED081,Ibuprofen 600mg (NovaMed Laboratories),Analgesics,18,16.8,6.455,29.128,LOW,NO_REORDER,0,NORMAL,MEDIUM,MONITOR,No active issue: 16.8 days of cover: 18 units in stock at expected demand of 1.07 units/day,,0.0,0.0,0.0,0.0,0.0,0,100.0
1286,LOW,BR001,MED082,Naproxen 250mg (CureLine Healthcare),Analgesics,40,17.23,15.615,67.866,LOW,NO_REORDER,0,NORMAL,LOW,MONITOR,No active issue: 17.2 days of cover: 40 units in stock at expected demand of 2.32 units/day,,0.0,0.0,0.0,0.0,0.0,0,100.0
1287,LOW,BR001,MED084,Naproxen 250mg (VitaCure Remedies),Analgesics,31,24.8,8.073,38.071,LOW,NO_REORDER,0,NORMAL,LOW,MONITOR,No active issue: 24.8 days of cover: 31 units in stock at expected demand of 1.25 units/day,,0.0,0.0,0.0,0.0,0.0,0,100.0
1288,LOW,BR001,MED089,Paracetamol 500mg (Aarogya Formulations),Analgesics,6,21.0,1.176,5.806,LOW,NO_REORDER,0,NORMAL,LOW,MONITOR,No active issue: 21.0 days of cover: 6 units in stock at expected demand of 0.29 units/day,,0.0,0.0,0.0,0.0,0.0,0,100.0
1289,LOW,BR001,MED090,Paracetamol 500mg (CarePlus Laboratories),Analgesics,12,22.4,3.447,16.347,LOW,NO_REORDER,0,NORMAL,LOW,MONITOR,No active issue: 22.4 days of cover: 12 units in stock at expected demand of 0.54 units/day,,0.0,0.0,0.0,0.0,0.0,0,100.0
1290,LOW,BR001,MED092,Paracetamol 500mg (LifeSpring Pharma),Analgesics,10,31.11,1.327,6.777,LOW,NO_REORDER,0,NORMAL,LOW,MONITOR,No active issue: 31.1 days of cover: 10 units in stock at expected demand of 0.32 units/day,,0.0,0.0,0.0,0.0,0.0,0,100.0
1291,LOW,BR001,MED094,Paracetamol 250mg (Stellar Formulations),Analgesics,17,43.27,2.403,11.967,LOW,NO_REORDER,0,NORMAL,MEDIUM,MONITOR,No active issue: 43.3 days of cover: 17 units in stock at expected demand of 0.39 units/day,,0.0,0.0,0.0,0.0,0.0,0,100.0
1292,LOW,BR001,MED096,Amoxicillin 250mg (CureLine Healthcare),Antibiotics,12,14.0,5.163,24.112,LOW,NO_REORDER,0,NORMAL,LOW,MONITOR,No active issue: 14.0 days of cover: 12 units in stock at expected demand of 0.86 units/day,,0.0,0.0,0.0,0.0,0.0,0,100.0
1293,LOW,BR001,MED097,Amoxicillin 250mg (LifeSpring Pharma),Antibiotics,18,16.26,5.385,25.346,LOW,NO_REORDER,0,NORMAL,LOW,MONITOR,No active issue: 16.3 days of cover: 18 units in stock at expected demand of 1.11 units/day,,0.0,0.0,0.0,0.0,0.0,0,100.0
1294,LOW,BR001,MED098,Amoxicillin 250mg (NovaMed Laboratories),Antibiotics,20,43.83,3.194,14.427,LOW,NO_REORDER,0,NORMAL,LOW,MONITOR,No active issue: 43.8 days of cover: 20 units in stock at expected demand of 0.46 units/day,,0.0,0.0,0.0,0.0,0.0,0,100.0
1295,LOW,BR001,MED100,Amoxicillin 250mg (TrueLife Remedies),Antibiotics,15,60.0,1.236,6.132,LOW,NO_REORDER,0,NORMAL,LOW,MONITOR,No active issue: 60.0 days of cover: 15 units in stock at expected demand of 0.25 units/day,,0.0,0.0,0.0,0.0,0.0,0,100.0
1296,LOW,BR001,MED102,Amoxicillin + Clavulanic Acid 625mg (HealthAxis Pharma),Antibiotics,10,16.47,2.706,11.001,LOW,NO_REORDER,0,NORMAL,LOW,MONITOR,No active issue: 16.5 days of cover: 10 units in stock at expected demand of 0.61 units/day,,0.0,0.0,0.0,0.0,0.0,0,100.0
1297,LOW,BR001,MED103,Amoxicillin + Clavulanic Acid 625mg (Stellar Formulations),Antibiotics,8,44.8,0.954,4.635,LOW,NO_REORDER,0,NORMAL,LOW,MONITOR,No active issue: 44.8 days of cover: 8 units in stock at expected demand of 0.18 units/day,,0.0,0.0,0.0,0.0,0.0,0,100.0
1298,LOW,BR001,MED106,Amoxicillin + Clavulanic Acid 375mg (Summit Lifesciences),Antibiotics,10,46.67,1.195,5.752,LOW,NO_REORDER,0,NORMAL,LOW,MONITOR,No active issue: 46.7 days of cover: 10 units in stock at expected demand of 0.21 units/day,,0.0,0.0,0.0,0.0,0.0,0,100.0
1299,LOW,BR001,MED112,Azithromycin 250mg (ApexLife Pharma),Antibiotics,16,74.67,1.353,6.486,LOW,NO_REORDER,0,NORMAL,LOW,MONITOR,No active issue: 74.7 days of cover: 16 units in stock at expected demand of 0.21 units/day,,0.0,0.0,0.0,0.0,0.0,0,100.0
1300,LOW,BR001,MED113,Azithromycin 250mg (BlueCrest Pharma),Antibiotics,94,15.95,40.265,174.747,LOW,NO_REORDER,0,NORMAL,LOW,MONITOR,No active issue: 16.0 days of cover: 94 units in stock at expected demand of 5.89 units/day,,0.0,0.0,0.0,0.0,0.0,0,100.0
1301,LOW,BR001,MED114,Azithromycin 250mg (CarePlus Laboratories),Antibiotics,17,52.89,2.108,9.523,LOW,NO_REORDER,0,NORMAL,LOW,MONITOR,No active issue: 52.9 days of cover: 17 units in stock at expected demand of 0.32 units/day,,0.0,0.0,0.0,0.0,0.0,0,100.0
1302,LOW,BR001,MED115,Azithromycin 250mg (CureLine Healthcare),Antibiotics,9,30.81,2.045,9.164,LOW,NO_REORDER,0,NORMAL,LOW,MONITOR,No active issue: 30.8 days of cover: 9 units in stock at expected demand of 0.29 units/day,,0.0,0.0,0.0,0.0,0.0,0,100.0
1303,LOW,BR001,MED120,Cefixime 200mg (ApexLife Pharma),Antibiotics,10,46.67,0.916,4.158,LOW,NO_REORDER,0,NORMAL,LOW,MONITOR,No active issue: 46.7 days of cover: 10 units in stock at expected demand of 0.21 units/day,,0.0,0.0,0.0,0.0,0.0,0,100.0
1304,LOW,BR001,MED121,Cefixime 200mg (CureLine Healthcare),Antibiotics,5,46.67,0.633,2.784,LOW,NO_REORDER,0,NORMAL,MEDIUM,MONITOR,No active issue: 46.7 days of cover: 5 units in stock at expected demand of 0.11 units/day,,0.0,0.0,0.0,0.0,0.0,0,100.0
1305,LOW,BR001,MED122,Cefixime 200mg (NovaMed Laboratories),Antibiotics,19,31.29,4.043,18.639,LOW,NO_REORDER,0,NORMAL,LOW,MONITOR,No active issue: 31.3 days of cover: 19 units in stock at expected demand of 0.61 units/day,,0.0,0.0,0.0,0.0,0.0,0,100.0
1306,LOW,BR001,MED125,Cefixime 100mg (HealthAxis Pharma),Antibiotics,7,32.67,0.972,3.962,LOW,NO_REORDER,0,NORMAL,LOW,MONITOR,No active issue: 32.7 days of cover: 7 units in stock at expected demand of 0.21 units/day,,0.0,0.0,0.0,0.0,0.0,0,100.0
1307,LOW,BR001,MED129,Ciprofloxacin 250mg,Antibiotics,10,85.57,0.818,3.896,LOW,NO_REORDER,0,OVERSTOCK,LOW,REVIEW_OVERSTOCK,100 days of cover at the recent 0.10 units/day (limit 90): about -0 units above the limit,,0.0,0.0,-0.0,0.0,0.0,0,100.0
1308,LOW,BR001,MED130,Ciprofloxacin 250mg (LifeSpring Pharma),Antibiotics,29,31.39,6.467,29.856,LOW,NO_REORDER,0,NORMAL,LOW,MONITOR,No active issue: 31.4 days of cover: 29 units in stock at expected demand of 0.92 units/day,,0.0,0.0,0.0,0.0,0.0,0,100.0
1309,LOW,BR001,MED131,Doxycycline 100mg (Aarogya Formulations),Antibiotics,17,18.31,5.178,24.908,LOW,NO_REORDER,0,NORMAL,LOW,MONITOR,No active issue: 18.3 days of cover: 17 units in stock at expected demand of 0.93 units/day,,0.0,0.0,0.0,0.0,0.0,0,100.0
1310,LOW,BR001,MED132,Doxycycline 100mg (ApexLife Pharma),Antibiotics,8,73.11,0.766,3.544,LOW,NO_REORDER,0,NORMAL,LOW,MONITOR,No active issue: 73.1 days of cover: 8 units in stock at expected demand of 0.11 units/day,,0.0,0.0,0.0,0.0,0.0,0,100.0
1311,LOW,BR001,MED133,Doxycycline 100mg (HealthAxis Pharma),Antibiotics,6,42.0,0.674,3.179,LOW,NO_REORDER,0,NORMAL,LOW,MONITOR,No active issue: 42.0 days of cover: 6 units in stock at expected demand of 0.14 units/day,,0.0,0.0,0.0,0.0,0.0,0,100.0
1312,LOW,BR001,MED135,Mefenamic Acid 250mg (ApexLife Pharma),Antipyretics,23,32.83,4.904,22.741,LOW,NO_REORDER,0,NORMAL,LOW,MONITOR,No active issue: 32.8 days of cover: 23 units in stock at expected demand of 0.70 units/day,,0.0,0.0,0.0,0.0,0.0,0,100.0
1313,LOW,BR001,MED136,Mefenamic Acid 250mg (HealthAxis Pharma),Antipyretics,8,37.33,1.14,5.222,LOW,NO_REORDER,0,NORMAL,LOW,MONITOR,No active issue: 37.3 days of cover: 8 units in stock at expected demand of 0.21 units/day,,0.0,0.0,0.0,0.0,0.0,0,100.0
1314,LOW,BR001,MED137,Mefenamic Acid 250mg (LifeSpring Pharma),Antipyretics,6,16.8,1.886,8.958,LOW,NO_REORDER,0,NORMAL,LOW,MONITOR,No active issue: 16.8 days of cover: 6 units in stock at expected demand of 0.36 units/day,,0.0,0.0,0.0,0.0,0.0,0,100.0
1315,LOW,BR001,MED138,Mefenamic Acid 250mg (NovaMed Laboratories),Antipyretics,16,22.4,4.447,19.917,LOW,NO_REORDER,0,NORMAL,LOW,MONITOR,No active issue: 22.4 days of cover: 16 units in stock at expected demand of 0.71 units/day,,0.0,0.0,0.0,0.0,0.0,0,100.0
1316,LOW,BR001,MED146,Mefenamic Acid 500mg (Summit Lifesciences),Antipyretics,8,82.6,0.678,3.087,LOW,NO_REORDER,0,OVERSTOCK,LOW,REVIEW_OVERSTOCK,120 days of cover at the recent 0.07 units/day (limit 90): about -0 units above the limit,,0.0,0.0,-0.0,0.0,0.0,0,100.0
1317,LOW,BR001,MED148,Mefenamic Acid 500mg (VitaCure Remedies),Antipyretics,17,67.81,1.755,7.747,LOW,NO_REORDER,0,NORMAL,LOW,MONITOR,No active issue: 67.8 days of cover: 17 units in stock at expected demand of 0.25 units/day,,0.0,0.0,0.0,0.0,0.0,0,100.0
1318,LOW,BR001,MED156,Paracetamol Suspension 250mg/5ml (TrueLife Remedies),Antipyretics,14,78.4,0.94,4.204,LOW,NO_REORDER,0,NORMAL,LOW,MONITOR,No active issue: 78.4 days of cover: 14 units in stock at expected demand of 0.18 units/day,,0.0,0.0,0.0,0.0,0.0,0,100.0
1319,LOW,BR001,MED157,Paracetamol Suspension 125mg/5ml,Antipyretics,4,18.67,0.756,3.97,LOW,NO_REORDER,0,NORMAL,LOW,MONITOR,No active issue: 18.7 days of cover: 4 units in stock at expected demand of 0.21 units/day,,0.0,0.0,0.0,0.0,0.0,0,100.0
1320,LOW,BR001,MED160,Paracetamol Suspension 125mg/5ml (TrueLife Remedies),Antipyretics,14,35.64,2.13,9.543,LOW,NO_REORDER,0,NORMAL,MEDIUM,MONITOR,No active issue: 35.6 days of cover: 14 units in stock at expected demand of 0.39 units/day,,0.0,0.0,0.0,0.0,0.0,0,100.0
1321,LOW,BR001,MED162,Cetirizine 10mg (ApexLife Pharma),Antihistamines,13,72.8,1.019,6.03,LOW,NO_REORDER,0,NORMAL,LOW,MONITOR,No active issue: 72.8 days of cover: 13 units in stock at expected demand of 0.18 units/day,,0.0,0.0,0.0,0.0,0.0,0,100.0
1322,LOW,BR001,MED164,Cetirizine 10mg (LifeSpring Pharma),Antihistamines,13,60.67,1.064,5.694,LOW,NO_REORDER,0,NORMAL,LOW,MONITOR,No active issue: 60.7 days of cover: 13 units in stock at expected demand of 0.21 units/day,,0.0,0.0,0.0,0.0,0.0,0,100.0
1323,LOW,BR001,MED166,Cetirizine 10mg (Summit Lifesciences),Antihistamines,8,44.8,1.149,5.866,LOW,NO_REORDER,0,NORMAL,LOW,MONITOR,No active issue: 44.8 days of cover: 8 units in stock at expected demand of 0.18 units/day,,0.0,0.0,0.0,0.0,0.0,0,100.0
1324,LOW,BR001,MED167,Cetirizine 10mg (TrueLife Remedies),Antihistamines,24,21.0,7.164,35.05,LOW,NO_REORDER,0,NORMAL,LOW,MONITOR,No active issue: 21.0 days of cover: 24 units in stock at expected demand of 1.14 units/day,,0.0,0.0,0.0,0.0,0.0,0,100.0
1325,LOW,BR001,MED169,Cetirizine 5mg (CarePlus Laboratories),Antihistamines,51,19.43,18.375,83.901,LOW,NO_REORDER,0,NORMAL,LOW,MONITOR,No active issue: 19.4 days of cover: 51 units in stock at expected demand of 2.62 units/day,,0.0,0.0,0.0,0.0,0.0,0,100.0
1326,LOW,BR001,MED175,Chlorpheniramine 4mg (ApexLife Pharma),Antihistamines,7,65.33,0.665,3.073,LOW,NO_REORDER,0,NORMAL,LOW,MONITOR,No active issue: 65.3 days of cover: 7 units in stock at expected demand of 0.11 units/day,,0.0,0.0,0.0,0.0,0.0,0,100.0
1327,LOW,BR001,MED178,Chlorpheniramine 4mg (HealthAxis Pharma),Antihistamines,20,140.0,0.988,6.731,LOW,NO_REORDER,0,OVERSTOCK,LOW,REVIEW_OVERSTOCK,100 days of cover at the recent 0.20 units/day (limit 90): about -0 units above the limit,,0.0,0.0,-0.0,0.0,0.0,0,100.0
1328,LOW,BR001,MED179,Chlorpheniramine 4mg (LifeSpring Pharma),Antihistamines,13,18.2,4.026,19.556,LOW,NO_REORDER,0,NORMAL,LOW,MONITOR,No active issue: 18.2 days of cover: 13 units in stock at expected demand of 0.71 units/day,,0.0,0.0,0.0,0.0,0.0,0,100.0
1329,LOW,BR001,MED182,Fexofenadine 120mg (BlueCrest Pharma),Antihistamines,27,29.56,6.394,31.16,LOW,NO_REORDER,0,NORMAL,LOW,MONITOR,No active issue: 29.6 days of cover: 27 units in stock at expected demand of 0.91 units/day,,0.0,0.0,0.0,0.0,0.0,0,100.0
1330,LOW,BR001,MED183,Fexofenadine 120mg (CureLine Healthcare),Antihistamines,17,39.67,2.325,11.67,LOW,NO_REORDER,0,NORMAL,LOW,MONITOR,No active issue: 39.7 days of cover: 17 units in stock at expected demand of 0.43 units/day,,0.0,0.0,0.0,0.0,0.0,0,100.0
1331,LOW,BR001,MED184,Fexofenadine 120mg (LifeSpring Pharma),Antihistamines,12,84.0,0.789,4.481,LOW,NO_REORDER,0,NORMAL,LOW,MONITOR,No active issue: 84.0 days of cover: 12 units in stock at expected demand of 0.14 units/day,,0.0,0.0,0.0,0.0,0.0,0,100.0
1332,LOW,BR001,MED186,Fexofenadine 180mg,Antihistamines,9,19.38,2.511,13.003,LOW,NO_REORDER,0,NORMAL,LOW,MONITOR,No active issue: 19.4 days of cover: 9 units in stock at expected demand of 0.46 units/day,,0.0,0.0,0.0,0.0,0.0,0,100.0
1333,LOW,BR001,MED188,Fexofenadine 180mg (HealthAxis Pharma),Antihistamines,4,18.67,0.613,3.274,LOW,NO_REORDER,0,NORMAL,LOW,MONITOR,No active issue: 18.7 days of cover: 4 units in stock at expected demand of 0.21 units/day,,0.0,0.0,0.0,0.0,0.0,0,100.0
1334,LOW,BR001,MED189,Fexofenadine 180mg (TrueLife Remedies),Antihistamines,16,89.6,0.954,5.58,LOW,NO_REORDER,0,OVERSTOCK,LOW,REVIEW_OVERSTOCK,96 days of cover at the recent 0.17 units/day (limit 90): about -0 units above the limit,,0.0,0.0,-0.0,0.0,0.0,0,100.0
1335,LOW,BR001,MED190,Levocetirizine 5mg (Aarogya Formulations),Antihistamines,13,113.33,0.803,4.802,LOW,NO_REORDER,0,OVERSTOCK,LOW,REVIEW_OVERSTOCK,98 days of cover at the recent 0.13 units/day (limit 90): about -0 units above the limit,,0.0,0.0,-0.0,0.0,0.0,0,100.0
1336,LOW,BR001,MED193,Levocetirizine 5mg (LifeSpring Pharma),Antihistamines,14,35.64,1.937,9.866,LOW,NO_REORDER,0,NORMAL,LOW,MONITOR,No active issue: 35.6 days of cover: 14 units in stock at expected demand of 0.39 units/day,,0.0,0.0,0.0,0.0,0.0,0,100.0
1337,LOW,BR001,MED194,Levocetirizine 5mg (NovaMed Laboratories),Antihistamines,9,22.91,2.155,11.064,LOW,NO_REORDER,0,NORMAL,LOW,MONITOR,No active issue: 22.9 days of cover: 9 units in stock at expected demand of 0.39 units/day,,0.0,0.0,0.0,0.0,0.0,0,100.0
1338,LOW,BR001,MED195,Levocetirizine 5mg (VitaCure Remedies),Antihistamines,18,63.0,1.463,7.959,LOW,NO_REORDER,0,NORMAL,LOW,MONITOR,No active issue: 63.0 days of cover: 18 units in stock at expected demand of 0.29 units/day,,0.0,0.0,0.0,0.0,0.0,0,100.0
1339,LOW,BR001,MED197,Levocetirizine 2.5mg (LifeSpring Pharma),Antihistamines,22,20.53,7.034,31.569,LOW,NO_REORDER,0,NORMAL,LOW,MONITOR,No active issue: 20.5 days of cover: 22 units in stock at expected demand of 1.07 units/day,,0.0,0.0,0.0,0.0,0.0,0,100.0
1340,LOW,BR001,MED199,Montelukast + Levocetirizine 10mg/5mg (Aarogya Formulations),Antihistamines,6,33.6,0.746,4.131,LOW,NO_REORDER,0,NORMAL,LOW,MONITOR,No active issue: 33.6 days of cover: 6 units in stock at expected demand of 0.18 units/day,,0.0,0.0,0.0,0.0,0.0,0,100.0
1341,LOW,BR001,MED200,Montelukast + Levocetirizine 10mg/5mg (HealthAxis Pharma),Antihistamines,20,31.35,4.466,20.299,LOW,NO_REORDER,0,NORMAL,LOW,MONITOR,No active issue: 31.3 days of cover: 20 units in stock at expected demand of 0.64 units/day,,0.0,0.0,0.0,0.0,0.0,0,100.0
1342,LOW,BR001,MED201,Montelukast + Levocetirizine 10mg/5mg (NovaMed Laboratories),Antihistamines,20,70.0,1.673,9.667,LOW,NO_REORDER,0,NORMAL,LOW,MONITOR,No active issue: 70.0 days of cover: 20 units in stock at expected demand of 0.29 units/day,,0.0,0.0,0.0,0.0,0.0,0,100.0
1343,LOW,BR001,MED204,Montelukast + Levocetirizine 10mg/5mg (VitaCure Remedies),Antihistamines,10,35.0,1.592,7.059,LOW,NO_REORDER,0,NORMAL,LOW,MONITOR,No active issue: 35.0 days of cover: 10 units in stock at expected demand of 0.29 units/day,,0.0,0.0,0.0,0.0,0.0,0,100.0
1344,LOW,BR001,MED205,Domperidone 10mg (BlueCrest Pharma),Gastrointestinal,19,23.96,5.552,24.364,LOW,NO_REORDER,0,NORMAL,LOW,MONITOR,No active issue: 24.0 days of cover: 19 units in stock at expected demand of 0.79 units/day,,0.0,0.0,0.0,0.0,0.0,0,100.0
1345,LOW,BR001,MED208,Domperidone 10mg (HealthAxis Pharma),Gastrointestinal,12,84.0,0.736,3.487,LOW,NO_REORDER,0,NORMAL,LOW,MONITOR,No active issue: 84.0 days of cover: 12 units in stock at expected demand of 0.14 units/day,,0.0,0.0,0.0,0.0,0.0,0,100.0
1346,LOW,BR001,MED210,Domperidone 10mg (NovaMed Laboratories),Gastrointestinal,13,36.4,2.004,8.622,LOW,NO_REORDER,0,NORMAL,LOW,MONITOR,No active issue: 36.4 days of cover: 13 units in stock at expected demand of 0.36 units/day,,0.0,0.0,0.0,0.0,0.0,0,100.0
1347,LOW,BR001,MED211,Loperamide 2mg (Aarogya Formulations),Gastrointestinal,18,84.0,1.096,5.713,LOW,NO_REORDER,0,NORMAL,LOW,MONITOR,No active issue: 84.0 days of cover: 18 units in stock at expected demand of 0.21 units/day,,0.0,0.0,0.0,0.0,0.0,0,100.0
1348,LOW,BR001,MED212,Loperamide 2mg (BlueCrest Pharma),Gastrointestinal,8,103.51,0.541,2.738,LOW,NO_REORDER,0,OVERSTOCK,LOW,REVIEW_OVERSTOCK,120 days of cover at the recent 0.07 units/day (limit 90): about -0 units above the limit,,0.0,0.0,-0.0,0.0,0.0,0,100.0
1349,LOW,BR001,MED218,Omeprazole 20mg (LifeSpring Pharma),Gastrointestinal,10,104.01,0.673,3.552,LOW,NO_REORDER,0,OVERSTOCK,LOW,REVIEW_OVERSTOCK,150 days of cover at the recent 0.07 units/day (limit 90): about -0 units above the limit,,0.0,0.0,-0.0,0.0,0.0,0,100.0
1350,LOW,BR001,MED219,Omeprazole 20mg (TrueLife Remedies),Gastrointestinal,35,29.77,8.229,36.704,LOW,NO_REORDER,0,NORMAL,LOW,MONITOR,No active issue: 29.8 days of cover: 35 units in stock at expected demand of 1.18 units/day,,0.0,0.0,0.0,0.0,0.0,0,100.0
1351,LOW,BR001,MED222,Omeprazole 40mg (ApexLife Pharma),Gastrointestinal,16,24.89,3.901,17.662,LOW,NO_REORDER,0,NORMAL,LOW,MONITOR,No active issue: 24.9 days of cover: 16 units in stock at expected demand of 0.64 units/day,,0.0,0.0,0.0,0.0,0.0,0,100.0
1352,LOW,BR001,MED223,Omeprazole 40mg (LifeSpring Pharma),Gastrointestinal,20,20.0,6.766,27.343,LOW,NO_REORDER,0,NORMAL,LOW,MONITOR,No active issue: 20.0 days of cover: 20 units in stock at expected demand of 1.00 units/day,,0.0,0.0,0.0,0.0,0.0,0,100.0
1353,LOW,BR001,MED224,Omeprazole 40mg (Summit Lifesciences),Gastrointestinal,31,27.12,7.767,33.98,LOW,NO_REORDER,0,NORMAL,LOW,MONITOR,No active issue: 27.1 days of cover: 31 units in stock at expected demand of 1.14 units/day,,0.0,0.0,0.0,0.0,0.0,0,100.0
1354,LOW,BR001,MED229,Ondansetron 4mg (CureLine Healthcare),Gastrointestinal,9,84.0,0.572,3.159,LOW,NO_REORDER,0,NORMAL,LOW,MONITOR,No active issue: 84.0 days of cover: 9 units in stock at expected demand of 0.11 units/day,,0.0,0.0,0.0,0.0,0.0,0,100.0
1355,LOW,BR001,MED232,Ondansetron 4mg (Stellar Formulations),Gastrointestinal,10,16.47,2.323,8.274,LOW,NO_REORDER,0,NORMAL,LOW,MONITOR,No active issue: 16.5 days of cover: 10 units in stock at expected demand of 0.61 units/day,,0.0,0.0,0.0,0.0,0.0,0,100.0
1356,LOW,BR001,MED234,Ondansetron 4mg (VitaCure Remedies),Gastrointestinal,23,23.0,6.921,30.736,LOW,NO_REORDER,0,NORMAL,LOW,MONITOR,No active issue: 23.0 days of cover: 23 units in stock at expected demand of 1.00 units/day,,0.0,0.0,0.0,0.0,0.0,0,100.0
1357,LOW,BR001,MED237,Ondansetron 8mg (TrueLife Remedies),Gastrointestinal,6,56.0,0.531,2.83,LOW,NO_REORDER,0,NORMAL,LOW,MONITOR,No active issue: 56.0 days of cover: 6 units in stock at expected demand of 0.11 units/day,,0.0,0.0,0.0,0.0,0.0,0,100.0
1358,LOW,BR001,MED241,ORS Powder 21.8g (Stellar Formulations),Gastrointestinal,20,19.31,6.646,29.314,LOW,NO_REORDER,0,NORMAL,LOW,MONITOR,No active issue: 19.3 days of cover: 20 units in stock at expected demand of 1.04 units/day,,0.0,0.0,0.0,0.0,0.0,0,100.0
1359,LOW,BR001,MED242,ORS Powder 21.8g (Summit Lifesciences),Gastrointestinal,8,103.51,0.541,2.738,LOW,NO_REORDER,0,OVERSTOCK,LOW,REVIEW_OVERSTOCK,120 days of cover at the recent 0.07 units/day (limit 90): about -0 units above the limit,,0.0,0.0,-0.0,0.0,0.0,0,100.0
1360,LOW,BR001,MED243,ORS Powder 21.8g (TrueLife Remedies),Gastrointestinal,9,50.4,0.992,4.565,LOW,NO_REORDER,0,NORMAL,LOW,MONITOR,No active issue: 50.4 days of cover: 9 units in stock at expected demand of 0.18 units/day,,0.0,0.0,0.0,0.0,0.0,0,100.0
1361,LOW,BR001,MED244,ORS Powder 21.8g (VitaCure Remedies),Gastrointestinal,11,61.6,0.688,3.583,LOW,NO_REORDER,0,NORMAL,LOW,MONITOR,No active issue: 61.6 days of cover: 11 units in stock at expected demand of 0.18 units/day,,0.0,0.0,0.0,0.0,0.0,0,100.0
1362,LOW,BR001,MED245,Pantoprazole 40mg (BlueCrest Pharma),Gastrointestinal,22,17.11,7.286,34.046,LOW,NO_REORDER,0,NORMAL,LOW,MONITOR,No active issue: 17.1 days of cover: 22 units in stock at expected demand of 1.29 units/day,,0.0,0.0,0.0,0.0,0.0,0,100.0
1363,LOW,BR001,MED248,Pantoprazole 40mg (TrueLife Remedies),Gastrointestinal,8,80.92,0.692,3.084,LOW,NO_REORDER,0,OVERSTOCK,LOW,REVIEW_OVERSTOCK,120 days of cover at the recent 0.07 units/day (limit 90): about -0 units above the limit,,0.0,0.0,-0.0,0.0,0.0,0,100.0
1364,LOW,BR001,MED249,Pantoprazole 20mg,Gastrointestinal,20,20.0,6.653,28.942,LOW,NO_REORDER,0,NORMAL,LOW,MONITOR,No active issue: 20.0 days of cover: 20 units in stock at expected demand of 1.00 units/day,,0.0,0.0,0.0,0.0,0.0,0,100.0
1365,LOW,BR001,MED250,Pantoprazole 20mg (ApexLife Pharma),Gastrointestinal,14,39.2,2.5,10.567,LOW,NO_REORDER,0,NORMAL,LOW,MONITOR,No active issue: 39.2 days of cover: 14 units in stock at expected demand of 0.36 units/day,,0.0,0.0,0.0,0.0,0.0,0,100.0
1366,LOW,BR001,MED251,Pantoprazole 20mg (BlueCrest Pharma),Gastrointestinal,9,50.4,1.013,4.819,LOW,NO_REORDER,0,NORMAL,LOW,MONITOR,No active issue: 50.4 days of cover: 9 units in stock at expected demand of 0.18 units/day,,0.0,0.0,0.0,0.0,0.0,0,100.0
1367,LOW,BR001,MED252,Pantoprazole 20mg (CarePlus Laboratories),Gastrointestinal,17,79.33,1.097,5.301,LOW,NO_REORDER,0,NORMAL,LOW,MONITOR,No active issue: 79.3 days of cover: 17 units in stock at expected demand of 0.21 units/day,,0.0,0.0,0.0,0.0,0.0,0,100.0
1368,LOW,BR001,MED253,Pantoprazole 20mg (Stellar Formulations),Gastrointestinal,13,45.5,1.285,5.512,LOW,NO_REORDER,0,NORMAL,LOW,MONITOR,No active issue: 45.5 days of cover: 13 units in stock at expected demand of 0.29 units/day,,0.0,0.0,0.0,0.0,0.0,0,100.0
1369,LOW,BR001,MED254,Pantoprazole 20mg (Summit Lifesciences),Gastrointestinal,14,78.4,0.865,4.22,LOW,NO_REORDER,0,NORMAL,MEDIUM,MONITOR,No active issue: 78.4 days of cover: 14 units in stock at expected demand of 0.18 units/day,,0.0,0.0,0.0,0.0,0.0,0,100.0
1370,LOW,BR001,MED256,Amlodipine 5mg (BlueCrest Pharma),Cardiovascular,31,26.3,7.9,38.984,LOW,NO_REORDER,0,NORMAL,LOW,MONITOR,No active issue: 26.3 days of cover: 31 units in stock at expected demand of 1.18 units/day,,0.0,0.0,0.0,0.0,0.0,0,100.0
1371,LOW,BR001,MED258,Amlodipine 5mg (NovaMed Laboratories),Cardiovascular,8,32.0,0.878,4.601,LOW,NO_REORDER,0,NORMAL,LOW,MONITOR,No active issue: 32.0 days of cover: 8 units in stock at expected demand of 0.25 units/day,,0.0,0.0,0.0,0.0,0.0,0,100.0
1372,LOW,BR001,MED261,Amlodipine 2.5mg,Cardiovascular,6,21.0,0.706,4.088,LOW,NO_REORDER,0,NORMAL,LOW,MONITOR,No active issue: 21.0 days of cover: 6 units in stock at expected demand of 0.29 units/day,,0.0,0.0,0.0,0.0,0.0,0,100.0
1373,LOW,BR001,MED262,Amlodipine 2.5mg (LifeSpring Pharma),Cardiovascular,25,39.06,4.48,24.366,LOW,NO_REORDER,0,NORMAL,LOW,MONITOR,No active issue: 39.1 days of cover: 25 units in stock at expected demand of 0.64 units/day,,0.0,0.0,0.0,0.0,0.0,0,100.0
1374,LOW,BR001,MED263,Amlodipine 2.5mg (Stellar Formulations),Cardiovascular,17,34.0,2.23,11.844,LOW,NO_REORDER,0,NORMAL,LOW,MONITOR,No active issue: 34.0 days of cover: 17 units in stock at expected demand of 0.50 units/day,,0.0,0.0,0.0,0.0,0.0,0,100.0
1375,LOW,BR001,MED265,Amlodipine 2.5mg (TrueLife Remedies),Cardiovascular,70,24.16,20.285,93.261,LOW,NO_REORDER,0,NORMAL,LOW,MONITOR,No active issue: 24.2 days of cover: 70 units in stock at expected demand of 2.90 units/day,,0.0,0.0,0.0,0.0,0.0,0,100.0
1376,LOW,BR001,MED266,Amlodipine 2.5mg (VitaCure Remedies),Cardiovascular,12,84.0,0.857,4.732,LOW,NO_REORDER,0,NORMAL,LOW,MONITOR,No active issue: 84.0 days of cover: 12 units in stock at expected demand of 0.14 units/day,,0.0,0.0,0.0,0.0,0.0,0,100.0
1377,LOW,BR001,MED267,Amlodipine 10mg,Cardiovascular,7,28.0,0.734,4.05,LOW,NO_REORDER,0,NORMAL,LOW,MONITOR,No active issue: 28.0 days of cover: 7 units in stock at expected demand of 0.25 units/day,,0.0,0.0,0.0,0.0,0.0,0,100.0
1378,LOW,BR001,MED268,Amlodipine 10mg (LifeSpring Pharma),Cardiovascular,7,49.0,0.5,2.436,LOW,NO_REORDER,0,NORMAL,LOW,MONITOR,No active issue: 49.0 days of cover: 7 units in stock at expected demand of 0.14 units/day,,0.0,0.0,0.0,0.0,0.0,0,100.0
1379,LOW,BR001,MED271,Aspirin 75mg (ApexLife Pharma),Cardiovascular,9,63.0,0.743,4.142,LOW,NO_REORDER,0,NORMAL,LOW,MONITOR,No active issue: 63.0 days of cover: 9 units in stock at expected demand of 0.14 units/day,,0.0,0.0,0.0,0.0,0.0,0,100.0
1380,LOW,BR001,MED273,Aspirin 75mg (CureLine Healthcare),Cardiovascular,20,20.74,5.958,27.702,LOW,NO_REORDER,0,NORMAL,LOW,MONITOR,No active issue: 20.7 days of cover: 20 units in stock at expected demand of 0.96 units/day,,0.0,0.0,0.0,0.0,0.0,0,100.0
1381,LOW,BR001,MED274,Aspirin 75mg (LifeSpring Pharma),Cardiovascular,9,63.0,0.59,3.431,LOW,NO_REORDER,0,NORMAL,LOW,MONITOR,No active issue: 63.0 days of cover: 9 units in stock at expected demand of 0.14 units/day,,0.0,0.0,0.0,0.0,0.0,0,100.0
1382,LOW,BR001,MED278,Aspirin 150mg (CarePlus Laboratories),Cardiovascular,28,23.06,7.255,34.914,LOW,NO_REORDER,0,NORMAL,LOW,MONITOR,No active issue: 23.1 days of cover: 28 units in stock at expected demand of 1.21 units/day,,0.0,0.0,0.0,0.0,0.0,0,100.0
1383,LOW,BR001,MED280,Aspirin 150mg (TrueLife Remedies),Cardiovascular,28,15.68,9.65,45.131,LOW,NO_REORDER,0,NORMAL,LOW,MONITOR,No active issue: 15.7 days of cover: 28 units in stock at expected demand of 1.79 units/day,,0.0,0.0,0.0,0.0,0.0,0,100.0
1384,LOW,BR001,MED281,Atorvastatin 10mg (Aarogya Formulations),Cardiovascular,13,72.8,0.876,3.807,LOW,NO_REORDER,0,NORMAL,LOW,MONITOR,No active issue: 72.8 days of cover: 13 units in stock at expected demand of 0.18 units/day,,0.0,0.0,0.0,0.0,0.0,0,100.0
1385,LOW,BR001,MED282,Atorvastatin 10mg (ApexLife Pharma),Cardiovascular,15,42.0,1.63,9.475,LOW,NO_REORDER,0,NORMAL,LOW,MONITOR,No active issue: 42.0 days of cover: 15 units in stock at expected demand of 0.36 units/day,,0.0,0.0,0.0,0.0,0.0,0,100.0
1386,LOW,BR001,MED284,Atorvastatin 10mg (Summit Lifesciences),Cardiovascular,40,34.01,8.232,40.289,LOW,NO_REORDER,0,NORMAL,MEDIUM,MONITOR,No active issue: 34.0 days of cover: 40 units in stock at expected demand of 1.18 units/day,,0.0,0.0,0.0,0.0,0.0,0,100.0
1387,LOW,BR001,MED285,Atorvastatin 20mg,Cardiovascular,20,16.0,7.291,36.196,LOW,NO_REORDER,0,NORMAL,LOW,MONITOR,No active issue: 16.0 days of cover: 20 units in stock at expected demand of 1.25 units/day,,0.0,0.0,0.0,0.0,0.0,0,100.0
1388,LOW,BR001,MED287,Atorvastatin 20mg (CarePlus Laboratories),Cardiovascular,22,50.51,3.049,11.503,LOW,NO_REORDER,0,NORMAL,LOW,MONITOR,No active issue: 50.5 days of cover: 22 units in stock at expected demand of 0.44 units/day,,0.0,0.0,0.0,0.0,0.0,0,100.0
1389,LOW,BR001,MED289,Atorvastatin 40mg (CureLine Healthcare),Cardiovascular,13,72.8,0.965,5.193,LOW,NO_REORDER,0,NORMAL,LOW,MONITOR,No active issue: 72.8 days of cover: 13 units in stock at expected demand of 0.18 units/day,,0.0,0.0,0.0,0.0,0.0,0,100.0
1390,LOW,BR001,MED290,Atorvastatin 40mg (LifeSpring Pharma),Cardiovascular,8,56.0,0.674,3.849,LOW,NO_REORDER,0,NORMAL,LOW,MONITOR,No active issue: 56.0 days of cover: 8 units in stock at expected demand of 0.14 units/day,,0.0,0.0,0.0,0.0,0.0,0,100.0
1391,LOW,BR001,MED291,Atorvastatin 40mg (VitaCure Remedies),Cardiovascular,14,56.0,1.027,5.181,LOW,NO_REORDER,0,NORMAL,LOW,MONITOR,No active issue: 56.0 days of cover: 14 units in stock at expected demand of 0.25 units/day,,0.0,0.0,0.0,0.0,0.0,0,100.0
1392,LOW,BR001,MED292,Clopidogrel 75mg (Aarogya Formulations),Cardiovascular,26,19.16,8.067,38.048,LOW,NO_REORDER,0,NORMAL,LOW,MONITOR,No active issue: 19.2 days of cover: 26 units in stock at expected demand of 1.36 units/day,,0.0,0.0,0.0,0.0,0.0,0,100.0
1393,LOW,BR001,MED293,Clopidogrel 75mg (BlueCrest Pharma),Cardiovascular,23,46.0,2.847,12.809,LOW,NO_REORDER,0,NORMAL,LOW,MONITOR,No active issue: 46.0 days of cover: 23 units in stock at expected demand of 0.50 units/day,,0.0,0.0,0.0,0.0,0.0,0,100.0
1394,LOW,BR001,MED294,Clopidogrel 75mg (CureLine Healthcare),Cardiovascular,15,38.18,1.814,9.253,LOW,NO_REORDER,0,NORMAL,LOW,MONITOR,No active issue: 38.2 days of cover: 15 units in stock at expected demand of 0.39 units/day,,0.0,0.0,0.0,0.0,0.0,0,100.0
1395,LOW,BR001,MED295,Clopidogrel 75mg (NovaMed Laboratories),Cardiovascular,6,84.0,0.496,2.687,LOW,NO_REORDER,0,NORMAL,LOW,MONITOR,No active issue: 84.0 days of cover: 6 units in stock at expected demand of 0.07 units/day,,0.0,0.0,0.0,0.0,0.0,0,100.0
1396,LOW,BR001,MED296,Clopidogrel 75mg (Stellar Formulations),Cardiovascular,10,18.67,1.548,9.0,LOW,NO_REORDER,0,NORMAL,LOW,MONITOR,No active issue: 18.7 days of cover: 10 units in stock at expected demand of 0.54 units/day,,0.0,0.0,0.0,0.0,0.0,0,100.0
1397,LOW,BR001,MED298,Losartan 50mg (CarePlus Laboratories),Cardiovascular,13,36.4,1.469,8.029,LOW,NO_REORDER,0,NORMAL,LOW,MONITOR,No active issue: 36.4 days of cover: 13 units in stock at expected demand of 0.36 units/day,,0.0,0.0,0.0,0.0,0.0,0,100.0
1398,LOW,BR001,MED299,Losartan 50mg (NovaMed Laboratories),Cardiovascular,120,21.23,39.563,173.252,LOW,NO_REORDER,0,NORMAL,LOW,MONITOR,No active issue: 21.2 days of cover: 120 units in stock at expected demand of 5.65 units/day,,0.0,0.0,0.0,0.0,0.0,0,100.0
1399,LOW,BR001,MED300,Losartan 25mg,Cardiovascular,4,65.12,0.43,2.182,LOW,NO_REORDER,0,OVERSTOCK,LOW,REVIEW_OVERSTOCK,120 days of cover at the recent 0.03 units/day (limit 90): about -0 units above the limit,,0.0,0.0,-0.0,0.0,0.0,0,100.0
1400,LOW,BR001,MED304,Losartan 25mg (Summit Lifesciences),Cardiovascular,13,72.8,1.009,6.102,LOW,NO_REORDER,0,NORMAL,LOW,MONITOR,No active issue: 72.8 days of cover: 13 units in stock at expected demand of 0.18 units/day,,0.0,0.0,0.0,0.0,0.0,0,100.0
1401,LOW,BR001,MED305,Losartan 25mg (TrueLife Remedies),Cardiovascular,32,15.45,10.292,52.346,LOW,NO_REORDER,0,NORMAL,LOW,MONITOR,No active issue: 15.4 days of cover: 32 units in stock at expected demand of 2.07 units/day,,0.0,0.0,0.0,0.0,0.0,0,100.0
1402,LOW,BR001,MED307,Metoprolol 50mg (BlueCrest Pharma),Cardiovascular,87,17.93,33.958,147.549,LOW,NO_REORDER,0,NORMAL,LOW,MONITOR,No active issue: 17.9 days of cover: 87 units in stock at expected demand of 4.85 units/day,,0.0,0.0,0.0,0.0,0.0,0,100.0
1403,LOW,BR001,MED308,Metoprolol 50mg (CureLine Healthcare),Cardiovascular,12,56.0,1.009,5.561,LOW,NO_REORDER,0,NORMAL,LOW,MONITOR,No active issue: 56.0 days of cover: 12 units in stock at expected demand of 0.21 units/day,,0.0,0.0,0.0,0.0,0.0,0,100.0
1404,LOW,BR001,MED310,Metoprolol 25mg,Cardiovascular,29,29.02,6.996,35.435,LOW,NO_REORDER,0,NORMAL,LOW,MONITOR,No active issue: 29.0 days of cover: 29 units in stock at expected demand of 1.00 units/day,,0.0,0.0,0.0,0.0,0.0,0,100.0
1405,LOW,BR001,MED311,Metoprolol 25mg (CureLine Healthcare),Cardiovascular,47,37.1,8.867,40.798,LOW,NO_REORDER,0,NORMAL,LOW,MONITOR,No active issue: 37.1 days of cover: 47 units in stock at expected demand of 1.27 units/day,,0.0,0.0,0.0,0.0,0.0,0,100.0
1406,LOW,BR001,MED312,Metoprolol 25mg (HealthAxis Pharma),Cardiovascular,10,40.0,0.96,4.852,LOW,NO_REORDER,0,NORMAL,LOW,MONITOR,No active issue: 40.0 days of cover: 10 units in stock at expected demand of 0.25 units/day,,0.0,0.0,0.0,0.0,0.0,0,100.0
1407,LOW,BR001,MED318,Rosuvastatin 5mg (BlueCrest Pharma),Cardiovascular,8,98.25,0.57,2.792,LOW,NO_REORDER,0,OVERSTOCK,LOW,REVIEW_OVERSTOCK,240 days of cover at the recent 0.03 units/day (limit 90): about -0 units above the limit,,0.0,0.0,-0.0,0.0,0.0,0,100.0
1408,LOW,BR001,MED320,Rosuvastatin 5mg (Stellar Formulations),Cardiovascular,29,17.65,9.187,43.229,LOW,NO_REORDER,0,NORMAL,LOW,MONITOR,No active issue: 17.7 days of cover: 29 units in stock at expected demand of 1.64 units/day,,0.0,0.0,0.0,0.0,0.0,0,100.0
1409,LOW,BR001,MED321,Rosuvastatin 5mg (VitaCure Remedies),Cardiovascular,9,36.0,1.149,5.974,LOW,NO_REORDER,0,NORMAL,LOW,MONITOR,No active issue: 36.0 days of cover: 9 units in stock at expected demand of 0.25 units/day,,0.0,0.0,0.0,0.0,0.0,0,100.0
1410,LOW,BR001,MED323,Rosuvastatin 20mg (NovaMed Laboratories),Cardiovascular,10,20.0,2.393,12.741,LOW,NO_REORDER,0,NORMAL,MEDIUM,MONITOR,No active issue: 20.0 days of cover: 10 units in stock at expected demand of 0.50 units/day,,0.0,0.0,0.0,0.0,0.0,0,100.0
1411,LOW,BR001,MED329,Telmisartan 40mg (NovaMed Laboratories),Cardiovascular,68,17.09,27.847,124.49,LOW,NO_REORDER,0,NORMAL,LOW,MONITOR,No active issue: 17.1 days of cover: 68 units in stock at expected demand of 3.98 units/day,,0.0,0.0,0.0,0.0,0.0,0,100.0
1412,LOW,BR001,MED330,Telmisartan 40mg (Stellar Formulations),Cardiovascular,5,35.0,0.472,2.583,LOW,NO_REORDER,0,NORMAL,LOW,MONITOR,No active issue: 35.0 days of cover: 5 units in stock at expected demand of 0.14 units/day,,0.0,0.0,0.0,0.0,0.0,0,100.0
1413,LOW,BR001,MED331,Telmisartan 40mg (VitaCure Remedies),Cardiovascular,17,59.5,1.346,7.377,LOW,NO_REORDER,0,NORMAL,LOW,MONITOR,No active issue: 59.5 days of cover: 17 units in stock at expected demand of 0.29 units/day,,0.0,0.0,0.0,0.0,0.0,0,100.0
1414,LOW,BR001,MED332,Telmisartan 20mg,Cardiovascular,34,27.2,8.537,39.731,LOW,NO_REORDER,0,NORMAL,LOW,MONITOR,No active issue: 27.2 days of cover: 34 units in stock at expected demand of 1.25 units/day,,0.0,0.0,0.0,0.0,0.0,0,100.0
1415,LOW,BR001,MED333,Telmisartan 20mg (HealthAxis Pharma),Cardiovascular,11,51.33,0.925,4.797,LOW,NO_REORDER,0,NORMAL,LOW,MONITOR,No active issue: 51.3 days of cover: 11 units in stock at expected demand of 0.21 units/day,,0.0,0.0,0.0,0.0,0.0,0,100.0
1416,LOW,BR001,MED334,Telmisartan 20mg (LifeSpring Pharma),Cardiovascular,14,98.0,0.857,5.4,LOW,NO_REORDER,0,OVERSTOCK,LOW,REVIEW_OVERSTOCK,105 days of cover at the recent 0.13 units/day (limit 90): about -0 units above the limit,,0.0,0.0,-0.0,0.0,0.0,0,100.0
1417,LOW,BR001,MED336,Telmisartan 80mg,Cardiovascular,15,38.18,2.075,11.232,LOW,NO_REORDER,0,NORMAL,LOW,MONITOR,No active issue: 38.2 days of cover: 15 units in stock at expected demand of 0.39 units/day,,0.0,0.0,0.0,0.0,0.0,0,100.0
1418,LOW,BR001,MED337,Telmisartan 80mg (ApexLife Pharma),Cardiovascular,19,66.5,1.376,8.349,LOW,NO_REORDER,0,NORMAL,LOW,MONITOR,No active issue: 66.5 days of cover: 19 units in stock at expected demand of 0.29 units/day,,0.0,0.0,0.0,0.0,0.0,0,100.0
1419,LOW,BR001,MED338,Telmisartan 80mg (BlueCrest Pharma),Cardiovascular,76,40.05,13.282,58.945,LOW,NO_REORDER,0,NORMAL,LOW,MONITOR,No active issue: 40.1 days of cover: 76 units in stock at expected demand of 1.90 units/day,,0.0,0.0,0.0,0.0,0.0,0,100.0
1420,LOW,BR001,MED339,Telmisartan 80mg (CureLine Healthcare),Cardiovascular,7,39.2,0.83,4.636,LOW,NO_REORDER,0,NORMAL,LOW,MONITOR,No active issue: 39.2 days of cover: 7 units in stock at expected demand of 0.18 units/day,,0.0,0.0,0.0,0.0,0.0,0,100.0
1421,LOW,BR001,MED340,Telmisartan 80mg (NovaMed Laboratories),Cardiovascular,10,28.0,1.39,8.65,LOW,NO_REORDER,0,NORMAL,LOW,MONITOR,No active issue: 28.0 days of cover: 10 units in stock at expected demand of 0.36 units/day,,0.0,0.0,0.0,0.0,0.0,0,100.0
1422,LOW,BR001,MED344,Gliclazide 80mg (Aarogya Formulations),Antidiabetic,43,25.62,10.248,50.628,LOW,NO_REORDER,0,NORMAL,LOW,MONITOR,No active issue: 25.6 days of cover: 43 units in stock at expected demand of 1.68 units/day,,0.0,0.0,0.0,0.0,0.0,0,100.0
1423,LOW,BR001,MED345,Gliclazide 80mg (BlueCrest Pharma),Antidiabetic,11,19.25,2.919,14.26,LOW,NO_REORDER,0,NORMAL,LOW,MONITOR,No active issue: 19.2 days of cover: 11 units in stock at expected demand of 0.57 units/day,,0.0,0.0,0.0,0.0,0.0,0,100.0
1424,LOW,BR001,MED349,Gliclazide 40mg,Antidiabetic,16,18.67,4.704,23.508,LOW,NO_REORDER,0,NORMAL,LOW,MONITOR,No active issue: 18.7 days of cover: 16 units in stock at expected demand of 0.86 units/day,,0.0,0.0,0.0,0.0,0.0,0,100.0
1425,LOW,BR001,MED350,Gliclazide 40mg (BlueCrest Pharma),Antidiabetic,7,49.0,0.689,3.047,LOW,NO_REORDER,0,NORMAL,LOW,MONITOR,No active issue: 49.0 days of cover: 7 units in stock at expected demand of 0.14 units/day,,0.0,0.0,0.0,0.0,0.0,0,100.0
1426,LOW,BR001,MED351,Gliclazide 40mg (Lumina Pharma),Antidiabetic,16,34.46,2.022,9.731,LOW,NO_REORDER,0,NORMAL,LOW,MONITOR,No active issue: 34.5 days of cover: 16 units in stock at expected demand of 0.46 units/day,,0.0,0.0,0.0,0.0,0.0,0,100.0
1427,LOW,BR001,MED356,Glimepiride 2mg (CarePlus Laboratories),Antidiabetic,12,15.27,3.934,18.016,LOW,NO_REORDER,0,NORMAL,LOW,MONITOR,No active issue: 15.3 days of cover: 12 units in stock at expected demand of 0.79 units/day,,0.0,0.0,0.0,0.0,0.0,0,100.0
1428,LOW,BR001,MED358,Glimepiride 2mg (VitaCure Remedies),Antidiabetic,34,25.05,8.697,39.742,LOW,NO_REORDER,0,NORMAL,LOW,MONITOR,No active issue: 25.1 days of cover: 34 units in stock at expected demand of 1.36 units/day,,0.0,0.0,0.0,0.0,0.0,0,100.0
1429,LOW,BR001,MED360,Glimepiride 1mg (CarePlus Laboratories),Antidiabetic,44,18.95,12.843,57.895,LOW,NO_REORDER,0,NORMAL,LOW,MONITOR,No active issue: 19.0 days of cover: 44 units in stock at expected demand of 2.32 units/day,,0.0,0.0,0.0,0.0,0.0,0,100.0
1430,LOW,BR001,MED361,Glimepiride 1mg (CureLine Healthcare),Antidiabetic,30,23.33,7.925,37.994,LOW,NO_REORDER,0,NORMAL,LOW,MONITOR,No active issue: 23.3 days of cover: 30 units in stock at expected demand of 1.29 units/day,,0.0,0.0,0.0,0.0,0.0,0,100.0
1431,LOW,BR001,MED368,Glimepiride 3mg (NovaMed Laboratories),Antidiabetic,10,40.0,1.151,5.667,LOW,NO_REORDER,0,NORMAL,LOW,MONITOR,No active issue: 40.0 days of cover: 10 units in stock at expected demand of 0.25 units/day,,0.0,0.0,0.0,0.0,0.0,0,100.0
1432,LOW,BR001,MED369,Glimepiride 3mg (Stellar Formulations),Antidiabetic,7,16.33,1.471,8.686,LOW,NO_REORDER,0,NORMAL,LOW,MONITOR,No active issue: 16.3 days of cover: 7 units in stock at expected demand of 0.43 units/day,,0.0,0.0,0.0,0.0,0.0,0,100.0
1433,LOW,BR001,MED370,Glimepiride 3mg (Summit Lifesciences),Antidiabetic,22,47.38,3.039,16.013,LOW,NO_REORDER,0,NORMAL,LOW,MONITOR,No active issue: 47.4 days of cover: 22 units in stock at expected demand of 0.46 units/day,,0.0,0.0,0.0,0.0,0.0,0,100.0
1434,LOW,BR001,MED371,Glimepiride 3mg (TrueLife Remedies),Antidiabetic,3,16.8,0.428,2.827,LOW,NO_REORDER,0,NORMAL,LOW,MONITOR,No active issue: 16.8 days of cover: 3 units in stock at expected demand of 0.18 units/day,,0.0,0.0,0.0,0.0,0.0,0,100.0
1435,LOW,BR001,MED373,Glimepiride + Metformin 2mg/500mg (Aarogya Formulations),Antidiabetic,14,65.33,1.041,5.035,LOW,NO_REORDER,0,NORMAL,LOW,MONITOR,No active issue: 65.3 days of cover: 14 units in stock at expected demand of 0.21 units/day,,0.0,0.0,0.0,0.0,0.0,0,100.0
1436,LOW,BR001,MED375,Glimepiride + Metformin 2mg/500mg (Summit Lifesciences),Antidiabetic,4,56.0,0.343,1.728,LOW,NO_REORDER,0,NORMAL,LOW,MONITOR,No active issue: 56.0 days of cover: 4 units in stock at expected demand of 0.07 units/day,,0.0,0.0,0.0,0.0,0.0,0,100.0
1437,LOW,BR001,MED376,Glimepiride + Metformin 1mg/500mg,Antidiabetic,17,52.89,1.534,8.521,LOW,NO_REORDER,0,NORMAL,LOW,MONITOR,No active issue: 52.9 days of cover: 17 units in stock at expected demand of 0.32 units/day,,0.0,0.0,0.0,0.0,0.0,0,100.0
1438,LOW,BR001,MED377,Glimepiride + Metformin 1mg/500mg (CarePlus Laboratories),Antidiabetic,12,25.85,1.605,8.395,LOW,NO_REORDER,0,NORMAL,LOW,MONITOR,No active issue: 25.8 days of cover: 12 units in stock at expected demand of 0.46 units/day,,0.0,0.0,0.0,0.0,0.0,0,100.0
1439,LOW,BR001,MED379,Glimepiride + Metformin 1mg/500mg (Summit Lifesciences),Antidiabetic,11,18.12,2.384,11.574,LOW,NO_REORDER,0,NORMAL,LOW,MONITOR,No active issue: 18.1 days of cover: 11 units in stock at expected demand of 0.61 units/day,,0.0,0.0,0.0,0.0,0.0,0,100.0
1440,LOW,BR001,MED380,Glimepiride + Metformin 1mg/500mg (VitaCure Remedies),Antidiabetic,33,28.42,8.128,38.155,LOW,NO_REORDER,0,NORMAL,LOW,MONITOR,No active issue: 28.4 days of cover: 33 units in stock at expected demand of 1.16 units/day,,0.0,0.0,0.0,0.0,0.0,0,100.0
1441,LOW,BR001,MED382,Metformin 500mg (CureLine Healthcare),Antidiabetic,11,25.67,2.089,9.494,LOW,NO_REORDER,0,NORMAL,LOW,MONITOR,No active issue: 25.7 days of cover: 11 units in stock at expected demand of 0.43 units/day,,0.0,0.0,0.0,0.0,0.0,0,100.0
1442,LOW,BR001,MED383,Metformin 500mg (Stellar Formulations),Antidiabetic,106,15.7,47.016,206.571,LOW,NO_REORDER,0,NORMAL,LOW,MONITOR,No active issue: 15.7 days of cover: 106 units in stock at expected demand of 6.75 units/day,,0.0,0.0,0.0,0.0,0.0,0,100.0
1443,LOW,BR001,MED387,Metformin 850mg (Stellar Formulations),Antidiabetic,17,108.87,1.093,6.195,LOW,NO_REORDER,0,OVERSTOCK,MEDIUM,REVIEW_OVERSTOCK,128 days of cover at the recent 0.13 units/day (limit 90): about -0 units above the limit,,0.0,0.0,-0.0,0.0,0.0,0,100.0
1444,LOW,BR001,MED388,Metformin 850mg (VitaCure Remedies),Antidiabetic,18,100.8,1.052,6.148,LOW,NO_REORDER,0,OVERSTOCK,LOW,REVIEW_OVERSTOCK,108 days of cover at the recent 0.17 units/day (limit 90): about -0 units above the limit,,0.0,0.0,-0.0,0.0,0.0,0,100.0
1445,LOW,BR001,MED390,Metformin 1000mg (BlueCrest Pharma),Antidiabetic,15,59.09,1.777,9.552,LOW,NO_REORDER,0,NORMAL,LOW,MONITOR,No active issue: 59.1 days of cover: 15 units in stock at expected demand of 0.25 units/day,,0.0,0.0,0.0,0.0,0.0,0,100.0
1446,LOW,BR001,MED393,Metformin 1000mg (TrueLife Remedies),Antidiabetic,18,84.0,1.327,8.21,LOW,NO_REORDER,0,NORMAL,LOW,MONITOR,No active issue: 84.0 days of cover: 18 units in stock at expected demand of 0.21 units/day,,0.0,0.0,0.0,0.0,0.0,0,100.0
1447,LOW,BR001,MED394,Sitagliptin 100mg (BlueCrest Pharma),Antidiabetic,9,31.5,1.263,6.36,LOW,NO_REORDER,0,NORMAL,LOW,MONITOR,No active issue: 31.5 days of cover: 9 units in stock at expected demand of 0.29 units/day,,0.0,0.0,0.0,0.0,0.0,0,100.0
1448,LOW,BR001,MED395,Sitagliptin 100mg (CarePlus Laboratories),Antidiabetic,27,15.75,9.606,46.44,LOW,NO_REORDER,0,NORMAL,LOW,MONITOR,No active issue: 15.8 days of cover: 27 units in stock at expected demand of 1.71 units/day,,0.0,0.0,0.0,0.0,0.0,0,100.0
1449,LOW,BR001,MED396,Sitagliptin 100mg (HealthAxis Pharma),Antidiabetic,226,20.48,70.311,297.709,LOW,NO_REORDER,0,NORMAL,LOW,MONITOR,No active issue: 20.5 days of cover: 226 units in stock at expected demand of 11.04 units/day,,0.0,0.0,0.0,0.0,0.0,0,100.0
1450,LOW,BR001,MED397,Sitagliptin 50mg,Antidiabetic,31,25.53,7.59,36.029,LOW,NO_REORDER,0,NORMAL,LOW,MONITOR,No active issue: 25.5 days of cover: 31 units in stock at expected demand of 1.21 units/day,,0.0,0.0,0.0,0.0,0.0,0,100.0
1451,LOW,BR001,MED398,Sitagliptin 50mg (ApexLife Pharma),Antidiabetic,19,31.29,2.822,14.215,LOW,NO_REORDER,0,NORMAL,MEDIUM,MONITOR,No active issue: 31.3 days of cover: 19 units in stock at expected demand of 0.61 units/day,,0.0,0.0,0.0,0.0,0.0,0,100.0
1452,LOW,BR001,MED401,Sitagliptin 50mg (HealthAxis Pharma),Antidiabetic,15,60.0,1.368,6.826,LOW,NO_REORDER,0,NORMAL,LOW,MONITOR,No active issue: 60.0 days of cover: 15 units in stock at expected demand of 0.25 units/day,,0.0,0.0,0.0,0.0,0.0,0,100.0
1453,LOW,BR001,MED402,Sitagliptin 50mg (NovaMed Laboratories),Antidiabetic,23,24.77,6.196,26.394,LOW,NO_REORDER,0,NORMAL,LOW,MONITOR,No active issue: 24.8 days of cover: 23 units in stock at expected demand of 0.93 units/day,,0.0,0.0,0.0,0.0,0.0,0,100.0
1454,LOW,BR001,MED403,Sitagliptin 50mg (Stellar Formulations),Antidiabetic,13,52.0,1.068,5.705,LOW,NO_REORDER,0,NORMAL,LOW,MONITOR,No active issue: 52.0 days of cover: 13 units in stock at expected demand of 0.25 units/day,,0.0,0.0,0.0,0.0,0.0,0,100.0
1455,LOW,BR001,MED405,Sitagliptin 50mg (TrueLife Remedies),Antidiabetic,11,51.33,1.182,6.092,LOW,NO_REORDER,0,NORMAL,LOW,MONITOR,No active issue: 51.3 days of cover: 11 units in stock at expected demand of 0.21 units/day,,0.0,0.0,0.0,0.0,0.0,0,100.0
1456,LOW,BR001,MED407,Ambroxol + Levosalbutamol Syrup 100ml (NovaMed Laboratories),Respiratory,33,23.69,9.146,40.424,LOW,NO_REORDER,0,NORMAL,LOW,MONITOR,No active issue: 23.7 days of cover: 33 units in stock at expected demand of 1.39 units/day,,0.0,0.0,0.0,0.0,0.0,0,100.0
1457,LOW,BR001,MED410,Ambroxol + Levosalbutamol Syrup 60ml,Respiratory,20,62.22,1.841,9.852,LOW,NO_REORDER,0,NORMAL,LOW,MONITOR,No active issue: 62.2 days of cover: 20 units in stock at expected demand of 0.32 units/day,,0.0,0.0,0.0,0.0,0.0,0,100.0
1458,LOW,BR001,MED412,Budesonide Inhaler 200mcg (ApexLife Pharma),Respiratory,13,91.0,0.925,4.895,LOW,NO_REORDER,0,OVERSTOCK,LOW,REVIEW_OVERSTOCK,98 days of cover at the recent 0.13 units/day (limit 90): about -0 units above the limit,,0.0,0.0,-0.0,0.0,0.0,0,100.0
1459,LOW,BR001,MED413,Budesonide Inhaler 200mcg (BlueCrest Pharma),Respiratory,7,49.0,0.749,3.508,LOW,NO_REORDER,0,NORMAL,LOW,MONITOR,No active issue: 49.0 days of cover: 7 units in stock at expected demand of 0.14 units/day,,0.0,0.0,0.0,0.0,0.0,0,100.0
1460,LOW,BR001,MED414,Budesonide Inhaler 200mcg (VitaCure Remedies),Respiratory,7,28.0,0.923,4.846,LOW,NO_REORDER,0,NORMAL,LOW,MONITOR,No active issue: 28.0 days of cover: 7 units in stock at expected demand of 0.25 units/day,,0.0,0.0,0.0,0.0,0.0,0,100.0
1461,LOW,BR001,MED416,Dextromethorphan Syrup 100ml (HealthAxis Pharma),Respiratory,48,33.6,9.917,45.361,LOW,NO_REORDER,0,NORMAL,LOW,MONITOR,No active issue: 33.6 days of cover: 48 units in stock at expected demand of 1.43 units/day,,0.0,0.0,0.0,0.0,0.0,0,100.0
1462,LOW,BR001,MED418,Dextromethorphan Syrup 100ml (Summit Lifesciences),Respiratory,16,89.6,1.138,5.939,LOW,NO_REORDER,0,OVERSTOCK,LOW,REVIEW_OVERSTOCK,96 days of cover at the recent 0.17 units/day (limit 90): about -0 units above the limit,,0.0,0.0,-0.0,0.0,0.0,0,100.0
1463,LOW,BR001,MED420,Montelukast 10mg (CureLine Healthcare),Respiratory,23,27.57,5.84,26.174,LOW,NO_REORDER,0,NORMAL,LOW,MONITOR,No active issue: 27.6 days of cover: 23 units in stock at expected demand of 0.83 units/day,,0.0,0.0,0.0,0.0,0.0,0,100.0
1464,LOW,BR001,MED421,Montelukast 10mg (LifeSpring Pharma),Respiratory,13,33.09,1.716,9.093,LOW,NO_REORDER,0,NORMAL,LOW,MONITOR,No active issue: 33.1 days of cover: 13 units in stock at expected demand of 0.39 units/day,,0.0,0.0,0.0,0.0,0.0,0,100.0
1465,LOW,BR001,MED423,Montelukast 10mg (Summit Lifesciences),Respiratory,7,39.2,0.771,4.059,LOW,NO_REORDER,0,NORMAL,LOW,MONITOR,No active issue: 39.2 days of cover: 7 units in stock at expected demand of 0.18 units/day,,0.0,0.0,0.0,0.0,0.0,0,100.0
1466,LOW,BR001,MED424,Montelukast 10mg (TrueLife Remedies),Respiratory,13,91.0,0.902,4.811,LOW,NO_REORDER,0,OVERSTOCK,LOW,REVIEW_OVERSTOCK,98 days of cover at the recent 0.13 units/day (limit 90): about -0 units above the limit,,0.0,0.0,-0.0,0.0,0.0,0,100.0
1467,LOW,BR001,MED425,Montelukast 5mg,Respiratory,15,46.67,1.779,7.945,LOW,NO_REORDER,0,NORMAL,LOW,MONITOR,No active issue: 46.7 days of cover: 15 units in stock at expected demand of 0.32 units/day,,0.0,0.0,0.0,0.0,0.0,0,100.0
1468,LOW,BR001,MED426,Montelukast 5mg (CarePlus Laboratories),Respiratory,5,79.01,0.443,2.255,LOW,NO_REORDER,0,OVERSTOCK,LOW,REVIEW_OVERSTOCK,150 days of cover at the recent 0.03 units/day (limit 90): about -0 units above the limit,,0.0,0.0,-0.0,0.0,0.0,0,100.0
1469,LOW,BR001,MED427,Montelukast 5mg (NovaMed Laboratories),Respiratory,10,56.0,1.02,5.015,LOW,NO_REORDER,0,NORMAL,LOW,MONITOR,No active issue: 56.0 days of cover: 10 units in stock at expected demand of 0.18 units/day,,0.0,0.0,0.0,0.0,0.0,0,100.0
1470,LOW,BR001,MED430,Salbutamol Inhaler 100mcg (Aarogya Formulations),Respiratory,9,84.0,0.721,3.525,LOW,NO_REORDER,0,NORMAL,LOW,MONITOR,No active issue: 84.0 days of cover: 9 units in stock at expected demand of 0.11 units/day,,0.0,0.0,0.0,0.0,0.0,0,100.0
1471,LOW,BR001,MED433,Salbutamol Inhaler 100mcg (Summit Lifesciences),Respiratory,10,16.47,2.603,11.233,LOW,NO_REORDER,0,NORMAL,LOW,MONITOR,No active issue: 16.5 days of cover: 10 units in stock at expected demand of 0.61 units/day,,0.0,0.0,0.0,0.0,0.0,0,100.0
1472,LOW,BR001,MED437,Salbutamol Inhaler 200mcg (BlueCrest Pharma),Respiratory,11,61.6,0.849,4.166,LOW,NO_REORDER,0,NORMAL,LOW,MONITOR,No active issue: 61.6 days of cover: 11 units in stock at expected demand of 0.18 units/day,,0.0,0.0,0.0,0.0,0.0,0,100.0
1473,LOW,BR001,MED438,Salbutamol Inhaler 200mcg (CarePlus Laboratories),Respiratory,12,84.0,0.825,4.681,LOW,NO_REORDER,0,NORMAL,LOW,MONITOR,No active issue: 84.0 days of cover: 12 units in stock at expected demand of 0.14 units/day,,0.0,0.0,0.0,0.0,0.0,0,100.0
1474,LOW,BR001,MED439,Salbutamol Inhaler 200mcg (HealthAxis Pharma),Respiratory,11,44.0,1.03,5.323,LOW,NO_REORDER,0,NORMAL,LOW,MONITOR,No active issue: 44.0 days of cover: 11 units in stock at expected demand of 0.25 units/day,,0.0,0.0,0.0,0.0,0.0,0,100.0
1475,LOW,BR001,MED443,Calcium + Vitamin D3 500mg/250IU (ApexLife Pharma),Vitamins,39,37.49,7.282,31.575,LOW,NO_REORDER,0,NORMAL,LOW,MONITOR,No active issue: 37.5 days of cover: 39 units in stock at expected demand of 1.04 units/day,,0.0,0.0,0.0,0.0,0.0,0,100.0
1476,LOW,BR001,MED444,Calcium + Vitamin D3 500mg/250IU (CureLine Healthcare),Vitamins,17,14.88,6.589,31.52,LOW,NO_REORDER,0,NORMAL,LOW,MONITOR,No active issue: 14.9 days of cover: 17 units in stock at expected demand of 1.14 units/day,,0.0,0.0,0.0,0.0,0.0,0,100.0
1477,LOW,BR001,MED445,Calcium + Vitamin D3 500mg/250IU (HealthAxis Pharma),Vitamins,23,20.12,6.884,32.342,LOW,NO_REORDER,0,NORMAL,LOW,MONITOR,No active issue: 20.1 days of cover: 23 units in stock at expected demand of 1.14 units/day,,0.0,0.0,0.0,0.0,0.0,0,100.0
1478,LOW,BR001,MED446,Calcium + Vitamin D3 500mg/250IU (LifeSpring Pharma),Vitamins,31,24.11,8.598,39.525,LOW,NO_REORDER,0,NORMAL,LOW,MONITOR,No active issue: 24.1 days of cover: 31 units in stock at expected demand of 1.29 units/day,,0.0,0.0,0.0,0.0,0.0,0,100.0
1479,LOW,BR001,MED448,Calcium + Vitamin D3 500mg/250IU (TrueLife Remedies),Vitamins,45,28.0,10.486,48.008,LOW,NO_REORDER,0,NORMAL,LOW,MONITOR,No active issue: 28.0 days of cover: 45 units in stock at expected demand of 1.61 units/day,,0.0,0.0,0.0,0.0,0.0,0,100.0
1480,LOW,BR001,MED450,Iron + Folic Acid 100mg/500mcg (CarePlus Laboratories),Vitamins,11,74.9,1.028,5.959,LOW,NO_REORDER,0,NORMAL,LOW,MONITOR,No active issue: 74.9 days of cover: 11 units in stock at expected demand of 0.15 units/day,,0.0,0.0,0.0,0.0,0.0,0,100.0
1481,LOW,BR001,MED452,Iron + Folic Acid 100mg/500mcg (HealthAxis Pharma),Vitamins,13,33.09,1.932,9.646,LOW,NO_REORDER,0,NORMAL,MEDIUM,MONITOR,No active issue: 33.1 days of cover: 13 units in stock at expected demand of 0.39 units/day,,0.0,0.0,0.0,0.0,0.0,0,100.0
1482,LOW,BR001,MED453,Iron + Folic Acid 100mg/500mcg (LifeSpring Pharma),Vitamins,8,24.89,1.394,7.51,LOW,NO_REORDER,0,NORMAL,LOW,MONITOR,No active issue: 24.9 days of cover: 8 units in stock at expected demand of 0.32 units/day,,0.0,0.0,0.0,0.0,0.0,0,100.0
1483,LOW,BR001,MED454,Iron + Folic Acid 100mg/500mcg (Stellar Formulations),Vitamins,54,17.19,21.993,98.078,LOW,NO_REORDER,0,NORMAL,LOW,MONITOR,No active issue: 17.2 days of cover: 54 units in stock at expected demand of 3.14 units/day,,0.0,0.0,0.0,0.0,0.0,0,100.0
1484,LOW,BR001,MED455,Iron + Folic Acid 100mg/500mcg (Summit Lifesciences),Vitamins,8,77.35,0.724,3.917,LOW,NO_REORDER,0,NORMAL,LOW,MONITOR,No active issue: 77.3 days of cover: 8 units in stock at expected demand of 0.10 units/day,,0.0,0.0,0.0,0.0,0.0,0,100.0
1485,LOW,BR001,MED457,Multivitamin B-complex+C (BlueCrest Pharma),Vitamins,17,39.67,2.072,10.88,LOW,NO_REORDER,0,NORMAL,MEDIUM,MONITOR,No active issue: 39.7 days of cover: 17 units in stock at expected demand of 0.43 units/day,,0.0,0.0,0.0,0.0,0.0,0,100.0
1486,LOW,BR001,MED461,Vitamin C Chewable 500mg (Aarogya Formulations),Vitamins,44,21.61,12.201,55.937,LOW,NO_REORDER,0,NORMAL,LOW,MONITOR,No active issue: 21.6 days of cover: 44 units in stock at expected demand of 2.04 units/day,,0.0,0.0,0.0,0.0,0.0,0,100.0
1487,LOW,BR001,MED464,Vitamin C Chewable 500mg (TrueLife Remedies),Vitamins,13,72.8,0.97,4.934,LOW,NO_REORDER,0,NORMAL,LOW,MONITOR,No active issue: 72.8 days of cover: 13 units in stock at expected demand of 0.18 units/day,,0.0,0.0,0.0,0.0,0.0,0,100.0
1488,LOW,BR001,MED465,Vitamin C Chewable 1000mg,Vitamins,40,31.2,8.974,41.649,LOW,NO_REORDER,0,NORMAL,LOW,MONITOR,No active issue: 31.2 days of cover: 40 units in stock at expected demand of 1.28 units/day,,0.0,0.0,0.0,0.0,0.0,0,100.0
1489,LOW,BR001,MED467,Vitamin C Chewable 1000mg (BlueCrest Pharma),Vitamins,19,44.33,2.062,10.943,LOW,NO_REORDER,0,NORMAL,LOW,MONITOR,No active issue: 44.3 days of cover: 19 units in stock at expected demand of 0.43 units/day,,0.0,0.0,0.0,0.0,0.0,0,100.0
1490,LOW,BR001,MED468,Vitamin C Chewable 1000mg (CarePlus Laboratories),Vitamins,22,24.64,5.707,27.812,LOW,NO_REORDER,0,NORMAL,MEDIUM,MONITOR,No active issue: 24.6 days of cover: 22 units in stock at expected demand of 0.89 units/day,,0.0,0.0,0.0,0.0,0.0,0,100.0
1491,LOW,BR001,MED469,Vitamin C Chewable 1000mg (CureLine Healthcare),Vitamins,18,38.77,2.448,12.393,LOW,NO_REORDER,0,NORMAL,LOW,MONITOR,No active issue: 38.8 days of cover: 18 units in stock at expected demand of 0.46 units/day,,0.0,0.0,0.0,0.0,0.0,0,100.0
1492,LOW,BR001,MED471,Vitamin C Chewable 1000mg (Summit Lifesciences),Vitamins,12,19.76,2.747,12.652,LOW,NO_REORDER,0,NORMAL,LOW,MONITOR,No active issue: 19.8 days of cover: 12 units in stock at expected demand of 0.61 units/day,,0.0,0.0,0.0,0.0,0.0,0,100.0
1493,LOW,BR001,MED472,Vitamin C Chewable 1000mg (TrueLife Remedies),Vitamins,7,28.0,1.379,6.126,LOW,NO_REORDER,0,NORMAL,LOW,MONITOR,No active issue: 28.0 days of cover: 7 units in stock at expected demand of 0.25 units/day,,0.0,0.0,0.0,0.0,0.0,0,100.0
1494,LOW,BR001,MED474,Vitamin D3 60000IU (TrueLife Remedies),Vitamins,13,91.0,0.992,4.942,LOW,NO_REORDER,0,NORMAL,LOW,MONITOR,No active issue: 91.0 days of cover: 13 units in stock at expected demand of 0.14 units/day,,0.0,0.0,0.0,0.0,0.0,0,100.0
1495,LOW,BR001,MED476,Vitamin D3 1000IU,Vitamins,18,37.95,3.32,13.721,LOW,NO_REORDER,0,NORMAL,LOW,MONITOR,No active issue: 38.0 days of cover: 18 units in stock at expected demand of 0.47 units/day,,0.0,0.0,0.0,0.0,0.0,0,100.0
1496,LOW,BR001,MED479,Calamine Lotion 100ml (LifeSpring Pharma),Dermatological,5,46.67,0.553,2.54,LOW,NO_REORDER,0,NORMAL,LOW,MONITOR,No active issue: 46.7 days of cover: 5 units in stock at expected demand of 0.11 units/day,,0.0,0.0,0.0,0.0,0.0,0,100.0
1497,LOW,BR001,MED481,Calamine Lotion 100ml (TrueLife Remedies),Dermatological,14,98.0,0.818,3.926,LOW,NO_REORDER,0,NORMAL,LOW,MONITOR,No active issue: 98.0 days of cover: 14 units in stock at expected demand of 0.14 units/day,,0.0,0.0,0.0,0.0,0.0,0,100.0
1498,LOW,BR001,MED482,Clotrimazole Cream 1% (ApexLife Pharma),Dermatological,16,74.67,1.179,5.922,LOW,NO_REORDER,0,NORMAL,LOW,MONITOR,No active issue: 74.7 days of cover: 16 units in stock at expected demand of 0.21 units/day,,0.0,0.0,0.0,0.0,0.0,0,100.0
1499,LOW,BR001,MED483,Clotrimazole Cream 1% (CureLine Healthcare),Dermatological,9,19.38,2.177,10.62,LOW,NO_REORDER,0,NORMAL,LOW,MONITOR,No active issue: 19.4 days of cover: 9 units in stock at expected demand of 0.46 units/day,,0.0,0.0,0.0,0.0,0.0,0,100.0
1500,LOW,BR001,MED484,Clotrimazole Cream 2%,Dermatological,12,67.2,1.045,5.387,LOW,NO_REORDER,0,NORMAL,LOW,MONITOR,No active issue: 67.2 days of cover: 12 units in stock at expected demand of 0.18 units/day,,0.0,0.0,0.0,0.0,0.0,0,100.0
1501,LOW,BR001,MED487,Fusidic Acid Cream 2% (ApexLife Pharma),Dermatological,6,24.0,1.061,4.832,LOW,NO_REORDER,0,NORMAL,LOW,MONITOR,No active issue: 24.0 days of cover: 6 units in stock at expected demand of 0.25 units/day,,0.0,0.0,0.0,0.0,0.0,0,100.0
1502,LOW,BR001,MED488,Fusidic Acid Cream 2% (BlueCrest Pharma),Dermatological,6,28.0,1.23,4.448,LOW,NO_REORDER,0,NORMAL,LOW,MONITOR,No active issue: 28.0 days of cover: 6 units in stock at expected demand of 0.21 units/day,,0.0,0.0,0.0,0.0,0.0,0,100.0
1503,LOW,BR001,MED494,Ketoconazole Shampoo 2% (LifeSpring Pharma),Dermatological,11,51.33,0.901,4.643,LOW,NO_REORDER,0,NORMAL,LOW,MONITOR,No active issue: 51.3 days of cover: 11 units in stock at expected demand of 0.21 units/day,,0.0,0.0,0.0,0.0,0.0,0,100.0
1504,LOW,BR001,MED495,Ketoconazole Shampoo 2% (VitaCure Remedies),Dermatological,9,42.0,1.24,5.401,LOW,NO_REORDER,0,NORMAL,LOW,MONITOR,No active issue: 42.0 days of cover: 9 units in stock at expected demand of 0.21 units/day,,0.0,0.0,0.0,0.0,0.0,0,100.0
1505,LOW,BR001,MED496,Mupirocin Ointment 2% (ApexLife Pharma),Dermatological,12,42.0,1.151,5.61,LOW,NO_REORDER,0,NORMAL,LOW,MONITOR,No active issue: 42.0 days of cover: 12 units in stock at expected demand of 0.29 units/day,,0.0,0.0,0.0,0.0,0.0,0,100.0
1506,LOW,BR001,MED499,Mupirocin Ointment 2% (Summit Lifesciences),Dermatological,10,35.0,1.264,6.319,LOW,NO_REORDER,0,NORMAL,LOW,MONITOR,No active issue: 35.0 days of cover: 10 units in stock at expected demand of 0.29 units/day,,0.0,0.0,0.0,0.0,0.0,0,100.0
1507,LOW,BR002,MED004,Azithromycin 500mg,Antibiotics,5,67.31,0.52,2.176,LOW,NO_REORDER,0,NORMAL,LOW,MONITOR,No active issue: 67.3 days of cover: 5 units in stock at expected demand of 0.07 units/day,,0.0,0.0,0.0,0.0,0.0,0,100.0
1508,LOW,BR002,MED008,Fexofenadine 120mg,Antihistamines,11,61.6,0.751,3.105,LOW,NO_REORDER,0,NORMAL,LOW,MONITOR,No active issue: 61.6 days of cover: 11 units in stock at expected demand of 0.18 units/day,,0.0,0.0,0.0,0.0,0.0,0,100.0
1509,LOW,BR002,MED009,Pantoprazole 40mg,Gastrointestinal,47,17.88,18.401,76.38,LOW,NO_REORDER,0,NORMAL,LOW,MONITOR,No active issue: 17.9 days of cover: 47 units in stock at expected demand of 2.63 units/day,,0.0,0.0,0.0,0.0,0.0,0,100.0
1510,LOW,BR002,MED010,Ondansetron 4mg,Gastrointestinal,7,49.0,0.535,2.612,LOW,NO_REORDER,0,NORMAL,LOW,MONITOR,No active issue: 49.0 days of cover: 7 units in stock at expected demand of 0.14 units/day,,0.0,0.0,0.0,0.0,0.0,0,100.0
1511,LOW,BR002,MED014,Glimepiride 2mg,Antidiabetic,44,19.56,14.464,66.367,LOW,NO_REORDER,0,NORMAL,LOW,MONITOR,No active issue: 19.6 days of cover: 44 units in stock at expected demand of 2.25 units/day,,0.0,0.0,0.0,0.0,0.0,0,100.0
1512,LOW,BR002,MED020,Mupirocin Ointment 2%,Dermatological,13,28.0,2.896,12.929,LOW,NO_REORDER,0,NORMAL,LOW,MONITOR,No active issue: 28.0 days of cover: 13 units in stock at expected demand of 0.46 units/day,,0.0,0.0,0.0,0.0,0.0,0,100.0
1513,LOW,BR002,MED023,Naproxen 250mg,Analgesics,6,33.6,0.703,3.86,LOW,NO_REORDER,0,NORMAL,LOW,MONITOR,No active issue: 33.6 days of cover: 6 units in stock at expected demand of 0.18 units/day,,0.0,0.0,0.0,0.0,0.0,0,100.0
1514,LOW,BR002,MED025,Ciprofloxacin 500mg,Antibiotics,10,20.0,2.796,13.415,LOW,NO_REORDER,0,NORMAL,LOW,MONITOR,No active issue: 20.0 days of cover: 10 units in stock at expected demand of 0.50 units/day,,0.0,0.0,0.0,0.0,0.0,0,100.0
1515,LOW,BR002,MED026,Doxycycline 100mg,Antibiotics,7,39.2,1.059,4.627,LOW,NO_REORDER,0,NORMAL,MEDIUM,MONITOR,No active issue: 39.2 days of cover: 7 units in stock at expected demand of 0.18 units/day,,0.0,0.0,0.0,0.0,0.0,0,100.0
1516,LOW,BR002,MED029,Paracetamol Drops 100mg/ml,Antipyretics,8,44.8,0.782,3.782,LOW,NO_REORDER,0,NORMAL,LOW,MONITOR,No active issue: 44.8 days of cover: 8 units in stock at expected demand of 0.18 units/day,,0.0,0.0,0.0,0.0,0.0,0,100.0
1517,LOW,BR002,MED032,Chlorpheniramine 4mg,Antihistamines,9,84.0,0.708,3.5,LOW,NO_REORDER,0,NORMAL,MEDIUM,MONITOR,No active issue: 84.0 days of cover: 9 units in stock at expected demand of 0.11 units/day,,0.0,0.0,0.0,0.0,0.0,0,100.0
1518,LOW,BR002,MED036,Loperamide 2mg,Gastrointestinal,7,21.78,1.123,5.533,LOW,NO_REORDER,0,NORMAL,LOW,MONITOR,No active issue: 21.8 days of cover: 7 units in stock at expected demand of 0.32 units/day,,0.0,0.0,0.0,0.0,0.0,0,100.0
1519,LOW,BR002,MED037,Telmisartan 40mg,Cardiovascular,209,25.26,57.928,246.605,LOW,NO_REORDER,0,NORMAL,MEDIUM,MONITOR,No active issue: 25.3 days of cover: 209 units in stock at expected demand of 8.28 units/day,,0.0,0.0,0.0,0.0,0.0,0,100.0
1520,LOW,BR002,MED038,Losartan 50mg,Cardiovascular,13,36.4,2.244,11.114,LOW,NO_REORDER,0,NORMAL,LOW,MONITOR,No active issue: 36.4 days of cover: 13 units in stock at expected demand of 0.36 units/day,,0.0,0.0,0.0,0.0,0.0,0,100.0
1521,LOW,BR002,MED039,Metoprolol 50mg,Cardiovascular,25,21.21,7.506,35.646,LOW,NO_REORDER,0,NORMAL,LOW,MONITOR,No active issue: 21.2 days of cover: 25 units in stock at expected demand of 1.18 units/day,,0.0,0.0,0.0,0.0,0.0,0,100.0
1522,LOW,BR002,MED041,Clopidogrel 75mg,Cardiovascular,10,56.0,0.71,3.717,LOW,NO_REORDER,0,NORMAL,LOW,MONITOR,No active issue: 56.0 days of cover: 10 units in stock at expected demand of 0.18 units/day,,0.0,0.0,0.0,0.0,0.0,0,100.0
1523,LOW,BR002,MED044,Sitagliptin 100mg,Antidiabetic,12,33.6,1.278,6.712,LOW,NO_REORDER,0,NORMAL,LOW,MONITOR,No active issue: 33.6 days of cover: 12 units in stock at expected demand of 0.36 units/day,,0.0,0.0,0.0,0.0,0.0,0,100.0
1524,LOW,BR002,MED047,Budesonide Inhaler 200mcg,Respiratory,8,56.0,0.537,2.727,LOW,NO_REORDER,0,NORMAL,LOW,MONITOR,No active issue: 56.0 days of cover: 8 units in stock at expected demand of 0.14 units/day,,0.0,0.0,0.0,0.0,0.0,0,100.0
1525,LOW,BR002,MED049,Multivitamin B-complex+C,Vitamins,35,17.82,11.553,54.201,LOW,NO_REORDER,0,NORMAL,LOW,MONITOR,No active issue: 17.8 days of cover: 35 units in stock at expected demand of 1.96 units/day,,0.0,0.0,0.0,0.0,0.0,0,100.0
1526,LOW,BR002,MED052,Hydrocortisone Cream 1%,Dermatological,4,28.0,0.616,2.696,LOW,NO_REORDER,0,NORMAL,LOW,MONITOR,No active issue: 28.0 days of cover: 4 units in stock at expected demand of 0.14 units/day,,0.0,0.0,0.0,0.0,0.0,0,100.0
1527,LOW,BR002,MED053,Fusidic Acid Cream 2%,Dermatological,7,49.0,0.672,3.24,LOW,NO_REORDER,0,NORMAL,LOW,MONITOR,No active issue: 49.0 days of cover: 7 units in stock at expected demand of 0.14 units/day,,0.0,0.0,0.0,0.0,0.0,0,100.0
1528,LOW,BR002,MED055,Ketoconazole Shampoo 2%,Dermatological,6,16.8,1.477,6.354,LOW,NO_REORDER,0,NORMAL,LOW,MONITOR,No active issue: 16.8 days of cover: 6 units in stock at expected demand of 0.36 units/day,,0.0,0.0,0.0,0.0,0.0,0,100.0
1529,LOW,BR002,MED056,Aceclofenac + Paracetamol 100mg/325mg (HealthAxis Pharma),Analgesics,7,65.33,0.62,3.324,LOW,NO_REORDER,0,NORMAL,LOW,MONITOR,No active issue: 65.3 days of cover: 7 units in stock at expected demand of 0.11 units/day,,0.0,0.0,0.0,0.0,0.0,0,100.0
1530,LOW,BR002,MED058,Aceclofenac + Paracetamol 100mg/325mg (VitaCure Remedies),Analgesics,10,14.0,3.612,18.164,LOW,NO_REORDER,0,NORMAL,LOW,MONITOR,No active issue: 14.0 days of cover: 10 units in stock at expected demand of 0.71 units/day,,0.0,0.0,0.0,0.0,0.0,0,100.0
1531,LOW,BR002,MED059,Diclofenac 50mg (Aarogya Formulations),Analgesics,7,65.33,0.534,2.671,LOW,NO_REORDER,0,NORMAL,MEDIUM,MONITOR,No active issue: 65.3 days of cover: 7 units in stock at expected demand of 0.11 units/day,,0.0,0.0,0.0,0.0,0.0,0,100.0
1532,LOW,BR002,MED060,Diclofenac 50mg (CarePlus Laboratories),Analgesics,31,29.67,7.315,34.34,LOW,NO_REORDER,0,NORMAL,LOW,MONITOR,No active issue: 29.7 days of cover: 31 units in stock at expected demand of 1.05 units/day,,0.0,0.0,0.0,0.0,0.0,0,100.0
1533,LOW,BR002,MED061,Diclofenac 50mg (Stellar Formulations),Analgesics,7,21.78,1.243,5.917,LOW,NO_REORDER,0,NORMAL,MEDIUM,MONITOR,No active issue: 21.8 days of cover: 7 units in stock at expected demand of 0.32 units/day,,0.0,0.0,0.0,0.0,0.0,0,100.0
1534,LOW,BR002,MED062,Diclofenac 50mg (TrueLife Remedies),Analgesics,9,84.0,0.502,2.823,LOW,NO_REORDER,0,NORMAL,LOW,MONITOR,No active issue: 84.0 days of cover: 9 units in stock at expected demand of 0.11 units/day,,0.0,0.0,0.0,0.0,0.0,0,100.0
1535,LOW,BR002,MED066,Diclofenac 100mg (VitaCure Remedies),Analgesics,8,56.0,0.79,4.375,LOW,NO_REORDER,0,NORMAL,LOW,MONITOR,No active issue: 56.0 days of cover: 8 units in stock at expected demand of 0.14 units/day,,0.0,0.0,0.0,0.0,0.0,0,100.0
1536,LOW,BR002,MED067,Ibuprofen 400mg (Aarogya Formulations),Analgesics,4,37.33,0.422,2.071,LOW,NO_REORDER,0,NORMAL,LOW,MONITOR,No active issue: 37.3 days of cover: 4 units in stock at expected demand of 0.11 units/day,,0.0,0.0,0.0,0.0,0.0,0,100.0
1537,LOW,BR002,MED068,Ibuprofen 400mg (CureLine Healthcare),Analgesics,6,81.71,0.514,2.633,LOW,NO_REORDER,0,NORMAL,LOW,MONITOR,No active issue: 81.7 days of cover: 6 units in stock at expected demand of 0.07 units/day,,0.0,0.0,0.0,0.0,0.0,0,100.0
1538,LOW,BR002,MED069,Ibuprofen 400mg (HealthAxis Pharma),Analgesics,8,18.67,2.437,12.372,LOW,NO_REORDER,0,NORMAL,LOW,MONITOR,No active issue: 18.7 days of cover: 8 units in stock at expected demand of 0.43 units/day,,0.0,0.0,0.0,0.0,0.0,0,100.0
1539,LOW,BR002,MED073,Ibuprofen 200mg,Analgesics,17,27.4,4.343,19.521,LOW,NO_REORDER,0,NORMAL,LOW,MONITOR,No active issue: 27.4 days of cover: 17 units in stock at expected demand of 0.62 units/day,,0.0,0.0,0.0,0.0,0.0,0,100.0
1540,LOW,BR002,MED075,Ibuprofen 200mg (Summit Lifesciences),Analgesics,14,38.24,2.563,11.539,LOW,NO_REORDER,0,NORMAL,LOW,MONITOR,No active issue: 38.2 days of cover: 14 units in stock at expected demand of 0.37 units/day,,0.0,0.0,0.0,0.0,0.0,0,100.0
1541,LOW,BR002,MED076,Ibuprofen 200mg (TrueLife Remedies),Analgesics,18,24.0,4.877,23.441,LOW,NO_REORDER,0,NORMAL,LOW,MONITOR,No active issue: 24.0 days of cover: 18 units in stock at expected demand of 0.75 units/day,,0.0,0.0,0.0,0.0,0.0,0,100.0
1542,LOW,BR002,MED078,Ibuprofen 600mg,Analgesics,11,16.21,4.087,21.206,LOW,NO_REORDER,0,NORMAL,LOW,MONITOR,No active issue: 16.2 days of cover: 11 units in stock at expected demand of 0.68 units/day,,0.0,0.0,0.0,0.0,0.0,0,100.0
1543,LOW,BR002,MED080,Ibuprofen 600mg (HealthAxis Pharma),Analgesics,11,34.22,1.309,6.401,LOW,NO_REORDER,0,NORMAL,LOW,MONITOR,No active issue: 34.2 days of cover: 11 units in stock at expected demand of 0.32 units/day,,0.0,0.0,0.0,0.0,0.0,0,100.0
1544,LOW,BR002,MED092,Paracetamol 500mg (LifeSpring Pharma),Analgesics,14,106.52,0.92,4.814,LOW,NO_REORDER,0,OVERSTOCK,LOW,REVIEW_OVERSTOCK,140 days of cover at the recent 0.10 units/day (limit 90): about -0 units above the limit,,0.0,0.0,-0.0,0.0,0.0,0,100.0
1545,LOW,BR002,MED094,Paracetamol 250mg (Stellar Formulations),Analgesics,6,24.0,1.28,7.599,LOW,NO_REORDER,0,NORMAL,LOW,MONITOR,No active issue: 24.0 days of cover: 6 units in stock at expected demand of 0.25 units/day,,0.0,0.0,0.0,0.0,0.0,0,100.0
1546,LOW,BR002,MED098,Amoxicillin 250mg (NovaMed Laboratories),Antibiotics,13,20.22,3.896,18.42,LOW,NO_REORDER,0,NORMAL,LOW,MONITOR,No active issue: 20.2 days of cover: 13 units in stock at expected demand of 0.64 units/day,,0.0,0.0,0.0,0.0,0.0,0,100.0
1547,LOW,BR002,MED099,Amoxicillin 250mg (Stellar Formulations),Antibiotics,5,35.0,0.585,2.829,LOW,NO_REORDER,0,NORMAL,LOW,MONITOR,No active issue: 35.0 days of cover: 5 units in stock at expected demand of 0.14 units/day,,0.0,0.0,0.0,0.0,0.0,0,100.0
1548,LOW,BR002,MED101,Amoxicillin + Clavulanic Acid 625mg (CureLine Healthcare),Antibiotics,9,84.0,0.504,2.667,LOW,NO_REORDER,0,NORMAL,LOW,MONITOR,No active issue: 84.0 days of cover: 9 units in stock at expected demand of 0.11 units/day,,0.0,0.0,0.0,0.0,0.0,0,100.0
1549,LOW,BR002,MED106,Amoxicillin + Clavulanic Acid 375mg (Summit Lifesciences),Antibiotics,7,39.2,0.82,3.841,LOW,NO_REORDER,0,NORMAL,LOW,MONITOR,No active issue: 39.2 days of cover: 7 units in stock at expected demand of 0.18 units/day,,0.0,0.0,0.0,0.0,0.0,0,100.0
1550,LOW,BR002,MED108,Azithromycin 500mg (Aarogya Formulations),Antibiotics,15,30.0,3.017,13.721,LOW,NO_REORDER,0,NORMAL,LOW,MONITOR,No active issue: 30.0 days of cover: 15 units in stock at expected demand of 0.50 units/day,,0.0,0.0,0.0,0.0,0.0,0,100.0
1551,LOW,BR002,MED109,Azithromycin 500mg (ApexLife Pharma),Antibiotics,8,20.36,1.387,6.896,LOW,NO_REORDER,0,NORMAL,LOW,MONITOR,No active issue: 20.4 days of cover: 8 units in stock at expected demand of 0.39 units/day,,0.0,0.0,0.0,0.0,0.0,0,100.0
1552,LOW,BR002,MED111,Azithromycin 250mg,Antibiotics,8,44.8,0.951,4.441,LOW,NO_REORDER,0,NORMAL,LOW,MONITOR,No active issue: 44.8 days of cover: 8 units in stock at expected demand of 0.18 units/day,,0.0,0.0,0.0,0.0,0.0,0,100.0
1553,LOW,BR002,MED112,Azithromycin 250mg (ApexLife Pharma),Antibiotics,11,61.6,1.149,5.27,LOW,NO_REORDER,0,NORMAL,LOW,MONITOR,No active issue: 61.6 days of cover: 11 units in stock at expected demand of 0.18 units/day,,0.0,0.0,0.0,0.0,0.0,0,100.0
1554,LOW,BR002,MED114,Azithromycin 250mg (CarePlus Laboratories),Antibiotics,8,17.23,2.237,10.85,LOW,NO_REORDER,0,NORMAL,LOW,MONITOR,No active issue: 17.2 days of cover: 8 units in stock at expected demand of 0.46 units/day,,0.0,0.0,0.0,0.0,0.0,0,100.0
1555,LOW,BR002,MED115,Azithromycin 250mg (CureLine Healthcare),Antibiotics,5,23.33,0.611,3.206,LOW,NO_REORDER,0,NORMAL,LOW,MONITOR,No active issue: 23.3 days of cover: 5 units in stock at expected demand of 0.21 units/day,,0.0,0.0,0.0,0.0,0.0,0,100.0
1556,LOW,BR002,MED119,Azithromycin 250mg (TrueLife Remedies),Antibiotics,5,35.0,0.665,2.875,LOW,NO_REORDER,0,NORMAL,LOW,MONITOR,No active issue: 35.0 days of cover: 5 units in stock at expected demand of 0.14 units/day,,0.0,0.0,0.0,0.0,0.0,0,100.0
1557,LOW,BR002,MED120,Cefixime 200mg (ApexLife Pharma),Antibiotics,12,33.6,2.218,11.218,LOW,NO_REORDER,0,NORMAL,LOW,MONITOR,No active issue: 33.6 days of cover: 12 units in stock at expected demand of 0.36 units/day,,0.0,0.0,0.0,0.0,0.0,0,100.0
1558,LOW,BR002,MED125,Cefixime 100mg (HealthAxis Pharma),Antibiotics,9,50.4,0.907,4.318,LOW,NO_REORDER,0,NORMAL,LOW,MONITOR,No active issue: 50.4 days of cover: 9 units in stock at expected demand of 0.18 units/day,,0.0,0.0,0.0,0.0,0.0,0,100.0
1559,LOW,BR002,MED126,Cefixime 100mg (NovaMed Laboratories),Antibiotics,3,28.0,0.439,2.331,LOW,NO_REORDER,0,NORMAL,LOW,MONITOR,No active issue: 28.0 days of cover: 3 units in stock at expected demand of 0.11 units/day,,0.0,0.0,0.0,0.0,0.0,0,100.0
1560,LOW,BR002,MED129,Ciprofloxacin 250mg,Antibiotics,8,44.8,0.907,4.313,LOW,NO_REORDER,0,NORMAL,LOW,MONITOR,No active issue: 44.8 days of cover: 8 units in stock at expected demand of 0.18 units/day,,0.0,0.0,0.0,0.0,0.0,0,100.0
1561,LOW,BR002,MED131,Doxycycline 100mg (Aarogya Formulations),Antibiotics,10,21.54,2.653,13.082,LOW,NO_REORDER,0,NORMAL,LOW,MONITOR,No active issue: 21.5 days of cover: 10 units in stock at expected demand of 0.46 units/day,,0.0,0.0,0.0,0.0,0.0,0,100.0
1562,LOW,BR002,MED132,Doxycycline 100mg (ApexLife Pharma),Antibiotics,7,39.2,0.633,3.215,LOW,NO_REORDER,0,NORMAL,LOW,MONITOR,No active issue: 39.2 days of cover: 7 units in stock at expected demand of 0.18 units/day,,0.0,0.0,0.0,0.0,0.0,0,100.0
1563,LOW,BR002,MED133,Doxycycline 100mg (HealthAxis Pharma),Antibiotics,3,60.34,0.348,1.424,LOW,NO_REORDER,0,OVERSTOCK,LOW,REVIEW_OVERSTOCK,3 units in stock and no units sold in the last 30 days; forecast demand would absorb the stock,,0.0,0.0,-0.0,0.0,0.0,0,100.0
1564,LOW,BR002,MED134,Doxycycline 100mg (Summit Lifesciences),Antibiotics,9,36.0,1.745,8.116,LOW,NO_REORDER,0,NORMAL,LOW,MONITOR,No active issue: 36.0 days of cover: 9 units in stock at expected demand of 0.25 units/day,,0.0,0.0,0.0,0.0,0.0,0,100.0
1565,LOW,BR002,MED138,Mefenamic Acid 250mg (NovaMed Laboratories),Antipyretics,13,20.22,3.629,17.054,LOW,NO_REORDER,0,NORMAL,MEDIUM,MONITOR,No active issue: 20.2 days of cover: 13 units in stock at expected demand of 0.64 units/day,,0.0,0.0,0.0,0.0,0.0,0,100.0
1566,LOW,BR002,MED149,Paracetamol 650mg (Aarogya Formulations),Antipyretics,5,15.56,1.441,6.741,LOW,NO_REORDER,0,NORMAL,LOW,MONITOR,No active issue: 15.6 days of cover: 5 units in stock at expected demand of 0.32 units/day,,0.0,0.0,0.0,0.0,0.0,0,100.0
1567,LOW,BR002,MED151,Paracetamol Drops 100mg/ml (Aarogya Formulations),Antipyretics,10,40.0,1.337,6.777,LOW,NO_REORDER,0,NORMAL,LOW,MONITOR,No active issue: 40.0 days of cover: 10 units in stock at expected demand of 0.25 units/day,,0.0,0.0,0.0,0.0,0.0,0,100.0
1568,LOW,BR002,MED153,Paracetamol Suspension 250mg/5ml (BlueCrest Pharma),Antipyretics,3,42.0,0.385,1.991,LOW,NO_REORDER,0,NORMAL,MEDIUM,MONITOR,No active issue: 42.0 days of cover: 3 units in stock at expected demand of 0.07 units/day,,0.0,0.0,0.0,0.0,0.0,0,100.0
1569,LOW,BR002,MED156,Paracetamol Suspension 250mg/5ml (TrueLife Remedies),Antipyretics,8,32.0,0.859,4.627,LOW,NO_REORDER,0,NORMAL,LOW,MONITOR,No active issue: 32.0 days of cover: 8 units in stock at expected demand of 0.25 units/day,,0.0,0.0,0.0,0.0,0.0,0,100.0
1570,LOW,BR002,MED161,Paracetamol Suspension 125mg/5ml (VitaCure Remedies),Antipyretics,8,32.0,0.829,4.529,LOW,NO_REORDER,0,NORMAL,LOW,MONITOR,No active issue: 32.0 days of cover: 8 units in stock at expected demand of 0.25 units/day,,0.0,0.0,0.0,0.0,0.0,0,100.0
1571,LOW,BR002,MED162,Cetirizine 10mg (ApexLife Pharma),Antihistamines,8,17.23,2.287,11.569,LOW,NO_REORDER,0,NORMAL,LOW,MONITOR,No active issue: 17.2 days of cover: 8 units in stock at expected demand of 0.46 units/day,,0.0,0.0,0.0,0.0,0.0,0,100.0
1572,LOW,BR002,MED164,Cetirizine 10mg (LifeSpring Pharma),Antihistamines,8,56.0,0.849,4.552,LOW,NO_REORDER,0,NORMAL,LOW,MONITOR,No active issue: 56.0 days of cover: 8 units in stock at expected demand of 0.14 units/day,,0.0,0.0,0.0,0.0,0.0,0,100.0
1573,LOW,BR002,MED166,Cetirizine 10mg (Summit Lifesciences),Antihistamines,14,88.53,1.107,6.555,LOW,NO_REORDER,0,OVERSTOCK,LOW,REVIEW_OVERSTOCK,105 days of cover at the recent 0.13 units/day (limit 90): about -0 units above the limit,,0.0,0.0,-0.0,0.0,0.0,0,100.0
1574,LOW,BR002,MED168,Cetirizine 5mg,Antihistamines,9,82.79,0.761,3.755,LOW,NO_REORDER,0,NORMAL,LOW,MONITOR,No active issue: 82.8 days of cover: 9 units in stock at expected demand of 0.11 units/day,,0.0,0.0,0.0,0.0,0.0,0,100.0
1575,LOW,BR002,MED172,Cetirizine 5mg (Summit Lifesciences),Antihistamines,13,40.44,1.398,7.203,LOW,NO_REORDER,0,NORMAL,LOW,MONITOR,No active issue: 40.4 days of cover: 13 units in stock at expected demand of 0.32 units/day,,0.0,0.0,0.0,0.0,0.0,0,100.0
1576,LOW,BR002,MED174,Cetirizine 5mg (VitaCure Remedies),Antihistamines,10,70.0,0.609,3.014,LOW,NO_REORDER,0,NORMAL,LOW,MONITOR,No active issue: 70.0 days of cover: 10 units in stock at expected demand of 0.14 units/day,,0.0,0.0,0.0,0.0,0.0,0,100.0
1577,LOW,BR002,MED177,Chlorpheniramine 4mg (CarePlus Laboratories),Antihistamines,8,44.8,0.914,3.707,LOW,NO_REORDER,0,NORMAL,LOW,MONITOR,No active issue: 44.8 days of cover: 8 units in stock at expected demand of 0.18 units/day,,0.0,0.0,0.0,0.0,0.0,0,100.0
1578,LOW,BR002,MED178,Chlorpheniramine 4mg (HealthAxis Pharma),Antihistamines,9,63.0,0.843,4.044,LOW,NO_REORDER,0,NORMAL,LOW,MONITOR,No active issue: 63.0 days of cover: 9 units in stock at expected demand of 0.14 units/day,,0.0,0.0,0.0,0.0,0.0,0,100.0
1579,LOW,BR002,MED179,Chlorpheniramine 4mg (LifeSpring Pharma),Antihistamines,13,30.33,2.758,13.255,LOW,NO_REORDER,0,NORMAL,LOW,MONITOR,No active issue: 30.3 days of cover: 13 units in stock at expected demand of 0.43 units/day,,0.0,0.0,0.0,0.0,0.0,0,100.0
1580,LOW,BR002,MED181,Fexofenadine 120mg (ApexLife Pharma),Antihistamines,9,42.0,0.783,3.914,LOW,NO_REORDER,0,NORMAL,LOW,MONITOR,No active issue: 42.0 days of cover: 9 units in stock at expected demand of 0.21 units/day,,0.0,0.0,0.0,0.0,0.0,0,100.0
1581,LOW,BR002,MED183,Fexofenadine 120mg (CureLine Healthcare),Antihistamines,11,38.5,1.079,5.052,LOW,NO_REORDER,0,NORMAL,LOW,MONITOR,No active issue: 38.5 days of cover: 11 units in stock at expected demand of 0.29 units/day,,0.0,0.0,0.0,0.0,0.0,0,100.0
1582,LOW,BR002,MED186,Fexofenadine 180mg,Antihistamines,17,19.04,4.483,23.91,LOW,NO_REORDER,0,NORMAL,MEDIUM,MONITOR,No active issue: 19.0 days of cover: 17 units in stock at expected demand of 0.89 units/day,,0.0,0.0,0.0,0.0,0.0,0,100.0
1583,LOW,BR002,MED189,Fexofenadine 180mg (TrueLife Remedies),Antihistamines,7,65.33,0.683,3.31,LOW,NO_REORDER,0,NORMAL,LOW,MONITOR,No active issue: 65.3 days of cover: 7 units in stock at expected demand of 0.11 units/day,,0.0,0.0,0.0,0.0,0.0,0,100.0
1584,LOW,BR002,MED192,Levocetirizine 5mg (CureLine Healthcare),Antihistamines,16,49.78,1.473,7.17,LOW,NO_REORDER,0,NORMAL,LOW,MONITOR,No active issue: 49.8 days of cover: 16 units in stock at expected demand of 0.32 units/day,,0.0,0.0,0.0,0.0,0.0,0,100.0
1585,LOW,BR002,MED193,Levocetirizine 5mg (LifeSpring Pharma),Antihistamines,10,31.11,1.193,5.779,LOW,NO_REORDER,0,NORMAL,LOW,MONITOR,No active issue: 31.1 days of cover: 10 units in stock at expected demand of 0.32 units/day,,0.0,0.0,0.0,0.0,0.0,0,100.0
1586,LOW,BR002,MED195,Levocetirizine 5mg (VitaCure Remedies),Antihistamines,9,84.0,0.542,2.512,LOW,NO_REORDER,0,NORMAL,LOW,MONITOR,No active issue: 84.0 days of cover: 9 units in stock at expected demand of 0.11 units/day,,0.0,0.0,0.0,0.0,0.0,0,100.0
1587,LOW,BR002,MED196,Levocetirizine 2.5mg,Antihistamines,9,107.69,0.585,3.151,LOW,NO_REORDER,0,OVERSTOCK,MEDIUM,REVIEW_OVERSTOCK,135 days of cover at the recent 0.07 units/day (limit 90): about -0 units above the limit,,0.0,0.0,-0.0,0.0,0.0,0,100.0
1588,LOW,BR002,MED197,Levocetirizine 2.5mg (LifeSpring Pharma),Antihistamines,14,28.0,3.185,16.322,LOW,NO_REORDER,0,NORMAL,LOW,MONITOR,No active issue: 28.0 days of cover: 14 units in stock at expected demand of 0.50 units/day,,0.0,0.0,0.0,0.0,0.0,0,100.0
1589,LOW,BR002,MED201,Montelukast + Levocetirizine 10mg/5mg (NovaMed Laboratories),Antihistamines,14,43.56,1.266,6.128,LOW,NO_REORDER,0,NORMAL,LOW,MONITOR,No active issue: 43.6 days of cover: 14 units in stock at expected demand of 0.32 units/day,,0.0,0.0,0.0,0.0,0.0,0,100.0
1590,LOW,BR002,MED202,Montelukast + Levocetirizine 10mg/5mg (Stellar Formulations),Antihistamines,17,59.5,1.564,8.141,LOW,NO_REORDER,0,NORMAL,LOW,MONITOR,No active issue: 59.5 days of cover: 17 units in stock at expected demand of 0.29 units/day,,0.0,0.0,0.0,0.0,0.0,0,100.0
1591,LOW,BR002,MED203,Montelukast + Levocetirizine 10mg/5mg (TrueLife Remedies),Antihistamines,7,39.2,0.992,5.387,LOW,NO_REORDER,0,NORMAL,LOW,MONITOR,No active issue: 39.2 days of cover: 7 units in stock at expected demand of 0.18 units/day,,0.0,0.0,0.0,0.0,0.0,0,100.0
1592,LOW,BR002,MED204,Montelukast + Levocetirizine 10mg/5mg (VitaCure Remedies),Antihistamines,14,54.63,1.794,8.562,LOW,NO_REORDER,0,NORMAL,LOW,MONITOR,No active issue: 54.6 days of cover: 14 units in stock at expected demand of 0.26 units/day,,0.0,0.0,0.0,0.0,0.0,0,100.0
1593,LOW,BR002,MED207,Domperidone 10mg (CureLine Healthcare),Gastrointestinal,14,35.64,1.368,6.955,LOW,NO_REORDER,0,NORMAL,LOW,MONITOR,No active issue: 35.6 days of cover: 14 units in stock at expected demand of 0.39 units/day,,0.0,0.0,0.0,0.0,0.0,0,100.0
1594,LOW,BR002,MED210,Domperidone 10mg (NovaMed Laboratories),Gastrointestinal,8,14.93,2.08,10.778,LOW,NO_REORDER,0,NORMAL,LOW,MONITOR,No active issue: 14.9 days of cover: 8 units in stock at expected demand of 0.54 units/day,,0.0,0.0,0.0,0.0,0.0,0,100.0
1595,LOW,BR002,MED211,Loperamide 2mg (Aarogya Formulations),Gastrointestinal,11,77.0,0.578,2.928,LOW,NO_REORDER,0,NORMAL,LOW,MONITOR,No active issue: 77.0 days of cover: 11 units in stock at expected demand of 0.14 units/day,,0.0,0.0,0.0,0.0,0.0,0,100.0
1596,LOW,BR002,MED212,Loperamide 2mg (BlueCrest Pharma),Gastrointestinal,9,84.0,0.474,2.502,LOW,NO_REORDER,0,NORMAL,LOW,MONITOR,No active issue: 84.0 days of cover: 9 units in stock at expected demand of 0.11 units/day,,0.0,0.0,0.0,0.0,0.0,0,100.0
1597,LOW,BR002,MED213,Loperamide 2mg (LifeSpring Pharma),Gastrointestinal,6,33.6,0.495,2.634,LOW,NO_REORDER,0,NORMAL,LOW,MONITOR,No active issue: 33.6 days of cover: 6 units in stock at expected demand of 0.18 units/day,,0.0,0.0,0.0,0.0,0.0,0,100.0
1598,LOW,BR002,MED214,Omeprazole 20mg (Aarogya Formulations),Gastrointestinal,7,65.33,0.444,2.555,LOW,NO_REORDER,0,NORMAL,LOW,MONITOR,No active issue: 65.3 days of cover: 7 units in stock at expected demand of 0.11 units/day,,0.0,0.0,0.0,0.0,0.0,0,100.0
1599,LOW,BR002,MED215,Omeprazole 20mg (CarePlus Laboratories),Gastrointestinal,13,15.17,5.006,24.026,LOW,NO_REORDER,0,NORMAL,LOW,MONITOR,No active issue: 15.2 days of cover: 13 units in stock at expected demand of 0.86 units/day,,0.0,0.0,0.0,0.0,0.0,0,100.0
1600,LOW,BR002,MED216,Omeprazole 20mg (CureLine Healthcare),Gastrointestinal,4,56.0,0.36,1.977,LOW,NO_REORDER,0,NORMAL,LOW,MONITOR,No active issue: 56.0 days of cover: 4 units in stock at expected demand of 0.07 units/day,,0.0,0.0,0.0,0.0,0.0,0,100.0
1601,LOW,BR002,MED219,Omeprazole 20mg (TrueLife Remedies),Gastrointestinal,26,28.0,6.082,28.443,LOW,NO_REORDER,0,NORMAL,LOW,MONITOR,No active issue: 28.0 days of cover: 26 units in stock at expected demand of 0.93 units/day,,0.0,0.0,0.0,0.0,0.0,0,100.0
1602,LOW,BR002,MED221,Omeprazole 40mg,Gastrointestinal,5,99.15,0.353,1.712,LOW,NO_REORDER,0,OVERSTOCK,LOW,REVIEW_OVERSTOCK,5 units in stock and no units sold in the last 30 days; forecast demand would absorb the stock,,0.0,0.0,-0.0,0.0,0.0,0,100.0
1603,LOW,BR002,MED222,Omeprazole 40mg (ApexLife Pharma),Gastrointestinal,16,40.73,2.688,13.848,LOW,NO_REORDER,0,NORMAL,LOW,MONITOR,No active issue: 40.7 days of cover: 16 units in stock at expected demand of 0.39 units/day,,0.0,0.0,0.0,0.0,0.0,0,100.0
1604,LOW,BR002,MED223,Omeprazole 40mg (LifeSpring Pharma),Gastrointestinal,12,28.0,2.532,12.914,LOW,NO_REORDER,0,NORMAL,LOW,MONITOR,No active issue: 28.0 days of cover: 12 units in stock at expected demand of 0.43 units/day,,0.0,0.0,0.0,0.0,0.0,0,100.0
1605,LOW,BR002,MED225,Omeprazole 40mg (TrueLife Remedies),Gastrointestinal,8,56.0,0.557,3.117,LOW,NO_REORDER,0,NORMAL,LOW,MONITOR,No active issue: 56.0 days of cover: 8 units in stock at expected demand of 0.14 units/day,,0.0,0.0,0.0,0.0,0.0,0,100.0
1606,LOW,BR002,MED226,Ondansetron 4mg (Aarogya Formulations),Gastrointestinal,13,30.33,2.23,10.669,LOW,NO_REORDER,0,NORMAL,LOW,MONITOR,No active issue: 30.3 days of cover: 13 units in stock at expected demand of 0.43 units/day,,0.0,0.0,0.0,0.0,0.0,0,100.0
1607,LOW,BR002,MED232,Ondansetron 4mg (Stellar Formulations),Gastrointestinal,9,63.0,0.894,4.428,LOW,NO_REORDER,0,NORMAL,LOW,MONITOR,No active issue: 63.0 days of cover: 9 units in stock at expected demand of 0.14 units/day,,0.0,0.0,0.0,0.0,0.0,0,100.0
1608,LOW,BR002,MED233,Ondansetron 4mg (Summit Lifesciences),Gastrointestinal,11,44.0,1.575,7.138,LOW,NO_REORDER,0,NORMAL,LOW,MONITOR,No active issue: 44.0 days of cover: 11 units in stock at expected demand of 0.25 units/day,,0.0,0.0,0.0,0.0,0.0,0,100.0
1609,LOW,BR002,MED240,ORS Powder 21.8g (LifeSpring Pharma),Gastrointestinal,8,32.0,1.028,4.299,LOW,NO_REORDER,0,NORMAL,MEDIUM,MONITOR,No active issue: 32.0 days of cover: 8 units in stock at expected demand of 0.25 units/day,,0.0,0.0,0.0,0.0,0.0,0,100.0
1610,LOW,BR002,MED242,ORS Powder 21.8g (Summit Lifesciences),Gastrointestinal,4,22.4,0.537,2.488,LOW,NO_REORDER,0,NORMAL,LOW,MONITOR,No active issue: 22.4 days of cover: 4 units in stock at expected demand of 0.18 units/day,,0.0,0.0,0.0,0.0,0.0,0,100.0
1611,LOW,BR002,MED243,ORS Powder 21.8g (TrueLife Remedies),Gastrointestinal,8,74.37,0.753,3.684,LOW,NO_REORDER,0,NORMAL,LOW,MONITOR,No active issue: 74.4 days of cover: 8 units in stock at expected demand of 0.11 units/day,,0.0,0.0,0.0,0.0,0.0,0,100.0
1612,LOW,BR002,MED246,Pantoprazole 40mg (CarePlus Laboratories),Gastrointestinal,9,42.0,1.034,5.05,LOW,NO_REORDER,0,NORMAL,LOW,MONITOR,No active issue: 42.0 days of cover: 9 units in stock at expected demand of 0.21 units/day,,0.0,0.0,0.0,0.0,0.0,0,100.0
1613,LOW,BR002,MED247,Pantoprazole 40mg (NovaMed Laboratories),Gastrointestinal,19,48.36,2.702,13.492,LOW,NO_REORDER,0,NORMAL,LOW,MONITOR,No active issue: 48.4 days of cover: 19 units in stock at expected demand of 0.39 units/day,,0.0,0.0,0.0,0.0,0.0,0,100.0
1614,LOW,BR002,MED252,Pantoprazole 20mg (CarePlus Laboratories),Gastrointestinal,11,61.6,0.679,3.202,LOW,NO_REORDER,0,NORMAL,LOW,MONITOR,No active issue: 61.6 days of cover: 11 units in stock at expected demand of 0.18 units/day,,0.0,0.0,0.0,0.0,0.0,0,100.0
1615,LOW,BR002,MED254,Pantoprazole 20mg (Summit Lifesciences),Gastrointestinal,6,28.0,0.709,3.471,LOW,NO_REORDER,0,NORMAL,MEDIUM,MONITOR,No active issue: 28.0 days of cover: 6 units in stock at expected demand of 0.21 units/day,,0.0,0.0,0.0,0.0,0.0,0,100.0
1616,LOW,BR002,MED257,Amlodipine 5mg (LifeSpring Pharma),Cardiovascular,31,32.95,6.585,30.545,LOW,NO_REORDER,0,NORMAL,LOW,MONITOR,No active issue: 33.0 days of cover: 31 units in stock at expected demand of 0.94 units/day,,0.0,0.0,0.0,0.0,0.0,0,100.0
1617,LOW,BR002,MED258,Amlodipine 5mg (NovaMed Laboratories),Cardiovascular,10,31.11,0.995,5.402,LOW,NO_REORDER,0,NORMAL,LOW,MONITOR,No active issue: 31.1 days of cover: 10 units in stock at expected demand of 0.32 units/day,,0.0,0.0,0.0,0.0,0.0,0,100.0
1618,LOW,BR002,MED260,Amlodipine 5mg (VitaCure Remedies),Cardiovascular,12,48.0,0.82,4.554,LOW,NO_REORDER,0,NORMAL,LOW,MONITOR,No active issue: 48.0 days of cover: 12 units in stock at expected demand of 0.25 units/day,,0.0,0.0,0.0,0.0,0.0,0,100.0
1619,LOW,BR002,MED261,Amlodipine 2.5mg,Cardiovascular,9,63.0,0.755,3.96,LOW,NO_REORDER,0,NORMAL,LOW,MONITOR,No active issue: 63.0 days of cover: 9 units in stock at expected demand of 0.14 units/day,,0.0,0.0,0.0,0.0,0.0,0,100.0
1620,LOW,BR002,MED262,Amlodipine 2.5mg (LifeSpring Pharma),Cardiovascular,16,44.8,1.666,8.95,LOW,NO_REORDER,0,NORMAL,LOW,MONITOR,No active issue: 44.8 days of cover: 16 units in stock at expected demand of 0.36 units/day,,0.0,0.0,0.0,0.0,0.0,0,100.0
1621,LOW,BR002,MED263,Amlodipine 2.5mg (Stellar Formulations),Cardiovascular,14,43.56,1.372,8.045,LOW,NO_REORDER,0,NORMAL,LOW,MONITOR,No active issue: 43.6 days of cover: 14 units in stock at expected demand of 0.32 units/day,,0.0,0.0,0.0,0.0,0.0,0,100.0
1622,LOW,BR002,MED267,Amlodipine 10mg,Cardiovascular,9,42.0,0.731,3.365,LOW,NO_REORDER,0,NORMAL,LOW,MONITOR,No active issue: 42.0 days of cover: 9 units in stock at expected demand of 0.21 units/day,,0.0,0.0,0.0,0.0,0.0,0,100.0
1623,LOW,BR002,MED268,Amlodipine 10mg (LifeSpring Pharma),Cardiovascular,4,37.33,0.402,2.094,LOW,NO_REORDER,0,NORMAL,LOW,MONITOR,No active issue: 37.3 days of cover: 4 units in stock at expected demand of 0.11 units/day,,0.0,0.0,0.0,0.0,0.0,0,100.0
1624,LOW,BR002,MED270,Aspirin 75mg (Aarogya Formulations),Cardiovascular,26,21.41,7.539,35.097,LOW,NO_REORDER,0,NORMAL,LOW,MONITOR,No active issue: 21.4 days of cover: 26 units in stock at expected demand of 1.21 units/day,,0.0,0.0,0.0,0.0,0.0,0,100.0
1625,LOW,BR002,MED271,Aspirin 75mg (ApexLife Pharma),Cardiovascular,8,56.0,0.751,4.282,LOW,NO_REORDER,0,NORMAL,LOW,MONITOR,No active issue: 56.0 days of cover: 8 units in stock at expected demand of 0.14 units/day,,0.0,0.0,0.0,0.0,0.0,0,100.0
1626,LOW,BR002,MED272,Aspirin 75mg (BlueCrest Pharma),Cardiovascular,69,14.53,32.189,141.98,LOW,NO_REORDER,0,NORMAL,LOW,MONITOR,No active issue: 14.5 days of cover: 69 units in stock at expected demand of 4.75 units/day,,0.0,0.0,0.0,0.0,0.0,0,100.0
1627,LOW,BR002,MED275,Aspirin 75mg (NovaMed Laboratories),Cardiovascular,7,49.0,0.66,3.586,LOW,NO_REORDER,0,NORMAL,LOW,MONITOR,No active issue: 49.0 days of cover: 7 units in stock at expected demand of 0.14 units/day,,0.0,0.0,0.0,0.0,0.0,0,100.0
1628,LOW,BR002,MED276,Aspirin 75mg (Stellar Formulations),Cardiovascular,56,32.34,12.123,53.306,LOW,NO_REORDER,0,NORMAL,LOW,MONITOR,No active issue: 32.3 days of cover: 56 units in stock at expected demand of 1.73 units/day,,0.0,0.0,0.0,0.0,0.0,0,100.0
1629,LOW,BR002,MED277,Aspirin 150mg,Cardiovascular,6,28.0,0.655,4.18,LOW,NO_REORDER,0,NORMAL,LOW,MONITOR,No active issue: 28.0 days of cover: 6 units in stock at expected demand of 0.21 units/day,,0.0,0.0,0.0,0.0,0.0,0,100.0
1630,LOW,BR002,MED278,Aspirin 150mg (CarePlus Laboratories),Cardiovascular,18,24.0,4.551,23.61,LOW,NO_REORDER,0,NORMAL,LOW,MONITOR,No active issue: 24.0 days of cover: 18 units in stock at expected demand of 0.75 units/day,,0.0,0.0,0.0,0.0,0.0,0,100.0
1631,LOW,BR002,MED280,Aspirin 150mg (TrueLife Remedies),Cardiovascular,25,31.19,5.61,26.874,LOW,NO_REORDER,0,NORMAL,LOW,MONITOR,No active issue: 31.2 days of cover: 25 units in stock at expected demand of 0.80 units/day,,0.0,0.0,0.0,0.0,0.0,0,100.0
1632,LOW,BR002,MED281,Atorvastatin 10mg (Aarogya Formulations),Cardiovascular,5,46.67,0.515,2.487,LOW,NO_REORDER,0,NORMAL,LOW,MONITOR,No active issue: 46.7 days of cover: 5 units in stock at expected demand of 0.11 units/day,,0.0,0.0,0.0,0.0,0.0,0,100.0
1633,LOW,BR002,MED282,Atorvastatin 10mg (ApexLife Pharma),Cardiovascular,9,16.8,1.896,10.573,LOW,NO_REORDER,0,NORMAL,LOW,MONITOR,No active issue: 16.8 days of cover: 9 units in stock at expected demand of 0.54 units/day,,0.0,0.0,0.0,0.0,0.0,0,100.0
1634,LOW,BR002,MED284,Atorvastatin 10mg (Summit Lifesciences),Cardiovascular,42,36.38,8.081,36.675,LOW,NO_REORDER,0,NORMAL,LOW,MONITOR,No active issue: 36.4 days of cover: 42 units in stock at expected demand of 1.15 units/day,,0.0,0.0,0.0,0.0,0.0,0,100.0
1635,LOW,BR002,MED286,Atorvastatin 20mg (BlueCrest Pharma),Cardiovascular,17,28.0,3.834,18.016,LOW,NO_REORDER,0,NORMAL,LOW,MONITOR,No active issue: 28.0 days of cover: 17 units in stock at expected demand of 0.61 units/day,,0.0,0.0,0.0,0.0,0.0,0,100.0
1636,LOW,BR002,MED287,Atorvastatin 20mg (CarePlus Laboratories),Cardiovascular,18,22.91,5.306,24.939,LOW,NO_REORDER,0,NORMAL,LOW,MONITOR,No active issue: 22.9 days of cover: 18 units in stock at expected demand of 0.79 units/day,,0.0,0.0,0.0,0.0,0.0,0,100.0
1637,LOW,BR002,MED291,Atorvastatin 40mg (VitaCure Remedies),Cardiovascular,9,96.77,0.651,3.81,LOW,NO_REORDER,0,NORMAL,LOW,MONITOR,No active issue: 96.8 days of cover: 9 units in stock at expected demand of 0.09 units/day,,0.0,0.0,0.0,0.0,0.0,0,100.0
1638,LOW,BR002,MED292,Clopidogrel 75mg (Aarogya Formulations),Cardiovascular,18,17.38,6.274,30.113,LOW,NO_REORDER,0,NORMAL,LOW,MONITOR,No active issue: 17.4 days of cover: 18 units in stock at expected demand of 1.04 units/day,,0.0,0.0,0.0,0.0,0.0,0,100.0
1639,LOW,BR002,MED293,Clopidogrel 75mg (BlueCrest Pharma),Cardiovascular,12,56.0,0.785,4.495,LOW,NO_REORDER,0,NORMAL,LOW,MONITOR,No active issue: 56.0 days of cover: 12 units in stock at expected demand of 0.21 units/day,,0.0,0.0,0.0,0.0,0.0,0,100.0
1640,LOW,BR002,MED295,Clopidogrel 75mg (NovaMed Laboratories),Cardiovascular,9,22.91,1.124,5.546,LOW,NO_REORDER,0,NORMAL,LOW,MONITOR,No active issue: 22.9 days of cover: 9 units in stock at expected demand of 0.39 units/day,,0.0,0.0,0.0,0.0,0.0,0,100.0
1641,LOW,BR002,MED296,Clopidogrel 75mg (Stellar Formulations),Cardiovascular,7,19.6,1.286,7.396,LOW,NO_REORDER,0,NORMAL,LOW,MONITOR,No active issue: 19.6 days of cover: 7 units in stock at expected demand of 0.36 units/day,,0.0,0.0,0.0,0.0,0.0,0,100.0
1642,LOW,BR002,MED298,Losartan 50mg (CarePlus Laboratories),Cardiovascular,12,37.33,1.028,5.68,LOW,NO_REORDER,0,NORMAL,LOW,MONITOR,No active issue: 37.3 days of cover: 12 units in stock at expected demand of 0.32 units/day,,0.0,0.0,0.0,0.0,0.0,0,100.0
1643,LOW,BR002,MED300,Losartan 25mg,Cardiovascular,9,84.0,0.697,3.875,LOW,NO_REORDER,0,NORMAL,LOW,MONITOR,No active issue: 84.0 days of cover: 9 units in stock at expected demand of 0.11 units/day,,0.0,0.0,0.0,0.0,0.0,0,100.0
1644,LOW,BR002,MED304,Losartan 25mg (Summit Lifesciences),Cardiovascular,8,74.67,0.656,3.73,LOW,NO_REORDER,0,NORMAL,LOW,MONITOR,No active issue: 74.7 days of cover: 8 units in stock at expected demand of 0.11 units/day,,0.0,0.0,0.0,0.0,0.0,0,100.0
1645,LOW,BR002,MED308,Metoprolol 50mg (CureLine Healthcare),Cardiovascular,24,34.49,4.871,20.6,LOW,NO_REORDER,0,NORMAL,LOW,MONITOR,No active issue: 34.5 days of cover: 24 units in stock at expected demand of 0.70 units/day,,0.0,0.0,0.0,0.0,0.0,0,100.0
1646,LOW,BR002,MED309,Metoprolol 50mg (NovaMed Laboratories),Cardiovascular,13,45.5,1.111,6.082,LOW,NO_REORDER,0,NORMAL,LOW,MONITOR,No active issue: 45.5 days of cover: 13 units in stock at expected demand of 0.29 units/day,,0.0,0.0,0.0,0.0,0.0,0,100.0
1647,LOW,BR002,MED311,Metoprolol 25mg (CureLine Healthcare),Cardiovascular,42,38.54,7.628,32.142,LOW,NO_REORDER,0,NORMAL,LOW,MONITOR,No active issue: 38.5 days of cover: 42 units in stock at expected demand of 1.09 units/day,,0.0,0.0,0.0,0.0,0.0,0,100.0
1648,LOW,BR002,MED312,Metoprolol 25mg (HealthAxis Pharma),Cardiovascular,25,77.78,1.551,8.928,LOW,NO_REORDER,0,NORMAL,LOW,MONITOR,No active issue: 77.8 days of cover: 25 units in stock at expected demand of 0.32 units/day,,0.0,0.0,0.0,0.0,0.0,0,100.0
1649,LOW,BR002,MED313,Metoprolol 25mg (LifeSpring Pharma),Cardiovascular,7,32.67,1.111,5.898,LOW,NO_REORDER,0,NORMAL,LOW,MONITOR,No active issue: 32.7 days of cover: 7 units in stock at expected demand of 0.21 units/day,,0.0,0.0,0.0,0.0,0.0,0,100.0
1650,LOW,BR002,MED325,Rosuvastatin 20mg (Summit Lifesciences),Cardiovascular,15,84.0,1.05,5.96,LOW,NO_REORDER,0,NORMAL,MEDIUM,MONITOR,No active issue: 84.0 days of cover: 15 units in stock at expected demand of 0.18 units/day,,0.0,0.0,0.0,0.0,0.0,0,100.0
1651,LOW,BR002,MED328,Telmisartan 40mg (CureLine Healthcare),Cardiovascular,9,63.0,0.619,3.512,LOW,NO_REORDER,0,NORMAL,MEDIUM,MONITOR,No active issue: 63.0 days of cover: 9 units in stock at expected demand of 0.14 units/day,,0.0,0.0,0.0,0.0,0.0,0,100.0
1652,LOW,BR002,MED329,Telmisartan 40mg (NovaMed Laboratories),Cardiovascular,57,15.35,24.885,115.045,LOW,NO_REORDER,0,NORMAL,LOW,MONITOR,No active issue: 15.3 days of cover: 57 units in stock at expected demand of 3.71 units/day,,0.0,0.0,0.0,0.0,0.0,0,100.0
1653,LOW,BR002,MED330,Telmisartan 40mg (Stellar Formulations),Cardiovascular,11,38.5,1.356,6.415,LOW,NO_REORDER,0,NORMAL,LOW,MONITOR,No active issue: 38.5 days of cover: 11 units in stock at expected demand of 0.29 units/day,,0.0,0.0,0.0,0.0,0.0,0,100.0
1654,LOW,BR002,MED331,Telmisartan 40mg (VitaCure Remedies),Cardiovascular,10,93.33,0.738,4.242,LOW,NO_REORDER,0,OVERSTOCK,LOW,REVIEW_OVERSTOCK,100 days of cover at the recent 0.10 units/day (limit 90): about -0 units above the limit,,0.0,0.0,-0.0,0.0,0.0,0,100.0
1655,LOW,BR002,MED334,Telmisartan 20mg (LifeSpring Pharma),Cardiovascular,15,70.0,1.184,6.296,LOW,NO_REORDER,0,NORMAL,LOW,MONITOR,No active issue: 70.0 days of cover: 15 units in stock at expected demand of 0.21 units/day,,0.0,0.0,0.0,0.0,0.0,0,100.0
1656,LOW,BR002,MED336,Telmisartan 80mg,Cardiovascular,10,28.0,1.211,6.94,LOW,NO_REORDER,0,NORMAL,LOW,MONITOR,No active issue: 28.0 days of cover: 10 units in stock at expected demand of 0.36 units/day,,0.0,0.0,0.0,0.0,0.0,0,100.0
1657,LOW,BR002,MED337,Telmisartan 80mg (ApexLife Pharma),Cardiovascular,11,51.33,1.009,5.575,LOW,NO_REORDER,0,NORMAL,LOW,MONITOR,No active issue: 51.3 days of cover: 11 units in stock at expected demand of 0.21 units/day,,0.0,0.0,0.0,0.0,0.0,0,100.0
1658,LOW,BR002,MED338,Telmisartan 80mg (BlueCrest Pharma),Cardiovascular,59,28.98,13.27,59.212,LOW,NO_REORDER,0,NORMAL,LOW,MONITOR,No active issue: 29.0 days of cover: 59 units in stock at expected demand of 2.04 units/day,,0.0,0.0,0.0,0.0,0.0,0,100.0
1659,LOW,BR002,MED340,Telmisartan 80mg (NovaMed Laboratories),Cardiovascular,7,28.0,1.119,6.359,LOW,NO_REORDER,0,NORMAL,LOW,MONITOR,No active issue: 28.0 days of cover: 7 units in stock at expected demand of 0.25 units/day,,0.0,0.0,0.0,0.0,0.0,0,100.0
1660,LOW,BR002,MED342,Telmisartan 80mg (Summit Lifesciences),Cardiovascular,16,20.36,4.356,22.795,LOW,NO_REORDER,0,NORMAL,LOW,MONITOR,No active issue: 20.4 days of cover: 16 units in stock at expected demand of 0.79 units/day,,0.0,0.0,0.0,0.0,0.0,0,100.0
1661,LOW,BR002,MED343,Telmisartan 80mg (TrueLife Remedies),Cardiovascular,11,19.25,2.45,12.904,LOW,NO_REORDER,0,NORMAL,LOW,MONITOR,No active issue: 19.2 days of cover: 11 units in stock at expected demand of 0.57 units/day,,0.0,0.0,0.0,0.0,0.0,0,100.0
1662,LOW,BR002,MED345,Gliclazide 80mg (BlueCrest Pharma),Antidiabetic,16,64.0,1.716,9.049,LOW,NO_REORDER,0,NORMAL,LOW,MONITOR,No active issue: 64.0 days of cover: 16 units in stock at expected demand of 0.25 units/day,,0.0,0.0,0.0,0.0,0.0,0,100.0
1663,LOW,BR002,MED347,Gliclazide 80mg (LifeSpring Pharma),Antidiabetic,12,24.0,2.757,13.241,LOW,NO_REORDER,0,NORMAL,LOW,MONITOR,No active issue: 24.0 days of cover: 12 units in stock at expected demand of 0.50 units/day,,0.0,0.0,0.0,0.0,0.0,0,100.0
1664,LOW,BR002,MED349,Gliclazide 40mg,Antidiabetic,17,47.6,2.384,11.966,LOW,NO_REORDER,0,NORMAL,LOW,MONITOR,No active issue: 47.6 days of cover: 17 units in stock at expected demand of 0.36 units/day,,0.0,0.0,0.0,0.0,0.0,0,100.0
1665,LOW,BR002,MED350,Gliclazide 40mg (BlueCrest Pharma),Antidiabetic,6,56.0,0.493,2.467,LOW,NO_REORDER,0,NORMAL,LOW,MONITOR,No active issue: 56.0 days of cover: 6 units in stock at expected demand of 0.11 units/day,,0.0,0.0,0.0,0.0,0.0,0,100.0
1666,LOW,BR002,MED351,Gliclazide 40mg (Lumina Pharma),Antidiabetic,14,39.2,1.523,7.104,LOW,NO_REORDER,0,NORMAL,LOW,MONITOR,No active issue: 39.2 days of cover: 14 units in stock at expected demand of 0.36 units/day,,0.0,0.0,0.0,0.0,0.0,0,100.0
1667,LOW,BR002,MED356,Glimepiride 2mg (CarePlus Laboratories),Antidiabetic,23,41.1,3.917,18.662,LOW,NO_REORDER,0,NORMAL,LOW,MONITOR,No active issue: 41.1 days of cover: 23 units in stock at expected demand of 0.56 units/day,,0.0,0.0,0.0,0.0,0.0,0,100.0
1668,LOW,BR002,MED357,Glimepiride 2mg (Stellar Formulations),Antidiabetic,16,18.67,4.738,23.881,LOW,NO_REORDER,0,NORMAL,LOW,MONITOR,No active issue: 18.7 days of cover: 16 units in stock at expected demand of 0.86 units/day,,0.0,0.0,0.0,0.0,0.0,0,100.0
1669,LOW,BR002,MED358,Glimepiride 2mg (VitaCure Remedies),Antidiabetic,29,19.33,8.604,40.992,LOW,NO_REORDER,0,NORMAL,LOW,MONITOR,No active issue: 19.3 days of cover: 29 units in stock at expected demand of 1.50 units/day,,0.0,0.0,0.0,0.0,0.0,0,100.0
1670,LOW,BR002,MED360,Glimepiride 1mg (CarePlus Laboratories),Antidiabetic,20,14.0,5.985,29.836,LOW,NO_REORDER,0,NORMAL,LOW,MONITOR,No active issue: 14.0 days of cover: 20 units in stock at expected demand of 1.43 units/day,,0.0,0.0,0.0,0.0,0.0,0,100.0
1671,LOW,BR002,MED363,Glimepiride 1mg (Summit Lifesciences),Antidiabetic,20,80.0,1.172,7.271,LOW,NO_REORDER,0,NORMAL,LOW,MONITOR,No active issue: 80.0 days of cover: 20 units in stock at expected demand of 0.25 units/day,,0.0,0.0,0.0,0.0,0.0,0,100.0
1672,LOW,BR002,MED364,Glimepiride 1mg (TrueLife Remedies),Antidiabetic,37,27.26,9.037,37.644,LOW,NO_REORDER,0,NORMAL,LOW,MONITOR,No active issue: 27.3 days of cover: 37 units in stock at expected demand of 1.36 units/day,,0.0,0.0,0.0,0.0,0.0,0,100.0
1673,LOW,BR002,MED366,Glimepiride 3mg (ApexLife Pharma),Antidiabetic,32,19.91,7.609,37.924,LOW,NO_REORDER,0,NORMAL,LOW,MONITOR,No active issue: 19.9 days of cover: 32 units in stock at expected demand of 1.61 units/day,,0.0,0.0,0.0,0.0,0.0,0,100.0
1674,LOW,BR002,MED367,Glimepiride 3mg (CureLine Healthcare),Antidiabetic,19,76.0,1.258,6.063,LOW,NO_REORDER,0,NORMAL,LOW,MONITOR,No active issue: 76.0 days of cover: 19 units in stock at expected demand of 0.25 units/day,,0.0,0.0,0.0,0.0,0.0,0,100.0
1675,LOW,BR002,MED369,Glimepiride 3mg (Stellar Formulations),Antidiabetic,11,14.0,3.934,20.507,LOW,NO_REORDER,0,NORMAL,LOW,MONITOR,No active issue: 14.0 days of cover: 11 units in stock at expected demand of 0.79 units/day,,0.0,0.0,0.0,0.0,0.0,0,100.0
1676,LOW,BR002,MED370,Glimepiride 3mg (Summit Lifesciences),Antidiabetic,13,52.0,1.05,4.562,LOW,NO_REORDER,0,NORMAL,LOW,MONITOR,No active issue: 52.0 days of cover: 13 units in stock at expected demand of 0.25 units/day,,0.0,0.0,0.0,0.0,0.0,0,100.0
1677,LOW,BR002,MED371,Glimepiride 3mg (TrueLife Remedies),Antidiabetic,5,67.7,0.517,2.716,LOW,NO_REORDER,0,OVERSTOCK,LOW,REVIEW_OVERSTOCK,150 days of cover at the recent 0.03 units/day (limit 90): about -0 units above the limit,,0.0,0.0,-0.0,0.0,0.0,0,100.0
1678,LOW,BR002,MED372,Glimepiride 3mg (VitaCure Remedies),Antidiabetic,9,21.0,2.403,12.006,LOW,NO_REORDER,0,NORMAL,LOW,MONITOR,No active issue: 21.0 days of cover: 9 units in stock at expected demand of 0.43 units/day,,0.0,0.0,0.0,0.0,0.0,0,100.0
1679,LOW,BR002,MED373,Glimepiride + Metformin 2mg/500mg (Aarogya Formulations),Antidiabetic,9,90.65,0.695,3.671,LOW,NO_REORDER,0,OVERSTOCK,LOW,REVIEW_OVERSTOCK,135 days of cover at the recent 0.07 units/day (limit 90): about -0 units above the limit,,0.0,0.0,-0.0,0.0,0.0,0,100.0
1680,LOW,BR002,MED374,Glimepiride + Metformin 2mg/500mg (Stellar Formulations),Antidiabetic,12,28.0,2.201,9.577,LOW,NO_REORDER,0,NORMAL,LOW,MONITOR,No active issue: 28.0 days of cover: 12 units in stock at expected demand of 0.43 units/day,,0.0,0.0,0.0,0.0,0.0,0,100.0
1681,LOW,BR002,MED375,Glimepiride + Metformin 2mg/500mg (Summit Lifesciences),Antidiabetic,7,39.2,0.855,4.637,LOW,NO_REORDER,0,NORMAL,LOW,MONITOR,No active issue: 39.2 days of cover: 7 units in stock at expected demand of 0.18 units/day,,0.0,0.0,0.0,0.0,0.0,0,100.0
1682,LOW,BR002,MED376,Glimepiride + Metformin 1mg/500mg,Antidiabetic,22,107.17,1.437,8.517,LOW,NO_REORDER,0,OVERSTOCK,MEDIUM,REVIEW_OVERSTOCK,132 days of cover at the recent 0.17 units/day (limit 90): about -0 units above the limit,,0.0,0.0,-0.0,0.0,0.0,0,100.0
1683,LOW,BR002,MED377,Glimepiride + Metformin 1mg/500mg (CarePlus Laboratories),Antidiabetic,8,24.89,0.973,5.321,LOW,NO_REORDER,0,NORMAL,LOW,MONITOR,No active issue: 24.9 days of cover: 8 units in stock at expected demand of 0.32 units/day,,0.0,0.0,0.0,0.0,0.0,0,100.0
1684,LOW,BR002,MED378,Glimepiride + Metformin 1mg/500mg (Stellar Formulations),Antidiabetic,17,31.73,1.998,10.569,LOW,NO_REORDER,0,NORMAL,LOW,MONITOR,No active issue: 31.7 days of cover: 17 units in stock at expected demand of 0.54 units/day,,0.0,0.0,0.0,0.0,0.0,0,100.0
1685,LOW,BR002,MED379,Glimepiride + Metformin 1mg/500mg (Summit Lifesciences),Antidiabetic,14,28.0,1.868,9.417,LOW,NO_REORDER,0,NORMAL,LOW,MONITOR,No active issue: 28.0 days of cover: 14 units in stock at expected demand of 0.50 units/day,,0.0,0.0,0.0,0.0,0.0,0,100.0
1686,LOW,BR002,MED380,Glimepiride + Metformin 1mg/500mg (VitaCure Remedies),Antidiabetic,41,33.42,8.587,39.943,LOW,NO_REORDER,0,NORMAL,LOW,MONITOR,No active issue: 33.4 days of cover: 41 units in stock at expected demand of 1.23 units/day,,0.0,0.0,0.0,0.0,0.0,0,100.0
1687,LOW,BR002,MED387,Metformin 850mg (Stellar Formulations),Antidiabetic,8,44.8,0.75,3.558,LOW,NO_REORDER,0,NORMAL,LOW,MONITOR,No active issue: 44.8 days of cover: 8 units in stock at expected demand of 0.18 units/day,,0.0,0.0,0.0,0.0,0.0,0,100.0
1688,LOW,BR002,MED389,Metformin 1000mg,Antidiabetic,15,80.89,1.298,6.625,LOW,NO_REORDER,0,NORMAL,MEDIUM,MONITOR,No active issue: 80.9 days of cover: 15 units in stock at expected demand of 0.19 units/day,,0.0,0.0,0.0,0.0,0.0,0,100.0
1689,LOW,BR002,MED397,Sitagliptin 50mg,Antidiabetic,34,53.03,4.488,21.546,LOW,NO_REORDER,0,NORMAL,LOW,MONITOR,No active issue: 53.0 days of cover: 34 units in stock at expected demand of 0.64 units/day,,0.0,0.0,0.0,0.0,0.0,0,100.0
1690,LOW,BR002,MED399,Sitagliptin 50mg (BlueCrest Pharma),Antidiabetic,56,22.72,16.941,75.709,LOW,NO_REORDER,0,NORMAL,LOW,MONITOR,No active issue: 22.7 days of cover: 56 units in stock at expected demand of 2.46 units/day,,0.0,0.0,0.0,0.0,0.0,0,100.0
1691,LOW,BR002,MED400,Sitagliptin 50mg (Crestview Pharma),Antidiabetic,9,42.0,0.809,3.797,LOW,NO_REORDER,0,NORMAL,LOW,MONITOR,No active issue: 42.0 days of cover: 9 units in stock at expected demand of 0.21 units/day,,0.0,0.0,0.0,0.0,0.0,0,100.0
1692,LOW,BR002,MED403,Sitagliptin 50mg (Stellar Formulations),Antidiabetic,10,25.45,2.101,11.469,LOW,NO_REORDER,0,NORMAL,LOW,MONITOR,No active issue: 25.5 days of cover: 10 units in stock at expected demand of 0.39 units/day,,0.0,0.0,0.0,0.0,0.0,0,100.0
1693,LOW,BR002,MED407,Ambroxol + Levosalbutamol Syrup 100ml (NovaMed Laboratories),Respiratory,31,29.93,7.184,33.47,LOW,NO_REORDER,0,NORMAL,LOW,MONITOR,No active issue: 29.9 days of cover: 31 units in stock at expected demand of 1.04 units/day,,0.0,0.0,0.0,0.0,0.0,0,100.0
1694,LOW,BR002,MED408,Ambroxol + Levosalbutamol Syrup 100ml (Summit Lifesciences),Respiratory,9,50.4,0.852,4.083,LOW,NO_REORDER,0,NORMAL,LOW,MONITOR,No active issue: 50.4 days of cover: 9 units in stock at expected demand of 0.18 units/day,,0.0,0.0,0.0,0.0,0.0,0,100.0
1695,LOW,BR002,MED409,Ambroxol + Levosalbutamol Syrup 100ml (VitaCure Remedies),Respiratory,13,72.8,0.732,3.361,LOW,NO_REORDER,0,NORMAL,LOW,MONITOR,No active issue: 72.8 days of cover: 13 units in stock at expected demand of 0.18 units/day,,0.0,0.0,0.0,0.0,0.0,0,100.0
1696,LOW,BR002,MED411,Ambroxol + Levosalbutamol Syrup 60ml (NovaMed Laboratories),Respiratory,17,22.67,4.899,22.144,LOW,NO_REORDER,0,NORMAL,LOW,MONITOR,No active issue: 22.7 days of cover: 17 units in stock at expected demand of 0.75 units/day,,0.0,0.0,0.0,0.0,0.0,0,100.0
1697,LOW,BR002,MED412,Budesonide Inhaler 200mcg (ApexLife Pharma),Respiratory,11,77.0,0.712,3.668,LOW,NO_REORDER,0,NORMAL,LOW,MONITOR,No active issue: 77.0 days of cover: 11 units in stock at expected demand of 0.14 units/day,,0.0,0.0,0.0,0.0,0.0,0,100.0
1698,LOW,BR002,MED414,Budesonide Inhaler 200mcg (VitaCure Remedies),Respiratory,12,84.0,0.703,3.622,LOW,NO_REORDER,0,NORMAL,LOW,MONITOR,No active issue: 84.0 days of cover: 12 units in stock at expected demand of 0.14 units/day,,0.0,0.0,0.0,0.0,0.0,0,100.0
1699,LOW,BR002,MED416,Dextromethorphan Syrup 100ml (HealthAxis Pharma),Respiratory,22,22.0,6.733,30.095,LOW,NO_REORDER,0,NORMAL,LOW,MONITOR,No active issue: 22.0 days of cover: 22 units in stock at expected demand of 1.00 units/day,,0.0,0.0,0.0,0.0,0.0,0,100.0
1700,LOW,BR002,MED418,Dextromethorphan Syrup 100ml (Summit Lifesciences),Respiratory,10,56.0,0.996,4.762,LOW,NO_REORDER,0,NORMAL,LOW,MONITOR,No active issue: 56.0 days of cover: 10 units in stock at expected demand of 0.18 units/day,,0.0,0.0,0.0,0.0,0.0,0,100.0
1701,LOW,BR002,MED419,Dextromethorphan Syrup 100ml (TrueLife Remedies),Respiratory,3,42.0,0.418,2.312,LOW,NO_REORDER,0,NORMAL,LOW,MONITOR,No active issue: 42.0 days of cover: 3 units in stock at expected demand of 0.07 units/day,,0.0,0.0,0.0,0.0,0.0,0,100.0
1702,LOW,BR002,MED421,Montelukast 10mg (LifeSpring Pharma),Respiratory,6,24.0,1.156,6.101,LOW,NO_REORDER,0,NORMAL,LOW,MONITOR,No active issue: 24.0 days of cover: 6 units in stock at expected demand of 0.25 units/day,,0.0,0.0,0.0,0.0,0.0,0,100.0
1703,LOW,BR002,MED424,Montelukast 10mg (TrueLife Remedies),Respiratory,18,114.34,1.102,6.069,LOW,NO_REORDER,0,OVERSTOCK,LOW,REVIEW_OVERSTOCK,135 days of cover at the recent 0.13 units/day (limit 90): about -0 units above the limit,,0.0,0.0,-0.0,0.0,0.0,0,100.0
1704,LOW,BR002,MED425,Montelukast 5mg,Respiratory,5,17.5,0.813,4.055,LOW,NO_REORDER,0,NORMAL,LOW,MONITOR,No active issue: 17.5 days of cover: 5 units in stock at expected demand of 0.29 units/day,,0.0,0.0,0.0,0.0,0.0,0,100.0
1705,LOW,BR002,MED427,Montelukast 5mg (NovaMed Laboratories),Respiratory,16,74.67,1.162,6.215,LOW,NO_REORDER,0,NORMAL,LOW,MONITOR,No active issue: 74.7 days of cover: 16 units in stock at expected demand of 0.21 units/day,,0.0,0.0,0.0,0.0,0.0,0,100.0
1706,LOW,BR002,MED428,Montelukast 5mg (Summit Lifesciences),Respiratory,11,51.33,1.241,5.849,LOW,NO_REORDER,0,NORMAL,LOW,MONITOR,No active issue: 51.3 days of cover: 11 units in stock at expected demand of 0.21 units/day,,0.0,0.0,0.0,0.0,0.0,0,100.0
1707,LOW,BR002,MED433,Salbutamol Inhaler 100mcg (Summit Lifesciences),Respiratory,6,24.0,1.181,6.65,LOW,NO_REORDER,0,NORMAL,LOW,MONITOR,No active issue: 24.0 days of cover: 6 units in stock at expected demand of 0.25 units/day,,0.0,0.0,0.0,0.0,0.0,0,100.0
1708,LOW,BR002,MED435,Salbutamol Inhaler 100mcg (VitaCure Remedies),Respiratory,11,61.6,0.822,4.092,LOW,NO_REORDER,0,NORMAL,LOW,MONITOR,No active issue: 61.6 days of cover: 11 units in stock at expected demand of 0.18 units/day,,0.0,0.0,0.0,0.0,0.0,0,100.0
1709,LOW,BR002,MED436,Salbutamol Inhaler 200mcg,Respiratory,8,16.0,2.401,11.652,LOW,NO_REORDER,0,NORMAL,LOW,MONITOR,No active issue: 16.0 days of cover: 8 units in stock at expected demand of 0.50 units/day,,0.0,0.0,0.0,0.0,0.0,0,100.0
1710,LOW,BR002,MED441,Salbutamol Inhaler 200mcg (Summit Lifesciences),Respiratory,8,100.9,0.555,2.744,LOW,NO_REORDER,0,OVERSTOCK,LOW,REVIEW_OVERSTOCK,120 days of cover at the recent 0.07 units/day (limit 90): about -0 units above the limit,,0.0,0.0,-0.0,0.0,0.0,0,100.0
1711,LOW,BR002,MED442,Calcium + Vitamin D3 500mg/250IU (Aarogya Formulations),Vitamins,10,92.84,0.754,4.152,LOW,NO_REORDER,0,OVERSTOCK,LOW,REVIEW_OVERSTOCK,100 days of cover at the recent 0.10 units/day (limit 90): about -0 units above the limit,,0.0,0.0,-0.0,0.0,0.0,0,100.0
1712,LOW,BR002,MED444,Calcium + Vitamin D3 500mg/250IU (CureLine Healthcare),Vitamins,19,28.38,4.686,21.369,LOW,NO_REORDER,0,NORMAL,LOW,MONITOR,No active issue: 28.4 days of cover: 19 units in stock at expected demand of 0.67 units/day,,0.0,0.0,0.0,0.0,0.0,0,100.0
1713,LOW,BR002,MED445,Calcium + Vitamin D3 500mg/250IU (HealthAxis Pharma),Vitamins,19,16.62,6.598,31.93,LOW,NO_REORDER,0,NORMAL,LOW,MONITOR,No active issue: 16.6 days of cover: 19 units in stock at expected demand of 1.14 units/day,,0.0,0.0,0.0,0.0,0.0,0,100.0
1714,LOW,BR002,MED447,Calcium + Vitamin D3 500mg/250IU (Summit Lifesciences),Vitamins,7,24.5,1.294,6.465,LOW,NO_REORDER,0,NORMAL,LOW,MONITOR,No active issue: 24.5 days of cover: 7 units in stock at expected demand of 0.29 units/day,,0.0,0.0,0.0,0.0,0.0,0,100.0
1715,LOW,BR002,MED448,Calcium + Vitamin D3 500mg/250IU (TrueLife Remedies),Vitamins,40,37.61,7.444,33.566,LOW,NO_REORDER,0,NORMAL,LOW,MONITOR,No active issue: 37.6 days of cover: 40 units in stock at expected demand of 1.06 units/day,,0.0,0.0,0.0,0.0,0.0,0,100.0
1716,LOW,BR002,MED450,Iron + Folic Acid 100mg/500mcg (CarePlus Laboratories),Vitamins,12,33.6,1.629,8.613,LOW,NO_REORDER,0,NORMAL,LOW,MONITOR,No active issue: 33.6 days of cover: 12 units in stock at expected demand of 0.36 units/day,,0.0,0.0,0.0,0.0,0.0,0,100.0
1717,LOW,BR002,MED453,Iron + Folic Acid 100mg/500mcg (LifeSpring Pharma),Vitamins,12,30.55,1.568,7.651,LOW,NO_REORDER,0,NORMAL,LOW,MONITOR,No active issue: 30.5 days of cover: 12 units in stock at expected demand of 0.39 units/day,,0.0,0.0,0.0,0.0,0.0,0,100.0
1718,LOW,BR002,MED455,Iron + Folic Acid 100mg/500mcg (Summit Lifesciences),Vitamins,7,32.67,0.881,4.419,LOW,NO_REORDER,0,NORMAL,LOW,MONITOR,No active issue: 32.7 days of cover: 7 units in stock at expected demand of 0.21 units/day,,0.0,0.0,0.0,0.0,0.0,0,100.0
1719,LOW,BR002,MED456,Iron + Folic Acid 100mg/500mcg (VitaCure Remedies),Vitamins,7,19.6,1.792,8.515,LOW,NO_REORDER,0,NORMAL,LOW,MONITOR,No active issue: 19.6 days of cover: 7 units in stock at expected demand of 0.36 units/day,,0.0,0.0,0.0,0.0,0.0,0,100.0
1720,LOW,BR002,MED460,Multivitamin B-complex+C (TrueLife Remedies),Vitamins,18,20.16,5.027,24.933,LOW,NO_REORDER,0,NORMAL,LOW,MONITOR,No active issue: 20.2 days of cover: 18 units in stock at expected demand of 0.89 units/day,,0.0,0.0,0.0,0.0,0.0,0,100.0
1721,LOW,BR002,MED461,Vitamin C Chewable 500mg (Aarogya Formulations),Vitamins,35,16.9,12.537,56.539,LOW,NO_REORDER,0,NORMAL,LOW,MONITOR,No active issue: 16.9 days of cover: 35 units in stock at expected demand of 2.07 units/day,,0.0,0.0,0.0,0.0,0.0,0,100.0
1722,LOW,BR002,MED462,Vitamin C Chewable 500mg (ApexLife Pharma),Vitamins,15,38.18,2.661,12.048,LOW,NO_REORDER,0,NORMAL,LOW,MONITOR,No active issue: 38.2 days of cover: 15 units in stock at expected demand of 0.39 units/day,,0.0,0.0,0.0,0.0,0.0,0,100.0
1723,LOW,BR002,MED463,Vitamin C Chewable 500mg (HealthAxis Pharma),Vitamins,11,28.0,2.048,10.712,LOW,NO_REORDER,0,NORMAL,LOW,MONITOR,No active issue: 28.0 days of cover: 11 units in stock at expected demand of 0.39 units/day,,0.0,0.0,0.0,0.0,0.0,0,100.0
1724,LOW,BR002,MED469,Vitamin C Chewable 1000mg (CureLine Healthcare),Vitamins,11,44.0,0.998,5.105,LOW,NO_REORDER,0,NORMAL,LOW,MONITOR,No active issue: 44.0 days of cover: 11 units in stock at expected demand of 0.25 units/day,,0.0,0.0,0.0,0.0,0.0,0,100.0
1725,LOW,BR002,MED470,Vitamin C Chewable 1000mg (NovaMed Laboratories),Vitamins,13,21.41,3.503,16.217,LOW,NO_REORDER,0,NORMAL,LOW,MONITOR,No active issue: 21.4 days of cover: 13 units in stock at expected demand of 0.61 units/day,,0.0,0.0,0.0,0.0,0.0,0,100.0
1726,LOW,BR002,MED473,Vitamin C Chewable 1000mg (VitaCure Remedies),Vitamins,9,19.38,2.823,14.08,LOW,NO_REORDER,0,NORMAL,LOW,MONITOR,No active issue: 19.4 days of cover: 9 units in stock at expected demand of 0.46 units/day,,0.0,0.0,0.0,0.0,0.0,0,100.0
1727,LOW,BR002,MED477,Vitamin D3 1000IU (Summit Lifesciences),Vitamins,8,74.17,0.755,4.11,LOW,NO_REORDER,0,NORMAL,LOW,MONITOR,No active issue: 74.2 days of cover: 8 units in stock at expected demand of 0.11 units/day,,0.0,0.0,0.0,0.0,0.0,0,100.0
1728,LOW,BR002,MED478,Calamine Lotion 100ml (CureLine Healthcare),Dermatological,7,39.2,0.976,4.506,LOW,NO_REORDER,0,NORMAL,LOW,MONITOR,No active issue: 39.2 days of cover: 7 units in stock at expected demand of 0.18 units/day,,0.0,0.0,0.0,0.0,0.0,0,100.0
1729,LOW,BR002,MED482,Clotrimazole Cream 1% (ApexLife Pharma),Dermatological,11,51.33,0.914,4.495,LOW,NO_REORDER,0,NORMAL,LOW,MONITOR,No active issue: 51.3 days of cover: 11 units in stock at expected demand of 0.21 units/day,,0.0,0.0,0.0,0.0,0.0,0,100.0
1730,LOW,BR002,MED487,Fusidic Acid Cream 2% (ApexLife Pharma),Dermatological,10,105.9,0.661,3.374,LOW,NO_REORDER,0,OVERSTOCK,LOW,REVIEW_OVERSTOCK,150 days of cover at the recent 0.07 units/day (limit 90): about -0 units above the limit,,0.0,0.0,-0.0,0.0,0.0,0,100.0
1731,LOW,BR002,MED491,Hydrocortisone Cream 1% (CureLine Healthcare),Dermatological,9,22.91,2.324,11.15,LOW,NO_REORDER,0,NORMAL,LOW,MONITOR,No active issue: 22.9 days of cover: 9 units in stock at expected demand of 0.39 units/day,,0.0,0.0,0.0,0.0,0.0,0,100.0
1732,LOW,BR002,MED495,Ketoconazole Shampoo 2% (VitaCure Remedies),Dermatological,5,46.67,0.529,2.382,LOW,NO_REORDER,0,NORMAL,LOW,MONITOR,No active issue: 46.7 days of cover: 5 units in stock at expected demand of 0.11 units/day,,0.0,0.0,0.0,0.0,0.0,0,100.0
1733,LOW,BR002,MED496,Mupirocin Ointment 2% (ApexLife Pharma),Dermatological,8,37.33,0.791,3.707,LOW,NO_REORDER,0,NORMAL,LOW,MONITOR,No active issue: 37.3 days of cover: 8 units in stock at expected demand of 0.21 units/day,,0.0,0.0,0.0,0.0,0.0,0,100.0
1734,LOW,BR002,MED500,Mupirocin Ointment 2% (VitaCure Remedies),Dermatological,3,28.0,0.416,1.862,LOW,NO_REORDER,0,NORMAL,LOW,MONITOR,No active issue: 28.0 days of cover: 3 units in stock at expected demand of 0.11 units/day,,0.0,0.0,0.0,0.0,0.0,0,100.0
1735,LOW,BR003,MED003,Amoxicillin 500mg,Antibiotics,12,28.0,2.317,10.503,LOW,NO_REORDER,0,NORMAL,MEDIUM,MONITOR,No active issue: 28.0 days of cover: 12 units in stock at expected demand of 0.43 units/day,,0.0,0.0,0.0,0.0,0.0,0,100.0
1736,LOW,BR003,MED004,Azithromycin 500mg,Antibiotics,12,37.33,1.512,7.634,LOW,NO_REORDER,0,NORMAL,LOW,MONITOR,No active issue: 37.3 days of cover: 12 units in stock at expected demand of 0.32 units/day,,0.0,0.0,0.0,0.0,0.0,0,100.0
1737,LOW,BR003,MED006,Paracetamol Suspension 250mg/5ml,Antipyretics,10,70.0,0.767,3.496,LOW,NO_REORDER,0,NORMAL,LOW,MONITOR,No active issue: 70.0 days of cover: 10 units in stock at expected demand of 0.14 units/day,,0.0,0.0,0.0,0.0,0.0,0,100.0
1738,LOW,BR003,MED010,Ondansetron 4mg,Gastrointestinal,6,24.0,0.672,3.967,LOW,NO_REORDER,0,NORMAL,LOW,MONITOR,No active issue: 24.0 days of cover: 6 units in stock at expected demand of 0.25 units/day,,0.0,0.0,0.0,0.0,0.0,0,100.0
1739,LOW,BR003,MED014,Glimepiride 2mg,Antidiabetic,39,14.56,17.267,80.27,LOW,NO_REORDER,0,NORMAL,LOW,MONITOR,No active issue: 14.6 days of cover: 39 units in stock at expected demand of 2.68 units/day,,0.0,0.0,0.0,0.0,0.0,0,100.0
1740,LOW,BR003,MED015,Ambroxol + Levosalbutamol Syrup 100ml,Respiratory,43,16.72,17.186,76.277,LOW,NO_REORDER,0,NORMAL,MEDIUM,MONITOR,No active issue: 16.7 days of cover: 43 units in stock at expected demand of 2.57 units/day,,0.0,0.0,0.0,0.0,0.0,0,100.0
1741,LOW,BR003,MED017,Vitamin C Chewable 500mg,Vitamins,33,17.11,11.043,50.102,LOW,NO_REORDER,0,NORMAL,LOW,MONITOR,No active issue: 17.1 days of cover: 33 units in stock at expected demand of 1.93 units/day,,0.0,0.0,0.0,0.0,0.0,0,100.0
1742,LOW,BR003,MED018,Vitamin D3 60000IU,Vitamins,10,18.67,3.034,14.646,LOW,NO_REORDER,0,NORMAL,LOW,MONITOR,No active issue: 18.7 days of cover: 10 units in stock at expected demand of 0.54 units/day,,0.0,0.0,0.0,0.0,0.0,0,100.0
1743,LOW,BR003,MED019,Clotrimazole Cream 1%,Dermatological,16,16.59,5.492,24.61,LOW,NO_REORDER,0,NORMAL,LOW,MONITOR,No active issue: 16.6 days of cover: 16 units in stock at expected demand of 0.96 units/day,,0.0,0.0,0.0,0.0,0.0,0,100.0
1744,LOW,BR003,MED020,Mupirocin Ointment 2%,Dermatological,17,34.0,2.344,12.105,LOW,NO_REORDER,0,NORMAL,LOW,MONITOR,No active issue: 34.0 days of cover: 17 units in stock at expected demand of 0.50 units/day,,0.0,0.0,0.0,0.0,0.0,0,100.0
1745,LOW,BR003,MED022,Aceclofenac + Paracetamol 100mg/325mg,Analgesics,13,24.27,3.291,16.242,LOW,NO_REORDER,0,NORMAL,LOW,MONITOR,No active issue: 24.3 days of cover: 13 units in stock at expected demand of 0.54 units/day,,0.0,0.0,0.0,0.0,0.0,0,100.0
1746,LOW,BR003,MED023,Naproxen 250mg,Analgesics,7,49.0,0.636,3.482,LOW,NO_REORDER,0,NORMAL,LOW,MONITOR,No active issue: 49.0 days of cover: 7 units in stock at expected demand of 0.14 units/day,,0.0,0.0,0.0,0.0,0.0,0,100.0
1747,LOW,BR003,MED024,Cefixime 200mg,Antibiotics,35,34.49,7.103,31.987,LOW,NO_REORDER,0,NORMAL,LOW,MONITOR,No active issue: 34.5 days of cover: 35 units in stock at expected demand of 1.01 units/day,,0.0,0.0,0.0,0.0,0.0,0,100.0
1748,LOW,BR003,MED025,Ciprofloxacin 500mg,Antibiotics,10,17.5,2.367,11.965,LOW,NO_REORDER,0,NORMAL,LOW,MONITOR,No active issue: 17.5 days of cover: 10 units in stock at expected demand of 0.57 units/day,,0.0,0.0,0.0,0.0,0.0,0,100.0
1749,LOW,BR003,MED026,Doxycycline 100mg,Antibiotics,18,56.0,1.569,7.816,LOW,NO_REORDER,0,NORMAL,MEDIUM,MONITOR,No active issue: 56.0 days of cover: 18 units in stock at expected demand of 0.32 units/day,,0.0,0.0,0.0,0.0,0.0,0,100.0
1750,LOW,BR003,MED027,Amoxicillin + Clavulanic Acid 625mg,Antibiotics,10,14.74,3.553,17.242,LOW,NO_REORDER,0,NORMAL,LOW,MONITOR,No active issue: 14.7 days of cover: 10 units in stock at expected demand of 0.68 units/day,,0.0,0.0,0.0,0.0,0.0,0,100.0
1751,LOW,BR003,MED028,Mefenamic Acid 250mg,Antipyretics,10,35.0,1.419,7.025,LOW,NO_REORDER,0,NORMAL,LOW,MONITOR,No active issue: 35.0 days of cover: 10 units in stock at expected demand of 0.29 units/day,,0.0,0.0,0.0,0.0,0.0,0,100.0
1752,LOW,BR003,MED029,Paracetamol Drops 100mg/ml,Antipyretics,13,72.8,0.885,4.078,LOW,NO_REORDER,0,NORMAL,LOW,MONITOR,No active issue: 72.8 days of cover: 13 units in stock at expected demand of 0.18 units/day,,0.0,0.0,0.0,0.0,0.0,0,100.0
1753,LOW,BR003,MED030,Levocetirizine 5mg,Antihistamines,16,31.28,3.581,15.723,LOW,NO_REORDER,0,NORMAL,LOW,MONITOR,No active issue: 31.3 days of cover: 16 units in stock at expected demand of 0.51 units/day,,0.0,0.0,0.0,0.0,0.0,0,100.0
1754,LOW,BR003,MED034,Domperidone 10mg,Gastrointestinal,85,33.96,17.522,75.249,LOW,NO_REORDER,0,NORMAL,LOW,MONITOR,No active issue: 34.0 days of cover: 85 units in stock at expected demand of 2.50 units/day,,0.0,0.0,0.0,0.0,0.0,0,100.0
1755,LOW,BR003,MED035,ORS Powder 21.8g,Gastrointestinal,17,26.44,4.237,18.976,LOW,NO_REORDER,0,NORMAL,LOW,MONITOR,No active issue: 26.4 days of cover: 17 units in stock at expected demand of 0.64 units/day,,0.0,0.0,0.0,0.0,0.0,0,100.0
1756,LOW,BR003,MED037,Telmisartan 40mg,Cardiovascular,259,23.93,74.607,318.844,LOW,NO_REORDER,0,NORMAL,LOW,MONITOR,No active issue: 23.9 days of cover: 259 units in stock at expected demand of 10.82 units/day,,0.0,0.0,0.0,0.0,0.0,0,100.0
1757,LOW,BR003,MED039,Metoprolol 50mg,Cardiovascular,23,16.1,8.186,39.831,LOW,NO_REORDER,0,NORMAL,LOW,MONITOR,No active issue: 16.1 days of cover: 23 units in stock at expected demand of 1.43 units/day,,0.0,0.0,0.0,0.0,0.0,0,100.0
1758,LOW,BR003,MED041,Clopidogrel 75mg,Cardiovascular,6,42.0,0.64,3.84,LOW,NO_REORDER,0,NORMAL,LOW,MONITOR,No active issue: 42.0 days of cover: 6 units in stock at expected demand of 0.14 units/day,,0.0,0.0,0.0,0.0,0.0,0,100.0
1759,LOW,BR003,MED044,Sitagliptin 100mg,Antidiabetic,11,28.0,1.355,7.159,LOW,NO_REORDER,0,NORMAL,LOW,MONITOR,No active issue: 28.0 days of cover: 11 units in stock at expected demand of 0.39 units/day,,0.0,0.0,0.0,0.0,0.0,0,100.0
1760,LOW,BR003,MED045,Gliclazide 80mg,Antidiabetic,21,53.45,1.647,9.017,LOW,NO_REORDER,0,NORMAL,LOW,MONITOR,No active issue: 53.5 days of cover: 21 units in stock at expected demand of 0.39 units/day,,0.0,0.0,0.0,0.0,0.0,0,100.0
1761,LOW,BR003,MED046,Montelukast 10mg,Respiratory,48,39.47,8.512,37.305,LOW,NO_REORDER,0,NORMAL,LOW,MONITOR,No active issue: 39.5 days of cover: 48 units in stock at expected demand of 1.22 units/day,,0.0,0.0,0.0,0.0,0.0,0,100.0
1762,LOW,BR003,MED048,Dextromethorphan Syrup 100ml,Respiratory,31,20.19,10.179,45.845,LOW,NO_REORDER,0,NORMAL,LOW,MONITOR,No active issue: 20.2 days of cover: 31 units in stock at expected demand of 1.54 units/day,,0.0,0.0,0.0,0.0,0.0,0,100.0
1763,LOW,BR003,MED049,Multivitamin B-complex+C,Vitamins,26,16.55,9.28,41.473,LOW,NO_REORDER,0,NORMAL,LOW,MONITOR,No active issue: 16.5 days of cover: 26 units in stock at expected demand of 1.57 units/day,,0.0,0.0,0.0,0.0,0.0,0,100.0
1764,LOW,BR003,MED052,Hydrocortisone Cream 1%,Dermatological,9,63.0,0.659,3.388,LOW,NO_REORDER,0,NORMAL,MEDIUM,MONITOR,No active issue: 63.0 days of cover: 9 units in stock at expected demand of 0.14 units/day,,0.0,0.0,0.0,0.0,0.0,0,100.0
1765,LOW,BR003,MED054,Calamine Lotion 100ml,Dermatological,10,70.0,0.881,4.174,LOW,NO_REORDER,0,NORMAL,LOW,MONITOR,No active issue: 70.0 days of cover: 10 units in stock at expected demand of 0.14 units/day,,0.0,0.0,0.0,0.0,0.0,0,100.0
1766,LOW,BR003,MED055,Ketoconazole Shampoo 2%,Dermatological,10,35.0,1.18,5.621,LOW,NO_REORDER,0,NORMAL,LOW,MONITOR,No active issue: 35.0 days of cover: 10 units in stock at expected demand of 0.29 units/day,,0.0,0.0,0.0,0.0,0.0,0,100.0
1767,LOW,BR003,MED059,Diclofenac 50mg (Aarogya Formulations),Analgesics,6,56.0,0.608,3.137,LOW,NO_REORDER,0,NORMAL,MEDIUM,MONITOR,No active issue: 56.0 days of cover: 6 units in stock at expected demand of 0.11 units/day,,0.0,0.0,0.0,0.0,0.0,0,100.0
1768,LOW,BR003,MED060,Diclofenac 50mg (CarePlus Laboratories),Analgesics,29,14.76,12.276,53.424,LOW,NO_REORDER,0,NORMAL,LOW,MONITOR,No active issue: 14.8 days of cover: 29 units in stock at expected demand of 1.96 units/day,,0.0,0.0,0.0,0.0,0.0,0,100.0
1769,LOW,BR003,MED061,Diclofenac 50mg (Stellar Formulations),Analgesics,6,16.8,1.379,6.69,LOW,NO_REORDER,0,NORMAL,MEDIUM,MONITOR,No active issue: 16.8 days of cover: 6 units in stock at expected demand of 0.36 units/day,,0.0,0.0,0.0,0.0,0.0,0,100.0
1770,LOW,BR003,MED065,Diclofenac 100mg (CureLine Healthcare),Analgesics,10,46.67,1.087,5.332,LOW,NO_REORDER,0,NORMAL,MEDIUM,MONITOR,No active issue: 46.7 days of cover: 10 units in stock at expected demand of 0.21 units/day,,0.0,0.0,0.0,0.0,0.0,0,100.0
1771,LOW,BR003,MED067,Ibuprofen 400mg (Aarogya Formulations),Analgesics,4,55.01,0.509,2.788,LOW,NO_REORDER,0,NORMAL,LOW,MONITOR,No active issue: 55.0 days of cover: 4 units in stock at expected demand of 0.07 units/day,,0.0,0.0,0.0,0.0,0.0,0,100.0
1772,LOW,BR003,MED068,Ibuprofen 400mg (CureLine Healthcare),Analgesics,7,65.33,0.561,3.001,LOW,NO_REORDER,0,NORMAL,LOW,MONITOR,No active issue: 65.3 days of cover: 7 units in stock at expected demand of 0.11 units/day,,0.0,0.0,0.0,0.0,0.0,0,100.0
1773,LOW,BR003,MED069,Ibuprofen 400mg (HealthAxis Pharma),Analgesics,23,19.52,7.137,32.977,LOW,NO_REORDER,0,NORMAL,LOW,MONITOR,No active issue: 19.5 days of cover: 23 units in stock at expected demand of 1.18 units/day,,0.0,0.0,0.0,0.0,0.0,0,100.0
1774,LOW,BR003,MED071,Ibuprofen 400mg (Stellar Formulations),Analgesics,26,80.89,1.689,8.552,LOW,NO_REORDER,0,NORMAL,LOW,MONITOR,No active issue: 80.9 days of cover: 26 units in stock at expected demand of 0.32 units/day,,0.0,0.0,0.0,0.0,0.0,0,100.0
1775,LOW,BR003,MED074,Ibuprofen 200mg (LifeSpring Pharma),Analgesics,6,56.0,0.658,3.754,LOW,NO_REORDER,0,NORMAL,LOW,MONITOR,No active issue: 56.0 days of cover: 6 units in stock at expected demand of 0.11 units/day,,0.0,0.0,0.0,0.0,0.0,0,100.0
1776,LOW,BR003,MED075,Ibuprofen 200mg (Summit Lifesciences),Analgesics,21,39.2,3.261,15.309,LOW,NO_REORDER,0,NORMAL,LOW,MONITOR,No active issue: 39.2 days of cover: 21 units in stock at expected demand of 0.54 units/day,,0.0,0.0,0.0,0.0,0.0,0,100.0
1777,LOW,BR003,MED078,Ibuprofen 600mg,Analgesics,21,21.78,6.733,30.736,LOW,NO_REORDER,0,NORMAL,LOW,MONITOR,No active issue: 21.8 days of cover: 21 units in stock at expected demand of 0.96 units/day,,0.0,0.0,0.0,0.0,0.0,0,100.0
1778,LOW,BR003,MED080,Ibuprofen 600mg (HealthAxis Pharma),Analgesics,9,28.0,1.841,8.988,LOW,NO_REORDER,0,NORMAL,LOW,MONITOR,No active issue: 28.0 days of cover: 9 units in stock at expected demand of 0.32 units/day,,0.0,0.0,0.0,0.0,0.0,0,100.0
1779,LOW,BR003,MED082,Naproxen 250mg (CureLine Healthcare),Analgesics,61,22.11,19.313,88.783,LOW,NO_REORDER,0,NORMAL,LOW,MONITOR,No active issue: 22.1 days of cover: 61 units in stock at expected demand of 2.76 units/day,,0.0,0.0,0.0,0.0,0.0,0,100.0
1780,LOW,BR003,MED083,Naproxen 250mg (HealthAxis Pharma),Analgesics,14,32.67,2.106,10.487,LOW,NO_REORDER,0,NORMAL,LOW,MONITOR,No active issue: 32.7 days of cover: 14 units in stock at expected demand of 0.43 units/day,,0.0,0.0,0.0,0.0,0.0,0,100.0
1781,LOW,BR003,MED084,Naproxen 250mg (VitaCure Remedies),Analgesics,35,29.22,8.386,38.822,LOW,NO_REORDER,0,NORMAL,LOW,MONITOR,No active issue: 29.2 days of cover: 35 units in stock at expected demand of 1.20 units/day,,0.0,0.0,0.0,0.0,0.0,0,100.0
1782,LOW,BR003,MED085,Naproxen 500mg,Analgesics,4,22.4,0.606,2.67,LOW,NO_REORDER,0,NORMAL,LOW,MONITOR,No active issue: 22.4 days of cover: 4 units in stock at expected demand of 0.18 units/day,,0.0,0.0,0.0,0.0,0.0,0,100.0
1783,LOW,BR003,MED087,Naproxen 500mg (LifeSpring Pharma),Analgesics,10,70.0,0.757,4.306,LOW,NO_REORDER,0,NORMAL,LOW,MONITOR,No active issue: 70.0 days of cover: 10 units in stock at expected demand of 0.14 units/day,,0.0,0.0,0.0,0.0,0.0,0,100.0
1784,LOW,BR003,MED089,Paracetamol 500mg (Aarogya Formulations),Analgesics,14,174.69,0.561,3.239,LOW,NO_REORDER,0,NORMAL,LOW,MONITOR,No active issue: 174.7 days of cover: 14 units in stock at expected demand of 0.08 units/day,,0.0,0.0,0.0,0.0,0.0,0,100.0
1785,LOW,BR003,MED091,Paracetamol 500mg (HealthAxis Pharma),Analgesics,50,15.38,22.455,98.143,LOW,NO_REORDER,0,NORMAL,LOW,MONITOR,No active issue: 15.4 days of cover: 50 units in stock at expected demand of 3.25 units/day,,0.0,0.0,0.0,0.0,0.0,0,100.0
1786,LOW,BR003,MED092,Paracetamol 500mg (LifeSpring Pharma),Analgesics,8,56.0,0.778,3.993,LOW,NO_REORDER,0,NORMAL,LOW,MONITOR,No active issue: 56.0 days of cover: 8 units in stock at expected demand of 0.14 units/day,,0.0,0.0,0.0,0.0,0.0,0,100.0
1787,LOW,BR003,MED093,Paracetamol 250mg,Analgesics,10,93.33,0.679,4.04,LOW,NO_REORDER,0,OVERSTOCK,LOW,REVIEW_OVERSTOCK,100 days of cover at the recent 0.10 units/day (limit 90): about -0 units above the limit,,0.0,0.0,-0.0,0.0,0.0,0,100.0
1788,LOW,BR003,MED094,Paracetamol 250mg (Stellar Formulations),Analgesics,14,78.4,1.118,6.503,LOW,NO_REORDER,0,NORMAL,MEDIUM,MONITOR,No active issue: 78.4 days of cover: 14 units in stock at expected demand of 0.18 units/day,,0.0,0.0,0.0,0.0,0.0,0,100.0
1789,LOW,BR003,MED095,Amoxicillin 250mg,Antibiotics,14,50.15,1.954,8.476,LOW,NO_REORDER,0,NORMAL,LOW,MONITOR,No active issue: 50.2 days of cover: 14 units in stock at expected demand of 0.28 units/day,,0.0,0.0,0.0,0.0,0.0,0,100.0
1790,LOW,BR003,MED097,Amoxicillin 250mg (LifeSpring Pharma),Antibiotics,25,29.79,5.875,25.995,LOW,NO_REORDER,0,NORMAL,LOW,MONITOR,No active issue: 29.8 days of cover: 25 units in stock at expected demand of 0.84 units/day,,0.0,0.0,0.0,0.0,0.0,0,100.0
1791,LOW,BR003,MED099,Amoxicillin 250mg (Stellar Formulations),Antibiotics,7,39.2,0.963,4.011,LOW,NO_REORDER,0,NORMAL,LOW,MONITOR,No active issue: 39.2 days of cover: 7 units in stock at expected demand of 0.18 units/day,,0.0,0.0,0.0,0.0,0.0,0,100.0
1792,LOW,BR003,MED101,Amoxicillin + Clavulanic Acid 625mg (CureLine Healthcare),Antibiotics,5,28.0,0.638,2.875,LOW,NO_REORDER,0,NORMAL,LOW,MONITOR,No active issue: 28.0 days of cover: 5 units in stock at expected demand of 0.18 units/day,,0.0,0.0,0.0,0.0,0.0,0,100.0
1793,LOW,BR003,MED103,Amoxicillin + Clavulanic Acid 625mg (Stellar Formulations),Antibiotics,10,35.0,1.295,6.834,LOW,NO_REORDER,0,NORMAL,LOW,MONITOR,No active issue: 35.0 days of cover: 10 units in stock at expected demand of 0.29 units/day,,0.0,0.0,0.0,0.0,0.0,0,100.0
1794,LOW,BR003,MED106,Amoxicillin + Clavulanic Acid 375mg (Summit Lifesciences),Antibiotics,13,33.09,1.87,8.176,LOW,NO_REORDER,0,NORMAL,LOW,MONITOR,No active issue: 33.1 days of cover: 13 units in stock at expected demand of 0.39 units/day,,0.0,0.0,0.0,0.0,0.0,0,100.0
1795,LOW,BR003,MED108,Azithromycin 500mg (Aarogya Formulations),Antibiotics,18,33.6,3.337,14.817,LOW,NO_REORDER,0,NORMAL,LOW,MONITOR,No active issue: 33.6 days of cover: 18 units in stock at expected demand of 0.54 units/day,,0.0,0.0,0.0,0.0,0.0,0,100.0
1796,LOW,BR003,MED109,Azithromycin 500mg (ApexLife Pharma),Antibiotics,12,30.55,1.707,8.712,LOW,NO_REORDER,0,NORMAL,LOW,MONITOR,No active issue: 30.5 days of cover: 12 units in stock at expected demand of 0.39 units/day,,0.0,0.0,0.0,0.0,0.0,0,100.0
1797,LOW,BR003,MED110,Azithromycin 500mg (VitaCure Remedies),Antibiotics,8,74.67,0.494,2.547,LOW,NO_REORDER,0,NORMAL,MEDIUM,MONITOR,No active issue: 74.7 days of cover: 8 units in stock at expected demand of 0.11 units/day,,0.0,0.0,0.0,0.0,0.0,0,100.0
1798,LOW,BR003,MED112,Azithromycin 250mg (ApexLife Pharma),Antibiotics,14,43.56,1.39,6.832,LOW,NO_REORDER,0,NORMAL,LOW,MONITOR,No active issue: 43.6 days of cover: 14 units in stock at expected demand of 0.32 units/day,,0.0,0.0,0.0,0.0,0.0,0,100.0
1799,LOW,BR003,MED114,Azithromycin 250mg (CarePlus Laboratories),Antibiotics,16,56.0,1.588,7.512,LOW,NO_REORDER,0,NORMAL,LOW,MONITOR,No active issue: 56.0 days of cover: 16 units in stock at expected demand of 0.29 units/day,,0.0,0.0,0.0,0.0,0.0,0,100.0
1800,LOW,BR003,MED115,Azithromycin 250mg (CureLine Healthcare),Antibiotics,7,19.6,1.552,8.192,LOW,NO_REORDER,0,NORMAL,LOW,MONITOR,No active issue: 19.6 days of cover: 7 units in stock at expected demand of 0.36 units/day,,0.0,0.0,0.0,0.0,0.0,0,100.0
1801,LOW,BR003,MED117,Azithromycin 250mg (LifeSpring Pharma),Antibiotics,98,16.05,39.496,183.912,LOW,NO_REORDER,0,NORMAL,LOW,MONITOR,No active issue: 16.0 days of cover: 98 units in stock at expected demand of 6.11 units/day,,0.0,0.0,0.0,0.0,0.0,0,100.0
1802,LOW,BR003,MED118,Azithromycin 250mg (NovaMed Laboratories),Antibiotics,14,78.4,0.95,4.193,LOW,NO_REORDER,0,NORMAL,MEDIUM,MONITOR,No active issue: 78.4 days of cover: 14 units in stock at expected demand of 0.18 units/day,,0.0,0.0,0.0,0.0,0.0,0,100.0
1803,LOW,BR003,MED120,Cefixime 200mg (ApexLife Pharma),Antibiotics,12,69.19,1.214,4.788,LOW,NO_REORDER,0,NORMAL,LOW,MONITOR,No active issue: 69.2 days of cover: 12 units in stock at expected demand of 0.17 units/day,,0.0,0.0,0.0,0.0,0.0,0,100.0
1804,LOW,BR003,MED131,Doxycycline 100mg (Aarogya Formulations),Antibiotics,14,16.33,4.647,20.806,LOW,NO_REORDER,0,NORMAL,LOW,MONITOR,No active issue: 16.3 days of cover: 14 units in stock at expected demand of 0.86 units/day,,0.0,0.0,0.0,0.0,0.0,0,100.0
1805,LOW,BR003,MED133,Doxycycline 100mg (HealthAxis Pharma),Antibiotics,5,64.94,0.539,2.437,LOW,NO_REORDER,0,NORMAL,LOW,MONITOR,No active issue: 64.9 days of cover: 5 units in stock at expected demand of 0.08 units/day,,0.0,0.0,0.0,0.0,0.0,0,100.0
1806,LOW,BR003,MED134,Doxycycline 100mg (Summit Lifesciences),Antibiotics,8,22.4,1.948,9.73,LOW,NO_REORDER,0,NORMAL,LOW,MONITOR,No active issue: 22.4 days of cover: 8 units in stock at expected demand of 0.36 units/day,,0.0,0.0,0.0,0.0,0.0,0,100.0
1807,LOW,BR003,MED137,Mefenamic Acid 250mg (LifeSpring Pharma),Antipyretics,10,46.67,0.914,4.395,LOW,NO_REORDER,0,NORMAL,LOW,MONITOR,No active issue: 46.7 days of cover: 10 units in stock at expected demand of 0.21 units/day,,0.0,0.0,0.0,0.0,0.0,0,100.0
1808,LOW,BR003,MED140,Mefenamic Acid 500mg (CureLine Healthcare),Antipyretics,19,28.0,4.632,20.207,LOW,NO_REORDER,0,NORMAL,MEDIUM,MONITOR,No active issue: 28.0 days of cover: 19 units in stock at expected demand of 0.68 units/day,,0.0,0.0,0.0,0.0,0.0,0,100.0
1809,LOW,BR003,MED146,Mefenamic Acid 500mg (Summit Lifesciences),Antipyretics,7,49.0,0.675,3.115,LOW,NO_REORDER,0,NORMAL,LOW,MONITOR,No active issue: 49.0 days of cover: 7 units in stock at expected demand of 0.14 units/day,,0.0,0.0,0.0,0.0,0.0,0,100.0
1810,LOW,BR003,MED148,Mefenamic Acid 500mg (VitaCure Remedies),Antipyretics,15,52.5,1.345,6.493,LOW,NO_REORDER,0,NORMAL,LOW,MONITOR,No active issue: 52.5 days of cover: 15 units in stock at expected demand of 0.29 units/day,,0.0,0.0,0.0,0.0,0.0,0,100.0
1811,LOW,BR003,MED149,Paracetamol 650mg (Aarogya Formulations),Antipyretics,6,28.0,0.875,4.234,LOW,NO_REORDER,0,NORMAL,LOW,MONITOR,No active issue: 28.0 days of cover: 6 units in stock at expected demand of 0.21 units/day,,0.0,0.0,0.0,0.0,0.0,0,100.0
1812,LOW,BR003,MED151,Paracetamol Drops 100mg/ml (Aarogya Formulations),Antipyretics,10,17.5,3.119,15.488,LOW,NO_REORDER,0,NORMAL,LOW,MONITOR,No active issue: 17.5 days of cover: 10 units in stock at expected demand of 0.57 units/day,,0.0,0.0,0.0,0.0,0.0,0,100.0
1813,LOW,BR003,MED161,Paracetamol Suspension 125mg/5ml (VitaCure Remedies),Antipyretics,13,72.8,0.853,4.057,LOW,NO_REORDER,0,NORMAL,MEDIUM,MONITOR,No active issue: 72.8 days of cover: 13 units in stock at expected demand of 0.18 units/day,,0.0,0.0,0.0,0.0,0.0,0,100.0
1814,LOW,BR003,MED162,Cetirizine 10mg (ApexLife Pharma),Antihistamines,7,14.0,1.671,9.016,LOW,NO_REORDER,0,NORMAL,LOW,MONITOR,No active issue: 14.0 days of cover: 7 units in stock at expected demand of 0.50 units/day,,0.0,0.0,0.0,0.0,0.0,0,100.0
1815,LOW,BR003,MED164,Cetirizine 10mg (LifeSpring Pharma),Antihistamines,25,71.17,2.459,10.03,LOW,NO_REORDER,0,NORMAL,LOW,MONITOR,No active issue: 71.2 days of cover: 25 units in stock at expected demand of 0.35 units/day,,0.0,0.0,0.0,0.0,0.0,0,100.0
1816,LOW,BR003,MED166,Cetirizine 10mg (Summit Lifesciences),Antihistamines,10,35.0,1.681,8.033,LOW,NO_REORDER,0,NORMAL,LOW,MONITOR,No active issue: 35.0 days of cover: 10 units in stock at expected demand of 0.29 units/day,,0.0,0.0,0.0,0.0,0.0,0,100.0
1817,LOW,BR003,MED167,Cetirizine 10mg (TrueLife Remedies),Antihistamines,30,20.49,9.811,43.696,LOW,NO_REORDER,0,NORMAL,LOW,MONITOR,No active issue: 20.5 days of cover: 30 units in stock at expected demand of 1.46 units/day,,0.0,0.0,0.0,0.0,0.0,0,100.0
1818,LOW,BR003,MED168,Cetirizine 5mg,Antihistamines,8,74.67,0.692,3.58,LOW,NO_REORDER,0,NORMAL,LOW,MONITOR,No active issue: 74.7 days of cover: 8 units in stock at expected demand of 0.11 units/day,,0.0,0.0,0.0,0.0,0.0,0,100.0
1819,LOW,BR003,MED175,Chlorpheniramine 4mg (ApexLife Pharma),Antihistamines,11,77.0,0.817,4.008,LOW,NO_REORDER,0,NORMAL,LOW,MONITOR,No active issue: 77.0 days of cover: 11 units in stock at expected demand of 0.14 units/day,,0.0,0.0,0.0,0.0,0.0,0,100.0
1820,LOW,BR003,MED177,Chlorpheniramine 4mg (CarePlus Laboratories),Antihistamines,11,51.33,1.392,6.735,LOW,NO_REORDER,0,NORMAL,LOW,MONITOR,No active issue: 51.3 days of cover: 11 units in stock at expected demand of 0.21 units/day,,0.0,0.0,0.0,0.0,0.0,0,100.0
1821,LOW,BR003,MED178,Chlorpheniramine 4mg (HealthAxis Pharma),Antihistamines,9,50.4,0.982,4.992,LOW,NO_REORDER,0,NORMAL,LOW,MONITOR,No active issue: 50.4 days of cover: 9 units in stock at expected demand of 0.18 units/day,,0.0,0.0,0.0,0.0,0.0,0,100.0
1822,LOW,BR003,MED181,Fexofenadine 120mg (ApexLife Pharma),Antihistamines,13,124.83,0.729,4.384,LOW,NO_REORDER,0,OVERSTOCK,LOW,REVIEW_OVERSTOCK,130 days of cover at the recent 0.10 units/day (limit 90): about -0 units above the limit,,0.0,0.0,-0.0,0.0,0.0,0,100.0
1823,LOW,BR003,MED182,Fexofenadine 120mg (BlueCrest Pharma),Antihistamines,14,18.67,4.534,23.433,LOW,NO_REORDER,0,NORMAL,MEDIUM,MONITOR,No active issue: 18.7 days of cover: 14 units in stock at expected demand of 0.75 units/day,,0.0,0.0,0.0,0.0,0.0,0,100.0
1824,LOW,BR003,MED185,Fexofenadine 120mg (TrueLife Remedies),Antihistamines,8,74.67,0.741,3.628,LOW,NO_REORDER,0,NORMAL,LOW,MONITOR,No active issue: 74.7 days of cover: 8 units in stock at expected demand of 0.11 units/day,,0.0,0.0,0.0,0.0,0.0,0,100.0
1825,LOW,BR003,MED187,Fexofenadine 180mg (CureLine Healthcare),Antihistamines,6,21.0,0.916,4.73,LOW,NO_REORDER,0,NORMAL,LOW,MONITOR,No active issue: 21.0 days of cover: 6 units in stock at expected demand of 0.29 units/day,,0.0,0.0,0.0,0.0,0.0,0,100.0
1826,LOW,BR003,MED188,Fexofenadine 180mg (HealthAxis Pharma),Antihistamines,6,42.0,0.629,3.308,LOW,NO_REORDER,0,NORMAL,LOW,MONITOR,No active issue: 42.0 days of cover: 6 units in stock at expected demand of 0.14 units/day,,0.0,0.0,0.0,0.0,0.0,0,100.0
1827,LOW,BR003,MED190,Levocetirizine 5mg (Aarogya Formulations),Antihistamines,20,70.0,1.559,9.355,LOW,NO_REORDER,0,NORMAL,LOW,MONITOR,No active issue: 70.0 days of cover: 20 units in stock at expected demand of 0.29 units/day,,0.0,0.0,0.0,0.0,0.0,0,100.0
1828,LOW,BR003,MED192,Levocetirizine 5mg (CureLine Healthcare),Antihistamines,11,38.5,1.21,5.851,LOW,NO_REORDER,0,NORMAL,LOW,MONITOR,No active issue: 38.5 days of cover: 11 units in stock at expected demand of 0.29 units/day,,0.0,0.0,0.0,0.0,0.0,0,100.0
1829,LOW,BR003,MED195,Levocetirizine 5mg (VitaCure Remedies),Antihistamines,9,25.2,0.802,5.453,LOW,NO_REORDER,0,NORMAL,LOW,MONITOR,No active issue: 25.2 days of cover: 9 units in stock at expected demand of 0.36 units/day,,0.0,0.0,0.0,0.0,0.0,0,100.0
1830,LOW,BR003,MED197,Levocetirizine 2.5mg (LifeSpring Pharma),Antihistamines,28,19.6,8.925,40.63,LOW,NO_REORDER,0,NORMAL,LOW,MONITOR,No active issue: 19.6 days of cover: 28 units in stock at expected demand of 1.43 units/day,,0.0,0.0,0.0,0.0,0.0,0,100.0
1831,LOW,BR003,MED198,Levocetirizine 2.5mg (Stellar Formulations),Antihistamines,6,78.8,0.533,2.619,LOW,NO_REORDER,0,NORMAL,LOW,MONITOR,No active issue: 78.8 days of cover: 6 units in stock at expected demand of 0.08 units/day,,0.0,0.0,0.0,0.0,0.0,0,100.0
1832,LOW,BR003,MED199,Montelukast + Levocetirizine 10mg/5mg (Aarogya Formulations),Antihistamines,6,33.6,0.752,3.638,LOW,NO_REORDER,0,NORMAL,LOW,MONITOR,No active issue: 33.6 days of cover: 6 units in stock at expected demand of 0.18 units/day,,0.0,0.0,0.0,0.0,0.0,0,100.0
1833,LOW,BR003,MED201,Montelukast + Levocetirizine 10mg/5mg (NovaMed Laboratories),Antihistamines,15,52.5,1.449,7.211,LOW,NO_REORDER,0,NORMAL,LOW,MONITOR,No active issue: 52.5 days of cover: 15 units in stock at expected demand of 0.29 units/day,,0.0,0.0,0.0,0.0,0.0,0,100.0
1834,LOW,BR003,MED203,Montelukast + Levocetirizine 10mg/5mg (TrueLife Remedies),Antihistamines,7,24.5,1.255,6.368,LOW,NO_REORDER,0,NORMAL,LOW,MONITOR,No active issue: 24.5 days of cover: 7 units in stock at expected demand of 0.29 units/day,,0.0,0.0,0.0,0.0,0.0,0,100.0
1835,LOW,BR003,MED204,Montelukast + Levocetirizine 10mg/5mg (VitaCure Remedies),Antihistamines,10,33.64,2.081,8.992,LOW,NO_REORDER,0,NORMAL,LOW,MONITOR,No active issue: 33.6 days of cover: 10 units in stock at expected demand of 0.30 units/day,,0.0,0.0,0.0,0.0,0.0,0,100.0
1836,LOW,BR003,MED205,Domperidone 10mg (BlueCrest Pharma),Gastrointestinal,20,39.04,3.586,16.562,LOW,NO_REORDER,0,NORMAL,MEDIUM,MONITOR,No active issue: 39.0 days of cover: 20 units in stock at expected demand of 0.51 units/day,,0.0,0.0,0.0,0.0,0.0,0,100.0
1837,LOW,BR003,MED207,Domperidone 10mg (CureLine Healthcare),Gastrointestinal,12,48.0,0.904,4.365,LOW,NO_REORDER,0,NORMAL,LOW,MONITOR,No active issue: 48.0 days of cover: 12 units in stock at expected demand of 0.25 units/day,,0.0,0.0,0.0,0.0,0.0,0,100.0
1838,LOW,BR003,MED208,Domperidone 10mg (HealthAxis Pharma),Gastrointestinal,7,98.0,0.494,2.548,LOW,NO_REORDER,0,OVERSTOCK,LOW,REVIEW_OVERSTOCK,105 days of cover at the recent 0.07 units/day (limit 90): about -0 units above the limit,,0.0,0.0,-0.0,0.0,0.0,0,100.0
1839,LOW,BR003,MED209,Domperidone 10mg (LifeSpring Pharma),Gastrointestinal,10,70.0,0.92,4.471,LOW,NO_REORDER,0,NORMAL,LOW,MONITOR,No active issue: 70.0 days of cover: 10 units in stock at expected demand of 0.14 units/day,,0.0,0.0,0.0,0.0,0.0,0,100.0
1840,LOW,BR003,MED211,Loperamide 2mg (Aarogya Formulations),Gastrointestinal,9,99.06,0.636,3.117,LOW,NO_REORDER,0,OVERSTOCK,LOW,REVIEW_OVERSTOCK,135 days of cover at the recent 0.07 units/day (limit 90): about -0 units above the limit,,0.0,0.0,-0.0,0.0,0.0,0,100.0
1841,LOW,BR003,MED215,Omeprazole 20mg (CarePlus Laboratories),Gastrointestinal,23,25.71,6.262,29.049,LOW,NO_REORDER,0,NORMAL,LOW,MONITOR,No active issue: 25.7 days of cover: 23 units in stock at expected demand of 0.89 units/day,,0.0,0.0,0.0,0.0,0.0,0,100.0
1842,LOW,BR003,MED216,Omeprazole 20mg (CureLine Healthcare),Gastrointestinal,5,28.0,0.707,3.604,LOW,NO_REORDER,0,NORMAL,LOW,MONITOR,No active issue: 28.0 days of cover: 5 units in stock at expected demand of 0.18 units/day,,0.0,0.0,0.0,0.0,0.0,0,100.0
1843,LOW,BR003,MED222,Omeprazole 40mg (ApexLife Pharma),Gastrointestinal,16,23.58,4.699,21.462,LOW,NO_REORDER,0,NORMAL,LOW,MONITOR,No active issue: 23.6 days of cover: 16 units in stock at expected demand of 0.68 units/day,,0.0,0.0,0.0,0.0,0.0,0,100.0
1844,LOW,BR003,MED223,Omeprazole 40mg (LifeSpring Pharma),Gastrointestinal,11,17.11,3.887,18.923,LOW,NO_REORDER,0,NORMAL,LOW,MONITOR,No active issue: 17.1 days of cover: 11 units in stock at expected demand of 0.64 units/day,,0.0,0.0,0.0,0.0,0.0,0,100.0
1845,LOW,BR003,MED224,Omeprazole 40mg (Summit Lifesciences),Gastrointestinal,26,29.12,6.186,28.483,LOW,NO_REORDER,0,NORMAL,LOW,MONITOR,No active issue: 29.1 days of cover: 26 units in stock at expected demand of 0.89 units/day,,0.0,0.0,0.0,0.0,0.0,0,100.0
1846,LOW,BR003,MED227,Ondansetron 4mg (BlueCrest Pharma),Gastrointestinal,6,84.0,0.457,2.479,LOW,NO_REORDER,0,NORMAL,LOW,MONITOR,No active issue: 84.0 days of cover: 6 units in stock at expected demand of 0.07 units/day,,0.0,0.0,0.0,0.0,0.0,0,100.0
1847,LOW,BR003,MED230,Ondansetron 4mg (LifeSpring Pharma),Gastrointestinal,10,93.33,0.493,2.978,LOW,NO_REORDER,0,NORMAL,LOW,MONITOR,No active issue: 93.3 days of cover: 10 units in stock at expected demand of 0.11 units/day,,0.0,0.0,0.0,0.0,0.0,0,100.0
1848,LOW,BR003,MED232,Ondansetron 4mg (Stellar Formulations),Gastrointestinal,16,74.67,1.013,4.69,LOW,NO_REORDER,0,NORMAL,MEDIUM,MONITOR,No active issue: 74.7 days of cover: 16 units in stock at expected demand of 0.21 units/day,,0.0,0.0,0.0,0.0,0.0,0,100.0
1849,LOW,BR003,MED234,Ondansetron 4mg (VitaCure Remedies),Gastrointestinal,32,27.15,7.601,35.842,LOW,NO_REORDER,0,NORMAL,LOW,MONITOR,No active issue: 27.2 days of cover: 32 units in stock at expected demand of 1.18 units/day,,0.0,0.0,0.0,0.0,0.0,0,100.0
1850,LOW,BR003,MED238,Ondansetron 8mg (VitaCure Remedies),Gastrointestinal,8,17.23,2.227,10.324,LOW,NO_REORDER,0,NORMAL,LOW,MONITOR,No active issue: 17.2 days of cover: 8 units in stock at expected demand of 0.46 units/day,,0.0,0.0,0.0,0.0,0.0,0,100.0
1851,LOW,BR003,MED240,ORS Powder 21.8g (LifeSpring Pharma),Gastrointestinal,8,37.33,1.012,4.813,LOW,NO_REORDER,0,NORMAL,LOW,MONITOR,No active issue: 37.3 days of cover: 8 units in stock at expected demand of 0.21 units/day,,0.0,0.0,0.0,0.0,0.0,0,100.0
1852,LOW,BR003,MED241,ORS Powder 21.8g (Stellar Formulations),Gastrointestinal,43,37.06,8.122,34.079,LOW,NO_REORDER,0,NORMAL,LOW,MONITOR,No active issue: 37.1 days of cover: 43 units in stock at expected demand of 1.16 units/day,,0.0,0.0,0.0,0.0,0.0,0,100.0
1853,LOW,BR003,MED242,ORS Powder 21.8g (Summit Lifesciences),Gastrointestinal,4,22.4,0.518,2.508,LOW,NO_REORDER,0,NORMAL,LOW,MONITOR,No active issue: 22.4 days of cover: 4 units in stock at expected demand of 0.18 units/day,,0.0,0.0,0.0,0.0,0.0,0,100.0
1854,LOW,BR003,MED243,ORS Powder 21.8g (TrueLife Remedies),Gastrointestinal,10,104.32,0.671,3.482,LOW,NO_REORDER,0,OVERSTOCK,LOW,REVIEW_OVERSTOCK,150 days of cover at the recent 0.07 units/day (limit 90): about -0 units above the limit,,0.0,0.0,-0.0,0.0,0.0,0,100.0
1855,LOW,BR003,MED247,Pantoprazole 40mg (NovaMed Laboratories),Gastrointestinal,17,16.41,6.28,28.145,LOW,NO_REORDER,0,NORMAL,LOW,MONITOR,No active issue: 16.4 days of cover: 17 units in stock at expected demand of 1.04 units/day,,0.0,0.0,0.0,0.0,0.0,0,100.0
1856,LOW,BR003,MED249,Pantoprazole 20mg,Gastrointestinal,18,16.26,6.465,29.74,LOW,NO_REORDER,0,NORMAL,LOW,MONITOR,No active issue: 16.3 days of cover: 18 units in stock at expected demand of 1.11 units/day,,0.0,0.0,0.0,0.0,0.0,0,100.0
1857,LOW,BR003,MED253,Pantoprazole 20mg (Stellar Formulations),Gastrointestinal,6,14.0,1.346,6.191,LOW,NO_REORDER,0,NORMAL,LOW,MONITOR,No active issue: 14.0 days of cover: 6 units in stock at expected demand of 0.43 units/day,,0.0,0.0,0.0,0.0,0.0,0,100.0
1858,LOW,BR003,MED256,Amlodipine 5mg (BlueCrest Pharma),Cardiovascular,32,18.67,9.321,43.835,LOW,NO_REORDER,0,NORMAL,LOW,MONITOR,No active issue: 18.7 days of cover: 32 units in stock at expected demand of 1.71 units/day,,0.0,0.0,0.0,0.0,0.0,0,100.0
1859,LOW,BR003,MED258,Amlodipine 5mg (NovaMed Laboratories),Cardiovascular,25,67.41,2.596,12.594,LOW,NO_REORDER,0,NORMAL,LOW,MONITOR,No active issue: 67.4 days of cover: 25 units in stock at expected demand of 0.37 units/day,,0.0,0.0,0.0,0.0,0.0,0,100.0
1860,LOW,BR003,MED259,Amlodipine 5mg (Stellar Formulations),Cardiovascular,16,49.78,1.327,7.239,LOW,NO_REORDER,0,NORMAL,LOW,MONITOR,No active issue: 49.8 days of cover: 16 units in stock at expected demand of 0.32 units/day,,0.0,0.0,0.0,0.0,0.0,0,100.0
1861,LOW,BR003,MED260,Amlodipine 5mg (VitaCure Remedies),Cardiovascular,10,31.11,1.026,5.223,LOW,NO_REORDER,0,NORMAL,LOW,MONITOR,No active issue: 31.1 days of cover: 10 units in stock at expected demand of 0.32 units/day,,0.0,0.0,0.0,0.0,0.0,0,100.0
1862,LOW,BR003,MED262,Amlodipine 2.5mg (LifeSpring Pharma),Cardiovascular,27,34.36,5.367,26.154,LOW,NO_REORDER,0,NORMAL,LOW,MONITOR,No active issue: 34.4 days of cover: 27 units in stock at expected demand of 0.79 units/day,,0.0,0.0,0.0,0.0,0.0,0,100.0
1863,LOW,BR003,MED263,Amlodipine 2.5mg (Stellar Formulations),Cardiovascular,15,21.0,3.035,16.152,LOW,NO_REORDER,0,NORMAL,LOW,MONITOR,No active issue: 21.0 days of cover: 15 units in stock at expected demand of 0.71 units/day,,0.0,0.0,0.0,0.0,0.0,0,100.0
1864,LOW,BR003,MED264,Amlodipine 2.5mg (Summit Lifesciences),Cardiovascular,30,17.87,9.919,44.366,LOW,NO_REORDER,0,NORMAL,LOW,MONITOR,No active issue: 17.9 days of cover: 30 units in stock at expected demand of 1.68 units/day,,0.0,0.0,0.0,0.0,0.0,0,100.0
1865,LOW,BR003,MED265,Amlodipine 2.5mg (TrueLife Remedies),Cardiovascular,53,14.84,24.86,108.603,LOW,NO_REORDER,0,NORMAL,LOW,MONITOR,No active issue: 14.8 days of cover: 53 units in stock at expected demand of 3.57 units/day,,0.0,0.0,0.0,0.0,0.0,0,100.0
1866,LOW,BR003,MED266,Amlodipine 2.5mg (VitaCure Remedies),Cardiovascular,7,65.33,0.67,3.202,LOW,NO_REORDER,0,NORMAL,LOW,MONITOR,No active issue: 65.3 days of cover: 7 units in stock at expected demand of 0.11 units/day,,0.0,0.0,0.0,0.0,0.0,0,100.0
1867,LOW,BR003,MED267,Amlodipine 10mg,Cardiovascular,21,106.52,1.38,7.245,LOW,NO_REORDER,0,OVERSTOCK,LOW,REVIEW_OVERSTOCK,126 days of cover at the recent 0.17 units/day (limit 90): about -0 units above the limit,,0.0,0.0,-0.0,0.0,0.0,0,100.0
1868,LOW,BR003,MED268,Amlodipine 10mg (LifeSpring Pharma),Cardiovascular,4,28.0,0.507,2.698,LOW,NO_REORDER,0,NORMAL,LOW,MONITOR,No active issue: 28.0 days of cover: 4 units in stock at expected demand of 0.14 units/day,,0.0,0.0,0.0,0.0,0.0,0,100.0
1869,LOW,BR003,MED273,Aspirin 75mg (CureLine Healthcare),Cardiovascular,13,16.55,4.617,22.8,LOW,NO_REORDER,0,NORMAL,LOW,MONITOR,No active issue: 16.5 days of cover: 13 units in stock at expected demand of 0.79 units/day,,0.0,0.0,0.0,0.0,0.0,0,100.0
1870,LOW,BR003,MED276,Aspirin 75mg (Stellar Formulations),Cardiovascular,65,40.28,11.296,53.604,LOW,NO_REORDER,0,NORMAL,LOW,MONITOR,No active issue: 40.3 days of cover: 65 units in stock at expected demand of 1.61 units/day,,0.0,0.0,0.0,0.0,0.0,0,100.0
1871,LOW,BR003,MED277,Aspirin 150mg,Cardiovascular,6,84.0,0.5,2.671,LOW,NO_REORDER,0,OVERSTOCK,LOW,REVIEW_OVERSTOCK,180 days of cover at the recent 0.03 units/day (limit 90): about -0 units above the limit,,0.0,0.0,-0.0,0.0,0.0,0,100.0
1872,LOW,BR003,MED279,Aspirin 150mg (Summit Lifesciences),Cardiovascular,7,39.2,0.695,3.989,LOW,NO_REORDER,0,NORMAL,LOW,MONITOR,No active issue: 39.2 days of cover: 7 units in stock at expected demand of 0.18 units/day,,0.0,0.0,0.0,0.0,0.0,0,100.0
1873,LOW,BR003,MED282,Atorvastatin 10mg (ApexLife Pharma),Cardiovascular,10,18.67,1.876,9.94,LOW,NO_REORDER,0,NORMAL,LOW,MONITOR,No active issue: 18.7 days of cover: 10 units in stock at expected demand of 0.54 units/day,,0.0,0.0,0.0,0.0,0.0,0,100.0
1874,LOW,BR003,MED284,Atorvastatin 10mg (Summit Lifesciences),Cardiovascular,27,16.8,9.299,42.515,LOW,NO_REORDER,0,NORMAL,LOW,MONITOR,No active issue: 16.8 days of cover: 27 units in stock at expected demand of 1.61 units/day,,0.0,0.0,0.0,0.0,0.0,0,100.0
1875,LOW,BR003,MED286,Atorvastatin 20mg (BlueCrest Pharma),Cardiovascular,24,22.4,7.058,33.032,LOW,NO_REORDER,0,NORMAL,LOW,MONITOR,No active issue: 22.4 days of cover: 24 units in stock at expected demand of 1.07 units/day,,0.0,0.0,0.0,0.0,0.0,0,100.0
1876,LOW,BR003,MED287,Atorvastatin 20mg (CarePlus Laboratories),Cardiovascular,24,84.0,1.919,9.494,LOW,NO_REORDER,0,NORMAL,LOW,MONITOR,No active issue: 84.0 days of cover: 24 units in stock at expected demand of 0.29 units/day,,0.0,0.0,0.0,0.0,0.0,0,100.0
1877,LOW,BR003,MED292,Clopidogrel 75mg (Aarogya Formulations),Cardiovascular,25,16.67,8.64,40.717,LOW,NO_REORDER,0,NORMAL,LOW,MONITOR,No active issue: 16.7 days of cover: 25 units in stock at expected demand of 1.50 units/day,,0.0,0.0,0.0,0.0,0.0,0,100.0
1878,LOW,BR003,MED293,Clopidogrel 75mg (BlueCrest Pharma),Cardiovascular,20,29.47,3.616,19.201,LOW,NO_REORDER,0,NORMAL,LOW,MONITOR,No active issue: 29.5 days of cover: 20 units in stock at expected demand of 0.68 units/day,,0.0,0.0,0.0,0.0,0.0,0,100.0
1879,LOW,BR003,MED295,Clopidogrel 75mg (NovaMed Laboratories),Cardiovascular,12,106.33,0.79,4.069,LOW,NO_REORDER,0,OVERSTOCK,LOW,REVIEW_OVERSTOCK,120 days of cover at the recent 0.10 units/day (limit 90): about -0 units above the limit,,0.0,0.0,-0.0,0.0,0.0,0,100.0
1880,LOW,BR003,MED297,Losartan 50mg (Aarogya Formulations),Cardiovascular,13,45.5,1.939,8.4,LOW,NO_REORDER,0,NORMAL,LOW,MONITOR,No active issue: 45.5 days of cover: 13 units in stock at expected demand of 0.29 units/day,,0.0,0.0,0.0,0.0,0.0,0,100.0
1881,LOW,BR003,MED298,Losartan 50mg (CarePlus Laboratories),Cardiovascular,9,36.0,0.924,4.731,LOW,NO_REORDER,0,NORMAL,LOW,MONITOR,No active issue: 36.0 days of cover: 9 units in stock at expected demand of 0.25 units/day,,0.0,0.0,0.0,0.0,0.0,0,100.0
1882,LOW,BR003,MED299,Losartan 50mg (NovaMed Laboratories),Cardiovascular,122,19.77,43.196,173.233,LOW,NO_REORDER,0,NORMAL,LOW,MONITOR,No active issue: 19.8 days of cover: 122 units in stock at expected demand of 6.17 units/day,,0.0,0.0,0.0,0.0,0.0,0,100.0
1883,LOW,BR003,MED300,Losartan 25mg,Cardiovascular,11,51.33,0.904,5.043,LOW,NO_REORDER,0,NORMAL,LOW,MONITOR,No active issue: 51.3 days of cover: 11 units in stock at expected demand of 0.21 units/day,,0.0,0.0,0.0,0.0,0.0,0,100.0
1884,LOW,BR003,MED301,Losartan 25mg (CarePlus Laboratories),Cardiovascular,163,17.9,61.948,268.866,LOW,NO_REORDER,0,NORMAL,LOW,MONITOR,No active issue: 17.9 days of cover: 163 units in stock at expected demand of 9.11 units/day,,0.0,0.0,0.0,0.0,0.0,0,100.0
1885,LOW,BR003,MED303,Losartan 25mg (NovaMed Laboratories),Cardiovascular,10,93.33,0.684,3.564,LOW,NO_REORDER,0,OVERSTOCK,LOW,REVIEW_OVERSTOCK,100 days of cover at the recent 0.10 units/day (limit 90): about -0 units above the limit,,0.0,0.0,-0.0,0.0,0.0,0,100.0
1886,LOW,BR003,MED304,Losartan 25mg (Summit Lifesciences),Cardiovascular,7,49.0,0.686,3.643,LOW,NO_REORDER,0,NORMAL,LOW,MONITOR,No active issue: 49.0 days of cover: 7 units in stock at expected demand of 0.14 units/day,,0.0,0.0,0.0,0.0,0.0,0,100.0
1887,LOW,BR003,MED305,Losartan 25mg (TrueLife Remedies),Cardiovascular,47,31.33,9.942,46.976,LOW,NO_REORDER,0,NORMAL,LOW,MONITOR,No active issue: 31.3 days of cover: 47 units in stock at expected demand of 1.50 units/day,,0.0,0.0,0.0,0.0,0.0,0,100.0
1888,LOW,BR003,MED308,Metoprolol 50mg (CureLine Healthcare),Cardiovascular,20,50.91,1.657,9.154,LOW,NO_REORDER,0,NORMAL,LOW,MONITOR,No active issue: 50.9 days of cover: 20 units in stock at expected demand of 0.39 units/day,,0.0,0.0,0.0,0.0,0.0,0,100.0
1889,LOW,BR003,MED309,Metoprolol 50mg (NovaMed Laboratories),Cardiovascular,15,60.0,1.38,6.307,LOW,NO_REORDER,0,NORMAL,LOW,MONITOR,No active issue: 60.0 days of cover: 15 units in stock at expected demand of 0.25 units/day,,0.0,0.0,0.0,0.0,0.0,0,100.0
1890,LOW,BR003,MED310,Metoprolol 25mg,Cardiovascular,37,22.04,9.38,43.571,LOW,NO_REORDER,0,NORMAL,MEDIUM,MONITOR,No active issue: 22.0 days of cover: 37 units in stock at expected demand of 1.68 units/day,,0.0,0.0,0.0,0.0,0.0,0,100.0
1891,LOW,BR003,MED312,Metoprolol 25mg (HealthAxis Pharma),Cardiovascular,16,29.87,2.136,10.588,LOW,NO_REORDER,0,NORMAL,LOW,MONITOR,No active issue: 29.9 days of cover: 16 units in stock at expected demand of 0.54 units/day,,0.0,0.0,0.0,0.0,0.0,0,100.0
1892,LOW,BR003,MED314,Rosuvastatin 10mg (BlueCrest Pharma),Cardiovascular,30,32.11,6.541,31.042,LOW,NO_REORDER,0,NORMAL,LOW,MONITOR,No active issue: 32.1 days of cover: 30 units in stock at expected demand of 0.93 units/day,,0.0,0.0,0.0,0.0,0.0,0,100.0
1893,LOW,BR003,MED316,Rosuvastatin 10mg (Summit Lifesciences),Cardiovascular,40,29.47,8.938,42.973,LOW,NO_REORDER,0,NORMAL,LOW,MONITOR,No active issue: 29.5 days of cover: 40 units in stock at expected demand of 1.36 units/day,,0.0,0.0,0.0,0.0,0.0,0,100.0
1894,LOW,BR003,MED317,Rosuvastatin 5mg,Cardiovascular,16,23.58,3.108,15.37,LOW,NO_REORDER,0,NORMAL,LOW,MONITOR,No active issue: 23.6 days of cover: 16 units in stock at expected demand of 0.68 units/day,,0.0,0.0,0.0,0.0,0.0,0,100.0
1895,LOW,BR003,MED318,Rosuvastatin 5mg (BlueCrest Pharma),Cardiovascular,12,84.0,0.905,4.804,LOW,NO_REORDER,0,NORMAL,LOW,MONITOR,No active issue: 84.0 days of cover: 12 units in stock at expected demand of 0.14 units/day,,0.0,0.0,0.0,0.0,0.0,0,100.0
1896,LOW,BR003,MED321,Rosuvastatin 5mg (VitaCure Remedies),Cardiovascular,9,50.4,0.961,4.934,LOW,NO_REORDER,0,NORMAL,LOW,MONITOR,No active issue: 50.4 days of cover: 9 units in stock at expected demand of 0.18 units/day,,0.0,0.0,0.0,0.0,0.0,0,100.0
1897,LOW,BR003,MED322,Rosuvastatin 20mg,Cardiovascular,17,20.7,3.657,21.322,LOW,NO_REORDER,0,NORMAL,LOW,MONITOR,No active issue: 20.7 days of cover: 17 units in stock at expected demand of 0.82 units/day,,0.0,0.0,0.0,0.0,0.0,0,100.0
1898,LOW,BR003,MED325,Rosuvastatin 20mg (Summit Lifesciences),Cardiovascular,10,70.0,0.748,3.906,LOW,NO_REORDER,0,NORMAL,MEDIUM,MONITOR,No active issue: 70.0 days of cover: 10 units in stock at expected demand of 0.14 units/day,,0.0,0.0,0.0,0.0,0.0,0,100.0
1899,LOW,BR003,MED329,Telmisartan 40mg (NovaMed Laboratories),Cardiovascular,66,14.55,31.11,142.192,LOW,NO_REORDER,0,NORMAL,LOW,MONITOR,No active issue: 14.6 days of cover: 66 units in stock at expected demand of 4.54 units/day,,0.0,0.0,0.0,0.0,0.0,0,100.0
1900,LOW,BR003,MED330,Telmisartan 40mg (Stellar Formulations),Cardiovascular,6,33.6,0.577,3.479,LOW,NO_REORDER,0,NORMAL,LOW,MONITOR,No active issue: 33.6 days of cover: 6 units in stock at expected demand of 0.18 units/day,,0.0,0.0,0.0,0.0,0.0,0,100.0
1901,LOW,BR003,MED333,Telmisartan 20mg (HealthAxis Pharma),Cardiovascular,15,32.31,1.934,9.642,LOW,NO_REORDER,0,NORMAL,LOW,MONITOR,No active issue: 32.3 days of cover: 15 units in stock at expected demand of 0.46 units/day,,0.0,0.0,0.0,0.0,0.0,0,100.0
1902,LOW,BR003,MED336,Telmisartan 80mg,Cardiovascular,15,140.0,0.719,4.276,LOW,NO_REORDER,0,NORMAL,LOW,MONITOR,No active issue: 140.0 days of cover: 15 units in stock at expected demand of 0.11 units/day,,0.0,0.0,0.0,0.0,0.0,0,100.0
1903,LOW,BR003,MED337,Telmisartan 80mg (ApexLife Pharma),Cardiovascular,21,49.0,2.767,13.025,LOW,NO_REORDER,0,NORMAL,LOW,MONITOR,No active issue: 49.0 days of cover: 21 units in stock at expected demand of 0.43 units/day,,0.0,0.0,0.0,0.0,0.0,0,100.0
1904,LOW,BR003,MED338,Telmisartan 80mg (BlueCrest Pharma),Cardiovascular,26,17.76,8.733,40.545,LOW,NO_REORDER,0,NORMAL,LOW,MONITOR,No active issue: 17.8 days of cover: 26 units in stock at expected demand of 1.46 units/day,,0.0,0.0,0.0,0.0,0.0,0,100.0
1905,LOW,BR003,MED339,Telmisartan 80mg (CureLine Healthcare),Cardiovascular,15,35.0,1.611,9.256,LOW,NO_REORDER,0,NORMAL,LOW,MONITOR,No active issue: 35.0 days of cover: 15 units in stock at expected demand of 0.43 units/day,,0.0,0.0,0.0,0.0,0.0,0,100.0
1906,LOW,BR003,MED343,Telmisartan 80mg (TrueLife Remedies),Cardiovascular,36,27.24,8.685,40.608,LOW,NO_REORDER,0,NORMAL,LOW,MONITOR,No active issue: 27.2 days of cover: 36 units in stock at expected demand of 1.32 units/day,,0.0,0.0,0.0,0.0,0.0,0,100.0
1907,LOW,BR003,MED344,Gliclazide 80mg (Aarogya Formulations),Antidiabetic,47,21.93,13.322,63.539,LOW,NO_REORDER,0,NORMAL,LOW,MONITOR,No active issue: 21.9 days of cover: 47 units in stock at expected demand of 2.14 units/day,,0.0,0.0,0.0,0.0,0.0,0,100.0
1908,LOW,BR003,MED345,Gliclazide 80mg (BlueCrest Pharma),Antidiabetic,9,31.5,1.222,6.488,LOW,NO_REORDER,0,NORMAL,LOW,MONITOR,No active issue: 31.5 days of cover: 9 units in stock at expected demand of 0.29 units/day,,0.0,0.0,0.0,0.0,0.0,0,100.0
1909,LOW,BR003,MED346,Gliclazide 80mg (CarePlus Laboratories),Antidiabetic,18,33.6,3.282,17.196,LOW,NO_REORDER,0,NORMAL,LOW,MONITOR,No active issue: 33.6 days of cover: 18 units in stock at expected demand of 0.54 units/day,,0.0,0.0,0.0,0.0,0.0,0,100.0
1910,LOW,BR003,MED347,Gliclazide 80mg (LifeSpring Pharma),Antidiabetic,13,21.41,3.232,15.942,LOW,NO_REORDER,0,NORMAL,LOW,MONITOR,No active issue: 21.4 days of cover: 13 units in stock at expected demand of 0.61 units/day,,0.0,0.0,0.0,0.0,0.0,0,100.0
1911,LOW,BR003,MED348,Gliclazide 80mg (TrueLife Remedies),Antidiabetic,10,40.0,1.098,6.231,LOW,NO_REORDER,0,NORMAL,LOW,MONITOR,No active issue: 40.0 days of cover: 10 units in stock at expected demand of 0.25 units/day,,0.0,0.0,0.0,0.0,0.0,0,100.0
1912,LOW,BR003,MED350,Gliclazide 40mg (BlueCrest Pharma),Antidiabetic,9,50.4,0.99,4.98,LOW,NO_REORDER,0,NORMAL,LOW,MONITOR,No active issue: 50.4 days of cover: 9 units in stock at expected demand of 0.18 units/day,,0.0,0.0,0.0,0.0,0.0,0,100.0
1913,LOW,BR003,MED351,Gliclazide 40mg (Lumina Pharma),Antidiabetic,16,28.0,2.551,12.175,LOW,NO_REORDER,0,NORMAL,LOW,MONITOR,No active issue: 28.0 days of cover: 16 units in stock at expected demand of 0.57 units/day,,0.0,0.0,0.0,0.0,0.0,0,100.0
1914,LOW,BR003,MED353,Gliclazide 40mg (Stellar Formulations),Antidiabetic,12,80.38,1.045,6.121,LOW,NO_REORDER,0,OVERSTOCK,LOW,REVIEW_OVERSTOCK,120 days of cover at the recent 0.10 units/day (limit 90): about -0 units above the limit,,0.0,0.0,-0.0,0.0,0.0,0,100.0
1915,LOW,BR003,MED355,Glimepiride 2mg (BlueCrest Pharma),Antidiabetic,10,56.0,1.02,5.321,LOW,NO_REORDER,0,NORMAL,LOW,MONITOR,No active issue: 56.0 days of cover: 10 units in stock at expected demand of 0.18 units/day,,0.0,0.0,0.0,0.0,0.0,0,100.0
1916,LOW,BR003,MED356,Glimepiride 2mg (CarePlus Laboratories),Antidiabetic,23,28.44,5.662,24.174,LOW,NO_REORDER,0,NORMAL,LOW,MONITOR,No active issue: 28.4 days of cover: 23 units in stock at expected demand of 0.81 units/day,,0.0,0.0,0.0,0.0,0.0,0,100.0
1917,LOW,BR003,MED358,Glimepiride 2mg (VitaCure Remedies),Antidiabetic,23,23.0,6.426,29.095,LOW,NO_REORDER,0,NORMAL,LOW,MONITOR,No active issue: 23.0 days of cover: 23 units in stock at expected demand of 1.00 units/day,,0.0,0.0,0.0,0.0,0.0,0,100.0
1918,LOW,BR003,MED361,Glimepiride 1mg (CureLine Healthcare),Antidiabetic,20,16.47,6.936,33.521,LOW,NO_REORDER,0,NORMAL,LOW,MONITOR,No active issue: 16.5 days of cover: 20 units in stock at expected demand of 1.21 units/day,,0.0,0.0,0.0,0.0,0.0,0,100.0
1919,LOW,BR003,MED363,Glimepiride 1mg (Summit Lifesciences),Antidiabetic,21,45.23,1.871,10.736,LOW,NO_REORDER,0,NORMAL,LOW,MONITOR,No active issue: 45.2 days of cover: 21 units in stock at expected demand of 0.46 units/day,,0.0,0.0,0.0,0.0,0.0,0,100.0
1920,LOW,BR003,MED364,Glimepiride 1mg (TrueLife Remedies),Antidiabetic,28,32.15,6.096,27.912,LOW,NO_REORDER,0,NORMAL,LOW,MONITOR,No active issue: 32.2 days of cover: 28 units in stock at expected demand of 0.87 units/day,,0.0,0.0,0.0,0.0,0.0,0,100.0
1921,LOW,BR003,MED366,Glimepiride 3mg (ApexLife Pharma),Antidiabetic,29,20.82,8.497,40.125,LOW,NO_REORDER,0,NORMAL,MEDIUM,MONITOR,No active issue: 20.8 days of cover: 29 units in stock at expected demand of 1.39 units/day,,0.0,0.0,0.0,0.0,0.0,0,100.0
1922,LOW,BR003,MED367,Glimepiride 3mg (CureLine Healthcare),Antidiabetic,19,33.25,3.311,14.518,LOW,NO_REORDER,0,NORMAL,LOW,MONITOR,No active issue: 33.2 days of cover: 19 units in stock at expected demand of 0.57 units/day,,0.0,0.0,0.0,0.0,0.0,0,100.0
1923,LOW,BR003,MED369,Glimepiride 3mg (Stellar Formulations),Antidiabetic,10,23.33,2.346,11.229,LOW,NO_REORDER,0,NORMAL,LOW,MONITOR,No active issue: 23.3 days of cover: 10 units in stock at expected demand of 0.43 units/day,,0.0,0.0,0.0,0.0,0.0,0,100.0
1924,LOW,BR003,MED372,Glimepiride 3mg (VitaCure Remedies),Antidiabetic,21,101.24,1.452,8.7,LOW,NO_REORDER,0,OVERSTOCK,LOW,REVIEW_OVERSTOCK,126 days of cover at the recent 0.17 units/day (limit 90): about -0 units above the limit,,0.0,0.0,-0.0,0.0,0.0,0,100.0
1925,LOW,BR003,MED373,Glimepiride + Metformin 2mg/500mg (Aarogya Formulations),Antidiabetic,8,56.0,0.915,4.445,LOW,NO_REORDER,0,NORMAL,LOW,MONITOR,No active issue: 56.0 days of cover: 8 units in stock at expected demand of 0.14 units/day,,0.0,0.0,0.0,0.0,0.0,0,100.0
1926,LOW,BR003,MED375,Glimepiride + Metformin 2mg/500mg (Summit Lifesciences),Antidiabetic,5,66.54,0.526,2.618,LOW,NO_REORDER,0,OVERSTOCK,LOW,REVIEW_OVERSTOCK,150 days of cover at the recent 0.03 units/day (limit 90): about -0 units above the limit,,0.0,0.0,-0.0,0.0,0.0,0,100.0
1927,LOW,BR003,MED376,Glimepiride + Metformin 1mg/500mg,Antidiabetic,18,45.82,2.395,12.657,LOW,NO_REORDER,0,NORMAL,LOW,MONITOR,No active issue: 45.8 days of cover: 18 units in stock at expected demand of 0.39 units/day,,0.0,0.0,0.0,0.0,0.0,0,100.0
1928,LOW,BR003,MED377,Glimepiride + Metformin 1mg/500mg (CarePlus Laboratories),Antidiabetic,18,33.6,2.151,10.736,LOW,NO_REORDER,0,NORMAL,LOW,MONITOR,No active issue: 33.6 days of cover: 18 units in stock at expected demand of 0.54 units/day,,0.0,0.0,0.0,0.0,0.0,0,100.0
1929,LOW,BR003,MED379,Glimepiride + Metformin 1mg/500mg (Summit Lifesciences),Antidiabetic,9,31.5,1.212,6.362,LOW,NO_REORDER,0,NORMAL,LOW,MONITOR,No active issue: 31.5 days of cover: 9 units in stock at expected demand of 0.29 units/day,,0.0,0.0,0.0,0.0,0.0,0,100.0
1930,LOW,BR003,MED382,Metformin 500mg (CureLine Healthcare),Antidiabetic,9,16.8,1.894,10.436,LOW,NO_REORDER,0,NORMAL,LOW,MONITOR,No active issue: 16.8 days of cover: 9 units in stock at expected demand of 0.54 units/day,,0.0,0.0,0.0,0.0,0.0,0,100.0
1931,LOW,BR003,MED387,Metformin 850mg (Stellar Formulations),Antidiabetic,8,28.0,1.014,5.933,LOW,NO_REORDER,0,NORMAL,MEDIUM,MONITOR,No active issue: 28.0 days of cover: 8 units in stock at expected demand of 0.29 units/day,,0.0,0.0,0.0,0.0,0.0,0,100.0
1932,LOW,BR003,MED388,Metformin 850mg (VitaCure Remedies),Antidiabetic,7,49.0,0.931,3.511,LOW,NO_REORDER,0,NORMAL,LOW,MONITOR,No active issue: 49.0 days of cover: 7 units in stock at expected demand of 0.14 units/day,,0.0,0.0,0.0,0.0,0.0,0,100.0
1933,LOW,BR003,MED389,Metformin 1000mg,Antidiabetic,18,50.4,1.973,9.893,LOW,NO_REORDER,0,NORMAL,LOW,MONITOR,No active issue: 50.4 days of cover: 18 units in stock at expected demand of 0.36 units/day,,0.0,0.0,0.0,0.0,0.0,0,100.0
1934,LOW,BR003,MED390,Metformin 1000mg (BlueCrest Pharma),Antidiabetic,13,33.09,1.504,8.27,LOW,NO_REORDER,0,NORMAL,LOW,MONITOR,No active issue: 33.1 days of cover: 13 units in stock at expected demand of 0.39 units/day,,0.0,0.0,0.0,0.0,0.0,0,100.0
1935,LOW,BR003,MED393,Metformin 1000mg (TrueLife Remedies),Antidiabetic,13,30.33,2.092,10.246,LOW,NO_REORDER,0,NORMAL,LOW,MONITOR,No active issue: 30.3 days of cover: 13 units in stock at expected demand of 0.43 units/day,,0.0,0.0,0.0,0.0,0.0,0,100.0
1936,LOW,BR003,MED395,Sitagliptin 100mg (CarePlus Laboratories),Antidiabetic,49,26.9,11.792,53.814,LOW,NO_REORDER,0,NORMAL,LOW,MONITOR,No active issue: 26.9 days of cover: 49 units in stock at expected demand of 1.82 units/day,,0.0,0.0,0.0,0.0,0.0,0,100.0
1937,LOW,BR003,MED396,Sitagliptin 100mg (HealthAxis Pharma),Antidiabetic,175,19.99,61.281,267.12,LOW,NO_REORDER,0,NORMAL,LOW,MONITOR,No active issue: 20.0 days of cover: 175 units in stock at expected demand of 8.75 units/day,,0.0,0.0,0.0,0.0,0.0,0,100.0
1938,LOW,BR003,MED400,Sitagliptin 50mg (Crestview Pharma),Antidiabetic,7,16.33,1.379,7.846,LOW,NO_REORDER,0,NORMAL,LOW,MONITOR,No active issue: 16.3 days of cover: 7 units in stock at expected demand of 0.43 units/day,,0.0,0.0,0.0,0.0,0.0,0,100.0
1939,LOW,BR003,MED403,Sitagliptin 50mg (Stellar Formulations),Antidiabetic,9,31.5,1.3,6.718,LOW,NO_REORDER,0,NORMAL,LOW,MONITOR,No active issue: 31.5 days of cover: 9 units in stock at expected demand of 0.29 units/day,,0.0,0.0,0.0,0.0,0.0,0,100.0
1940,LOW,BR003,MED404,Sitagliptin 50mg (Summit Lifesciences),Antidiabetic,10,40.0,1.268,5.446,LOW,NO_REORDER,0,NORMAL,LOW,MONITOR,No active issue: 40.0 days of cover: 10 units in stock at expected demand of 0.25 units/day,,0.0,0.0,0.0,0.0,0.0,0,100.0
1941,LOW,BR003,MED406,Ambroxol + Levosalbutamol Syrup 100ml (Aarogya Formulations),Respiratory,15,60.0,1.712,8.699,LOW,NO_REORDER,0,NORMAL,LOW,MONITOR,No active issue: 60.0 days of cover: 15 units in stock at expected demand of 0.25 units/day,,0.0,0.0,0.0,0.0,0.0,0,100.0
1942,LOW,BR003,MED407,Ambroxol + Levosalbutamol Syrup 100ml (NovaMed Laboratories),Respiratory,15,14.0,5.937,27.54,LOW,NO_REORDER,0,NORMAL,LOW,MONITOR,No active issue: 14.0 days of cover: 15 units in stock at expected demand of 1.07 units/day,,0.0,0.0,0.0,0.0,0.0,0,100.0
1943,LOW,BR003,MED408,Ambroxol + Levosalbutamol Syrup 100ml (Summit Lifesciences),Respiratory,5,17.5,1.0,5.65,LOW,NO_REORDER,0,NORMAL,LOW,MONITOR,No active issue: 17.5 days of cover: 5 units in stock at expected demand of 0.29 units/day,,0.0,0.0,0.0,0.0,0.0,0,100.0
1944,LOW,BR003,MED409,Ambroxol + Levosalbutamol Syrup 100ml (VitaCure Remedies),Respiratory,9,63.0,0.898,4.554,LOW,NO_REORDER,0,NORMAL,LOW,MONITOR,No active issue: 63.0 days of cover: 9 units in stock at expected demand of 0.14 units/day,,0.0,0.0,0.0,0.0,0.0,0,100.0
1945,LOW,BR003,MED410,Ambroxol + Levosalbutamol Syrup 60ml,Respiratory,15,52.5,1.321,6.709,LOW,NO_REORDER,0,NORMAL,LOW,MONITOR,No active issue: 52.5 days of cover: 15 units in stock at expected demand of 0.29 units/day,,0.0,0.0,0.0,0.0,0.0,0,100.0
1946,LOW,BR003,MED412,Budesonide Inhaler 200mcg (ApexLife Pharma),Respiratory,14,56.0,1.423,6.933,LOW,NO_REORDER,0,NORMAL,LOW,MONITOR,No active issue: 56.0 days of cover: 14 units in stock at expected demand of 0.25 units/day,,0.0,0.0,0.0,0.0,0.0,0,100.0
1947,LOW,BR003,MED413,Budesonide Inhaler 200mcg (BlueCrest Pharma),Respiratory,8,44.8,1.026,5.072,LOW,NO_REORDER,0,NORMAL,LOW,MONITOR,No active issue: 44.8 days of cover: 8 units in stock at expected demand of 0.18 units/day,,0.0,0.0,0.0,0.0,0.0,0,100.0
1948,LOW,BR003,MED416,Dextromethorphan Syrup 100ml (HealthAxis Pharma),Respiratory,36,28.0,8.993,39.595,LOW,NO_REORDER,0,NORMAL,LOW,MONITOR,No active issue: 28.0 days of cover: 36 units in stock at expected demand of 1.29 units/day,,0.0,0.0,0.0,0.0,0.0,0,100.0
1949,LOW,BR003,MED417,Dextromethorphan Syrup 100ml (LifeSpring Pharma),Respiratory,12,84.0,0.882,4.195,LOW,NO_REORDER,0,NORMAL,LOW,MONITOR,No active issue: 84.0 days of cover: 12 units in stock at expected demand of 0.14 units/day,,0.0,0.0,0.0,0.0,0.0,0,100.0
1950,LOW,BR003,MED419,Dextromethorphan Syrup 100ml (TrueLife Remedies),Respiratory,9,84.0,0.662,2.927,LOW,NO_REORDER,0,NORMAL,MEDIUM,MONITOR,No active issue: 84.0 days of cover: 9 units in stock at expected demand of 0.11 units/day,,0.0,0.0,0.0,0.0,0.0,0,100.0
1951,LOW,BR003,MED420,Montelukast 10mg (CureLine Healthcare),Respiratory,14,17.82,5.159,24.548,LOW,NO_REORDER,0,NORMAL,LOW,MONITOR,No active issue: 17.8 days of cover: 14 units in stock at expected demand of 0.79 units/day,,0.0,0.0,0.0,0.0,0.0,0,100.0
1952,LOW,BR003,MED424,Montelukast 10mg (TrueLife Remedies),Respiratory,9,42.0,1.132,5.515,LOW,NO_REORDER,0,NORMAL,LOW,MONITOR,No active issue: 42.0 days of cover: 9 units in stock at expected demand of 0.21 units/day,,0.0,0.0,0.0,0.0,0.0,0,100.0
1953,LOW,BR003,MED425,Montelukast 5mg,Respiratory,12,30.55,1.818,10.34,LOW,NO_REORDER,0,NORMAL,LOW,MONITOR,No active issue: 30.5 days of cover: 12 units in stock at expected demand of 0.39 units/day,,0.0,0.0,0.0,0.0,0.0,0,100.0
1954,LOW,BR003,MED427,Montelukast 5mg (NovaMed Laboratories),Respiratory,4,18.67,0.701,3.279,LOW,NO_REORDER,0,NORMAL,LOW,MONITOR,No active issue: 18.7 days of cover: 4 units in stock at expected demand of 0.21 units/day,,0.0,0.0,0.0,0.0,0.0,0,100.0
1955,LOW,BR003,MED429,Montelukast 5mg (TrueLife Remedies),Respiratory,21,36.25,4.055,18.045,LOW,NO_REORDER,0,NORMAL,LOW,MONITOR,No active issue: 36.3 days of cover: 21 units in stock at expected demand of 0.58 units/day,,0.0,0.0,0.0,0.0,0.0,0,100.0
1956,LOW,BR003,MED430,Salbutamol Inhaler 100mcg (Aarogya Formulations),Respiratory,5,46.67,0.492,2.425,LOW,NO_REORDER,0,NORMAL,LOW,MONITOR,No active issue: 46.7 days of cover: 5 units in stock at expected demand of 0.11 units/day,,0.0,0.0,0.0,0.0,0.0,0,100.0
1957,LOW,BR003,MED432,Salbutamol Inhaler 100mcg (Stellar Formulations),Respiratory,56,20.03,19.566,88.445,LOW,NO_REORDER,0,NORMAL,LOW,MONITOR,No active issue: 20.0 days of cover: 56 units in stock at expected demand of 2.80 units/day,,0.0,0.0,0.0,0.0,0.0,0,100.0
1958,LOW,BR003,MED435,Salbutamol Inhaler 100mcg (VitaCure Remedies),Respiratory,14,35.64,2.352,11.489,LOW,NO_REORDER,0,NORMAL,LOW,MONITOR,No active issue: 35.6 days of cover: 14 units in stock at expected demand of 0.39 units/day,,0.0,0.0,0.0,0.0,0.0,0,100.0
1959,LOW,BR003,MED436,Salbutamol Inhaler 200mcg,Respiratory,12,28.0,2.784,12.447,LOW,NO_REORDER,0,NORMAL,LOW,MONITOR,No active issue: 28.0 days of cover: 12 units in stock at expected demand of 0.43 units/day,,0.0,0.0,0.0,0.0,0.0,0,100.0
1960,LOW,BR003,MED437,Salbutamol Inhaler 200mcg (BlueCrest Pharma),Respiratory,9,116.67,0.54,2.519,LOW,NO_REORDER,0,NORMAL,LOW,MONITOR,No active issue: 116.7 days of cover: 9 units in stock at expected demand of 0.08 units/day,,0.0,0.0,0.0,0.0,0.0,0,100.0
1961,LOW,BR003,MED439,Salbutamol Inhaler 200mcg (HealthAxis Pharma),Respiratory,7,16.33,1.963,9.296,LOW,NO_REORDER,0,NORMAL,LOW,MONITOR,No active issue: 16.3 days of cover: 7 units in stock at expected demand of 0.43 units/day,,0.0,0.0,0.0,0.0,0.0,0,100.0
1962,LOW,BR003,MED440,Salbutamol Inhaler 200mcg (Stellar Formulations),Respiratory,18,100.8,1.116,6.317,LOW,NO_REORDER,0,NORMAL,LOW,MONITOR,No active issue: 100.8 days of cover: 18 units in stock at expected demand of 0.18 units/day,,0.0,0.0,0.0,0.0,0.0,0,100.0
1963,LOW,BR003,MED444,Calcium + Vitamin D3 500mg/250IU (CureLine Healthcare),Vitamins,16,17.23,5.709,27.648,LOW,NO_REORDER,0,NORMAL,LOW,MONITOR,No active issue: 17.2 days of cover: 16 units in stock at expected demand of 0.93 units/day,,0.0,0.0,0.0,0.0,0.0,0,100.0
1964,LOW,BR003,MED446,Calcium + Vitamin D3 500mg/250IU (LifeSpring Pharma),Vitamins,27,19.89,8.589,39.248,LOW,NO_REORDER,0,NORMAL,LOW,MONITOR,No active issue: 19.9 days of cover: 27 units in stock at expected demand of 1.36 units/day,,0.0,0.0,0.0,0.0,0.0,0,100.0
1965,LOW,BR003,MED447,Calcium + Vitamin D3 500mg/250IU (Summit Lifesciences),Vitamins,15,22.11,4.289,21.008,LOW,NO_REORDER,0,NORMAL,MEDIUM,MONITOR,No active issue: 22.1 days of cover: 15 units in stock at expected demand of 0.68 units/day,,0.0,0.0,0.0,0.0,0.0,0,100.0
1966,LOW,BR003,MED450,Iron + Folic Acid 100mg/500mcg (CarePlus Laboratories),Vitamins,11,51.33,0.971,5.503,LOW,NO_REORDER,0,NORMAL,LOW,MONITOR,No active issue: 51.3 days of cover: 11 units in stock at expected demand of 0.21 units/day,,0.0,0.0,0.0,0.0,0.0,0,100.0
1967,LOW,BR003,MED452,Iron + Folic Acid 100mg/500mcg (HealthAxis Pharma),Vitamins,10,28.0,1.942,9.936,LOW,NO_REORDER,0,NORMAL,MEDIUM,MONITOR,No active issue: 28.0 days of cover: 10 units in stock at expected demand of 0.36 units/day,,0.0,0.0,0.0,0.0,0.0,0,100.0
1968,LOW,BR003,MED453,Iron + Folic Acid 100mg/500mcg (LifeSpring Pharma),Vitamins,11,77.0,0.85,4.87,LOW,NO_REORDER,0,NORMAL,LOW,MONITOR,No active issue: 77.0 days of cover: 11 units in stock at expected demand of 0.14 units/day,,0.0,0.0,0.0,0.0,0.0,0,100.0
1969,LOW,BR003,MED455,Iron + Folic Acid 100mg/500mcg (Summit Lifesciences),Vitamins,17,79.33,1.188,6.146,LOW,NO_REORDER,0,NORMAL,LOW,MONITOR,No active issue: 79.3 days of cover: 17 units in stock at expected demand of 0.21 units/day,,0.0,0.0,0.0,0.0,0.0,0,100.0
1970,LOW,BR003,MED456,Iron + Folic Acid 100mg/500mcg (VitaCure Remedies),Vitamins,9,16.8,1.707,9.376,LOW,NO_REORDER,0,NORMAL,LOW,MONITOR,No active issue: 16.8 days of cover: 9 units in stock at expected demand of 0.54 units/day,,0.0,0.0,0.0,0.0,0.0,0,100.0
1971,LOW,BR003,MED458,Multivitamin B-complex+C (HealthAxis Pharma),Vitamins,7,24.5,1.014,5.306,LOW,NO_REORDER,0,NORMAL,LOW,MONITOR,No active issue: 24.5 days of cover: 7 units in stock at expected demand of 0.29 units/day,,0.0,0.0,0.0,0.0,0.0,0,100.0
1972,LOW,BR003,MED461,Vitamin C Chewable 500mg (Aarogya Formulations),Vitamins,52,19.16,18.899,83.464,LOW,NO_REORDER,0,NORMAL,LOW,MONITOR,No active issue: 19.2 days of cover: 52 units in stock at expected demand of 2.71 units/day,,0.0,0.0,0.0,0.0,0.0,0,100.0
1973,LOW,BR003,MED462,Vitamin C Chewable 500mg (ApexLife Pharma),Vitamins,16,34.46,3.234,15.216,LOW,NO_REORDER,0,NORMAL,LOW,MONITOR,No active issue: 34.5 days of cover: 16 units in stock at expected demand of 0.46 units/day,,0.0,0.0,0.0,0.0,0.0,0,100.0
1974,LOW,BR003,MED464,Vitamin C Chewable 500mg (TrueLife Remedies),Vitamins,8,22.4,1.732,8.518,LOW,NO_REORDER,0,NORMAL,LOW,MONITOR,No active issue: 22.4 days of cover: 8 units in stock at expected demand of 0.36 units/day,,0.0,0.0,0.0,0.0,0.0,0,100.0
1975,LOW,BR003,MED467,Vitamin C Chewable 1000mg (BlueCrest Pharma),Vitamins,17,43.27,2.686,12.354,LOW,NO_REORDER,0,NORMAL,LOW,MONITOR,No active issue: 43.3 days of cover: 17 units in stock at expected demand of 0.39 units/day,,0.0,0.0,0.0,0.0,0.0,0,100.0
1976,LOW,BR003,MED468,Vitamin C Chewable 1000mg (CarePlus Laboratories),Vitamins,29,20.82,8.701,39.785,LOW,NO_REORDER,0,NORMAL,MEDIUM,MONITOR,No active issue: 20.8 days of cover: 29 units in stock at expected demand of 1.39 units/day,,0.0,0.0,0.0,0.0,0.0,0,100.0
1977,LOW,BR003,MED469,Vitamin C Chewable 1000mg (CureLine Healthcare),Vitamins,16,34.46,2.523,12.271,LOW,NO_REORDER,0,NORMAL,LOW,MONITOR,No active issue: 34.5 days of cover: 16 units in stock at expected demand of 0.46 units/day,,0.0,0.0,0.0,0.0,0.0,0,100.0
1978,LOW,BR003,MED471,Vitamin C Chewable 1000mg (Summit Lifesciences),Vitamins,18,25.68,4.906,22.524,LOW,NO_REORDER,0,NORMAL,LOW,MONITOR,No active issue: 25.7 days of cover: 18 units in stock at expected demand of 0.70 units/day,,0.0,0.0,0.0,0.0,0.0,0,100.0
1979,LOW,BR003,MED473,Vitamin C Chewable 1000mg (VitaCure Remedies),Vitamins,14,15.08,5.283,26.975,LOW,NO_REORDER,0,NORMAL,LOW,MONITOR,No active issue: 15.1 days of cover: 14 units in stock at expected demand of 0.93 units/day,,0.0,0.0,0.0,0.0,0.0,0,100.0
1980,LOW,BR003,MED475,Vitamin D3 60000IU (VitaCure Remedies),Vitamins,18,42.0,2.79,12.759,LOW,NO_REORDER,0,NORMAL,MEDIUM,MONITOR,No active issue: 42.0 days of cover: 18 units in stock at expected demand of 0.43 units/day,,0.0,0.0,0.0,0.0,0.0,0,100.0
1981,LOW,BR003,MED476,Vitamin D3 1000IU,Vitamins,16,21.33,4.078,20.181,LOW,NO_REORDER,0,NORMAL,LOW,MONITOR,No active issue: 21.3 days of cover: 16 units in stock at expected demand of 0.75 units/day,,0.0,0.0,0.0,0.0,0.0,0,100.0
1982,LOW,BR003,MED477,Vitamin D3 1000IU (Summit Lifesciences),Vitamins,9,25.2,1.553,8.016,LOW,NO_REORDER,0,NORMAL,LOW,MONITOR,No active issue: 25.2 days of cover: 9 units in stock at expected demand of 0.36 units/day,,0.0,0.0,0.0,0.0,0.0,0,100.0
1983,LOW,BR003,MED479,Calamine Lotion 100ml (LifeSpring Pharma),Dermatological,5,23.33,0.997,4.284,LOW,NO_REORDER,0,NORMAL,LOW,MONITOR,No active issue: 23.3 days of cover: 5 units in stock at expected demand of 0.21 units/day,,0.0,0.0,0.0,0.0,0.0,0,100.0
1984,LOW,BR003,MED481,Calamine Lotion 100ml (TrueLife Remedies),Dermatological,19,88.67,1.457,6.715,LOW,NO_REORDER,0,OVERSTOCK,LOW,REVIEW_OVERSTOCK,95 days of cover at the recent 0.20 units/day (limit 90): about -0 units above the limit,,0.0,0.0,-0.0,0.0,0.0,0,100.0
1985,LOW,BR003,MED482,Clotrimazole Cream 1% (ApexLife Pharma),Dermatological,11,61.6,0.846,3.843,LOW,NO_REORDER,0,NORMAL,LOW,MONITOR,No active issue: 61.6 days of cover: 11 units in stock at expected demand of 0.18 units/day,,0.0,0.0,0.0,0.0,0.0,0,100.0
1986,LOW,BR003,MED486,Clotrimazole Cream 2% (TrueLife Remedies),Dermatological,5,46.67,0.549,2.466,LOW,NO_REORDER,0,NORMAL,LOW,MONITOR,No active issue: 46.7 days of cover: 5 units in stock at expected demand of 0.11 units/day,,0.0,0.0,0.0,0.0,0.0,0,100.0
1987,LOW,BR003,MED488,Fusidic Acid Cream 2% (BlueCrest Pharma),Dermatological,5,70.0,0.445,1.965,LOW,NO_REORDER,0,NORMAL,LOW,MONITOR,No active issue: 70.0 days of cover: 5 units in stock at expected demand of 0.07 units/day,,0.0,0.0,0.0,0.0,0.0,0,100.0
1988,LOW,BR003,MED489,Fusidic Acid Cream 2% (VitaCure Remedies),Dermatological,11,61.6,0.783,3.973,LOW,NO_REORDER,0,NORMAL,LOW,MONITOR,No active issue: 61.6 days of cover: 11 units in stock at expected demand of 0.18 units/day,,0.0,0.0,0.0,0.0,0.0,0,100.0
1989,LOW,BR003,MED491,Hydrocortisone Cream 1% (CureLine Healthcare),Dermatological,10,17.5,2.806,13.679,LOW,NO_REORDER,0,NORMAL,LOW,MONITOR,No active issue: 17.5 days of cover: 10 units in stock at expected demand of 0.57 units/day,,0.0,0.0,0.0,0.0,0.0,0,100.0
1990,LOW,BR003,MED492,Hydrocortisone Cream 1% (Summit Lifesciences),Dermatological,11,61.6,0.923,4.22,LOW,NO_REORDER,0,NORMAL,LOW,MONITOR,No active issue: 61.6 days of cover: 11 units in stock at expected demand of 0.18 units/day,,0.0,0.0,0.0,0.0,0.0,0,100.0
1991,LOW,BR003,MED493,Ketoconazole Shampoo 2% (Aarogya Formulations),Dermatological,6,28.0,0.845,3.755,LOW,NO_REORDER,0,NORMAL,LOW,MONITOR,No active issue: 28.0 days of cover: 6 units in stock at expected demand of 0.21 units/day,,0.0,0.0,0.0,0.0,0.0,0,100.0
1992,LOW,BR003,MED494,Ketoconazole Shampoo 2% (LifeSpring Pharma),Dermatological,7,24.5,1.019,4.957,LOW,NO_REORDER,0,NORMAL,LOW,MONITOR,No active issue: 24.5 days of cover: 7 units in stock at expected demand of 0.29 units/day,,0.0,0.0,0.0,0.0,0.0,0,100.0
1993,LOW,BR003,MED495,Ketoconazole Shampoo 2% (VitaCure Remedies),Dermatological,11,102.67,0.581,3.102,LOW,NO_REORDER,0,NORMAL,LOW,MONITOR,No active issue: 102.7 days of cover: 11 units in stock at expected demand of 0.11 units/day,,0.0,0.0,0.0,0.0,0.0,0,100.0
1994,LOW,BR003,MED497,Mupirocin Ointment 2% (CarePlus Laboratories),Dermatological,12,28.0,2.598,11.644,LOW,NO_REORDER,0,NORMAL,LOW,MONITOR,No active issue: 28.0 days of cover: 12 units in stock at expected demand of 0.43 units/day,,0.0,0.0,0.0,0.0,0.0,0,100.0
1995,LOW,BR003,MED499,Mupirocin Ointment 2% (Summit Lifesciences),Dermatological,16,56.0,1.49,7.199,LOW,NO_REORDER,0,NORMAL,LOW,MONITOR,No active issue: 56.0 days of cover: 16 units in stock at expected demand of 0.29 units/day,,0.0,0.0,0.0,0.0,0.0,0,100.0
1996,LOW,BR003,MED500,Mupirocin Ointment 2% (VitaCure Remedies),Dermatological,7,65.33,0.58,2.729,LOW,NO_REORDER,0,NORMAL,LOW,MONITOR,No active issue: 65.3 days of cover: 7 units in stock at expected demand of 0.11 units/day,,0.0,0.0,0.0,0.0,0.0,0,100.0
1997,LOW,BR004,MED001,Paracetamol 500mg,Analgesics,70,20.53,23.866,104.162,LOW,NO_REORDER,0,NORMAL,LOW,MONITOR,No active issue: 20.5 days of cover: 70 units in stock at expected demand of 3.41 units/day,,0.0,0.0,0.0,0.0,0.0,0,100.0
1998,LOW,BR004,MED003,Amoxicillin 500mg,Antibiotics,12,33.6,1.993,9.548,LOW,NO_REORDER,0,NORMAL,LOW,MONITOR,No active issue: 33.6 days of cover: 12 units in stock at expected demand of 0.36 units/day,,0.0,0.0,0.0,0.0,0.0,0,100.0
1999,LOW,BR004,MED006,Paracetamol Suspension 250mg/5ml,Antipyretics,15,97.49,1.077,5.164,LOW,NO_REORDER,0,OVERSTOCK,LOW,REVIEW_OVERSTOCK,112 days of cover at the recent 0.13 units/day (limit 90): about -0 units above the limit,,0.0,0.0,-0.0,0.0,0.0,0,100.0
2000,LOW,BR004,MED012,Atorvastatin 10mg,Cardiovascular,128,31.52,28.429,131.915,LOW,NO_REORDER,0,NORMAL,LOW,MONITOR,No active issue: 31.5 days of cover: 128 units in stock at expected demand of 4.06 units/day,,0.0,0.0,0.0,0.0,0.0,0,100.0
2001,LOW,BR004,MED014,Glimepiride 2mg,Antidiabetic,34,17.31,10.839,50.656,LOW,NO_REORDER,0,NORMAL,LOW,MONITOR,No active issue: 17.3 days of cover: 34 units in stock at expected demand of 1.96 units/day,,0.0,0.0,0.0,0.0,0.0,0,100.0
2002,LOW,BR004,MED017,Vitamin C Chewable 500mg,Vitamins,46,25.76,11.552,51.75,LOW,NO_REORDER,0,NORMAL,LOW,MONITOR,No active issue: 25.8 days of cover: 46 units in stock at expected demand of 1.79 units/day,,0.0,0.0,0.0,0.0,0.0,0,100.0
2003,LOW,BR004,MED020,Mupirocin Ointment 2%,Dermatological,12,37.33,1.446,6.847,LOW,NO_REORDER,0,NORMAL,LOW,MONITOR,No active issue: 37.3 days of cover: 12 units in stock at expected demand of 0.32 units/day,,0.0,0.0,0.0,0.0,0.0,0,100.0
2004,LOW,BR004,MED022,Aceclofenac + Paracetamol 100mg/325mg,Analgesics,10,20.0,3.037,15.605,LOW,NO_REORDER,0,NORMAL,LOW,MONITOR,No active issue: 20.0 days of cover: 10 units in stock at expected demand of 0.50 units/day,,0.0,0.0,0.0,0.0,0.0,0,100.0
2005,LOW,BR004,MED023,Naproxen 250mg,Analgesics,8,56.0,0.871,4.418,LOW,NO_REORDER,0,NORMAL,LOW,MONITOR,No active issue: 56.0 days of cover: 8 units in stock at expected demand of 0.14 units/day,,0.0,0.0,0.0,0.0,0.0,0,100.0
2006,LOW,BR004,MED027,Amoxicillin + Clavulanic Acid 625mg,Antibiotics,14,20.63,3.931,18.547,LOW,NO_REORDER,0,NORMAL,LOW,MONITOR,No active issue: 20.6 days of cover: 14 units in stock at expected demand of 0.68 units/day,,0.0,0.0,0.0,0.0,0.0,0,100.0
2007,LOW,BR004,MED028,Mefenamic Acid 250mg,Antipyretics,8,97.05,0.577,2.832,LOW,NO_REORDER,0,OVERSTOCK,LOW,REVIEW_OVERSTOCK,120 days of cover at the recent 0.07 units/day (limit 90): about -0 units above the limit,,0.0,0.0,-0.0,0.0,0.0,0,100.0
2008,LOW,BR004,MED030,Levocetirizine 5mg,Antihistamines,13,33.09,1.835,8.964,LOW,NO_REORDER,0,NORMAL,LOW,MONITOR,No active issue: 33.1 days of cover: 13 units in stock at expected demand of 0.39 units/day,,0.0,0.0,0.0,0.0,0.0,0,100.0
2009,LOW,BR004,MED032,Chlorpheniramine 4mg,Antihistamines,9,50.4,1.026,5.346,LOW,NO_REORDER,0,NORMAL,MEDIUM,MONITOR,No active issue: 50.4 days of cover: 9 units in stock at expected demand of 0.18 units/day,,0.0,0.0,0.0,0.0,0.0,0,100.0
2010,LOW,BR004,MED034,Domperidone 10mg,Gastrointestinal,66,27.2,16.988,74.933,LOW,NO_REORDER,0,NORMAL,LOW,MONITOR,No active issue: 27.2 days of cover: 66 units in stock at expected demand of 2.43 units/day,,0.0,0.0,0.0,0.0,0.0,0,100.0
2011,LOW,BR004,MED037,Telmisartan 40mg,Cardiovascular,167,19.98,58.395,261.013,LOW,NO_REORDER,0,NORMAL,MEDIUM,MONITOR,No active issue: 20.0 days of cover: 167 units in stock at expected demand of 8.36 units/day,,0.0,0.0,0.0,0.0,0.0,0,100.0
2012,LOW,BR004,MED038,Losartan 50mg,Cardiovascular,14,43.56,1.518,7.719,LOW,NO_REORDER,0,NORMAL,LOW,MONITOR,No active issue: 43.6 days of cover: 14 units in stock at expected demand of 0.32 units/day,,0.0,0.0,0.0,0.0,0.0,0,100.0
2013,LOW,BR004,MED039,Metoprolol 50mg,Cardiovascular,27,28.79,6.564,32.798,LOW,NO_REORDER,0,NORMAL,LOW,MONITOR,No active issue: 28.8 days of cover: 27 units in stock at expected demand of 0.94 units/day,,0.0,0.0,0.0,0.0,0.0,0,100.0
2014,LOW,BR004,MED044,Sitagliptin 100mg,Antidiabetic,14,35.64,1.774,10.082,LOW,NO_REORDER,0,NORMAL,LOW,MONITOR,No active issue: 35.6 days of cover: 14 units in stock at expected demand of 0.39 units/day,,0.0,0.0,0.0,0.0,0.0,0,100.0
2015,LOW,BR004,MED046,Montelukast 10mg,Respiratory,25,25.0,6.701,30.11,LOW,NO_REORDER,0,NORMAL,LOW,MONITOR,No active issue: 25.0 days of cover: 25 units in stock at expected demand of 1.00 units/day,,0.0,0.0,0.0,0.0,0.0,0,100.0
2016,LOW,BR004,MED049,Multivitamin B-complex+C,Vitamins,25,17.07,8.648,38.825,LOW,NO_REORDER,0,NORMAL,LOW,MONITOR,No active issue: 17.1 days of cover: 25 units in stock at expected demand of 1.46 units/day,,0.0,0.0,0.0,0.0,0.0,0,100.0
2017,LOW,BR004,MED051,Iron + Folic Acid 100mg/500mcg,Vitamins,8,56.0,0.915,5.052,LOW,NO_REORDER,0,NORMAL,LOW,MONITOR,No active issue: 56.0 days of cover: 8 units in stock at expected demand of 0.14 units/day,,0.0,0.0,0.0,0.0,0.0,0,100.0
2018,LOW,BR004,MED053,Fusidic Acid Cream 2%,Dermatological,9,80.98,0.778,3.654,LOW,NO_REORDER,0,NORMAL,LOW,MONITOR,No active issue: 81.0 days of cover: 9 units in stock at expected demand of 0.11 units/day,,0.0,0.0,0.0,0.0,0.0,0,100.0
2019,LOW,BR004,MED054,Calamine Lotion 100ml,Dermatological,5,35.0,0.631,3.074,LOW,NO_REORDER,0,NORMAL,LOW,MONITOR,No active issue: 35.0 days of cover: 5 units in stock at expected demand of 0.14 units/day,,0.0,0.0,0.0,0.0,0.0,0,100.0
2020,LOW,BR004,MED055,Ketoconazole Shampoo 2%,Dermatological,6,18.67,1.172,5.63,LOW,NO_REORDER,0,NORMAL,LOW,MONITOR,No active issue: 18.7 days of cover: 6 units in stock at expected demand of 0.32 units/day,,0.0,0.0,0.0,0.0,0.0,0,100.0
2021,LOW,BR004,MED059,Diclofenac 50mg (Aarogya Formulations),Analgesics,5,23.33,0.886,4.661,LOW,NO_REORDER,0,NORMAL,LOW,MONITOR,No active issue: 23.3 days of cover: 5 units in stock at expected demand of 0.21 units/day,,0.0,0.0,0.0,0.0,0.0,0,100.0
2022,LOW,BR004,MED060,Diclofenac 50mg (CarePlus Laboratories),Analgesics,30,31.11,6.731,33.156,LOW,NO_REORDER,0,NORMAL,LOW,MONITOR,No active issue: 31.1 days of cover: 30 units in stock at expected demand of 0.96 units/day,,0.0,0.0,0.0,0.0,0.0,0,100.0
2023,LOW,BR004,MED063,Diclofenac 50mg (VitaCure Remedies),Analgesics,9,15.75,3.249,16.484,LOW,NO_REORDER,0,NORMAL,LOW,MONITOR,No active issue: 15.8 days of cover: 9 units in stock at expected demand of 0.57 units/day,,0.0,0.0,0.0,0.0,0.0,0,100.0
2024,LOW,BR004,MED064,Diclofenac 100mg,Analgesics,9,21.0,2.674,14.08,LOW,NO_REORDER,0,NORMAL,LOW,MONITOR,No active issue: 21.0 days of cover: 9 units in stock at expected demand of 0.43 units/day,,0.0,0.0,0.0,0.0,0.0,0,100.0
2025,LOW,BR004,MED065,Diclofenac 100mg (CureLine Healthcare),Analgesics,12,56.0,1.379,7.217,LOW,NO_REORDER,0,NORMAL,LOW,MONITOR,No active issue: 56.0 days of cover: 12 units in stock at expected demand of 0.21 units/day,,0.0,0.0,0.0,0.0,0.0,0,100.0
2026,LOW,BR004,MED067,Ibuprofen 400mg (Aarogya Formulations),Analgesics,4,56.0,0.406,1.973,LOW,NO_REORDER,0,NORMAL,LOW,MONITOR,No active issue: 56.0 days of cover: 4 units in stock at expected demand of 0.07 units/day,,0.0,0.0,0.0,0.0,0.0,0,100.0
2027,LOW,BR004,MED068,Ibuprofen 400mg (CureLine Healthcare),Analgesics,8,44.8,0.637,3.449,LOW,NO_REORDER,0,NORMAL,LOW,MONITOR,No active issue: 44.8 days of cover: 8 units in stock at expected demand of 0.18 units/day,,0.0,0.0,0.0,0.0,0.0,0,100.0
2028,LOW,BR004,MED070,Ibuprofen 400mg (NovaMed Laboratories),Analgesics,19,22.17,5.365,25.707,LOW,NO_REORDER,0,NORMAL,LOW,MONITOR,No active issue: 22.2 days of cover: 19 units in stock at expected demand of 0.86 units/day,,0.0,0.0,0.0,0.0,0.0,0,100.0
2029,LOW,BR004,MED071,Ibuprofen 400mg (Stellar Formulations),Analgesics,17,59.5,1.723,7.794,LOW,NO_REORDER,0,NORMAL,LOW,MONITOR,No active issue: 59.5 days of cover: 17 units in stock at expected demand of 0.29 units/day,,0.0,0.0,0.0,0.0,0.0,0,100.0
2030,LOW,BR004,MED072,Ibuprofen 400mg (VitaCure Remedies),Analgesics,10,56.0,0.745,3.787,LOW,NO_REORDER,0,NORMAL,LOW,MONITOR,No active issue: 56.0 days of cover: 10 units in stock at expected demand of 0.18 units/day,,0.0,0.0,0.0,0.0,0.0,0,100.0
2031,LOW,BR004,MED073,Ibuprofen 200mg,Analgesics,19,24.18,5.37,25.198,LOW,NO_REORDER,0,NORMAL,LOW,MONITOR,No active issue: 24.2 days of cover: 19 units in stock at expected demand of 0.79 units/day,,0.0,0.0,0.0,0.0,0.0,0,100.0
2032,LOW,BR004,MED074,Ibuprofen 200mg (LifeSpring Pharma),Analgesics,4,37.33,0.454,2.122,LOW,NO_REORDER,0,NORMAL,LOW,MONITOR,No active issue: 37.3 days of cover: 4 units in stock at expected demand of 0.11 units/day,,0.0,0.0,0.0,0.0,0.0,0,100.0
2033,LOW,BR004,MED075,Ibuprofen 200mg (Summit Lifesciences),Analgesics,13,22.61,4.024,19.212,LOW,NO_REORDER,0,NORMAL,LOW,MONITOR,No active issue: 22.6 days of cover: 13 units in stock at expected demand of 0.57 units/day,,0.0,0.0,0.0,0.0,0.0,0,100.0
2034,LOW,BR004,MED076,Ibuprofen 200mg (TrueLife Remedies),Analgesics,20,31.17,4.492,18.999,LOW,NO_REORDER,0,NORMAL,LOW,MONITOR,No active issue: 31.2 days of cover: 20 units in stock at expected demand of 0.64 units/day,,0.0,0.0,0.0,0.0,0.0,0,100.0
2035,LOW,BR004,MED080,Ibuprofen 600mg (HealthAxis Pharma),Analgesics,8,37.33,1.246,6.526,LOW,NO_REORDER,0,NORMAL,LOW,MONITOR,No active issue: 37.3 days of cover: 8 units in stock at expected demand of 0.21 units/day,,0.0,0.0,0.0,0.0,0.0,0,100.0
2036,LOW,BR004,MED081,Ibuprofen 600mg (NovaMed Laboratories),Analgesics,23,26.83,5.698,26.417,LOW,NO_REORDER,0,NORMAL,LOW,MONITOR,No active issue: 26.8 days of cover: 23 units in stock at expected demand of 0.86 units/day,,0.0,0.0,0.0,0.0,0.0,0,100.0
2037,LOW,BR004,MED082,Naproxen 250mg (CureLine Healthcare),Analgesics,44,29.33,9.862,46.743,LOW,NO_REORDER,0,NORMAL,LOW,MONITOR,No active issue: 29.3 days of cover: 44 units in stock at expected demand of 1.50 units/day,,0.0,0.0,0.0,0.0,0.0,0,100.0
2038,LOW,BR004,MED083,Naproxen 250mg (HealthAxis Pharma),Analgesics,13,21.41,3.28,14.561,LOW,NO_REORDER,0,NORMAL,LOW,MONITOR,No active issue: 21.4 days of cover: 13 units in stock at expected demand of 0.61 units/day,,0.0,0.0,0.0,0.0,0.0,0,100.0
2039,LOW,BR004,MED084,Naproxen 250mg (VitaCure Remedies),Analgesics,21,21.0,6.238,29.083,LOW,NO_REORDER,0,NORMAL,LOW,MONITOR,No active issue: 21.0 days of cover: 21 units in stock at expected demand of 1.00 units/day,,0.0,0.0,0.0,0.0,0.0,0,100.0
2040,LOW,BR004,MED085,Naproxen 500mg,Analgesics,6,33.6,0.69,3.893,LOW,NO_REORDER,0,NORMAL,LOW,MONITOR,No active issue: 33.6 days of cover: 6 units in stock at expected demand of 0.18 units/day,,0.0,0.0,0.0,0.0,0.0,0,100.0
2041,LOW,BR004,MED087,Naproxen 500mg (LifeSpring Pharma),Analgesics,11,77.0,0.575,2.787,LOW,NO_REORDER,0,NORMAL,LOW,MONITOR,No active issue: 77.0 days of cover: 11 units in stock at expected demand of 0.14 units/day,,0.0,0.0,0.0,0.0,0.0,0,100.0
2042,LOW,BR004,MED092,Paracetamol 500mg (LifeSpring Pharma),Analgesics,7,16.33,1.538,7.566,LOW,NO_REORDER,0,NORMAL,LOW,MONITOR,No active issue: 16.3 days of cover: 7 units in stock at expected demand of 0.43 units/day,,0.0,0.0,0.0,0.0,0.0,0,100.0
2043,LOW,BR004,MED094,Paracetamol 250mg (Stellar Formulations),Analgesics,9,84.0,0.615,3.265,LOW,NO_REORDER,0,NORMAL,MEDIUM,MONITOR,No active issue: 84.0 days of cover: 9 units in stock at expected demand of 0.11 units/day,,0.0,0.0,0.0,0.0,0.0,0,100.0
2044,LOW,BR004,MED095,Amoxicillin 250mg,Antibiotics,7,17.82,2.119,11.157,LOW,NO_REORDER,0,NORMAL,LOW,MONITOR,No active issue: 17.8 days of cover: 7 units in stock at expected demand of 0.39 units/day,,0.0,0.0,0.0,0.0,0.0,0,100.0
2045,LOW,BR004,MED096,Amoxicillin 250mg (CureLine Healthcare),Antibiotics,15,18.26,4.617,21.163,LOW,NO_REORDER,0,NORMAL,LOW,MONITOR,No active issue: 18.3 days of cover: 15 units in stock at expected demand of 0.82 units/day,,0.0,0.0,0.0,0.0,0.0,0,100.0
2046,LOW,BR004,MED100,Amoxicillin 250mg (TrueLife Remedies),Antibiotics,5,46.67,0.483,2.176,LOW,NO_REORDER,0,NORMAL,LOW,MONITOR,No active issue: 46.7 days of cover: 5 units in stock at expected demand of 0.11 units/day,,0.0,0.0,0.0,0.0,0.0,0,100.0
2047,LOW,BR004,MED101,Amoxicillin + Clavulanic Acid 625mg (CureLine Healthcare),Antibiotics,4,28.0,0.489,2.277,LOW,NO_REORDER,0,NORMAL,LOW,MONITOR,No active issue: 28.0 days of cover: 4 units in stock at expected demand of 0.14 units/day,,0.0,0.0,0.0,0.0,0.0,0,100.0
2048,LOW,BR004,MED103,Amoxicillin + Clavulanic Acid 625mg (Stellar Formulations),Antibiotics,13,45.5,1.132,6.2,LOW,NO_REORDER,0,NORMAL,LOW,MONITOR,No active issue: 45.5 days of cover: 13 units in stock at expected demand of 0.29 units/day,,0.0,0.0,0.0,0.0,0.0,0,100.0
2049,LOW,BR004,MED107,Amoxicillin + Clavulanic Acid 375mg (TrueLife Remedies),Antibiotics,6,15.27,1.966,10.622,LOW,NO_REORDER,0,NORMAL,LOW,MONITOR,No active issue: 15.3 days of cover: 6 units in stock at expected demand of 0.39 units/day,,0.0,0.0,0.0,0.0,0.0,0,100.0
2050,LOW,BR004,MED109,Azithromycin 500mg (ApexLife Pharma),Antibiotics,10,35.0,1.86,8.592,LOW,NO_REORDER,0,NORMAL,LOW,MONITOR,No active issue: 35.0 days of cover: 10 units in stock at expected demand of 0.29 units/day,,0.0,0.0,0.0,0.0,0.0,0,100.0
2051,LOW,BR004,MED110,Azithromycin 500mg (VitaCure Remedies),Antibiotics,7,65.33,0.503,2.257,LOW,NO_REORDER,0,NORMAL,LOW,MONITOR,No active issue: 65.3 days of cover: 7 units in stock at expected demand of 0.11 units/day,,0.0,0.0,0.0,0.0,0.0,0,100.0
2052,LOW,BR004,MED112,Azithromycin 250mg (ApexLife Pharma),Antibiotics,10,91.62,0.764,3.346,LOW,NO_REORDER,0,OVERSTOCK,LOW,REVIEW_OVERSTOCK,150 days of cover at the recent 0.07 units/day (limit 90): about -0 units above the limit,,0.0,0.0,-0.0,0.0,0.0,0,100.0
2053,LOW,BR004,MED114,Azithromycin 250mg (CarePlus Laboratories),Antibiotics,11,51.33,1.039,5.194,LOW,NO_REORDER,0,NORMAL,LOW,MONITOR,No active issue: 51.3 days of cover: 11 units in stock at expected demand of 0.21 units/day,,0.0,0.0,0.0,0.0,0.0,0,100.0
2054,LOW,BR004,MED115,Azithromycin 250mg (CureLine Healthcare),Antibiotics,8,56.0,0.648,2.99,LOW,NO_REORDER,0,NORMAL,LOW,MONITOR,No active issue: 56.0 days of cover: 8 units in stock at expected demand of 0.14 units/day,,0.0,0.0,0.0,0.0,0.0,0,100.0
2055,LOW,BR004,MED118,Azithromycin 250mg (NovaMed Laboratories),Antibiotics,11,61.6,0.859,3.665,LOW,NO_REORDER,0,NORMAL,MEDIUM,MONITOR,No active issue: 61.6 days of cover: 11 units in stock at expected demand of 0.18 units/day,,0.0,0.0,0.0,0.0,0.0,0,100.0
2056,LOW,BR004,MED119,Azithromycin 250mg (TrueLife Remedies),Antibiotics,6,56.0,0.611,2.799,LOW,NO_REORDER,0,NORMAL,LOW,MONITOR,No active issue: 56.0 days of cover: 6 units in stock at expected demand of 0.11 units/day,,0.0,0.0,0.0,0.0,0.0,0,100.0
2057,LOW,BR004,MED120,Cefixime 200mg (ApexLife Pharma),Antibiotics,11,51.33,0.988,5.194,LOW,NO_REORDER,0,NORMAL,LOW,MONITOR,No active issue: 51.3 days of cover: 11 units in stock at expected demand of 0.21 units/day,,0.0,0.0,0.0,0.0,0.0,0,100.0
2058,LOW,BR004,MED124,Cefixime 100mg,Antibiotics,6,84.0,0.496,1.903,LOW,NO_REORDER,0,NORMAL,LOW,MONITOR,No active issue: 84.0 days of cover: 6 units in stock at expected demand of 0.07 units/day,,0.0,0.0,0.0,0.0,0.0,0,100.0
2059,LOW,BR004,MED129,Ciprofloxacin 250mg,Antibiotics,5,28.0,0.815,3.927,LOW,NO_REORDER,0,NORMAL,LOW,MONITOR,No active issue: 28.0 days of cover: 5 units in stock at expected demand of 0.18 units/day,,0.0,0.0,0.0,0.0,0.0,0,100.0
2060,LOW,BR004,MED131,Doxycycline 100mg (Aarogya Formulations),Antibiotics,14,24.5,3.607,17.217,LOW,NO_REORDER,0,NORMAL,LOW,MONITOR,No active issue: 24.5 days of cover: 14 units in stock at expected demand of 0.57 units/day,,0.0,0.0,0.0,0.0,0.0,0,100.0
2061,LOW,BR004,MED132,Doxycycline 100mg (ApexLife Pharma),Antibiotics,11,61.6,0.673,3.409,LOW,NO_REORDER,0,NORMAL,LOW,MONITOR,No active issue: 61.6 days of cover: 11 units in stock at expected demand of 0.18 units/day,,0.0,0.0,0.0,0.0,0.0,0,100.0
2062,LOW,BR004,MED133,Doxycycline 100mg (HealthAxis Pharma),Antibiotics,3,16.8,0.657,3.552,LOW,NO_REORDER,0,NORMAL,LOW,MONITOR,No active issue: 16.8 days of cover: 3 units in stock at expected demand of 0.18 units/day,,0.0,0.0,0.0,0.0,0.0,0,100.0
2063,LOW,BR004,MED134,Doxycycline 100mg (Summit Lifesciences),Antibiotics,5,23.33,1.452,6.025,LOW,NO_REORDER,0,NORMAL,LOW,MONITOR,No active issue: 23.3 days of cover: 5 units in stock at expected demand of 0.21 units/day,,0.0,0.0,0.0,0.0,0.0,0,100.0
2064,LOW,BR004,MED136,Mefenamic Acid 250mg (HealthAxis Pharma),Antipyretics,11,61.6,0.988,4.639,LOW,NO_REORDER,0,NORMAL,LOW,MONITOR,No active issue: 61.6 days of cover: 11 units in stock at expected demand of 0.18 units/day,,0.0,0.0,0.0,0.0,0.0,0,100.0
2065,LOW,BR004,MED138,Mefenamic Acid 250mg (NovaMed Laboratories),Antipyretics,23,31.72,5.076,23.31,LOW,NO_REORDER,0,NORMAL,LOW,MONITOR,No active issue: 31.7 days of cover: 23 units in stock at expected demand of 0.73 units/day,,0.0,0.0,0.0,0.0,0.0,0,100.0
2066,LOW,BR004,MED145,Mefenamic Acid 500mg (Stellar Formulations),Antipyretics,7,65.33,0.512,2.379,LOW,NO_REORDER,0,NORMAL,LOW,MONITOR,No active issue: 65.3 days of cover: 7 units in stock at expected demand of 0.11 units/day,,0.0,0.0,0.0,0.0,0.0,0,100.0
2067,LOW,BR004,MED146,Mefenamic Acid 500mg (Summit Lifesciences),Antipyretics,8,74.67,0.502,2.516,LOW,NO_REORDER,0,NORMAL,LOW,MONITOR,No active issue: 74.7 days of cover: 8 units in stock at expected demand of 0.11 units/day,,0.0,0.0,0.0,0.0,0.0,0,100.0
2068,LOW,BR004,MED149,Paracetamol 650mg (Aarogya Formulations),Antipyretics,6,33.6,0.711,3.382,LOW,NO_REORDER,0,NORMAL,LOW,MONITOR,No active issue: 33.6 days of cover: 6 units in stock at expected demand of 0.18 units/day,,0.0,0.0,0.0,0.0,0.0,0,100.0
2069,LOW,BR004,MED150,Paracetamol 650mg (CarePlus Laboratories),Antipyretics,11,61.6,0.71,3.235,LOW,NO_REORDER,0,NORMAL,LOW,MONITOR,No active issue: 61.6 days of cover: 11 units in stock at expected demand of 0.18 units/day,,0.0,0.0,0.0,0.0,0.0,0,100.0
2070,LOW,BR004,MED151,Paracetamol Drops 100mg/ml (Aarogya Formulations),Antipyretics,9,25.2,1.708,7.969,LOW,NO_REORDER,0,NORMAL,LOW,MONITOR,No active issue: 25.2 days of cover: 9 units in stock at expected demand of 0.36 units/day,,0.0,0.0,0.0,0.0,0.0,0,100.0
2071,LOW,BR004,MED152,Paracetamol Suspension 250mg/5ml (Aarogya Formulations),Antipyretics,24,74.67,2.067,10.151,LOW,NO_REORDER,0,NORMAL,MEDIUM,MONITOR,No active issue: 74.7 days of cover: 24 units in stock at expected demand of 0.32 units/day,,0.0,0.0,0.0,0.0,0.0,0,100.0
2072,LOW,BR004,MED153,Paracetamol Suspension 250mg/5ml (BlueCrest Pharma),Antipyretics,4,59.45,0.471,2.234,LOW,NO_REORDER,0,OVERSTOCK,MEDIUM,REVIEW_OVERSTOCK,120 days of cover at the recent 0.03 units/day (limit 90): about -0 units above the limit,,0.0,0.0,-0.0,0.0,0.0,0,100.0
2073,LOW,BR004,MED160,Paracetamol Suspension 125mg/5ml (TrueLife Remedies),Antipyretics,8,53.74,1.042,4.274,LOW,NO_REORDER,0,NORMAL,MEDIUM,MONITOR,No active issue: 53.7 days of cover: 8 units in stock at expected demand of 0.15 units/day,,0.0,0.0,0.0,0.0,0.0,0,100.0
2074,LOW,BR004,MED161,Paracetamol Suspension 125mg/5ml (VitaCure Remedies),Antipyretics,5,17.5,0.938,5.362,LOW,NO_REORDER,0,NORMAL,LOW,MONITOR,No active issue: 17.5 days of cover: 5 units in stock at expected demand of 0.29 units/day,,0.0,0.0,0.0,0.0,0.0,0,100.0
2075,LOW,BR004,MED164,Cetirizine 10mg (LifeSpring Pharma),Antihistamines,9,36.0,1.305,6.478,LOW,NO_REORDER,0,NORMAL,LOW,MONITOR,No active issue: 36.0 days of cover: 9 units in stock at expected demand of 0.25 units/day,,0.0,0.0,0.0,0.0,0.0,0,100.0
2076,LOW,BR004,MED166,Cetirizine 10mg (Summit Lifesciences),Antihistamines,9,31.5,1.184,5.825,LOW,NO_REORDER,0,NORMAL,LOW,MONITOR,No active issue: 31.5 days of cover: 9 units in stock at expected demand of 0.29 units/day,,0.0,0.0,0.0,0.0,0.0,0,100.0
2077,LOW,BR004,MED168,Cetirizine 5mg,Antihistamines,5,20.0,1.1,5.95,LOW,NO_REORDER,0,NORMAL,LOW,MONITOR,No active issue: 20.0 days of cover: 5 units in stock at expected demand of 0.25 units/day,,0.0,0.0,0.0,0.0,0.0,0,100.0
2078,LOW,BR004,MED179,Chlorpheniramine 4mg (LifeSpring Pharma),Antihistamines,14,56.0,1.556,7.81,LOW,NO_REORDER,0,NORMAL,LOW,MONITOR,No active issue: 56.0 days of cover: 14 units in stock at expected demand of 0.25 units/day,,0.0,0.0,0.0,0.0,0.0,0,100.0
2079,LOW,BR004,MED181,Fexofenadine 120mg (ApexLife Pharma),Antihistamines,11,34.22,1.316,6.606,LOW,NO_REORDER,0,NORMAL,LOW,MONITOR,No active issue: 34.2 days of cover: 11 units in stock at expected demand of 0.32 units/day,,0.0,0.0,0.0,0.0,0.0,0,100.0
2080,LOW,BR004,MED182,Fexofenadine 120mg (BlueCrest Pharma),Antihistamines,25,32.81,5.334,25.717,LOW,NO_REORDER,0,NORMAL,LOW,MONITOR,No active issue: 32.8 days of cover: 25 units in stock at expected demand of 0.76 units/day,,0.0,0.0,0.0,0.0,0.0,0,100.0
2081,LOW,BR004,MED183,Fexofenadine 120mg (CureLine Healthcare),Antihistamines,15,60.0,1.093,6.023,LOW,NO_REORDER,0,NORMAL,LOW,MONITOR,No active issue: 60.0 days of cover: 15 units in stock at expected demand of 0.25 units/day,,0.0,0.0,0.0,0.0,0.0,0,100.0
2082,LOW,BR004,MED187,Fexofenadine 180mg (CureLine Healthcare),Antihistamines,11,215.69,0.357,1.779,LOW,NO_REORDER,0,NORMAL,LOW,MONITOR,No active issue: 215.7 days of cover: 11 units in stock at expected demand of 0.05 units/day,,0.0,0.0,0.0,0.0,0.0,0,100.0
2083,LOW,BR004,MED188,Fexofenadine 180mg (HealthAxis Pharma),Antihistamines,3,28.0,0.47,2.444,LOW,NO_REORDER,0,NORMAL,LOW,MONITOR,No active issue: 28.0 days of cover: 3 units in stock at expected demand of 0.11 units/day,,0.0,0.0,0.0,0.0,0.0,0,100.0
2084,LOW,BR004,MED190,Levocetirizine 5mg (Aarogya Formulations),Antihistamines,14,98.0,0.937,4.673,LOW,NO_REORDER,0,OVERSTOCK,LOW,REVIEW_OVERSTOCK,105 days of cover at the recent 0.13 units/day (limit 90): about -0 units above the limit,,0.0,0.0,-0.0,0.0,0.0,0,100.0
2085,LOW,BR004,MED192,Levocetirizine 5mg (CureLine Healthcare),Antihistamines,7,79.93,0.613,2.93,LOW,NO_REORDER,0,OVERSTOCK,LOW,REVIEW_OVERSTOCK,105 days of cover at the recent 0.07 units/day (limit 90): about -0 units above the limit,,0.0,0.0,-0.0,0.0,0.0,0,100.0
2086,LOW,BR004,MED193,Levocetirizine 5mg (LifeSpring Pharma),Antihistamines,19,102.86,1.293,7.03,LOW,NO_REORDER,0,OVERSTOCK,LOW,REVIEW_OVERSTOCK,114 days of cover at the recent 0.17 units/day (limit 90): about -0 units above the limit,,0.0,0.0,-0.0,0.0,0.0,0,100.0
2087,LOW,BR004,MED195,Levocetirizine 5mg (VitaCure Remedies),Antihistamines,13,122.81,0.741,4.361,LOW,NO_REORDER,0,OVERSTOCK,LOW,REVIEW_OVERSTOCK,130 days of cover at the recent 0.10 units/day (limit 90): about -0 units above the limit,,0.0,0.0,-0.0,0.0,0.0,0,100.0
2088,LOW,BR004,MED197,Levocetirizine 2.5mg (LifeSpring Pharma),Antihistamines,19,25.71,5.173,23.252,LOW,NO_REORDER,0,NORMAL,LOW,MONITOR,No active issue: 25.7 days of cover: 19 units in stock at expected demand of 0.74 units/day,,0.0,0.0,0.0,0.0,0.0,0,100.0
2089,LOW,BR004,MED198,Levocetirizine 2.5mg (Stellar Formulations),Antihistamines,11,102.67,0.552,3.071,LOW,NO_REORDER,0,NORMAL,LOW,MONITOR,No active issue: 102.7 days of cover: 11 units in stock at expected demand of 0.11 units/day,,0.0,0.0,0.0,0.0,0.0,0,100.0
2090,LOW,BR004,MED201,Montelukast + Levocetirizine 10mg/5mg (NovaMed Laboratories),Antihistamines,17,79.33,1.327,7.491,LOW,NO_REORDER,0,NORMAL,LOW,MONITOR,No active issue: 79.3 days of cover: 17 units in stock at expected demand of 0.21 units/day,,0.0,0.0,0.0,0.0,0.0,0,100.0
2091,LOW,BR004,MED203,Montelukast + Levocetirizine 10mg/5mg (TrueLife Remedies),Antihistamines,10,70.0,0.806,4.357,LOW,NO_REORDER,0,NORMAL,LOW,MONITOR,No active issue: 70.0 days of cover: 10 units in stock at expected demand of 0.14 units/day,,0.0,0.0,0.0,0.0,0.0,0,100.0
2092,LOW,BR004,MED205,Domperidone 10mg (BlueCrest Pharma),Gastrointestinal,15,21.0,4.544,20.958,LOW,NO_REORDER,0,NORMAL,MEDIUM,MONITOR,No active issue: 21.0 days of cover: 15 units in stock at expected demand of 0.71 units/day,,0.0,0.0,0.0,0.0,0.0,0,100.0
2093,LOW,BR004,MED207,Domperidone 10mg (CureLine Healthcare),Gastrointestinal,14,65.33,1.153,5.491,LOW,NO_REORDER,0,NORMAL,LOW,MONITOR,No active issue: 65.3 days of cover: 14 units in stock at expected demand of 0.21 units/day,,0.0,0.0,0.0,0.0,0.0,0,100.0
2094,LOW,BR004,MED210,Domperidone 10mg (NovaMed Laboratories),Gastrointestinal,8,24.89,1.412,7.196,LOW,NO_REORDER,0,NORMAL,LOW,MONITOR,No active issue: 24.9 days of cover: 8 units in stock at expected demand of 0.32 units/day,,0.0,0.0,0.0,0.0,0.0,0,100.0
2095,LOW,BR004,MED212,Loperamide 2mg (BlueCrest Pharma),Gastrointestinal,7,32.67,0.634,2.935,LOW,NO_REORDER,0,NORMAL,LOW,MONITOR,No active issue: 32.7 days of cover: 7 units in stock at expected demand of 0.21 units/day,,0.0,0.0,0.0,0.0,0.0,0,100.0
2096,LOW,BR004,MED213,Loperamide 2mg (LifeSpring Pharma),Gastrointestinal,5,35.0,0.526,3.114,LOW,NO_REORDER,0,NORMAL,LOW,MONITOR,No active issue: 35.0 days of cover: 5 units in stock at expected demand of 0.14 units/day,,0.0,0.0,0.0,0.0,0.0,0,100.0
2097,LOW,BR004,MED214,Omeprazole 20mg (Aarogya Formulations),Gastrointestinal,8,74.67,0.443,2.762,LOW,NO_REORDER,0,NORMAL,LOW,MONITOR,No active issue: 74.7 days of cover: 8 units in stock at expected demand of 0.11 units/day,,0.0,0.0,0.0,0.0,0.0,0,100.0
2098,LOW,BR004,MED215,Omeprazole 20mg (CarePlus Laboratories),Gastrointestinal,17,33.28,3.576,15.365,LOW,NO_REORDER,0,NORMAL,LOW,MONITOR,No active issue: 33.3 days of cover: 17 units in stock at expected demand of 0.51 units/day,,0.0,0.0,0.0,0.0,0.0,0,100.0
2099,LOW,BR004,MED218,Omeprazole 20mg (LifeSpring Pharma),Gastrointestinal,9,81.19,0.776,3.671,LOW,NO_REORDER,0,NORMAL,MEDIUM,MONITOR,No active issue: 81.2 days of cover: 9 units in stock at expected demand of 0.11 units/day,,0.0,0.0,0.0,0.0,0.0,0,100.0
2100,LOW,BR004,MED222,Omeprazole 40mg (ApexLife Pharma),Gastrointestinal,14,19.6,4.275,20.562,LOW,NO_REORDER,0,NORMAL,LOW,MONITOR,No active issue: 19.6 days of cover: 14 units in stock at expected demand of 0.71 units/day,,0.0,0.0,0.0,0.0,0.0,0,100.0
2101,LOW,BR004,MED223,Omeprazole 40mg (LifeSpring Pharma),Gastrointestinal,17,27.59,4.313,18.478,LOW,NO_REORDER,0,NORMAL,LOW,MONITOR,No active issue: 27.6 days of cover: 17 units in stock at expected demand of 0.62 units/day,,0.0,0.0,0.0,0.0,0.0,0,100.0
2102,LOW,BR004,MED224,Omeprazole 40mg (Summit Lifesciences),Gastrointestinal,10,20.0,2.992,14.657,LOW,NO_REORDER,0,NORMAL,MEDIUM,MONITOR,No active issue: 20.0 days of cover: 10 units in stock at expected demand of 0.50 units/day,,0.0,0.0,0.0,0.0,0.0,0,100.0
2103,LOW,BR004,MED225,Omeprazole 40mg (TrueLife Remedies),Gastrointestinal,6,28.0,0.699,2.95,LOW,NO_REORDER,0,NORMAL,LOW,MONITOR,No active issue: 28.0 days of cover: 6 units in stock at expected demand of 0.21 units/day,,0.0,0.0,0.0,0.0,0.0,0,100.0
2104,LOW,BR004,MED226,Ondansetron 4mg (Aarogya Formulations),Gastrointestinal,11,44.0,1.709,6.817,LOW,NO_REORDER,0,NORMAL,LOW,MONITOR,No active issue: 44.0 days of cover: 11 units in stock at expected demand of 0.25 units/day,,0.0,0.0,0.0,0.0,0.0,0,100.0
2105,LOW,BR004,MED232,Ondansetron 4mg (Stellar Formulations),Gastrointestinal,9,42.0,0.755,4.081,LOW,NO_REORDER,0,NORMAL,LOW,MONITOR,No active issue: 42.0 days of cover: 9 units in stock at expected demand of 0.21 units/day,,0.0,0.0,0.0,0.0,0.0,0,100.0
2106,LOW,BR004,MED234,Ondansetron 4mg (VitaCure Remedies),Gastrointestinal,22,19.25,6.665,30.413,LOW,NO_REORDER,0,NORMAL,LOW,MONITOR,No active issue: 19.2 days of cover: 22 units in stock at expected demand of 1.14 units/day,,0.0,0.0,0.0,0.0,0.0,0,100.0
2107,LOW,BR004,MED235,Ondansetron 8mg,Gastrointestinal,7,39.2,0.822,3.947,LOW,NO_REORDER,0,NORMAL,LOW,MONITOR,No active issue: 39.2 days of cover: 7 units in stock at expected demand of 0.18 units/day,,0.0,0.0,0.0,0.0,0.0,0,100.0
2108,LOW,BR004,MED236,Ondansetron 8mg (LifeSpring Pharma),Gastrointestinal,87,17.65,34.443,155.487,LOW,NO_REORDER,0,NORMAL,LOW,MONITOR,No active issue: 17.7 days of cover: 87 units in stock at expected demand of 4.93 units/day,,0.0,0.0,0.0,0.0,0.0,0,100.0
2109,LOW,BR004,MED240,ORS Powder 21.8g (LifeSpring Pharma),Gastrointestinal,9,25.2,1.326,7.515,LOW,NO_REORDER,0,NORMAL,LOW,MONITOR,No active issue: 25.2 days of cover: 9 units in stock at expected demand of 0.36 units/day,,0.0,0.0,0.0,0.0,0.0,0,100.0
2110,LOW,BR004,MED241,ORS Powder 21.8g (Stellar Formulations),Gastrointestinal,30,15.85,10.431,47.478,LOW,NO_REORDER,0,NORMAL,LOW,MONITOR,No active issue: 15.8 days of cover: 30 units in stock at expected demand of 1.89 units/day,,0.0,0.0,0.0,0.0,0.0,0,100.0
2111,LOW,BR004,MED244,ORS Powder 21.8g (VitaCure Remedies),Gastrointestinal,9,63.0,0.766,3.963,LOW,NO_REORDER,0,NORMAL,LOW,MONITOR,No active issue: 63.0 days of cover: 9 units in stock at expected demand of 0.14 units/day,,0.0,0.0,0.0,0.0,0.0,0,100.0
2112,LOW,BR004,MED247,Pantoprazole 40mg (NovaMed Laboratories),Gastrointestinal,21,25.86,5.684,26.067,LOW,NO_REORDER,0,NORMAL,LOW,MONITOR,No active issue: 25.9 days of cover: 21 units in stock at expected demand of 0.81 units/day,,0.0,0.0,0.0,0.0,0.0,0,100.0
2113,LOW,BR004,MED248,Pantoprazole 40mg (TrueLife Remedies),Gastrointestinal,7,65.33,0.653,3.096,LOW,NO_REORDER,0,NORMAL,LOW,MONITOR,No active issue: 65.3 days of cover: 7 units in stock at expected demand of 0.11 units/day,,0.0,0.0,0.0,0.0,0.0,0,100.0
2114,LOW,BR004,MED250,Pantoprazole 20mg (ApexLife Pharma),Gastrointestinal,12,33.6,1.427,7.805,LOW,NO_REORDER,0,NORMAL,LOW,MONITOR,No active issue: 33.6 days of cover: 12 units in stock at expected demand of 0.36 units/day,,0.0,0.0,0.0,0.0,0.0,0,100.0
2115,LOW,BR004,MED254,Pantoprazole 20mg (Summit Lifesciences),Gastrointestinal,6,85.71,0.49,1.989,LOW,NO_REORDER,0,NORMAL,LOW,MONITOR,No active issue: 85.7 days of cover: 6 units in stock at expected demand of 0.07 units/day,,0.0,0.0,0.0,0.0,0.0,0,100.0
2116,LOW,BR004,MED262,Amlodipine 2.5mg (LifeSpring Pharma),Cardiovascular,20,80.0,1.177,6.488,LOW,NO_REORDER,0,NORMAL,LOW,MONITOR,No active issue: 80.0 days of cover: 20 units in stock at expected demand of 0.25 units/day,,0.0,0.0,0.0,0.0,0.0,0,100.0
2117,LOW,BR004,MED264,Amlodipine 2.5mg (Summit Lifesciences),Cardiovascular,32,21.33,9.113,41.737,LOW,NO_REORDER,0,NORMAL,LOW,MONITOR,No active issue: 21.3 days of cover: 32 units in stock at expected demand of 1.50 units/day,,0.0,0.0,0.0,0.0,0.0,0,100.0
2118,LOW,BR004,MED265,Amlodipine 2.5mg (TrueLife Remedies),Cardiovascular,68,29.75,15.444,68.872,LOW,NO_REORDER,0,NORMAL,LOW,MONITOR,No active issue: 29.8 days of cover: 68 units in stock at expected demand of 2.29 units/day,,0.0,0.0,0.0,0.0,0.0,0,100.0
2119,LOW,BR004,MED266,Amlodipine 2.5mg (VitaCure Remedies),Cardiovascular,5,46.67,0.383,2.046,LOW,NO_REORDER,0,NORMAL,LOW,MONITOR,No active issue: 46.7 days of cover: 5 units in stock at expected demand of 0.11 units/day,,0.0,0.0,0.0,0.0,0.0,0,100.0
2120,LOW,BR004,MED270,Aspirin 75mg (Aarogya Formulations),Cardiovascular,34,22.67,9.379,42.586,LOW,NO_REORDER,0,NORMAL,LOW,MONITOR,No active issue: 22.7 days of cover: 34 units in stock at expected demand of 1.50 units/day,,0.0,0.0,0.0,0.0,0.0,0,100.0
2121,LOW,BR004,MED276,Aspirin 75mg (Stellar Formulations),Cardiovascular,58,39.48,10.284,48.257,LOW,NO_REORDER,0,NORMAL,LOW,MONITOR,No active issue: 39.5 days of cover: 58 units in stock at expected demand of 1.47 units/day,,0.0,0.0,0.0,0.0,0.0,0,100.0
2122,LOW,BR004,MED277,Aspirin 150mg,Cardiovascular,7,92.11,0.532,2.731,LOW,NO_REORDER,0,OVERSTOCK,LOW,REVIEW_OVERSTOCK,105 days of cover at the recent 0.07 units/day (limit 90): about -0 units above the limit,,0.0,0.0,-0.0,0.0,0.0,0,100.0
2123,LOW,BR004,MED281,Atorvastatin 10mg (Aarogya Formulations),Cardiovascular,8,37.33,0.698,3.97,LOW,NO_REORDER,0,NORMAL,LOW,MONITOR,No active issue: 37.3 days of cover: 8 units in stock at expected demand of 0.21 units/day,,0.0,0.0,0.0,0.0,0.0,0,100.0
2124,LOW,BR004,MED282,Atorvastatin 10mg (ApexLife Pharma),Cardiovascular,17,47.6,1.752,10.775,LOW,NO_REORDER,0,NORMAL,LOW,MONITOR,No active issue: 47.6 days of cover: 17 units in stock at expected demand of 0.36 units/day,,0.0,0.0,0.0,0.0,0.0,0,100.0
2125,LOW,BR004,MED284,Atorvastatin 10mg (Summit Lifesciences),Cardiovascular,36,31.23,8.068,38.782,LOW,NO_REORDER,0,NORMAL,LOW,MONITOR,No active issue: 31.2 days of cover: 36 units in stock at expected demand of 1.15 units/day,,0.0,0.0,0.0,0.0,0.0,0,100.0
2126,LOW,BR004,MED285,Atorvastatin 20mg,Cardiovascular,11,19.25,2.656,12.288,LOW,NO_REORDER,0,NORMAL,LOW,MONITOR,No active issue: 19.2 days of cover: 11 units in stock at expected demand of 0.57 units/day,,0.0,0.0,0.0,0.0,0.0,0,100.0
2127,LOW,BR004,MED287,Atorvastatin 20mg (CarePlus Laboratories),Cardiovascular,21,41.03,3.583,15.611,LOW,NO_REORDER,0,NORMAL,LOW,MONITOR,No active issue: 41.0 days of cover: 21 units in stock at expected demand of 0.51 units/day,,0.0,0.0,0.0,0.0,0.0,0,100.0
2128,LOW,BR004,MED288,Atorvastatin 40mg,Cardiovascular,29,32.13,6.318,30.602,LOW,NO_REORDER,0,NORMAL,LOW,MONITOR,No active issue: 32.1 days of cover: 29 units in stock at expected demand of 0.90 units/day,,0.0,0.0,0.0,0.0,0.0,0,100.0
2129,LOW,BR004,MED289,Atorvastatin 40mg (CureLine Healthcare),Cardiovascular,6,18.67,0.727,3.935,LOW,NO_REORDER,0,NORMAL,LOW,MONITOR,No active issue: 18.7 days of cover: 6 units in stock at expected demand of 0.32 units/day,,0.0,0.0,0.0,0.0,0.0,0,100.0
2130,LOW,BR004,MED290,Atorvastatin 40mg (LifeSpring Pharma),Cardiovascular,5,87.28,0.401,1.804,LOW,NO_REORDER,0,OVERSTOCK,LOW,REVIEW_OVERSTOCK,5 units in stock and no units sold in the last 30 days; forecast demand would absorb the stock,,0.0,0.0,-0.0,0.0,0.0,0,100.0
2131,LOW,BR004,MED292,Clopidogrel 75mg (Aarogya Formulations),Cardiovascular,24,27.53,6.103,29.865,LOW,NO_REORDER,0,NORMAL,LOW,MONITOR,No active issue: 27.5 days of cover: 24 units in stock at expected demand of 0.87 units/day,,0.0,0.0,0.0,0.0,0.0,0,100.0
2132,LOW,BR004,MED295,Clopidogrel 75mg (NovaMed Laboratories),Cardiovascular,10,70.0,0.786,4.212,LOW,NO_REORDER,0,NORMAL,LOW,MONITOR,No active issue: 70.0 days of cover: 10 units in stock at expected demand of 0.14 units/day,,0.0,0.0,0.0,0.0,0.0,0,100.0
2133,LOW,BR004,MED296,Clopidogrel 75mg (Stellar Formulations),Cardiovascular,20,114.01,1.228,7.146,LOW,NO_REORDER,0,OVERSTOCK,LOW,REVIEW_OVERSTOCK,150 days of cover at the recent 0.13 units/day (limit 90): about -0 units above the limit,,0.0,0.0,-0.0,0.0,0.0,0,100.0
2134,LOW,BR004,MED298,Losartan 50mg (CarePlus Laboratories),Cardiovascular,11,77.0,0.803,4.251,LOW,NO_REORDER,0,NORMAL,LOW,MONITOR,No active issue: 77.0 days of cover: 11 units in stock at expected demand of 0.14 units/day,,0.0,0.0,0.0,0.0,0.0,0,100.0
2135,LOW,BR004,MED300,Losartan 25mg,Cardiovascular,6,56.0,0.483,2.399,LOW,NO_REORDER,0,NORMAL,LOW,MONITOR,No active issue: 56.0 days of cover: 6 units in stock at expected demand of 0.11 units/day,,0.0,0.0,0.0,0.0,0.0,0,100.0
2136,LOW,BR004,MED302,Losartan 25mg (HealthAxis Pharma),Cardiovascular,21,19.6,6.009,26.681,LOW,NO_REORDER,0,NORMAL,LOW,MONITOR,No active issue: 19.6 days of cover: 21 units in stock at expected demand of 1.07 units/day,,0.0,0.0,0.0,0.0,0.0,0,100.0
2137,LOW,BR004,MED304,Losartan 25mg (Summit Lifesciences),Cardiovascular,8,56.0,0.673,3.761,LOW,NO_REORDER,0,NORMAL,LOW,MONITOR,No active issue: 56.0 days of cover: 8 units in stock at expected demand of 0.14 units/day,,0.0,0.0,0.0,0.0,0.0,0,100.0
2138,LOW,BR004,MED305,Losartan 25mg (TrueLife Remedies),Cardiovascular,20,22.4,5.799,28.959,LOW,NO_REORDER,0,NORMAL,LOW,MONITOR,No active issue: 22.4 days of cover: 20 units in stock at expected demand of 0.89 units/day,,0.0,0.0,0.0,0.0,0.0,0,100.0
2139,LOW,BR004,MED308,Metoprolol 50mg (CureLine Healthcare),Cardiovascular,8,18.67,1.228,6.719,LOW,NO_REORDER,0,NORMAL,LOW,MONITOR,No active issue: 18.7 days of cover: 8 units in stock at expected demand of 0.43 units/day,,0.0,0.0,0.0,0.0,0.0,0,100.0
2140,LOW,BR004,MED312,Metoprolol 25mg (HealthAxis Pharma),Cardiovascular,12,42.0,0.911,4.973,LOW,NO_REORDER,0,NORMAL,LOW,MONITOR,No active issue: 42.0 days of cover: 12 units in stock at expected demand of 0.29 units/day,,0.0,0.0,0.0,0.0,0.0,0,100.0
2141,LOW,BR004,MED313,Metoprolol 25mg (LifeSpring Pharma),Cardiovascular,6,24.0,0.735,4.516,LOW,NO_REORDER,0,NORMAL,LOW,MONITOR,No active issue: 24.0 days of cover: 6 units in stock at expected demand of 0.25 units/day,,0.0,0.0,0.0,0.0,0.0,0,100.0
2142,LOW,BR004,MED315,Rosuvastatin 10mg (NovaMed Laboratories),Cardiovascular,7,65.33,0.448,2.499,LOW,NO_REORDER,0,NORMAL,LOW,MONITOR,No active issue: 65.3 days of cover: 7 units in stock at expected demand of 0.11 units/day,,0.0,0.0,0.0,0.0,0.0,0,100.0
2143,LOW,BR004,MED321,Rosuvastatin 5mg (VitaCure Remedies),Cardiovascular,14,130.67,0.662,3.825,LOW,NO_REORDER,0,NORMAL,LOW,MONITOR,No active issue: 130.7 days of cover: 14 units in stock at expected demand of 0.11 units/day,,0.0,0.0,0.0,0.0,0.0,0,100.0
2144,LOW,BR004,MED322,Rosuvastatin 20mg,Cardiovascular,25,36.09,4.849,19.648,LOW,NO_REORDER,0,NORMAL,LOW,MONITOR,No active issue: 36.1 days of cover: 25 units in stock at expected demand of 0.69 units/day,,0.0,0.0,0.0,0.0,0.0,0,100.0
2145,LOW,BR004,MED323,Rosuvastatin 20mg (NovaMed Laboratories),Cardiovascular,7,16.33,1.343,7.513,LOW,NO_REORDER,0,NORMAL,MEDIUM,MONITOR,No active issue: 16.3 days of cover: 7 units in stock at expected demand of 0.43 units/day,,0.0,0.0,0.0,0.0,0.0,0,100.0
2146,LOW,BR004,MED328,Telmisartan 40mg (CureLine Healthcare),Cardiovascular,11,104.34,0.738,3.829,LOW,NO_REORDER,0,OVERSTOCK,MEDIUM,REVIEW_OVERSTOCK,165 days of cover at the recent 0.07 units/day (limit 90): about -0 units above the limit,,0.0,0.0,-0.0,0.0,0.0,0,100.0
2147,LOW,BR004,MED329,Telmisartan 40mg (NovaMed Laboratories),Cardiovascular,41,14.91,18.799,79.968,LOW,NO_REORDER,0,NORMAL,LOW,MONITOR,No active issue: 14.9 days of cover: 41 units in stock at expected demand of 2.75 units/day,,0.0,0.0,0.0,0.0,0.0,0,100.0
2148,LOW,BR004,MED330,Telmisartan 40mg (Stellar Formulations),Cardiovascular,7,94.78,0.517,3.166,LOW,NO_REORDER,0,OVERSTOCK,LOW,REVIEW_OVERSTOCK,105 days of cover at the recent 0.07 units/day (limit 90): about -0 units above the limit,,0.0,0.0,-0.0,0.0,0.0,0,100.0
2149,LOW,BR004,MED331,Telmisartan 40mg (VitaCure Remedies),Cardiovascular,13,33.09,1.578,7.882,LOW,NO_REORDER,0,NORMAL,LOW,MONITOR,No active issue: 33.1 days of cover: 13 units in stock at expected demand of 0.39 units/day,,0.0,0.0,0.0,0.0,0.0,0,100.0
2150,LOW,BR004,MED335,Telmisartan 20mg (Summit Lifesciences),Cardiovascular,5,72.02,0.486,2.472,LOW,NO_REORDER,0,OVERSTOCK,LOW,REVIEW_OVERSTOCK,150 days of cover at the recent 0.03 units/day (limit 90): about -0 units above the limit,,0.0,0.0,-0.0,0.0,0.0,0,100.0
2151,LOW,BR004,MED337,Telmisartan 80mg (ApexLife Pharma),Cardiovascular,16,89.6,1.018,5.584,LOW,NO_REORDER,0,NORMAL,LOW,MONITOR,No active issue: 89.6 days of cover: 16 units in stock at expected demand of 0.18 units/day,,0.0,0.0,0.0,0.0,0.0,0,100.0
2152,LOW,BR004,MED338,Telmisartan 80mg (BlueCrest Pharma),Cardiovascular,38,20.46,10.055,47.669,LOW,NO_REORDER,0,NORMAL,LOW,MONITOR,No active issue: 20.5 days of cover: 38 units in stock at expected demand of 1.86 units/day,,0.0,0.0,0.0,0.0,0.0,0,100.0
2153,LOW,BR004,MED339,Telmisartan 80mg (CureLine Healthcare),Cardiovascular,6,21.0,0.83,4.733,LOW,NO_REORDER,0,NORMAL,LOW,MONITOR,No active issue: 21.0 days of cover: 6 units in stock at expected demand of 0.29 units/day,,0.0,0.0,0.0,0.0,0.0,0,100.0
2154,LOW,BR004,MED340,Telmisartan 80mg (NovaMed Laboratories),Cardiovascular,11,38.5,1.105,5.047,LOW,NO_REORDER,0,NORMAL,LOW,MONITOR,No active issue: 38.5 days of cover: 11 units in stock at expected demand of 0.29 units/day,,0.0,0.0,0.0,0.0,0.0,0,100.0
2155,LOW,BR004,MED343,Telmisartan 80mg (TrueLife Remedies),Cardiovascular,17,14.42,6.503,33.176,LOW,NO_REORDER,0,NORMAL,LOW,MONITOR,No active issue: 14.4 days of cover: 17 units in stock at expected demand of 1.18 units/day,,0.0,0.0,0.0,0.0,0.0,0,100.0
2156,LOW,BR004,MED344,Gliclazide 80mg (Aarogya Formulations),Antidiabetic,33,24.97,8.911,41.302,LOW,NO_REORDER,0,NORMAL,LOW,MONITOR,No active issue: 25.0 days of cover: 33 units in stock at expected demand of 1.32 units/day,,0.0,0.0,0.0,0.0,0.0,0,100.0
2157,LOW,BR004,MED345,Gliclazide 80mg (BlueCrest Pharma),Antidiabetic,12,56.0,1.024,5.641,LOW,NO_REORDER,0,NORMAL,LOW,MONITOR,No active issue: 56.0 days of cover: 12 units in stock at expected demand of 0.21 units/day,,0.0,0.0,0.0,0.0,0.0,0,100.0
2158,LOW,BR004,MED346,Gliclazide 80mg (CarePlus Laboratories),Antidiabetic,14,28.0,2.599,13.085,LOW,NO_REORDER,0,NORMAL,LOW,MONITOR,No active issue: 28.0 days of cover: 14 units in stock at expected demand of 0.50 units/day,,0.0,0.0,0.0,0.0,0.0,0,100.0
2159,LOW,BR004,MED347,Gliclazide 80mg (LifeSpring Pharma),Antidiabetic,13,24.27,2.13,10.247,LOW,NO_REORDER,0,NORMAL,LOW,MONITOR,No active issue: 24.3 days of cover: 13 units in stock at expected demand of 0.54 units/day,,0.0,0.0,0.0,0.0,0.0,0,100.0
2160,LOW,BR004,MED351,Gliclazide 40mg (Lumina Pharma),Antidiabetic,13,26.0,2.93,13.031,LOW,NO_REORDER,0,NORMAL,LOW,MONITOR,No active issue: 26.0 days of cover: 13 units in stock at expected demand of 0.50 units/day,,0.0,0.0,0.0,0.0,0.0,0,100.0
2161,LOW,BR004,MED355,Glimepiride 2mg (BlueCrest Pharma),Antidiabetic,8,20.36,1.246,5.558,LOW,NO_REORDER,0,NORMAL,LOW,MONITOR,No active issue: 20.4 days of cover: 8 units in stock at expected demand of 0.39 units/day,,0.0,0.0,0.0,0.0,0.0,0,100.0
2162,LOW,BR004,MED356,Glimepiride 2mg (CarePlus Laboratories),Antidiabetic,14,35.64,2.223,9.913,LOW,NO_REORDER,0,NORMAL,LOW,MONITOR,No active issue: 35.6 days of cover: 14 units in stock at expected demand of 0.39 units/day,,0.0,0.0,0.0,0.0,0.0,0,100.0
2163,LOW,BR004,MED358,Glimepiride 2mg (VitaCure Remedies),Antidiabetic,21,18.38,6.495,30.238,LOW,NO_REORDER,0,NORMAL,LOW,MONITOR,No active issue: 18.4 days of cover: 21 units in stock at expected demand of 1.14 units/day,,0.0,0.0,0.0,0.0,0.0,0,100.0
2164,LOW,BR004,MED361,Glimepiride 1mg (CureLine Healthcare),Antidiabetic,19,18.34,5.986,27.61,LOW,NO_REORDER,0,NORMAL,LOW,MONITOR,No active issue: 18.3 days of cover: 19 units in stock at expected demand of 1.04 units/day,,0.0,0.0,0.0,0.0,0.0,0,100.0
2165,LOW,BR004,MED363,Glimepiride 1mg (Summit Lifesciences),Antidiabetic,6,24.0,0.677,3.864,LOW,NO_REORDER,0,NORMAL,LOW,MONITOR,No active issue: 24.0 days of cover: 6 units in stock at expected demand of 0.25 units/day,,0.0,0.0,0.0,0.0,0.0,0,100.0
2166,LOW,BR004,MED364,Glimepiride 1mg (TrueLife Remedies),Antidiabetic,25,30.47,5.743,26.9,LOW,NO_REORDER,0,NORMAL,LOW,MONITOR,No active issue: 30.5 days of cover: 25 units in stock at expected demand of 0.82 units/day,,0.0,0.0,0.0,0.0,0.0,0,100.0
2167,LOW,BR004,MED366,Glimepiride 3mg (ApexLife Pharma),Antidiabetic,25,29.46,5.94,28.845,LOW,NO_REORDER,0,NORMAL,LOW,MONITOR,No active issue: 29.5 days of cover: 25 units in stock at expected demand of 0.85 units/day,,0.0,0.0,0.0,0.0,0.0,0,100.0
2168,LOW,BR004,MED370,Glimepiride 3mg (Summit Lifesciences),Antidiabetic,8,74.67,0.685,3.445,LOW,NO_REORDER,0,NORMAL,LOW,MONITOR,No active issue: 74.7 days of cover: 8 units in stock at expected demand of 0.11 units/day,,0.0,0.0,0.0,0.0,0.0,0,100.0
2169,LOW,BR004,MED373,Glimepiride + Metformin 2mg/500mg (Aarogya Formulations),Antidiabetic,17,95.2,1.092,5.841,LOW,NO_REORDER,0,OVERSTOCK,LOW,REVIEW_OVERSTOCK,102 days of cover at the recent 0.17 units/day (limit 90): about -0 units above the limit,,0.0,0.0,-0.0,0.0,0.0,0,100.0
2170,LOW,BR004,MED376,Glimepiride + Metformin 1mg/500mg,Antidiabetic,11,25.67,1.67,7.78,LOW,NO_REORDER,0,NORMAL,MEDIUM,MONITOR,No active issue: 25.7 days of cover: 11 units in stock at expected demand of 0.43 units/day,,0.0,0.0,0.0,0.0,0.0,0,100.0
2171,LOW,BR004,MED377,Glimepiride + Metformin 1mg/500mg (CarePlus Laboratories),Antidiabetic,14,43.56,1.532,8.452,LOW,NO_REORDER,0,NORMAL,LOW,MONITOR,No active issue: 43.6 days of cover: 14 units in stock at expected demand of 0.32 units/day,,0.0,0.0,0.0,0.0,0.0,0,100.0
2172,LOW,BR004,MED378,Glimepiride + Metformin 1mg/500mg (Stellar Formulations),Antidiabetic,9,31.5,1.115,6.248,LOW,NO_REORDER,0,NORMAL,LOW,MONITOR,No active issue: 31.5 days of cover: 9 units in stock at expected demand of 0.29 units/day,,0.0,0.0,0.0,0.0,0.0,0,100.0
2173,LOW,BR004,MED382,Metformin 500mg (CureLine Healthcare),Antidiabetic,14,99.19,0.988,5.011,LOW,NO_REORDER,0,NORMAL,LOW,MONITOR,No active issue: 99.2 days of cover: 14 units in stock at expected demand of 0.14 units/day,,0.0,0.0,0.0,0.0,0.0,0,100.0
2174,LOW,BR004,MED386,Metformin 850mg (CureLine Healthcare),Antidiabetic,10,16.47,2.595,12.204,LOW,NO_REORDER,0,NORMAL,LOW,MONITOR,No active issue: 16.5 days of cover: 10 units in stock at expected demand of 0.61 units/day,,0.0,0.0,0.0,0.0,0.0,0,100.0
2175,LOW,BR004,MED387,Metformin 850mg (Stellar Formulations),Antidiabetic,11,51.33,1.025,5.287,LOW,NO_REORDER,0,NORMAL,LOW,MONITOR,No active issue: 51.3 days of cover: 11 units in stock at expected demand of 0.21 units/day,,0.0,0.0,0.0,0.0,0.0,0,100.0
2176,LOW,BR004,MED388,Metformin 850mg (VitaCure Remedies),Antidiabetic,6,21.0,0.867,5.416,LOW,NO_REORDER,0,NORMAL,LOW,MONITOR,No active issue: 21.0 days of cover: 6 units in stock at expected demand of 0.29 units/day,,0.0,0.0,0.0,0.0,0.0,0,100.0
2177,LOW,BR004,MED390,Metformin 1000mg (BlueCrest Pharma),Antidiabetic,13,45.5,1.347,7.373,LOW,NO_REORDER,0,NORMAL,LOW,MONITOR,No active issue: 45.5 days of cover: 13 units in stock at expected demand of 0.29 units/day,,0.0,0.0,0.0,0.0,0.0,0,100.0
2178,LOW,BR004,MED391,Metformin 1000mg (HealthAxis Pharma),Antidiabetic,14,15.08,4.841,25.444,LOW,NO_REORDER,0,NORMAL,MEDIUM,MONITOR,No active issue: 15.1 days of cover: 14 units in stock at expected demand of 0.93 units/day,,0.0,0.0,0.0,0.0,0.0,0,100.0
2179,LOW,BR004,MED392,Metformin 1000mg (LifeSpring Pharma),Antidiabetic,55,20.53,18.639,88.817,LOW,NO_REORDER,0,NORMAL,LOW,MONITOR,No active issue: 20.5 days of cover: 55 units in stock at expected demand of 2.68 units/day,,0.0,0.0,0.0,0.0,0.0,0,100.0
2180,LOW,BR004,MED395,Sitagliptin 100mg (CarePlus Laboratories),Antidiabetic,47,37.6,8.702,41.836,LOW,NO_REORDER,0,NORMAL,LOW,MONITOR,No active issue: 37.6 days of cover: 47 units in stock at expected demand of 1.25 units/day,,0.0,0.0,0.0,0.0,0.0,0,100.0
2181,LOW,BR004,MED396,Sitagliptin 100mg (HealthAxis Pharma),Antidiabetic,95,16.12,40.947,178.902,LOW,NO_REORDER,0,NORMAL,MEDIUM,MONITOR,No active issue: 16.1 days of cover: 95 units in stock at expected demand of 5.89 units/day,,0.0,0.0,0.0,0.0,0.0,0,100.0
2182,LOW,BR004,MED397,Sitagliptin 50mg,Antidiabetic,15,24.71,3.476,15.101,LOW,NO_REORDER,0,NORMAL,LOW,MONITOR,No active issue: 24.7 days of cover: 15 units in stock at expected demand of 0.61 units/day,,0.0,0.0,0.0,0.0,0.0,0,100.0
2183,LOW,BR004,MED398,Sitagliptin 50mg (ApexLife Pharma),Antidiabetic,10,16.47,2.975,14.534,LOW,NO_REORDER,0,NORMAL,LOW,MONITOR,No active issue: 16.5 days of cover: 10 units in stock at expected demand of 0.61 units/day,,0.0,0.0,0.0,0.0,0.0,0,100.0
2184,LOW,BR004,MED399,Sitagliptin 50mg (BlueCrest Pharma),Antidiabetic,21,16.8,6.886,33.86,LOW,NO_REORDER,0,NORMAL,LOW,MONITOR,No active issue: 16.8 days of cover: 21 units in stock at expected demand of 1.25 units/day,,0.0,0.0,0.0,0.0,0.0,0,100.0
2185,LOW,BR004,MED400,Sitagliptin 50mg (Crestview Pharma),Antidiabetic,22,51.78,2.974,12.962,LOW,NO_REORDER,0,NORMAL,LOW,MONITOR,No active issue: 51.8 days of cover: 22 units in stock at expected demand of 0.42 units/day,,0.0,0.0,0.0,0.0,0.0,0,100.0
2186,LOW,BR004,MED401,Sitagliptin 50mg (HealthAxis Pharma),Antidiabetic,5,70.0,0.483,1.982,LOW,NO_REORDER,0,NORMAL,LOW,MONITOR,No active issue: 70.0 days of cover: 5 units in stock at expected demand of 0.07 units/day,,0.0,0.0,0.0,0.0,0.0,0,100.0
2187,LOW,BR004,MED403,Sitagliptin 50mg (Stellar Formulations),Antidiabetic,11,38.5,1.268,6.349,LOW,NO_REORDER,0,NORMAL,LOW,MONITOR,No active issue: 38.5 days of cover: 11 units in stock at expected demand of 0.29 units/day,,0.0,0.0,0.0,0.0,0.0,0,100.0
2188,LOW,BR004,MED406,Ambroxol + Levosalbutamol Syrup 100ml (Aarogya Formulations),Respiratory,6,42.0,0.643,3.25,LOW,NO_REORDER,0,NORMAL,LOW,MONITOR,No active issue: 42.0 days of cover: 6 units in stock at expected demand of 0.14 units/day,,0.0,0.0,0.0,0.0,0.0,0,100.0
2189,LOW,BR004,MED407,Ambroxol + Levosalbutamol Syrup 100ml (NovaMed Laboratories),Respiratory,12,18.67,3.853,19.099,LOW,NO_REORDER,0,NORMAL,LOW,MONITOR,No active issue: 18.7 days of cover: 12 units in stock at expected demand of 0.64 units/day,,0.0,0.0,0.0,0.0,0.0,0,100.0
2190,LOW,BR004,MED410,Ambroxol + Levosalbutamol Syrup 60ml,Respiratory,9,84.0,0.722,3.63,LOW,NO_REORDER,0,NORMAL,MEDIUM,MONITOR,No active issue: 84.0 days of cover: 9 units in stock at expected demand of 0.11 units/day,,0.0,0.0,0.0,0.0,0.0,0,100.0
2191,LOW,BR004,MED412,Budesonide Inhaler 200mcg (ApexLife Pharma),Respiratory,9,50.4,0.729,3.73,LOW,NO_REORDER,0,NORMAL,LOW,MONITOR,No active issue: 50.4 days of cover: 9 units in stock at expected demand of 0.18 units/day,,0.0,0.0,0.0,0.0,0.0,0,100.0
2192,LOW,BR004,MED414,Budesonide Inhaler 200mcg (VitaCure Remedies),Respiratory,9,28.0,1.155,5.679,LOW,NO_REORDER,0,NORMAL,LOW,MONITOR,No active issue: 28.0 days of cover: 9 units in stock at expected demand of 0.32 units/day,,0.0,0.0,0.0,0.0,0.0,0,100.0
2193,LOW,BR004,MED416,Dextromethorphan Syrup 100ml (HealthAxis Pharma),Respiratory,16,18.67,5.323,25.405,LOW,NO_REORDER,0,NORMAL,LOW,MONITOR,No active issue: 18.7 days of cover: 16 units in stock at expected demand of 0.86 units/day,,0.0,0.0,0.0,0.0,0.0,0,100.0
2194,LOW,BR004,MED417,Dextromethorphan Syrup 100ml (LifeSpring Pharma),Respiratory,7,32.67,0.903,4.578,LOW,NO_REORDER,0,NORMAL,LOW,MONITOR,No active issue: 32.7 days of cover: 7 units in stock at expected demand of 0.21 units/day,,0.0,0.0,0.0,0.0,0.0,0,100.0
2195,LOW,BR004,MED418,Dextromethorphan Syrup 100ml (Summit Lifesciences),Respiratory,10,70.0,0.785,4.521,LOW,NO_REORDER,0,NORMAL,LOW,MONITOR,No active issue: 70.0 days of cover: 10 units in stock at expected demand of 0.14 units/day,,0.0,0.0,0.0,0.0,0.0,0,100.0
2196,LOW,BR004,MED419,Dextromethorphan Syrup 100ml (TrueLife Remedies),Respiratory,8,56.0,0.666,3.334,LOW,NO_REORDER,0,NORMAL,LOW,MONITOR,No active issue: 56.0 days of cover: 8 units in stock at expected demand of 0.14 units/day,,0.0,0.0,0.0,0.0,0.0,0,100.0
2197,LOW,BR004,MED420,Montelukast 10mg (CureLine Healthcare),Respiratory,9,28.0,1.858,8.999,LOW,NO_REORDER,0,NORMAL,MEDIUM,MONITOR,No active issue: 28.0 days of cover: 9 units in stock at expected demand of 0.32 units/day,,0.0,0.0,0.0,0.0,0.0,0,100.0
2198,LOW,BR004,MED421,Montelukast 10mg (LifeSpring Pharma),Respiratory,9,63.0,0.792,4.243,LOW,NO_REORDER,0,NORMAL,LOW,MONITOR,No active issue: 63.0 days of cover: 9 units in stock at expected demand of 0.14 units/day,,0.0,0.0,0.0,0.0,0.0,0,100.0
2199,LOW,BR004,MED428,Montelukast 5mg (Summit Lifesciences),Respiratory,12,84.0,0.726,3.89,LOW,NO_REORDER,0,NORMAL,LOW,MONITOR,No active issue: 84.0 days of cover: 12 units in stock at expected demand of 0.14 units/day,,0.0,0.0,0.0,0.0,0.0,0,100.0
2200,LOW,BR004,MED430,Salbutamol Inhaler 100mcg (Aarogya Formulations),Respiratory,4,37.33,0.432,1.972,LOW,NO_REORDER,0,NORMAL,LOW,MONITOR,No active issue: 37.3 days of cover: 4 units in stock at expected demand of 0.11 units/day,,0.0,0.0,0.0,0.0,0.0,0,100.0
2201,LOW,BR004,MED434,Salbutamol Inhaler 100mcg (TrueLife Remedies),Respiratory,8,56.0,0.692,3.604,LOW,NO_REORDER,0,NORMAL,LOW,MONITOR,No active issue: 56.0 days of cover: 8 units in stock at expected demand of 0.14 units/day,,0.0,0.0,0.0,0.0,0.0,0,100.0
2202,LOW,BR004,MED436,Salbutamol Inhaler 200mcg,Respiratory,8,28.0,1.377,6.383,LOW,NO_REORDER,0,NORMAL,LOW,MONITOR,No active issue: 28.0 days of cover: 8 units in stock at expected demand of 0.29 units/day,,0.0,0.0,0.0,0.0,0.0,0,100.0
2203,LOW,BR004,MED437,Salbutamol Inhaler 200mcg (BlueCrest Pharma),Respiratory,9,50.4,0.776,3.81,LOW,NO_REORDER,0,NORMAL,LOW,MONITOR,No active issue: 50.4 days of cover: 9 units in stock at expected demand of 0.18 units/day,,0.0,0.0,0.0,0.0,0.0,0,100.0
2204,LOW,BR004,MED439,Salbutamol Inhaler 200mcg (HealthAxis Pharma),Respiratory,12,84.0,0.783,4.311,LOW,NO_REORDER,0,NORMAL,LOW,MONITOR,No active issue: 84.0 days of cover: 12 units in stock at expected demand of 0.14 units/day,,0.0,0.0,0.0,0.0,0.0,0,100.0
2205,LOW,BR004,MED440,Salbutamol Inhaler 200mcg (Stellar Formulations),Respiratory,15,70.0,1.116,6.212,LOW,NO_REORDER,0,NORMAL,LOW,MONITOR,No active issue: 70.0 days of cover: 15 units in stock at expected demand of 0.21 units/day,,0.0,0.0,0.0,0.0,0.0,0,100.0
2206,LOW,BR004,MED441,Salbutamol Inhaler 200mcg (Summit Lifesciences),Respiratory,9,84.0,0.624,3.108,LOW,NO_REORDER,0,NORMAL,LOW,MONITOR,No active issue: 84.0 days of cover: 9 units in stock at expected demand of 0.11 units/day,,0.0,0.0,0.0,0.0,0.0,0,100.0
2207,LOW,BR004,MED443,Calcium + Vitamin D3 500mg/250IU (ApexLife Pharma),Vitamins,14,15.68,5.547,26.458,LOW,NO_REORDER,0,NORMAL,LOW,MONITOR,No active issue: 15.7 days of cover: 14 units in stock at expected demand of 0.89 units/day,,0.0,0.0,0.0,0.0,0.0,0,100.0
2208,LOW,BR004,MED445,Calcium + Vitamin D3 500mg/250IU (HealthAxis Pharma),Vitamins,20,26.67,4.949,22.675,LOW,NO_REORDER,0,NORMAL,LOW,MONITOR,No active issue: 26.7 days of cover: 20 units in stock at expected demand of 0.75 units/day,,0.0,0.0,0.0,0.0,0.0,0,100.0
2209,LOW,BR004,MED446,Calcium + Vitamin D3 500mg/250IU (LifeSpring Pharma),Vitamins,21,17.82,7.096,33.306,LOW,NO_REORDER,0,NORMAL,LOW,MONITOR,No active issue: 17.8 days of cover: 21 units in stock at expected demand of 1.18 units/day,,0.0,0.0,0.0,0.0,0.0,0,100.0
2210,LOW,BR004,MED447,Calcium + Vitamin D3 500mg/250IU (Summit Lifesciences),Vitamins,13,36.4,2.164,10.653,LOW,NO_REORDER,0,NORMAL,LOW,MONITOR,No active issue: 36.4 days of cover: 13 units in stock at expected demand of 0.36 units/day,,0.0,0.0,0.0,0.0,0.0,0,100.0
2211,LOW,BR004,MED452,Iron + Folic Acid 100mg/500mcg (HealthAxis Pharma),Vitamins,8,28.0,1.585,8.868,LOW,NO_REORDER,0,NORMAL,MEDIUM,MONITOR,No active issue: 28.0 days of cover: 8 units in stock at expected demand of 0.29 units/day,,0.0,0.0,0.0,0.0,0.0,0,100.0
2212,LOW,BR004,MED454,Iron + Folic Acid 100mg/500mcg (Stellar Formulations),Vitamins,44,16.21,18.201,83.199,LOW,NO_REORDER,0,NORMAL,LOW,MONITOR,No active issue: 16.2 days of cover: 44 units in stock at expected demand of 2.71 units/day,,0.0,0.0,0.0,0.0,0.0,0,100.0
2213,LOW,BR004,MED456,Iron + Folic Acid 100mg/500mcg (VitaCure Remedies),Vitamins,14,43.56,1.792,9.039,LOW,NO_REORDER,0,NORMAL,LOW,MONITOR,No active issue: 43.6 days of cover: 14 units in stock at expected demand of 0.32 units/day,,0.0,0.0,0.0,0.0,0.0,0,100.0
2214,LOW,BR004,MED457,Multivitamin B-complex+C (BlueCrest Pharma),Vitamins,9,83.33,0.756,4.048,LOW,NO_REORDER,0,NORMAL,MEDIUM,MONITOR,No active issue: 83.3 days of cover: 9 units in stock at expected demand of 0.11 units/day,,0.0,0.0,0.0,0.0,0.0,0,100.0
2215,LOW,BR004,MED458,Multivitamin B-complex+C (HealthAxis Pharma),Vitamins,5,57.19,0.612,2.765,LOW,NO_REORDER,0,OVERSTOCK,LOW,REVIEW_OVERSTOCK,150 days of cover at the recent 0.03 units/day (limit 90): about -0 units above the limit,,0.0,0.0,-0.0,0.0,0.0,0,100.0
2216,LOW,BR004,MED460,Multivitamin B-complex+C (TrueLife Remedies),Vitamins,21,29.87,4.922,19.566,LOW,NO_REORDER,0,NORMAL,LOW,MONITOR,No active issue: 29.9 days of cover: 21 units in stock at expected demand of 0.70 units/day,,0.0,0.0,0.0,0.0,0.0,0,100.0
2217,LOW,BR004,MED461,Vitamin C Chewable 500mg (Aarogya Formulations),Vitamins,29,15.92,10.546,50.153,LOW,NO_REORDER,0,NORMAL,LOW,MONITOR,No active issue: 15.9 days of cover: 29 units in stock at expected demand of 1.82 units/day,,0.0,0.0,0.0,0.0,0.0,0,100.0
2218,LOW,BR004,MED463,Vitamin C Chewable 500mg (HealthAxis Pharma),Vitamins,12,56.0,1.214,6.49,LOW,NO_REORDER,0,NORMAL,LOW,MONITOR,No active issue: 56.0 days of cover: 12 units in stock at expected demand of 0.21 units/day,,0.0,0.0,0.0,0.0,0.0,0,100.0
2219,LOW,BR004,MED466,Vitamin C Chewable 1000mg (ApexLife Pharma),Vitamins,69,24.65,19.592,85.773,LOW,NO_REORDER,0,NORMAL,LOW,MONITOR,No active issue: 24.7 days of cover: 69 units in stock at expected demand of 2.80 units/day,,0.0,0.0,0.0,0.0,0.0,0,100.0
2220,LOW,BR004,MED467,Vitamin C Chewable 1000mg (BlueCrest Pharma),Vitamins,16,99.82,1.122,5.523,LOW,NO_REORDER,0,OVERSTOCK,LOW,REVIEW_OVERSTOCK,120 days of cover at the recent 0.13 units/day (limit 90): about -0 units above the limit,,0.0,0.0,-0.0,0.0,0.0,0,100.0
2221,LOW,BR004,MED469,Vitamin C Chewable 1000mg (CureLine Healthcare),Vitamins,15,46.67,1.852,8.841,LOW,NO_REORDER,0,NORMAL,LOW,MONITOR,No active issue: 46.7 days of cover: 15 units in stock at expected demand of 0.32 units/day,,0.0,0.0,0.0,0.0,0.0,0,100.0
2222,LOW,BR004,MED470,Vitamin C Chewable 1000mg (NovaMed Laboratories),Vitamins,13,15.83,4.248,22.515,LOW,NO_REORDER,0,NORMAL,LOW,MONITOR,No active issue: 15.8 days of cover: 13 units in stock at expected demand of 0.82 units/day,,0.0,0.0,0.0,0.0,0.0,0,100.0
2223,LOW,BR004,MED471,Vitamin C Chewable 1000mg (Summit Lifesciences),Vitamins,15,70.0,1.3,7.002,LOW,NO_REORDER,0,NORMAL,LOW,MONITOR,No active issue: 70.0 days of cover: 15 units in stock at expected demand of 0.21 units/day,,0.0,0.0,0.0,0.0,0.0,0,100.0
2224,LOW,BR004,MED472,Vitamin C Chewable 1000mg (TrueLife Remedies),Vitamins,10,70.0,0.881,4.933,LOW,NO_REORDER,0,NORMAL,LOW,MONITOR,No active issue: 70.0 days of cover: 10 units in stock at expected demand of 0.14 units/day,,0.0,0.0,0.0,0.0,0.0,0,100.0
2225,LOW,BR004,MED473,Vitamin C Chewable 1000mg (VitaCure Remedies),Vitamins,19,30.88,4.307,19.063,LOW,NO_REORDER,0,NORMAL,LOW,MONITOR,No active issue: 30.9 days of cover: 19 units in stock at expected demand of 0.62 units/day,,0.0,0.0,0.0,0.0,0.0,0,100.0
2226,LOW,BR004,MED475,Vitamin D3 60000IU (VitaCure Remedies),Vitamins,12,37.33,1.643,8.068,LOW,NO_REORDER,0,NORMAL,MEDIUM,MONITOR,No active issue: 37.3 days of cover: 12 units in stock at expected demand of 0.32 units/day,,0.0,0.0,0.0,0.0,0.0,0,100.0
2227,LOW,BR004,MED477,Vitamin D3 1000IU (Summit Lifesciences),Vitamins,11,117.92,0.653,3.882,LOW,NO_REORDER,0,OVERSTOCK,LOW,REVIEW_OVERSTOCK,165 days of cover at the recent 0.07 units/day (limit 90): about -0 units above the limit,,0.0,0.0,-0.0,0.0,0.0,0,100.0
2228,LOW,BR004,MED478,Calamine Lotion 100ml (CureLine Healthcare),Dermatological,10,46.67,0.898,4.549,LOW,NO_REORDER,0,NORMAL,LOW,MONITOR,No active issue: 46.7 days of cover: 10 units in stock at expected demand of 0.21 units/day,,0.0,0.0,0.0,0.0,0.0,0,100.0
2229,LOW,BR004,MED481,Calamine Lotion 100ml (TrueLife Remedies),Dermatological,8,74.67,0.584,2.863,LOW,NO_REORDER,0,NORMAL,LOW,MONITOR,No active issue: 74.7 days of cover: 8 units in stock at expected demand of 0.11 units/day,,0.0,0.0,0.0,0.0,0.0,0,100.0
2230,LOW,BR004,MED482,Clotrimazole Cream 1% (ApexLife Pharma),Dermatological,13,91.0,0.793,3.788,LOW,NO_REORDER,0,NORMAL,LOW,MONITOR,No active issue: 91.0 days of cover: 13 units in stock at expected demand of 0.14 units/day,,0.0,0.0,0.0,0.0,0.0,0,100.0
2231,LOW,BR004,MED483,Clotrimazole Cream 1% (CureLine Healthcare),Dermatological,11,44.0,1.299,5.963,LOW,NO_REORDER,0,NORMAL,LOW,MONITOR,No active issue: 44.0 days of cover: 11 units in stock at expected demand of 0.25 units/day,,0.0,0.0,0.0,0.0,0.0,0,100.0
2232,LOW,BR004,MED484,Clotrimazole Cream 2%,Dermatological,5,20.0,0.972,4.734,LOW,NO_REORDER,0,NORMAL,LOW,MONITOR,No active issue: 20.0 days of cover: 5 units in stock at expected demand of 0.25 units/day,,0.0,0.0,0.0,0.0,0.0,0,100.0
2233,LOW,BR004,MED486,Clotrimazole Cream 2% (TrueLife Remedies),Dermatological,8,44.8,0.947,4.525,LOW,NO_REORDER,0,NORMAL,LOW,MONITOR,No active issue: 44.8 days of cover: 8 units in stock at expected demand of 0.18 units/day,,0.0,0.0,0.0,0.0,0.0,0,100.0
2234,LOW,BR004,MED487,Fusidic Acid Cream 2% (ApexLife Pharma),Dermatological,6,78.36,0.536,2.168,LOW,NO_REORDER,0,NORMAL,LOW,MONITOR,No active issue: 78.4 days of cover: 6 units in stock at expected demand of 0.08 units/day,,0.0,0.0,0.0,0.0,0.0,0,100.0
2235,LOW,BR004,MED490,Hydrocortisone Cream 1% (CarePlus Laboratories),Dermatological,10,25.45,2.348,10.223,LOW,NO_REORDER,0,NORMAL,LOW,MONITOR,No active issue: 25.5 days of cover: 10 units in stock at expected demand of 0.39 units/day,,0.0,0.0,0.0,0.0,0.0,0,100.0
2236,LOW,BR004,MED491,Hydrocortisone Cream 1% (CureLine Healthcare),Dermatological,9,21.0,2.444,11.432,LOW,NO_REORDER,0,NORMAL,LOW,MONITOR,No active issue: 21.0 days of cover: 9 units in stock at expected demand of 0.43 units/day,,0.0,0.0,0.0,0.0,0.0,0,100.0
2237,LOW,BR004,MED492,Hydrocortisone Cream 1% (Summit Lifesciences),Dermatological,6,56.0,0.537,2.502,LOW,NO_REORDER,0,NORMAL,LOW,MONITOR,No active issue: 56.0 days of cover: 6 units in stock at expected demand of 0.11 units/day,,0.0,0.0,0.0,0.0,0.0,0,100.0
2238,LOW,BR004,MED493,Ketoconazole Shampoo 2% (Aarogya Formulations),Dermatological,4,18.67,0.72,3.517,LOW,NO_REORDER,0,NORMAL,LOW,MONITOR,No active issue: 18.7 days of cover: 4 units in stock at expected demand of 0.21 units/day,,0.0,0.0,0.0,0.0,0.0,0,100.0
2239,LOW,BR004,MED495,Ketoconazole Shampoo 2% (VitaCure Remedies),Dermatological,4,22.4,0.645,2.923,LOW,NO_REORDER,0,NORMAL,LOW,MONITOR,No active issue: 22.4 days of cover: 4 units in stock at expected demand of 0.18 units/day,,0.0,0.0,0.0,0.0,0.0,0,100.0
2240,LOW,BR004,MED497,Mupirocin Ointment 2% (CarePlus Laboratories),Dermatological,6,28.0,1.228,5.324,LOW,NO_REORDER,0,NORMAL,LOW,MONITOR,No active issue: 28.0 days of cover: 6 units in stock at expected demand of 0.21 units/day,,0.0,0.0,0.0,0.0,0.0,0,100.0
2241,LOW,BR004,MED499,Mupirocin Ointment 2% (Summit Lifesciences),Dermatological,9,36.0,1.002,5.109,LOW,NO_REORDER,0,NORMAL,LOW,MONITOR,No active issue: 36.0 days of cover: 9 units in stock at expected demand of 0.25 units/day,,0.0,0.0,0.0,0.0,0.0,0,100.0
2242,LOW,BR004,MED500,Mupirocin Ointment 2% (VitaCure Remedies),Dermatological,3,42.0,0.347,1.573,LOW,NO_REORDER,0,NORMAL,LOW,MONITOR,No active issue: 42.0 days of cover: 3 units in stock at expected demand of 0.07 units/day,,0.0,0.0,0.0,0.0,0.0,0,100.0
2243,LOW,BR005,MED003,Amoxicillin 500mg,Antibiotics,22,45.4,3.392,13.693,LOW,NO_REORDER,0,NORMAL,LOW,MONITOR,No active issue: 45.4 days of cover: 22 units in stock at expected demand of 0.48 units/day,,0.0,0.0,0.0,0.0,0.0,0,100.0
2244,LOW,BR005,MED007,Cetirizine 10mg,Antihistamines,81,14.06,40.313,170.002,LOW,NO_REORDER,0,NORMAL,LOW,MONITOR,No active issue: 14.1 days of cover: 81 units in stock at expected demand of 5.76 units/day,,0.0,0.0,0.0,0.0,0.0,0,100.0
2245,LOW,BR005,MED009,Pantoprazole 40mg,Gastrointestinal,103,24.42,29.529,131.385,LOW,NO_REORDER,0,NORMAL,LOW,MONITOR,No active issue: 24.4 days of cover: 103 units in stock at expected demand of 4.22 units/day,,0.0,0.0,0.0,0.0,0.0,0,100.0
2246,LOW,BR005,MED010,Ondansetron 4mg,Gastrointestinal,6,42.0,0.708,3.396,LOW,NO_REORDER,0,NORMAL,LOW,MONITOR,No active issue: 42.0 days of cover: 6 units in stock at expected demand of 0.14 units/day,,0.0,0.0,0.0,0.0,0.0,0,100.0
2247,LOW,BR005,MED012,Atorvastatin 10mg,Cardiovascular,90,14.19,44.4,194.552,LOW,NO_REORDER,0,NORMAL,LOW,MONITOR,No active issue: 14.2 days of cover: 90 units in stock at expected demand of 6.34 units/day,,0.0,0.0,0.0,0.0,0.0,0,100.0
2248,LOW,BR005,MED015,Ambroxol + Levosalbutamol Syrup 100ml,Respiratory,51,21.79,16.386,69.932,LOW,NO_REORDER,0,NORMAL,LOW,MONITOR,No active issue: 21.8 days of cover: 51 units in stock at expected demand of 2.34 units/day,,0.0,0.0,0.0,0.0,0.0,0,100.0
2249,LOW,BR005,MED017,Vitamin C Chewable 500mg,Vitamins,81,39.79,14.169,58.281,LOW,NO_REORDER,0,NORMAL,LOW,MONITOR,No active issue: 39.8 days of cover: 81 units in stock at expected demand of 2.04 units/day,,0.0,0.0,0.0,0.0,0.0,0,100.0
2250,LOW,BR005,MED018,Vitamin D3 60000IU,Vitamins,6,15.27,1.78,10.313,LOW,NO_REORDER,0,NORMAL,LOW,MONITOR,No active issue: 15.3 days of cover: 6 units in stock at expected demand of 0.39 units/day,,0.0,0.0,0.0,0.0,0.0,0,100.0
2251,LOW,BR005,MED020,Mupirocin Ointment 2%,Dermatological,26,154.63,1.177,5.365,LOW,NO_REORDER,0,NORMAL,LOW,MONITOR,No active issue: 154.6 days of cover: 26 units in stock at expected demand of 0.17 units/day,,0.0,0.0,0.0,0.0,0.0,0,100.0
2252,LOW,BR005,MED021,Ibuprofen 400mg,Analgesics,19,21.28,5.533,28.097,LOW,NO_REORDER,0,NORMAL,LOW,MONITOR,No active issue: 21.3 days of cover: 19 units in stock at expected demand of 0.89 units/day,,0.0,0.0,0.0,0.0,0.0,0,100.0
2253,LOW,BR005,MED025,Ciprofloxacin 500mg,Antibiotics,15,26.25,3.653,16.314,LOW,NO_REORDER,0,NORMAL,LOW,MONITOR,No active issue: 26.2 days of cover: 15 units in stock at expected demand of 0.57 units/day,,0.0,0.0,0.0,0.0,0.0,0,100.0
2254,LOW,BR005,MED026,Doxycycline 100mg,Antibiotics,11,23.69,2.601,13.437,LOW,NO_REORDER,0,NORMAL,MEDIUM,MONITOR,No active issue: 23.7 days of cover: 11 units in stock at expected demand of 0.46 units/day,,0.0,0.0,0.0,0.0,0.0,0,100.0
2255,LOW,BR005,MED029,Paracetamol Drops 100mg/ml,Antipyretics,12,42.0,1.634,7.456,LOW,NO_REORDER,0,NORMAL,LOW,MONITOR,No active issue: 42.0 days of cover: 12 units in stock at expected demand of 0.29 units/day,,0.0,0.0,0.0,0.0,0.0,0,100.0
2256,LOW,BR005,MED037,Telmisartan 40mg,Cardiovascular,246,23.83,68.787,300.025,LOW,NO_REORDER,0,NORMAL,MEDIUM,MONITOR,No active issue: 23.8 days of cover: 246 units in stock at expected demand of 10.32 units/day,,0.0,0.0,0.0,0.0,0.0,0,100.0
2257,LOW,BR005,MED038,Losartan 50mg,Cardiovascular,17,16.41,6.164,29.656,LOW,NO_REORDER,0,NORMAL,LOW,MONITOR,No active issue: 16.4 days of cover: 17 units in stock at expected demand of 1.04 units/day,,0.0,0.0,0.0,0.0,0.0,0,100.0
2258,LOW,BR005,MED039,Metoprolol 50mg,Cardiovascular,35,21.78,9.756,45.411,LOW,NO_REORDER,0,NORMAL,LOW,MONITOR,No active issue: 21.8 days of cover: 35 units in stock at expected demand of 1.61 units/day,,0.0,0.0,0.0,0.0,0.0,0,100.0
2259,LOW,BR005,MED042,Aspirin 75mg,Cardiovascular,43,22.72,10.192,49.969,LOW,NO_REORDER,0,NORMAL,LOW,MONITOR,No active issue: 22.7 days of cover: 43 units in stock at expected demand of 1.89 units/day,,0.0,0.0,0.0,0.0,0.0,0,100.0
2260,LOW,BR005,MED045,Gliclazide 80mg,Antidiabetic,14,65.33,1.163,6.087,LOW,NO_REORDER,0,NORMAL,LOW,MONITOR,No active issue: 65.3 days of cover: 14 units in stock at expected demand of 0.21 units/day,,0.0,0.0,0.0,0.0,0.0,0,100.0
2261,LOW,BR005,MED046,Montelukast 10mg,Respiratory,34,18.24,13.048,53.616,LOW,NO_REORDER,0,NORMAL,LOW,MONITOR,No active issue: 18.2 days of cover: 34 units in stock at expected demand of 1.86 units/day,,0.0,0.0,0.0,0.0,0.0,0,100.0
2262,LOW,BR005,MED049,Multivitamin B-complex+C,Vitamins,31,15.78,10.919,49.626,LOW,NO_REORDER,0,NORMAL,LOW,MONITOR,No active issue: 15.8 days of cover: 31 units in stock at expected demand of 1.96 units/day,,0.0,0.0,0.0,0.0,0.0,0,100.0
2263,LOW,BR005,MED050,Calcium + Vitamin D3 500mg/250IU,Vitamins,12,42.0,1.447,7.434,LOW,NO_REORDER,0,NORMAL,LOW,MONITOR,No active issue: 42.0 days of cover: 12 units in stock at expected demand of 0.29 units/day,,0.0,0.0,0.0,0.0,0.0,0,100.0
2264,LOW,BR005,MED055,Ketoconazole Shampoo 2%,Dermatological,14,43.56,1.398,6.894,LOW,NO_REORDER,0,NORMAL,LOW,MONITOR,No active issue: 43.6 days of cover: 14 units in stock at expected demand of 0.32 units/day,,0.0,0.0,0.0,0.0,0.0,0,100.0
2265,LOW,BR005,MED056,Aceclofenac + Paracetamol 100mg/325mg (HealthAxis Pharma),Analgesics,8,100.72,0.556,2.74,LOW,NO_REORDER,0,NORMAL,LOW,MONITOR,No active issue: 100.7 days of cover: 8 units in stock at expected demand of 0.08 units/day,,0.0,0.0,0.0,0.0,0.0,0,100.0
2266,LOW,BR005,MED058,Aceclofenac + Paracetamol 100mg/325mg (VitaCure Remedies),Analgesics,20,29.47,4.569,21.218,LOW,NO_REORDER,0,NORMAL,LOW,MONITOR,No active issue: 29.5 days of cover: 20 units in stock at expected demand of 0.68 units/day,,0.0,0.0,0.0,0.0,0.0,0,100.0
2267,LOW,BR005,MED060,Diclofenac 50mg (CarePlus Laboratories),Analgesics,26,26.72,6.811,32.283,LOW,NO_REORDER,0,NORMAL,LOW,MONITOR,No active issue: 26.7 days of cover: 26 units in stock at expected demand of 0.97 units/day,,0.0,0.0,0.0,0.0,0.0,0,100.0
2268,LOW,BR005,MED061,Diclofenac 50mg (Stellar Formulations),Analgesics,8,28.0,1.27,6.057,LOW,NO_REORDER,0,NORMAL,MEDIUM,MONITOR,No active issue: 28.0 days of cover: 8 units in stock at expected demand of 0.29 units/day,,0.0,0.0,0.0,0.0,0.0,0,100.0
2269,LOW,BR005,MED062,Diclofenac 50mg (TrueLife Remedies),Analgesics,11,30.8,1.249,6.715,LOW,NO_REORDER,0,NORMAL,LOW,MONITOR,No active issue: 30.8 days of cover: 11 units in stock at expected demand of 0.36 units/day,,0.0,0.0,0.0,0.0,0.0,0,100.0
2270,LOW,BR005,MED064,Diclofenac 100mg,Analgesics,12,67.2,0.926,4.418,LOW,NO_REORDER,0,NORMAL,LOW,MONITOR,No active issue: 67.2 days of cover: 12 units in stock at expected demand of 0.18 units/day,,0.0,0.0,0.0,0.0,0.0,0,100.0
2271,LOW,BR005,MED068,Ibuprofen 400mg (CureLine Healthcare),Analgesics,16,56.0,1.638,7.371,LOW,NO_REORDER,0,NORMAL,LOW,MONITOR,No active issue: 56.0 days of cover: 16 units in stock at expected demand of 0.29 units/day,,0.0,0.0,0.0,0.0,0.0,0,100.0
2272,LOW,BR005,MED069,Ibuprofen 400mg (HealthAxis Pharma),Analgesics,20,17.5,6.914,32.704,LOW,NO_REORDER,0,NORMAL,LOW,MONITOR,No active issue: 17.5 days of cover: 20 units in stock at expected demand of 1.14 units/day,,0.0,0.0,0.0,0.0,0.0,0,100.0
2273,LOW,BR005,MED070,Ibuprofen 400mg (NovaMed Laboratories),Analgesics,42,34.73,8.465,39.017,LOW,NO_REORDER,0,NORMAL,LOW,MONITOR,No active issue: 34.7 days of cover: 42 units in stock at expected demand of 1.21 units/day,,0.0,0.0,0.0,0.0,0.0,0,100.0
2274,LOW,BR005,MED071,Ibuprofen 400mg (Stellar Formulations),Analgesics,15,70.0,1.365,7.415,LOW,NO_REORDER,0,NORMAL,LOW,MONITOR,No active issue: 70.0 days of cover: 15 units in stock at expected demand of 0.21 units/day,,0.0,0.0,0.0,0.0,0.0,0,100.0
2275,LOW,BR005,MED074,Ibuprofen 200mg (LifeSpring Pharma),Analgesics,11,61.6,1.169,5.634,LOW,NO_REORDER,0,NORMAL,LOW,MONITOR,No active issue: 61.6 days of cover: 11 units in stock at expected demand of 0.18 units/day,,0.0,0.0,0.0,0.0,0.0,0,100.0
2276,LOW,BR005,MED075,Ibuprofen 200mg (Summit Lifesciences),Analgesics,11,18.12,3.756,18.282,LOW,NO_REORDER,0,NORMAL,LOW,MONITOR,No active issue: 18.1 days of cover: 11 units in stock at expected demand of 0.61 units/day,,0.0,0.0,0.0,0.0,0.0,0,100.0
2277,LOW,BR005,MED076,Ibuprofen 200mg (TrueLife Remedies),Analgesics,12,14.61,4.772,23.513,LOW,NO_REORDER,0,NORMAL,LOW,MONITOR,No active issue: 14.6 days of cover: 12 units in stock at expected demand of 0.82 units/day,,0.0,0.0,0.0,0.0,0.0,0,100.0
2278,LOW,BR005,MED077,Ibuprofen 200mg (VitaCure Remedies),Analgesics,10,40.0,1.408,7.258,LOW,NO_REORDER,0,NORMAL,LOW,MONITOR,No active issue: 40.0 days of cover: 10 units in stock at expected demand of 0.25 units/day,,0.0,0.0,0.0,0.0,0.0,0,100.0
2279,LOW,BR005,MED081,Ibuprofen 600mg (NovaMed Laboratories),Analgesics,30,30.0,6.987,34.586,LOW,NO_REORDER,0,NORMAL,LOW,MONITOR,No active issue: 30.0 days of cover: 30 units in stock at expected demand of 1.00 units/day,,0.0,0.0,0.0,0.0,0.0,0,100.0
2280,LOW,BR005,MED082,Naproxen 250mg (CureLine Healthcare),Analgesics,37,17.27,13.609,62.551,LOW,NO_REORDER,0,NORMAL,LOW,MONITOR,No active issue: 17.3 days of cover: 37 units in stock at expected demand of 2.14 units/day,,0.0,0.0,0.0,0.0,0.0,0,100.0
2281,LOW,BR005,MED084,Naproxen 250mg (VitaCure Remedies),Analgesics,25,16.67,8.805,40.33,LOW,NO_REORDER,0,NORMAL,LOW,MONITOR,No active issue: 16.7 days of cover: 25 units in stock at expected demand of 1.50 units/day,,0.0,0.0,0.0,0.0,0.0,0,100.0
2282,LOW,BR005,MED085,Naproxen 500mg,Analgesics,7,94.23,0.52,3.095,LOW,NO_REORDER,0,OVERSTOCK,LOW,REVIEW_OVERSTOCK,210 days of cover at the recent 0.03 units/day (limit 90): about -0 units above the limit,,0.0,0.0,-0.0,0.0,0.0,0,100.0
2283,LOW,BR005,MED086,Naproxen 500mg (CarePlus Laboratories),Analgesics,132,15.79,57.607,253.002,LOW,NO_REORDER,0,NORMAL,LOW,MONITOR,No active issue: 15.8 days of cover: 132 units in stock at expected demand of 8.36 units/day,,0.0,0.0,0.0,0.0,0.0,0,100.0
2284,LOW,BR005,MED090,Paracetamol 500mg (CarePlus Laboratories),Analgesics,12,40.52,2.073,10.572,LOW,NO_REORDER,0,NORMAL,LOW,MONITOR,No active issue: 40.5 days of cover: 12 units in stock at expected demand of 0.30 units/day,,0.0,0.0,0.0,0.0,0.0,0,100.0
2285,LOW,BR005,MED094,Paracetamol 250mg (Stellar Formulations),Analgesics,8,44.8,0.999,5.207,LOW,NO_REORDER,0,NORMAL,LOW,MONITOR,No active issue: 44.8 days of cover: 8 units in stock at expected demand of 0.18 units/day,,0.0,0.0,0.0,0.0,0.0,0,100.0
2286,LOW,BR005,MED095,Amoxicillin 250mg,Antibiotics,14,19.6,4.073,18.851,LOW,NO_REORDER,0,NORMAL,LOW,MONITOR,No active issue: 19.6 days of cover: 14 units in stock at expected demand of 0.71 units/day,,0.0,0.0,0.0,0.0,0.0,0,100.0
2287,LOW,BR005,MED096,Amoxicillin 250mg (CureLine Healthcare),Antibiotics,12,19.76,3.527,16.157,LOW,NO_REORDER,0,NORMAL,LOW,MONITOR,No active issue: 19.8 days of cover: 12 units in stock at expected demand of 0.61 units/day,,0.0,0.0,0.0,0.0,0.0,0,100.0
2288,LOW,BR005,MED097,Amoxicillin 250mg (LifeSpring Pharma),Antibiotics,30,31.11,6.526,30.49,LOW,NO_REORDER,0,NORMAL,LOW,MONITOR,No active issue: 31.1 days of cover: 30 units in stock at expected demand of 0.96 units/day,,0.0,0.0,0.0,0.0,0.0,0,100.0
2289,LOW,BR005,MED101,Amoxicillin + Clavulanic Acid 625mg (CureLine Healthcare),Antibiotics,4,85.63,0.327,1.667,LOW,NO_REORDER,0,NORMAL,LOW,MONITOR,No active issue: 85.6 days of cover: 4 units in stock at expected demand of 0.05 units/day,,0.0,0.0,0.0,0.0,0.0,0,100.0
2290,LOW,BR005,MED103,Amoxicillin + Clavulanic Acid 625mg (Stellar Formulations),Antibiotics,9,36.0,1.277,6.124,LOW,NO_REORDER,0,NORMAL,LOW,MONITOR,No active issue: 36.0 days of cover: 9 units in stock at expected demand of 0.25 units/day,,0.0,0.0,0.0,0.0,0.0,0,100.0
2291,LOW,BR005,MED106,Amoxicillin + Clavulanic Acid 375mg (Summit Lifesciences),Antibiotics,6,28.0,0.924,4.399,LOW,NO_REORDER,0,NORMAL,LOW,MONITOR,No active issue: 28.0 days of cover: 6 units in stock at expected demand of 0.21 units/day,,0.0,0.0,0.0,0.0,0.0,0,100.0
2292,LOW,BR005,MED107,Amoxicillin + Clavulanic Acid 375mg (TrueLife Remedies),Antibiotics,16,23.58,4.033,18.358,LOW,NO_REORDER,0,NORMAL,LOW,MONITOR,No active issue: 23.6 days of cover: 16 units in stock at expected demand of 0.68 units/day,,0.0,0.0,0.0,0.0,0.0,0,100.0
2293,LOW,BR005,MED108,Azithromycin 500mg (Aarogya Formulations),Antibiotics,25,25.93,6.598,30.073,LOW,NO_REORDER,0,NORMAL,LOW,MONITOR,No active issue: 25.9 days of cover: 25 units in stock at expected demand of 0.96 units/day,,0.0,0.0,0.0,0.0,0.0,0,100.0
2294,LOW,BR005,MED114,Azithromycin 250mg (CarePlus Laboratories),Antibiotics,16,56.0,1.711,7.534,LOW,NO_REORDER,0,NORMAL,LOW,MONITOR,No active issue: 56.0 days of cover: 16 units in stock at expected demand of 0.29 units/day,,0.0,0.0,0.0,0.0,0.0,0,100.0
2295,LOW,BR005,MED115,Azithromycin 250mg (CureLine Healthcare),Antibiotics,12,138.84,0.605,2.758,LOW,NO_REORDER,0,NORMAL,LOW,MONITOR,No active issue: 138.8 days of cover: 12 units in stock at expected demand of 0.09 units/day,,0.0,0.0,0.0,0.0,0.0,0,100.0
2296,LOW,BR005,MED116,Azithromycin 250mg (HealthAxis Pharma),Antibiotics,14,26.13,3.161,15.18,LOW,NO_REORDER,0,NORMAL,LOW,MONITOR,No active issue: 26.1 days of cover: 14 units in stock at expected demand of 0.54 units/day,,0.0,0.0,0.0,0.0,0.0,0,100.0
2297,LOW,BR005,MED118,Azithromycin 250mg (NovaMed Laboratories),Antibiotics,13,72.8,0.851,3.851,LOW,NO_REORDER,0,NORMAL,MEDIUM,MONITOR,No active issue: 72.8 days of cover: 13 units in stock at expected demand of 0.18 units/day,,0.0,0.0,0.0,0.0,0.0,0,100.0
2298,LOW,BR005,MED120,Cefixime 200mg (ApexLife Pharma),Antibiotics,7,21.78,1.664,8.175,LOW,NO_REORDER,0,NORMAL,LOW,MONITOR,No active issue: 21.8 days of cover: 7 units in stock at expected demand of 0.32 units/day,,0.0,0.0,0.0,0.0,0.0,0,100.0
2299,LOW,BR005,MED125,Cefixime 100mg (HealthAxis Pharma),Antibiotics,6,14.0,2.031,10.581,LOW,NO_REORDER,0,NORMAL,LOW,MONITOR,No active issue: 14.0 days of cover: 6 units in stock at expected demand of 0.43 units/day,,0.0,0.0,0.0,0.0,0.0,0,100.0
2300,LOW,BR005,MED126,Cefixime 100mg (NovaMed Laboratories),Antibiotics,7,49.0,0.61,3.021,LOW,NO_REORDER,0,NORMAL,LOW,MONITOR,No active issue: 49.0 days of cover: 7 units in stock at expected demand of 0.14 units/day,,0.0,0.0,0.0,0.0,0.0,0,100.0
2301,LOW,BR005,MED128,Ciprofloxacin 500mg (BlueCrest Pharma),Antibiotics,6,33.6,0.632,2.99,LOW,NO_REORDER,0,NORMAL,LOW,MONITOR,No active issue: 33.6 days of cover: 6 units in stock at expected demand of 0.18 units/day,,0.0,0.0,0.0,0.0,0.0,0,100.0
2302,LOW,BR005,MED130,Ciprofloxacin 250mg (LifeSpring Pharma),Antibiotics,28,18.67,8.779,37.887,LOW,NO_REORDER,0,NORMAL,MEDIUM,MONITOR,No active issue: 18.7 days of cover: 28 units in stock at expected demand of 1.50 units/day,,0.0,0.0,0.0,0.0,0.0,0,100.0
2303,LOW,BR005,MED131,Doxycycline 100mg (Aarogya Formulations),Antibiotics,13,20.22,3.791,17.643,LOW,NO_REORDER,0,NORMAL,LOW,MONITOR,No active issue: 20.2 days of cover: 13 units in stock at expected demand of 0.64 units/day,,0.0,0.0,0.0,0.0,0.0,0,100.0
2304,LOW,BR005,MED132,Doxycycline 100mg (ApexLife Pharma),Antibiotics,9,25.2,1.504,7.426,LOW,NO_REORDER,0,NORMAL,LOW,MONITOR,No active issue: 25.2 days of cover: 9 units in stock at expected demand of 0.36 units/day,,0.0,0.0,0.0,0.0,0.0,0,100.0
2305,LOW,BR005,MED133,Doxycycline 100mg (HealthAxis Pharma),Antibiotics,7,75.62,0.648,2.747,LOW,NO_REORDER,0,OVERSTOCK,LOW,REVIEW_OVERSTOCK,105 days of cover at the recent 0.07 units/day (limit 90): about -0 units above the limit,,0.0,0.0,-0.0,0.0,0.0,0,100.0
2306,LOW,BR005,MED134,Doxycycline 100mg (Summit Lifesciences),Antibiotics,10,21.54,2.746,13.412,LOW,NO_REORDER,0,NORMAL,LOW,MONITOR,No active issue: 21.5 days of cover: 10 units in stock at expected demand of 0.46 units/day,,0.0,0.0,0.0,0.0,0.0,0,100.0
2307,LOW,BR005,MED136,Mefenamic Acid 250mg (HealthAxis Pharma),Antipyretics,9,36.0,1.218,4.944,LOW,NO_REORDER,0,NORMAL,LOW,MONITOR,No active issue: 36.0 days of cover: 9 units in stock at expected demand of 0.25 units/day,,0.0,0.0,0.0,0.0,0.0,0,100.0
2308,LOW,BR005,MED138,Mefenamic Acid 250mg (NovaMed Laboratories),Antipyretics,25,25.0,6.606,28.409,LOW,NO_REORDER,0,NORMAL,LOW,MONITOR,No active issue: 25.0 days of cover: 25 units in stock at expected demand of 1.00 units/day,,0.0,0.0,0.0,0.0,0.0,0,100.0
2309,LOW,BR005,MED146,Mefenamic Acid 500mg (Summit Lifesciences),Antipyretics,6,73.04,0.575,2.344,LOW,NO_REORDER,0,NORMAL,LOW,MONITOR,No active issue: 73.0 days of cover: 6 units in stock at expected demand of 0.08 units/day,,0.0,0.0,0.0,0.0,0.0,0,100.0
2310,LOW,BR005,MED149,Paracetamol 650mg (Aarogya Formulations),Antipyretics,8,22.4,1.699,8.11,LOW,NO_REORDER,0,NORMAL,LOW,MONITOR,No active issue: 22.4 days of cover: 8 units in stock at expected demand of 0.36 units/day,,0.0,0.0,0.0,0.0,0.0,0,100.0
2311,LOW,BR005,MED150,Paracetamol 650mg (CarePlus Laboratories),Antipyretics,15,46.67,1.316,6.709,LOW,NO_REORDER,0,NORMAL,LOW,MONITOR,No active issue: 46.7 days of cover: 15 units in stock at expected demand of 0.32 units/day,,0.0,0.0,0.0,0.0,0.0,0,100.0
2312,LOW,BR005,MED151,Paracetamol Drops 100mg/ml (Aarogya Formulations),Antipyretics,12,30.55,2.128,10.464,LOW,NO_REORDER,0,NORMAL,LOW,MONITOR,No active issue: 30.5 days of cover: 12 units in stock at expected demand of 0.39 units/day,,0.0,0.0,0.0,0.0,0.0,0,100.0
2313,LOW,BR005,MED153,Paracetamol Suspension 250mg/5ml (BlueCrest Pharma),Antipyretics,4,37.33,0.597,2.776,LOW,NO_REORDER,0,NORMAL,MEDIUM,MONITOR,No active issue: 37.3 days of cover: 4 units in stock at expected demand of 0.11 units/day,,0.0,0.0,0.0,0.0,0.0,0,100.0
2314,LOW,BR005,MED156,Paracetamol Suspension 250mg/5ml (TrueLife Remedies),Antipyretics,11,34.22,1.064,5.227,LOW,NO_REORDER,0,NORMAL,LOW,MONITOR,No active issue: 34.2 days of cover: 11 units in stock at expected demand of 0.32 units/day,,0.0,0.0,0.0,0.0,0.0,0,100.0
2315,LOW,BR005,MED162,Cetirizine 10mg (ApexLife Pharma),Antihistamines,8,28.0,1.355,6.621,LOW,NO_REORDER,0,NORMAL,LOW,MONITOR,No active issue: 28.0 days of cover: 8 units in stock at expected demand of 0.29 units/day,,0.0,0.0,0.0,0.0,0.0,0,100.0
2316,LOW,BR005,MED164,Cetirizine 10mg (LifeSpring Pharma),Antihistamines,7,39.2,1.072,5.61,LOW,NO_REORDER,0,NORMAL,LOW,MONITOR,No active issue: 39.2 days of cover: 7 units in stock at expected demand of 0.18 units/day,,0.0,0.0,0.0,0.0,0.0,0,100.0
2317,LOW,BR005,MED165,Cetirizine 10mg (Stellar Formulations),Antihistamines,29,39.16,5.184,23.163,LOW,NO_REORDER,0,NORMAL,LOW,MONITOR,No active issue: 39.2 days of cover: 29 units in stock at expected demand of 0.74 units/day,,0.0,0.0,0.0,0.0,0.0,0,100.0
2318,LOW,BR005,MED167,Cetirizine 10mg (TrueLife Remedies),Antihistamines,33,19.66,11.091,48.706,LOW,NO_REORDER,0,NORMAL,LOW,MONITOR,No active issue: 19.7 days of cover: 33 units in stock at expected demand of 1.68 units/day,,0.0,0.0,0.0,0.0,0.0,0,100.0
2319,LOW,BR005,MED168,Cetirizine 5mg,Antihistamines,7,24.5,1.366,6.535,LOW,NO_REORDER,0,NORMAL,LOW,MONITOR,No active issue: 24.5 days of cover: 7 units in stock at expected demand of 0.29 units/day,,0.0,0.0,0.0,0.0,0.0,0,100.0
2320,LOW,BR005,MED170,Cetirizine 5mg (CureLine Healthcare),Antihistamines,5,79.01,0.443,1.911,LOW,NO_REORDER,0,OVERSTOCK,LOW,REVIEW_OVERSTOCK,5 units in stock and no units sold in the last 30 days; forecast demand would absorb the stock,,0.0,0.0,-0.0,0.0,0.0,0,100.0
2321,LOW,BR005,MED175,Chlorpheniramine 4mg (ApexLife Pharma),Antihistamines,7,94.59,0.518,2.595,LOW,NO_REORDER,0,OVERSTOCK,LOW,REVIEW_OVERSTOCK,105 days of cover at the recent 0.07 units/day (limit 90): about -0 units above the limit,,0.0,0.0,-0.0,0.0,0.0,0,100.0
2322,LOW,BR005,MED177,Chlorpheniramine 4mg (CarePlus Laboratories),Antihistamines,16,114.87,0.975,5.334,LOW,NO_REORDER,0,OVERSTOCK,LOW,REVIEW_OVERSTOCK,160 days of cover at the recent 0.10 units/day (limit 90): about -0 units above the limit,,0.0,0.0,-0.0,0.0,0.0,0,100.0
2323,LOW,BR005,MED182,Fexofenadine 120mg (BlueCrest Pharma),Antihistamines,30,30.07,6.984,32.652,LOW,NO_REORDER,0,NORMAL,MEDIUM,MONITOR,No active issue: 30.1 days of cover: 30 units in stock at expected demand of 1.00 units/day,,0.0,0.0,0.0,0.0,0.0,0,100.0
2324,LOW,BR005,MED183,Fexofenadine 120mg (CureLine Healthcare),Antihistamines,18,41.12,3.064,13.131,LOW,NO_REORDER,0,NORMAL,LOW,MONITOR,No active issue: 41.1 days of cover: 18 units in stock at expected demand of 0.44 units/day,,0.0,0.0,0.0,0.0,0.0,0,100.0
2325,LOW,BR005,MED184,Fexofenadine 120mg (LifeSpring Pharma),Antihistamines,12,30.55,2.125,11.337,LOW,NO_REORDER,0,NORMAL,LOW,MONITOR,No active issue: 30.5 days of cover: 12 units in stock at expected demand of 0.39 units/day,,0.0,0.0,0.0,0.0,0.0,0,100.0
2326,LOW,BR005,MED185,Fexofenadine 120mg (TrueLife Remedies),Antihistamines,10,93.33,0.726,3.716,LOW,NO_REORDER,0,NORMAL,LOW,MONITOR,No active issue: 93.3 days of cover: 10 units in stock at expected demand of 0.11 units/day,,0.0,0.0,0.0,0.0,0.0,0,100.0
2327,LOW,BR005,MED189,Fexofenadine 180mg (TrueLife Remedies),Antihistamines,8,44.8,1.004,5.251,LOW,NO_REORDER,0,NORMAL,LOW,MONITOR,No active issue: 44.8 days of cover: 8 units in stock at expected demand of 0.18 units/day,,0.0,0.0,0.0,0.0,0.0,0,100.0
2328,LOW,BR005,MED190,Levocetirizine 5mg (Aarogya Formulations),Antihistamines,18,72.0,1.42,7.667,LOW,NO_REORDER,0,NORMAL,LOW,MONITOR,No active issue: 72.0 days of cover: 18 units in stock at expected demand of 0.25 units/day,,0.0,0.0,0.0,0.0,0.0,0,100.0
2329,LOW,BR005,MED191,Levocetirizine 5mg (BlueCrest Pharma),Antihistamines,16,24.89,4.188,20.44,LOW,NO_REORDER,0,NORMAL,LOW,MONITOR,No active issue: 24.9 days of cover: 16 units in stock at expected demand of 0.64 units/day,,0.0,0.0,0.0,0.0,0.0,0,100.0
2330,LOW,BR005,MED192,Levocetirizine 5mg (CureLine Healthcare),Antihistamines,15,98.87,1.062,5.589,LOW,NO_REORDER,0,OVERSTOCK,LOW,REVIEW_OVERSTOCK,112 days of cover at the recent 0.13 units/day (limit 90): about -0 units above the limit,,0.0,0.0,-0.0,0.0,0.0,0,100.0
2331,LOW,BR005,MED194,Levocetirizine 5mg (NovaMed Laboratories),Antihistamines,15,33.15,3.167,14.403,LOW,NO_REORDER,0,NORMAL,LOW,MONITOR,No active issue: 33.2 days of cover: 15 units in stock at expected demand of 0.45 units/day,,0.0,0.0,0.0,0.0,0.0,0,100.0
2332,LOW,BR005,MED196,Levocetirizine 2.5mg,Antihistamines,14,98.0,0.905,5.215,LOW,NO_REORDER,0,OVERSTOCK,LOW,REVIEW_OVERSTOCK,105 days of cover at the recent 0.13 units/day (limit 90): about -0 units above the limit,,0.0,0.0,-0.0,0.0,0.0,0,100.0
2333,LOW,BR005,MED197,Levocetirizine 2.5mg (LifeSpring Pharma),Antihistamines,20,16.47,7.308,34.064,LOW,NO_REORDER,0,NORMAL,LOW,MONITOR,No active issue: 16.5 days of cover: 20 units in stock at expected demand of 1.21 units/day,,0.0,0.0,0.0,0.0,0.0,0,100.0
2334,LOW,BR005,MED200,Montelukast + Levocetirizine 10mg/5mg (HealthAxis Pharma),Antihistamines,14,19.6,3.561,18.127,LOW,NO_REORDER,0,NORMAL,LOW,MONITOR,No active issue: 19.6 days of cover: 14 units in stock at expected demand of 0.71 units/day,,0.0,0.0,0.0,0.0,0.0,0,100.0
2335,LOW,BR005,MED201,Montelukast + Levocetirizine 10mg/5mg (NovaMed Laboratories),Antihistamines,18,126.0,0.963,6.134,LOW,NO_REORDER,0,OVERSTOCK,LOW,REVIEW_OVERSTOCK,135 days of cover at the recent 0.13 units/day (limit 90): about -0 units above the limit,,0.0,0.0,-0.0,0.0,0.0,0,100.0
2336,LOW,BR005,MED202,Montelukast + Levocetirizine 10mg/5mg (Stellar Formulations),Antihistamines,22,22.44,6.863,31.215,LOW,NO_REORDER,0,NORMAL,LOW,MONITOR,No active issue: 22.4 days of cover: 22 units in stock at expected demand of 0.98 units/day,,0.0,0.0,0.0,0.0,0.0,0,100.0
2337,LOW,BR005,MED204,Montelukast + Levocetirizine 10mg/5mg (VitaCure Remedies),Antihistamines,22,88.0,1.575,8.844,LOW,NO_REORDER,0,OVERSTOCK,MEDIUM,REVIEW_OVERSTOCK,94 days of cover at the recent 0.23 units/day (limit 90): about -0 units above the limit,,0.0,0.0,-0.0,0.0,0.0,0,100.0
2338,LOW,BR005,MED207,Domperidone 10mg (CureLine Healthcare),Gastrointestinal,17,47.6,1.506,7.732,LOW,NO_REORDER,0,NORMAL,LOW,MONITOR,No active issue: 47.6 days of cover: 17 units in stock at expected demand of 0.36 units/day,,0.0,0.0,0.0,0.0,0.0,0,100.0
2339,LOW,BR005,MED209,Domperidone 10mg (LifeSpring Pharma),Gastrointestinal,11,38.5,1.14,5.869,LOW,NO_REORDER,0,NORMAL,LOW,MONITOR,No active issue: 38.5 days of cover: 11 units in stock at expected demand of 0.29 units/day,,0.0,0.0,0.0,0.0,0.0,0,100.0
2340,LOW,BR005,MED210,Domperidone 10mg (NovaMed Laboratories),Gastrointestinal,16,40.73,1.697,7.78,LOW,NO_REORDER,0,NORMAL,LOW,MONITOR,No active issue: 40.7 days of cover: 16 units in stock at expected demand of 0.39 units/day,,0.0,0.0,0.0,0.0,0.0,0,100.0
2341,LOW,BR005,MED213,Loperamide 2mg (LifeSpring Pharma),Gastrointestinal,9,84.0,0.564,2.959,LOW,NO_REORDER,0,NORMAL,LOW,MONITOR,No active issue: 84.0 days of cover: 9 units in stock at expected demand of 0.11 units/day,,0.0,0.0,0.0,0.0,0.0,0,100.0
2342,LOW,BR005,MED214,Omeprazole 20mg (Aarogya Formulations),Gastrointestinal,9,84.0,0.626,3.153,LOW,NO_REORDER,0,NORMAL,LOW,MONITOR,No active issue: 84.0 days of cover: 9 units in stock at expected demand of 0.11 units/day,,0.0,0.0,0.0,0.0,0.0,0,100.0
2343,LOW,BR005,MED217,Omeprazole 20mg (HealthAxis Pharma),Gastrointestinal,11,61.6,0.943,4.521,LOW,NO_REORDER,0,NORMAL,LOW,MONITOR,No active issue: 61.6 days of cover: 11 units in stock at expected demand of 0.18 units/day,,0.0,0.0,0.0,0.0,0.0,0,100.0
2344,LOW,BR005,MED218,Omeprazole 20mg (LifeSpring Pharma),Gastrointestinal,12,67.2,0.948,4.619,LOW,NO_REORDER,0,NORMAL,LOW,MONITOR,No active issue: 67.2 days of cover: 12 units in stock at expected demand of 0.18 units/day,,0.0,0.0,0.0,0.0,0.0,0,100.0
2345,LOW,BR005,MED220,Omeprazole 20mg (VitaCure Remedies),Gastrointestinal,12,48.0,0.842,4.076,LOW,NO_REORDER,0,NORMAL,LOW,MONITOR,No active issue: 48.0 days of cover: 12 units in stock at expected demand of 0.25 units/day,,0.0,0.0,0.0,0.0,0.0,0,100.0
2346,LOW,BR005,MED221,Omeprazole 40mg,Gastrointestinal,9,82.25,0.766,3.784,LOW,NO_REORDER,0,NORMAL,LOW,MONITOR,No active issue: 82.2 days of cover: 9 units in stock at expected demand of 0.11 units/day,,0.0,0.0,0.0,0.0,0.0,0,100.0
2347,LOW,BR005,MED223,Omeprazole 40mg (LifeSpring Pharma),Gastrointestinal,21,15.08,7.607,33.954,LOW,NO_REORDER,0,NORMAL,LOW,MONITOR,No active issue: 15.1 days of cover: 21 units in stock at expected demand of 1.39 units/day,,0.0,0.0,0.0,0.0,0.0,0,100.0
2348,LOW,BR005,MED225,Omeprazole 40mg (TrueLife Remedies),Gastrointestinal,7,32.67,0.753,3.899,LOW,NO_REORDER,0,NORMAL,LOW,MONITOR,No active issue: 32.7 days of cover: 7 units in stock at expected demand of 0.21 units/day,,0.0,0.0,0.0,0.0,0.0,0,100.0
2349,LOW,BR005,MED226,Ondansetron 4mg (Aarogya Formulations),Gastrointestinal,15,28.0,2.835,14.214,LOW,NO_REORDER,0,NORMAL,LOW,MONITOR,No active issue: 28.0 days of cover: 15 units in stock at expected demand of 0.54 units/day,,0.0,0.0,0.0,0.0,0.0,0,100.0
2350,LOW,BR005,MED230,Ondansetron 4mg (LifeSpring Pharma),Gastrointestinal,10,46.67,0.773,4.202,LOW,NO_REORDER,0,NORMAL,LOW,MONITOR,No active issue: 46.7 days of cover: 10 units in stock at expected demand of 0.21 units/day,,0.0,0.0,0.0,0.0,0.0,0,100.0
2351,LOW,BR005,MED231,Ondansetron 4mg (NovaMed Laboratories),Gastrointestinal,6,16.8,1.585,8.568,LOW,NO_REORDER,0,NORMAL,LOW,MONITOR,No active issue: 16.8 days of cover: 6 units in stock at expected demand of 0.36 units/day,,0.0,0.0,0.0,0.0,0.0,0,100.0
2352,LOW,BR005,MED233,Ondansetron 4mg (Summit Lifesciences),Gastrointestinal,11,61.6,0.729,3.634,LOW,NO_REORDER,0,NORMAL,LOW,MONITOR,No active issue: 61.6 days of cover: 11 units in stock at expected demand of 0.18 units/day,,0.0,0.0,0.0,0.0,0.0,0,100.0
2353,LOW,BR005,MED234,Ondansetron 4mg (VitaCure Remedies),Gastrointestinal,35,23.9,9.276,41.581,LOW,NO_REORDER,0,NORMAL,LOW,MONITOR,No active issue: 23.9 days of cover: 35 units in stock at expected demand of 1.46 units/day,,0.0,0.0,0.0,0.0,0.0,0,100.0
2354,LOW,BR005,MED236,Ondansetron 8mg (LifeSpring Pharma),Gastrointestinal,117,16.3,47.686,212.163,LOW,NO_REORDER,0,NORMAL,LOW,MONITOR,No active issue: 16.3 days of cover: 117 units in stock at expected demand of 7.18 units/day,,0.0,0.0,0.0,0.0,0.0,0,100.0
2355,LOW,BR005,MED237,Ondansetron 8mg (TrueLife Remedies),Gastrointestinal,8,44.8,0.701,3.61,LOW,NO_REORDER,0,NORMAL,LOW,MONITOR,No active issue: 44.8 days of cover: 8 units in stock at expected demand of 0.18 units/day,,0.0,0.0,0.0,0.0,0.0,0,100.0
2356,LOW,BR005,MED238,Ondansetron 8mg (VitaCure Remedies),Gastrointestinal,14,39.2,1.97,9.374,LOW,NO_REORDER,0,NORMAL,LOW,MONITOR,No active issue: 39.2 days of cover: 14 units in stock at expected demand of 0.36 units/day,,0.0,0.0,0.0,0.0,0.0,0,100.0
2357,LOW,BR005,MED241,ORS Powder 21.8g (Stellar Formulations),Gastrointestinal,39,27.3,9.154,41.509,LOW,NO_REORDER,0,NORMAL,LOW,MONITOR,No active issue: 27.3 days of cover: 39 units in stock at expected demand of 1.43 units/day,,0.0,0.0,0.0,0.0,0.0,0,100.0
2358,LOW,BR005,MED244,ORS Powder 21.8g (VitaCure Remedies),Gastrointestinal,15,110.99,0.946,4.222,LOW,NO_REORDER,0,NORMAL,LOW,MONITOR,No active issue: 111.0 days of cover: 15 units in stock at expected demand of 0.14 units/day,,0.0,0.0,0.0,0.0,0.0,0,100.0
2359,LOW,BR005,MED246,Pantoprazole 40mg (CarePlus Laboratories),Gastrointestinal,12,24.0,2.195,10.432,LOW,NO_REORDER,0,NORMAL,LOW,MONITOR,No active issue: 24.0 days of cover: 12 units in stock at expected demand of 0.50 units/day,,0.0,0.0,0.0,0.0,0.0,0,100.0
2360,LOW,BR005,MED247,Pantoprazole 40mg (NovaMed Laboratories),Gastrointestinal,30,28.97,6.969,32.861,LOW,NO_REORDER,0,NORMAL,LOW,MONITOR,No active issue: 29.0 days of cover: 30 units in stock at expected demand of 1.04 units/day,,0.0,0.0,0.0,0.0,0.0,0,100.0
2361,LOW,BR005,MED249,Pantoprazole 20mg,Gastrointestinal,29,23.88,7.527,34.596,LOW,NO_REORDER,0,NORMAL,LOW,MONITOR,No active issue: 23.9 days of cover: 29 units in stock at expected demand of 1.21 units/day,,0.0,0.0,0.0,0.0,0.0,0,100.0
2362,LOW,BR005,MED250,Pantoprazole 20mg (ApexLife Pharma),Gastrointestinal,10,20.0,2.707,12.369,LOW,NO_REORDER,0,NORMAL,LOW,MONITOR,No active issue: 20.0 days of cover: 10 units in stock at expected demand of 0.50 units/day,,0.0,0.0,0.0,0.0,0.0,0,100.0
2363,LOW,BR005,MED251,Pantoprazole 20mg (BlueCrest Pharma),Gastrointestinal,5,20.0,0.96,4.486,LOW,NO_REORDER,0,NORMAL,LOW,MONITOR,No active issue: 20.0 days of cover: 5 units in stock at expected demand of 0.25 units/day,,0.0,0.0,0.0,0.0,0.0,0,100.0
2364,LOW,BR005,MED252,Pantoprazole 20mg (CarePlus Laboratories),Gastrointestinal,8,28.0,0.974,4.452,LOW,NO_REORDER,0,NORMAL,LOW,MONITOR,No active issue: 28.0 days of cover: 8 units in stock at expected demand of 0.29 units/day,,0.0,0.0,0.0,0.0,0.0,0,100.0
2365,LOW,BR005,MED253,Pantoprazole 20mg (Stellar Formulations),Gastrointestinal,9,63.0,0.713,3.733,LOW,NO_REORDER,0,NORMAL,LOW,MONITOR,No active issue: 63.0 days of cover: 9 units in stock at expected demand of 0.14 units/day,,0.0,0.0,0.0,0.0,0.0,0,100.0
2366,LOW,BR005,MED255,Pantoprazole 20mg (VitaCure Remedies),Gastrointestinal,11,61.6,1.132,4.346,LOW,NO_REORDER,0,NORMAL,LOW,MONITOR,No active issue: 61.6 days of cover: 11 units in stock at expected demand of 0.18 units/day,,0.0,0.0,0.0,0.0,0.0,0,100.0
2367,LOW,BR005,MED256,Amlodipine 5mg (BlueCrest Pharma),Cardiovascular,30,26.25,7.586,37.544,LOW,NO_REORDER,0,NORMAL,LOW,MONITOR,No active issue: 26.2 days of cover: 30 units in stock at expected demand of 1.14 units/day,,0.0,0.0,0.0,0.0,0.0,0,100.0
2368,LOW,BR005,MED257,Amlodipine 5mg (LifeSpring Pharma),Cardiovascular,31,31.01,6.997,33.247,LOW,NO_REORDER,0,NORMAL,LOW,MONITOR,No active issue: 31.0 days of cover: 31 units in stock at expected demand of 1.00 units/day,,0.0,0.0,0.0,0.0,0.0,0,100.0
2369,LOW,BR005,MED258,Amlodipine 5mg (NovaMed Laboratories),Cardiovascular,17,79.33,1.211,6.084,LOW,NO_REORDER,0,NORMAL,LOW,MONITOR,No active issue: 79.3 days of cover: 17 units in stock at expected demand of 0.21 units/day,,0.0,0.0,0.0,0.0,0.0,0,100.0
2370,LOW,BR005,MED259,Amlodipine 5mg (Stellar Formulations),Cardiovascular,11,61.6,0.825,4.128,LOW,NO_REORDER,0,NORMAL,LOW,MONITOR,No active issue: 61.6 days of cover: 11 units in stock at expected demand of 0.18 units/day,,0.0,0.0,0.0,0.0,0.0,0,100.0
2371,LOW,BR005,MED262,Amlodipine 2.5mg (LifeSpring Pharma),Cardiovascular,20,24.35,5.252,23.296,LOW,NO_REORDER,0,NORMAL,LOW,MONITOR,No active issue: 24.3 days of cover: 20 units in stock at expected demand of 0.82 units/day,,0.0,0.0,0.0,0.0,0.0,0,100.0
2372,LOW,BR005,MED263,Amlodipine 2.5mg (Stellar Formulations),Cardiovascular,19,40.92,2.479,11.997,LOW,NO_REORDER,0,NORMAL,LOW,MONITOR,No active issue: 40.9 days of cover: 19 units in stock at expected demand of 0.46 units/day,,0.0,0.0,0.0,0.0,0.0,0,100.0
2373,LOW,BR005,MED264,Amlodipine 2.5mg (Summit Lifesciences),Cardiovascular,37,19.92,8.915,44.345,LOW,NO_REORDER,0,NORMAL,LOW,MONITOR,No active issue: 19.9 days of cover: 37 units in stock at expected demand of 1.86 units/day,,0.0,0.0,0.0,0.0,0.0,0,100.0
2374,LOW,BR005,MED265,Amlodipine 2.5mg (TrueLife Remedies),Cardiovascular,80,18.69,29.967,126.174,LOW,NO_REORDER,0,NORMAL,LOW,MONITOR,No active issue: 18.7 days of cover: 80 units in stock at expected demand of 4.28 units/day,,0.0,0.0,0.0,0.0,0.0,0,100.0
2375,LOW,BR005,MED270,Aspirin 75mg (Aarogya Formulations),Cardiovascular,34,16.7,10.956,52.789,LOW,NO_REORDER,0,NORMAL,LOW,MONITOR,No active issue: 16.7 days of cover: 34 units in stock at expected demand of 2.04 units/day,,0.0,0.0,0.0,0.0,0.0,0,100.0
2376,LOW,BR005,MED275,Aspirin 75mg (NovaMed Laboratories),Cardiovascular,12,37.33,1.465,6.963,LOW,NO_REORDER,0,NORMAL,LOW,MONITOR,No active issue: 37.3 days of cover: 12 units in stock at expected demand of 0.32 units/day,,0.0,0.0,0.0,0.0,0.0,0,100.0
2377,LOW,BR005,MED276,Aspirin 75mg (Stellar Formulations),Cardiovascular,65,39.25,11.593,51.397,LOW,NO_REORDER,0,NORMAL,LOW,MONITOR,No active issue: 39.2 days of cover: 65 units in stock at expected demand of 1.66 units/day,,0.0,0.0,0.0,0.0,0.0,0,100.0
2378,LOW,BR005,MED277,Aspirin 150mg,Cardiovascular,4,81.4,0.344,1.676,LOW,NO_REORDER,0,OVERSTOCK,LOW,REVIEW_OVERSTOCK,4 units in stock and no units sold in the last 30 days; forecast demand would absorb the stock,,0.0,0.0,-0.0,0.0,0.0,0,100.0
2379,LOW,BR005,MED281,Atorvastatin 10mg (Aarogya Formulations),Cardiovascular,9,42.0,0.926,5.229,LOW,NO_REORDER,0,NORMAL,LOW,MONITOR,No active issue: 42.0 days of cover: 9 units in stock at expected demand of 0.21 units/day,,0.0,0.0,0.0,0.0,0.0,0,100.0
2380,LOW,BR005,MED282,Atorvastatin 10mg (ApexLife Pharma),Cardiovascular,11,25.67,1.628,8.591,LOW,NO_REORDER,0,NORMAL,LOW,MONITOR,No active issue: 25.7 days of cover: 11 units in stock at expected demand of 0.43 units/day,,0.0,0.0,0.0,0.0,0.0,0,100.0
2381,LOW,BR005,MED284,Atorvastatin 10mg (Summit Lifesciences),Cardiovascular,43,30.52,9.863,45.821,LOW,NO_REORDER,0,NORMAL,MEDIUM,MONITOR,No active issue: 30.5 days of cover: 43 units in stock at expected demand of 1.41 units/day,,0.0,0.0,0.0,0.0,0.0,0,100.0
2382,LOW,BR005,MED287,Atorvastatin 20mg (CarePlus Laboratories),Cardiovascular,10,15.56,3.391,16.746,LOW,NO_REORDER,0,NORMAL,LOW,MONITOR,No active issue: 15.6 days of cover: 10 units in stock at expected demand of 0.64 units/day,,0.0,0.0,0.0,0.0,0.0,0,100.0
2383,LOW,BR005,MED290,Atorvastatin 40mg (LifeSpring Pharma),Cardiovascular,4,28.0,0.474,2.578,LOW,NO_REORDER,0,NORMAL,LOW,MONITOR,No active issue: 28.0 days of cover: 4 units in stock at expected demand of 0.14 units/day,,0.0,0.0,0.0,0.0,0.0,0,100.0
2384,LOW,BR005,MED291,Atorvastatin 40mg (VitaCure Remedies),Cardiovascular,14,98.0,0.858,5.352,LOW,NO_REORDER,0,OVERSTOCK,LOW,REVIEW_OVERSTOCK,105 days of cover at the recent 0.13 units/day (limit 90): about -0 units above the limit,,0.0,0.0,-0.0,0.0,0.0,0,100.0
2385,LOW,BR005,MED293,Clopidogrel 75mg (BlueCrest Pharma),Cardiovascular,19,106.31,1.251,6.94,LOW,NO_REORDER,0,OVERSTOCK,LOW,REVIEW_OVERSTOCK,95 days of cover at the recent 0.20 units/day (limit 90): about -0 units above the limit,,0.0,0.0,-0.0,0.0,0.0,0,100.0
2386,LOW,BR005,MED294,Clopidogrel 75mg (CureLine Healthcare),Cardiovascular,17,36.62,2.047,11.455,LOW,NO_REORDER,0,NORMAL,LOW,MONITOR,No active issue: 36.6 days of cover: 17 units in stock at expected demand of 0.46 units/day,,0.0,0.0,0.0,0.0,0.0,0,100.0
2387,LOW,BR005,MED295,Clopidogrel 75mg (NovaMed Laboratories),Cardiovascular,9,36.0,0.859,4.704,LOW,NO_REORDER,0,NORMAL,LOW,MONITOR,No active issue: 36.0 days of cover: 9 units in stock at expected demand of 0.25 units/day,,0.0,0.0,0.0,0.0,0.0,0,100.0
2388,LOW,BR005,MED296,Clopidogrel 75mg (Stellar Formulations),Cardiovascular,17,34.0,1.589,9.967,LOW,NO_REORDER,0,NORMAL,LOW,MONITOR,No active issue: 34.0 days of cover: 17 units in stock at expected demand of 0.50 units/day,,0.0,0.0,0.0,0.0,0.0,0,100.0
2389,LOW,BR005,MED298,Losartan 50mg (CarePlus Laboratories),Cardiovascular,17,95.2,1.158,6.57,LOW,NO_REORDER,0,OVERSTOCK,LOW,REVIEW_OVERSTOCK,102 days of cover at the recent 0.17 units/day (limit 90): about -0 units above the limit,,0.0,0.0,-0.0,0.0,0.0,0,100.0
2390,LOW,BR005,MED300,Losartan 25mg,Cardiovascular,9,84.0,0.677,3.821,LOW,NO_REORDER,0,NORMAL,LOW,MONITOR,No active issue: 84.0 days of cover: 9 units in stock at expected demand of 0.11 units/day,,0.0,0.0,0.0,0.0,0.0,0,100.0
2391,LOW,BR005,MED302,Losartan 25mg (HealthAxis Pharma),Cardiovascular,18,16.8,6.283,30.186,LOW,NO_REORDER,0,NORMAL,LOW,MONITOR,No active issue: 16.8 days of cover: 18 units in stock at expected demand of 1.07 units/day,,0.0,0.0,0.0,0.0,0.0,0,100.0
2392,LOW,BR005,MED303,Losartan 25mg (NovaMed Laboratories),Cardiovascular,18,114.03,1.105,6.578,LOW,NO_REORDER,0,NORMAL,LOW,MONITOR,No active issue: 114.0 days of cover: 18 units in stock at expected demand of 0.16 units/day,,0.0,0.0,0.0,0.0,0.0,0,100.0
2393,LOW,BR005,MED307,Metoprolol 50mg (BlueCrest Pharma),Cardiovascular,91,22.38,28.466,122.008,LOW,NO_REORDER,0,NORMAL,LOW,MONITOR,No active issue: 22.4 days of cover: 91 units in stock at expected demand of 4.07 units/day,,0.0,0.0,0.0,0.0,0.0,0,100.0
2394,LOW,BR005,MED308,Metoprolol 50mg (CureLine Healthcare),Cardiovascular,16,74.67,1.301,7.272,LOW,NO_REORDER,0,NORMAL,LOW,MONITOR,No active issue: 74.7 days of cover: 16 units in stock at expected demand of 0.21 units/day,,0.0,0.0,0.0,0.0,0.0,0,100.0
2395,LOW,BR005,MED309,Metoprolol 50mg (NovaMed Laboratories),Cardiovascular,11,23.69,1.365,6.468,LOW,NO_REORDER,0,NORMAL,LOW,MONITOR,No active issue: 23.7 days of cover: 11 units in stock at expected demand of 0.46 units/day,,0.0,0.0,0.0,0.0,0.0,0,100.0
2396,LOW,BR005,MED310,Metoprolol 25mg,Cardiovascular,28,18.67,8.814,41.377,LOW,NO_REORDER,0,NORMAL,LOW,MONITOR,No active issue: 18.7 days of cover: 28 units in stock at expected demand of 1.50 units/day,,0.0,0.0,0.0,0.0,0.0,0,100.0
2397,LOW,BR005,MED314,Rosuvastatin 10mg (BlueCrest Pharma),Cardiovascular,40,28.0,9.532,45.152,LOW,NO_REORDER,0,NORMAL,LOW,MONITOR,No active issue: 28.0 days of cover: 40 units in stock at expected demand of 1.43 units/day,,0.0,0.0,0.0,0.0,0.0,0,100.0
2398,LOW,BR005,MED316,Rosuvastatin 10mg (Summit Lifesciences),Cardiovascular,28,17.42,9.408,42.463,LOW,NO_REORDER,0,NORMAL,LOW,MONITOR,No active issue: 17.4 days of cover: 28 units in stock at expected demand of 1.61 units/day,,0.0,0.0,0.0,0.0,0.0,0,100.0
2399,LOW,BR005,MED317,Rosuvastatin 5mg,Cardiovascular,18,45.82,1.928,10.888,LOW,NO_REORDER,0,NORMAL,LOW,MONITOR,No active issue: 45.8 days of cover: 18 units in stock at expected demand of 0.39 units/day,,0.0,0.0,0.0,0.0,0.0,0,100.0
2400,LOW,BR005,MED320,Rosuvastatin 5mg (Stellar Formulations),Cardiovascular,29,27.07,7.286,34.555,LOW,NO_REORDER,0,NORMAL,LOW,MONITOR,No active issue: 27.1 days of cover: 29 units in stock at expected demand of 1.07 units/day,,0.0,0.0,0.0,0.0,0.0,0,100.0
2401,LOW,BR005,MED324,Rosuvastatin 20mg (Stellar Formulations),Cardiovascular,28,23.06,7.453,36.52,LOW,NO_REORDER,0,NORMAL,LOW,MONITOR,No active issue: 23.1 days of cover: 28 units in stock at expected demand of 1.21 units/day,,0.0,0.0,0.0,0.0,0.0,0,100.0
2402,LOW,BR005,MED329,Telmisartan 40mg (NovaMed Laboratories),Cardiovascular,36,15.04,13.744,62.845,LOW,NO_REORDER,0,NORMAL,LOW,MONITOR,No active issue: 15.0 days of cover: 36 units in stock at expected demand of 2.39 units/day,,0.0,0.0,0.0,0.0,0.0,0,100.0
2403,LOW,BR005,MED331,Telmisartan 40mg (VitaCure Remedies),Cardiovascular,18,50.4,1.712,9.286,LOW,NO_REORDER,0,NORMAL,LOW,MONITOR,No active issue: 50.4 days of cover: 18 units in stock at expected demand of 0.36 units/day,,0.0,0.0,0.0,0.0,0.0,0,100.0
2404,LOW,BR005,MED332,Telmisartan 20mg,Cardiovascular,30,15.27,9.873,46.605,LOW,NO_REORDER,0,NORMAL,LOW,MONITOR,No active issue: 15.3 days of cover: 30 units in stock at expected demand of 1.96 units/day,,0.0,0.0,0.0,0.0,0.0,0,100.0
2405,LOW,BR005,MED334,Telmisartan 20mg (LifeSpring Pharma),Cardiovascular,7,39.2,0.592,2.855,LOW,NO_REORDER,0,NORMAL,LOW,MONITOR,No active issue: 39.2 days of cover: 7 units in stock at expected demand of 0.18 units/day,,0.0,0.0,0.0,0.0,0.0,0,100.0
2406,LOW,BR005,MED336,Telmisartan 80mg,Cardiovascular,17,68.0,1.294,7.066,LOW,NO_REORDER,0,NORMAL,LOW,MONITOR,No active issue: 68.0 days of cover: 17 units in stock at expected demand of 0.25 units/day,,0.0,0.0,0.0,0.0,0.0,0,100.0
2407,LOW,BR005,MED337,Telmisartan 80mg (ApexLife Pharma),Cardiovascular,21,39.2,1.693,9.512,LOW,NO_REORDER,0,NORMAL,LOW,MONITOR,No active issue: 39.2 days of cover: 21 units in stock at expected demand of 0.54 units/day,,0.0,0.0,0.0,0.0,0.0,0,100.0
2408,LOW,BR005,MED338,Telmisartan 80mg (BlueCrest Pharma),Cardiovascular,23,16.51,7.91,38.764,LOW,NO_REORDER,0,NORMAL,LOW,MONITOR,No active issue: 16.5 days of cover: 23 units in stock at expected demand of 1.39 units/day,,0.0,0.0,0.0,0.0,0.0,0,100.0
2409,LOW,BR005,MED339,Telmisartan 80mg (CureLine Healthcare),Cardiovascular,11,25.67,1.785,8.713,LOW,NO_REORDER,0,NORMAL,LOW,MONITOR,No active issue: 25.7 days of cover: 11 units in stock at expected demand of 0.43 units/day,,0.0,0.0,0.0,0.0,0.0,0,100.0
2410,LOW,BR005,MED340,Telmisartan 80mg (NovaMed Laboratories),Cardiovascular,8,16.0,2.18,11.854,LOW,NO_REORDER,0,NORMAL,LOW,MONITOR,No active issue: 16.0 days of cover: 8 units in stock at expected demand of 0.50 units/day,,0.0,0.0,0.0,0.0,0.0,0,100.0
2411,LOW,BR005,MED342,Telmisartan 80mg (Summit Lifesciences),Cardiovascular,14,30.15,2.627,12.437,LOW,NO_REORDER,0,NORMAL,LOW,MONITOR,No active issue: 30.2 days of cover: 14 units in stock at expected demand of 0.46 units/day,,0.0,0.0,0.0,0.0,0.0,0,100.0
2412,LOW,BR005,MED343,Telmisartan 80mg (TrueLife Remedies),Cardiovascular,26,28.53,6.379,31.071,LOW,NO_REORDER,0,NORMAL,LOW,MONITOR,No active issue: 28.5 days of cover: 26 units in stock at expected demand of 0.91 units/day,,0.0,0.0,0.0,0.0,0.0,0,100.0
2413,LOW,BR005,MED344,Gliclazide 80mg (Aarogya Formulations),Antidiabetic,36,16.52,14.214,60.239,LOW,NO_REORDER,0,NORMAL,LOW,MONITOR,No active issue: 16.5 days of cover: 36 units in stock at expected demand of 2.18 units/day,,0.0,0.0,0.0,0.0,0.0,0,100.0
2414,LOW,BR005,MED346,Gliclazide 80mg (CarePlus Laboratories),Antidiabetic,27,32.33,5.846,26.587,LOW,NO_REORDER,0,NORMAL,LOW,MONITOR,No active issue: 32.3 days of cover: 27 units in stock at expected demand of 0.84 units/day,,0.0,0.0,0.0,0.0,0.0,0,100.0
2415,LOW,BR005,MED351,Gliclazide 40mg (Lumina Pharma),Antidiabetic,17,28.0,3.209,14.922,LOW,NO_REORDER,0,NORMAL,LOW,MONITOR,No active issue: 28.0 days of cover: 17 units in stock at expected demand of 0.61 units/day,,0.0,0.0,0.0,0.0,0.0,0,100.0
2416,LOW,BR005,MED353,Gliclazide 40mg (Stellar Formulations),Antidiabetic,6,42.0,0.787,4.863,LOW,NO_REORDER,0,NORMAL,LOW,MONITOR,No active issue: 42.0 days of cover: 6 units in stock at expected demand of 0.14 units/day,,0.0,0.0,0.0,0.0,0.0,0,100.0
2417,LOW,BR005,MED354,Gliclazide 40mg (Summit Lifesciences),Antidiabetic,53,17.31,21.429,91.401,LOW,NO_REORDER,0,NORMAL,LOW,MONITOR,No active issue: 17.3 days of cover: 53 units in stock at expected demand of 3.06 units/day,,0.0,0.0,0.0,0.0,0.0,0,100.0
2418,LOW,BR005,MED355,Glimepiride 2mg (BlueCrest Pharma),Antidiabetic,19,106.49,1.249,7.715,LOW,NO_REORDER,0,OVERSTOCK,MEDIUM,REVIEW_OVERSTOCK,142 days of cover at the recent 0.13 units/day (limit 90): about -0 units above the limit,,0.0,0.0,-0.0,0.0,0.0,0,100.0
2419,LOW,BR005,MED357,Glimepiride 2mg (Stellar Formulations),Antidiabetic,30,16.15,10.921,46.772,LOW,NO_REORDER,0,NORMAL,LOW,MONITOR,No active issue: 16.2 days of cover: 30 units in stock at expected demand of 1.86 units/day,,0.0,0.0,0.0,0.0,0.0,0,100.0
2420,LOW,BR005,MED358,Glimepiride 2mg (VitaCure Remedies),Antidiabetic,37,21.58,10.206,48.664,LOW,NO_REORDER,0,NORMAL,LOW,MONITOR,No active issue: 21.6 days of cover: 37 units in stock at expected demand of 1.71 units/day,,0.0,0.0,0.0,0.0,0.0,0,100.0
2421,LOW,BR005,MED359,Glimepiride 1mg,Antidiabetic,11,38.5,1.105,5.428,LOW,NO_REORDER,0,NORMAL,LOW,MONITOR,No active issue: 38.5 days of cover: 11 units in stock at expected demand of 0.29 units/day,,0.0,0.0,0.0,0.0,0.0,0,100.0
2422,LOW,BR005,MED360,Glimepiride 1mg (CarePlus Laboratories),Antidiabetic,30,17.87,9.649,44.939,LOW,NO_REORDER,0,NORMAL,LOW,MONITOR,No active issue: 17.9 days of cover: 30 units in stock at expected demand of 1.68 units/day,,0.0,0.0,0.0,0.0,0.0,0,100.0
2423,LOW,BR005,MED361,Glimepiride 1mg (CureLine Healthcare),Antidiabetic,23,14.98,8.144,39.163,LOW,NO_REORDER,0,NORMAL,LOW,MONITOR,No active issue: 15.0 days of cover: 23 units in stock at expected demand of 1.54 units/day,,0.0,0.0,0.0,0.0,0.0,0,100.0
2424,LOW,BR005,MED363,Glimepiride 1mg (Summit Lifesciences),Antidiabetic,16,22.4,3.765,18.575,LOW,NO_REORDER,0,NORMAL,LOW,MONITOR,No active issue: 22.4 days of cover: 16 units in stock at expected demand of 0.71 units/day,,0.0,0.0,0.0,0.0,0.0,0,100.0
2425,LOW,BR005,MED365,Glimepiride 3mg,Antidiabetic,14,78.4,1.16,6.081,LOW,NO_REORDER,0,NORMAL,MEDIUM,MONITOR,No active issue: 78.4 days of cover: 14 units in stock at expected demand of 0.18 units/day,,0.0,0.0,0.0,0.0,0.0,0,100.0
2426,LOW,BR005,MED367,Glimepiride 3mg (CureLine Healthcare),Antidiabetic,19,33.25,3.323,15.125,LOW,NO_REORDER,0,NORMAL,LOW,MONITOR,No active issue: 33.2 days of cover: 19 units in stock at expected demand of 0.57 units/day,,0.0,0.0,0.0,0.0,0.0,0,100.0
2427,LOW,BR005,MED369,Glimepiride 3mg (Stellar Formulations),Antidiabetic,14,49.0,1.404,7.375,LOW,NO_REORDER,0,NORMAL,LOW,MONITOR,No active issue: 49.0 days of cover: 14 units in stock at expected demand of 0.29 units/day,,0.0,0.0,0.0,0.0,0.0,0,100.0
2428,LOW,BR005,MED370,Glimepiride 3mg (Summit Lifesciences),Antidiabetic,14,78.4,1.068,5.209,LOW,NO_REORDER,0,NORMAL,LOW,MONITOR,No active issue: 78.4 days of cover: 14 units in stock at expected demand of 0.18 units/day,,0.0,0.0,0.0,0.0,0.0,0,100.0
2429,LOW,BR005,MED371,Glimepiride 3mg (TrueLife Remedies),Antidiabetic,4,22.4,0.66,3.624,LOW,NO_REORDER,0,NORMAL,LOW,MONITOR,No active issue: 22.4 days of cover: 4 units in stock at expected demand of 0.18 units/day,,0.0,0.0,0.0,0.0,0.0,0,100.0
2430,LOW,BR005,MED372,Glimepiride 3mg (VitaCure Remedies),Antidiabetic,12,112.0,0.654,3.42,LOW,NO_REORDER,0,NORMAL,LOW,MONITOR,No active issue: 112.0 days of cover: 12 units in stock at expected demand of 0.11 units/day,,0.0,0.0,0.0,0.0,0.0,0,100.0
2431,LOW,BR005,MED375,Glimepiride + Metformin 2mg/500mg (Summit Lifesciences),Antidiabetic,4,28.0,0.452,2.322,LOW,NO_REORDER,0,NORMAL,LOW,MONITOR,No active issue: 28.0 days of cover: 4 units in stock at expected demand of 0.14 units/day,,0.0,0.0,0.0,0.0,0.0,0,100.0
2432,LOW,BR005,MED376,Glimepiride + Metformin 1mg/500mg,Antidiabetic,15,52.5,1.402,6.969,LOW,NO_REORDER,0,NORMAL,LOW,MONITOR,No active issue: 52.5 days of cover: 15 units in stock at expected demand of 0.29 units/day,,0.0,0.0,0.0,0.0,0.0,0,100.0
2433,LOW,BR005,MED377,Glimepiride + Metformin 1mg/500mg (CarePlus Laboratories),Antidiabetic,9,21.0,1.339,6.924,LOW,NO_REORDER,0,NORMAL,LOW,MONITOR,No active issue: 21.0 days of cover: 9 units in stock at expected demand of 0.43 units/day,,0.0,0.0,0.0,0.0,0.0,0,100.0
2434,LOW,BR005,MED378,Glimepiride + Metformin 1mg/500mg (Stellar Formulations),Antidiabetic,16,19.48,4.271,20.413,LOW,NO_REORDER,0,NORMAL,LOW,MONITOR,No active issue: 19.5 days of cover: 16 units in stock at expected demand of 0.82 units/day,,0.0,0.0,0.0,0.0,0.0,0,100.0
2435,LOW,BR005,MED379,Glimepiride + Metformin 1mg/500mg (Summit Lifesciences),Antidiabetic,9,28.0,1.249,7.291,LOW,NO_REORDER,0,NORMAL,LOW,MONITOR,No active issue: 28.0 days of cover: 9 units in stock at expected demand of 0.32 units/day,,0.0,0.0,0.0,0.0,0.0,0,100.0
2436,LOW,BR005,MED380,Glimepiride + Metformin 1mg/500mg (VitaCure Remedies),Antidiabetic,45,31.5,9.632,45.296,LOW,NO_REORDER,0,NORMAL,MEDIUM,MONITOR,No active issue: 31.5 days of cover: 45 units in stock at expected demand of 1.43 units/day,,0.0,0.0,0.0,0.0,0.0,0,100.0
2437,LOW,BR005,MED382,Metformin 500mg (CureLine Healthcare),Antidiabetic,8,32.0,1.188,5.743,LOW,NO_REORDER,0,NORMAL,LOW,MONITOR,No active issue: 32.0 days of cover: 8 units in stock at expected demand of 0.25 units/day,,0.0,0.0,0.0,0.0,0.0,0,100.0
2438,LOW,BR005,MED384,Metformin 500mg (TrueLife Remedies),Antidiabetic,10,31.11,1.212,7.215,LOW,NO_REORDER,0,NORMAL,LOW,MONITOR,No active issue: 31.1 days of cover: 10 units in stock at expected demand of 0.32 units/day,,0.0,0.0,0.0,0.0,0.0,0,100.0
2439,LOW,BR005,MED387,Metformin 850mg (Stellar Formulations),Antidiabetic,6,28.0,0.715,4.08,LOW,NO_REORDER,0,NORMAL,LOW,MONITOR,No active issue: 28.0 days of cover: 6 units in stock at expected demand of 0.21 units/day,,0.0,0.0,0.0,0.0,0.0,0,100.0
2440,LOW,BR005,MED388,Metformin 850mg (VitaCure Remedies),Antidiabetic,9,19.38,1.229,6.309,LOW,NO_REORDER,0,NORMAL,LOW,MONITOR,No active issue: 19.4 days of cover: 9 units in stock at expected demand of 0.46 units/day,,0.0,0.0,0.0,0.0,0.0,0,100.0
2441,LOW,BR005,MED389,Metformin 1000mg,Antidiabetic,17,68.0,1.502,7.991,LOW,NO_REORDER,0,NORMAL,MEDIUM,MONITOR,No active issue: 68.0 days of cover: 17 units in stock at expected demand of 0.25 units/day,,0.0,0.0,0.0,0.0,0.0,0,100.0
2442,LOW,BR005,MED390,Metformin 1000mg (BlueCrest Pharma),Antidiabetic,14,30.15,1.875,8.639,LOW,NO_REORDER,0,NORMAL,LOW,MONITOR,No active issue: 30.2 days of cover: 14 units in stock at expected demand of 0.46 units/day,,0.0,0.0,0.0,0.0,0.0,0,100.0
2443,LOW,BR005,MED395,Sitagliptin 100mg (CarePlus Laboratories),Antidiabetic,31,21.7,8.343,39.425,LOW,NO_REORDER,0,NORMAL,LOW,MONITOR,No active issue: 21.7 days of cover: 31 units in stock at expected demand of 1.43 units/day,,0.0,0.0,0.0,0.0,0.0,0,100.0
2444,LOW,BR005,MED396,Sitagliptin 100mg (HealthAxis Pharma),Antidiabetic,139,16.05,60.634,261.688,LOW,NO_REORDER,0,NORMAL,LOW,MONITOR,No active issue: 16.0 days of cover: 139 units in stock at expected demand of 8.66 units/day,,0.0,0.0,0.0,0.0,0.0,0,100.0
2445,LOW,BR005,MED397,Sitagliptin 50mg,Antidiabetic,21,21.56,6.817,30.402,LOW,NO_REORDER,0,NORMAL,LOW,MONITOR,No active issue: 21.6 days of cover: 21 units in stock at expected demand of 0.97 units/day,,0.0,0.0,0.0,0.0,0.0,0,100.0
2446,LOW,BR005,MED398,Sitagliptin 50mg (ApexLife Pharma),Antidiabetic,24,33.6,4.85,23.259,LOW,NO_REORDER,0,NORMAL,LOW,MONITOR,No active issue: 33.6 days of cover: 24 units in stock at expected demand of 0.71 units/day,,0.0,0.0,0.0,0.0,0.0,0,100.0
2447,LOW,BR005,MED399,Sitagliptin 50mg (BlueCrest Pharma),Antidiabetic,54,19.14,19.317,85.399,LOW,NO_REORDER,0,NORMAL,LOW,MONITOR,No active issue: 19.1 days of cover: 54 units in stock at expected demand of 2.82 units/day,,0.0,0.0,0.0,0.0,0.0,0,100.0
2448,LOW,BR005,MED401,Sitagliptin 50mg (HealthAxis Pharma),Antidiabetic,13,72.8,1.068,5.176,LOW,NO_REORDER,0,NORMAL,LOW,MONITOR,No active issue: 72.8 days of cover: 13 units in stock at expected demand of 0.18 units/day,,0.0,0.0,0.0,0.0,0.0,0,100.0
2449,LOW,BR005,MED404,Sitagliptin 50mg (Summit Lifesciences),Antidiabetic,11,23.69,2.127,10.566,LOW,NO_REORDER,0,NORMAL,LOW,MONITOR,No active issue: 23.7 days of cover: 11 units in stock at expected demand of 0.46 units/day,,0.0,0.0,0.0,0.0,0.0,0,100.0
2450,LOW,BR005,MED405,Sitagliptin 50mg (TrueLife Remedies),Antidiabetic,12,48.0,1.455,7.283,LOW,NO_REORDER,0,NORMAL,LOW,MONITOR,No active issue: 48.0 days of cover: 12 units in stock at expected demand of 0.25 units/day,,0.0,0.0,0.0,0.0,0.0,0,100.0
2451,LOW,BR005,MED406,Ambroxol + Levosalbutamol Syrup 100ml (Aarogya Formulations),Respiratory,9,36.0,1.156,6.113,LOW,NO_REORDER,0,NORMAL,LOW,MONITOR,No active issue: 36.0 days of cover: 9 units in stock at expected demand of 0.25 units/day,,0.0,0.0,0.0,0.0,0.0,0,100.0
2452,LOW,BR005,MED407,Ambroxol + Levosalbutamol Syrup 100ml (NovaMed Laboratories),Respiratory,25,25.35,6.903,30.871,LOW,NO_REORDER,0,NORMAL,LOW,MONITOR,No active issue: 25.4 days of cover: 25 units in stock at expected demand of 0.99 units/day,,0.0,0.0,0.0,0.0,0.0,0,100.0
2453,LOW,BR005,MED408,Ambroxol + Levosalbutamol Syrup 100ml (Summit Lifesciences),Respiratory,6,21.0,1.133,5.844,LOW,NO_REORDER,0,NORMAL,LOW,MONITOR,No active issue: 21.0 days of cover: 6 units in stock at expected demand of 0.29 units/day,,0.0,0.0,0.0,0.0,0.0,0,100.0
2454,LOW,BR005,MED409,Ambroxol + Levosalbutamol Syrup 100ml (VitaCure Remedies),Respiratory,9,42.0,0.921,4.65,LOW,NO_REORDER,0,NORMAL,LOW,MONITOR,No active issue: 42.0 days of cover: 9 units in stock at expected demand of 0.21 units/day,,0.0,0.0,0.0,0.0,0.0,0,100.0
2455,LOW,BR005,MED411,Ambroxol + Levosalbutamol Syrup 60ml (NovaMed Laboratories),Respiratory,24,24.89,6.659,29.892,LOW,NO_REORDER,0,NORMAL,LOW,MONITOR,No active issue: 24.9 days of cover: 24 units in stock at expected demand of 0.96 units/day,,0.0,0.0,0.0,0.0,0.0,0,100.0
2456,LOW,BR005,MED412,Budesonide Inhaler 200mcg (ApexLife Pharma),Respiratory,15,105.0,1.0,5.554,LOW,NO_REORDER,0,OVERSTOCK,LOW,REVIEW_OVERSTOCK,112 days of cover at the recent 0.13 units/day (limit 90): about -0 units above the limit,,0.0,0.0,-0.0,0.0,0.0,0,100.0
2457,LOW,BR005,MED413,Budesonide Inhaler 200mcg (BlueCrest Pharma),Respiratory,11,77.0,0.708,3.833,LOW,NO_REORDER,0,NORMAL,LOW,MONITOR,No active issue: 77.0 days of cover: 11 units in stock at expected demand of 0.14 units/day,,0.0,0.0,0.0,0.0,0.0,0,100.0
2458,LOW,BR005,MED414,Budesonide Inhaler 200mcg (VitaCure Remedies),Respiratory,18,100.8,1.109,6.248,LOW,NO_REORDER,0,OVERSTOCK,LOW,REVIEW_OVERSTOCK,108 days of cover at the recent 0.17 units/day (limit 90): about -0 units above the limit,,0.0,0.0,-0.0,0.0,0.0,0,100.0
2459,LOW,BR005,MED415,Budesonide Inhaler 100mcg,Respiratory,9,42.0,1.11,5.594,LOW,NO_REORDER,0,NORMAL,LOW,MONITOR,No active issue: 42.0 days of cover: 9 units in stock at expected demand of 0.21 units/day,,0.0,0.0,0.0,0.0,0.0,0,100.0
2460,LOW,BR005,MED417,Dextromethorphan Syrup 100ml (LifeSpring Pharma),Respiratory,16,89.6,1.053,5.136,LOW,NO_REORDER,0,NORMAL,LOW,MONITOR,No active issue: 89.6 days of cover: 16 units in stock at expected demand of 0.18 units/day,,0.0,0.0,0.0,0.0,0.0,0,100.0
2461,LOW,BR005,MED420,Montelukast 10mg (CureLine Healthcare),Respiratory,15,22.11,3.634,15.735,LOW,NO_REORDER,0,NORMAL,LOW,MONITOR,No active issue: 22.1 days of cover: 15 units in stock at expected demand of 0.68 units/day,,0.0,0.0,0.0,0.0,0.0,0,100.0
2462,LOW,BR005,MED421,Montelukast 10mg (LifeSpring Pharma),Respiratory,18,72.0,1.446,7.665,LOW,NO_REORDER,0,NORMAL,LOW,MONITOR,No active issue: 72.0 days of cover: 18 units in stock at expected demand of 0.25 units/day,,0.0,0.0,0.0,0.0,0.0,0,100.0
2463,LOW,BR005,MED424,Montelukast 10mg (TrueLife Remedies),Respiratory,11,28.0,1.788,8.487,LOW,NO_REORDER,0,NORMAL,LOW,MONITOR,No active issue: 28.0 days of cover: 11 units in stock at expected demand of 0.39 units/day,,0.0,0.0,0.0,0.0,0.0,0,100.0
2464,LOW,BR005,MED426,Montelukast 5mg (CarePlus Laboratories),Respiratory,3,21.0,0.458,2.169,LOW,NO_REORDER,0,NORMAL,LOW,MONITOR,No active issue: 21.0 days of cover: 3 units in stock at expected demand of 0.14 units/day,,0.0,0.0,0.0,0.0,0.0,0,100.0
2465,LOW,BR005,MED428,Montelukast 5mg (Summit Lifesciences),Respiratory,13,72.8,0.992,5.486,LOW,NO_REORDER,0,NORMAL,LOW,MONITOR,No active issue: 72.8 days of cover: 13 units in stock at expected demand of 0.18 units/day,,0.0,0.0,0.0,0.0,0.0,0,100.0
2466,LOW,BR005,MED431,Salbutamol Inhaler 100mcg (ApexLife Pharma),Respiratory,20,39.13,3.578,16.339,LOW,NO_REORDER,0,NORMAL,LOW,MONITOR,No active issue: 39.1 days of cover: 20 units in stock at expected demand of 0.51 units/day,,0.0,0.0,0.0,0.0,0.0,0,100.0
2467,LOW,BR005,MED432,Salbutamol Inhaler 100mcg (Stellar Formulations),Respiratory,59,23.03,17.937,82.394,LOW,NO_REORDER,0,NORMAL,LOW,MONITOR,No active issue: 23.0 days of cover: 59 units in stock at expected demand of 2.56 units/day,,0.0,0.0,0.0,0.0,0.0,0,100.0
2468,LOW,BR005,MED433,Salbutamol Inhaler 100mcg (Summit Lifesciences),Respiratory,5,20.0,0.787,4.605,LOW,NO_REORDER,0,NORMAL,LOW,MONITOR,No active issue: 20.0 days of cover: 5 units in stock at expected demand of 0.25 units/day,,0.0,0.0,0.0,0.0,0.0,0,100.0
2469,LOW,BR005,MED435,Salbutamol Inhaler 100mcg (VitaCure Remedies),Respiratory,13,72.8,0.991,5.713,LOW,NO_REORDER,0,NORMAL,LOW,MONITOR,No active issue: 72.8 days of cover: 13 units in stock at expected demand of 0.18 units/day,,0.0,0.0,0.0,0.0,0.0,0,100.0
2470,LOW,BR005,MED436,Salbutamol Inhaler 200mcg,Respiratory,13,33.09,2.688,12.43,LOW,NO_REORDER,0,NORMAL,LOW,MONITOR,No active issue: 33.1 days of cover: 13 units in stock at expected demand of 0.39 units/day,,0.0,0.0,0.0,0.0,0.0,0,100.0
2471,LOW,BR005,MED439,Salbutamol Inhaler 200mcg (HealthAxis Pharma),Respiratory,9,28.0,1.923,8.932,LOW,NO_REORDER,0,NORMAL,LOW,MONITOR,No active issue: 28.0 days of cover: 9 units in stock at expected demand of 0.32 units/day,,0.0,0.0,0.0,0.0,0.0,0,100.0
2472,LOW,BR005,MED440,Salbutamol Inhaler 200mcg (Stellar Formulations),Respiratory,13,33.09,1.752,9.168,LOW,NO_REORDER,0,NORMAL,LOW,MONITOR,No active issue: 33.1 days of cover: 13 units in stock at expected demand of 0.39 units/day,,0.0,0.0,0.0,0.0,0.0,0,100.0
2473,LOW,BR005,MED442,Calcium + Vitamin D3 500mg/250IU (Aarogya Formulations),Vitamins,10,70.0,0.886,4.668,LOW,NO_REORDER,0,NORMAL,LOW,MONITOR,No active issue: 70.0 days of cover: 10 units in stock at expected demand of 0.14 units/day,,0.0,0.0,0.0,0.0,0.0,0,100.0
2474,LOW,BR005,MED443,Calcium + Vitamin D3 500mg/250IU (ApexLife Pharma),Vitamins,26,28.58,6.367,30.068,LOW,NO_REORDER,0,NORMAL,LOW,MONITOR,No active issue: 28.6 days of cover: 26 units in stock at expected demand of 0.91 units/day,,0.0,0.0,0.0,0.0,0.0,0,100.0
2475,LOW,BR005,MED444,Calcium + Vitamin D3 500mg/250IU (CureLine Healthcare),Vitamins,25,24.07,7.269,33.688,LOW,NO_REORDER,0,NORMAL,LOW,MONITOR,No active issue: 24.1 days of cover: 25 units in stock at expected demand of 1.04 units/day,,0.0,0.0,0.0,0.0,0.0,0,100.0
2476,LOW,BR005,MED446,Calcium + Vitamin D3 500mg/250IU (LifeSpring Pharma),Vitamins,45,30.0,9.729,45.641,LOW,NO_REORDER,0,NORMAL,LOW,MONITOR,No active issue: 30.0 days of cover: 45 units in stock at expected demand of 1.50 units/day,,0.0,0.0,0.0,0.0,0.0,0,100.0
2477,LOW,BR005,MED447,Calcium + Vitamin D3 500mg/250IU (Summit Lifesciences),Vitamins,11,22.0,2.732,13.283,LOW,NO_REORDER,0,NORMAL,LOW,MONITOR,No active issue: 22.0 days of cover: 11 units in stock at expected demand of 0.50 units/day,,0.0,0.0,0.0,0.0,0.0,0,100.0
2478,LOW,BR005,MED450,Iron + Folic Acid 100mg/500mcg (CarePlus Laboratories),Vitamins,15,42.0,1.597,7.709,LOW,NO_REORDER,0,NORMAL,LOW,MONITOR,No active issue: 42.0 days of cover: 15 units in stock at expected demand of 0.36 units/day,,0.0,0.0,0.0,0.0,0.0,0,100.0
2479,LOW,BR005,MED452,Iron + Folic Acid 100mg/500mcg (HealthAxis Pharma),Vitamins,13,60.67,1.139,5.019,LOW,NO_REORDER,0,NORMAL,LOW,MONITOR,No active issue: 60.7 days of cover: 13 units in stock at expected demand of 0.21 units/day,,0.0,0.0,0.0,0.0,0.0,0,100.0
2480,LOW,BR005,MED456,Iron + Folic Acid 100mg/500mcg (VitaCure Remedies),Vitamins,11,17.11,2.98,13.814,LOW,NO_REORDER,0,NORMAL,LOW,MONITOR,No active issue: 17.1 days of cover: 11 units in stock at expected demand of 0.64 units/day,,0.0,0.0,0.0,0.0,0.0,0,100.0
2481,LOW,BR005,MED458,Multivitamin B-complex+C (HealthAxis Pharma),Vitamins,17,79.33,1.272,6.916,LOW,NO_REORDER,0,NORMAL,LOW,MONITOR,No active issue: 79.3 days of cover: 17 units in stock at expected demand of 0.21 units/day,,0.0,0.0,0.0,0.0,0.0,0,100.0
2482,LOW,BR005,MED462,Vitamin C Chewable 500mg (ApexLife Pharma),Vitamins,9,16.8,2.885,14.594,LOW,NO_REORDER,0,NORMAL,LOW,MONITOR,No active issue: 16.8 days of cover: 9 units in stock at expected demand of 0.54 units/day,,0.0,0.0,0.0,0.0,0.0,0,100.0
2483,LOW,BR005,MED464,Vitamin C Chewable 500mg (TrueLife Remedies),Vitamins,8,44.8,0.878,4.605,LOW,NO_REORDER,0,NORMAL,LOW,MONITOR,No active issue: 44.8 days of cover: 8 units in stock at expected demand of 0.18 units/day,,0.0,0.0,0.0,0.0,0.0,0,100.0
2484,LOW,BR005,MED465,Vitamin C Chewable 1000mg,Vitamins,27,31.53,5.994,27.241,LOW,NO_REORDER,0,NORMAL,LOW,MONITOR,No active issue: 31.5 days of cover: 27 units in stock at expected demand of 0.86 units/day,,0.0,0.0,0.0,0.0,0.0,0,100.0
2485,LOW,BR005,MED467,Vitamin C Chewable 1000mg (BlueCrest Pharma),Vitamins,11,23.69,1.738,8.684,LOW,NO_REORDER,0,NORMAL,LOW,MONITOR,No active issue: 23.7 days of cover: 11 units in stock at expected demand of 0.46 units/day,,0.0,0.0,0.0,0.0,0.0,0,100.0
2486,LOW,BR005,MED471,Vitamin C Chewable 1000mg (Summit Lifesciences),Vitamins,16,44.8,2.478,12.45,LOW,NO_REORDER,0,NORMAL,LOW,MONITOR,No active issue: 44.8 days of cover: 16 units in stock at expected demand of 0.36 units/day,,0.0,0.0,0.0,0.0,0.0,0,100.0
2487,LOW,BR005,MED472,Vitamin C Chewable 1000mg (TrueLife Remedies),Vitamins,19,113.38,1.173,6.515,LOW,NO_REORDER,0,OVERSTOCK,LOW,REVIEW_OVERSTOCK,142 days of cover at the recent 0.13 units/day (limit 90): about -0 units above the limit,,0.0,0.0,-0.0,0.0,0.0,0,100.0
2488,LOW,BR005,MED473,Vitamin C Chewable 1000mg (VitaCure Remedies),Vitamins,19,22.17,5.458,25.693,LOW,NO_REORDER,0,NORMAL,LOW,MONITOR,No active issue: 22.2 days of cover: 19 units in stock at expected demand of 0.86 units/day,,0.0,0.0,0.0,0.0,0.0,0,100.0
2489,LOW,BR005,MED475,Vitamin D3 60000IU (VitaCure Remedies),Vitamins,15,34.65,3.03,13.048,LOW,NO_REORDER,0,NORMAL,MEDIUM,MONITOR,No active issue: 34.7 days of cover: 15 units in stock at expected demand of 0.43 units/day,,0.0,0.0,0.0,0.0,0.0,0,100.0
2490,LOW,BR005,MED476,Vitamin D3 1000IU,Vitamins,17,36.62,3.105,13.353,LOW,NO_REORDER,0,NORMAL,LOW,MONITOR,No active issue: 36.6 days of cover: 17 units in stock at expected demand of 0.46 units/day,,0.0,0.0,0.0,0.0,0.0,0,100.0
2491,LOW,BR005,MED477,Vitamin D3 1000IU (Summit Lifesciences),Vitamins,10,20.0,1.848,9.554,LOW,NO_REORDER,0,NORMAL,LOW,MONITOR,No active issue: 20.0 days of cover: 10 units in stock at expected demand of 0.50 units/day,,0.0,0.0,0.0,0.0,0.0,0,100.0
2492,LOW,BR005,MED479,Calamine Lotion 100ml (LifeSpring Pharma),Dermatological,9,92.11,0.684,3.111,LOW,NO_REORDER,0,OVERSTOCK,LOW,REVIEW_OVERSTOCK,135 days of cover at the recent 0.07 units/day (limit 90): about -0 units above the limit,,0.0,0.0,-0.0,0.0,0.0,0,100.0
2493,LOW,BR005,MED482,Clotrimazole Cream 1% (ApexLife Pharma),Dermatological,11,38.5,1.323,6.182,LOW,NO_REORDER,0,NORMAL,LOW,MONITOR,No active issue: 38.5 days of cover: 11 units in stock at expected demand of 0.29 units/day,,0.0,0.0,0.0,0.0,0.0,0,100.0
2494,LOW,BR005,MED483,Clotrimazole Cream 1% (CureLine Healthcare),Dermatological,10,16.47,3.277,14.853,LOW,NO_REORDER,0,NORMAL,LOW,MONITOR,No active issue: 16.5 days of cover: 10 units in stock at expected demand of 0.61 units/day,,0.0,0.0,0.0,0.0,0.0,0,100.0
2495,LOW,BR005,MED484,Clotrimazole Cream 2%,Dermatological,10,46.67,1.171,5.453,LOW,NO_REORDER,0,NORMAL,LOW,MONITOR,No active issue: 46.7 days of cover: 10 units in stock at expected demand of 0.21 units/day,,0.0,0.0,0.0,0.0,0.0,0,100.0
2496,LOW,BR005,MED488,Fusidic Acid Cream 2% (BlueCrest Pharma),Dermatological,3,21.0,0.482,2.42,LOW,NO_REORDER,0,NORMAL,LOW,MONITOR,No active issue: 21.0 days of cover: 3 units in stock at expected demand of 0.14 units/day,,0.0,0.0,0.0,0.0,0.0,0,100.0
2497,LOW,BR005,MED493,Ketoconazole Shampoo 2% (Aarogya Formulations),Dermatological,12,84.0,0.951,4.466,LOW,NO_REORDER,0,NORMAL,LOW,MONITOR,No active issue: 84.0 days of cover: 12 units in stock at expected demand of 0.14 units/day,,0.0,0.0,0.0,0.0,0.0,0,100.0
2498,LOW,BR005,MED494,Ketoconazole Shampoo 2% (LifeSpring Pharma),Dermatological,9,42.0,1.041,4.711,LOW,NO_REORDER,0,NORMAL,LOW,MONITOR,No active issue: 42.0 days of cover: 9 units in stock at expected demand of 0.21 units/day,,0.0,0.0,0.0,0.0,0.0,0,100.0
2499,LOW,BR005,MED495,Ketoconazole Shampoo 2% (VitaCure Remedies),Dermatological,8,37.33,1.047,4.082,LOW,NO_REORDER,0,NORMAL,LOW,MONITOR,No active issue: 37.3 days of cover: 8 units in stock at expected demand of 0.21 units/day,,0.0,0.0,0.0,0.0,0.0,0,100.0
2500,LOW,BR005,MED496,Mupirocin Ointment 2% (ApexLife Pharma),Dermatological,13,40.44,1.716,7.552,LOW,NO_REORDER,0,NORMAL,LOW,MONITOR,No active issue: 40.4 days of cover: 13 units in stock at expected demand of 0.32 units/day,,0.0,0.0,0.0,0.0,0.0,0,100.0
