branch_id,medicine_id,medicine_name,category,current_inventory_units,current_inventory_value,expected_daily_demand,days_of_cover,forecast_30d,forecast_cover_days,recent_30d_units,overstock_level,excess_units_estimate,excess_value_estimate,reason
BR005,MED325,Rosuvastatin 20mg (Summit Lifesciences),Cardiovascular,32,6371.94,0.1301,480.0,5.135,187.0,2,OVERSTOCK,17,3385.09,480 days of cover at the recent 0.07 units/day (limit 90): about 17 units above the limit
BR003,MED315,Rosuvastatin 10mg (NovaMed Laboratories),Cardiovascular,34,4444.92,0.106,510.0,4.171,244.5,2,OVERSTOCK,22,2876.12,510 days of cover at the recent 0.07 units/day (limit 90): about 22 units above the limit
BR005,MED403,Sitagliptin 50mg (Stellar Formulations),Antidiabetic,18,6411.48,0.0944,270.0,3.86,139.9,2,OVERSTOCK,7,2493.35,270 days of cover at the recent 0.07 units/day (limit 90): about 7 units above the limit
BR004,MED318,Rosuvastatin 5mg (BlueCrest Pharma),Cardiovascular,21,3435.93,0.0636,,2.394,263.2,0,OVERSTOCK,14,2290.62,21 units in stock and no units sold in the last 30 days
BR005,MED498,Mupirocin Ointment 2% (NovaMed Laboratories),Dermatological,28,2950.78,0.1063,,2.783,301.8,0,OVERSTOCK,20,2107.7,28 units in stock and no units sold in the last 30 days
BR003,MED328,Telmisartan 40mg (CureLine Healthcare),Cardiovascular,36,3454.93,0.1183,360.0,5.612,192.4,3,OVERSTOCK,20,1919.41,360 days of cover at the recent 0.10 units/day (limit 90): about 20 units above the limit
BR002,MED401,Sitagliptin 50mg (HealthAxis Pharma),Antidiabetic,17,5422.47,0.1,255.0,3.761,135.6,2,OVERSTOCK,6,1913.81,255 days of cover at the recent 0.07 units/day (limit 90): about 6 units above the limit
BR002,MED404,Sitagliptin 50mg (Summit Lifesciences),Antidiabetic,17,5368.09,0.1011,255.0,3.76,135.6,2,OVERSTOCK,6,1894.62,255 days of cover at the recent 0.07 units/day (limit 90): about 6 units above the limit
BR002,MED405,Sitagliptin 50mg (TrueLife Remedies),Antidiabetic,11,4029.56,0.0601,,2.202,149.9,0,OVERSTOCK,5,1831.62,11 units in stock and no units sold in the last 30 days
BR003,MED414,Budesonide Inhaler 200mcg (VitaCure Remedies),Respiratory,25,5050.28,0.1423,250.0,5.509,136.1,3,OVERSTOCK,9,1818.1,250 days of cover at the recent 0.10 units/day (limit 90): about 9 units above the limit
BR005,MED425,Montelukast 5mg,Respiratory,20,3231.67,0.0859,300.0,3.265,183.8,2,OVERSTOCK,11,1777.42,300 days of cover at the recent 0.07 units/day (limit 90): about 11 units above the limit
BR002,MED422,Montelukast 10mg (NovaMed Laboratories),Respiratory,21,2730.89,0.071,,2.904,216.9,0,OVERSTOCK,13,1690.55,21 units in stock and no units sold in the last 30 days
BR005,MED489,Fusidic Acid Cream 2% (VitaCure Remedies),Dermatological,19,2108.95,0.061,,1.655,344.4,0,OVERSTOCK,15,1664.96,19 units in stock and no units sold in the last 30 days
BR003,MED371,Glimepiride 3mg (TrueLife Remedies),Antidiabetic,18,2697.96,0.077,,2.359,228.9,0,OVERSTOCK,11,1648.75,18 units in stock and no units sold in the last 30 days
BR002,MED315,Rosuvastatin 10mg (NovaMed Laboratories),Cardiovascular,21,2766.37,0.0781,,3.179,198.2,0,OVERSTOCK,12,1580.78,21 units in stock and no units sold in the last 30 days
BR001,MED400,Sitagliptin 50mg (Crestview Pharma),Antidiabetic,17,6629.42,0.1257,510.0,4.354,117.1,1,OVERSTOCK,4,1559.86,510 days of cover at the recent 0.03 units/day (limit 90): about 4 units above the limit
BR004,MED102,Amoxicillin + Clavulanic Acid 625mg (HealthAxis Pharma),Antibiotics,21,3269.24,0.127,630.0,3.942,159.8,1,OVERSTOCK,10,1556.78,630 days of cover at the recent 0.03 units/day (limit 90): about 10 units above the limit
BR004,MED489,Fusidic Acid Cream 2% (VitaCure Remedies),Dermatological,20,2213.55,0.0509,,2.04,294.1,0,OVERSTOCK,14,1549.48,20 units in stock and no units sold in the last 30 days
BR001,MED328,Telmisartan 40mg (CureLine Healthcare),Cardiovascular,25,2408.33,0.1056,,3.118,240.5,0,OVERSTOCK,16,1541.33,25 units in stock and no units sold in the last 30 days
BR004,MED255,Pantoprazole 20mg (VitaCure Remedies),Gastrointestinal,31,2106.36,0.0837,,3.169,293.5,0,OVERSTOCK,22,1494.84,31 units in stock and no units sold in the last 30 days
BR001,MED317,Rosuvastatin 5mg,Cardiovascular,29,4310.23,0.1824,174.0,6.636,131.1,5,OVERSTOCK,10,1486.29,174 days of cover at the recent 0.17 units/day (limit 90): about 10 units above the limit
BR002,MED294,Clopidogrel 75mg (CureLine Healthcare),Cardiovascular,30,2223.6,0.1019,,3.786,237.7,0,OVERSTOCK,19,1408.28,30 units in stock and no units sold in the last 30 days
BR001,MED325,Rosuvastatin 20mg (Summit Lifesciences),Cardiovascular,14,2753.73,0.0789,,2.393,175.5,0,OVERSTOCK,7,1376.86,14 units in stock and no units sold in the last 30 days
BR002,MED317,Rosuvastatin 5mg,Cardiovascular,20,3044.89,0.1034,,3.952,151.8,0,OVERSTOCK,9,1370.2,20 units in stock and no units sold in the last 30 days
BR004,MED185,Fexofenadine 120mg (TrueLife Remedies),Antihistamines,16,2176.9,0.0556,,2.128,225.6,0,OVERSTOCK,10,1360.56,16 units in stock and no units sold in the last 30 days
BR004,MED371,Glimepiride 3mg (TrueLife Remedies),Antidiabetic,15,2248.3,0.0649,,2.219,202.8,0,OVERSTOCK,9,1348.98,15 units in stock and no units sold in the last 30 days
BR005,MED199,Montelukast + Levocetirizine 10mg/5mg (Aarogya Formulations),Antihistamines,22,3246.14,0.1056,330.0,4.553,145.0,2,OVERSTOCK,9,1327.97,330 days of cover at the recent 0.07 units/day (limit 90): about 9 units above the limit
BR004,MED184,Fexofenadine 120mg (LifeSpring Pharma),Antihistamines,19,2511.15,0.0751,570.0,3.06,186.3,1,OVERSTOCK,10,1321.66,570 days of cover at the recent 0.03 units/day (limit 90): about 10 units above the limit
BR001,MED442,Calcium + Vitamin D3 500mg/250IU (Aarogya Formulations),Vitamins,26,2421.18,0.1299,390.0,4.184,186.4,2,OVERSTOCK,14,1303.71,390 days of cover at the recent 0.07 units/day (limit 90): about 14 units above the limit
BR003,MED441,Salbutamol Inhaler 200mcg (Summit Lifesciences),Respiratory,15,2137.03,0.0654,,2.25,200.0,0,OVERSTOCK,9,1282.22,15 units in stock and no units sold in the last 30 days
BR001,MED475,Vitamin D3 60000IU (VitaCure Remedies),Vitamins,33,3231.39,0.1424,495.0,6.929,142.9,2,OVERSTOCK,13,1272.97,495 days of cover at the recent 0.07 units/day (limit 90): about 13 units above the limit
BR003,MED401,Sitagliptin 50mg (HealthAxis Pharma),Antidiabetic,18,5684.07,0.1353,540.0,4.888,110.5,1,OVERSTOCK,4,1263.13,540 days of cover at the recent 0.03 units/day (limit 90): about 4 units above the limit
BR005,MED368,Glimepiride 3mg (NovaMed Laboratories),Antidiabetic,20,3131.55,0.0884,300.0,4.156,144.4,2,OVERSTOCK,8,1252.62,300 days of cover at the recent 0.07 units/day (limit 90): about 8 units above the limit
BR002,MED498,Mupirocin Ointment 2% (NovaMed Laboratories),Dermatological,16,1630.41,0.0537,,1.45,331.0,0,OVERSTOCK,12,1222.81,16 units in stock and no units sold in the last 30 days
BR003,MED289,Atorvastatin 40mg (CureLine Healthcare),Cardiovascular,22,2166.56,0.106,,3.577,184.5,0,OVERSTOCK,12,1181.76,22 units in stock and no units sold in the last 30 days
BR005,MED315,Rosuvastatin 10mg (NovaMed Laboratories),Cardiovascular,15,1962.93,0.064,,2.193,205.2,0,OVERSTOCK,9,1177.76,15 units in stock and no units sold in the last 30 days
BR001,MED008,Fexofenadine 120mg,Antihistamines,23,3381.62,0.14,230.0,5.007,137.8,3,OVERSTOCK,8,1176.22,230 days of cover at the recent 0.10 units/day (limit 90): about 8 units above the limit
BR001,MED435,Salbutamol Inhaler 100mcg (VitaCure Remedies),Respiratory,27,3508.29,0.1769,162.0,6.07,133.4,5,OVERSTOCK,9,1169.43,162 days of cover at the recent 0.17 units/day (limit 90): about 9 units above the limit
BR003,MED331,Telmisartan 40mg (VitaCure Remedies),Cardiovascular,23,2062.57,0.106,,3.609,191.2,0,OVERSTOCK,13,1165.8,23 units in stock and no units sold in the last 30 days
BR005,MED124,Cefixime 100mg,Antibiotics,21,2011.42,0.0804,630.0,3.059,205.9,1,OVERSTOCK,12,1149.38,630 days of cover at the recent 0.03 units/day (limit 90): about 12 units above the limit
BR004,MED189,Fexofenadine 180mg (TrueLife Remedies),Antihistamines,15,2859.69,0.0916,,3.327,135.3,0,OVERSTOCK,6,1143.88,15 units in stock and no units sold in the last 30 days
BR005,MED044,Sitagliptin 100mg,Antidiabetic,32,9123.84,0.2857,120.0,9.624,99.8,8,OVERSTOCK,4,1140.48,120 days of cover at the recent 0.27 units/day (limit 90): about 4 units above the limit
BR003,MED498,Mupirocin Ointment 2% (NovaMed Laboratories),Dermatological,23,2382.08,0.1203,345.0,4.197,164.4,2,OVERSTOCK,11,1139.26,345 days of cover at the recent 0.07 units/day (limit 90): about 11 units above the limit
BR004,MED424,Montelukast 10mg (TrueLife Remedies),Respiratory,17,2394.45,0.1011,510.0,3.121,163.4,1,OVERSTOCK,8,1126.8,510 days of cover at the recent 0.03 units/day (limit 90): about 8 units above the limit
BR003,MED368,Glimepiride 3mg (NovaMed Laboratories),Antidiabetic,18,2844.81,0.1109,270.0,3.871,139.5,2,OVERSTOCK,7,1106.31,270 days of cover at the recent 0.07 units/day (limit 90): about 7 units above the limit
BR003,MED088,Naproxen 500mg (NovaMed Laboratories),Analgesics,26,1880.94,0.0916,780.0,3.82,204.2,1,OVERSTOCK,15,1085.16,780 days of cover at the recent 0.03 units/day (limit 90): about 15 units above the limit
BR002,MED475,Vitamin D3 60000IU (VitaCure Remedies),Vitamins,22,2137.7,0.0991,,3.995,165.2,0,OVERSTOCK,11,1068.85,22 units in stock and no units sold in the last 30 days
BR003,MED422,Montelukast 10mg (NovaMed Laboratories),Respiratory,19,2472.72,0.0991,285.0,3.781,150.8,2,OVERSTOCK,8,1041.15,285 days of cover at the recent 0.07 units/day (limit 90): about 8 units above the limit
BR003,MED496,Mupirocin Ointment 2% (ApexLife Pharma),Dermatological,22,2277.66,0.1059,220.0,4.21,156.8,3,OVERSTOCK,10,1035.3,220 days of cover at the recent 0.10 units/day (limit 90): about 10 units above the limit
BR005,MED008,Fexofenadine 120mg,Antihistamines,15,2211.06,0.0704,450.0,2.774,162.2,1,OVERSTOCK,7,1031.83,450 days of cover at the recent 0.03 units/day (limit 90): about 7 units above the limit
BR003,MED291,Atorvastatin 40mg (VitaCure Remedies),Cardiovascular,18,1850.06,0.0884,540.0,2.712,199.1,1,OVERSTOCK,10,1027.81,540 days of cover at the recent 0.03 units/day (limit 90): about 10 units above the limit
BR001,MED363,Glimepiride 1mg (Summit Lifesciences),Antidiabetic,31,3964.44,0.181,232.5,7.902,117.7,4,OVERSTOCK,8,1023.08,232 days of cover at the recent 0.13 units/day (limit 90): about 8 units above the limit
BR003,MED047,Budesonide Inhaler 200mcg,Respiratory,13,2649.01,0.0866,390.0,2.867,136.0,1,OVERSTOCK,5,1018.85,390 days of cover at the recent 0.03 units/day (limit 90): about 5 units above the limit
BR003,MED359,Glimepiride 1mg,Antidiabetic,17,1918.33,0.089,510.0,2.867,177.9,1,OVERSTOCK,9,1015.59,510 days of cover at the recent 0.03 units/day (limit 90): about 9 units above the limit
BR003,MED016,Salbutamol Inhaler 100mcg,Respiratory,16,2025.8,0.0711,480.0,2.743,175.0,1,OVERSTOCK,8,1012.9,480 days of cover at the recent 0.03 units/day (limit 90): about 8 units above the limit
BR003,MED433,Salbutamol Inhaler 100mcg (Summit Lifesciences),Respiratory,16,1981.52,0.0904,480.0,2.993,160.4,1,OVERSTOCK,8,990.76,480 days of cover at the recent 0.03 units/day (limit 90): about 8 units above the limit
BR005,MED418,Dextromethorphan Syrup 100ml (Summit Lifesciences),Respiratory,24,1882.8,0.1469,360.0,4.187,172.0,2,OVERSTOCK,12,941.4,360 days of cover at the recent 0.07 units/day (limit 90): about 12 units above the limit
BR001,MED404,Sitagliptin 50mg (Summit Lifesciences),Antidiabetic,22,6855.44,0.1809,220.0,6.459,102.2,3,OVERSTOCK,3,934.83,220 days of cover at the recent 0.10 units/day (limit 90): about 3 units above the limit
BR002,MED440,Salbutamol Inhaler 200mcg (Stellar Formulations),Respiratory,17,2269.69,0.0866,255.0,3.429,148.7,2,OVERSTOCK,7,934.58,255 days of cover at the recent 0.07 units/day (limit 90): about 7 units above the limit
BR002,MED368,Glimepiride 3mg (NovaMed Laboratories),Antidiabetic,24,3731.27,0.1484,180.0,6.261,115.0,4,OVERSTOCK,6,932.82,180 days of cover at the recent 0.13 units/day (limit 90): about 6 units above the limit
BR005,MED453,Iron + Folic Acid 100mg/500mcg (LifeSpring Pharma),Vitamins,32,2100.34,0.1536,320.0,6.001,160.0,3,OVERSTOCK,14,918.9,320 days of cover at the recent 0.10 units/day (limit 90): about 14 units above the limit
BR004,MED365,Glimepiride 3mg,Antidiabetic,17,2572.79,0.1017,255.0,3.763,135.5,2,OVERSTOCK,6,908.04,255 days of cover at the recent 0.07 units/day (limit 90): about 6 units above the limit
BR002,MED184,Fexofenadine 120mg (LifeSpring Pharma),Antihistamines,14,1778.56,0.0664,420.0,2.643,158.9,1,OVERSTOCK,7,889.28,420 days of cover at the recent 0.03 units/day (limit 90): about 7 units above the limit
BR005,MED328,Telmisartan 40mg (CureLine Healthcare),Cardiovascular,19,1860.57,0.0911,285.0,3.433,166.0,2,OVERSTOCK,9,881.32,285 days of cover at the recent 0.07 units/day (limit 90): about 9 units above the limit
BR005,MED474,Vitamin D3 60000IU (TrueLife Remedies),Vitamins,25,2737.97,0.1429,187.5,5.672,132.2,4,OVERSTOCK,8,876.15,188 days of cover at the recent 0.13 units/day (limit 90): about 8 units above the limit
BR005,MED312,Metoprolol 25mg (HealthAxis Pharma),Cardiovascular,28,1616.93,0.1091,210.0,4.392,191.3,4,OVERSTOCK,15,866.21,210 days of cover at the recent 0.13 units/day (limit 90): about 15 units above the limit
BR005,MED438,Salbutamol Inhaler 200mcg (CarePlus Laboratories),Respiratory,11,1571.65,0.0606,,1.992,165.7,0,OVERSTOCK,6,857.26,11 units in stock and no units sold in the last 30 days
BR005,MED028,Mefenamic Acid 250mg,Antipyretics,34,1154.38,0.0981,,3.155,323.3,0,OVERSTOCK,25,848.81,34 units in stock and no units sold in the last 30 days
BR005,MED041,Clopidogrel 75mg,Cardiovascular,21,1462.77,0.0874,630.0,3.166,199.0,1,OVERSTOCK,12,835.87,630 days of cover at the recent 0.03 units/day (limit 90): about 12 units above the limit
BR001,MED498,Mupirocin Ointment 2% (NovaMed Laboratories),Dermatological,15,1554.06,0.093,,2.622,171.6,0,OVERSTOCK,8,828.83,15 units in stock and no units sold in the last 30 days
BR004,MED494,Ketoconazole Shampoo 2% (LifeSpring Pharma),Dermatological,9,1433.52,0.0496,,1.591,169.7,0,OVERSTOCK,5,796.4,9 units in stock and no units sold in the last 30 days
BR003,MED418,Dextromethorphan Syrup 100ml (Summit Lifesciences),Respiratory,24,1882.8,0.1214,240.0,4.688,153.6,3,OVERSTOCK,10,784.5,240 days of cover at the recent 0.10 units/day (limit 90): about 10 units above the limit
BR004,MED422,Montelukast 10mg (NovaMed Laboratories),Respiratory,11,1424.45,0.0539,,1.908,173.0,0,OVERSTOCK,6,776.97,11 units in stock and no units sold in the last 30 days
BR005,MED123,Cefixime 200mg (Stellar Formulations),Antibiotics,16,1242.4,0.0567,,2.168,221.4,0,OVERSTOCK,10,776.5,16 units in stock and no units sold in the last 30 days
BR004,MED317,Rosuvastatin 5mg,Cardiovascular,13,2007.59,0.08,195.0,2.694,144.8,2,OVERSTOCK,5,772.15,195 days of cover at the recent 0.07 units/day (limit 90): about 5 units above the limit
BR004,MED474,Vitamin D3 60000IU (TrueLife Remedies),Vitamins,14,1505.63,0.0686,,2.381,176.4,0,OVERSTOCK,7,752.82,14 units in stock and no units sold in the last 30 days
BR001,MED489,Fusidic Acid Cream 2% (VitaCure Remedies),Dermatological,13,1395.09,0.0646,390.0,2.324,167.8,1,OVERSTOCK,7,751.2,390 days of cover at the recent 0.03 units/day (limit 90): about 7 units above the limit
BR003,MED294,Clopidogrel 75mg (CureLine Healthcare),Cardiovascular,22,1642.52,0.1131,330.0,4.061,162.5,2,OVERSTOCK,10,746.6,330 days of cover at the recent 0.07 units/day (limit 90): about 10 units above the limit
BR005,MED330,Telmisartan 40mg (Stellar Formulations),Cardiovascular,18,1679.04,0.0847,270.0,3.568,151.3,2,OVERSTOCK,8,746.24,270 days of cover at the recent 0.07 units/day (limit 90): about 8 units above the limit
BR004,MED294,Clopidogrel 75mg (CureLine Healthcare),Cardiovascular,29,2149.27,0.2143,145.0,6.389,136.2,6,OVERSTOCK,10,741.13,145 days of cover at the recent 0.20 units/day (limit 90): about 10 units above the limit
BR002,MED255,Pantoprazole 20mg (VitaCure Remedies),Gastrointestinal,16,1075.27,0.053,,1.896,253.2,0,OVERSTOCK,11,739.25,16 units in stock and no units sold in the last 30 days
BR003,MED255,Pantoprazole 20mg (VitaCure Remedies),Gastrointestinal,21,1409.65,0.1127,210.0,3.609,174.6,3,OVERSTOCK,11,738.39,210 days of cover at the recent 0.10 units/day (limit 90): about 11 units above the limit
BR004,MED088,Naproxen 500mg (NovaMed Laboratories),Analgesics,16,1167.72,0.0546,,2.122,226.2,0,OVERSTOCK,10,729.82,16 units in stock and no units sold in the last 30 days
BR005,MED057,Aceclofenac + Paracetamol 100mg/325mg (LifeSpring Pharma),Analgesics,26,1180.77,0.081,780.0,3.381,230.7,1,OVERSTOCK,16,726.63,780 days of cover at the recent 0.03 units/day (limit 90): about 16 units above the limit
BR004,MED369,Glimepiride 3mg (Stellar Formulations),Antidiabetic,25,3579.29,0.1891,250.0,6.873,109.1,3,OVERSTOCK,5,715.86,250 days of cover at the recent 0.10 units/day (limit 90): about 5 units above the limit
BR002,MED199,Montelukast + Levocetirizine 10mg/5mg (Aarogya Formulations),Antihistamines,9,1274.27,0.0493,,1.516,178.1,0,OVERSTOCK,5,707.93,9 units in stock and no units sold in the last 30 days
BR004,MED413,Budesonide Inhaler 200mcg (BlueCrest Pharma),Respiratory,10,2342.4,0.0714,150.0,2.4,125.0,2,OVERSTOCK,3,702.72,150 days of cover at the recent 0.07 units/day (limit 90): about 3 units above the limit
BR004,MED405,Sitagliptin 50mg (TrueLife Remedies),Antidiabetic,13,4547.74,0.0976,390.0,3.719,104.9,1,OVERSTOCK,2,699.65,390 days of cover at the recent 0.03 units/day (limit 90): about 2 units above the limit
BR002,MED479,Calamine Lotion 100ml (LifeSpring Pharma),Dermatological,17,910.98,0.0641,,1.462,348.8,0,OVERSTOCK,13,696.63,17 units in stock and no units sold in the last 30 days
BR003,MED111,Azithromycin 250mg,Antibiotics,14,1387.07,0.091,420.0,2.48,169.4,1,OVERSTOCK,7,693.54,420 days of cover at the recent 0.03 units/day (limit 90): about 7 units above the limit
BR005,MED313,Metoprolol 25mg (LifeSpring Pharma),Cardiovascular,18,1033.5,0.0624,,2.243,240.7,0,OVERSTOCK,12,689.0,18 units in stock and no units sold in the last 30 days
BR003,MED229,Ondansetron 4mg (CureLine Healthcare),Gastrointestinal,24,1026.67,0.0821,,2.993,240.6,0,OVERSTOCK,16,684.45,24 units in stock and no units sold in the last 30 days
BR003,MED434,Salbutamol Inhaler 100mcg (TrueLife Remedies),Respiratory,12,1337.04,0.0707,360.0,2.309,155.9,1,OVERSTOCK,6,668.52,360 days of cover at the recent 0.03 units/day (limit 90): about 6 units above the limit
BR001,MED440,Salbutamol Inhaler 200mcg (Stellar Formulations),Respiratory,25,3335.61,0.2143,125.0,6.681,112.3,6,OVERSTOCK,5,667.12,125 days of cover at the recent 0.20 units/day (limit 90): about 5 units above the limit
BR001,MED422,Montelukast 10mg (NovaMed Laboratories),Respiratory,14,1852.94,0.0806,420.0,3.121,134.6,1,OVERSTOCK,5,661.76,420 days of cover at the recent 0.03 units/day (limit 90): about 5 units above the limit
BR005,MED088,Naproxen 500mg (NovaMed Laboratories),Analgesics,19,1393.93,0.095,285.0,3.555,160.3,2,OVERSTOCK,9,660.28,285 days of cover at the recent 0.07 units/day (limit 90): about 9 units above the limit
BR002,MED290,Atorvastatin 40mg (LifeSpring Pharma),Cardiovascular,17,1839.68,0.1071,170.0,3.855,132.3,3,OVERSTOCK,6,649.3,170 days of cover at the recent 0.10 units/day (limit 90): about 6 units above the limit
BR005,MED481,Calamine Lotion 100ml (TrueLife Remedies),Dermatological,22,1297.13,0.1159,660.0,3.726,177.1,1,OVERSTOCK,11,648.57,660 days of cover at the recent 0.03 units/day (limit 90): about 11 units above the limit
BR003,MED248,Pantoprazole 40mg (TrueLife Remedies),Gastrointestinal,17,995.79,0.0653,,2.081,245.1,0,OVERSTOCK,11,644.33,17 units in stock and no units sold in the last 30 days
BR005,MED016,Salbutamol Inhaler 100mcg,Respiratory,13,1643.29,0.0856,390.0,2.957,131.9,1,OVERSTOCK,5,632.03,390 days of cover at the recent 0.03 units/day (limit 90): about 5 units above the limit
BR005,MED323,Rosuvastatin 20mg (NovaMed Laboratories),Cardiovascular,16,2521.09,0.1429,120.0,4.212,114.0,4,OVERSTOCK,4,630.27,120 days of cover at the recent 0.13 units/day (limit 90): about 4 units above the limit
BR001,MED355,Glimepiride 2mg (BlueCrest Pharma),Antidiabetic,19,1974.54,0.1273,570.0,4.447,128.2,1,OVERSTOCK,6,623.54,570 days of cover at the recent 0.03 units/day (limit 90): about 6 units above the limit
BR005,MED289,Atorvastatin 40mg (CureLine Healthcare),Cardiovascular,20,2065.53,0.1284,200.0,4.941,121.4,3,OVERSTOCK,6,619.66,200 days of cover at the recent 0.10 units/day (limit 90): about 6 units above the limit
BR004,MED126,Cefixime 100mg (NovaMed Laboratories),Antibiotics,12,1058.57,0.0714,,1.686,213.5,0,OVERSTOCK,7,617.5,12 units in stock and no units sold in the last 30 days
BR003,MED102,Amoxicillin + Clavulanic Acid 625mg (HealthAxis Pharma),Antibiotics,19,2931.08,0.1786,114.0,4.961,114.9,5,OVERSTOCK,4,617.07,114 days of cover at the recent 0.17 units/day (limit 90): about 4 units above the limit
BR001,MED207,Domperidone 10mg (CureLine Healthcare),Gastrointestinal,25,954.27,0.1041,250.0,3.106,241.5,3,OVERSTOCK,16,610.73,250 days of cover at the recent 0.10 units/day (limit 90): about 16 units above the limit
BR005,MED102,Amoxicillin + Clavulanic Acid 625mg (HealthAxis Pharma),Antibiotics,22,3329.58,0.2061,165.0,6.181,106.8,4,OVERSTOCK,4,605.38,165 days of cover at the recent 0.13 units/day (limit 90): about 4 units above the limit
BR004,MED057,Aceclofenac + Paracetamol 100mg/325mg (LifeSpring Pharma),Analgesics,21,965.44,0.0586,,2.821,223.3,0,OVERSTOCK,13,597.65,21 units in stock and no units sold in the last 30 days
BR005,MED121,Cefixime 200mg (CureLine Healthcare),Antibiotics,17,1448.88,0.0989,255.0,3.439,148.3,2,OVERSTOCK,7,596.6,255 days of cover at the recent 0.07 units/day (limit 90): about 7 units above the limit
BR003,MED008,Fexofenadine 120mg,Antihistamines,14,2059.12,0.0797,210.0,3.472,121.0,2,OVERSTOCK,4,588.32,210 days of cover at the recent 0.07 units/day (limit 90): about 4 units above the limit
BR001,MED233,Ondansetron 4mg (Summit Lifesciences),Gastrointestinal,24,1063.81,0.1011,720.0,3.697,194.8,1,OVERSTOCK,13,576.23,720 days of cover at the recent 0.03 units/day (limit 90): about 13 units above the limit
BR001,MED196,Levocetirizine 2.5mg,Antihistamines,17,975.63,0.0814,,2.468,206.6,0,OVERSTOCK,10,573.9,17 units in stock and no units sold in the last 30 days
BR002,MED124,Cefixime 100mg,Antibiotics,11,1045.98,0.0617,330.0,1.873,176.2,1,OVERSTOCK,6,570.53,330 days of cover at the recent 0.03 units/day (limit 90): about 6 units above the limit
BR002,MED235,Ondansetron 8mg,Gastrointestinal,23,1186.53,0.1429,172.5,3.433,201.0,4,OVERSTOCK,11,567.47,172 days of cover at the recent 0.13 units/day (limit 90): about 11 units above the limit
BR004,MED199,Montelukast + Levocetirizine 10mg/5mg (Aarogya Formulations),Antihistamines,10,1416.05,0.0574,150.0,2.05,146.3,2,OVERSTOCK,4,566.42,150 days of cover at the recent 0.07 units/day (limit 90): about 4 units above the limit
BR005,MED160,Paracetamol Suspension 125mg/5ml (TrueLife Remedies),Antipyretics,27,1083.41,0.169,270.0,4.584,176.7,3,OVERSTOCK,14,561.77,270 days of cover at the recent 0.10 units/day (limit 90): about 14 units above the limit
BR004,MED453,Iron + Folic Acid 100mg/500mcg (LifeSpring Pharma),Vitamins,20,1402.9,0.1157,,4.169,143.9,0,OVERSTOCK,8,561.16,20 units in stock and no units sold in the last 30 days
BR004,MED348,Gliclazide 80mg (TrueLife Remedies),Antidiabetic,16,893.18,0.0653,,2.29,209.6,0,OVERSTOCK,10,558.24,16 units in stock and no units sold in the last 30 days
BR005,MED052,Hydrocortisone Cream 1%,Dermatological,18,837.03,0.0671,540.0,2.008,268.9,1,OVERSTOCK,12,558.02,540 days of cover at the recent 0.03 units/day (limit 90): about 12 units above the limit
BR002,MED423,Montelukast 10mg (Summit Lifesciences),Respiratory,18,2508.81,0.1429,135.0,4.973,108.6,4,OVERSTOCK,4,557.51,135 days of cover at the recent 0.13 units/day (limit 90): about 4 units above the limit
BR003,MED235,Ondansetron 8mg,Gastrointestinal,20,1012.94,0.1071,200.0,3.198,187.6,3,OVERSTOCK,11,557.12,200 days of cover at the recent 0.10 units/day (limit 90): about 11 units above the limit
BR002,MED018,Vitamin D3 60000IU,Vitamins,16,1773.71,0.109,160.0,3.966,121.0,3,OVERSTOCK,5,554.28,160 days of cover at the recent 0.10 units/day (limit 90): about 5 units above the limit
BR005,MED455,Iron + Folic Acid 100mg/500mcg (Summit Lifesciences),Vitamins,16,984.05,0.0746,,2.53,189.7,0,OVERSTOCK,9,553.53,16 units in stock and no units sold in the last 30 days
BR003,MED119,Azithromycin 250mg (TrueLife Remedies),Antibiotics,9,991.75,0.059,270.0,1.664,162.3,1,OVERSTOCK,5,550.97,270 days of cover at the recent 0.03 units/day (limit 90): about 5 units above the limit
BR004,MED125,Cefixime 100mg (HealthAxis Pharma),Antibiotics,11,999.12,0.051,,1.76,187.5,0,OVERSTOCK,6,544.97,11 units in stock and no units sold in the last 30 days
BR001,MED185,Fexofenadine 120mg (TrueLife Remedies),Antihistamines,11,1496.84,0.0699,330.0,2.432,135.7,1,OVERSTOCK,4,544.31,330 days of cover at the recent 0.03 units/day (limit 90): about 4 units above the limit
BR005,MED145,Mefenamic Acid 500mg (Stellar Formulations),Antipyretics,18,751.4,0.057,,1.731,312.0,0,OVERSTOCK,13,542.68,18 units in stock and no units sold in the last 30 days
BR005,MED485,Clotrimazole Cream 2% (Stellar Formulations),Dermatological,13,876.67,0.0631,390.0,1.912,204.0,1,OVERSTOCK,8,539.49,390 days of cover at the recent 0.03 units/day (limit 90): about 8 units above the limit
BR003,MED474,Vitamin D3 60000IU (TrueLife Remedies),Vitamins,20,2151.77,0.1537,150.0,5.165,116.2,4,OVERSTOCK,5,537.94,150 days of cover at the recent 0.13 units/day (limit 90): about 5 units above the limit
BR001,MED213,Loperamide 2mg (LifeSpring Pharma),Gastrointestinal,34,675.42,0.0797,,2.395,425.9,0,OVERSTOCK,27,536.36,34 units in stock and no units sold in the last 30 days
BR005,MED451,Iron + Folic Acid 100mg/500mcg (CureLine Healthcare),Vitamins,24,1426.46,0.1359,240.0,5.042,142.8,3,OVERSTOCK,9,534.92,240 days of cover at the recent 0.10 units/day (limit 90): about 9 units above the limit
BR001,MED255,Pantoprazole 20mg (VitaCure Remedies),Gastrointestinal,19,1269.31,0.1071,190.0,3.917,145.5,3,OVERSTOCK,8,534.45,190 days of cover at the recent 0.10 units/day (limit 90): about 8 units above the limit
BR004,MED303,Losartan 25mg (NovaMed Laboratories),Cardiovascular,18,1348.73,0.0999,180.0,3.785,142.7,3,OVERSTOCK,7,524.51,180 days of cover at the recent 0.10 units/day (limit 90): about 7 units above the limit
BR001,MED088,Naproxen 500mg (NovaMed Laboratories),Analgesics,13,953.47,0.0617,,2.217,175.9,0,OVERSTOCK,7,513.41,13 units in stock and no units sold in the last 30 days
BR004,MED196,Levocetirizine 2.5mg,Antihistamines,15,853.65,0.0551,,2.09,215.3,0,OVERSTOCK,9,512.19,15 units in stock and no units sold in the last 30 days
BR001,MED297,Losartan 50mg (Aarogya Formulations),Cardiovascular,16,1167.7,0.0897,480.0,3.131,153.3,1,OVERSTOCK,7,510.87,480 days of cover at the recent 0.03 units/day (limit 90): about 7 units above the limit
BR003,MED184,Fexofenadine 120mg (LifeSpring Pharma),Antihistamines,16,2033.8,0.1071,160.0,4.242,113.2,3,OVERSTOCK,4,508.45,160 days of cover at the recent 0.10 units/day (limit 90): about 4 units above the limit
BR003,MED478,Calamine Lotion 100ml (CureLine Healthcare),Dermatological,23,1291.14,0.14,230.0,4.965,139.0,3,OVERSTOCK,9,505.23,230 days of cover at the recent 0.10 units/day (limit 90): about 9 units above the limit
BR003,MED217,Omeprazole 20mg (HealthAxis Pharma),Gastrointestinal,22,849.41,0.1013,330.0,3.107,212.4,2,OVERSTOCK,13,501.92,330 days of cover at the recent 0.07 units/day (limit 90): about 13 units above the limit
BR002,MED352,Gliclazide 40mg (NovaMed Laboratories),Antidiabetic,17,947.26,0.0829,510.0,2.875,177.4,1,OVERSTOCK,9,501.49,510 days of cover at the recent 0.03 units/day (limit 90): about 9 units above the limit
BR003,MED394,Sitagliptin 100mg (BlueCrest Pharma),Antidiabetic,15,3756.06,0.1223,150.0,4.636,97.1,3,OVERSTOCK,2,500.81,150 days of cover at the recent 0.10 units/day (limit 90): about 2 units above the limit
BR001,MED456,Iron + Folic Acid 100mg/500mcg (VitaCure Remedies),Vitamins,22,1372.42,0.152,165.0,4.816,137.0,4,OVERSTOCK,8,499.06,165 days of cover at the recent 0.13 units/day (limit 90): about 8 units above the limit
BR004,MED394,Sitagliptin 100mg (BlueCrest Pharma),Antidiabetic,9,2244.61,0.0831,270.0,2.438,110.7,1,OVERSTOCK,2,498.8,270 days of cover at the recent 0.03 units/day (limit 90): about 2 units above the limit
BR001,MED124,Cefixime 100mg,Antibiotics,15,1496.33,0.1081,225.0,3.426,131.3,2,OVERSTOCK,5,498.78,225 days of cover at the recent 0.07 units/day (limit 90): about 5 units above the limit
BR004,MED336,Telmisartan 80mg,Cardiovascular,13,1576.35,0.0839,,3.284,118.8,0,OVERSTOCK,4,485.03,13 units in stock and no units sold in the last 30 days
BR003,MED124,Cefixime 100mg,Antibiotics,11,1059.97,0.0714,165.0,1.99,165.8,2,OVERSTOCK,5,481.8,165 days of cover at the recent 0.07 units/day (limit 90): about 5 units above the limit
BR004,MED026,Doxycycline 100mg,Antibiotics,15,802.82,0.0676,450.0,2.292,196.3,1,OVERSTOCK,9,481.69,450 days of cover at the recent 0.03 units/day (limit 90): about 9 units above the limit
BR003,MED100,Amoxicillin 250mg (TrueLife Remedies),Antibiotics,13,1030.6,0.0856,390.0,2.335,167.0,1,OVERSTOCK,6,475.66,390 days of cover at the recent 0.03 units/day (limit 90): about 6 units above the limit
BR004,MED008,Fexofenadine 120mg,Antihistamines,8,1265.84,0.0511,,1.683,142.6,0,OVERSTOCK,3,474.69,8 units in stock and no units sold in the last 30 days
BR002,MED413,Budesonide Inhaler 200mcg (BlueCrest Pharma),Respiratory,7,1650.03,0.0544,210.0,1.809,116.1,1,OVERSTOCK,2,471.44,210 days of cover at the recent 0.03 units/day (limit 90): about 2 units above the limit
BR005,MED499,Mupirocin Ointment 2% (Summit Lifesciences),Dermatological,14,1318.73,0.0814,140.0,2.806,149.7,3,OVERSTOCK,5,470.98,140 days of cover at the recent 0.10 units/day (limit 90): about 5 units above the limit
BR002,MED188,Fexofenadine 180mg (HealthAxis Pharma),Antihistamines,12,1854.5,0.0873,180.0,3.15,114.3,2,OVERSTOCK,3,463.62,180 days of cover at the recent 0.07 units/day (limit 90): about 3 units above the limit
BR005,MED235,Ondansetron 8mg,Gastrointestinal,19,975.32,0.0979,285.0,3.643,156.5,2,OVERSTOCK,9,461.99,285 days of cover at the recent 0.07 units/day (limit 90): about 9 units above the limit
BR004,MED333,Telmisartan 20mg (HealthAxis Pharma),Cardiovascular,9,1038.17,0.0707,,1.985,136.0,0,OVERSTOCK,4,461.41,9 units in stock and no units sold in the last 30 days
BR002,MED102,Amoxicillin + Clavulanic Acid 625mg (HealthAxis Pharma),Antibiotics,15,2304.7,0.1429,112.5,3.805,118.3,4,OVERSTOCK,3,460.94,112 days of cover at the recent 0.13 units/day (limit 90): about 3 units above the limit
BR005,MED441,Salbutamol Inhaler 200mcg (Summit Lifesciences),Respiratory,10,1532.5,0.0656,300.0,2.431,123.4,1,OVERSTOCK,3,459.75,300 days of cover at the recent 0.03 units/day (limit 90): about 3 units above the limit
BR005,MED099,Amoxicillin 250mg (Stellar Formulations),Antibiotics,11,836.13,0.0681,330.0,1.976,167.0,1,OVERSTOCK,6,456.07,330 days of cover at the recent 0.03 units/day (limit 90): about 6 units above the limit
BR002,MED359,Glimepiride 1mg,Antidiabetic,9,1025.91,0.0589,,1.994,135.4,0,OVERSTOCK,4,455.96,9 units in stock and no units sold in the last 30 days
BR002,MED230,Ondansetron 4mg (LifeSpring Pharma),Gastrointestinal,15,674.55,0.0539,450.0,1.787,251.8,1,OVERSTOCK,10,449.7,450 days of cover at the recent 0.03 units/day (limit 90): about 10 units above the limit
BR002,MED187,Fexofenadine 180mg (CureLine Healthcare),Antihistamines,12,1767.65,0.0619,120.0,2.074,173.6,3,OVERSTOCK,3,441.91,120 days of cover at the recent 0.10 units/day (limit 90): about 3 units above the limit
BR003,MED126,Cefixime 100mg (NovaMed Laboratories),Antibiotics,11,972.17,0.0714,165.0,2.106,156.7,2,OVERSTOCK,5,441.9,165 days of cover at the recent 0.07 units/day (limit 90): about 5 units above the limit
BR002,MED220,Omeprazole 20mg (VitaCure Remedies),Gastrointestinal,19,762.72,0.0856,285.0,2.803,203.4,2,OVERSTOCK,11,441.57,285 days of cover at the recent 0.07 units/day (limit 90): about 11 units above the limit
BR001,MED181,Fexofenadine 120mg (ApexLife Pharma),Antihistamines,16,2351.86,0.1099,160.0,4.583,104.7,3,OVERSTOCK,3,440.97,160 days of cover at the recent 0.10 units/day (limit 90): about 3 units above the limit
BR004,MED379,Glimepiride + Metformin 1mg/500mg (Summit Lifesciences),Antidiabetic,18,2645.68,0.134,270.0,5.058,106.8,2,OVERSTOCK,3,440.95,270 days of cover at the recent 0.07 units/day (limit 90): about 3 units above the limit
BR001,MED353,Gliclazide 40mg (Stellar Formulations),Antidiabetic,20,1252.38,0.1164,,4.433,135.3,0,OVERSTOCK,7,438.33,20 units in stock and no units sold in the last 30 days
BR005,MED059,Diclofenac 50mg (Aarogya Formulations),Analgesics,22,688.76,0.0819,660.0,2.956,223.3,1,OVERSTOCK,14,438.3,660 days of cover at the recent 0.03 units/day (limit 90): about 14 units above the limit
BR001,MED055,Ketoconazole Shampoo 2%,Dermatological,15,2169.22,0.1429,112.5,4.308,104.5,4,OVERSTOCK,3,433.84,112 days of cover at the recent 0.13 units/day (limit 90): about 3 units above the limit
BR002,MED410,Ambroxol + Levosalbutamol Syrup 60ml,Respiratory,18,1942.18,0.1429,135.0,4.732,114.1,4,OVERSTOCK,4,431.6,135 days of cover at the recent 0.13 units/day (limit 90): about 4 units above the limit
BR004,MED498,Mupirocin Ointment 2% (NovaMed Laboratories),Dermatological,11,1183.95,0.0759,330.0,2.53,130.4,1,OVERSTOCK,4,430.53,330 days of cover at the recent 0.03 units/day (limit 90): about 4 units above the limit
BR002,MED438,Salbutamol Inhaler 200mcg (CarePlus Laboratories),Respiratory,8,1144.59,0.0524,,1.851,129.7,0,OVERSTOCK,3,429.22,8 units in stock and no units sold in the last 30 days
BR004,MED438,Salbutamol Inhaler 200mcg (CarePlus Laboratories),Respiratory,8,1144.59,0.0536,,1.88,127.7,0,OVERSTOCK,3,429.22,8 units in stock and no units sold in the last 30 days
BR002,MED474,Vitamin D3 60000IU (TrueLife Remedies),Vitamins,10,1066.75,0.0606,,2.128,141.0,0,OVERSTOCK,4,426.7,10 units in stock and no units sold in the last 30 days
BR002,MED182,Fexofenadine 120mg (BlueCrest Pharma),Antihistamines,24,3408.49,0.25,102.9,7.291,98.8,7,OVERSTOCK,3,426.06,103 days of cover at the recent 0.23 units/day (limit 90): about 3 units above the limit
BR001,MED126,Cefixime 100mg (NovaMed Laboratories),Antibiotics,12,1008.24,0.0823,360.0,2.426,148.4,1,OVERSTOCK,5,420.1,360 days of cover at the recent 0.03 units/day (limit 90): about 5 units above the limit
BR004,MED496,Mupirocin Ointment 2% (ApexLife Pharma),Dermatological,13,1357.69,0.0714,130.0,2.458,158.7,3,OVERSTOCK,4,417.75,130 days of cover at the recent 0.10 units/day (limit 90): about 4 units above the limit
BR002,MED492,Hydrocortisone Cream 1% (Summit Lifesciences),Dermatological,14,645.12,0.0563,420.0,1.686,249.1,1,OVERSTOCK,9,414.72,420 days of cover at the recent 0.03 units/day (limit 90): about 9 units above the limit
BR005,MED486,Clotrimazole Cream 2% (TrueLife Remedies),Dermatological,13,896.14,0.0734,195.0,2.51,155.4,2,OVERSTOCK,6,413.6,195 days of cover at the recent 0.07 units/day (limit 90): about 6 units above the limit
BR001,MED492,Hydrocortisone Cream 1% (Summit Lifesciences),Dermatological,16,730.8,0.0793,480.0,2.524,190.2,1,OVERSTOCK,9,411.08,480 days of cover at the recent 0.03 units/day (limit 90): about 9 units above the limit
BR003,MED487,Fusidic Acid Cream 2% (ApexLife Pharma),Dermatological,16,1621.02,0.1429,120.0,3.781,127.0,4,OVERSTOCK,4,405.26,120 days of cover at the recent 0.13 units/day (limit 90): about 4 units above the limit
BR005,MED500,Mupirocin Ointment 2% (VitaCure Remedies),Dermatological,11,1111.67,0.0796,330.0,2.375,138.9,1,OVERSTOCK,4,404.24,330 days of cover at the recent 0.03 units/day (limit 90): about 4 units above the limit
BR004,MED325,Rosuvastatin 20mg (Summit Lifesciences),Cardiovascular,11,2194.69,0.0954,165.0,3.074,107.4,2,OVERSTOCK,2,399.03,165 days of cover at the recent 0.07 units/day (limit 90): about 2 units above the limit
BR001,MED500,Mupirocin Ointment 2% (VitaCure Remedies),Dermatological,17,1688.84,0.1429,127.5,4.526,112.7,4,OVERSTOCK,4,397.37,128 days of cover at the recent 0.13 units/day (limit 90): about 4 units above the limit
BR005,MED260,Amlodipine 5mg (VitaCure Remedies),Cardiovascular,21,585.32,0.0607,,2.575,244.7,0,OVERSTOCK,14,390.21,21 units in stock and no units sold in the last 30 days
BR004,MED016,Salbutamol Inhaler 100mcg,Respiratory,15,1949.5,0.1086,150.0,4.149,108.5,3,OVERSTOCK,3,389.9,150 days of cover at the recent 0.10 units/day (limit 90): about 3 units above the limit
BR003,MED123,Cefixime 200mg (Stellar Formulations),Antibiotics,9,700.47,0.059,270.0,1.664,162.3,1,OVERSTOCK,5,389.15,270 days of cover at the recent 0.03 units/day (limit 90): about 5 units above the limit
BR005,MED198,Levocetirizine 2.5mg (Stellar Formulations),Antihistamines,14,767.69,0.0619,,2.444,171.8,0,OVERSTOCK,7,383.84,14 units in stock and no units sold in the last 30 days
BR003,MED340,Telmisartan 80mg (NovaMed Laboratories),Cardiovascular,16,2044.08,0.1071,160.0,4.368,109.9,3,OVERSTOCK,3,383.26,160 days of cover at the recent 0.10 units/day (limit 90): about 3 units above the limit
BR005,MED430,Salbutamol Inhaler 100mcg (Aarogya Formulations),Respiratory,8,1020.27,0.061,,1.99,120.6,0,OVERSTOCK,3,382.6,8 units in stock and no units sold in the last 30 days
BR005,MED047,Budesonide Inhaler 200mcg,Respiratory,10,1905.1,0.0784,150.0,2.744,109.3,2,OVERSTOCK,2,381.02,150 days of cover at the recent 0.07 units/day (limit 90): about 2 units above the limit
BR002,MED145,Mefenamic Acid 500mg (Stellar Formulations),Antipyretics,14,587.96,0.0554,,1.694,247.9,0,OVERSTOCK,9,377.97,14 units in stock and no units sold in the last 30 days
BR002,MED430,Salbutamol Inhaler 100mcg (Aarogya Formulations),Respiratory,7,877.24,0.0503,,1.601,131.2,0,OVERSTOCK,3,375.96,7 units in stock and no units sold in the last 30 days
BR004,MED228,Ondansetron 4mg (CarePlus Laboratories),Gastrointestinal,22,826.6,0.1266,330.0,4.279,154.2,2,OVERSTOCK,10,375.73,330 days of cover at the recent 0.07 units/day (limit 90): about 10 units above the limit
BR003,MED212,Loperamide 2mg (BlueCrest Pharma),Gastrointestinal,26,569.51,0.1063,260.0,3.005,259.6,3,OVERSTOCK,17,372.37,260 days of cover at the recent 0.10 units/day (limit 90): about 17 units above the limit
BR002,MED238,Ondansetron 8mg (VitaCure Remedies),Gastrointestinal,15,694.5,0.0911,,2.643,170.3,0,OVERSTOCK,8,370.4,15 units in stock and no units sold in the last 30 days
BR002,MED237,Ondansetron 8mg (TrueLife Remedies),Gastrointestinal,17,764.78,0.1071,170.0,3.093,164.9,3,OVERSTOCK,8,359.9,170 days of cover at the recent 0.10 units/day (limit 90): about 8 units above the limit
BR002,MED051,Iron + Folic Acid 100mg/500mcg,Vitamins,15,889.8,0.078,450.0,3.017,149.2,1,OVERSTOCK,6,355.92,450 days of cover at the recent 0.03 units/day (limit 90): about 6 units above the limit
BR003,MED426,Montelukast 5mg (CarePlus Laboratories),Respiratory,9,1579.77,0.0726,270.0,2.392,112.9,1,OVERSTOCK,2,351.06,270 days of cover at the recent 0.03 units/day (limit 90): about 2 units above the limit
BR004,MED252,Pantoprazole 20mg (CarePlus Laboratories),Gastrointestinal,12,839.28,0.0673,360.0,2.377,151.5,1,OVERSTOCK,5,349.7,360 days of cover at the recent 0.03 units/day (limit 90): about 5 units above the limit
BR004,MED128,Ciprofloxacin 500mg (BlueCrest Pharma),Antibiotics,14,611.14,0.0566,,2.015,208.4,0,OVERSTOCK,8,349.22,14 units in stock and no units sold in the last 30 days
BR005,MED333,Telmisartan 20mg (HealthAxis Pharma),Cardiovascular,14,1603.81,0.106,210.0,3.826,109.8,2,OVERSTOCK,3,343.67,210 days of cover at the recent 0.07 units/day (limit 90): about 3 units above the limit
BR001,MED026,Doxycycline 100mg,Antibiotics,19,1085.32,0.1137,285.0,4.474,127.4,2,OVERSTOCK,6,342.73,285 days of cover at the recent 0.07 units/day (limit 90): about 6 units above the limit
BR004,MED485,Clotrimazole Cream 2% (Stellar Formulations),Dermatological,12,810.69,0.0717,180.0,2.536,142.0,2,OVERSTOCK,5,337.79,180 days of cover at the recent 0.07 units/day (limit 90): about 5 units above the limit
BR005,MED350,Gliclazide 40mg (BlueCrest Pharma),Antidiabetic,17,1135.99,0.0963,127.5,3.787,134.7,4,OVERSTOCK,5,334.11,128 days of cover at the recent 0.13 units/day (limit 90): about 5 units above the limit
BR001,MED367,Glimepiride 3mg (CureLine Healthcare),Antidiabetic,17,2832.14,0.1294,127.5,5.072,100.6,4,OVERSTOCK,2,333.19,128 days of cover at the recent 0.13 units/day (limit 90): about 2 units above the limit
BR002,MED087,Naproxen 500mg (LifeSpring Pharma),Analgesics,17,1131.82,0.1259,255.0,4.298,118.7,2,OVERSTOCK,5,332.89,255 days of cover at the recent 0.07 units/day (limit 90): about 5 units above the limit
BR001,MED101,Amoxicillin + Clavulanic Acid 625mg (CureLine Healthcare),Antibiotics,9,1493.01,0.0751,135.0,2.656,101.7,2,OVERSTOCK,2,331.78,135 days of cover at the recent 0.07 units/day (limit 90): about 2 units above the limit
BR005,MED318,Rosuvastatin 5mg (BlueCrest Pharma),Cardiovascular,14,2299.22,0.1057,420.0,4.12,101.9,1,OVERSTOCK,2,328.46,420 days of cover at the recent 0.03 units/day (limit 90): about 2 units above the limit
BR002,MED318,Rosuvastatin 5mg (BlueCrest Pharma),Cardiovascular,11,1804.26,0.1071,110.0,2.54,129.9,3,OVERSTOCK,2,328.05,110 days of cover at the recent 0.10 units/day (limit 90): about 2 units above the limit
BR004,MED045,Gliclazide 80mg,Antidiabetic,24,1311.82,0.1677,180.0,6.259,115.0,4,OVERSTOCK,6,327.96,180 days of cover at the recent 0.13 units/day (limit 90): about 6 units above the limit
BR003,MED062,Diclofenac 50mg (TrueLife Remedies),Analgesics,22,717.02,0.1157,330.0,4.128,159.9,2,OVERSTOCK,10,325.92,330 days of cover at the recent 0.07 units/day (limit 90): about 10 units above the limit
BR003,MED428,Montelukast 5mg (Summit Lifesciences),Respiratory,11,1765.87,0.1071,110.0,3.284,100.5,3,OVERSTOCK,2,321.07,110 days of cover at the recent 0.10 units/day (limit 90): about 2 units above the limit
BR001,MED119,Azithromycin 250mg (TrueLife Remedies),Antibiotics,14,1485.39,0.1071,140.0,3.787,110.9,3,OVERSTOCK,3,318.3,140 days of cover at the recent 0.10 units/day (limit 90): about 3 units above the limit
BR002,MED143,Mefenamic Acid 500mg (LifeSpring Pharma),Antipyretics,12,477.43,0.0534,,1.509,238.6,0,OVERSTOCK,8,318.29,12 units in stock and no units sold in the last 30 days
BR002,MED217,Omeprazole 20mg (HealthAxis Pharma),Gastrointestinal,12,477.19,0.0513,,1.568,229.6,0,OVERSTOCK,8,318.13,12 units in stock and no units sold in the last 30 days
BR005,MED347,Gliclazide 80mg (LifeSpring Pharma),Antidiabetic,15,794.51,0.0821,150.0,2.873,156.6,3,OVERSTOCK,6,317.8,150 days of cover at the recent 0.10 units/day (limit 90): about 6 units above the limit
BR003,MED472,Vitamin C Chewable 1000mg (TrueLife Remedies),Vitamins,27,713.78,0.1286,270.0,5.257,154.1,3,OVERSTOCK,12,317.24,270 days of cover at the recent 0.10 units/day (limit 90): about 12 units above the limit
BR002,MED208,Domperidone 10mg (HealthAxis Pharma),Gastrointestinal,13,515.3,0.05,,1.72,226.7,0,OVERSTOCK,8,317.11,13 units in stock and no units sold in the last 30 days
BR001,MED406,Ambroxol + Levosalbutamol Syrup 100ml (Aarogya Formulations),Respiratory,14,1100.84,0.1073,210.0,3.34,125.7,2,OVERSTOCK,4,314.53,210 days of cover at the recent 0.07 units/day (limit 90): about 4 units above the limit
BR003,MED237,Ondansetron 8mg (TrueLife Remedies),Gastrointestinal,14,625.28,0.092,,2.416,173.8,0,OVERSTOCK,7,312.64,14 units in stock and no units sold in the last 30 days
BR002,MED100,Amoxicillin 250mg (TrueLife Remedies),Antibiotics,9,691.56,0.069,270.0,1.971,137.0,1,OVERSTOCK,4,307.36,270 days of cover at the recent 0.03 units/day (limit 90): about 4 units above the limit
BR002,MED321,Rosuvastatin 5mg (VitaCure Remedies),Cardiovascular,14,2148.23,0.1429,105.0,3.181,132.0,4,OVERSTOCK,2,306.89,105 days of cover at the recent 0.13 units/day (limit 90): about 2 units above the limit
BR004,MED099,Amoxicillin 250mg (Stellar Formulations),Antibiotics,9,689.77,0.0711,270.0,1.912,141.2,1,OVERSTOCK,4,306.56,270 days of cover at the recent 0.03 units/day (limit 90): about 4 units above the limit
BR004,MED111,Azithromycin 250mg,Antibiotics,9,916.29,0.0714,135.0,2.098,128.7,2,OVERSTOCK,3,305.43,135 days of cover at the recent 0.07 units/day (limit 90): about 3 units above the limit
BR004,MED293,Clopidogrel 75mg (BlueCrest Pharma),Cardiovascular,22,1675.88,0.1627,220.0,6.217,106.2,3,OVERSTOCK,4,304.71,220 days of cover at the recent 0.10 units/day (limit 90): about 4 units above the limit
BR002,MED289,Atorvastatin 40mg (CureLine Healthcare),Cardiovascular,12,1208.4,0.0861,360.0,3.079,116.9,1,OVERSTOCK,3,302.1,360 days of cover at the recent 0.03 units/day (limit 90): about 3 units above the limit
BR005,MED229,Ondansetron 4mg (CureLine Healthcare),Gastrointestinal,19,819.32,0.1207,285.0,4.099,139.1,2,OVERSTOCK,7,301.85,285 days of cover at the recent 0.07 units/day (limit 90): about 7 units above the limit
BR003,MED128,Ciprofloxacin 500mg (BlueCrest Pharma),Antibiotics,15,644.87,0.0803,225.0,2.702,166.5,2,OVERSTOCK,7,300.94,225 days of cover at the recent 0.07 units/day (limit 90): about 7 units above the limit
BR005,MED304,Losartan 25mg (Summit Lifesciences),Cardiovascular,14,1051.05,0.0966,,3.448,121.8,0,OVERSTOCK,4,300.3,14 units in stock and no units sold in the last 30 days
BR001,MED384,Metformin 500mg (TrueLife Remedies),Antidiabetic,25,575.94,0.1319,750.0,4.244,176.7,1,OVERSTOCK,13,299.49,750 days of cover at the recent 0.03 units/day (limit 90): about 13 units above the limit
BR003,MED228,Ondansetron 4mg (CarePlus Laboratories),Gastrointestinal,16,597.64,0.0886,240.0,2.986,160.8,2,OVERSTOCK,8,298.82,240 days of cover at the recent 0.07 units/day (limit 90): about 8 units above the limit
BR004,MED229,Ondansetron 4mg (CureLine Healthcare),Gastrointestinal,15,635.74,0.0847,225.0,2.97,151.5,2,OVERSTOCK,7,296.68,225 days of cover at the recent 0.07 units/day (limit 90): about 7 units above the limit
BR004,MED442,Calcium + Vitamin D3 500mg/250IU (Aarogya Formulations),Vitamins,11,1074.15,0.0741,165.0,2.958,111.6,2,OVERSTOCK,3,292.95,165 days of cover at the recent 0.07 units/day (limit 90): about 3 units above the limit
BR005,MED203,Montelukast + Levocetirizine 10mg/5mg (TrueLife Remedies),Antihistamines,11,1608.23,0.1071,110.0,3.176,103.9,3,OVERSTOCK,2,292.41,110 days of cover at the recent 0.10 units/day (limit 90): about 2 units above the limit
BR002,MED248,Pantoprazole 40mg (TrueLife Remedies),Gastrointestinal,14,818.64,0.0736,140.0,2.678,156.8,3,OVERSTOCK,5,292.37,140 days of cover at the recent 0.10 units/day (limit 90): about 5 units above the limit
BR005,MED181,Fexofenadine 120mg (ApexLife Pharma),Antihistamines,17,2457.03,0.1429,127.5,5.3,96.2,4,OVERSTOCK,2,289.06,128 days of cover at the recent 0.13 units/day (limit 90): about 2 units above the limit
BR001,MED220,Omeprazole 20mg (VitaCure Remedies),Gastrointestinal,14,577.44,0.079,420.0,2.641,159.0,1,OVERSTOCK,7,288.72,420 days of cover at the recent 0.03 units/day (limit 90): about 7 units above the limit
BR001,MED441,Salbutamol Inhaler 200mcg (Summit Lifesciences),Respiratory,19,2718.05,0.1429,142.5,5.742,99.3,4,OVERSTOCK,2,286.11,142 days of cover at the recent 0.13 units/day (limit 90): about 2 units above the limit
BR003,MED145,Mefenamic Acid 500mg (Stellar Formulations),Antipyretics,14,572.04,0.0767,420.0,2.464,170.5,1,OVERSTOCK,7,286.02,420 days of cover at the recent 0.03 units/day (limit 90): about 7 units above the limit
BR001,MED023,Naproxen 250mg,Analgesics,12,685.77,0.0723,360.0,2.613,137.8,1,OVERSTOCK,5,285.74,360 days of cover at the recent 0.03 units/day (limit 90): about 5 units above the limit
BR003,MED438,Salbutamol Inhaler 200mcg (CarePlus Laboratories),Respiratory,9,1263.89,0.0719,270.0,2.4,112.5,1,OVERSTOCK,2,280.86,270 days of cover at the recent 0.03 units/day (limit 90): about 2 units above the limit
BR004,MED093,Paracetamol 250mg,Analgesics,18,420.35,0.0609,,2.322,232.6,0,OVERSTOCK,12,280.23,18 units in stock and no units sold in the last 30 days
BR003,MED057,Aceclofenac + Paracetamol 100mg/325mg (LifeSpring Pharma),Analgesics,13,602.96,0.0679,390.0,2.65,147.2,1,OVERSTOCK,6,278.29,390 days of cover at the recent 0.03 units/day (limit 90): about 6 units above the limit
BR005,MED352,Gliclazide 40mg (NovaMed Laboratories),Antidiabetic,14,778.86,0.0827,420.0,3.035,138.4,1,OVERSTOCK,5,278.16,420 days of cover at the recent 0.03 units/day (limit 90): about 5 units above the limit
BR005,MED089,Paracetamol 500mg (Aarogya Formulations),Analgesics,23,399.59,0.0759,,2.532,272.5,0,OVERSTOCK,16,277.98,23 units in stock and no units sold in the last 30 days
BR004,MED309,Metoprolol 50mg (NovaMed Laboratories),Cardiovascular,13,720.68,0.0704,195.0,2.763,141.2,2,OVERSTOCK,5,277.18,195 days of cover at the recent 0.07 units/day (limit 90): about 5 units above the limit
BR002,MED348,Gliclazide 80mg (TrueLife Remedies),Antidiabetic,11,602.62,0.0601,,2.202,149.9,0,OVERSTOCK,5,273.92,11 units in stock and no units sold in the last 30 days
BR001,MED352,Gliclazide 40mg (NovaMed Laboratories),Antidiabetic,13,711.52,0.0857,,2.938,132.7,0,OVERSTOCK,5,273.66,13 units in stock and no units sold in the last 30 days
BR004,MED066,Diclofenac 100mg (VitaCure Remedies),Analgesics,19,737.93,0.1496,142.5,4.039,141.1,4,OVERSTOCK,7,271.87,142 days of cover at the recent 0.13 units/day (limit 90): about 7 units above the limit
BR003,MED485,Clotrimazole Cream 2% (Stellar Formulations),Dermatological,9,610.71,0.0586,270.0,1.895,142.5,1,OVERSTOCK,4,271.43,270 days of cover at the recent 0.03 units/day (limit 90): about 4 units above the limit
BR003,MED056,Aceclofenac + Paracetamol 100mg/325mg (HealthAxis Pharma),Analgesics,15,814.07,0.0976,450.0,3.581,125.7,1,OVERSTOCK,5,271.36,450 days of cover at the recent 0.03 units/day (limit 90): about 5 units above the limit
BR002,MED185,Fexofenadine 120mg (TrueLife Remedies),Antihistamines,10,1347.85,0.0883,150.0,2.9,103.4,2,OVERSTOCK,2,269.57,150 days of cover at the recent 0.07 units/day (limit 90): about 2 units above the limit
BR003,MED125,Cefixime 100mg (HealthAxis Pharma),Antibiotics,18,1609.62,0.1786,108.0,5.042,107.1,5,OVERSTOCK,3,268.27,108 days of cover at the recent 0.17 units/day (limit 90): about 3 units above the limit
BR004,MED041,Clopidogrel 75mg,Cardiovascular,12,804.65,0.0774,180.0,2.925,123.1,2,OVERSTOCK,4,268.22,180 days of cover at the recent 0.07 units/day (limit 90): about 4 units above the limit
BR001,MED085,Naproxen 500mg,Analgesics,14,933.02,0.1071,140.0,3.476,120.8,3,OVERSTOCK,4,266.58,140 days of cover at the recent 0.10 units/day (limit 90): about 4 units above the limit
BR004,MED227,Ondansetron 4mg (BlueCrest Pharma),Gastrointestinal,12,456.78,0.054,,1.805,199.4,0,OVERSTOCK,7,266.46,12 units in stock and no units sold in the last 30 days
BR004,MED217,Omeprazole 20mg (HealthAxis Pharma),Gastrointestinal,12,452.52,0.054,360.0,1.805,199.4,1,OVERSTOCK,7,263.97,360 days of cover at the recent 0.03 units/day (limit 90): about 7 units above the limit
BR005,MED157,Paracetamol Suspension 125mg/5ml,Antipyretics,18,789.49,0.1071,180.0,4.118,131.1,3,OVERSTOCK,6,263.16,180 days of cover at the recent 0.10 units/day (limit 90): about 6 units above the limit
BR001,MED217,Omeprazole 20mg (HealthAxis Pharma),Gastrointestinal,13,487.49,0.0606,,2.279,171.1,0,OVERSTOCK,7,262.49,13 units in stock and no units sold in the last 30 days
BR005,MED261,Amlodipine 2.5mg,Cardiovascular,13,486.89,0.062,,2.23,174.9,0,OVERSTOCK,7,262.17,13 units in stock and no units sold in the last 30 days
BR002,MED449,Iron + Folic Acid 100mg/500mcg (BlueCrest Pharma),Vitamins,13,848.25,0.0769,,3.262,119.6,0,OVERSTOCK,4,261.0,13 units in stock and no units sold in the last 30 days
BR004,MED350,Gliclazide 40mg (BlueCrest Pharma),Antidiabetic,9,586.89,0.0696,,1.888,143.0,0,OVERSTOCK,4,260.84,9 units in stock and no units sold in the last 30 days
BR004,MED433,Salbutamol Inhaler 100mcg (Summit Lifesciences),Respiratory,14,1786.32,0.1127,210.0,4.191,100.2,2,OVERSTOCK,2,255.19,210 days of cover at the recent 0.07 units/day (limit 90): about 2 units above the limit
BR004,MED435,Salbutamol Inhaler 100mcg (VitaCure Remedies),Respiratory,21,2677.59,0.2143,105.0,6.457,97.6,6,OVERSTOCK,2,255.01,105 days of cover at the recent 0.20 units/day (limit 90): about 2 units above the limit
BR004,MED052,Hydrocortisone Cream 1%,Dermatological,10,424.06,0.051,,1.63,184.0,0,OVERSTOCK,6,254.44,10 units in stock and no units sold in the last 30 days
BR005,MED437,Salbutamol Inhaler 200mcg (BlueCrest Pharma),Respiratory,14,1774.62,0.1071,140.0,4.208,99.8,3,OVERSTOCK,2,253.52,140 days of cover at the recent 0.10 units/day (limit 90): about 2 units above the limit
BR002,MED437,Salbutamol Inhaler 200mcg (BlueCrest Pharma),Respiratory,8,1012.75,0.0559,120.0,1.913,125.5,2,OVERSTOCK,2,253.19,120 days of cover at the recent 0.07 units/day (limit 90): about 2 units above the limit
BR005,MED054,Calamine Lotion 100ml,Dermatological,10,503.2,0.0554,300.0,1.804,166.3,1,OVERSTOCK,5,251.6,300 days of cover at the recent 0.03 units/day (limit 90): about 5 units above the limit
BR002,MED121,Cefixime 200mg (CureLine Healthcare),Antibiotics,8,670.71,0.052,240.0,1.705,140.8,1,OVERSTOCK,3,251.52,240 days of cover at the recent 0.03 units/day (limit 90): about 3 units above the limit
BR003,MED053,Fusidic Acid Cream 2%,Dermatological,12,1507.89,0.1103,180.0,3.527,102.1,2,OVERSTOCK,2,251.32,180 days of cover at the recent 0.07 units/day (limit 90): about 2 units above the limit
BR002,MED209,Domperidone 10mg (LifeSpring Pharma),Gastrointestinal,13,465.33,0.0624,390.0,2.146,181.7,1,OVERSTOCK,7,250.56,390 days of cover at the recent 0.03 units/day (limit 90): about 7 units above the limit
BR003,MED156,Paracetamol Suspension 250mg/5ml (TrueLife Remedies),Antipyretics,13,462.65,0.0704,390.0,2.251,173.3,1,OVERSTOCK,7,249.12,390 days of cover at the recent 0.03 units/day (limit 90): about 7 units above the limit
BR004,MED148,Mefenamic Acid 500mg (VitaCure Remedies),Antipyretics,21,869.33,0.1641,630.0,5.194,121.3,1,OVERSTOCK,6,248.38,630 days of cover at the recent 0.03 units/day (limit 90): about 6 units above the limit
BR003,MED051,Iron + Folic Acid 100mg/500mcg,Vitamins,15,904.25,0.1187,150.0,3.89,115.7,3,OVERSTOCK,4,241.13,150 days of cover at the recent 0.10 units/day (limit 90): about 4 units above the limit
BR004,MED220,Omeprazole 20mg (VitaCure Remedies),Gastrointestinal,13,515.84,0.0673,390.0,2.392,163.0,1,OVERSTOCK,6,238.08,390 days of cover at the recent 0.03 units/day (limit 90): about 6 units above the limit
BR002,MED457,Multivitamin B-complex+C (BlueCrest Pharma),Vitamins,16,543.49,0.0636,160.0,2.674,179.5,3,OVERSTOCK,7,237.78,160 days of cover at the recent 0.10 units/day (limit 90): about 7 units above the limit
BR003,MED254,Pantoprazole 20mg (Summit Lifesciences),Gastrointestinal,9,712.09,0.0639,270.0,2.28,118.4,1,OVERSTOCK,3,237.36,270 days of cover at the recent 0.03 units/day (limit 90): about 3 units above the limit
BR002,MED146,Mefenamic Acid 500mg (Summit Lifesciences),Antipyretics,11,520.41,0.0621,330.0,2.199,150.1,1,OVERSTOCK,5,236.55,330 days of cover at the recent 0.03 units/day (limit 90): about 5 units above the limit
BR002,MED406,Ambroxol + Levosalbutamol Syrup 100ml (Aarogya Formulations),Respiratory,10,785.3,0.0701,300.0,2.657,112.9,1,OVERSTOCK,3,235.59,300 days of cover at the recent 0.03 units/day (limit 90): about 3 units above the limit
BR005,MED434,Salbutamol Inhaler 100mcg (TrueLife Remedies),Respiratory,11,1289.79,0.1071,110.0,3.245,101.7,3,OVERSTOCK,2,234.51,110 days of cover at the recent 0.10 units/day (limit 90): about 2 units above the limit
BR001,MED057,Aceclofenac + Paracetamol 100mg/325mg (LifeSpring Pharma),Analgesics,13,608.84,0.071,390.0,2.795,139.5,1,OVERSTOCK,5,234.17,390 days of cover at the recent 0.03 units/day (limit 90): about 5 units above the limit
BR004,MED123,Cefixime 200mg (Stellar Formulations),Antibiotics,8,621.68,0.0514,240.0,1.688,142.2,1,OVERSTOCK,3,233.13,240 days of cover at the recent 0.03 units/day (limit 90): about 3 units above the limit
BR002,MED123,Cefixime 200mg (Stellar Formulations),Antibiotics,10,776.7,0.0714,150.0,2.385,125.8,2,OVERSTOCK,3,233.01,150 days of cover at the recent 0.07 units/day (limit 90): about 3 units above the limit
BR002,MED434,Salbutamol Inhaler 100mcg (TrueLife Remedies),Respiratory,12,1393.36,0.0954,180.0,3.613,99.6,2,OVERSTOCK,2,232.23,180 days of cover at the recent 0.07 units/day (limit 90): about 2 units above the limit
BR001,MED359,Glimepiride 1mg,Antidiabetic,8,908.62,0.0634,,2.26,106.2,0,OVERSTOCK,2,227.16,8 units in stock and no units sold in the last 30 days
BR005,MED093,Paracetamol 250mg,Analgesics,16,362.02,0.0547,,2.078,231.0,0,OVERSTOCK,10,226.26,16 units in stock and no units sold in the last 30 days
BR004,MED359,Glimepiride 1mg,Antidiabetic,7,791.33,0.0677,,1.872,112.2,0,OVERSTOCK,2,226.09,7 units in stock and no units sold in the last 30 days
BR002,MED228,Ondansetron 4mg (CarePlus Laboratories),Gastrointestinal,13,485.78,0.0714,195.0,2.364,165.0,2,OVERSTOCK,6,224.21,195 days of cover at the recent 0.07 units/day (limit 90): about 6 units above the limit
BR001,MED192,Levocetirizine 5mg (CureLine Healthcare),Antihistamines,13,581.63,0.069,390.0,2.697,144.6,1,OVERSTOCK,5,223.7,390 days of cover at the recent 0.03 units/day (limit 90): about 5 units above the limit
BR005,MED492,Hydrocortisone Cream 1% (Summit Lifesciences),Dermatological,10,444.36,0.0566,300.0,1.804,166.3,1,OVERSTOCK,5,222.18,300 days of cover at the recent 0.03 units/day (limit 90): about 5 units above the limit
BR003,MED233,Ondansetron 4mg (Summit Lifesciences),Gastrointestinal,17,749.98,0.1514,255.0,4.229,120.6,2,OVERSTOCK,5,220.58,255 days of cover at the recent 0.07 units/day (limit 90): about 5 units above the limit
BR002,MED297,Losartan 50mg (Aarogya Formulations),Cardiovascular,12,882.16,0.1071,120.0,3.308,108.8,3,OVERSTOCK,3,220.54,120 days of cover at the recent 0.10 units/day (limit 90): about 3 units above the limit
BR003,MED290,Atorvastatin 40mg (LifeSpring Pharma),Cardiovascular,8,880.47,0.0617,,2.263,106.1,0,OVERSTOCK,2,220.12,8 units in stock and no units sold in the last 30 days
BR005,MED348,Gliclazide 80mg (TrueLife Remedies),Antidiabetic,12,660.14,0.0861,,2.957,121.7,0,OVERSTOCK,4,220.05,12 units in stock and no units sold in the last 30 days
BR001,MED176,Chlorpheniramine 4mg (BlueCrest Pharma),Antihistamines,43,337.2,0.158,1290.0,5.306,243.1,1,OVERSTOCK,28,219.57,1290 days of cover at the recent 0.03 units/day (limit 90): about 28 units above the limit
BR004,MED297,Losartan 50mg (Aarogya Formulations),Cardiovascular,13,942.09,0.083,195.0,3.338,116.8,2,OVERSTOCK,3,217.41,195 days of cover at the recent 0.07 units/day (limit 90): about 3 units above the limit
BR001,MED020,Mupirocin Ointment 2%,Dermatological,25,2700.41,0.25,107.1,7.713,97.2,7,OVERSTOCK,2,216.03,107 days of cover at the recent 0.23 units/day (limit 90): about 2 units above the limit
BR002,MED198,Levocetirizine 2.5mg (Stellar Formulations),Antihistamines,13,694.99,0.0819,195.0,3.102,125.7,2,OVERSTOCK,4,213.84,195 days of cover at the recent 0.07 units/day (limit 90): about 4 units above the limit
BR005,MED268,Amlodipine 10mg (LifeSpring Pharma),Cardiovascular,20,710.56,0.156,200.0,4.962,120.9,3,OVERSTOCK,6,213.17,200 days of cover at the recent 0.10 units/day (limit 90): about 6 units above the limit
BR001,MED145,Mefenamic Acid 500mg (Stellar Formulations),Antipyretics,11,462.47,0.0739,165.0,2.194,150.4,2,OVERSTOCK,5,210.21,165 days of cover at the recent 0.07 units/day (limit 90): about 5 units above the limit
BR001,MED235,Ondansetron 8mg,Gastrointestinal,12,628.6,0.08,180.0,2.876,125.2,2,OVERSTOCK,4,209.53,180 days of cover at the recent 0.07 units/day (limit 90): about 4 units above the limit
BR002,MED160,Paracetamol Suspension 125mg/5ml (TrueLife Remedies),Antipyretics,12,500.34,0.0796,180.0,2.579,139.6,2,OVERSTOCK,5,208.48,180 days of cover at the recent 0.07 units/day (limit 90): about 5 units above the limit
BR004,MED047,Budesonide Inhaler 200mcg,Respiratory,14,2902.19,0.1083,140.0,4.434,94.7,3,OVERSTOCK,1,207.3,140 days of cover at the recent 0.10 units/day (limit 90): about 1 units above the limit
BR005,MED410,Ambroxol + Levosalbutamol Syrup 60ml,Respiratory,16,1648.73,0.1429,120.0,4.901,97.9,4,OVERSTOCK,2,206.09,120 days of cover at the recent 0.13 units/day (limit 90): about 2 units above the limit
BR001,MED061,Diclofenac 50mg (Stellar Formulations),Analgesics,16,469.68,0.0961,240.0,3.308,145.1,2,OVERSTOCK,7,205.48,240 days of cover at the recent 0.07 units/day (limit 90): about 7 units above the limit
BR003,MED143,Mefenamic Acid 500mg (LifeSpring Pharma),Antipyretics,10,407.1,0.0563,,1.701,176.4,0,OVERSTOCK,5,203.55,10 units in stock and no units sold in the last 30 days
BR003,MED150,Paracetamol 650mg (CarePlus Laboratories),Antipyretics,24,486.44,0.1466,180.0,4.717,152.6,4,OVERSTOCK,10,202.68,180 days of cover at the recent 0.13 units/day (limit 90): about 10 units above the limit
BR005,MED176,Chlorpheniramine 4mg (BlueCrest Pharma),Antihistamines,40,311.58,0.147,300.0,4.996,240.2,4,OVERSTOCK,26,202.53,300 days of cover at the recent 0.13 units/day (limit 90): about 26 units above the limit
BR001,MED047,Budesonide Inhaler 200mcg,Respiratory,15,3019.56,0.1529,112.5,4.965,90.6,4,OVERSTOCK,1,201.3,112 days of cover at the recent 0.13 units/day (limit 90): about 1 units above the limit
BR002,MED452,Iron + Folic Acid 100mg/500mcg (HealthAxis Pharma),Vitamins,19,1259.22,0.15,285.0,5.467,104.3,2,OVERSTOCK,3,198.82,285 days of cover at the recent 0.07 units/day (limit 90): about 3 units above the limit
BR004,MED143,Mefenamic Acid 500mg (LifeSpring Pharma),Antipyretics,11,435.89,0.0714,165.0,2.024,163.0,2,OVERSTOCK,5,198.13,165 days of cover at the recent 0.07 units/day (limit 90): about 5 units above the limit
BR001,MED227,Ondansetron 4mg (BlueCrest Pharma),Gastrointestinal,11,433.99,0.0617,,2.074,159.1,0,OVERSTOCK,5,197.27,11 units in stock and no units sold in the last 30 days
BR002,MED266,Amlodipine 2.5mg (VitaCure Remedies),Cardiovascular,17,558.29,0.101,,3.694,138.1,0,OVERSTOCK,6,197.04,17 units in stock and no units sold in the last 30 days
BR003,MED442,Calcium + Vitamin D3 500mg/250IU (Aarogya Formulations),Vitamins,17,1622.64,0.144,127.5,5.059,100.8,4,OVERSTOCK,2,190.9,128 days of cover at the recent 0.13 units/day (limit 90): about 2 units above the limit
BR001,MED161,Paracetamol Suspension 125mg/5ml (VitaCure Remedies),Antipyretics,11,523.29,0.0727,,2.395,137.8,0,OVERSTOCK,4,190.29,11 units in stock and no units sold in the last 30 days
BR002,MED499,Mupirocin Ointment 2% (Summit Lifesciences),Dermatological,8,759.4,0.07,240.0,2.16,111.1,1,OVERSTOCK,2,189.85,240 days of cover at the recent 0.03 units/day (limit 90): about 2 units above the limit
BR002,MED057,Aceclofenac + Paracetamol 100mg/325mg (LifeSpring Pharma),Analgesics,12,564.51,0.0939,360.0,2.98,120.8,1,OVERSTOCK,4,188.17,360 days of cover at the recent 0.03 units/day (limit 90): about 4 units above the limit
BR003,MED189,Fexofenadine 180mg (TrueLife Remedies),Antihistamines,14,2627.43,0.1136,140.0,4.52,92.9,3,OVERSTOCK,1,187.67,140 days of cover at the recent 0.10 units/day (limit 90): about 1 units above the limit
BR003,MED176,Chlorpheniramine 4mg (BlueCrest Pharma),Antihistamines,40,311.58,0.1451,240.0,5.425,221.2,5,OVERSTOCK,24,186.95,240 days of cover at the recent 0.17 units/day (limit 90): about 24 units above the limit
BR002,MED093,Paracetamol 250mg,Analgesics,14,323.54,0.057,,2.138,196.4,0,OVERSTOCK,8,184.88,14 units in stock and no units sold in the last 30 days
BR003,MED153,Paracetamol Suspension 250mg/5ml (BlueCrest Pharma),Antipyretics,10,366.3,0.0563,,1.701,176.4,0,OVERSTOCK,5,183.15,10 units in stock and no units sold in the last 30 days
BR003,MED072,Ibuprofen 400mg (VitaCure Remedies),Analgesics,16,362.98,0.0811,240.0,2.968,161.7,2,OVERSTOCK,8,181.49,240 days of cover at the recent 0.07 units/day (limit 90): about 8 units above the limit
BR002,MED426,Montelukast 5mg (CarePlus Laboratories),Respiratory,10,1796.55,0.1071,100.0,3.024,99.2,3,OVERSTOCK,1,179.66,100 days of cover at the recent 0.10 units/day (limit 90): about 1 units above the limit
BR001,MED209,Domperidone 10mg (LifeSpring Pharma),Gastrointestinal,16,574.88,0.1214,160.0,3.929,122.2,3,OVERSTOCK,5,179.65,160 days of cover at the recent 0.10 units/day (limit 90): about 5 units above the limit
BR003,MED225,Omeprazole 40mg (TrueLife Remedies),Gastrointestinal,13,579.27,0.1071,130.0,2.775,140.5,3,OVERSTOCK,4,178.24,130 days of cover at the recent 0.10 units/day (limit 90): about 4 units above the limit
BR002,MED157,Paracetamol Suspension 125mg/5ml,Antipyretics,14,617.75,0.1071,140.0,3.549,118.3,3,OVERSTOCK,4,176.5,140 days of cover at the recent 0.10 units/day (limit 90): about 4 units above the limit
BR004,MED426,Montelukast 5mg (CarePlus Laboratories),Respiratory,4,702.12,0.0367,,1.314,91.3,0,OVERSTOCK,1,175.53,4 units in stock and no units sold in the last 30 days
BR005,MED110,Azithromycin 500mg (VitaCure Remedies),Antibiotics,10,874.84,0.0893,150.0,2.714,110.5,2,OVERSTOCK,2,174.97,150 days of cover at the recent 0.07 units/day (limit 90): about 2 units above the limit
BR001,MED128,Ciprofloxacin 500mg (BlueCrest Pharma),Antibiotics,10,434.38,0.0609,300.0,2.23,134.5,1,OVERSTOCK,4,173.75,300 days of cover at the recent 0.03 units/day (limit 90): about 4 units above the limit
BR004,MED157,Paracetamol Suspension 125mg/5ml,Antipyretics,10,433.54,0.0741,150.0,2.109,142.2,2,OVERSTOCK,4,173.42,150 days of cover at the recent 0.07 units/day (limit 90): about 4 units above the limit
BR005,MED006,Paracetamol Suspension 250mg/5ml,Antipyretics,16,554.41,0.1266,240.0,3.965,121.1,2,OVERSTOCK,5,173.25,240 days of cover at the recent 0.07 units/day (limit 90): about 5 units above the limit
BR004,MED409,Ambroxol + Levosalbutamol Syrup 100ml (VitaCure Remedies),Respiratory,10,854.3,0.0704,300.0,2.697,111.2,1,OVERSTOCK,2,170.86,300 days of cover at the recent 0.03 units/day (limit 90): about 2 units above the limit
BR005,MED232,Ondansetron 4mg (Stellar Formulations),Gastrointestinal,11,466.43,0.072,330.0,2.664,123.9,1,OVERSTOCK,4,169.61,330 days of cover at the recent 0.03 units/day (limit 90): about 4 units above the limit
BR004,MED352,Gliclazide 40mg (NovaMed Laboratories),Antidiabetic,15,844.72,0.1171,225.0,4.191,107.4,2,OVERSTOCK,3,168.94,225 days of cover at the recent 0.07 units/day (limit 90): about 3 units above the limit
BR002,MED136,Mefenamic Acid 250mg (HealthAxis Pharma),Antipyretics,16,528.16,0.1107,160.0,3.756,127.8,3,OVERSTOCK,5,165.05,160 days of cover at the recent 0.10 units/day (limit 90): about 5 units above the limit
BR005,MED266,Amlodipine 2.5mg (VitaCure Remedies),Cardiovascular,21,687.03,0.1429,126.0,5.383,117.0,5,OVERSTOCK,5,163.58,126 days of cover at the recent 0.17 units/day (limit 90): about 5 units above the limit
BR004,MED425,Montelukast 5mg,Respiratory,16,2613.19,0.1301,160.0,5.135,93.5,3,OVERSTOCK,1,163.32,160 days of cover at the recent 0.10 units/day (limit 90): about 1 units above the limit
BR004,MED208,Domperidone 10mg (HealthAxis Pharma),Gastrointestinal,11,447.68,0.0679,165.0,2.456,134.4,2,OVERSTOCK,4,162.79,165 days of cover at the recent 0.07 units/day (limit 90): about 4 units above the limit
BR004,MED479,Calamine Lotion 100ml (LifeSpring Pharma),Dermatological,9,485.94,0.0574,270.0,2.042,132.2,1,OVERSTOCK,3,161.98,270 days of cover at the recent 0.03 units/day (limit 90): about 3 units above the limit
BR001,MED428,Montelukast 5mg (Summit Lifesciences),Respiratory,17,2742.84,0.1256,170.0,5.402,94.4,3,OVERSTOCK,1,161.34,170 days of cover at the recent 0.10 units/day (limit 90): about 1 units above the limit
BR003,MED036,Loperamide 2mg,Gastrointestinal,16,368.68,0.1071,160.0,3.291,145.9,3,OVERSTOCK,7,161.3,160 days of cover at the recent 0.10 units/day (limit 90): about 7 units above the limit
BR003,MED220,Omeprazole 20mg (VitaCure Remedies),Gastrointestinal,22,885.05,0.2143,110.0,5.223,126.4,6,OVERSTOCK,4,160.92,110 days of cover at the recent 0.20 units/day (limit 90): about 4 units above the limit
BR002,MED494,Ketoconazole Shampoo 2% (LifeSpring Pharma),Dermatological,11,1765.88,0.1004,165.0,3.575,92.3,2,OVERSTOCK,1,160.53,165 days of cover at the recent 0.07 units/day (limit 90): about 1 units above the limit
BR002,MED072,Ibuprofen 400mg (VitaCure Remedies),Analgesics,14,319.28,0.0676,210.0,2.548,164.8,2,OVERSTOCK,7,159.64,210 days of cover at the recent 0.07 units/day (limit 90): about 7 units above the limit
BR002,MED323,Rosuvastatin 20mg (NovaMed Laboratories),Cardiovascular,19,3005.74,0.2143,95.0,6.247,91.2,6,OVERSTOCK,1,158.2,95 days of cover at the recent 0.20 units/day (limit 90): about 1 units above the limit
BR003,MED193,Levocetirizine 5mg (LifeSpring Pharma),Antihistamines,21,1099.84,0.1786,126.0,6.032,104.4,5,OVERSTOCK,3,157.12,126 days of cover at the recent 0.17 units/day (limit 90): about 3 units above the limit
BR004,MED176,Chlorpheniramine 4mg (BlueCrest Pharma),Antihistamines,35,272.04,0.1429,210.0,4.392,239.1,5,OVERSTOCK,20,155.45,210 days of cover at the recent 0.17 units/day (limit 90): about 20 units above the limit
BR005,MED188,Fexofenadine 180mg (HealthAxis Pharma),Antihistamines,7,1081.29,0.0614,210.0,2.225,94.4,1,OVERSTOCK,1,154.47,210 days of cover at the recent 0.03 units/day (limit 90): about 1 units above the limit
BR001,MED493,Ketoconazole Shampoo 2% (Aarogya Formulations),Dermatological,9,1375.35,0.0939,135.0,2.973,90.8,2,OVERSTOCK,1,152.82,135 days of cover at the recent 0.07 units/day (limit 90): about 1 units above the limit
BR004,MED056,Aceclofenac + Paracetamol 100mg/325mg (HealthAxis Pharma),Analgesics,10,509.36,0.0649,300.0,2.44,123.0,1,OVERSTOCK,3,152.81,300 days of cover at the recent 0.03 units/day (limit 90): about 3 units above the limit
BR002,MED176,Chlorpheniramine 4mg (BlueCrest Pharma),Antihistamines,34,267.45,0.1377,1020.0,5.263,193.8,1,OVERSTOCK,19,149.46,1020 days of cover at the recent 0.03 units/day (limit 90): about 19 units above the limit
BR004,MED423,Montelukast 10mg (Summit Lifesciences),Respiratory,9,1334.52,0.0786,135.0,2.863,94.3,2,OVERSTOCK,1,148.28,135 days of cover at the recent 0.07 units/day (limit 90): about 1 units above the limit
BR002,MED088,Naproxen 500mg (NovaMed Laboratories),Analgesics,8,586.79,0.0531,,2.105,114.0,0,OVERSTOCK,2,146.7,8 units in stock and no units sold in the last 30 days
BR001,MED214,Omeprazole 20mg (Aarogya Formulations),Gastrointestinal,13,476.32,0.1071,130.0,3.081,126.6,3,OVERSTOCK,4,146.56,130 days of cover at the recent 0.10 units/day (limit 90): about 4 units above the limit
BR001,MED174,Cetirizine 5mg (VitaCure Remedies),Antihistamines,16,331.97,0.0807,480.0,3.026,158.6,1,OVERSTOCK,7,145.24,480 days of cover at the recent 0.03 units/day (limit 90): about 7 units above the limit
BR003,MED423,Montelukast 10mg (Summit Lifesciences),Respiratory,13,1864.14,0.1429,97.5,3.999,97.5,4,OVERSTOCK,1,143.4,98 days of cover at the recent 0.13 units/day (limit 90): about 1 units above the limit
BR003,MED174,Cetirizine 5mg (VitaCure Remedies),Antihistamines,22,450.4,0.1429,165.0,5.019,131.5,4,OVERSTOCK,7,143.31,165 days of cover at the recent 0.13 units/day (limit 90): about 7 units above the limit
BR004,MED251,Pantoprazole 20mg (BlueCrest Pharma),Gastrointestinal,13,915.29,0.1077,195.0,3.809,102.4,2,OVERSTOCK,2,140.81,195 days of cover at the recent 0.07 units/day (limit 90): about 2 units above the limit
BR004,MED036,Loperamide 2mg,Gastrointestinal,13,303.93,0.065,195.0,2.381,163.8,2,OVERSTOCK,6,140.28,195 days of cover at the recent 0.07 units/day (limit 90): about 6 units above the limit
BR003,MED252,Pantoprazole 20mg (CarePlus Laboratories),Gastrointestinal,13,904.0,0.1119,195.0,3.752,103.9,2,OVERSTOCK,2,139.08,195 days of cover at the recent 0.07 units/day (limit 90): about 2 units above the limit
BR001,MED093,Paracetamol 250mg,Analgesics,20,463.06,0.1217,200.0,4.761,126.0,3,OVERSTOCK,6,138.92,200 days of cover at the recent 0.10 units/day (limit 90): about 6 units above the limit
BR004,MED268,Amlodipine 10mg (LifeSpring Pharma),Cardiovascular,11,379.69,0.078,,2.623,125.8,0,OVERSTOCK,4,138.07,11 units in stock and no units sold in the last 30 days
BR001,MED485,Clotrimazole Cream 2% (Stellar Formulations),Dermatological,9,612.76,0.0761,135.0,2.498,108.1,2,OVERSTOCK,2,136.17,135 days of cover at the recent 0.07 units/day (limit 90): about 2 units above the limit
BR001,MED260,Amlodipine 5mg (VitaCure Remedies),Cardiovascular,13,352.32,0.0876,,2.781,140.2,0,OVERSTOCK,5,135.51,13 units in stock and no units sold in the last 30 days
BR002,MED485,Clotrimazole Cream 2% (Stellar Formulations),Dermatological,7,473.63,0.0524,210.0,1.695,123.9,1,OVERSTOCK,2,135.32,210 days of cover at the recent 0.03 units/day (limit 90): about 2 units above the limit
BR002,MED229,Ondansetron 4mg (CureLine Healthcare),Gastrointestinal,9,405.81,0.0599,270.0,2.012,134.2,1,OVERSTOCK,3,135.27,270 days of cover at the recent 0.03 units/day (limit 90): about 3 units above the limit
BR004,MED237,Ondansetron 8mg (TrueLife Remedies),Gastrointestinal,10,450.05,0.062,300.0,2.472,121.4,1,OVERSTOCK,3,135.02,300 days of cover at the recent 0.03 units/day (limit 90): about 3 units above the limit
BR003,MED457,Multivitamin B-complex+C (BlueCrest Pharma),Vitamins,19,641.24,0.1304,285.0,5.064,112.6,2,OVERSTOCK,4,135.0,285 days of cover at the recent 0.07 units/day (limit 90): about 4 units above the limit
BR003,MED281,Atorvastatin 10mg (Aarogya Formulations),Cardiovascular,13,866.72,0.0996,390.0,3.976,98.1,1,OVERSTOCK,2,133.34,390 days of cover at the recent 0.03 units/day (limit 90): about 2 units above the limit
BR001,MED246,Pantoprazole 40mg (CarePlus Laboratories),Gastrointestinal,15,996.3,0.1429,112.5,4.582,98.2,4,OVERSTOCK,2,132.84,112 days of cover at the recent 0.13 units/day (limit 90): about 2 units above the limit
BR005,MED053,Fusidic Acid Cream 2%,Dermatological,13,1714.0,0.1071,97.5,3.089,126.3,4,OVERSTOCK,1,131.85,98 days of cover at the recent 0.13 units/day (limit 90): about 1 units above the limit
BR003,MED449,Iron + Folic Acid 100mg/500mcg (BlueCrest Pharma),Vitamins,18,1184.68,0.1409,270.0,5.407,99.9,2,OVERSTOCK,2,131.63,270 days of cover at the recent 0.07 units/day (limit 90): about 2 units above the limit
BR005,MED422,Montelukast 10mg (NovaMed Laboratories),Respiratory,11,1447.61,0.0924,165.0,3.571,92.4,2,OVERSTOCK,1,131.6,165 days of cover at the recent 0.07 units/day (limit 90): about 1 units above the limit
BR001,MED028,Mefenamic Acid 250mg,Antipyretics,19,624.12,0.1604,142.5,5.303,107.5,4,OVERSTOCK,4,131.39,142 days of cover at the recent 0.13 units/day (limit 90): about 4 units above the limit
BR002,MED016,Salbutamol Inhaler 100mcg,Respiratory,14,1808.8,0.1157,105.0,4.616,91.0,4,OVERSTOCK,1,129.2,105 days of cover at the recent 0.13 units/day (limit 90): about 1 units above the limit
BR003,MED157,Paracetamol Suspension 125mg/5ml,Antipyretics,11,471.08,0.0871,330.0,2.722,121.2,1,OVERSTOCK,3,128.48,330 days of cover at the recent 0.03 units/day (limit 90): about 3 units above the limit
BR005,MED248,Pantoprazole 40mg (TrueLife Remedies),Gastrointestinal,11,695.31,0.1071,110.0,3.275,100.8,3,OVERSTOCK,2,126.42,110 days of cover at the recent 0.10 units/day (limit 90): about 2 units above the limit
BR004,MED243,ORS Powder 21.8g (TrueLife Remedies),Gastrointestinal,14,221.05,0.0686,420.0,2.247,186.9,1,OVERSTOCK,8,126.31,420 days of cover at the recent 0.03 units/day (limit 90): about 8 units above the limit
BR001,MED016,Salbutamol Inhaler 100mcg,Respiratory,11,1383.65,0.1071,110.0,3.594,91.8,3,OVERSTOCK,1,125.79,110 days of cover at the recent 0.10 units/day (limit 90): about 1 units above the limit
BR002,MED339,Telmisartan 80mg (CureLine Healthcare),Cardiovascular,12,1502.74,0.0989,360.0,3.962,90.9,1,OVERSTOCK,1,125.23,360 days of cover at the recent 0.03 units/day (limit 90): about 1 units above the limit
BR004,MED353,Gliclazide 40mg (Stellar Formulations),Antidiabetic,11,688.44,0.0974,330.0,3.323,99.3,1,OVERSTOCK,2,125.17,330 days of cover at the recent 0.03 units/day (limit 90): about 2 units above the limit
BR002,MED451,Iron + Folic Acid 100mg/500mcg (CureLine Healthcare),Vitamins,13,792.77,0.0983,390.0,3.883,100.4,1,OVERSTOCK,2,121.96,390 days of cover at the recent 0.03 units/day (limit 90): about 2 units above the limit
BR004,MED455,Iron + Folic Acid 100mg/500mcg (Summit Lifesciences),Vitamins,9,548.39,0.0743,,2.523,107.0,0,OVERSTOCK,2,121.86,9 units in stock and no units sold in the last 30 days
BR005,MED211,Loperamide 2mg (Aarogya Formulations),Gastrointestinal,15,365.37,0.0774,225.0,3.524,127.7,2,OVERSTOCK,5,121.79,225 days of cover at the recent 0.07 units/day (limit 90): about 5 units above the limit
BR004,MED464,Vitamin C Chewable 500mg (TrueLife Remedies),Vitamins,14,282.98,0.0797,420.0,2.732,153.7,1,OVERSTOCK,6,121.28,420 days of cover at the recent 0.03 units/day (limit 90): about 6 units above the limit
BR001,MED458,Multivitamin B-complex+C (HealthAxis Pharma),Vitamins,21,632.03,0.1624,157.5,5.912,106.6,4,OVERSTOCK,4,120.39,158 days of cover at the recent 0.13 units/day (limit 90): about 4 units above the limit
BR004,MED451,Iron + Folic Acid 100mg/500mcg (CureLine Healthcare),Vitamins,9,538.21,0.0743,,2.523,107.0,0,OVERSTOCK,2,119.6,9 units in stock and no units sold in the last 30 days
BR004,MED389,Metformin 1000mg,Antidiabetic,15,445.26,0.119,450.0,3.99,112.8,1,OVERSTOCK,4,118.74,450 days of cover at the recent 0.03 units/day (limit 90): about 4 units above the limit
BR004,MED375,Glimepiride + Metformin 2mg/500mg (Summit Lifesciences),Antidiabetic,10,1181.75,0.1071,100.0,2.433,123.3,3,OVERSTOCK,1,118.18,100 days of cover at the recent 0.10 units/day (limit 90): about 1 units above the limit
BR002,MED489,Fusidic Acid Cream 2% (VitaCure Remedies),Dermatological,7,813.47,0.0833,105.0,1.641,128.0,2,OVERSTOCK,1,116.21,105 days of cover at the recent 0.07 units/day (limit 90): about 1 units above the limit
BR001,MED036,Loperamide 2mg,Gastrointestinal,15,348.31,0.0959,225.0,3.415,131.8,2,OVERSTOCK,5,116.1,225 days of cover at the recent 0.07 units/day (limit 90): about 5 units above the limit
BR003,MED132,Doxycycline 100mg (ApexLife Pharma),Antibiotics,11,636.86,0.1166,110.0,3.238,101.9,3,OVERSTOCK,2,115.79,110 days of cover at the recent 0.10 units/day (limit 90): about 2 units above the limit
BR003,MED196,Levocetirizine 2.5mg,Antihistamines,9,513.18,0.074,270.0,2.411,112.0,1,OVERSTOCK,2,114.04,270 days of cover at the recent 0.03 units/day (limit 90): about 2 units above the limit
BR005,MED072,Ibuprofen 400mg (VitaCure Remedies),Analgesics,16,360.44,0.0949,480.0,3.702,129.7,1,OVERSTOCK,5,112.64,480 days of cover at the recent 0.03 units/day (limit 90): about 5 units above the limit
BR001,MED045,Gliclazide 80mg,Antidiabetic,12,669.54,0.102,360.0,3.559,101.2,1,OVERSTOCK,2,111.59,360 days of cover at the recent 0.03 units/day (limit 90): about 2 units above the limit
BR001,MED478,Calamine Lotion 100ml (CureLine Healthcare),Dermatological,20,1111.51,0.1791,100.0,5.754,104.3,6,OVERSTOCK,2,111.15,100 days of cover at the recent 0.20 units/day (limit 90): about 2 units above the limit
BR003,MED129,Ciprofloxacin 250mg,Antibiotics,8,443.73,0.0714,120.0,2.048,117.2,2,OVERSTOCK,2,110.93,120 days of cover at the recent 0.07 units/day (limit 90): about 2 units above the limit
BR004,MED260,Amlodipine 5mg (VitaCure Remedies),Cardiovascular,11,304.91,0.078,165.0,2.623,125.8,2,OVERSTOCK,4,110.88,165 days of cover at the recent 0.07 units/day (limit 90): about 4 units above the limit
BR001,MED198,Levocetirizine 2.5mg (Stellar Formulations),Antihistamines,11,608.39,0.0764,165.0,3.018,109.3,2,OVERSTOCK,2,110.62,165 days of cover at the recent 0.07 units/day (limit 90): about 2 units above the limit
BR005,MED119,Azithromycin 250mg (TrueLife Remedies),Antibiotics,14,1543.54,0.1344,140.0,4.388,95.7,3,OVERSTOCK,1,110.25,140 days of cover at the recent 0.10 units/day (limit 90): about 1 units above the limit
BR004,MED334,Telmisartan 20mg (LifeSpring Pharma),Cardiovascular,8,866.09,0.078,120.0,2.494,96.2,2,OVERSTOCK,1,108.26,120 days of cover at the recent 0.07 units/day (limit 90): about 1 units above the limit
BR005,MED242,ORS Powder 21.8g (Summit Lifesciences),Gastrointestinal,13,196.03,0.0619,,2.127,183.4,0,OVERSTOCK,7,105.55,13 units in stock and no units sold in the last 30 days
BR002,MED054,Calamine Lotion 100ml,Dermatological,8,421.7,0.07,120.0,2.152,111.5,2,OVERSTOCK,2,105.42,120 days of cover at the recent 0.07 units/day (limit 90): about 2 units above the limit
BR004,MED156,Paracetamol Suspension 250mg/5ml (TrueLife Remedies),Antipyretics,10,351.15,0.0744,,2.401,124.9,0,OVERSTOCK,3,105.34,10 units in stock and no units sold in the last 30 days
BR002,MED045,Gliclazide 80mg,Antidiabetic,8,417.19,0.0627,240.0,2.128,112.8,1,OVERSTOCK,2,104.3,240 days of cover at the recent 0.03 units/day (limit 90): about 2 units above the limit
BR004,MED174,Cetirizine 5mg (VitaCure Remedies),Antihistamines,11,228.61,0.0714,165.0,2.225,148.3,2,OVERSTOCK,5,103.91,165 days of cover at the recent 0.07 units/day (limit 90): about 5 units above the limit
BR005,MED067,Ibuprofen 400mg (Aarogya Formulations),Analgesics,17,436.24,0.1079,170.0,4.367,116.8,3,OVERSTOCK,4,102.64,170 days of cover at the recent 0.10 units/day (limit 90): about 4 units above the limit
BR003,MED244,ORS Powder 21.8g (VitaCure Remedies),Gastrointestinal,15,256.35,0.0996,450.0,3.023,148.9,1,OVERSTOCK,6,102.54,450 days of cover at the recent 0.03 units/day (limit 90): about 6 units above the limit
BR002,MED244,ORS Powder 21.8g (VitaCure Remedies),Gastrointestinal,12,202.28,0.0633,360.0,2.128,169.2,1,OVERSTOCK,6,101.14,360 days of cover at the recent 0.03 units/day (limit 90): about 6 units above the limit
BR005,MED243,ORS Powder 21.8g (TrueLife Remedies),Gastrointestinal,20,328.83,0.1429,150.0,4.922,121.9,4,OVERSTOCK,6,98.65,150 days of cover at the recent 0.13 units/day (limit 90): about 6 units above the limit
BR003,MED136,Mefenamic Acid 250mg (HealthAxis Pharma),Antipyretics,16,510.16,0.1346,240.0,4.582,104.8,2,OVERSTOCK,3,95.66,240 days of cover at the recent 0.07 units/day (limit 90): about 3 units above the limit
BR002,MED071,Ibuprofen 400mg (Stellar Formulations),Analgesics,16,377.92,0.1071,160.0,4.048,118.6,3,OVERSTOCK,4,94.48,160 days of cover at the recent 0.10 units/day (limit 90): about 4 units above the limit
BR003,MED213,Loperamide 2mg (LifeSpring Pharma),Gastrointestinal,14,261.1,0.1071,140.0,3.263,128.7,3,OVERSTOCK,5,93.25,140 days of cover at the recent 0.10 units/day (limit 90): about 5 units above the limit
BR002,MED028,Mefenamic Acid 250mg,Antipyretics,11,341.38,0.0873,330.0,2.993,110.3,1,OVERSTOCK,3,93.1,330 days of cover at the recent 0.03 units/day (limit 90): about 3 units above the limit
BR004,MED275,Aspirin 75mg (NovaMed Laboratories),Cardiovascular,25,143.25,0.1087,750.0,3.195,234.7,1,OVERSTOCK,16,91.68,750 days of cover at the recent 0.03 units/day (limit 90): about 16 units above the limit
BR005,MED178,Chlorpheniramine 4mg (HealthAxis Pharma),Antihistamines,25,197.95,0.1266,375.0,4.761,157.5,2,OVERSTOCK,11,87.1,375 days of cover at the recent 0.07 units/day (limit 90): about 11 units above the limit
BR002,MED089,Paracetamol 500mg (Aarogya Formulations),Analgesics,21,362.36,0.1786,126.0,5.382,117.1,5,OVERSTOCK,5,86.28,126 days of cover at the recent 0.17 units/day (limit 90): about 5 units above the limit
BR004,MED258,Amlodipine 5mg (NovaMed Laboratories),Cardiovascular,12,339.69,0.1071,120.0,3.015,119.4,3,OVERSTOCK,3,84.92,120 days of cover at the recent 0.10 units/day (limit 90): about 3 units above the limit
BR005,MED469,Vitamin C Chewable 1000mg (CureLine Healthcare),Vitamins,25,705.2,0.25,107.1,7.376,101.7,7,OVERSTOCK,3,84.62,107 days of cover at the recent 0.23 units/day (limit 90): about 3 units above the limit
BR003,MED160,Paracetamol Suspension 125mg/5ml (TrueLife Remedies),Antipyretics,14,587.87,0.1429,105.0,4.075,103.1,4,OVERSTOCK,2,83.98,105 days of cover at the recent 0.13 units/day (limit 90): about 2 units above the limit
BR001,MED110,Azithromycin 500mg (VitaCure Remedies),Antibiotics,7,585.31,0.0593,210.0,2.021,103.9,1,OVERSTOCK,1,83.62,210 days of cover at the recent 0.03 units/day (limit 90): about 1 units above the limit
BR004,MED267,Amlodipine 10mg,Cardiovascular,15,622.85,0.1263,225.0,4.638,97.0,2,OVERSTOCK,2,83.05,225 days of cover at the recent 0.07 units/day (limit 90): about 2 units above the limit
BR005,MED172,Cetirizine 5mg (Summit Lifesciences),Antihistamines,17,349.36,0.1104,510.0,4.622,110.3,1,OVERSTOCK,4,82.2,510 days of cover at the recent 0.03 units/day (limit 90): about 4 units above the limit
BR002,MED110,Azithromycin 500mg (VitaCure Remedies),Antibiotics,5,410.33,0.0511,150.0,1.568,95.7,1,OVERSTOCK,1,82.07,150 days of cover at the recent 0.03 units/day (limit 90): about 1 units above the limit
BR001,MED143,Mefenamic Acid 500mg (LifeSpring Pharma),Antipyretics,6,244.26,0.0536,,1.628,110.6,0,OVERSTOCK,2,81.42,6 units in stock and no units sold in the last 30 days
BR004,MED216,Omeprazole 20mg (CureLine Healthcare),Gastrointestinal,9,364.83,0.0607,270.0,2.406,112.2,1,OVERSTOCK,2,81.07,270 days of cover at the recent 0.03 units/day (limit 90): about 2 units above the limit
BR005,MED216,Omeprazole 20mg (CureLine Healthcare),Gastrointestinal,10,404.84,0.0746,150.0,2.749,109.1,2,OVERSTOCK,2,80.97,150 days of cover at the recent 0.07 units/day (limit 90): about 2 units above the limit
BR004,MED177,Chlorpheniramine 4mg (CarePlus Laboratories),Antihistamines,15,134.58,0.0551,,2.09,215.3,0,OVERSTOCK,9,80.75,15 units in stock and no units sold in the last 30 days
BR005,MED227,Ondansetron 4mg (BlueCrest Pharma),Gastrointestinal,12,477.93,0.1071,120.0,3.366,107.0,3,OVERSTOCK,2,79.66,120 days of cover at the recent 0.10 units/day (limit 90): about 2 units above the limit
BR002,MED227,Ondansetron 4mg (BlueCrest Pharma),Gastrointestinal,8,316.27,0.0714,120.0,2.18,110.1,2,OVERSTOCK,2,79.07,120 days of cover at the recent 0.07 units/day (limit 90): about 2 units above the limit
BR002,MED170,Cetirizine 5mg (CureLine Healthcare),Antihistamines,9,177.12,0.055,270.0,1.876,143.9,1,OVERSTOCK,4,78.72,270 days of cover at the recent 0.03 units/day (limit 90): about 4 units above the limit
BR001,MED170,Cetirizine 5mg (CureLine Healthcare),Antihistamines,10,196.28,0.0651,,2.017,148.7,0,OVERSTOCK,4,78.51,10 units in stock and no units sold in the last 30 days
BR001,MED123,Cefixime 200mg (Stellar Formulations),Antibiotics,13,1009.87,0.1429,97.5,3.681,105.9,4,OVERSTOCK,1,77.68,98 days of cover at the recent 0.13 units/day (limit 90): about 1 units above the limit
BR004,MED279,Aspirin 150mg (Summit Lifesciences),Cardiovascular,19,145.5,0.1,285.0,3.128,182.2,2,OVERSTOCK,10,76.58,285 days of cover at the recent 0.07 units/day (limit 90): about 10 units above the limit
BR002,MED303,Losartan 25mg (NovaMed Laboratories),Cardiovascular,11,840.62,0.1071,110.0,3.544,93.1,3,OVERSTOCK,1,76.42,110 days of cover at the recent 0.10 units/day (limit 90): about 1 units above the limit
BR002,MED180,Chlorpheniramine 4mg (VitaCure Remedies),Antihistamines,14,132.0,0.059,,2.141,196.2,0,OVERSTOCK,8,75.43,14 units in stock and no units sold in the last 30 days
BR004,MED274,Aspirin 75mg (LifeSpring Pharma),Cardiovascular,18,111.2,0.0646,,2.285,236.3,0,OVERSTOCK,12,74.13,18 units in stock and no units sold in the last 30 days
BR001,MED099,Amoxicillin 250mg (Stellar Formulations),Antibiotics,12,884.39,0.126,120.0,3.722,96.7,3,OVERSTOCK,1,73.7,120 days of cover at the recent 0.10 units/day (limit 90): about 1 units above the limit
BR005,MED065,Diclofenac 100mg (CureLine Healthcare),Analgesics,14,514.48,0.1429,105.0,3.692,113.8,4,OVERSTOCK,2,73.5,105 days of cover at the recent 0.13 units/day (limit 90): about 2 units above the limit
BR005,MED297,Losartan 50mg (Aarogya Formulations),Cardiovascular,15,1102.51,0.1304,225.0,4.718,95.4,2,OVERSTOCK,1,73.5,225 days of cover at the recent 0.07 units/day (limit 90): about 1 units above the limit
BR001,MED259,Amlodipine 5mg (Stellar Formulations),Cardiovascular,17,416.0,0.1317,255.0,4.883,104.4,2,OVERSTOCK,3,73.41,255 days of cover at the recent 0.07 units/day (limit 90): about 3 units above the limit
BR004,MED259,Amlodipine 5mg (Stellar Formulations),Cardiovascular,12,292.76,0.0757,180.0,3.081,116.8,2,OVERSTOCK,3,73.19,180 days of cover at the recent 0.07 units/day (limit 90): about 3 units above the limit
BR003,MED214,Omeprazole 20mg (Aarogya Formulations),Gastrointestinal,8,287.84,0.0601,240.0,2.238,107.2,1,OVERSTOCK,2,71.96,240 days of cover at the recent 0.03 units/day (limit 90): about 2 units above the limit
BR002,MED250,Pantoprazole 20mg (ApexLife Pharma),Gastrointestinal,13,923.66,0.1234,130.0,4.27,91.3,3,OVERSTOCK,1,71.05,130 days of cover at the recent 0.10 units/day (limit 90): about 1 units above the limit
BR004,MED253,Pantoprazole 20mg (Stellar Formulations),Gastrointestinal,13,906.41,0.1071,97.5,2.786,140.0,4,OVERSTOCK,1,69.72,98 days of cover at the recent 0.13 units/day (limit 90): about 1 units above the limit
BR002,MED085,Naproxen 500mg,Analgesics,8,547.2,0.0776,240.0,2.66,90.2,1,OVERSTOCK,1,68.4,240 days of cover at the recent 0.03 units/day (limit 90): about 1 units above the limit
BR001,MED486,Clotrimazole Cream 2% (TrueLife Remedies),Dermatological,7,476.14,0.0714,105.0,1.992,105.4,2,OVERSTOCK,1,68.02,105 days of cover at the recent 0.07 units/day (limit 90): about 1 units above the limit
BR004,MED209,Domperidone 10mg (LifeSpring Pharma),Gastrointestinal,9,303.45,0.0714,135.0,2.538,106.4,2,OVERSTOCK,2,67.43,135 days of cover at the recent 0.07 units/day (limit 90): about 2 units above the limit
BR001,MED041,Clopidogrel 75mg,Cardiovascular,10,669.1,0.09,100.0,2.683,111.8,3,OVERSTOCK,1,66.91,100 days of cover at the recent 0.10 units/day (limit 90): about 1 units above the limit
BR001,MED087,Naproxen 500mg (LifeSpring Pharma),Analgesics,14,919.81,0.1429,105.0,4.531,92.7,4,OVERSTOCK,1,65.7,105 days of cover at the recent 0.13 units/day (limit 90): about 1 units above the limit
BR003,MED077,Ibuprofen 200mg (VitaCure Remedies),Analgesics,20,638.75,0.2143,100.0,5.591,107.3,6,OVERSTOCK,2,63.88,100 days of cover at the recent 0.20 units/day (limit 90): about 2 units above the limit
BR003,MED451,Iron + Folic Acid 100mg/500mcg (CureLine Healthcare),Vitamins,13,820.51,0.1063,130.0,4.162,93.7,3,OVERSTOCK,1,63.12,130 days of cover at the recent 0.10 units/day (limit 90): about 1 units above the limit
BR005,MED279,Aspirin 150mg (Summit Lifesciences),Cardiovascular,26,203.82,0.2143,130.0,5.795,134.6,6,OVERSTOCK,8,62.71,130 days of cover at the recent 0.20 units/day (limit 90): about 8 units above the limit
BR005,MED051,Iron + Folic Acid 100mg/500mcg,Vitamins,14,869.97,0.1429,105.0,4.352,96.5,4,OVERSTOCK,1,62.14,105 days of cover at the recent 0.13 units/day (limit 90): about 1 units above the limit
BR002,MED150,Paracetamol 650mg (CarePlus Laboratories),Antipyretics,15,307.94,0.1194,150.0,4.049,111.1,3,OVERSTOCK,3,61.59,150 days of cover at the recent 0.10 units/day (limit 90): about 3 units above the limit
BR002,MED458,Multivitamin B-complex+C (HealthAxis Pharma),Vitamins,10,307.0,0.0834,150.0,2.915,102.9,2,OVERSTOCK,2,61.4,150 days of cover at the recent 0.07 units/day (limit 90): about 2 units above the limit
BR002,MED464,Vitamin C Chewable 500mg (TrueLife Remedies),Vitamins,11,224.57,0.0729,330.0,2.714,121.6,1,OVERSTOCK,3,61.25,330 days of cover at the recent 0.03 units/day (limit 90): about 3 units above the limit
BR002,MED353,Gliclazide 40mg (Stellar Formulations),Antidiabetic,13,789.32,0.1264,130.0,4.263,91.5,3,OVERSTOCK,1,60.72,130 days of cover at the recent 0.10 units/day (limit 90): about 1 units above the limit
BR001,MED451,Iron + Folic Acid 100mg/500mcg (CureLine Healthcare),Vitamins,13,775.41,0.093,97.5,3.44,113.4,4,OVERSTOCK,1,59.65,98 days of cover at the recent 0.13 units/day (limit 90): about 1 units above the limit
BR004,MED175,Chlorpheniramine 4mg (ApexLife Pharma),Antihistamines,13,107.25,0.0519,390.0,2.064,189.0,1,OVERSTOCK,7,57.75,390 days of cover at the recent 0.03 units/day (limit 90): about 7 units above the limit
BR003,MED180,Chlorpheniramine 4mg (VitaCure Remedies),Antihistamines,12,111.6,0.0659,360.0,2.275,158.2,1,OVERSTOCK,6,55.8,360 days of cover at the recent 0.03 units/day (limit 90): about 6 units above the limit
BR001,MED348,Gliclazide 80mg (TrueLife Remedies),Antidiabetic,20,1115.64,0.1614,150.0,6.555,91.5,4,OVERSTOCK,1,55.78,150 days of cover at the recent 0.13 units/day (limit 90): about 1 units above the limit
BR005,MED032,Chlorpheniramine 4mg,Antihistamines,22,202.78,0.1786,132.0,5.546,119.0,5,OVERSTOCK,6,55.3,132 days of cover at the recent 0.17 units/day (limit 90): about 6 units above the limit
BR001,MED309,Metoprolol 50mg (NovaMed Laboratories),Cardiovascular,15,829.35,0.1387,150.0,4.963,90.7,3,OVERSTOCK,1,55.29,150 days of cover at the recent 0.10 units/day (limit 90): about 1 units above the limit
BR005,MED478,Calamine Lotion 100ml (CureLine Healthcare),Dermatological,10,537.77,0.0981,150.0,3.262,92.0,2,OVERSTOCK,1,53.78,150 days of cover at the recent 0.07 units/day (limit 90): about 1 units above the limit
BR005,MED193,Levocetirizine 5mg (LifeSpring Pharma),Antihistamines,13,679.62,0.1429,97.5,4.047,96.4,4,OVERSTOCK,1,52.28,98 days of cover at the recent 0.13 units/day (limit 90): about 1 units above the limit
BR002,MED175,Chlorpheniramine 4mg (ApexLife Pharma),Antihistamines,11,94.65,0.0493,,1.734,190.3,0,OVERSTOCK,6,51.63,11 units in stock and no units sold in the last 30 days
BR001,MED054,Calamine Lotion 100ml,Dermatological,11,539.6,0.0994,165.0,3.355,98.4,2,OVERSTOCK,1,49.05,165 days of cover at the recent 0.07 units/day (limit 90): about 1 units above the limit
BR003,MED274,Aspirin 75mg (LifeSpring Pharma),Cardiovascular,13,84.14,0.0647,,2.297,169.8,0,OVERSTOCK,7,45.31,13 units in stock and no units sold in the last 30 days
BR001,MED230,Ondansetron 4mg (LifeSpring Pharma),Gastrointestinal,10,452.08,0.1071,100.0,3.133,95.8,3,OVERSTOCK,1,45.21,100 days of cover at the recent 0.10 units/day (limit 90): about 1 units above the limit
BR002,MED128,Ciprofloxacin 500mg (BlueCrest Pharma),Antibiotics,7,310.87,0.0717,105.0,2.112,99.4,2,OVERSTOCK,1,44.41,105 days of cover at the recent 0.07 units/day (limit 90): about 1 units above the limit
BR003,MED221,Omeprazole 40mg,Gastrointestinal,7,307.49,0.0621,210.0,2.32,90.5,1,OVERSTOCK,1,43.93,210 days of cover at the recent 0.03 units/day (limit 90): about 1 units above the limit
BR004,MED010,Ondansetron 4mg,Gastrointestinal,8,351.45,0.0714,120.0,2.475,97.0,2,OVERSTOCK,1,43.93,120 days of cover at the recent 0.07 units/day (limit 90): about 1 units above the limit
BR004,MED230,Ondansetron 4mg (LifeSpring Pharma),Gastrointestinal,11,481.1,0.1024,165.0,3.651,90.4,2,OVERSTOCK,1,43.74,165 days of cover at the recent 0.07 units/day (limit 90): about 1 units above the limit
BR004,MED233,Ondansetron 4mg (Summit Lifesciences),Gastrointestinal,16,685.44,0.1786,96.0,4.562,105.2,5,OVERSTOCK,1,42.84,96 days of cover at the recent 0.17 units/day (limit 90): about 1 units above the limit
BR004,MED172,Cetirizine 5mg (Summit Lifesciences),Antihistamines,15,312.9,0.1139,225.0,4.38,102.7,2,OVERSTOCK,2,41.72,225 days of cover at the recent 0.07 units/day (limit 90): about 2 units above the limit
BR005,MED174,Cetirizine 5mg (VitaCure Remedies),Antihistamines,17,353.96,0.1274,255.0,5.189,98.3,2,OVERSTOCK,2,41.64,255 days of cover at the recent 0.07 units/day (limit 90): about 2 units above the limit
BR005,MED195,Levocetirizine 5mg (VitaCure Remedies),Antihistamines,10,414.96,0.0756,100.0,2.738,109.6,3,OVERSTOCK,1,41.5,100 days of cover at the recent 0.10 units/day (limit 90): about 1 units above the limit
BR002,MED148,Mefenamic Acid 500mg (VitaCure Remedies),Antipyretics,13,532.93,0.1429,97.5,3.96,98.5,4,OVERSTOCK,1,40.99,98 days of cover at the recent 0.13 units/day (limit 90): about 1 units above the limit
BR005,MED208,Domperidone 10mg (HealthAxis Pharma),Gastrointestinal,10,408.96,0.1071,100.0,3.074,97.6,3,OVERSTOCK,1,40.9,100 days of cover at the recent 0.10 units/day (limit 90): about 1 units above the limit
BR004,MED147,Mefenamic Acid 500mg (TrueLife Remedies),Antipyretics,9,362.16,0.0974,270.0,2.905,92.9,1,OVERSTOCK,1,40.24,270 days of cover at the recent 0.03 units/day (limit 90): about 1 units above the limit
BR003,MED170,Cetirizine 5mg (CureLine Healthcare),Antihistamines,7,136.64,0.061,210.0,1.922,109.3,1,OVERSTOCK,2,39.04,210 days of cover at the recent 0.03 units/day (limit 90): about 2 units above the limit
BR004,MED170,Cetirizine 5mg (CureLine Healthcare),Antihistamines,5,97.6,0.0459,150.0,1.333,112.5,1,OVERSTOCK,2,39.04,150 days of cover at the recent 0.03 units/day (limit 90): about 2 units above the limit
BR003,MED271,Aspirin 75mg (ApexLife Pharma),Cardiovascular,12,77.21,0.0693,,2.313,155.6,0,OVERSTOCK,6,38.6,12 units in stock and no units sold in the last 30 days
BR001,MED065,Diclofenac 100mg (CureLine Healthcare),Analgesics,12,448.76,0.1071,120.0,3.696,97.4,3,OVERSTOCK,1,37.4,120 days of cover at the recent 0.10 units/day (limit 90): about 1 units above the limit
BR001,MED153,Paracetamol Suspension 250mg/5ml (BlueCrest Pharma),Antipyretics,7,259.59,0.0714,105.0,1.867,112.5,2,OVERSTOCK,1,37.08,105 days of cover at the recent 0.07 units/day (limit 90): about 1 units above the limit
BR001,MED180,Chlorpheniramine 4mg (VitaCure Remedies),Antihistamines,11,101.74,0.0761,165.0,2.379,138.7,2,OVERSTOCK,4,37.0,165 days of cover at the recent 0.07 units/day (limit 90): about 4 units above the limit
BR004,MED180,Chlorpheniramine 4mg (VitaCure Remedies),Antihistamines,10,89.96,0.056,300.0,2.081,144.2,1,OVERSTOCK,4,35.98,300 days of cover at the recent 0.03 units/day (limit 90): about 4 units above the limit
BR002,MED006,Paracetamol Suspension 250mg/5ml,Antipyretics,16,568.38,0.1587,160.0,5.095,94.2,3,OVERSTOCK,1,35.52,160 days of cover at the recent 0.10 units/day (limit 90): about 1 units above the limit
BR001,MED141,Mefenamic Acid 500mg (HealthAxis Pharma),Antipyretics,13,438.55,0.1429,97.5,4.005,97.4,4,OVERSTOCK,1,33.73,98 days of cover at the recent 0.13 units/day (limit 90): about 1 units above the limit
BR001,MED279,Aspirin 150mg (Summit Lifesciences),Cardiovascular,25,196.05,0.2143,125.0,7.233,103.7,6,OVERSTOCK,4,31.37,125 days of cover at the recent 0.20 units/day (limit 90): about 4 units above the limit
BR002,MED074,Ibuprofen 200mg (LifeSpring Pharma),Analgesics,6,186.21,0.0521,,1.901,94.7,0,OVERSTOCK,1,31.04,6 units in stock and no units sold in the last 30 days
BR002,MED388,Metformin 850mg (VitaCure Remedies),Antidiabetic,10,305.3,0.0831,150.0,3.308,90.7,2,OVERSTOCK,1,30.53,150 days of cover at the recent 0.07 units/day (limit 90): about 1 units above the limit
BR004,MED242,ORS Powder 21.8g (Summit Lifesciences),Gastrointestinal,8,118.18,0.0581,240.0,2.25,106.7,1,OVERSTOCK,2,29.54,240 days of cover at the recent 0.03 units/day (limit 90): about 2 units above the limit
BR002,MED467,Vitamin C Chewable 1000mg (BlueCrest Pharma),Vitamins,16,454.84,0.1786,96.0,4.995,96.1,5,OVERSTOCK,1,28.43,96 days of cover at the recent 0.17 units/day (limit 90): about 1 units above the limit
BR004,MED029,Paracetamol Drops 100mg/ml,Antipyretics,15,409.99,0.1429,112.5,4.998,90.0,4,OVERSTOCK,1,27.33,112 days of cover at the recent 0.13 units/day (limit 90): about 1 units above the limit
BR004,MED211,Loperamide 2mg (Aarogya Formulations),Gastrointestinal,14,338.58,0.1429,105.0,4.386,95.8,4,OVERSTOCK,1,24.18,105 days of cover at the recent 0.13 units/day (limit 90): about 1 units above the limit
BR005,MED036,Loperamide 2mg,Gastrointestinal,13,306.81,0.1303,130.0,4.264,91.5,3,OVERSTOCK,1,23.6,130 days of cover at the recent 0.10 units/day (limit 90): about 1 units above the limit
BR002,MED471,Vitamin C Chewable 1000mg (Summit Lifesciences),Vitamins,19,399.66,0.1753,142.5,6.317,90.2,4,OVERSTOCK,1,21.03,142 days of cover at the recent 0.13 units/day (limit 90): about 1 units above the limit
BR003,MED172,Cetirizine 5mg (Summit Lifesciences),Antihistamines,18,372.63,0.1503,135.0,5.983,90.3,4,OVERSTOCK,1,20.7,135 days of cover at the recent 0.13 units/day (limit 90): about 1 units above the limit
BR001,MED150,Paracetamol 650mg (CarePlus Laboratories),Antipyretics,17,342.42,0.1623,127.5,5.389,94.6,4,OVERSTOCK,1,20.14,128 days of cover at the recent 0.13 units/day (limit 90): about 1 units above the limit
BR002,MED274,Aspirin 75mg (LifeSpring Pharma),Cardiovascular,15,94.98,0.1429,112.5,3.257,138.2,4,OVERSTOCK,3,19.0,112 days of cover at the recent 0.13 units/day (limit 90): about 3 units above the limit
BR003,MED032,Chlorpheniramine 4mg,Antihistamines,14,132.37,0.0961,420.0,4.038,104.0,1,OVERSTOCK,2,18.91,420 days of cover at the recent 0.03 units/day (limit 90): about 2 units above the limit
BR001,MED177,Chlorpheniramine 4mg (CarePlus Laboratories),Antihistamines,20,187.26,0.1577,150.0,6.285,95.5,4,OVERSTOCK,2,18.73,150 days of cover at the recent 0.13 units/day (limit 90): about 2 units above the limit
BR005,MED180,Chlorpheniramine 4mg (VitaCure Remedies),Antihistamines,9,82.02,0.0714,135.0,2.359,114.5,2,OVERSTOCK,2,18.23,135 days of cover at the recent 0.07 units/day (limit 90): about 2 units above the limit
BR005,MED274,Aspirin 75mg (LifeSpring Pharma),Cardiovascular,11,71.82,0.1071,110.0,3.122,105.7,3,OVERSTOCK,2,13.06,110 days of cover at the recent 0.10 units/day (limit 90): about 2 units above the limit
BR001,MED275,Aspirin 75mg (NovaMed Laboratories),Cardiovascular,15,88.17,0.1263,225.0,4.58,98.3,2,OVERSTOCK,2,11.76,225 days of cover at the recent 0.07 units/day (limit 90): about 2 units above the limit
BR001,MED029,Paracetamol Drops 100mg/ml,Antipyretics,13,353.31,0.1533,97.5,4.977,78.4,4,OVERSTOCK,0,-0.0,98 days of cover at the recent 0.13 units/day (limit 90): about -0 units above the limit
BR001,MED074,Ibuprofen 200mg (LifeSpring Pharma),Analgesics,8,248.25,0.07,,2.678,89.6,0,OVERSTOCK,0,-0.0,8 units in stock and no units sold in the last 30 days; forecast demand would absorb the stock
BR001,MED077,Ibuprofen 200mg (VitaCure Remedies),Analgesics,11,332.41,0.1071,110.0,4.199,78.6,3,OVERSTOCK,0,-0.0,110 days of cover at the recent 0.10 units/day (limit 90): about -0 units above the limit
BR001,MED129,Ciprofloxacin 250mg,Antibiotics,10,596.61,0.1169,100.0,3.896,77.0,3,OVERSTOCK,0,-0.0,100 days of cover at the recent 0.10 units/day (limit 90): about -0 units above the limit
BR001,MED146,Mefenamic Acid 500mg (Summit Lifesciences),Antipyretics,8,375.3,0.0969,120.0,3.087,77.7,2,OVERSTOCK,0,-0.0,120 days of cover at the recent 0.07 units/day (limit 90): about -0 units above the limit
BR001,MED172,Cetirizine 5mg (Summit Lifesciences),Antihistamines,19,391.64,0.1586,142.5,6.655,85.6,4,OVERSTOCK,0,-0.0,142 days of cover at the recent 0.13 units/day (limit 90): about -0 units above the limit
BR001,MED178,Chlorpheniramine 4mg (HealthAxis Pharma),Antihistamines,20,163.6,0.1429,100.0,6.731,89.1,6,OVERSTOCK,0,-0.0,100 days of cover at the recent 0.20 units/day (limit 90): about -0 units above the limit
BR001,MED189,Fexofenadine 180mg (TrueLife Remedies),Antihistamines,16,3040.81,0.1786,96.0,5.58,86.0,5,OVERSTOCK,0,-0.0,96 days of cover at the recent 0.17 units/day (limit 90): about -0 units above the limit
BR001,MED190,Levocetirizine 5mg (Aarogya Formulations),Antihistamines,13,669.01,0.1147,97.5,4.802,81.2,4,OVERSTOCK,0,-0.0,98 days of cover at the recent 0.13 units/day (limit 90): about -0 units above the limit
BR001,MED212,Loperamide 2mg (BlueCrest Pharma),Gastrointestinal,8,171.59,0.0773,120.0,2.738,87.7,2,OVERSTOCK,0,-0.0,120 days of cover at the recent 0.07 units/day (limit 90): about -0 units above the limit
BR001,MED218,Omeprazole 20mg (LifeSpring Pharma),Gastrointestinal,10,385.8,0.0961,150.0,3.552,84.5,2,OVERSTOCK,0,-0.0,150 days of cover at the recent 0.07 units/day (limit 90): about -0 units above the limit
BR001,MED242,ORS Powder 21.8g (Summit Lifesciences),Gastrointestinal,8,116.73,0.0773,120.0,2.738,87.7,2,OVERSTOCK,0,-0.0,120 days of cover at the recent 0.07 units/day (limit 90): about -0 units above the limit
BR001,MED248,Pantoprazole 40mg (TrueLife Remedies),Gastrointestinal,8,536.88,0.0989,120.0,3.084,77.8,2,OVERSTOCK,0,-0.0,120 days of cover at the recent 0.07 units/day (limit 90): about -0 units above the limit
BR001,MED300,Losartan 25mg,Cardiovascular,4,311.38,0.0614,120.0,2.182,55.0,1,OVERSTOCK,0,-0.0,120 days of cover at the recent 0.03 units/day (limit 90): about -0 units above the limit
BR001,MED318,Rosuvastatin 5mg (BlueCrest Pharma),Cardiovascular,8,1295.68,0.0814,240.0,2.792,86.0,1,OVERSTOCK,0,-0.0,240 days of cover at the recent 0.03 units/day (limit 90): about -0 units above the limit
BR001,MED334,Telmisartan 20mg (LifeSpring Pharma),Cardiovascular,14,1575.58,0.1429,105.0,5.4,77.8,4,OVERSTOCK,0,-0.0,105 days of cover at the recent 0.13 units/day (limit 90): about -0 units above the limit
BR001,MED387,Metformin 850mg (Stellar Formulations),Antidiabetic,17,520.42,0.1561,127.5,6.195,82.3,4,OVERSTOCK,0,-0.0,128 days of cover at the recent 0.13 units/day (limit 90): about -0 units above the limit
BR001,MED388,Metformin 850mg (VitaCure Remedies),Antidiabetic,18,535.71,0.1786,108.0,6.148,87.8,5,OVERSTOCK,0,-0.0,108 days of cover at the recent 0.17 units/day (limit 90): about -0 units above the limit
BR001,MED412,Budesonide Inhaler 200mcg (ApexLife Pharma),Respiratory,13,2755.8,0.1429,97.5,4.895,79.7,4,OVERSTOCK,0,-0.0,98 days of cover at the recent 0.13 units/day (limit 90): about -0 units above the limit
BR001,MED418,Dextromethorphan Syrup 100ml (Summit Lifesciences),Respiratory,16,1183.84,0.1786,96.0,5.939,80.8,5,OVERSTOCK,0,-0.0,96 days of cover at the recent 0.17 units/day (limit 90): about -0 units above the limit
BR001,MED424,Montelukast 10mg (TrueLife Remedies),Respiratory,13,1861.5,0.1429,97.5,4.811,81.1,4,OVERSTOCK,0,-0.0,98 days of cover at the recent 0.13 units/day (limit 90): about -0 units above the limit
BR001,MED426,Montelukast 5mg (CarePlus Laboratories),Respiratory,5,877.65,0.0633,150.0,2.255,66.5,1,OVERSTOCK,0,-0.0,150 days of cover at the recent 0.03 units/day (limit 90): about -0 units above the limit
BR002,MED092,Paracetamol 500mg (LifeSpring Pharma),Analgesics,14,269.64,0.1314,140.0,4.814,87.2,3,OVERSTOCK,0,-0.0,140 days of cover at the recent 0.10 units/day (limit 90): about -0 units above the limit
BR002,MED133,Doxycycline 100mg (HealthAxis Pharma),Antibiotics,3,153.09,0.0497,,1.424,63.2,0,OVERSTOCK,0,-0.0,3 units in stock and no units sold in the last 30 days; forecast demand would absorb the stock
BR002,MED141,Mefenamic Acid 500mg (HealthAxis Pharma),Antipyretics,10,336.82,0.1311,100.0,4.147,72.3,3,OVERSTOCK,0,-0.0,100 days of cover at the recent 0.10 units/day (limit 90): about -0 units above the limit
BR002,MED166,Cetirizine 10mg (Summit Lifesciences),Antihistamines,14,223.84,0.1581,105.0,6.555,64.1,4,OVERSTOCK,0,-0.0,105 days of cover at the recent 0.13 units/day (limit 90): about -0 units above the limit
BR002,MED196,Levocetirizine 2.5mg,Antihistamines,9,533.36,0.0836,135.0,3.151,85.7,2,OVERSTOCK,0,-0.0,135 days of cover at the recent 0.07 units/day (limit 90): about -0 units above the limit
BR002,MED221,Omeprazole 40mg,Gastrointestinal,5,220.33,0.0504,,1.712,87.6,0,OVERSTOCK,0,-0.0,5 units in stock and no units sold in the last 30 days; forecast demand would absorb the stock
BR002,MED331,Telmisartan 40mg (VitaCure Remedies),Cardiovascular,10,868.8,0.1071,100.0,4.242,70.7,3,OVERSTOCK,0,-0.0,100 days of cover at the recent 0.10 units/day (limit 90): about -0 units above the limit
BR002,MED371,Glimepiride 3mg (TrueLife Remedies),Antidiabetic,5,748.25,0.0739,150.0,2.716,55.2,1,OVERSTOCK,0,-0.0,150 days of cover at the recent 0.03 units/day (limit 90): about -0 units above the limit
BR002,MED373,Glimepiride + Metformin 2mg/500mg (Aarogya Formulations),Antidiabetic,9,1017.15,0.0993,135.0,3.671,73.5,2,OVERSTOCK,0,-0.0,135 days of cover at the recent 0.07 units/day (limit 90): about -0 units above the limit
BR002,MED376,Glimepiride + Metformin 1mg/500mg,Antidiabetic,22,2999.85,0.2053,132.0,8.517,77.5,5,OVERSTOCK,0,-0.0,132 days of cover at the recent 0.17 units/day (limit 90): about -0 units above the limit
BR002,MED424,Montelukast 10mg (TrueLife Remedies),Respiratory,18,2503.92,0.1574,135.0,6.069,89.0,4,OVERSTOCK,0,-0.0,135 days of cover at the recent 0.13 units/day (limit 90): about -0 units above the limit
BR002,MED441,Salbutamol Inhaler 200mcg (Summit Lifesciences),Respiratory,8,1158.74,0.0793,120.0,2.744,87.5,2,OVERSTOCK,0,-0.0,120 days of cover at the recent 0.07 units/day (limit 90): about -0 units above the limit
BR002,MED442,Calcium + Vitamin D3 500mg/250IU (Aarogya Formulations),Vitamins,10,956.41,0.1077,100.0,4.152,72.3,3,OVERSTOCK,0,-0.0,100 days of cover at the recent 0.10 units/day (limit 90): about -0 units above the limit
BR002,MED487,Fusidic Acid Cream 2% (ApexLife Pharma),Dermatological,10,1002.5,0.0944,150.0,3.374,88.9,2,OVERSTOCK,0,-0.0,150 days of cover at the recent 0.07 units/day (limit 90): about -0 units above the limit
BR003,MED093,Paracetamol 250mg,Analgesics,10,232.2,0.1071,100.0,4.04,74.3,3,OVERSTOCK,0,-0.0,100 days of cover at the recent 0.10 units/day (limit 90): about -0 units above the limit
BR003,MED181,Fexofenadine 120mg (ApexLife Pharma),Antihistamines,13,1914.08,0.1041,130.0,4.384,89.0,3,OVERSTOCK,0,-0.0,130 days of cover at the recent 0.10 units/day (limit 90): about -0 units above the limit
BR003,MED208,Domperidone 10mg (HealthAxis Pharma),Gastrointestinal,7,294.21,0.0714,105.0,2.548,82.4,2,OVERSTOCK,0,-0.0,105 days of cover at the recent 0.07 units/day (limit 90): about -0 units above the limit
BR003,MED211,Loperamide 2mg (Aarogya Formulations),Gastrointestinal,9,217.19,0.0909,135.0,3.117,86.6,2,OVERSTOCK,0,-0.0,135 days of cover at the recent 0.07 units/day (limit 90): about -0 units above the limit
BR003,MED243,ORS Powder 21.8g (TrueLife Remedies),Gastrointestinal,10,170.3,0.0959,150.0,3.482,86.2,2,OVERSTOCK,0,-0.0,150 days of cover at the recent 0.07 units/day (limit 90): about -0 units above the limit
BR003,MED267,Amlodipine 10mg,Cardiovascular,21,861.28,0.1971,126.0,7.245,87.0,5,OVERSTOCK,0,-0.0,126 days of cover at the recent 0.17 units/day (limit 90): about -0 units above the limit
BR003,MED277,Aspirin 150mg,Cardiovascular,6,44.4,0.0714,180.0,2.671,67.4,1,OVERSTOCK,0,-0.0,180 days of cover at the recent 0.03 units/day (limit 90): about -0 units above the limit
BR003,MED295,Clopidogrel 75mg (NovaMed Laboratories),Cardiovascular,12,972.05,0.1129,120.0,4.069,88.5,3,OVERSTOCK,0,-0.0,120 days of cover at the recent 0.10 units/day (limit 90): about -0 units above the limit
BR003,MED303,Losartan 25mg (NovaMed Laboratories),Cardiovascular,10,749.0,0.1071,100.0,3.564,84.2,3,OVERSTOCK,0,-0.0,100 days of cover at the recent 0.10 units/day (limit 90): about -0 units above the limit
BR003,MED353,Gliclazide 40mg (Stellar Formulations),Antidiabetic,12,786.84,0.1493,120.0,6.121,58.8,3,OVERSTOCK,0,-0.0,120 days of cover at the recent 0.10 units/day (limit 90): about -0 units above the limit
BR003,MED365,Glimepiride 3mg,Antidiabetic,8,1319.12,0.1046,120.0,4.246,56.5,2,OVERSTOCK,0,-0.0,120 days of cover at the recent 0.07 units/day (limit 90): about -0 units above the limit
BR003,MED372,Glimepiride 3mg (VitaCure Remedies),Antidiabetic,21,3014.05,0.2074,126.0,8.7,72.4,5,OVERSTOCK,0,-0.0,126 days of cover at the recent 0.17 units/day (limit 90): about -0 units above the limit
BR003,MED375,Glimepiride + Metformin 2mg/500mg (Summit Lifesciences),Antidiabetic,5,605.85,0.0751,150.0,2.618,57.3,1,OVERSTOCK,0,-0.0,150 days of cover at the recent 0.03 units/day (limit 90): about -0 units above the limit
BR003,MED481,Calamine Lotion 100ml (TrueLife Remedies),Dermatological,19,1121.06,0.2143,95.0,6.715,84.9,6,OVERSTOCK,0,-0.0,95 days of cover at the recent 0.20 units/day (limit 90): about -0 units above the limit
BR004,MED006,Paracetamol Suspension 250mg/5ml,Antipyretics,15,507.8,0.1539,112.5,5.164,87.1,4,OVERSTOCK,0,-0.0,112 days of cover at the recent 0.13 units/day (limit 90): about -0 units above the limit
BR004,MED028,Mefenamic Acid 250mg,Antipyretics,8,249.64,0.0824,120.0,2.832,84.7,2,OVERSTOCK,0,-0.0,120 days of cover at the recent 0.07 units/day (limit 90): about -0 units above the limit
BR004,MED112,Azithromycin 250mg (ApexLife Pharma),Antibiotics,10,1049.39,0.1091,150.0,3.346,89.7,2,OVERSTOCK,0,-0.0,150 days of cover at the recent 0.07 units/day (limit 90): about -0 units above the limit
BR004,MED121,Cefixime 200mg (CureLine Healthcare),Antibiotics,7,626.64,0.0933,105.0,2.593,81.0,2,OVERSTOCK,0,-0.0,105 days of cover at the recent 0.07 units/day (limit 90): about -0 units above the limit
BR004,MED153,Paracetamol Suspension 250mg/5ml (BlueCrest Pharma),Antipyretics,4,148.68,0.0673,120.0,2.234,53.7,1,OVERSTOCK,0,-0.0,120 days of cover at the recent 0.03 units/day (limit 90): about -0 units above the limit
BR004,MED190,Levocetirizine 5mg (Aarogya Formulations),Antihistamines,14,722.26,0.1429,105.0,4.673,89.9,4,OVERSTOCK,0,-0.0,105 days of cover at the recent 0.13 units/day (limit 90): about -0 units above the limit
BR004,MED192,Levocetirizine 5mg (CureLine Healthcare),Antihistamines,7,326.69,0.0876,105.0,2.93,71.7,2,OVERSTOCK,0,-0.0,105 days of cover at the recent 0.07 units/day (limit 90): about -0 units above the limit
BR004,MED193,Levocetirizine 5mg (LifeSpring Pharma),Antihistamines,19,1006.51,0.1847,114.0,7.03,81.1,5,OVERSTOCK,0,-0.0,114 days of cover at the recent 0.17 units/day (limit 90): about -0 units above the limit
BR004,MED195,Levocetirizine 5mg (VitaCure Remedies),Antihistamines,13,537.86,0.1059,130.0,4.361,89.4,3,OVERSTOCK,0,-0.0,130 days of cover at the recent 0.10 units/day (limit 90): about -0 units above the limit
BR004,MED277,Aspirin 150mg,Cardiovascular,7,52.74,0.076,105.0,2.731,76.9,2,OVERSTOCK,0,-0.0,105 days of cover at the recent 0.07 units/day (limit 90): about -0 units above the limit
BR004,MED290,Atorvastatin 40mg (LifeSpring Pharma),Cardiovascular,5,508.95,0.0573,,1.804,83.1,0,OVERSTOCK,0,-0.0,5 units in stock and no units sold in the last 30 days; forecast demand would absorb the stock
BR004,MED296,Clopidogrel 75mg (Stellar Formulations),Cardiovascular,20,1460.03,0.1754,150.0,7.146,84.0,4,OVERSTOCK,0,-0.0,150 days of cover at the recent 0.13 units/day (limit 90): about -0 units above the limit
BR004,MED328,Telmisartan 40mg (CureLine Healthcare),Cardiovascular,11,1108.74,0.1054,165.0,3.829,86.2,2,OVERSTOCK,0,-0.0,165 days of cover at the recent 0.07 units/day (limit 90): about -0 units above the limit
BR004,MED330,Telmisartan 40mg (Stellar Formulations),Cardiovascular,7,663.25,0.0739,105.0,3.166,66.3,2,OVERSTOCK,0,-0.0,105 days of cover at the recent 0.07 units/day (limit 90): about -0 units above the limit
BR004,MED335,Telmisartan 20mg (Summit Lifesciences),Cardiovascular,5,542.25,0.0694,150.0,2.472,60.7,1,OVERSTOCK,0,-0.0,150 days of cover at the recent 0.03 units/day (limit 90): about -0 units above the limit
BR004,MED373,Glimepiride + Metformin 2mg/500mg (Aarogya Formulations),Antidiabetic,17,1937.46,0.1786,102.0,5.841,87.3,5,OVERSTOCK,0,-0.0,102 days of cover at the recent 0.17 units/day (limit 90): about -0 units above the limit
BR004,MED458,Multivitamin B-complex+C (HealthAxis Pharma),Vitamins,5,149.0,0.0874,150.0,2.765,54.2,1,OVERSTOCK,0,-0.0,150 days of cover at the recent 0.03 units/day (limit 90): about -0 units above the limit
BR004,MED467,Vitamin C Chewable 1000mg (BlueCrest Pharma),Vitamins,16,436.43,0.1603,120.0,5.523,86.9,4,OVERSTOCK,0,-0.0,120 days of cover at the recent 0.13 units/day (limit 90): about -0 units above the limit
BR004,MED477,Vitamin D3 1000IU (Summit Lifesciences),Vitamins,11,1536.0,0.0933,165.0,3.882,85.0,2,OVERSTOCK,0,-0.0,165 days of cover at the recent 0.07 units/day (limit 90): about -0 units above the limit
BR005,MED085,Naproxen 500mg,Analgesics,7,476.63,0.0743,210.0,3.095,67.9,1,OVERSTOCK,0,-0.0,210 days of cover at the recent 0.03 units/day (limit 90): about -0 units above the limit
BR005,MED133,Doxycycline 100mg (HealthAxis Pharma),Antibiotics,7,357.21,0.0926,105.0,2.747,76.4,2,OVERSTOCK,0,-0.0,105 days of cover at the recent 0.07 units/day (limit 90): about -0 units above the limit
BR005,MED170,Cetirizine 5mg (CureLine Healthcare),Antihistamines,5,97.6,0.0633,,1.911,78.5,0,OVERSTOCK,0,-0.0,5 units in stock and no units sold in the last 30 days; forecast demand would absorb the stock
BR005,MED175,Chlorpheniramine 4mg (ApexLife Pharma),Antihistamines,7,61.95,0.074,105.0,2.595,80.9,2,OVERSTOCK,0,-0.0,105 days of cover at the recent 0.07 units/day (limit 90): about -0 units above the limit
BR005,MED177,Chlorpheniramine 4mg (CarePlus Laboratories),Antihistamines,16,149.94,0.1393,160.0,5.334,90.0,3,OVERSTOCK,0,-0.0,160 days of cover at the recent 0.10 units/day (limit 90): about -0 units above the limit
BR005,MED192,Levocetirizine 5mg (CureLine Healthcare),Antihistamines,15,730.23,0.1517,112.5,5.589,80.5,4,OVERSTOCK,0,-0.0,112 days of cover at the recent 0.13 units/day (limit 90): about -0 units above the limit
BR005,MED196,Levocetirizine 2.5mg,Antihistamines,14,811.02,0.1429,105.0,5.215,80.5,4,OVERSTOCK,0,-0.0,105 days of cover at the recent 0.13 units/day (limit 90): about -0 units above the limit
BR005,MED201,Montelukast + Levocetirizine 10mg/5mg (NovaMed Laboratories),Antihistamines,18,2741.28,0.1429,135.0,6.134,88.0,4,OVERSTOCK,0,-0.0,135 days of cover at the recent 0.13 units/day (limit 90): about -0 units above the limit
BR005,MED204,Montelukast + Levocetirizine 10mg/5mg (VitaCure Remedies),Antihistamines,22,3070.54,0.25,94.3,8.844,74.6,7,OVERSTOCK,0,-0.0,94 days of cover at the recent 0.23 units/day (limit 90): about -0 units above the limit
BR005,MED277,Aspirin 150mg,Cardiovascular,4,29.6,0.0491,,1.676,71.6,0,OVERSTOCK,0,-0.0,4 units in stock and no units sold in the last 30 days; forecast demand would absorb the stock
BR005,MED291,Atorvastatin 40mg (VitaCure Remedies),Cardiovascular,14,1381.14,0.1429,105.0,5.352,78.5,4,OVERSTOCK,0,-0.0,105 days of cover at the recent 0.13 units/day (limit 90): about -0 units above the limit
BR005,MED293,Clopidogrel 75mg (BlueCrest Pharma),Cardiovascular,19,1461.83,0.1787,95.0,6.94,82.1,6,OVERSTOCK,0,-0.0,95 days of cover at the recent 0.20 units/day (limit 90): about -0 units above the limit
BR005,MED298,Losartan 50mg (CarePlus Laboratories),Cardiovascular,17,1069.87,0.1786,102.0,6.57,77.6,5,OVERSTOCK,0,-0.0,102 days of cover at the recent 0.17 units/day (limit 90): about -0 units above the limit
BR005,MED355,Glimepiride 2mg (BlueCrest Pharma),Antidiabetic,19,1995.92,0.1784,142.5,7.715,73.9,4,OVERSTOCK,0,-0.0,142 days of cover at the recent 0.13 units/day (limit 90): about -0 units above the limit
BR005,MED412,Budesonide Inhaler 200mcg (ApexLife Pharma),Respiratory,15,3150.86,0.1429,112.5,5.554,81.0,4,OVERSTOCK,0,-0.0,112 days of cover at the recent 0.13 units/day (limit 90): about -0 units above the limit
BR005,MED414,Budesonide Inhaler 200mcg (VitaCure Remedies),Respiratory,18,3601.45,0.1786,108.0,6.248,86.4,5,OVERSTOCK,0,-0.0,108 days of cover at the recent 0.17 units/day (limit 90): about -0 units above the limit
BR005,MED472,Vitamin C Chewable 1000mg (TrueLife Remedies),Vitamins,19,500.11,0.1676,142.5,6.515,87.5,4,OVERSTOCK,0,-0.0,142 days of cover at the recent 0.13 units/day (limit 90): about -0 units above the limit
BR005,MED479,Calamine Lotion 100ml (LifeSpring Pharma),Dermatological,9,476.86,0.0977,135.0,3.111,86.8,2,OVERSTOCK,0,-0.0,135 days of cover at the recent 0.07 units/day (limit 90): about -0 units above the limit
BR001,MED001,Paracetamol 500mg,Analgesics,15,311.7,5.5714,2.8,155.188,2.9,162,NORMAL,0,0.0,Stock is within 90 days of recent demand
BR001,MED002,Diclofenac 50mg,Analgesics,6,180.18,0.6071,10.6,12.932,13.9,17,NORMAL,0,0.0,Stock is within 90 days of recent demand
BR001,MED003,Amoxicillin 500mg,Antibiotics,5,370.42,0.8214,6.5,20.348,7.4,23,NORMAL,0,0.0,Stock is within 90 days of recent demand
BR001,MED004,Azithromycin 500mg,Antibiotics,4,371.3,0.3571,12.0,9.314,12.9,10,NORMAL,0,0.0,Stock is within 90 days of recent demand
BR001,MED005,Paracetamol 650mg,Antipyretics,1,21.68,3.7857,0.3,96.804,0.3,116,NORMAL,0,0.0,Stock is within 90 days of recent demand
BR001,MED006,Paracetamol Suspension 250mg/5ml,Antipyretics,14,458.36,0.3929,38.2,8.178,51.4,11,NORMAL,0,0.0,Stock is within 90 days of recent demand
BR001,MED007,Cetirizine 10mg,Antihistamines,22,360.58,4.7857,4.6,140.705,4.7,142,NORMAL,0,0.0,Stock is within 90 days of recent demand
BR001,MED009,Pantoprazole 40mg,Gastrointestinal,31,1905.86,3.9286,8.1,111.556,8.3,115,NORMAL,0,0.0,Stock is within 90 days of recent demand
BR001,MED010,Ondansetron 4mg,Gastrointestinal,12,532.26,0.1786,72.0,3.462,104.0,5,NORMAL,0,0.0,Stock is within 90 days of recent demand
BR001,MED011,Amlodipine 5mg,Cardiovascular,180,4114.8,7.9233,24.0,247.634,21.8,225,NORMAL,0,0.0,Stock is within 90 days of recent demand
BR001,MED012,Atorvastatin 10mg,Cardiovascular,88,6321.91,4.6191,20.3,137.562,19.2,130,NORMAL,0,0.0,Stock is within 90 days of recent demand
BR001,MED013,Metformin 500mg,Antidiabetic,52,1205.36,4.9643,10.7,141.638,11.0,146,NORMAL,0,0.0,Stock is within 90 days of recent demand
BR001,MED014,Glimepiride 2mg,Antidiabetic,35,3572.45,3.2143,11.7,91.286,11.5,90,NORMAL,0,0.0,Stock is within 90 days of recent demand
BR001,MED015,Ambroxol + Levosalbutamol Syrup 100ml,Respiratory,25,2188.38,2.3214,10.7,64.973,11.5,70,NORMAL,0,0.0,Stock is within 90 days of recent demand
BR001,MED017,Vitamin C Chewable 500mg,Vitamins,35,712.6,1.264,27.6,39.962,26.3,38,NORMAL,0,0.0,Stock is within 90 days of recent demand
BR001,MED018,Vitamin D3 60000IU,Vitamins,6,592.5,0.2857,22.5,5.576,32.3,8,NORMAL,0,0.0,Stock is within 90 days of recent demand
BR001,MED019,Clotrimazole Cream 1%,Dermatological,9,569.32,0.8571,11.2,20.596,13.1,24,NORMAL,0,0.0,Stock is within 90 days of recent demand
BR001,MED021,Ibuprofen 400mg,Analgesics,24,586.17,0.9286,23.2,31.262,23.0,31,NORMAL,0,0.0,Stock is within 90 days of recent demand
BR001,MED022,Aceclofenac + Paracetamol 100mg/325mg,Analgesics,17,868.52,0.5714,30.0,19.096,26.7,17,NORMAL,0,0.0,Stock is within 90 days of recent demand
BR001,MED024,Cefixime 200mg,Antibiotics,37,2984.59,1.124,35.8,35.596,31.2,31,NORMAL,0,0.0,Stock is within 90 days of recent demand
BR001,MED025,Ciprofloxacin 500mg,Antibiotics,10,455.63,0.2857,30.0,7.301,41.1,10,NORMAL,0,0.0,Stock is within 90 days of recent demand
BR001,MED027,Amoxicillin + Clavulanic Acid 625mg,Antibiotics,13,2026.95,0.6429,20.5,17.422,22.4,19,NORMAL,0,0.0,Stock is within 90 days of recent demand
BR001,MED030,Levocetirizine 5mg,Antihistamines,11,474.54,0.4286,23.6,12.369,26.7,14,NORMAL,0,0.0,Stock is within 90 days of recent demand
BR001,MED031,Montelukast + Levocetirizine 10mg/5mg,Antihistamines,32,4405.54,2.1429,15.2,65.299,14.7,63,NORMAL,0,0.0,Stock is within 90 days of recent demand
BR001,MED032,Chlorpheniramine 4mg,Antihistamines,9,85.41,0.2143,45.0,6.988,38.6,6,NORMAL,0,0.0,Stock is within 90 days of recent demand
BR001,MED033,Omeprazole 20mg,Gastrointestinal,54,2087.62,5.5357,9.9,157.592,10.3,163,NORMAL,0,0.0,Stock is within 90 days of recent demand
BR001,MED034,Domperidone 10mg,Gastrointestinal,52,1859.0,2.8214,18.6,82.655,18.9,84,NORMAL,0,0.0,Stock is within 90 days of recent demand
BR001,MED035,ORS Powder 21.8g,Gastrointestinal,18,268.2,0.7143,27.0,20.51,26.3,20,NORMAL,0,0.0,Stock is within 90 days of recent demand
BR001,MED037,Telmisartan 40mg,Cardiovascular,192,19163.29,10.5714,18.0,314.115,18.3,320,NORMAL,0,0.0,Stock is within 90 days of recent demand
BR001,MED038,Losartan 50mg,Cardiovascular,13,820.95,1.1786,11.8,23.631,16.5,33,NORMAL,0,0.0,Stock is within 90 days of recent demand
BR001,MED039,Metoprolol 50mg,Cardiovascular,4,192.64,1.6429,2.6,40.016,3.0,47,NORMAL,0,0.0,Stock is within 90 days of recent demand
BR001,MED040,Rosuvastatin 10mg,Cardiovascular,22,2685.98,1.8929,12.2,37.14,17.8,54,NORMAL,0,0.0,Stock is within 90 days of recent demand
BR001,MED042,Aspirin 75mg,Cardiovascular,42,234.36,2.2143,19.1,59.139,21.3,66,NORMAL,0,0.0,Stock is within 90 days of recent demand
BR001,MED043,Glimepiride + Metformin 2mg/500mg,Antidiabetic,81,9479.21,5.1649,15.3,157.056,15.5,159,NORMAL,0,0.0,Stock is within 90 days of recent demand
BR001,MED044,Sitagliptin 100mg,Antidiabetic,15,4118.01,0.25,64.3,8.934,50.4,7,NORMAL,0,0.0,Stock is within 90 days of recent demand
BR001,MED046,Montelukast 10mg,Respiratory,26,3874.42,1.3571,20.0,37.124,21.0,39,NORMAL,0,0.0,Stock is within 90 days of recent demand
BR001,MED048,Dextromethorphan Syrup 100ml,Respiratory,33,2255.44,2.1786,15.7,62.796,15.8,63,NORMAL,0,0.0,Stock is within 90 days of recent demand
BR001,MED049,Multivitamin B-complex+C,Vitamins,10,349.4,1.25,7.5,32.92,9.1,40,NORMAL,0,0.0,Stock is within 90 days of recent demand
BR001,MED050,Calcium + Vitamin D3 500mg/250IU,Vitamins,6,556.79,0.3214,20.0,7.012,25.7,9,NORMAL,0,0.0,Stock is within 90 days of recent demand
BR001,MED051,Iron + Folic Acid 100mg/500mcg,Vitamins,6,373.92,0.1071,36.0,3.297,54.6,5,NORMAL,0,0.0,Stock is within 90 days of recent demand
BR001,MED052,Hydrocortisone Cream 1%,Dermatological,15,760.08,0.1786,90.0,5.205,86.5,5,NORMAL,0,0.0,Stock is within 90 days of recent demand
BR001,MED053,Fusidic Acid Cream 2%,Dermatological,12,1570.84,0.1429,90.0,4.224,85.2,4,NORMAL,0,0.0,Stock is within 90 days of recent demand
BR001,MED056,Aceclofenac + Paracetamol 100mg/325mg (HealthAxis Pharma),Analgesics,8,409.26,0.1429,60.0,4.083,58.8,4,NORMAL,0,0.0,Stock is within 90 days of recent demand
BR001,MED058,Aceclofenac + Paracetamol 100mg/325mg (VitaCure Remedies),Analgesics,14,748.86,0.5357,28.0,16.208,25.9,15,NORMAL,0,0.0,Stock is within 90 days of recent demand
BR001,MED059,Diclofenac 50mg (Aarogya Formulations),Analgesics,9,251.55,0.1071,90.0,3.789,71.3,3,NORMAL,0,0.0,Stock is within 90 days of recent demand
BR001,MED060,Diclofenac 50mg (CarePlus Laboratories),Analgesics,56,1850.4,1.3634,44.2,43.282,38.8,38,NORMAL,0,0.0,Stock is within 90 days of recent demand
BR001,MED062,Diclofenac 50mg (TrueLife Remedies),Analgesics,13,457.45,0.1786,78.0,4.141,94.2,5,NORMAL,0,0.0,Stock is within 90 days of recent demand
BR001,MED063,Diclofenac 50mg (VitaCure Remedies),Analgesics,26,806.02,0.8744,31.2,29.308,26.6,25,NORMAL,0,0.0,Stock is within 90 days of recent demand
BR001,MED064,Diclofenac 100mg,Analgesics,14,447.9,0.75,19.1,13.032,32.2,22,NORMAL,0,0.0,Stock is within 90 days of recent demand
BR001,MED066,Diclofenac 100mg (VitaCure Remedies),Analgesics,4,160.4,0.2857,13.3,7.88,15.2,9,NORMAL,0,0.0,Stock is within 90 days of recent demand
BR001,MED067,Ibuprofen 400mg (Aarogya Formulations),Analgesics,3,76.8,0.1786,18.0,2.702,33.3,5,NORMAL,0,0.0,Stock is within 90 days of recent demand
BR001,MED068,Ibuprofen 400mg (CureLine Healthcare),Analgesics,7,159.25,0.1429,42.0,3.776,55.6,5,NORMAL,0,0.0,Stock is within 90 days of recent demand
BR001,MED069,Ibuprofen 400mg (HealthAxis Pharma),Analgesics,18,415.26,0.6786,25.7,22.236,24.3,21,NORMAL,0,0.0,Stock is within 90 days of recent demand
BR001,MED070,Ibuprofen 400mg (NovaMed Laboratories),Analgesics,46,1139.61,1.275,38.3,39.829,34.6,36,NORMAL,0,0.0,Stock is within 90 days of recent demand
BR001,MED071,Ibuprofen 400mg (Stellar Formulations),Analgesics,27,637.74,0.4796,73.6,14.642,55.3,11,NORMAL,0,0.0,Stock is within 90 days of recent demand
BR001,MED072,Ibuprofen 400mg (VitaCure Remedies),Analgesics,10,222.0,0.1429,75.0,4.008,74.9,4,NORMAL,0,0.0,Stock is within 90 days of recent demand
BR001,MED073,Ibuprofen 200mg,Analgesics,14,373.74,1.1786,11.4,31.393,13.4,37,NORMAL,0,0.0,Stock is within 90 days of recent demand
BR001,MED075,Ibuprofen 200mg (Summit Lifesciences),Analgesics,11,284.48,0.6071,19.4,10.1,32.7,17,NORMAL,0,0.0,Stock is within 90 days of recent demand
BR001,MED076,Ibuprofen 200mg (TrueLife Remedies),Analgesics,17,485.29,1.2143,13.4,33.295,15.3,38,NORMAL,0,0.0,Stock is within 90 days of recent demand
BR001,MED078,Ibuprofen 600mg,Analgesics,10,346.9,1.1071,9.1,29.572,10.1,33,NORMAL,0,0.0,Stock is within 90 days of recent demand
BR001,MED079,Ibuprofen 600mg (BlueCrest Pharma),Analgesics,20,678.83,0.9286,23.1,27.852,21.5,26,NORMAL,0,0.0,Stock is within 90 days of recent demand
BR001,MED080,Ibuprofen 600mg (HealthAxis Pharma),Analgesics,12,453.78,0.1786,45.0,5.932,60.7,8,NORMAL,0,0.0,Stock is within 90 days of recent demand
BR001,MED081,Ibuprofen 600mg (NovaMed Laboratories),Analgesics,18,589.53,1.0714,17.4,29.128,18.5,31,NORMAL,0,0.0,Stock is within 90 days of recent demand
BR001,MED082,Naproxen 250mg (CureLine Healthcare),Analgesics,40,2478.48,2.3214,17.9,67.866,17.7,67,NORMAL,0,0.0,Stock is within 90 days of recent demand
BR001,MED083,Naproxen 250mg (HealthAxis Pharma),Analgesics,6,306.5,0.7143,9.0,18.782,9.6,20,NORMAL,0,0.0,Stock is within 90 days of recent demand
BR001,MED084,Naproxen 250mg (VitaCure Remedies),Analgesics,31,1587.04,1.25,24.5,38.071,24.4,38,NORMAL,0,0.0,Stock is within 90 days of recent demand
BR001,MED086,Naproxen 500mg (CarePlus Laboratories),Analgesics,173,10915.64,9.3214,18.5,267.802,19.4,280,NORMAL,0,0.0,Stock is within 90 days of recent demand
BR001,MED089,Paracetamol 500mg (Aarogya Formulations),Analgesics,6,94.92,0.2857,22.5,5.806,31.0,8,NORMAL,0,0.0,Stock is within 90 days of recent demand
BR001,MED090,Paracetamol 500mg (CarePlus Laboratories),Analgesics,12,260.51,0.5357,18.9,16.347,22.0,19,NORMAL,0,0.0,Stock is within 90 days of recent demand
BR001,MED091,Paracetamol 500mg (HealthAxis Pharma),Analgesics,32,627.88,2.6071,11.4,73.584,13.0,84,NORMAL,0,0.0,Stock is within 90 days of recent demand
BR001,MED092,Paracetamol 500mg (LifeSpring Pharma),Analgesics,10,197.1,0.3214,16.7,6.777,44.3,18,NORMAL,0,0.0,Stock is within 90 days of recent demand
BR001,MED094,Paracetamol 250mg (Stellar Formulations),Analgesics,17,367.94,0.3929,46.4,11.967,42.6,11,NORMAL,0,0.0,Stock is within 90 days of recent demand
BR001,MED095,Amoxicillin 250mg,Antibiotics,5,386.95,0.9286,5.4,19.662,7.6,28,NORMAL,0,0.0,Stock is within 90 days of recent demand
BR001,MED096,Amoxicillin 250mg (CureLine Healthcare),Antibiotics,12,1035.72,0.8571,12.4,24.112,14.9,29,NORMAL,0,0.0,Stock is within 90 days of recent demand
BR001,MED097,Amoxicillin 250mg (LifeSpring Pharma),Antibiotics,18,1559.52,1.1071,16.4,25.346,21.3,33,NORMAL,0,0.0,Stock is within 90 days of recent demand
BR001,MED098,Amoxicillin 250mg (NovaMed Laboratories),Antibiotics,20,1957.09,0.4563,42.9,14.427,41.6,14,NORMAL,0,0.0,Stock is within 90 days of recent demand
BR001,MED100,Amoxicillin 250mg (TrueLife Remedies),Antibiotics,15,1203.8,0.25,64.3,6.132,73.4,7,NORMAL,0,0.0,Stock is within 90 days of recent demand
BR001,MED102,Amoxicillin + Clavulanic Acid 625mg (HealthAxis Pharma),Antibiotics,10,1507.7,0.6071,17.6,11.001,27.3,17,NORMAL,0,0.0,Stock is within 90 days of recent demand
BR001,MED103,Amoxicillin + Clavulanic Acid 625mg (Stellar Formulations),Antibiotics,8,1058.06,0.1786,48.0,4.635,51.8,5,NORMAL,0,0.0,Stock is within 90 days of recent demand
BR001,MED104,Amoxicillin + Clavulanic Acid 375mg,Antibiotics,12,2167.08,2.4643,4.8,67.237,5.4,75,NORMAL,0,0.0,Stock is within 90 days of recent demand
BR001,MED105,Amoxicillin + Clavulanic Acid 375mg (NovaMed Laboratories),Antibiotics,37,5884.85,2.4707,15.2,68.642,16.2,73,NORMAL,0,0.0,Stock is within 90 days of recent demand
BR001,MED106,Amoxicillin + Clavulanic Acid 375mg (Summit Lifesciences),Antibiotics,10,1818.45,0.2143,50.0,5.752,52.2,6,NORMAL,0,0.0,Stock is within 90 days of recent demand
BR001,MED107,Amoxicillin + Clavulanic Acid 375mg (TrueLife Remedies),Antibiotics,6,1064.79,0.4643,13.8,10.692,16.8,13,NORMAL,0,0.0,Stock is within 90 days of recent demand
BR001,MED108,Azithromycin 500mg (Aarogya Formulations),Antibiotics,8,772.24,0.9286,8.6,22.107,10.9,28,NORMAL,0,0.0,Stock is within 90 days of recent demand
BR001,MED109,Azithromycin 500mg (ApexLife Pharma),Antibiotics,6,608.94,1.0714,5.8,19.674,9.1,31,NORMAL,0,0.0,Stock is within 90 days of recent demand
BR001,MED111,Azithromycin 250mg,Antibiotics,4,421.48,0.1786,24.0,2.914,41.2,5,NORMAL,0,0.0,Stock is within 90 days of recent demand
BR001,MED112,Azithromycin 250mg (ApexLife Pharma),Antibiotics,16,1660.61,0.2143,60.0,6.486,74.0,8,NORMAL,0,0.0,Stock is within 90 days of recent demand
BR001,MED113,Azithromycin 250mg (BlueCrest Pharma),Antibiotics,94,9761.15,5.8929,16.8,174.747,16.1,168,NORMAL,0,0.0,Stock is within 90 days of recent demand
BR001,MED114,Azithromycin 250mg (CarePlus Laboratories),Antibiotics,17,1839.34,0.3214,46.4,9.523,53.6,11,NORMAL,0,0.0,Stock is within 90 days of recent demand
BR001,MED115,Azithromycin 250mg (CureLine Healthcare),Antibiotics,9,1078.56,0.2921,33.8,9.164,29.5,8,NORMAL,0,0.0,Stock is within 90 days of recent demand
BR001,MED116,Azithromycin 250mg (HealthAxis Pharma),Antibiotics,4,429.33,0.3929,10.9,9.542,12.6,11,NORMAL,0,0.0,Stock is within 90 days of recent demand
BR001,MED117,Azithromycin 250mg (LifeSpring Pharma),Antibiotics,24,2876.88,6.2143,4.0,177.669,4.1,178,NORMAL,0,0.0,Stock is within 90 days of recent demand
BR001,MED118,Azithromycin 250mg (NovaMed Laboratories),Antibiotics,6,609.42,0.25,20.0,5.147,35.0,9,NORMAL,0,0.0,Stock is within 90 days of recent demand
BR001,MED120,Cefixime 200mg (ApexLife Pharma),Antibiotics,10,953.3,0.2143,42.9,4.158,72.2,7,NORMAL,0,0.0,Stock is within 90 days of recent demand
BR001,MED121,Cefixime 200mg (CureLine Healthcare),Antibiotics,5,429.42,0.1071,50.0,2.784,53.9,3,NORMAL,0,0.0,Stock is within 90 days of recent demand
BR001,MED122,Cefixime 200mg (NovaMed Laboratories),Antibiotics,19,1697.36,0.6071,28.5,18.639,30.6,20,NORMAL,0,0.0,Stock is within 90 days of recent demand
BR001,MED125,Cefixime 100mg (HealthAxis Pharma),Antibiotics,7,688.38,0.2143,30.0,3.962,53.0,7,NORMAL,0,0.0,Stock is within 90 days of recent demand
BR001,MED127,Cefixime 100mg (VitaCure Remedies),Antibiotics,28,2901.5,2.2143,12.4,57.26,14.7,68,NORMAL,0,0.0,Stock is within 90 days of recent demand
BR001,MED130,Ciprofloxacin 250mg (LifeSpring Pharma),Antibiotics,29,1595.7,0.9239,36.2,29.856,29.1,24,NORMAL,0,0.0,Stock is within 90 days of recent demand
BR001,MED131,Doxycycline 100mg (Aarogya Formulations),Antibiotics,17,947.82,0.9286,19.6,24.908,20.5,26,NORMAL,0,0.0,Stock is within 90 days of recent demand
BR001,MED132,Doxycycline 100mg (ApexLife Pharma),Antibiotics,8,458.77,0.1094,80.0,3.544,67.7,3,NORMAL,0,0.0,Stock is within 90 days of recent demand
BR001,MED133,Doxycycline 100mg (HealthAxis Pharma),Antibiotics,6,306.18,0.1429,45.0,3.179,56.6,4,NORMAL,0,0.0,Stock is within 90 days of recent demand
BR001,MED134,Doxycycline 100mg (Summit Lifesciences),Antibiotics,10,549.24,0.2857,37.5,7.425,40.4,8,NORMAL,0,0.0,Stock is within 90 days of recent demand
BR001,MED135,Mefenamic Acid 250mg (ApexLife Pharma),Antipyretics,23,709.02,0.7006,32.9,22.741,30.3,21,NORMAL,0,0.0,Stock is within 90 days of recent demand
BR001,MED136,Mefenamic Acid 250mg (HealthAxis Pharma),Antipyretics,8,257.62,0.2143,40.0,5.222,46.0,6,NORMAL,0,0.0,Stock is within 90 days of recent demand
BR001,MED137,Mefenamic Acid 250mg (LifeSpring Pharma),Antipyretics,6,212.99,0.3571,16.4,8.958,20.1,11,NORMAL,0,0.0,Stock is within 90 days of recent demand
BR001,MED138,Mefenamic Acid 250mg (NovaMed Laboratories),Antipyretics,16,541.6,0.7143,22.9,19.917,24.1,21,NORMAL,0,0.0,Stock is within 90 days of recent demand
BR001,MED139,Mefenamic Acid 500mg,Antipyretics,30,1136.4,4.8214,6.3,133.672,6.7,142,NORMAL,0,0.0,Stock is within 90 days of recent demand
BR001,MED140,Mefenamic Acid 500mg (CureLine Healthcare),Antipyretics,6,230.82,0.8929,6.9,20.19,8.9,26,NORMAL,0,0.0,Stock is within 90 days of recent demand
BR001,MED142,Mefenamic Acid 500mg (Kavach Healthcare),Antipyretics,24,1036.8,2.9286,8.2,82.229,8.8,88,NORMAL,0,0.0,Stock is within 90 days of recent demand
BR001,MED144,Mefenamic Acid 500mg (NovaMed Laboratories),Antipyretics,28,992.6,1.6429,17.9,44.815,18.7,47,NORMAL,0,0.0,Stock is within 90 days of recent demand
BR001,MED147,Mefenamic Acid 500mg (TrueLife Remedies),Antipyretics,8,299.16,0.1071,80.0,3.451,69.5,3,NORMAL,0,0.0,Stock is within 90 days of recent demand
BR001,MED148,Mefenamic Acid 500mg (VitaCure Remedies),Antipyretics,17,661.75,0.2507,56.7,7.747,65.8,9,NORMAL,0,0.0,Stock is within 90 days of recent demand
BR001,MED149,Paracetamol 650mg (Aarogya Formulations),Antipyretics,5,98.34,0.2857,18.8,7.126,21.0,8,NORMAL,0,0.0,Stock is within 90 days of recent demand
BR001,MED151,Paracetamol Drops 100mg/ml (Aarogya Formulations),Antipyretics,5,130.9,0.3571,13.6,7.458,20.1,11,NORMAL,0,0.0,Stock is within 90 days of recent demand
BR001,MED152,Paracetamol Suspension 250mg/5ml (Aarogya Formulations),Antipyretics,12,392.28,0.9286,12.0,23.996,15.0,30,NORMAL,0,0.0,Stock is within 90 days of recent demand
BR001,MED154,Paracetamol Suspension 250mg/5ml (CarePlus Laboratories),Antipyretics,8,278.4,0.2857,30.0,7.198,33.3,8,NORMAL,0,0.0,Stock is within 90 days of recent demand
BR001,MED155,Paracetamol Suspension 250mg/5ml (CureLine Healthcare),Antipyretics,22,739.47,1.3929,15.7,36.325,18.2,42,NORMAL,0,0.0,Stock is within 90 days of recent demand
BR001,MED156,Paracetamol Suspension 250mg/5ml (TrueLife Remedies),Antipyretics,14,463.56,0.1786,84.0,4.204,99.9,5,NORMAL,0,0.0,Stock is within 90 days of recent demand
BR001,MED157,Paracetamol Suspension 125mg/5ml,Antipyretics,4,162.56,0.2143,20.0,3.97,30.2,6,NORMAL,0,0.0,Stock is within 90 days of recent demand
BR001,MED158,Paracetamol Suspension 125mg/5ml (LifeSpring Pharma),Antipyretics,5,196.9,2.4286,2.1,62.865,2.4,70,NORMAL,0,0.0,Stock is within 90 days of recent demand
BR001,MED159,Paracetamol Suspension 125mg/5ml (NovaMed Laboratories),Antipyretics,14,656.91,0.5,30.0,13.629,30.8,14,NORMAL,0,0.0,Stock is within 90 days of recent demand
BR001,MED160,Paracetamol Suspension 125mg/5ml (TrueLife Remedies),Antipyretics,14,587.87,0.3929,38.2,9.543,44.0,11,NORMAL,0,0.0,Stock is within 90 days of recent demand
BR001,MED162,Cetirizine 10mg (ApexLife Pharma),Antihistamines,13,200.47,0.1786,78.0,6.03,64.7,5,NORMAL,0,0.0,Stock is within 90 days of recent demand
BR001,MED163,Cetirizine 10mg (CureLine Healthcare),Antihistamines,3,55.7,2.2143,1.3,62.141,1.4,70,NORMAL,0,0.0,Stock is within 90 days of recent demand
BR001,MED164,Cetirizine 10mg (LifeSpring Pharma),Antihistamines,13,193.05,0.2143,65.0,5.694,68.5,6,NORMAL,0,0.0,Stock is within 90 days of recent demand
BR001,MED165,Cetirizine 10mg (Stellar Formulations),Antihistamines,4,66.4,0.7857,5.2,20.518,5.8,23,NORMAL,0,0.0,Stock is within 90 days of recent demand
BR001,MED166,Cetirizine 10mg (Summit Lifesciences),Antihistamines,8,129.92,0.1786,40.0,5.866,40.9,6,NORMAL,0,0.0,Stock is within 90 days of recent demand
BR001,MED167,Cetirizine 10mg (TrueLife Remedies),Antihistamines,24,417.3,1.1429,22.5,35.05,20.5,32,NORMAL,0,0.0,Stock is within 90 days of recent demand
BR001,MED168,Cetirizine 5mg,Antihistamines,14,223.86,0.3571,42.0,7.326,57.3,10,NORMAL,0,0.0,Stock is within 90 days of recent demand
BR001,MED169,Cetirizine 5mg (CarePlus Laboratories),Antihistamines,51,974.49,2.625,20.4,83.901,18.2,75,NORMAL,0,0.0,Stock is within 90 days of recent demand
BR001,MED171,Cetirizine 5mg (Stellar Formulations),Antihistamines,17,291.92,0.5089,31.9,16.108,31.7,16,NORMAL,0,0.0,Stock is within 90 days of recent demand
BR001,MED173,Cetirizine 5mg (TrueLife Remedies),Antihistamines,44,836.44,6.6429,6.7,207.877,6.3,198,NORMAL,0,0.0,Stock is within 90 days of recent demand
BR001,MED175,Chlorpheniramine 4mg (ApexLife Pharma),Antihistamines,7,61.95,0.1071,52.5,3.073,68.3,4,NORMAL,0,0.0,Stock is within 90 days of recent demand
BR001,MED179,Chlorpheniramine 4mg (LifeSpring Pharma),Antihistamines,13,125.24,0.7143,18.6,19.556,19.9,21,NORMAL,0,0.0,Stock is within 90 days of recent demand
BR001,MED182,Fexofenadine 120mg (BlueCrest Pharma),Antihistamines,27,4111.76,0.9134,31.2,31.16,26.0,26,NORMAL,0,0.0,Stock is within 90 days of recent demand
BR001,MED183,Fexofenadine 120mg (CureLine Healthcare),Antihistamines,17,2474.08,0.4286,42.5,11.67,43.7,12,NORMAL,0,0.0,Stock is within 90 days of recent demand
BR001,MED184,Fexofenadine 120mg (LifeSpring Pharma),Antihistamines,12,1550.52,0.1429,90.0,4.481,80.3,4,NORMAL,0,0.0,Stock is within 90 days of recent demand
BR001,MED186,Fexofenadine 180mg,Antihistamines,9,1489.41,0.4643,20.8,13.003,20.8,13,NORMAL,0,0.0,Stock is within 90 days of recent demand
BR001,MED187,Fexofenadine 180mg (CureLine Healthcare),Antihistamines,3,402.36,0.3214,10.0,7.122,12.6,9,NORMAL,0,0.0,Stock is within 90 days of recent demand
BR001,MED188,Fexofenadine 180mg (HealthAxis Pharma),Antihistamines,4,617.88,0.2143,20.0,3.274,36.7,6,NORMAL,0,0.0,Stock is within 90 days of recent demand
BR001,MED191,Levocetirizine 5mg (BlueCrest Pharma),Antihistamines,23,885.37,0.8503,30.0,27.502,25.1,23,NORMAL,0,0.0,Stock is within 90 days of recent demand
BR001,MED193,Levocetirizine 5mg (LifeSpring Pharma),Antihistamines,14,731.08,0.3929,38.2,9.866,42.6,11,NORMAL,0,0.0,Stock is within 90 days of recent demand
BR001,MED194,Levocetirizine 5mg (NovaMed Laboratories),Antihistamines,9,405.64,0.3929,24.5,11.064,24.4,11,NORMAL,0,0.0,Stock is within 90 days of recent demand
BR001,MED195,Levocetirizine 5mg (VitaCure Remedies),Antihistamines,18,743.12,0.2857,67.5,7.959,67.8,8,NORMAL,0,0.0,Stock is within 90 days of recent demand
BR001,MED197,Levocetirizine 2.5mg (LifeSpring Pharma),Antihistamines,22,1255.86,1.0714,20.0,31.569,20.9,33,NORMAL,0,0.0,Stock is within 90 days of recent demand
BR001,MED199,Montelukast + Levocetirizine 10mg/5mg (Aarogya Formulations),Antihistamines,6,848.58,0.1786,36.0,4.131,43.6,5,NORMAL,0,0.0,Stock is within 90 days of recent demand
BR001,MED200,Montelukast + Levocetirizine 10mg/5mg (HealthAxis Pharma),Antihistamines,20,2467.21,0.638,37.5,20.299,29.6,16,NORMAL,0,0.0,Stock is within 90 days of recent demand
BR001,MED201,Montelukast + Levocetirizine 10mg/5mg (NovaMed Laboratories),Antihistamines,20,2844.7,0.2857,75.0,9.667,62.1,8,NORMAL,0,0.0,Stock is within 90 days of recent demand
BR001,MED202,Montelukast + Levocetirizine 10mg/5mg (Stellar Formulations),Antihistamines,12,1583.64,1.1429,11.2,29.403,12.2,32,NORMAL,0,0.0,Stock is within 90 days of recent demand
BR001,MED203,Montelukast + Levocetirizine 10mg/5mg (TrueLife Remedies),Antihistamines,3,415.74,0.4643,6.0,8.464,10.6,15,NORMAL,0,0.0,Stock is within 90 days of recent demand
BR001,MED204,Montelukast + Levocetirizine 10mg/5mg (VitaCure Remedies),Antihistamines,10,1407.7,0.2857,37.5,7.059,42.5,8,NORMAL,0,0.0,Stock is within 90 days of recent demand
BR001,MED205,Domperidone 10mg (BlueCrest Pharma),Gastrointestinal,19,700.54,0.7931,24.8,24.364,23.4,23,NORMAL,0,0.0,Stock is within 90 days of recent demand
BR001,MED206,Domperidone 10mg (CarePlus Laboratories),Gastrointestinal,8,293.26,1.7143,4.9,38.754,6.2,49,NORMAL,0,0.0,Stock is within 90 days of recent demand
BR001,MED208,Domperidone 10mg (HealthAxis Pharma),Gastrointestinal,12,489.71,0.1429,90.0,3.487,103.2,4,NORMAL,0,0.0,Stock is within 90 days of recent demand
BR001,MED210,Domperidone 10mg (NovaMed Laboratories),Gastrointestinal,13,477.3,0.3571,39.0,8.622,45.2,10,NORMAL,0,0.0,Stock is within 90 days of recent demand
BR001,MED211,Loperamide 2mg (Aarogya Formulations),Gastrointestinal,18,429.1,0.2143,90.0,5.713,94.5,6,NORMAL,0,0.0,Stock is within 90 days of recent demand
BR001,MED215,Omeprazole 20mg (CarePlus Laboratories),Gastrointestinal,13,531.28,1.1429,10.8,28.504,13.7,36,NORMAL,0,0.0,Stock is within 90 days of recent demand
BR001,MED216,Omeprazole 20mg (CureLine Healthcare),Gastrointestinal,3,120.03,0.25,12.9,3.836,23.5,7,NORMAL,0,0.0,Stock is within 90 days of recent demand
BR001,MED219,Omeprazole 20mg (TrueLife Remedies),Gastrointestinal,35,1361.4,1.1756,33.9,36.704,28.6,31,NORMAL,0,0.0,Stock is within 90 days of recent demand
BR001,MED221,Omeprazole 40mg,Gastrointestinal,3,130.74,0.25,12.9,3.878,23.2,7,NORMAL,0,0.0,Stock is within 90 days of recent demand
BR001,MED222,Omeprazole 40mg (ApexLife Pharma),Gastrointestinal,16,748.16,0.6429,24.0,17.662,27.2,20,NORMAL,0,0.0,Stock is within 90 days of recent demand
BR001,MED223,Omeprazole 40mg (LifeSpring Pharma),Gastrointestinal,20,839.65,1.0,21.4,27.343,21.9,28,NORMAL,0,0.0,Stock is within 90 days of recent demand
BR001,MED224,Omeprazole 40mg (Summit Lifesciences),Gastrointestinal,31,1209.93,1.1429,28.2,33.98,27.4,33,NORMAL,0,0.0,Stock is within 90 days of recent demand
BR001,MED225,Omeprazole 40mg (TrueLife Remedies),Gastrointestinal,3,133.61,0.2143,15.0,3.668,24.5,6,NORMAL,0,0.0,Stock is within 90 days of recent demand
BR001,MED226,Ondansetron 4mg (Aarogya Formulations),Gastrointestinal,11,475.09,0.7857,13.8,15.378,21.5,24,NORMAL,0,0.0,Stock is within 90 days of recent demand
BR001,MED228,Ondansetron 4mg (CarePlus Laboratories),Gastrointestinal,4,150.44,0.3571,12.0,5.497,21.8,10,NORMAL,0,0.0,Stock is within 90 days of recent demand
BR001,MED229,Ondansetron 4mg (CureLine Healthcare),Gastrointestinal,9,390.03,0.1071,90.0,3.159,85.5,3,NORMAL,0,0.0,Stock is within 90 days of recent demand
BR001,MED231,Ondansetron 4mg (NovaMed Laboratories),Gastrointestinal,3,135.6,0.6429,5.0,8.945,10.1,18,NORMAL,0,0.0,Stock is within 90 days of recent demand
BR001,MED232,Ondansetron 4mg (Stellar Formulations),Gastrointestinal,10,461.1,0.6071,14.3,8.274,36.3,21,NORMAL,0,0.0,Stock is within 90 days of recent demand
BR001,MED234,Ondansetron 4mg (VitaCure Remedies),Gastrointestinal,23,937.48,1.0,23.0,30.736,22.4,30,NORMAL,0,0.0,Stock is within 90 days of recent demand
BR001,MED236,Ondansetron 8mg (LifeSpring Pharma),Gastrointestinal,74,3961.68,6.3929,11.6,181.437,12.2,191,NORMAL,0,0.0,Stock is within 90 days of recent demand
BR001,MED237,Ondansetron 8mg (TrueLife Remedies),Gastrointestinal,6,257.34,0.1071,60.0,2.83,63.6,3,NORMAL,0,0.0,Stock is within 90 days of recent demand
BR001,MED238,Ondansetron 8mg (VitaCure Remedies),Gastrointestinal,4,199.76,0.25,17.1,4.754,25.2,7,NORMAL,0,0.0,Stock is within 90 days of recent demand
BR001,MED239,ORS Powder 21.8g (HealthAxis Pharma),Gastrointestinal,29,404.31,6.4643,4.4,176.893,4.9,197,NORMAL,0,0.0,Stock is within 90 days of recent demand
BR001,MED240,ORS Powder 21.8g (LifeSpring Pharma),Gastrointestinal,3,45.93,0.3571,8.2,5.223,17.2,11,NORMAL,0,0.0,Stock is within 90 days of recent demand
BR001,MED241,ORS Powder 21.8g (Stellar Formulations),Gastrointestinal,20,308.6,1.0357,19.4,29.314,20.5,31,NORMAL,0,0.0,Stock is within 90 days of recent demand
BR001,MED243,ORS Powder 21.8g (TrueLife Remedies),Gastrointestinal,9,154.14,0.1786,54.0,4.565,59.1,5,NORMAL,0,0.0,Stock is within 90 days of recent demand
BR001,MED244,ORS Powder 21.8g (VitaCure Remedies),Gastrointestinal,11,183.75,0.1786,66.0,3.583,92.1,5,NORMAL,0,0.0,Stock is within 90 days of recent demand
BR001,MED245,Pantoprazole 40mg (BlueCrest Pharma),Gastrointestinal,22,1349.5,1.2857,18.3,34.046,19.4,36,NORMAL,0,0.0,Stock is within 90 days of recent demand
BR001,MED247,Pantoprazole 40mg (NovaMed Laboratories),Gastrointestinal,25,1423.72,1.0457,30.0,29.378,25.5,25,NORMAL,0,0.0,Stock is within 90 days of recent demand
BR001,MED249,Pantoprazole 20mg,Gastrointestinal,20,1270.3,1.0,21.4,28.942,20.7,28,NORMAL,0,0.0,Stock is within 90 days of recent demand
BR001,MED250,Pantoprazole 20mg (ApexLife Pharma),Gastrointestinal,14,1015.1,0.3571,30.0,10.567,39.7,14,NORMAL,0,0.0,Stock is within 90 days of recent demand
BR001,MED251,Pantoprazole 20mg (BlueCrest Pharma),Gastrointestinal,9,577.63,0.1786,54.0,4.819,56.0,5,NORMAL,0,0.0,Stock is within 90 days of recent demand
BR001,MED252,Pantoprazole 20mg (CarePlus Laboratories),Gastrointestinal,17,1216.25,0.2143,85.0,5.301,96.2,6,NORMAL,0,0.0,Stock is within 90 days of recent demand
BR001,MED253,Pantoprazole 20mg (Stellar Formulations),Gastrointestinal,13,882.98,0.2857,48.8,5.512,70.8,8,NORMAL,0,0.0,Stock is within 90 days of recent demand
BR001,MED254,Pantoprazole 20mg (Summit Lifesciences),Gastrointestinal,14,1019.12,0.1786,84.0,4.22,99.5,5,NORMAL,0,0.0,Stock is within 90 days of recent demand
BR001,MED256,Amlodipine 5mg (BlueCrest Pharma),Cardiovascular,31,797.52,1.1786,26.6,38.984,23.9,35,NORMAL,0,0.0,Stock is within 90 days of recent demand
BR001,MED257,Amlodipine 5mg (LifeSpring Pharma),Cardiovascular,7,191.24,1.4286,5.2,35.986,5.8,40,NORMAL,0,0.0,Stock is within 90 days of recent demand
BR001,MED258,Amlodipine 5mg (NovaMed Laboratories),Cardiovascular,8,231.46,0.25,34.3,4.601,52.2,7,NORMAL,0,0.0,Stock is within 90 days of recent demand
BR001,MED261,Amlodipine 2.5mg,Cardiovascular,6,220.26,0.2857,22.5,4.088,44.0,8,NORMAL,0,0.0,Stock is within 90 days of recent demand
BR001,MED262,Amlodipine 2.5mg (LifeSpring Pharma),Cardiovascular,25,869.4,0.64,37.5,24.366,30.8,20,NORMAL,0,0.0,Stock is within 90 days of recent demand
BR001,MED263,Amlodipine 2.5mg (Stellar Formulations),Cardiovascular,17,550.68,0.5,36.4,11.844,43.1,14,NORMAL,0,0.0,Stock is within 90 days of recent demand
BR001,MED264,Amlodipine 2.5mg (Summit Lifesciences),Cardiovascular,17,515.77,1.8214,9.4,44.1,11.6,54,NORMAL,0,0.0,Stock is within 90 days of recent demand
BR001,MED265,Amlodipine 2.5mg (TrueLife Remedies),Cardiovascular,70,2502.78,2.8979,25.0,93.261,22.5,84,NORMAL,0,0.0,Stock is within 90 days of recent demand
BR001,MED266,Amlodipine 2.5mg (VitaCure Remedies),Cardiovascular,12,355.56,0.1429,90.0,4.732,76.1,4,NORMAL,0,0.0,Stock is within 90 days of recent demand
BR001,MED267,Amlodipine 10mg,Cardiovascular,7,312.55,0.25,30.0,4.05,51.9,7,NORMAL,0,0.0,Stock is within 90 days of recent demand
BR001,MED268,Amlodipine 10mg (LifeSpring Pharma),Cardiovascular,7,234.29,0.1429,52.5,2.436,86.2,4,NORMAL,0,0.0,Stock is within 90 days of recent demand
BR001,MED269,Amlodipine 10mg (Stellar Formulations),Cardiovascular,105,2993.56,11.75,9.1,313.683,10.0,347,NORMAL,0,0.0,Stock is within 90 days of recent demand
BR001,MED270,Aspirin 75mg (Aarogya Formulations),Cardiovascular,20,127.24,2.1786,9.8,54.734,11.0,61,NORMAL,0,0.0,Stock is within 90 days of recent demand
BR001,MED271,Aspirin 75mg (ApexLife Pharma),Cardiovascular,9,57.26,0.1429,67.5,4.142,65.2,4,NORMAL,0,0.0,Stock is within 90 days of recent demand
BR001,MED272,Aspirin 75mg (BlueCrest Pharma),Cardiovascular,49,327.48,6.5714,7.9,204.654,7.2,187,NORMAL,0,0.0,Stock is within 90 days of recent demand
BR001,MED273,Aspirin 75mg (CureLine Healthcare),Cardiovascular,20,109.92,0.9643,22.2,27.702,21.7,27,NORMAL,0,0.0,Stock is within 90 days of recent demand
BR001,MED274,Aspirin 75mg (LifeSpring Pharma),Cardiovascular,9,60.66,0.1429,67.5,3.431,78.7,4,NORMAL,0,0.0,Stock is within 90 days of recent demand
BR001,MED276,Aspirin 75mg (Stellar Formulations),Cardiovascular,15,104.7,2.1429,7.5,54.899,8.2,60,NORMAL,0,0.0,Stock is within 90 days of recent demand
BR001,MED277,Aspirin 150mg,Cardiovascular,2,14.8,0.1071,20.0,2.442,24.6,3,NORMAL,0,0.0,Stock is within 90 days of recent demand
BR001,MED278,Aspirin 150mg (CarePlus Laboratories),Cardiovascular,28,182.95,1.2143,24.7,34.914,24.1,34,NORMAL,0,0.0,Stock is within 90 days of recent demand
BR001,MED280,Aspirin 150mg (TrueLife Remedies),Cardiovascular,28,192.46,1.7857,16.8,45.131,18.6,50,NORMAL,0,0.0,Stock is within 90 days of recent demand
BR001,MED281,Atorvastatin 10mg (Aarogya Formulations),Cardiovascular,13,816.74,0.1786,78.0,3.807,102.4,5,NORMAL,0,0.0,Stock is within 90 days of recent demand
BR001,MED282,Atorvastatin 10mg (ApexLife Pharma),Cardiovascular,15,1182.9,0.3571,40.9,9.475,47.5,11,NORMAL,0,0.0,Stock is within 90 days of recent demand
BR001,MED283,Atorvastatin 10mg (LifeSpring Pharma),Cardiovascular,0,0.0,1.1071,0.0,28.152,0.0,34,NORMAL,0,0.0,No stock on hand
BR001,MED284,Atorvastatin 10mg (Summit Lifesciences),Cardiovascular,40,3228.53,1.176,32.4,40.289,29.8,37,NORMAL,0,0.0,Stock is within 90 days of recent demand
BR001,MED285,Atorvastatin 20mg,Cardiovascular,20,2012.86,1.25,15.4,36.196,16.6,39,NORMAL,0,0.0,Stock is within 90 days of recent demand
BR001,MED286,Atorvastatin 20mg (BlueCrest Pharma),Cardiovascular,12,1071.72,0.8929,13.8,26.181,13.8,26,NORMAL,0,0.0,Stock is within 90 days of recent demand
BR001,MED287,Atorvastatin 20mg (CarePlus Laboratories),Cardiovascular,22,1661.69,0.4356,41.2,11.503,57.4,16,NORMAL,0,0.0,Stock is within 90 days of recent demand
BR001,MED288,Atorvastatin 40mg,Cardiovascular,22,2133.6,1.5714,14.7,41.639,15.9,45,NORMAL,0,0.0,Stock is within 90 days of recent demand
BR001,MED289,Atorvastatin 40mg (CureLine Healthcare),Cardiovascular,13,1311.42,0.1786,55.7,5.193,75.1,7,NORMAL,0,0.0,Stock is within 90 days of recent demand
BR001,MED290,Atorvastatin 40mg (LifeSpring Pharma),Cardiovascular,8,814.32,0.1429,60.0,3.849,62.4,4,NORMAL,0,0.0,Stock is within 90 days of recent demand
BR001,MED291,Atorvastatin 40mg (VitaCure Remedies),Cardiovascular,14,1432.9,0.25,52.5,5.181,81.1,8,NORMAL,0,0.0,Stock is within 90 days of recent demand
BR001,MED292,Clopidogrel 75mg (Aarogya Formulations),Cardiovascular,26,1710.8,1.3571,19.5,38.048,20.5,40,NORMAL,0,0.0,Stock is within 90 days of recent demand
BR001,MED293,Clopidogrel 75mg (BlueCrest Pharma),Cardiovascular,23,1902.02,0.5,49.3,12.809,53.9,14,NORMAL,0,0.0,Stock is within 90 days of recent demand
BR001,MED294,Clopidogrel 75mg (CureLine Healthcare),Cardiovascular,15,1103.1,0.3929,40.9,9.253,48.6,11,NORMAL,0,0.0,Stock is within 90 days of recent demand
BR001,MED295,Clopidogrel 75mg (NovaMed Laboratories),Cardiovascular,6,486.78,0.0714,90.0,2.687,67.0,2,NORMAL,0,0.0,Stock is within 90 days of recent demand
BR001,MED296,Clopidogrel 75mg (Stellar Formulations),Cardiovascular,10,729.7,0.5357,20.0,9.0,33.3,15,NORMAL,0,0.0,Stock is within 90 days of recent demand
BR001,MED298,Losartan 50mg (CarePlus Laboratories),Cardiovascular,13,821.69,0.3571,39.0,8.029,48.6,10,NORMAL,0,0.0,Stock is within 90 days of recent demand
BR001,MED299,Losartan 50mg (NovaMed Laboratories),Cardiovascular,120,7890.84,5.6519,22.1,173.252,20.8,163,NORMAL,0,0.0,Stock is within 90 days of recent demand
BR001,MED301,Losartan 25mg (CarePlus Laboratories),Cardiovascular,96,7434.48,8.6437,12.5,247.193,11.7,231,NORMAL,0,0.0,Stock is within 90 days of recent demand
BR001,MED302,Losartan 25mg (HealthAxis Pharma),Cardiovascular,25,1910.16,1.0016,24.2,32.119,23.4,31,NORMAL,0,0.0,Stock is within 90 days of recent demand
BR001,MED303,Losartan 25mg (NovaMed Laboratories),Cardiovascular,7,495.04,0.6071,12.4,11.434,18.4,17,NORMAL,0,0.0,Stock is within 90 days of recent demand
BR001,MED304,Losartan 25mg (Summit Lifesciences),Cardiovascular,13,979.7,0.1786,78.0,6.102,63.9,5,NORMAL,0,0.0,Stock is within 90 days of recent demand
BR001,MED305,Losartan 25mg (TrueLife Remedies),Cardiovascular,32,2608.32,2.0714,15.2,52.346,18.3,63,NORMAL,0,0.0,Stock is within 90 days of recent demand
BR001,MED306,Metoprolol 50mg (Aarogya Formulations),Cardiovascular,19,937.75,1.3929,14.6,39.435,14.5,39,NORMAL,0,0.0,Stock is within 90 days of recent demand
BR001,MED307,Metoprolol 50mg (BlueCrest Pharma),Cardiovascular,87,4323.97,4.8511,19.9,147.549,17.7,131,NORMAL,0,0.0,Stock is within 90 days of recent demand
BR001,MED308,Metoprolol 50mg (CureLine Healthcare),Cardiovascular,12,591.08,0.2143,51.4,5.561,64.7,7,NORMAL,0,0.0,Stock is within 90 days of recent demand
BR001,MED310,Metoprolol 25mg,Cardiovascular,29,1457.84,0.9994,32.2,35.435,24.6,27,NORMAL,0,0.0,Stock is within 90 days of recent demand
BR001,MED311,Metoprolol 25mg (CureLine Healthcare),Cardiovascular,47,3301.67,1.2667,45.5,40.798,34.6,31,NORMAL,0,0.0,Stock is within 90 days of recent demand
BR001,MED312,Metoprolol 25mg (HealthAxis Pharma),Cardiovascular,10,566.7,0.25,30.0,4.852,61.8,10,NORMAL,0,0.0,Stock is within 90 days of recent demand
BR001,MED313,Metoprolol 25mg (LifeSpring Pharma),Cardiovascular,5,257.8,0.2857,18.8,3.559,42.1,8,NORMAL,0,0.0,Stock is within 90 days of recent demand
BR001,MED314,Rosuvastatin 10mg (BlueCrest Pharma),Cardiovascular,24,2902.27,1.75,13.3,46.299,15.6,54,NORMAL,0,0.0,Stock is within 90 days of recent demand
BR001,MED315,Rosuvastatin 10mg (NovaMed Laboratories),Cardiovascular,12,1622.76,0.1786,72.0,3.258,110.5,5,NORMAL,0,0.0,Stock is within 90 days of recent demand
BR001,MED316,Rosuvastatin 10mg (Summit Lifesciences),Cardiovascular,12,1569.88,1.3571,9.2,36.047,10.0,39,NORMAL,0,0.0,Stock is within 90 days of recent demand
BR001,MED319,Rosuvastatin 5mg (NovaMed Laboratories),Cardiovascular,102,15090.9,8.0736,13.0,243.581,12.6,236,NORMAL,0,0.0,Stock is within 90 days of recent demand
BR001,MED320,Rosuvastatin 5mg (Stellar Formulations),Cardiovascular,29,3947.19,1.6429,17.4,43.229,20.1,50,NORMAL,0,0.0,Stock is within 90 days of recent demand
BR001,MED321,Rosuvastatin 5mg (VitaCure Remedies),Cardiovascular,9,1388.97,0.25,38.6,5.974,45.2,7,NORMAL,0,0.0,Stock is within 90 days of recent demand
BR001,MED322,Rosuvastatin 20mg,Cardiovascular,9,1687.68,0.6429,13.5,12.313,21.9,20,NORMAL,0,0.0,Stock is within 90 days of recent demand
BR001,MED323,Rosuvastatin 20mg (NovaMed Laboratories),Cardiovascular,10,1553.31,0.5,21.4,12.741,23.5,14,NORMAL,0,0.0,Stock is within 90 days of recent demand
BR001,MED324,Rosuvastatin 20mg (Stellar Formulations),Cardiovascular,24,4108.08,1.9643,11.4,47.351,15.2,63,NORMAL,0,0.0,Stock is within 90 days of recent demand
BR001,MED326,Rosuvastatin 20mg (VitaCure Remedies),Cardiovascular,100,18609.14,7.5259,13.2,225.763,13.3,228,NORMAL,0,0.0,Stock is within 90 days of recent demand
BR001,MED327,Telmisartan 40mg (Aarogya Formulations),Cardiovascular,124,11474.96,13.8571,9.0,306.675,12.1,413,NORMAL,0,0.0,Stock is within 90 days of recent demand
BR001,MED329,Telmisartan 40mg (NovaMed Laboratories),Cardiovascular,68,6928.01,3.9781,15.9,124.49,16.4,128,NORMAL,0,0.0,Stock is within 90 days of recent demand
BR001,MED330,Telmisartan 40mg (Stellar Formulations),Cardiovascular,5,473.75,0.1429,37.5,2.583,58.1,4,NORMAL,0,0.0,Stock is within 90 days of recent demand
BR001,MED331,Telmisartan 40mg (VitaCure Remedies),Cardiovascular,17,1405.46,0.2857,56.7,7.377,69.1,9,NORMAL,0,0.0,Stock is within 90 days of recent demand
BR001,MED332,Telmisartan 20mg,Cardiovascular,34,4154.78,1.25,24.9,39.731,25.7,41,NORMAL,0,0.0,Stock is within 90 days of recent demand
BR001,MED333,Telmisartan 20mg (HealthAxis Pharma),Cardiovascular,11,1231.34,0.2143,55.0,4.797,68.8,6,NORMAL,0,0.0,Stock is within 90 days of recent demand
BR001,MED335,Telmisartan 20mg (Summit Lifesciences),Cardiovascular,4,433.8,0.1429,30.0,2.942,40.8,4,NORMAL,0,0.0,Stock is within 90 days of recent demand
BR001,MED336,Telmisartan 80mg,Cardiovascular,15,1824.12,0.3929,40.9,11.232,40.1,11,NORMAL,0,0.0,Stock is within 90 days of recent demand
BR001,MED337,Telmisartan 80mg (ApexLife Pharma),Cardiovascular,19,2539.28,0.2857,47.5,8.349,68.3,12,NORMAL,0,0.0,Stock is within 90 days of recent demand
BR001,MED338,Telmisartan 80mg (BlueCrest Pharma),Cardiovascular,76,9332.74,1.8974,38.0,58.945,38.7,60,NORMAL,0,0.0,Stock is within 90 days of recent demand
BR001,MED339,Telmisartan 80mg (CureLine Healthcare),Cardiovascular,7,812.3,0.1786,42.0,4.636,45.3,5,NORMAL,0,0.0,Stock is within 90 days of recent demand
BR001,MED340,Telmisartan 80mg (NovaMed Laboratories),Cardiovascular,10,1204.5,0.3571,30.0,8.65,34.7,10,NORMAL,0,0.0,Stock is within 90 days of recent demand
BR001,MED341,Telmisartan 80mg (Stellar Formulations),Cardiovascular,17,2331.78,0.6786,23.2,21.06,24.2,22,NORMAL,0,0.0,Stock is within 90 days of recent demand
BR001,MED342,Telmisartan 80mg (Summit Lifesciences),Cardiovascular,16,2033.2,0.6071,26.7,17.808,27.0,18,NORMAL,0,0.0,Stock is within 90 days of recent demand
BR001,MED343,Telmisartan 80mg (TrueLife Remedies),Cardiovascular,18,2464.56,1.6429,11.7,40.797,13.2,46,NORMAL,0,0.0,Stock is within 90 days of recent demand
BR001,MED344,Gliclazide 80mg (Aarogya Formulations),Antidiabetic,43,2055.99,1.6786,24.8,50.628,25.5,52,NORMAL,0,0.0,Stock is within 90 days of recent demand
BR001,MED345,Gliclazide 80mg (BlueCrest Pharma),Antidiabetic,11,615.45,0.5714,20.6,14.26,23.1,16,NORMAL,0,0.0,Stock is within 90 days of recent demand
BR001,MED346,Gliclazide 80mg (CarePlus Laboratories),Antidiabetic,18,1038.47,1.25,15.4,29.107,18.6,35,NORMAL,0,0.0,Stock is within 90 days of recent demand
BR001,MED347,Gliclazide 80mg (LifeSpring Pharma),Antidiabetic,6,307.17,0.3929,16.4,7.149,25.2,11,NORMAL,0,0.0,Stock is within 90 days of recent demand
BR001,MED349,Gliclazide 40mg,Antidiabetic,16,1014.8,0.8571,17.8,23.508,20.4,27,NORMAL,0,0.0,Stock is within 90 days of recent demand
BR001,MED350,Gliclazide 40mg (BlueCrest Pharma),Antidiabetic,7,462.21,0.1429,52.5,3.047,68.9,4,NORMAL,0,0.0,Stock is within 90 days of recent demand
BR001,MED351,Gliclazide 40mg (Lumina Pharma),Antidiabetic,16,1134.08,0.4643,25.3,9.731,49.3,19,NORMAL,0,0.0,Stock is within 90 days of recent demand
BR001,MED354,Gliclazide 40mg (Summit Lifesciences),Antidiabetic,35,2552.55,3.5714,10.0,101.481,10.3,105,NORMAL,0,0.0,Stock is within 90 days of recent demand
BR001,MED356,Glimepiride 2mg (CarePlus Laboratories),Antidiabetic,12,1350.18,0.7857,16.4,18.016,20.0,22,NORMAL,0,0.0,Stock is within 90 days of recent demand
BR001,MED357,Glimepiride 2mg (Stellar Formulations),Antidiabetic,14,1584.87,1.3214,10.2,32.141,13.1,41,NORMAL,0,0.0,Stock is within 90 days of recent demand
BR001,MED358,Glimepiride 2mg (VitaCure Remedies),Antidiabetic,34,3681.57,1.3571,24.9,39.742,25.7,41,NORMAL,0,0.0,Stock is within 90 days of recent demand
BR001,MED360,Glimepiride 1mg (CarePlus Laboratories),Antidiabetic,44,5299.58,2.3214,18.1,57.895,22.8,73,NORMAL,0,0.0,Stock is within 90 days of recent demand
BR001,MED361,Glimepiride 1mg (CureLine Healthcare),Antidiabetic,30,4027.52,1.2857,20.9,37.994,23.7,43,NORMAL,0,0.0,Stock is within 90 days of recent demand
BR001,MED362,Glimepiride 1mg (HealthAxis Pharma),Antidiabetic,20,2448.2,1.0357,19.4,21.714,27.6,31,NORMAL,0,0.0,Stock is within 90 days of recent demand
BR001,MED364,Glimepiride 1mg (TrueLife Remedies),Antidiabetic,14,1633.52,1.25,12.0,33.785,12.4,35,NORMAL,0,0.0,Stock is within 90 days of recent demand
BR001,MED365,Glimepiride 3mg,Antidiabetic,10,1648.3,0.1429,75.0,3.783,79.3,4,NORMAL,0,0.0,Stock is within 90 days of recent demand
BR001,MED366,Glimepiride 3mg (ApexLife Pharma),Antidiabetic,34,5867.72,1.8571,19.6,45.604,22.4,52,NORMAL,0,0.0,Stock is within 90 days of recent demand
BR001,MED368,Glimepiride 3mg (NovaMed Laboratories),Antidiabetic,10,1595.48,0.25,42.9,5.667,52.9,7,NORMAL,0,0.0,Stock is within 90 days of recent demand
BR001,MED369,Glimepiride 3mg (Stellar Formulations),Antidiabetic,7,947.45,0.4286,17.5,8.686,24.2,12,NORMAL,0,0.0,Stock is within 90 days of recent demand
BR001,MED370,Glimepiride 3mg (Summit Lifesciences),Antidiabetic,22,2943.08,0.4643,50.8,16.013,41.2,13,NORMAL,0,0.0,Stock is within 90 days of recent demand
BR001,MED371,Glimepiride 3mg (TrueLife Remedies),Antidiabetic,3,448.95,0.1786,18.0,2.827,31.8,5,NORMAL,0,0.0,Stock is within 90 days of recent demand
BR001,MED372,Glimepiride 3mg (VitaCure Remedies),Antidiabetic,5,698.95,0.6429,6.8,13.072,11.5,22,NORMAL,0,0.0,Stock is within 90 days of recent demand
BR001,MED373,Glimepiride + Metformin 2mg/500mg (Aarogya Formulations),Antidiabetic,14,1532.1,0.2143,70.0,5.035,83.4,6,NORMAL,0,0.0,Stock is within 90 days of recent demand
BR001,MED374,Glimepiride + Metformin 2mg/500mg (Stellar Formulations),Antidiabetic,7,738.04,0.2857,26.2,6.028,34.8,8,NORMAL,0,0.0,Stock is within 90 days of recent demand
BR001,MED375,Glimepiride + Metformin 2mg/500mg (Summit Lifesciences),Antidiabetic,4,484.68,0.0714,60.0,1.728,69.4,2,NORMAL,0,0.0,Stock is within 90 days of recent demand
BR001,MED376,Glimepiride + Metformin 1mg/500mg,Antidiabetic,17,2404.64,0.3214,51.0,8.521,59.9,10,NORMAL,0,0.0,Stock is within 90 days of recent demand
BR001,MED377,Glimepiride + Metformin 1mg/500mg (CarePlus Laboratories),Antidiabetic,12,1465.54,0.4643,27.7,8.395,42.9,13,NORMAL,0,0.0,Stock is within 90 days of recent demand
BR001,MED378,Glimepiride + Metformin 1mg/500mg (Stellar Formulations),Antidiabetic,6,837.78,0.6786,9.5,15.935,11.3,19,NORMAL,0,0.0,Stock is within 90 days of recent demand
BR001,MED379,Glimepiride + Metformin 1mg/500mg (Summit Lifesciences),Antidiabetic,11,1596.43,0.6071,19.4,11.574,28.5,17,NORMAL,0,0.0,Stock is within 90 days of recent demand
BR001,MED380,Glimepiride + Metformin 1mg/500mg (VitaCure Remedies),Antidiabetic,33,4756.63,1.1611,30.0,38.155,25.9,33,NORMAL,0,0.0,Stock is within 90 days of recent demand
BR001,MED381,Glimepiride + Metformin 1mg/500mg (Zenith BioPharma),Antidiabetic,140,18776.8,7.839,18.8,225.547,18.6,223,NORMAL,0,0.0,Stock is within 90 days of recent demand
BR001,MED382,Metformin 500mg (CureLine Healthcare),Antidiabetic,11,285.51,0.4286,27.5,9.494,34.8,12,NORMAL,0,0.0,Stock is within 90 days of recent demand
BR001,MED383,Metformin 500mg (Stellar Formulations),Antidiabetic,106,2540.16,6.75,15.7,206.571,15.4,202,NORMAL,0,0.0,Stock is within 90 days of recent demand
BR001,MED385,Metformin 850mg,Antidiabetic,76,2086.96,9.1071,8.4,250.768,9.1,270,NORMAL,0,0.0,Stock is within 90 days of recent demand
BR001,MED386,Metformin 850mg (CureLine Healthcare),Antidiabetic,7,195.58,1.0,6.8,17.772,11.8,31,NORMAL,0,0.0,Stock is within 90 days of recent demand
BR001,MED389,Metformin 1000mg,Antidiabetic,24,672.0,0.2143,80.0,8.415,85.6,9,NORMAL,0,0.0,Stock is within 90 days of recent demand
BR001,MED390,Metformin 1000mg (BlueCrest Pharma),Antidiabetic,15,515.55,0.2539,64.3,9.552,47.1,7,NORMAL,0,0.0,Stock is within 90 days of recent demand
BR001,MED391,Metformin 1000mg (HealthAxis Pharma),Antidiabetic,39,1195.44,1.1526,37.7,37.878,30.9,31,NORMAL,0,0.0,Stock is within 90 days of recent demand
BR001,MED392,Metformin 1000mg (LifeSpring Pharma),Antidiabetic,5,182.45,3.75,1.3,102.85,1.5,115,NORMAL,0,0.0,Stock is within 90 days of recent demand
BR001,MED393,Metformin 1000mg (TrueLife Remedies),Antidiabetic,18,610.35,0.2143,90.0,8.21,65.8,6,NORMAL,0,0.0,Stock is within 90 days of recent demand
BR001,MED394,Sitagliptin 100mg (BlueCrest Pharma),Antidiabetic,9,2239.77,0.2857,33.8,6.36,42.5,8,NORMAL,0,0.0,Stock is within 90 days of recent demand
BR001,MED395,Sitagliptin 100mg (CarePlus Laboratories),Antidiabetic,27,8124.03,1.7143,16.9,46.44,17.4,48,NORMAL,0,0.0,Stock is within 90 days of recent demand
BR001,MED396,Sitagliptin 100mg (HealthAxis Pharma),Antidiabetic,226,66292.61,11.0357,19.9,297.709,22.8,341,NORMAL,0,0.0,Stock is within 90 days of recent demand
BR001,MED397,Sitagliptin 50mg,Antidiabetic,31,11956.21,1.2143,26.6,36.029,25.8,35,NORMAL,0,0.0,Stock is within 90 days of recent demand
BR001,MED398,Sitagliptin 50mg (ApexLife Pharma),Antidiabetic,19,6474.25,0.6071,33.5,14.215,40.1,17,NORMAL,0,0.0,Stock is within 90 days of recent demand
BR001,MED399,Sitagliptin 50mg (BlueCrest Pharma),Antidiabetic,11,4175.49,2.3214,5.1,58.728,5.6,65,NORMAL,0,0.0,Stock is within 90 days of recent demand
BR001,MED401,Sitagliptin 50mg (HealthAxis Pharma),Antidiabetic,15,4849.3,0.25,56.2,6.826,65.9,8,NORMAL,0,0.0,Stock is within 90 days of recent demand
BR001,MED402,Sitagliptin 50mg (NovaMed Laboratories),Antidiabetic,23,9162.05,0.9286,26.5,26.394,26.1,26,NORMAL,0,0.0,Stock is within 90 days of recent demand
BR001,MED403,Sitagliptin 50mg (Stellar Formulations),Antidiabetic,13,4657.74,0.25,55.7,5.705,68.4,7,NORMAL,0,0.0,Stock is within 90 days of recent demand
BR001,MED405,Sitagliptin 50mg (TrueLife Remedies),Antidiabetic,11,3991.62,0.2143,55.0,6.092,54.2,6,NORMAL,0,0.0,Stock is within 90 days of recent demand
BR001,MED407,Ambroxol + Levosalbutamol Syrup 100ml (NovaMed Laboratories),Respiratory,33,3020.72,1.3929,24.8,40.424,24.5,40,NORMAL,0,0.0,Stock is within 90 days of recent demand
BR001,MED408,Ambroxol + Levosalbutamol Syrup 100ml (Summit Lifesciences),Respiratory,2,161.46,0.6429,3.3,13.363,4.5,18,NORMAL,0,0.0,Stock is within 90 days of recent demand
BR001,MED409,Ambroxol + Levosalbutamol Syrup 100ml (VitaCure Remedies),Respiratory,11,995.83,0.2857,36.7,4.593,71.8,9,NORMAL,0,0.0,Stock is within 90 days of recent demand
BR001,MED410,Ambroxol + Levosalbutamol Syrup 60ml,Respiratory,20,2151.95,0.3214,66.7,9.852,60.9,9,NORMAL,0,0.0,Stock is within 90 days of recent demand
BR001,MED411,Ambroxol + Levosalbutamol Syrup 60ml (NovaMed Laboratories),Respiratory,11,1129.37,0.8929,12.2,24.752,13.3,27,NORMAL,0,0.0,Stock is within 90 days of recent demand
BR001,MED413,Budesonide Inhaler 200mcg (BlueCrest Pharma),Respiratory,7,1663.83,0.1429,52.5,3.508,59.9,4,NORMAL,0,0.0,Stock is within 90 days of recent demand
BR001,MED414,Budesonide Inhaler 200mcg (VitaCure Remedies),Respiratory,7,1398.53,0.25,30.0,4.846,43.3,7,NORMAL,0,0.0,Stock is within 90 days of recent demand
BR001,MED415,Budesonide Inhaler 100mcg,Respiratory,5,1277.66,0.4286,12.5,11.016,13.6,12,NORMAL,0,0.0,Stock is within 90 days of recent demand
BR001,MED416,Dextromethorphan Syrup 100ml (HealthAxis Pharma),Respiratory,48,3657.61,1.4286,33.5,45.361,31.7,43,NORMAL,0,0.0,Stock is within 90 days of recent demand
BR001,MED417,Dextromethorphan Syrup 100ml (LifeSpring Pharma),Respiratory,4,279.76,0.5,7.5,8.262,14.5,16,NORMAL,0,0.0,Stock is within 90 days of recent demand
BR001,MED419,Dextromethorphan Syrup 100ml (TrueLife Remedies),Respiratory,0,0.0,0.4286,0.0,8.77,0.0,12,NORMAL,0,0.0,No stock on hand
BR001,MED420,Montelukast 10mg (CureLine Healthcare),Respiratory,23,3619.01,0.8343,31.4,26.174,26.4,22,NORMAL,0,0.0,Stock is within 90 days of recent demand
BR001,MED421,Montelukast 10mg (LifeSpring Pharma),Respiratory,13,1928.1,0.3929,32.5,9.093,42.9,12,NORMAL,0,0.0,Stock is within 90 days of recent demand
BR001,MED423,Montelukast 10mg (Summit Lifesciences),Respiratory,7,981.58,0.1786,42.0,4.059,51.7,5,NORMAL,0,0.0,Stock is within 90 days of recent demand
BR001,MED425,Montelukast 5mg,Respiratory,15,2449.6,0.3214,50.0,7.945,56.6,9,NORMAL,0,0.0,Stock is within 90 days of recent demand
BR001,MED427,Montelukast 5mg (NovaMed Laboratories),Respiratory,10,1623.08,0.1786,60.0,5.015,59.8,5,NORMAL,0,0.0,Stock is within 90 days of recent demand
BR001,MED429,Montelukast 5mg (TrueLife Remedies),Respiratory,4,781.12,0.5,8.6,12.174,9.9,14,NORMAL,0,0.0,Stock is within 90 days of recent demand
BR001,MED430,Salbutamol Inhaler 100mcg (Aarogya Formulations),Respiratory,9,1163.3,0.1071,90.0,3.525,76.6,3,NORMAL,0,0.0,Stock is within 90 days of recent demand
BR001,MED431,Salbutamol Inhaler 100mcg (ApexLife Pharma),Respiratory,8,1097.68,0.8214,8.3,22.927,10.5,29,NORMAL,0,0.0,Stock is within 90 days of recent demand
BR001,MED432,Salbutamol Inhaler 100mcg (Stellar Formulations),Respiratory,63,6954.81,4.1071,15.6,121.935,15.5,121,NORMAL,0,0.0,Stock is within 90 days of recent demand
BR001,MED433,Salbutamol Inhaler 100mcg (Summit Lifesciences),Respiratory,10,1229.17,0.6071,17.6,11.233,26.7,17,NORMAL,0,0.0,Stock is within 90 days of recent demand
BR001,MED434,Salbutamol Inhaler 100mcg (TrueLife Remedies),Respiratory,9,1021.41,0.1071,90.0,3.33,81.1,3,NORMAL,0,0.0,Stock is within 90 days of recent demand
BR001,MED436,Salbutamol Inhaler 200mcg,Respiratory,14,2118.42,0.4643,32.3,14.233,29.5,13,NORMAL,0,0.0,Stock is within 90 days of recent demand
BR001,MED437,Salbutamol Inhaler 200mcg (BlueCrest Pharma),Respiratory,11,1446.14,0.1786,47.1,4.166,79.2,7,NORMAL,0,0.0,Stock is within 90 days of recent demand
BR001,MED438,Salbutamol Inhaler 200mcg (CarePlus Laboratories),Respiratory,12,1639.08,0.1429,90.0,4.681,76.9,4,NORMAL,0,0.0,Stock is within 90 days of recent demand
BR001,MED439,Salbutamol Inhaler 200mcg (HealthAxis Pharma),Respiratory,11,1613.91,0.25,47.1,5.323,62.0,7,NORMAL,0,0.0,Stock is within 90 days of recent demand
BR001,MED443,Calcium + Vitamin D3 500mg/250IU (ApexLife Pharma),Vitamins,39,3450.18,1.0403,45.0,31.575,37.1,26,NORMAL,0,0.0,Stock is within 90 days of recent demand
BR001,MED444,Calcium + Vitamin D3 500mg/250IU (CureLine Healthcare),Vitamins,17,1665.57,1.1429,15.9,31.52,16.2,32,NORMAL,0,0.0,Stock is within 90 days of recent demand
BR001,MED445,Calcium + Vitamin D3 500mg/250IU (HealthAxis Pharma),Vitamins,23,2112.41,1.1429,18.6,32.342,21.3,37,NORMAL,0,0.0,Stock is within 90 days of recent demand
BR001,MED446,Calcium + Vitamin D3 500mg/250IU (LifeSpring Pharma),Vitamins,31,2419.55,1.2857,25.8,39.525,23.5,36,NORMAL,0,0.0,Stock is within 90 days of recent demand
BR001,MED447,Calcium + Vitamin D3 500mg/250IU (Summit Lifesciences),Vitamins,9,722.43,0.6786,13.5,17.143,15.7,20,NORMAL,0,0.0,Stock is within 90 days of recent demand
BR001,MED448,Calcium + Vitamin D3 500mg/250IU (TrueLife Remedies),Vitamins,45,3453.65,1.6071,30.0,48.008,28.1,45,NORMAL,0,0.0,Stock is within 90 days of recent demand
BR001,MED449,Iron + Folic Acid 100mg/500mcg (BlueCrest Pharma),Vitamins,3,200.0,0.6071,5.0,12.022,7.5,18,NORMAL,0,0.0,Stock is within 90 days of recent demand
BR001,MED450,Iron + Folic Acid 100mg/500mcg (CarePlus Laboratories),Vitamins,11,729.43,0.1469,82.5,5.959,55.4,4,NORMAL,0,0.0,Stock is within 90 days of recent demand
BR001,MED452,Iron + Folic Acid 100mg/500mcg (HealthAxis Pharma),Vitamins,13,932.03,0.3929,27.9,9.646,40.4,14,NORMAL,0,0.0,Stock is within 90 days of recent demand
BR001,MED453,Iron + Folic Acid 100mg/500mcg (LifeSpring Pharma),Vitamins,8,510.08,0.3214,26.7,7.51,32.0,9,NORMAL,0,0.0,Stock is within 90 days of recent demand
BR001,MED454,Iron + Folic Acid 100mg/500mcg (Stellar Formulations),Vitamins,54,3358.51,3.1419,18.0,98.078,16.5,90,NORMAL,0,0.0,Stock is within 90 days of recent demand
BR001,MED455,Iron + Folic Acid 100mg/500mcg (Summit Lifesciences),Vitamins,8,476.75,0.1034,60.0,3.917,61.3,4,NORMAL,0,0.0,Stock is within 90 days of recent demand
BR001,MED457,Multivitamin B-complex+C (BlueCrest Pharma),Vitamins,17,573.16,0.4286,36.4,10.88,46.9,14,NORMAL,0,0.0,Stock is within 90 days of recent demand
BR001,MED459,Multivitamin B-complex+C (Summit Lifesciences),Vitamins,88,3007.88,7.25,12.8,204.944,12.9,207,NORMAL,0,0.0,Stock is within 90 days of recent demand
BR001,MED460,Multivitamin B-complex+C (TrueLife Remedies),Vitamins,13,516.76,1.2857,10.5,33.654,11.6,37,NORMAL,0,0.0,Stock is within 90 days of recent demand
BR001,MED461,Vitamin C Chewable 500mg (Aarogya Formulations),Vitamins,44,899.01,2.0357,22.0,55.937,23.6,60,NORMAL,0,0.0,Stock is within 90 days of recent demand
BR001,MED462,Vitamin C Chewable 500mg (ApexLife Pharma),Vitamins,9,181.47,0.6786,14.2,13.428,20.1,19,NORMAL,0,0.0,Stock is within 90 days of recent demand
BR001,MED463,Vitamin C Chewable 500mg (HealthAxis Pharma),Vitamins,6,126.4,0.5357,12.0,12.908,13.9,15,NORMAL,0,0.0,Stock is within 90 days of recent demand
BR001,MED464,Vitamin C Chewable 500mg (TrueLife Remedies),Vitamins,13,264.1,0.1786,78.0,4.934,79.0,5,NORMAL,0,0.0,Stock is within 90 days of recent demand
BR001,MED465,Vitamin C Chewable 1000mg,Vitamins,40,1211.05,1.282,33.3,41.649,28.8,36,NORMAL,0,0.0,Stock is within 90 days of recent demand
BR001,MED466,Vitamin C Chewable 1000mg (ApexLife Pharma),Vitamins,59,1389.65,4.3214,13.5,127.378,13.9,131,NORMAL,0,0.0,Stock is within 90 days of recent demand
BR001,MED467,Vitamin C Chewable 1000mg (BlueCrest Pharma),Vitamins,19,507.81,0.4286,43.8,10.943,52.1,13,NORMAL,0,0.0,Stock is within 90 days of recent demand
BR001,MED468,Vitamin C Chewable 1000mg (CarePlus Laboratories),Vitamins,22,496.46,0.8929,24.4,27.812,23.7,27,NORMAL,0,0.0,Stock is within 90 days of recent demand
BR001,MED469,Vitamin C Chewable 1000mg (CureLine Healthcare),Vitamins,18,506.61,0.4643,41.5,12.393,43.6,13,NORMAL,0,0.0,Stock is within 90 days of recent demand
BR001,MED470,Vitamin C Chewable 1000mg (NovaMed Laboratories),Vitamins,11,301.48,1.0714,9.4,28.643,11.5,35,NORMAL,0,0.0,Stock is within 90 days of recent demand
BR001,MED471,Vitamin C Chewable 1000mg (Summit Lifesciences),Vitamins,12,256.56,0.6071,21.2,12.652,28.5,17,NORMAL,0,0.0,Stock is within 90 days of recent demand
BR001,MED472,Vitamin C Chewable 1000mg (TrueLife Remedies),Vitamins,7,190.28,0.25,30.0,6.126,34.3,7,NORMAL,0,0.0,Stock is within 90 days of recent demand
BR001,MED473,Vitamin C Chewable 1000mg (VitaCure Remedies),Vitamins,9,214.54,0.5714,15.0,15.294,17.7,18,NORMAL,0,0.0,Stock is within 90 days of recent demand
BR001,MED474,Vitamin D3 60000IU (TrueLife Remedies),Vitamins,13,1405.45,0.1429,65.0,4.942,78.9,6,NORMAL,0,0.0,Stock is within 90 days of recent demand
BR001,MED476,Vitamin D3 1000IU,Vitamins,18,2021.29,0.4743,49.1,13.721,39.4,11,NORMAL,0,0.0,Stock is within 90 days of recent demand
BR001,MED477,Vitamin D3 1000IU (Summit Lifesciences),Vitamins,2,290.04,0.5714,3.8,12.97,4.6,16,NORMAL,0,0.0,Stock is within 90 days of recent demand
BR001,MED479,Calamine Lotion 100ml (LifeSpring Pharma),Dermatological,5,276.95,0.1071,50.0,2.54,59.1,3,NORMAL,0,0.0,Stock is within 90 days of recent demand
BR001,MED480,Calamine Lotion 100ml (Stellar Formulations),Dermatological,7,395.68,0.8214,8.1,19.794,10.6,26,NORMAL,0,0.0,Stock is within 90 days of recent demand
BR001,MED481,Calamine Lotion 100ml (TrueLife Remedies),Dermatological,14,827.61,0.1429,70.0,3.926,107.0,6,NORMAL,0,0.0,Stock is within 90 days of recent demand
BR001,MED482,Clotrimazole Cream 1% (ApexLife Pharma),Dermatological,16,1079.56,0.2143,68.6,5.922,81.1,7,NORMAL,0,0.0,Stock is within 90 days of recent demand
BR001,MED483,Clotrimazole Cream 1% (CureLine Healthcare),Dermatological,9,526.01,0.4643,19.3,10.62,25.4,14,NORMAL,0,0.0,Stock is within 90 days of recent demand
BR001,MED484,Clotrimazole Cream 2%,Dermatological,12,886.07,0.1786,72.0,5.387,66.8,5,NORMAL,0,0.0,Stock is within 90 days of recent demand
BR001,MED487,Fusidic Acid Cream 2% (ApexLife Pharma),Dermatological,6,602.52,0.25,25.7,4.832,37.3,7,NORMAL,0,0.0,Stock is within 90 days of recent demand
BR001,MED488,Fusidic Acid Cream 2% (BlueCrest Pharma),Dermatological,6,682.8,0.2143,30.0,4.448,40.5,6,NORMAL,0,0.0,Stock is within 90 days of recent demand
BR001,MED490,Hydrocortisone Cream 1% (CarePlus Laboratories),Dermatological,12,513.17,0.3929,32.7,10.824,33.3,11,NORMAL,0,0.0,Stock is within 90 days of recent demand
BR001,MED491,Hydrocortisone Cream 1% (CureLine Healthcare),Dermatological,5,270.82,0.75,6.0,17.546,8.5,25,NORMAL,0,0.0,Stock is within 90 days of recent demand
BR001,MED494,Ketoconazole Shampoo 2% (LifeSpring Pharma),Dermatological,11,1691.36,0.2143,55.0,4.643,71.1,6,NORMAL,0,0.0,Stock is within 90 days of recent demand
BR001,MED495,Ketoconazole Shampoo 2% (VitaCure Remedies),Dermatological,9,1310.18,0.2143,45.0,5.401,50.0,6,NORMAL,0,0.0,Stock is within 90 days of recent demand
BR001,MED496,Mupirocin Ointment 2% (ApexLife Pharma),Dermatological,12,1243.14,0.2857,45.0,5.61,64.2,8,NORMAL,0,0.0,Stock is within 90 days of recent demand
BR001,MED497,Mupirocin Ointment 2% (CarePlus Laboratories),Dermatological,4,393.58,0.3571,12.0,8.437,14.2,10,NORMAL,0,0.0,Stock is within 90 days of recent demand
BR001,MED499,Mupirocin Ointment 2% (Summit Lifesciences),Dermatological,10,939.49,0.2857,37.5,6.319,47.5,8,NORMAL,0,0.0,Stock is within 90 days of recent demand
BR002,MED001,Paracetamol 500mg,Analgesics,36,743.76,3.1429,11.5,93.101,11.6,94,NORMAL,0,0.0,Stock is within 90 days of recent demand
BR002,MED002,Diclofenac 50mg,Analgesics,6,171.85,0.5714,10.6,14.614,12.3,17,NORMAL,0,0.0,Stock is within 90 days of recent demand
BR002,MED003,Amoxicillin 500mg,Antibiotics,5,327.25,0.4286,12.5,9.995,15.0,12,NORMAL,0,0.0,Stock is within 90 days of recent demand
BR002,MED004,Azithromycin 500mg,Antibiotics,5,445.62,0.0743,75.0,2.176,68.9,2,NORMAL,0,0.0,Stock is within 90 days of recent demand
BR002,MED005,Paracetamol 650mg,Antipyretics,17,363.24,3.3929,5.0,92.813,5.5,103,NORMAL,0,0.0,Stock is within 90 days of recent demand
BR002,MED007,Cetirizine 10mg,Antihistamines,53,916.9,3.5823,15.3,107.292,14.8,104,NORMAL,0,0.0,Stock is within 90 days of recent demand
BR002,MED008,Fexofenadine 120mg,Antihistamines,11,1622.74,0.1786,66.0,3.105,106.3,5,NORMAL,0,0.0,Stock is within 90 days of recent demand
BR002,MED009,Pantoprazole 40mg,Gastrointestinal,47,2775.35,2.6287,18.3,76.38,18.5,77,NORMAL,0,0.0,Stock is within 90 days of recent demand
BR002,MED010,Ondansetron 4mg,Gastrointestinal,7,305.4,0.1429,52.5,2.612,80.4,4,NORMAL,0,0.0,Stock is within 90 days of recent demand
BR002,MED011,Amlodipine 5mg,Cardiovascular,58,1565.63,9.2143,6.5,252.341,6.9,269,NORMAL,0,0.0,Stock is within 90 days of recent demand
BR002,MED012,Atorvastatin 10mg,Cardiovascular,67,5374.74,5.1786,13.3,155.28,12.9,151,NORMAL,0,0.0,Stock is within 90 days of recent demand
BR002,MED013,Metformin 500mg,Antidiabetic,35,747.6,4.2143,8.5,124.223,8.5,124,NORMAL,0,0.0,Stock is within 90 days of recent demand
BR002,MED014,Glimepiride 2mg,Antidiabetic,44,4491.08,2.25,20.0,66.367,19.9,66,NORMAL,0,0.0,Stock is within 90 days of recent demand
BR002,MED015,Ambroxol + Levosalbutamol Syrup 100ml,Respiratory,9,772.41,2.0357,4.4,55.697,4.8,62,NORMAL,0,0.0,Stock is within 90 days of recent demand
BR002,MED017,Vitamin C Chewable 500mg,Vitamins,11,210.65,1.5,6.9,35.851,9.2,48,NORMAL,0,0.0,Stock is within 90 days of recent demand
BR002,MED019,Clotrimazole Cream 1%,Dermatological,8,467.86,0.9286,8.9,22.533,10.7,27,NORMAL,0,0.0,Stock is within 90 days of recent demand
BR002,MED020,Mupirocin Ointment 2%,Dermatological,13,1365.37,0.4643,27.9,12.929,30.2,14,NORMAL,0,0.0,Stock is within 90 days of recent demand
BR002,MED021,Ibuprofen 400mg,Analgesics,5,130.9,1.0,4.8,24.509,6.1,31,NORMAL,0,0.0,Stock is within 90 days of recent demand
BR002,MED022,Aceclofenac + Paracetamol 100mg/325mg,Analgesics,6,324.0,0.7857,7.8,20.622,8.7,23,NORMAL,0,0.0,Stock is within 90 days of recent demand
BR002,MED023,Naproxen 250mg,Analgesics,6,353.91,0.1786,36.0,3.86,46.6,5,NORMAL,0,0.0,Stock is within 90 days of recent demand
BR002,MED024,Cefixime 200mg,Antibiotics,4,294.52,1.0357,3.9,21.669,5.5,31,NORMAL,0,0.0,Stock is within 90 days of recent demand
BR002,MED025,Ciprofloxacin 500mg,Antibiotics,10,428.81,0.5,21.4,13.415,22.4,14,NORMAL,0,0.0,Stock is within 90 days of recent demand
BR002,MED026,Doxycycline 100mg,Antibiotics,7,383.59,0.1786,42.0,4.627,45.4,5,NORMAL,0,0.0,Stock is within 90 days of recent demand
BR002,MED027,Amoxicillin + Clavulanic Acid 625mg,Antibiotics,6,931.82,0.7857,8.2,17.977,10.0,22,NORMAL,0,0.0,Stock is within 90 days of recent demand
BR002,MED029,Paracetamol Drops 100mg/ml,Antipyretics,8,213.59,0.1786,48.0,3.782,63.5,5,NORMAL,0,0.0,Stock is within 90 days of recent demand
BR002,MED030,Levocetirizine 5mg,Antihistamines,4,187.64,0.6786,6.3,16.449,7.3,19,NORMAL,0,0.0,Stock is within 90 days of recent demand
BR002,MED031,Montelukast + Levocetirizine 10mg/5mg,Antihistamines,0,0.0,1.3929,0.0,31.796,0.0,44,NORMAL,0,0.0,No stock on hand
BR002,MED032,Chlorpheniramine 4mg,Antihistamines,9,83.52,0.1071,90.0,3.5,77.1,3,NORMAL,0,0.0,Stock is within 90 days of recent demand
BR002,MED033,Omeprazole 20mg,Gastrointestinal,69,2832.03,5.0714,13.2,148.912,13.9,157,NORMAL,0,0.0,Stock is within 90 days of recent demand
BR002,MED034,Domperidone 10mg,Gastrointestinal,22,828.84,2.0357,10.8,52.718,12.5,61,NORMAL,0,0.0,Stock is within 90 days of recent demand
BR002,MED035,ORS Powder 21.8g,Gastrointestinal,7,100.1,0.4286,17.5,9.919,21.2,12,NORMAL,0,0.0,Stock is within 90 days of recent demand
BR002,MED036,Loperamide 2mg,Gastrointestinal,7,162.75,0.3214,21.0,5.533,38.0,10,NORMAL,0,0.0,Stock is within 90 days of recent demand
BR002,MED037,Telmisartan 40mg,Cardiovascular,209,21237.94,8.2754,23.8,246.605,25.4,263,NORMAL,0,0.0,Stock is within 90 days of recent demand
BR002,MED038,Losartan 50mg,Cardiovascular,13,867.01,0.3571,39.0,11.114,35.1,10,NORMAL,0,0.0,Stock is within 90 days of recent demand
BR002,MED039,Metoprolol 50mg,Cardiovascular,25,1211.5,1.1786,17.9,35.646,21.0,42,NORMAL,0,0.0,Stock is within 90 days of recent demand
BR002,MED040,Rosuvastatin 10mg,Cardiovascular,31,4288.43,1.4643,21.1,41.616,22.3,44,NORMAL,0,0.0,Stock is within 90 days of recent demand
BR002,MED041,Clopidogrel 75mg,Cardiovascular,10,701.75,0.1786,60.0,3.717,80.7,5,NORMAL,0,0.0,Stock is within 90 days of recent demand
BR002,MED042,Aspirin 75mg,Cardiovascular,18,109.08,1.6429,10.6,40.975,13.2,51,NORMAL,0,0.0,Stock is within 90 days of recent demand
BR002,MED043,Glimepiride + Metformin 2mg/500mg,Antidiabetic,50,5704.62,4.25,11.6,125.634,11.9,129,NORMAL,0,0.0,Stock is within 90 days of recent demand
BR002,MED044,Sitagliptin 100mg,Antidiabetic,12,3297.72,0.3571,30.0,6.712,53.6,12,NORMAL,0,0.0,Stock is within 90 days of recent demand
BR002,MED046,Montelukast 10mg,Respiratory,8,1024.08,0.7857,10.4,21.89,11.0,23,NORMAL,0,0.0,Stock is within 90 days of recent demand
BR002,MED047,Budesonide Inhaler 200mcg,Respiratory,8,1593.47,0.1429,48.0,2.727,88.0,5,NORMAL,0,0.0,Stock is within 90 days of recent demand
BR002,MED048,Dextromethorphan Syrup 100ml,Respiratory,14,1018.22,1.5,9.8,36.478,11.5,43,NORMAL,0,0.0,Stock is within 90 days of recent demand
BR002,MED049,Multivitamin B-complex+C,Vitamins,35,1319.76,1.9643,18.4,54.201,19.4,57,NORMAL,0,0.0,Stock is within 90 days of recent demand
BR002,MED050,Calcium + Vitamin D3 500mg/250IU,Vitamins,4,331.12,0.2857,13.3,8.431,14.2,9,NORMAL,0,0.0,Stock is within 90 days of recent demand
BR002,MED052,Hydrocortisone Cream 1%,Dermatological,4,171.87,0.1429,30.0,2.696,44.5,4,NORMAL,0,0.0,Stock is within 90 days of recent demand
BR002,MED053,Fusidic Acid Cream 2%,Dermatological,7,913.25,0.1429,52.5,3.24,64.8,4,NORMAL,0,0.0,Stock is within 90 days of recent demand
BR002,MED055,Ketoconazole Shampoo 2%,Dermatological,6,890.64,0.3571,16.4,6.354,28.3,11,NORMAL,0,0.0,Stock is within 90 days of recent demand
BR002,MED056,Aceclofenac + Paracetamol 100mg/325mg (HealthAxis Pharma),Analgesics,7,368.07,0.1071,70.0,3.324,63.2,3,NORMAL,0,0.0,Stock is within 90 days of recent demand
BR002,MED058,Aceclofenac + Paracetamol 100mg/325mg (VitaCure Remedies),Analgesics,10,592.4,0.7143,14.3,18.164,16.5,21,NORMAL,0,0.0,Stock is within 90 days of recent demand
BR002,MED059,Diclofenac 50mg (Aarogya Formulations),Analgesics,7,204.03,0.1071,70.0,2.671,78.6,3,NORMAL,0,0.0,Stock is within 90 days of recent demand
BR002,MED060,Diclofenac 50mg (CarePlus Laboratories),Analgesics,31,1106.67,1.045,32.1,34.34,27.1,29,NORMAL,0,0.0,Stock is within 90 days of recent demand
BR002,MED061,Diclofenac 50mg (Stellar Formulations),Analgesics,7,221.01,0.3214,23.3,5.917,35.5,9,NORMAL,0,0.0,Stock is within 90 days of recent demand
BR002,MED062,Diclofenac 50mg (TrueLife Remedies),Analgesics,9,303.73,0.1071,90.0,2.823,95.6,3,NORMAL,0,0.0,Stock is within 90 days of recent demand
BR002,MED063,Diclofenac 50mg (VitaCure Remedies),Analgesics,5,145.5,0.6429,7.1,12.15,12.3,21,NORMAL,0,0.0,Stock is within 90 days of recent demand
BR002,MED064,Diclofenac 100mg,Analgesics,6,207.49,0.5,12.0,14.112,12.8,15,NORMAL,0,0.0,Stock is within 90 days of recent demand
BR002,MED065,Diclofenac 100mg (CureLine Healthcare),Analgesics,7,259.28,0.1786,21.0,4.168,50.4,10,NORMAL,0,0.0,Stock is within 90 days of recent demand
BR002,MED066,Diclofenac 100mg (VitaCure Remedies),Analgesics,8,313.87,0.1429,60.0,4.375,54.9,4,NORMAL,0,0.0,Stock is within 90 days of recent demand
BR002,MED067,Ibuprofen 400mg (Aarogya Formulations),Analgesics,4,102.4,0.1071,40.0,2.071,57.9,3,NORMAL,0,0.0,Stock is within 90 days of recent demand
BR002,MED068,Ibuprofen 400mg (CureLine Healthcare),Analgesics,6,135.74,0.0734,90.0,2.633,68.4,2,NORMAL,0,0.0,Stock is within 90 days of recent demand
BR002,MED069,Ibuprofen 400mg (HealthAxis Pharma),Analgesics,8,187.44,0.4286,17.1,12.372,19.4,14,NORMAL,0,0.0,Stock is within 90 days of recent demand
BR002,MED070,Ibuprofen 400mg (NovaMed Laboratories),Analgesics,8,230.88,1.3929,6.0,29.478,8.1,40,NORMAL,0,0.0,Stock is within 90 days of recent demand
BR002,MED073,Ibuprofen 200mg,Analgesics,17,498.78,0.6204,34.0,19.521,26.1,15,NORMAL,0,0.0,Stock is within 90 days of recent demand
BR002,MED075,Ibuprofen 200mg (Summit Lifesciences),Analgesics,14,378.9,0.3661,46.7,11.539,36.4,9,NORMAL,0,0.0,Stock is within 90 days of recent demand
BR002,MED076,Ibuprofen 200mg (TrueLife Remedies),Analgesics,18,490.31,0.75,25.7,23.441,23.0,21,NORMAL,0,0.0,Stock is within 90 days of recent demand
BR002,MED077,Ibuprofen 200mg (VitaCure Remedies),Analgesics,10,300.26,0.2143,50.0,4.206,71.3,6,NORMAL,0,0.0,Stock is within 90 days of recent demand
BR002,MED078,Ibuprofen 600mg,Analgesics,11,397.71,0.6786,17.4,21.206,15.6,19,NORMAL,0,0.0,Stock is within 90 days of recent demand
BR002,MED079,Ibuprofen 600mg (BlueCrest Pharma),Analgesics,10,332.92,0.5,20.0,15.561,19.3,15,NORMAL,0,0.0,Stock is within 90 days of recent demand
BR002,MED080,Ibuprofen 600mg (HealthAxis Pharma),Analgesics,11,453.97,0.3214,36.7,6.401,51.6,9,NORMAL,0,0.0,Stock is within 90 days of recent demand
BR002,MED081,Ibuprofen 600mg (NovaMed Laboratories),Analgesics,10,364.7,0.7143,13.0,20.8,14.4,23,NORMAL,0,0.0,Stock is within 90 days of recent demand
BR002,MED082,Naproxen 250mg (CureLine Healthcare),Analgesics,10,589.7,2.25,4.2,57.735,5.2,72,NORMAL,0,0.0,Stock is within 90 days of recent demand
BR002,MED083,Naproxen 250mg (HealthAxis Pharma),Analgesics,7,378.78,0.5714,13.1,15.169,13.8,16,NORMAL,0,0.0,Stock is within 90 days of recent demand
BR002,MED084,Naproxen 250mg (VitaCure Remedies),Analgesics,10,550.05,1.4286,7.3,33.779,8.9,41,NORMAL,0,0.0,Stock is within 90 days of recent demand
BR002,MED086,Naproxen 500mg (CarePlus Laboratories),Analgesics,70,5012.32,5.944,12.5,180.369,11.6,168,NORMAL,0,0.0,Stock is within 90 days of recent demand
BR002,MED090,Paracetamol 500mg (CarePlus Laboratories),Analgesics,9,196.0,0.1786,38.6,4.517,59.8,7,NORMAL,0,0.0,Stock is within 90 days of recent demand
BR002,MED091,Paracetamol 500mg (HealthAxis Pharma),Analgesics,18,348.24,1.5714,10.8,39.798,13.6,50,NORMAL,0,0.0,Stock is within 90 days of recent demand
BR002,MED094,Paracetamol 250mg (Stellar Formulations),Analgesics,6,128.28,0.25,25.7,7.599,23.7,7,NORMAL,0,0.0,Stock is within 90 days of recent demand
BR002,MED095,Amoxicillin 250mg,Antibiotics,6,439.65,0.5357,10.0,11.389,15.8,18,NORMAL,0,0.0,Stock is within 90 days of recent demand
BR002,MED096,Amoxicillin 250mg (CureLine Healthcare),Antibiotics,7,615.57,0.6071,11.1,13.337,15.7,19,NORMAL,0,0.0,Stock is within 90 days of recent demand
BR002,MED097,Amoxicillin 250mg (LifeSpring Pharma),Antibiotics,6,581.34,0.3571,15.0,11.08,16.2,12,NORMAL,0,0.0,Stock is within 90 days of recent demand
BR002,MED098,Amoxicillin 250mg (NovaMed Laboratories),Antibiotics,13,1211.28,0.6429,21.7,18.42,21.2,18,NORMAL,0,0.0,Stock is within 90 days of recent demand
BR002,MED099,Amoxicillin 250mg (Stellar Formulations),Antibiotics,5,372.13,0.1429,30.0,2.829,53.0,5,NORMAL,0,0.0,Stock is within 90 days of recent demand
BR002,MED101,Amoxicillin + Clavulanic Acid 625mg (CureLine Healthcare),Antibiotics,9,1518.93,0.1071,90.0,2.667,101.2,3,NORMAL,0,0.0,Stock is within 90 days of recent demand
BR002,MED103,Amoxicillin + Clavulanic Acid 625mg (Stellar Formulations),Antibiotics,3,394.16,0.0714,30.0,1.834,49.1,3,NORMAL,0,0.0,Stock is within 90 days of recent demand
BR002,MED104,Amoxicillin + Clavulanic Acid 375mg,Antibiotics,16,3112.05,1.8571,8.7,53.408,9.0,55,NORMAL,0,0.0,Stock is within 90 days of recent demand
BR002,MED105,Amoxicillin + Clavulanic Acid 375mg (NovaMed Laboratories),Antibiotics,39,6283.95,2.5,16.2,73.425,15.9,72,NORMAL,0,0.0,Stock is within 90 days of recent demand
BR002,MED106,Amoxicillin + Clavulanic Acid 375mg (Summit Lifesciences),Antibiotics,7,1244.17,0.1786,42.0,3.841,54.7,5,NORMAL,0,0.0,Stock is within 90 days of recent demand
BR002,MED107,Amoxicillin + Clavulanic Acid 375mg (TrueLife Remedies),Antibiotics,8,1452.14,0.1786,48.0,4.627,51.9,5,NORMAL,0,0.0,Stock is within 90 days of recent demand
BR002,MED108,Azithromycin 500mg (Aarogya Formulations),Antibiotics,15,1306.95,0.5,32.1,13.721,32.8,14,NORMAL,0,0.0,Stock is within 90 days of recent demand
BR002,MED109,Azithromycin 500mg (ApexLife Pharma),Antibiotics,8,751.4,0.3929,21.8,6.896,34.8,11,NORMAL,0,0.0,Stock is within 90 days of recent demand
BR002,MED111,Azithromycin 250mg,Antibiotics,8,818.93,0.1786,48.0,4.441,54.0,5,NORMAL,0,0.0,Stock is within 90 days of recent demand
BR002,MED112,Azithromycin 250mg (ApexLife Pharma),Antibiotics,11,1110.94,0.1786,66.0,5.27,62.6,5,NORMAL,0,0.0,Stock is within 90 days of recent demand
BR002,MED113,Azithromycin 250mg (BlueCrest Pharma),Antibiotics,25,2606.25,4.3571,5.6,131.297,5.7,134,NORMAL,0,0.0,Stock is within 90 days of recent demand
BR002,MED114,Azithromycin 250mg (CarePlus Laboratories),Antibiotics,8,865.6,0.4643,18.5,10.85,22.1,13,NORMAL,0,0.0,Stock is within 90 days of recent demand
BR002,MED115,Azithromycin 250mg (CureLine Healthcare),Antibiotics,5,604.25,0.2143,25.0,3.206,46.8,6,NORMAL,0,0.0,Stock is within 90 days of recent demand
BR002,MED116,Azithromycin 250mg (HealthAxis Pharma),Antibiotics,5,488.35,0.6429,8.3,11.698,12.8,18,NORMAL,0,0.0,Stock is within 90 days of recent demand
BR002,MED117,Azithromycin 250mg (LifeSpring Pharma),Antibiotics,24,2867.78,4.4286,5.3,122.994,5.9,137,NORMAL,0,0.0,Stock is within 90 days of recent demand
BR002,MED118,Azithromycin 250mg (NovaMed Laboratories),Antibiotics,9,909.59,0.113,90.0,3.44,78.5,3,NORMAL,0,0.0,Stock is within 90 days of recent demand
BR002,MED119,Azithromycin 250mg (TrueLife Remedies),Antibiotics,5,552.55,0.1429,37.5,2.875,52.2,4,NORMAL,0,0.0,Stock is within 90 days of recent demand
BR002,MED120,Cefixime 200mg (ApexLife Pharma),Antibiotics,12,1110.68,0.3571,36.0,11.218,32.1,10,NORMAL,0,0.0,Stock is within 90 days of recent demand
BR002,MED122,Cefixime 200mg (NovaMed Laboratories),Antibiotics,4,312.34,0.6429,6.7,13.972,8.6,18,NORMAL,0,0.0,Stock is within 90 days of recent demand
BR002,MED125,Cefixime 100mg (HealthAxis Pharma),Antibiotics,9,819.66,0.1786,45.0,4.318,62.5,6,NORMAL,0,0.0,Stock is within 90 days of recent demand
BR002,MED126,Cefixime 100mg (NovaMed Laboratories),Antibiotics,3,252.06,0.1071,12.9,2.331,38.6,7,NORMAL,0,0.0,Stock is within 90 days of recent demand
BR002,MED127,Cefixime 100mg (VitaCure Remedies),Antibiotics,12,1219.2,1.1429,9.7,28.465,12.6,37,NORMAL,0,0.0,Stock is within 90 days of recent demand
BR002,MED129,Ciprofloxacin 250mg,Antibiotics,8,429.06,0.1786,48.0,4.313,55.6,5,NORMAL,0,0.0,Stock is within 90 days of recent demand
BR002,MED130,Ciprofloxacin 250mg (LifeSpring Pharma),Antibiotics,18,1003.68,0.6429,28.4,18.645,29.0,19,NORMAL,0,0.0,Stock is within 90 days of recent demand
BR002,MED131,Doxycycline 100mg (Aarogya Formulations),Antibiotics,10,575.81,0.4643,18.8,13.082,22.9,16,NORMAL,0,0.0,Stock is within 90 days of recent demand
BR002,MED132,Doxycycline 100mg (ApexLife Pharma),Antibiotics,7,390.89,0.1786,42.0,3.215,65.3,5,NORMAL,0,0.0,Stock is within 90 days of recent demand
BR002,MED134,Doxycycline 100mg (Summit Lifesciences),Antibiotics,9,439.77,0.25,38.6,8.116,33.3,7,NORMAL,0,0.0,Stock is within 90 days of recent demand
BR002,MED135,Mefenamic Acid 250mg (ApexLife Pharma),Antipyretics,8,252.44,0.7143,12.0,17.709,13.6,20,NORMAL,0,0.0,Stock is within 90 days of recent demand
BR002,MED137,Mefenamic Acid 250mg (LifeSpring Pharma),Antipyretics,7,236.22,0.1071,70.0,2.473,84.9,3,NORMAL,0,0.0,Stock is within 90 days of recent demand
BR002,MED138,Mefenamic Acid 250mg (NovaMed Laboratories),Antipyretics,13,408.6,0.6429,20.5,17.054,22.9,19,NORMAL,0,0.0,Stock is within 90 days of recent demand
BR002,MED139,Mefenamic Acid 500mg,Antipyretics,51,2016.03,3.25,16.3,92.58,16.5,94,NORMAL,0,0.0,Stock is within 90 days of recent demand
BR002,MED140,Mefenamic Acid 500mg (CureLine Healthcare),Antipyretics,7,293.91,0.6786,10.5,15.966,13.2,20,NORMAL,0,0.0,Stock is within 90 days of recent demand
BR002,MED142,Mefenamic Acid 500mg (Kavach Healthcare),Antipyretics,21,841.47,2.2857,8.5,61.422,10.3,74,NORMAL,0,0.0,Stock is within 90 days of recent demand
BR002,MED144,Mefenamic Acid 500mg (NovaMed Laboratories),Antipyretics,25,946.59,1.5357,15.0,40.683,18.4,50,NORMAL,0,0.0,Stock is within 90 days of recent demand
BR002,MED147,Mefenamic Acid 500mg (TrueLife Remedies),Antipyretics,4,155.27,0.0714,60.0,1.898,63.2,2,NORMAL,0,0.0,Stock is within 90 days of recent demand
BR002,MED149,Paracetamol 650mg (Aarogya Formulations),Antipyretics,5,101.3,0.3214,15.0,6.741,22.3,10,NORMAL,0,0.0,Stock is within 90 days of recent demand
BR002,MED151,Paracetamol Drops 100mg/ml (Aarogya Formulations),Antipyretics,10,261.0,0.25,37.5,6.777,44.3,8,NORMAL,0,0.0,Stock is within 90 days of recent demand
BR002,MED152,Paracetamol Suspension 250mg/5ml (Aarogya Formulations),Antipyretics,17,587.86,0.75,24.3,21.096,24.2,21,NORMAL,0,0.0,Stock is within 90 days of recent demand
BR002,MED153,Paracetamol Suspension 250mg/5ml (BlueCrest Pharma),Antipyretics,3,111.51,0.0714,45.0,1.991,45.2,2,NORMAL,0,0.0,Stock is within 90 days of recent demand
BR002,MED154,Paracetamol Suspension 250mg/5ml (CarePlus Laboratories),Antipyretics,6,201.11,0.25,22.5,5.241,34.3,8,NORMAL,0,0.0,Stock is within 90 days of recent demand
BR002,MED155,Paracetamol Suspension 250mg/5ml (CureLine Healthcare),Antipyretics,4,124.04,1.1429,3.6,27.928,4.3,33,NORMAL,0,0.0,Stock is within 90 days of recent demand
BR002,MED156,Paracetamol Suspension 250mg/5ml (TrueLife Remedies),Antipyretics,8,275.31,0.25,34.3,4.627,51.9,7,NORMAL,0,0.0,Stock is within 90 days of recent demand
BR002,MED158,Paracetamol Suspension 125mg/5ml (LifeSpring Pharma),Antipyretics,22,972.18,1.8571,12.2,47.726,13.8,54,NORMAL,0,0.0,Stock is within 90 days of recent demand
BR002,MED159,Paracetamol Suspension 125mg/5ml (NovaMed Laboratories),Antipyretics,11,529.54,0.5357,22.0,11.258,29.3,15,NORMAL,0,0.0,Stock is within 90 days of recent demand
BR002,MED161,Paracetamol Suspension 125mg/5ml (VitaCure Remedies),Antipyretics,8,356.67,0.25,34.3,4.529,53.0,7,NORMAL,0,0.0,Stock is within 90 days of recent demand
BR002,MED162,Cetirizine 10mg (ApexLife Pharma),Antihistamines,8,122.68,0.4643,18.5,11.569,20.7,13,NORMAL,0,0.0,Stock is within 90 days of recent demand
BR002,MED163,Cetirizine 10mg (CureLine Healthcare),Antihistamines,23,391.23,1.6071,14.1,43.929,15.7,49,NORMAL,0,0.0,Stock is within 90 days of recent demand
BR002,MED164,Cetirizine 10mg (LifeSpring Pharma),Antihistamines,8,125.85,0.1429,60.0,4.552,52.7,4,NORMAL,0,0.0,Stock is within 90 days of recent demand
BR002,MED165,Cetirizine 10mg (Stellar Formulations),Antihistamines,7,116.48,0.6786,10.0,18.905,11.1,21,NORMAL,0,0.0,Stock is within 90 days of recent demand
BR002,MED167,Cetirizine 10mg (TrueLife Remedies),Antihistamines,15,276.0,0.9643,13.2,23.866,18.9,34,NORMAL,0,0.0,Stock is within 90 days of recent demand
BR002,MED168,Cetirizine 5mg,Antihistamines,9,159.26,0.1087,90.0,3.755,71.9,3,NORMAL,0,0.0,Stock is within 90 days of recent demand
BR002,MED169,Cetirizine 5mg (CarePlus Laboratories),Antihistamines,23,451.21,2.6786,8.7,82.975,8.3,79,NORMAL,0,0.0,Stock is within 90 days of recent demand
BR002,MED171,Cetirizine 5mg (Stellar Formulations),Antihistamines,8,138.4,0.6071,14.1,15.0,16.0,17,NORMAL,0,0.0,Stock is within 90 days of recent demand
BR002,MED172,Cetirizine 5mg (Summit Lifesciences),Antihistamines,13,272.15,0.3214,43.3,7.203,54.1,9,NORMAL,0,0.0,Stock is within 90 days of recent demand
BR002,MED173,Cetirizine 5mg (TrueLife Remedies),Antihistamines,65,1280.5,6.25,10.7,186.445,10.5,182,NORMAL,0,0.0,Stock is within 90 days of recent demand
BR002,MED174,Cetirizine 5mg (VitaCure Remedies),Antihistamines,10,211.19,0.1429,75.0,3.014,99.5,4,NORMAL,0,0.0,Stock is within 90 days of recent demand
BR002,MED177,Chlorpheniramine 4mg (CarePlus Laboratories),Antihistamines,8,72.24,0.1786,48.0,3.707,64.7,5,NORMAL,0,0.0,Stock is within 90 days of recent demand
BR002,MED178,Chlorpheniramine 4mg (HealthAxis Pharma),Antihistamines,9,71.86,0.1429,67.5,4.044,66.8,4,NORMAL,0,0.0,Stock is within 90 days of recent demand
BR002,MED179,Chlorpheniramine 4mg (LifeSpring Pharma),Antihistamines,13,125.74,0.4286,32.5,13.255,29.4,12,NORMAL,0,0.0,Stock is within 90 days of recent demand
BR002,MED181,Fexofenadine 120mg (ApexLife Pharma),Antihistamines,9,1289.76,0.2143,45.0,3.914,69.0,6,NORMAL,0,0.0,Stock is within 90 days of recent demand
BR002,MED183,Fexofenadine 120mg (CureLine Healthcare),Antihistamines,11,1542.97,0.2857,36.7,5.052,65.3,9,NORMAL,0,0.0,Stock is within 90 days of recent demand
BR002,MED186,Fexofenadine 180mg,Antihistamines,17,2552.89,0.8929,18.9,23.91,21.3,27,NORMAL,0,0.0,Stock is within 90 days of recent demand
BR002,MED189,Fexofenadine 180mg (TrueLife Remedies),Antihistamines,7,1286.59,0.1071,70.0,3.31,63.4,3,NORMAL,0,0.0,Stock is within 90 days of recent demand
BR002,MED190,Levocetirizine 5mg (Aarogya Formulations),Antihistamines,5,256.95,0.3571,15.0,7.518,20.0,10,NORMAL,0,0.0,Stock is within 90 days of recent demand
BR002,MED191,Levocetirizine 5mg (BlueCrest Pharma),Antihistamines,8,342.3,0.4643,16.0,13.843,17.3,15,NORMAL,0,0.0,Stock is within 90 days of recent demand
BR002,MED192,Levocetirizine 5mg (CureLine Healthcare),Antihistamines,16,786.45,0.3214,53.3,7.17,66.9,9,NORMAL,0,0.0,Stock is within 90 days of recent demand
BR002,MED193,Levocetirizine 5mg (LifeSpring Pharma),Antihistamines,10,526.19,0.3214,33.3,5.779,51.9,9,NORMAL,0,0.0,Stock is within 90 days of recent demand
BR002,MED194,Levocetirizine 5mg (NovaMed Laboratories),Antihistamines,6,274.36,0.3929,16.4,8.101,22.2,11,NORMAL,0,0.0,Stock is within 90 days of recent demand
BR002,MED195,Levocetirizine 5mg (VitaCure Remedies),Antihistamines,9,371.41,0.1071,90.0,2.512,107.5,3,NORMAL,0,0.0,Stock is within 90 days of recent demand
BR002,MED197,Levocetirizine 2.5mg (LifeSpring Pharma),Antihistamines,14,731.22,0.5,20.0,16.322,25.7,21,NORMAL,0,0.0,Stock is within 90 days of recent demand
BR002,MED200,Montelukast + Levocetirizine 10mg/5mg (HealthAxis Pharma),Antihistamines,14,1933.93,0.3231,46.7,9.853,42.6,9,NORMAL,0,0.0,Stock is within 90 days of recent demand
BR002,MED201,Montelukast + Levocetirizine 10mg/5mg (NovaMed Laboratories),Antihistamines,14,2080.66,0.3214,46.7,6.128,68.5,9,NORMAL,0,0.0,Stock is within 90 days of recent demand
BR002,MED202,Montelukast + Levocetirizine 10mg/5mg (Stellar Formulations),Antihistamines,17,2246.38,0.2857,63.8,8.141,62.6,8,NORMAL,0,0.0,Stock is within 90 days of recent demand
BR002,MED203,Montelukast + Levocetirizine 10mg/5mg (TrueLife Remedies),Antihistamines,7,1003.6,0.1786,42.0,5.387,39.0,5,NORMAL,0,0.0,Stock is within 90 days of recent demand
BR002,MED204,Montelukast + Levocetirizine 10mg/5mg (VitaCure Remedies),Antihistamines,14,1885.12,0.2563,60.0,8.562,49.1,7,NORMAL,0,0.0,Stock is within 90 days of recent demand
BR002,MED205,Domperidone 10mg (BlueCrest Pharma),Gastrointestinal,10,377.58,0.7857,12.5,21.155,14.2,24,NORMAL,0,0.0,Stock is within 90 days of recent demand
BR002,MED206,Domperidone 10mg (CarePlus Laboratories),Gastrointestinal,8,290.72,0.5357,12.0,10.539,22.8,20,NORMAL,0,0.0,Stock is within 90 days of recent demand
BR002,MED207,Domperidone 10mg (CureLine Healthcare),Gastrointestinal,14,491.06,0.3929,38.2,6.955,60.4,11,NORMAL,0,0.0,Stock is within 90 days of recent demand
BR002,MED210,Domperidone 10mg (NovaMed Laboratories),Gastrointestinal,8,297.44,0.5357,16.0,10.778,22.3,15,NORMAL,0,0.0,Stock is within 90 days of recent demand
BR002,MED211,Loperamide 2mg (Aarogya Formulations),Gastrointestinal,11,264.85,0.1429,82.5,2.928,112.7,4,NORMAL,0,0.0,Stock is within 90 days of recent demand
BR002,MED212,Loperamide 2mg (BlueCrest Pharma),Gastrointestinal,9,195.46,0.1071,90.0,2.502,107.9,3,NORMAL,0,0.0,Stock is within 90 days of recent demand
BR002,MED213,Loperamide 2mg (LifeSpring Pharma),Gastrointestinal,6,110.02,0.1786,36.0,2.634,68.3,5,NORMAL,0,0.0,Stock is within 90 days of recent demand
BR002,MED214,Omeprazole 20mg (Aarogya Formulations),Gastrointestinal,7,254.72,0.1071,70.0,2.555,82.2,3,NORMAL,0,0.0,Stock is within 90 days of recent demand
BR002,MED215,Omeprazole 20mg (CarePlus Laboratories),Gastrointestinal,13,517.78,0.8571,16.2,24.026,16.2,24,NORMAL,0,0.0,Stock is within 90 days of recent demand
BR002,MED216,Omeprazole 20mg (CureLine Healthcare),Gastrointestinal,4,160.04,0.0714,60.0,1.977,60.7,2,NORMAL,0,0.0,Stock is within 90 days of recent demand
BR002,MED218,Omeprazole 20mg (LifeSpring Pharma),Gastrointestinal,8,310.87,0.25,34.3,5.666,42.4,7,NORMAL,0,0.0,Stock is within 90 days of recent demand
BR002,MED219,Omeprazole 20mg (TrueLife Remedies),Gastrointestinal,26,989.3,0.9286,26.9,28.443,27.4,29,NORMAL,0,0.0,Stock is within 90 days of recent demand
BR002,MED222,Omeprazole 40mg (ApexLife Pharma),Gastrointestinal,16,682.43,0.3929,40.0,13.848,34.7,12,NORMAL,0,0.0,Stock is within 90 days of recent demand
BR002,MED223,Omeprazole 40mg (LifeSpring Pharma),Gastrointestinal,12,487.92,0.4286,24.0,12.914,27.9,15,NORMAL,0,0.0,Stock is within 90 days of recent demand
BR002,MED224,Omeprazole 40mg (Summit Lifesciences),Gastrointestinal,6,255.72,0.8214,7.5,18.152,9.9,24,NORMAL,0,0.0,Stock is within 90 days of recent demand
BR002,MED225,Omeprazole 40mg (TrueLife Remedies),Gastrointestinal,8,356.55,0.1429,60.0,3.117,77.0,4,NORMAL,0,0.0,Stock is within 90 days of recent demand
BR002,MED226,Ondansetron 4mg (Aarogya Formulations),Gastrointestinal,13,576.35,0.4286,27.9,10.669,36.6,14,NORMAL,0,0.0,Stock is within 90 days of recent demand
BR002,MED231,Ondansetron 4mg (NovaMed Laboratories),Gastrointestinal,1,42.51,0.2143,5.0,3.688,8.1,6,NORMAL,0,0.0,Stock is within 90 days of recent demand
BR002,MED232,Ondansetron 4mg (Stellar Formulations),Gastrointestinal,9,396.8,0.1429,67.5,4.428,61.0,4,NORMAL,0,0.0,Stock is within 90 days of recent demand
BR002,MED233,Ondansetron 4mg (Summit Lifesciences),Gastrointestinal,11,451.29,0.25,41.2,7.138,46.2,8,NORMAL,0,0.0,Stock is within 90 days of recent demand
BR002,MED234,Ondansetron 4mg (VitaCure Remedies),Gastrointestinal,8,333.44,0.9286,8.9,24.115,10.0,27,NORMAL,0,0.0,Stock is within 90 days of recent demand
BR002,MED236,Ondansetron 8mg (LifeSpring Pharma),Gastrointestinal,39,2141.58,4.2857,9.2,121.315,9.6,127,NORMAL,0,0.0,Stock is within 90 days of recent demand
BR002,MED239,ORS Powder 21.8g (HealthAxis Pharma),Gastrointestinal,61,772.32,4.9286,12.4,148.09,12.4,148,NORMAL,0,0.0,Stock is within 90 days of recent demand
BR002,MED240,ORS Powder 21.8g (LifeSpring Pharma),Gastrointestinal,8,116.43,0.25,30.0,4.299,55.8,8,NORMAL,0,0.0,Stock is within 90 days of recent demand
BR002,MED241,ORS Powder 21.8g (Stellar Formulations),Gastrointestinal,12,190.88,1.1786,10.9,28.547,12.6,33,NORMAL,0,0.0,Stock is within 90 days of recent demand
BR002,MED242,ORS Powder 21.8g (Summit Lifesciences),Gastrointestinal,4,57.64,0.1786,24.0,2.488,48.2,5,NORMAL,0,0.0,Stock is within 90 days of recent demand
BR002,MED243,ORS Powder 21.8g (TrueLife Remedies),Gastrointestinal,8,130.45,0.1076,80.0,3.684,65.1,3,NORMAL,0,0.0,Stock is within 90 days of recent demand
BR002,MED245,Pantoprazole 40mg (BlueCrest Pharma),Gastrointestinal,19,1220.82,0.6723,28.5,19.728,28.9,20,NORMAL,0,0.0,Stock is within 90 days of recent demand
BR002,MED246,Pantoprazole 40mg (CarePlus Laboratories),Gastrointestinal,9,605.18,0.2143,45.0,5.05,53.5,6,NORMAL,0,0.0,Stock is within 90 days of recent demand
BR002,MED247,Pantoprazole 40mg (NovaMed Laboratories),Gastrointestinal,19,1011.6,0.3929,51.8,13.492,42.2,11,NORMAL,0,0.0,Stock is within 90 days of recent demand
BR002,MED249,Pantoprazole 20mg,Gastrointestinal,12,714.84,1.3214,9.2,28.358,12.7,39,NORMAL,0,0.0,Stock is within 90 days of recent demand
BR002,MED251,Pantoprazole 20mg (BlueCrest Pharma),Gastrointestinal,0,0.0,0.3929,0.0,6.97,0.0,11,NORMAL,0,0.0,No stock on hand
BR002,MED252,Pantoprazole 20mg (CarePlus Laboratories),Gastrointestinal,11,778.43,0.1786,66.0,3.202,103.1,5,NORMAL,0,0.0,Stock is within 90 days of recent demand
BR002,MED253,Pantoprazole 20mg (Stellar Formulations),Gastrointestinal,5,333.4,0.1786,30.0,2.609,57.5,5,NORMAL,0,0.0,Stock is within 90 days of recent demand
BR002,MED254,Pantoprazole 20mg (Summit Lifesciences),Gastrointestinal,6,477.8,0.2143,22.5,3.471,51.9,8,NORMAL,0,0.0,Stock is within 90 days of recent demand
BR002,MED256,Amlodipine 5mg (BlueCrest Pharma),Cardiovascular,16,422.72,1.2857,13.3,32.758,14.7,36,NORMAL,0,0.0,Stock is within 90 days of recent demand
BR002,MED257,Amlodipine 5mg (LifeSpring Pharma),Cardiovascular,31,944.14,0.9407,40.4,30.545,30.4,23,NORMAL,0,0.0,Stock is within 90 days of recent demand
BR002,MED258,Amlodipine 5mg (NovaMed Laboratories),Cardiovascular,10,287.39,0.3214,33.3,5.402,55.5,9,NORMAL,0,0.0,Stock is within 90 days of recent demand
BR002,MED259,Amlodipine 5mg (Stellar Formulations),Cardiovascular,15,364.41,0.2143,75.0,8.172,55.1,6,NORMAL,0,0.0,Stock is within 90 days of recent demand
BR002,MED260,Amlodipine 5mg (VitaCure Remedies),Cardiovascular,12,331.79,0.25,51.4,4.554,79.1,7,NORMAL,0,0.0,Stock is within 90 days of recent demand
BR002,MED261,Amlodipine 2.5mg,Cardiovascular,9,333.15,0.1429,67.5,3.96,68.2,4,NORMAL,0,0.0,Stock is within 90 days of recent demand
BR002,MED262,Amlodipine 2.5mg (LifeSpring Pharma),Cardiovascular,16,545.22,0.3571,48.0,8.95,53.6,10,NORMAL,0,0.0,Stock is within 90 days of recent demand
BR002,MED263,Amlodipine 2.5mg (Stellar Formulations),Cardiovascular,14,455.06,0.3214,46.7,8.045,52.2,9,NORMAL,0,0.0,Stock is within 90 days of recent demand
BR002,MED264,Amlodipine 2.5mg (Summit Lifesciences),Cardiovascular,37,1135.89,1.4286,27.1,42.135,26.3,41,NORMAL,0,0.0,Stock is within 90 days of recent demand
BR002,MED265,Amlodipine 2.5mg (TrueLife Remedies),Cardiovascular,19,710.98,2.8214,6.6,78.433,7.3,87,NORMAL,0,0.0,Stock is within 90 days of recent demand
BR002,MED267,Amlodipine 10mg,Cardiovascular,9,386.84,0.2143,45.0,3.365,80.2,6,NORMAL,0,0.0,Stock is within 90 days of recent demand
BR002,MED268,Amlodipine 10mg (LifeSpring Pharma),Cardiovascular,4,133.88,0.1071,40.0,2.094,57.3,3,NORMAL,0,0.0,Stock is within 90 days of recent demand
BR002,MED269,Amlodipine 10mg (Stellar Formulations),Cardiovascular,92,3175.1,8.25,11.4,232.818,11.9,243,NORMAL,0,0.0,Stock is within 90 days of recent demand
BR002,MED270,Aspirin 75mg (Aarogya Formulations),Cardiovascular,26,140.92,1.2143,19.0,35.097,22.2,41,NORMAL,0,0.0,Stock is within 90 days of recent demand
BR002,MED271,Aspirin 75mg (ApexLife Pharma),Cardiovascular,8,50.24,0.1429,60.0,4.282,56.0,4,NORMAL,0,0.0,Stock is within 90 days of recent demand
BR002,MED272,Aspirin 75mg (BlueCrest Pharma),Cardiovascular,69,456.78,4.75,14.4,141.98,14.6,144,NORMAL,0,0.0,Stock is within 90 days of recent demand
BR002,MED273,Aspirin 75mg (CureLine Healthcare),Cardiovascular,23,111.5,0.5279,57.5,15.785,43.7,12,NORMAL,0,0.0,Stock is within 90 days of recent demand
BR002,MED275,Aspirin 75mg (NovaMed Laboratories),Cardiovascular,7,41.34,0.1429,52.5,3.586,58.6,4,NORMAL,0,0.0,Stock is within 90 days of recent demand
BR002,MED276,Aspirin 75mg (Stellar Formulations),Cardiovascular,56,371.05,1.7319,32.9,53.306,31.5,51,NORMAL,0,0.0,Stock is within 90 days of recent demand
BR002,MED277,Aspirin 150mg,Cardiovascular,6,44.4,0.2143,30.0,4.18,43.1,6,NORMAL,0,0.0,Stock is within 90 days of recent demand
BR002,MED278,Aspirin 150mg (CarePlus Laboratories),Cardiovascular,18,115.15,0.75,25.7,23.61,22.9,21,NORMAL,0,0.0,Stock is within 90 days of recent demand
BR002,MED279,Aspirin 150mg (Summit Lifesciences),Cardiovascular,1,7.95,0.3571,3.0,3.409,8.8,10,NORMAL,0,0.0,Stock is within 90 days of recent demand
BR002,MED280,Aspirin 150mg (TrueLife Remedies),Cardiovascular,25,181.81,0.8014,34.1,26.874,27.9,22,NORMAL,0,0.0,Stock is within 90 days of recent demand
BR002,MED281,Atorvastatin 10mg (Aarogya Formulations),Cardiovascular,5,327.91,0.1071,50.0,2.487,60.3,3,NORMAL,0,0.0,Stock is within 90 days of recent demand
BR002,MED282,Atorvastatin 10mg (ApexLife Pharma),Cardiovascular,9,759.34,0.5357,15.0,10.573,25.5,18,NORMAL,0,0.0,Stock is within 90 days of recent demand
BR002,MED283,Atorvastatin 10mg (LifeSpring Pharma),Cardiovascular,9,650.67,0.75,10.0,18.995,14.2,27,NORMAL,0,0.0,Stock is within 90 days of recent demand
BR002,MED284,Atorvastatin 10mg (Summit Lifesciences),Cardiovascular,42,3684.83,1.1544,48.5,36.675,34.4,26,NORMAL,0,0.0,Stock is within 90 days of recent demand
BR002,MED285,Atorvastatin 20mg,Cardiovascular,4,403.48,0.6786,6.3,13.713,8.8,19,NORMAL,0,0.0,Stock is within 90 days of recent demand
BR002,MED286,Atorvastatin 20mg (BlueCrest Pharma),Cardiovascular,17,1470.33,0.6071,26.8,18.016,28.3,19,NORMAL,0,0.0,Stock is within 90 days of recent demand
BR002,MED287,Atorvastatin 20mg (CarePlus Laboratories),Cardiovascular,18,1390.88,0.7857,24.5,24.939,21.7,22,NORMAL,0,0.0,Stock is within 90 days of recent demand
BR002,MED288,Atorvastatin 40mg,Cardiovascular,3,304.38,1.9286,1.6,43.41,2.1,56,NORMAL,0,0.0,Stock is within 90 days of recent demand
BR002,MED291,Atorvastatin 40mg (VitaCure Remedies),Cardiovascular,9,934.11,0.093,90.0,3.81,70.9,3,NORMAL,0,0.0,Stock is within 90 days of recent demand
BR002,MED292,Clopidogrel 75mg (Aarogya Formulations),Cardiovascular,18,1260.18,1.0357,18.6,30.113,17.9,29,NORMAL,0,0.0,Stock is within 90 days of recent demand
BR002,MED293,Clopidogrel 75mg (BlueCrest Pharma),Cardiovascular,12,1030.92,0.2143,60.0,4.495,80.1,6,NORMAL,0,0.0,Stock is within 90 days of recent demand
BR002,MED295,Clopidogrel 75mg (NovaMed Laboratories),Cardiovascular,9,734.58,0.3929,24.5,5.546,48.7,11,NORMAL,0,0.0,Stock is within 90 days of recent demand
BR002,MED296,Clopidogrel 75mg (Stellar Formulations),Cardiovascular,7,533.98,0.3571,16.2,7.396,28.4,13,NORMAL,0,0.0,Stock is within 90 days of recent demand
BR002,MED298,Losartan 50mg (CarePlus Laboratories),Cardiovascular,12,728.59,0.3214,40.0,5.68,63.4,9,NORMAL,0,0.0,Stock is within 90 days of recent demand
BR002,MED299,Losartan 50mg (NovaMed Laboratories),Cardiovascular,34,2492.54,4.6786,7.2,135.345,7.5,142,NORMAL,0,0.0,Stock is within 90 days of recent demand
BR002,MED300,Losartan 25mg,Cardiovascular,9,711.81,0.1071,90.0,3.875,69.7,3,NORMAL,0,0.0,Stock is within 90 days of recent demand
BR002,MED301,Losartan 25mg (CarePlus Laboratories),Cardiovascular,71,5851.82,7.255,10.5,227.064,9.4,202,NORMAL,0,0.0,Stock is within 90 days of recent demand
BR002,MED302,Losartan 25mg (HealthAxis Pharma),Cardiovascular,11,799.7,0.5,23.6,9.434,35.0,14,NORMAL,0,0.0,Stock is within 90 days of recent demand
BR002,MED304,Losartan 25mg (Summit Lifesciences),Cardiovascular,8,570.8,0.1071,80.0,3.73,64.3,3,NORMAL,0,0.0,Stock is within 90 days of recent demand
BR002,MED305,Losartan 25mg (TrueLife Remedies),Cardiovascular,14,1101.66,0.9286,15.6,27.053,15.5,27,NORMAL,0,0.0,Stock is within 90 days of recent demand
BR002,MED306,Metoprolol 50mg (Aarogya Formulations),Cardiovascular,4,188.52,0.8571,3.8,21.904,5.5,32,NORMAL,0,0.0,Stock is within 90 days of recent demand
BR002,MED307,Metoprolol 50mg (BlueCrest Pharma),Cardiovascular,41,1971.55,3.2143,12.8,93.612,13.1,96,NORMAL,0,0.0,Stock is within 90 days of recent demand
BR002,MED308,Metoprolol 50mg (CureLine Healthcare),Cardiovascular,24,1153.26,0.6959,55.4,20.6,35.0,13,NORMAL,0,0.0,Stock is within 90 days of recent demand
BR002,MED309,Metoprolol 50mg (NovaMed Laboratories),Cardiovascular,13,696.58,0.2857,35.5,6.082,64.1,11,NORMAL,0,0.0,Stock is within 90 days of recent demand
BR002,MED310,Metoprolol 25mg,Cardiovascular,10,467.7,1.3571,7.7,33.902,8.8,39,NORMAL,0,0.0,Stock is within 90 days of recent demand
BR002,MED311,Metoprolol 25mg (CureLine Healthcare),Cardiovascular,42,2935.39,1.0897,63.0,32.142,39.2,20,NORMAL,0,0.0,Stock is within 90 days of recent demand
BR002,MED312,Metoprolol 25mg (HealthAxis Pharma),Cardiovascular,25,1462.17,0.3214,75.0,8.928,84.0,10,NORMAL,0,0.0,Stock is within 90 days of recent demand
BR002,MED313,Metoprolol 25mg (LifeSpring Pharma),Cardiovascular,7,361.38,0.2143,35.0,5.898,35.6,6,NORMAL,0,0.0,Stock is within 90 days of recent demand
BR002,MED314,Rosuvastatin 10mg (BlueCrest Pharma),Cardiovascular,31,3817.34,1.0116,35.8,33.542,27.7,26,NORMAL,0,0.0,Stock is within 90 days of recent demand
BR002,MED316,Rosuvastatin 10mg (Summit Lifesciences),Cardiovascular,9,1170.27,1.2857,7.5,32.77,8.2,36,NORMAL,0,0.0,Stock is within 90 days of recent demand
BR002,MED319,Rosuvastatin 5mg (NovaMed Laboratories),Cardiovascular,95,14345.56,5.8929,15.9,181.83,15.7,179,NORMAL,0,0.0,Stock is within 90 days of recent demand
BR002,MED320,Rosuvastatin 5mg (Stellar Formulations),Cardiovascular,28,3619.0,1.3214,19.1,36.424,23.1,44,NORMAL,0,0.0,Stock is within 90 days of recent demand
BR002,MED322,Rosuvastatin 20mg,Cardiovascular,10,1757.02,0.9286,10.3,25.403,11.8,29,NORMAL,0,0.0,Stock is within 90 days of recent demand
BR002,MED324,Rosuvastatin 20mg (Stellar Formulations),Cardiovascular,17,2699.43,1.9643,8.6,44.792,11.4,59,NORMAL,0,0.0,Stock is within 90 days of recent demand
BR002,MED325,Rosuvastatin 20mg (Summit Lifesciences),Cardiovascular,15,2989.95,0.1786,90.0,5.96,75.5,5,NORMAL,0,0.0,Stock is within 90 days of recent demand
BR002,MED326,Rosuvastatin 20mg (VitaCure Remedies),Cardiovascular,54,9053.55,7.7143,7.0,228.828,7.1,232,NORMAL,0,0.0,Stock is within 90 days of recent demand
BR002,MED327,Telmisartan 40mg (Aarogya Formulations),Cardiovascular,101,8330.48,10.1429,9.5,269.718,11.2,320,NORMAL,0,0.0,Stock is within 90 days of recent demand
BR002,MED328,Telmisartan 40mg (CureLine Healthcare),Cardiovascular,9,845.58,0.1429,67.5,3.512,76.9,4,NORMAL,0,0.0,Stock is within 90 days of recent demand
BR002,MED329,Telmisartan 40mg (NovaMed Laboratories),Cardiovascular,57,4884.24,3.7143,16.1,115.045,14.9,106,NORMAL,0,0.0,Stock is within 90 days of recent demand
BR002,MED330,Telmisartan 40mg (Stellar Formulations),Cardiovascular,11,1023.15,0.2857,41.2,6.415,51.4,8,NORMAL,0,0.0,Stock is within 90 days of recent demand
BR002,MED332,Telmisartan 20mg,Cardiovascular,11,1243.88,1.2857,9.2,33.427,9.9,36,NORMAL,0,0.0,Stock is within 90 days of recent demand
BR002,MED333,Telmisartan 20mg (HealthAxis Pharma),Cardiovascular,4,454.12,0.3571,10.9,5.046,23.8,11,NORMAL,0,0.0,Stock is within 90 days of recent demand
BR002,MED334,Telmisartan 20mg (LifeSpring Pharma),Cardiovascular,15,1704.98,0.2143,75.0,6.296,71.5,6,NORMAL,0,0.0,Stock is within 90 days of recent demand
BR002,MED335,Telmisartan 20mg (Summit Lifesciences),Cardiovascular,7,777.49,0.2143,35.0,5.342,39.3,6,NORMAL,0,0.0,Stock is within 90 days of recent demand
BR002,MED336,Telmisartan 80mg,Cardiovascular,10,1238.85,0.3571,30.0,6.94,43.2,10,NORMAL,0,0.0,Stock is within 90 days of recent demand
BR002,MED337,Telmisartan 80mg (ApexLife Pharma),Cardiovascular,11,1455.3,0.2143,41.2,5.575,59.2,8,NORMAL,0,0.0,Stock is within 90 days of recent demand
BR002,MED338,Telmisartan 80mg (BlueCrest Pharma),Cardiovascular,59,7285.35,2.0357,31.1,59.212,29.9,57,NORMAL,0,0.0,Stock is within 90 days of recent demand
BR002,MED340,Telmisartan 80mg (NovaMed Laboratories),Cardiovascular,7,841.06,0.25,30.0,6.359,33.0,7,NORMAL,0,0.0,Stock is within 90 days of recent demand
BR002,MED341,Telmisartan 80mg (Stellar Formulations),Cardiovascular,5,687.04,0.6786,7.9,13.176,11.4,19,NORMAL,0,0.0,Stock is within 90 days of recent demand
BR002,MED342,Telmisartan 80mg (Summit Lifesciences),Cardiovascular,16,2090.53,0.7857,21.8,22.795,21.1,22,NORMAL,0,0.0,Stock is within 90 days of recent demand
BR002,MED343,Telmisartan 80mg (TrueLife Remedies),Cardiovascular,11,1512.83,0.5714,18.3,12.904,25.6,18,NORMAL,0,0.0,Stock is within 90 days of recent demand
BR002,MED344,Gliclazide 80mg (Aarogya Formulations),Antidiabetic,22,1200.76,1.5714,13.2,41.303,16.0,50,NORMAL,0,0.0,Stock is within 90 days of recent demand
BR002,MED345,Gliclazide 80mg (BlueCrest Pharma),Antidiabetic,16,940.44,0.25,68.6,9.049,53.0,7,NORMAL,0,0.0,Stock is within 90 days of recent demand
BR002,MED346,Gliclazide 80mg (CarePlus Laboratories),Antidiabetic,14,773.99,0.9643,15.6,25.658,16.4,27,NORMAL,0,0.0,Stock is within 90 days of recent demand
BR002,MED347,Gliclazide 80mg (LifeSpring Pharma),Antidiabetic,12,639.72,0.5,25.7,13.241,27.2,14,NORMAL,0,0.0,Stock is within 90 days of recent demand
BR002,MED349,Gliclazide 40mg,Antidiabetic,17,1133.92,0.3571,46.4,11.966,42.6,11,NORMAL,0,0.0,Stock is within 90 days of recent demand
BR002,MED350,Gliclazide 40mg (BlueCrest Pharma),Antidiabetic,6,397.0,0.1071,60.0,2.467,73.0,3,NORMAL,0,0.0,Stock is within 90 days of recent demand
BR002,MED351,Gliclazide 40mg (Lumina Pharma),Antidiabetic,14,992.32,0.3571,42.0,7.104,59.1,10,NORMAL,0,0.0,Stock is within 90 days of recent demand
BR002,MED354,Gliclazide 40mg (Summit Lifesciences),Antidiabetic,48,3498.12,2.7143,18.0,83.939,17.2,80,NORMAL,0,0.0,Stock is within 90 days of recent demand
BR002,MED355,Glimepiride 2mg (BlueCrest Pharma),Antidiabetic,14,1568.0,0.3571,42.0,5.52,76.1,10,NORMAL,0,0.0,Stock is within 90 days of recent demand
BR002,MED356,Glimepiride 2mg (CarePlus Laboratories),Antidiabetic,23,2477.3,0.5596,40.6,18.662,37.0,17,NORMAL,0,0.0,Stock is within 90 days of recent demand
BR002,MED357,Glimepiride 2mg (Stellar Formulations),Antidiabetic,16,1765.97,0.8571,19.2,23.881,20.1,25,NORMAL,0,0.0,Stock is within 90 days of recent demand
BR002,MED358,Glimepiride 2mg (VitaCure Remedies),Antidiabetic,29,3098.49,1.5,19.3,40.992,21.2,45,NORMAL,0,0.0,Stock is within 90 days of recent demand
BR002,MED360,Glimepiride 1mg (CarePlus Laboratories),Antidiabetic,20,2373.8,1.4286,12.8,29.836,20.1,47,NORMAL,0,0.0,Stock is within 90 days of recent demand
BR002,MED361,Glimepiride 1mg (CureLine Healthcare),Antidiabetic,11,1510.96,1.7143,6.6,37.325,8.8,50,NORMAL,0,0.0,Stock is within 90 days of recent demand
BR002,MED362,Glimepiride 1mg (HealthAxis Pharma),Antidiabetic,0,0.0,0.4643,0.0,11.123,0.0,13,NORMAL,0,0.0,No stock on hand
BR002,MED363,Glimepiride 1mg (Summit Lifesciences),Antidiabetic,20,2619.86,0.25,85.7,7.271,82.5,7,NORMAL,0,0.0,Stock is within 90 days of recent demand
BR002,MED364,Glimepiride 1mg (TrueLife Remedies),Antidiabetic,37,4284.62,1.3571,27.8,37.644,29.5,40,NORMAL,0,0.0,Stock is within 90 days of recent demand
BR002,MED365,Glimepiride 3mg,Antidiabetic,10,1650.7,0.1429,60.0,4.599,65.2,5,NORMAL,0,0.0,Stock is within 90 days of recent demand
BR002,MED366,Glimepiride 3mg (ApexLife Pharma),Antidiabetic,32,5339.84,1.6071,20.9,37.924,25.3,46,NORMAL,0,0.0,Stock is within 90 days of recent demand
BR002,MED367,Glimepiride 3mg (CureLine Healthcare),Antidiabetic,19,3079.52,0.25,81.4,6.063,94.0,7,NORMAL,0,0.0,Stock is within 90 days of recent demand
BR002,MED369,Glimepiride 3mg (Stellar Formulations),Antidiabetic,11,1492.37,0.7857,15.0,20.507,16.1,22,NORMAL,0,0.0,Stock is within 90 days of recent demand
BR002,MED370,Glimepiride 3mg (Summit Lifesciences),Antidiabetic,13,1691.82,0.25,48.8,4.562,85.5,8,NORMAL,0,0.0,Stock is within 90 days of recent demand
BR002,MED372,Glimepiride 3mg (VitaCure Remedies),Antidiabetic,9,1258.11,0.4286,22.5,12.006,22.5,12,NORMAL,0,0.0,Stock is within 90 days of recent demand
BR002,MED374,Glimepiride + Metformin 2mg/500mg (Stellar Formulations),Antidiabetic,12,1282.31,0.4286,27.7,9.577,37.6,13,NORMAL,0,0.0,Stock is within 90 days of recent demand
BR002,MED375,Glimepiride + Metformin 2mg/500mg (Summit Lifesciences),Antidiabetic,7,812.25,0.1786,42.0,4.637,45.3,5,NORMAL,0,0.0,Stock is within 90 days of recent demand
BR002,MED377,Glimepiride + Metformin 1mg/500mg (CarePlus Laboratories),Antidiabetic,8,967.0,0.3214,26.7,5.321,45.1,9,NORMAL,0,0.0,Stock is within 90 days of recent demand
BR002,MED378,Glimepiride + Metformin 1mg/500mg (Stellar Formulations),Antidiabetic,17,2463.99,0.5357,31.9,10.569,48.3,16,NORMAL,0,0.0,Stock is within 90 days of recent demand
BR002,MED379,Glimepiride + Metformin 1mg/500mg (Summit Lifesciences),Antidiabetic,14,2089.08,0.5,30.0,9.417,44.6,14,NORMAL,0,0.0,Stock is within 90 days of recent demand
BR002,MED380,Glimepiride + Metformin 1mg/500mg (VitaCure Remedies),Antidiabetic,41,5748.93,1.2267,37.3,39.943,30.8,33,NORMAL,0,0.0,Stock is within 90 days of recent demand
BR002,MED381,Glimepiride + Metformin 1mg/500mg (Zenith BioPharma),Antidiabetic,59,8203.36,7.7857,7.5,219.344,8.1,236,NORMAL,0,0.0,Stock is within 90 days of recent demand
BR002,MED382,Metformin 500mg (CureLine Healthcare),Antidiabetic,6,153.32,0.3571,18.0,7.52,23.9,10,NORMAL,0,0.0,Stock is within 90 days of recent demand
BR002,MED383,Metformin 500mg (Stellar Formulations),Antidiabetic,29,729.35,7.6429,3.9,213.816,4.1,225,NORMAL,0,0.0,Stock is within 90 days of recent demand
BR002,MED384,Metformin 500mg (TrueLife Remedies),Antidiabetic,6,145.89,0.5714,11.2,6.827,26.4,16,NORMAL,0,0.0,Stock is within 90 days of recent demand
BR002,MED385,Metformin 850mg,Antidiabetic,72,1912.26,6.5,11.2,185.306,11.7,192,NORMAL,0,0.0,Stock is within 90 days of recent demand
BR002,MED386,Metformin 850mg (CureLine Healthcare),Antidiabetic,13,397.49,0.9643,14.4,23.268,16.8,27,NORMAL,0,0.0,Stock is within 90 days of recent demand
BR002,MED387,Metformin 850mg (Stellar Formulations),Antidiabetic,8,250.13,0.1786,48.0,3.558,67.5,5,NORMAL,0,0.0,Stock is within 90 days of recent demand
BR002,MED389,Metformin 1000mg,Antidiabetic,15,441.64,0.1854,75.0,6.625,67.9,6,NORMAL,0,0.0,Stock is within 90 days of recent demand
BR002,MED390,Metformin 1000mg (BlueCrest Pharma),Antidiabetic,2,73.52,0.3571,6.0,4.385,13.7,10,NORMAL,0,0.0,Stock is within 90 days of recent demand
BR002,MED391,Metformin 1000mg (HealthAxis Pharma),Antidiabetic,10,290.2,1.1071,8.6,27.865,10.8,35,NORMAL,0,0.0,Stock is within 90 days of recent demand
BR002,MED392,Metformin 1000mg (LifeSpring Pharma),Antidiabetic,40,1335.92,4.3929,9.6,111.962,10.7,125,NORMAL,0,0.0,Stock is within 90 days of recent demand
BR002,MED393,Metformin 1000mg (TrueLife Remedies),Antidiabetic,6,193.95,0.3571,18.0,7.657,23.5,10,NORMAL,0,0.0,Stock is within 90 days of recent demand
BR002,MED394,Sitagliptin 100mg (BlueCrest Pharma),Antidiabetic,4,989.0,0.2857,15.0,3.918,30.6,8,NORMAL,0,0.0,Stock is within 90 days of recent demand
BR002,MED395,Sitagliptin 100mg (CarePlus Laboratories),Antidiabetic,32,9470.16,1.1786,27.4,36.807,26.1,35,NORMAL,0,0.0,Stock is within 90 days of recent demand
BR002,MED396,Sitagliptin 100mg (HealthAxis Pharma),Antidiabetic,87,23707.91,8.25,10.2,228.673,11.4,255,NORMAL,0,0.0,Stock is within 90 days of recent demand
BR002,MED397,Sitagliptin 50mg,Antidiabetic,34,11446.75,0.6411,78.5,21.546,47.3,13,NORMAL,0,0.0,Stock is within 90 days of recent demand
BR002,MED398,Sitagliptin 50mg (ApexLife Pharma),Antidiabetic,8,2660.79,0.6071,14.1,15.792,15.2,17,NORMAL,0,0.0,Stock is within 90 days of recent demand
BR002,MED399,Sitagliptin 50mg (BlueCrest Pharma),Antidiabetic,56,20478.03,2.4643,24.3,75.709,22.2,69,NORMAL,0,0.0,Stock is within 90 days of recent demand
BR002,MED400,Sitagliptin 50mg (Crestview Pharma),Antidiabetic,9,3402.58,0.2143,45.0,3.797,71.1,6,NORMAL,0,0.0,Stock is within 90 days of recent demand
BR002,MED402,Sitagliptin 50mg (NovaMed Laboratories),Antidiabetic,12,3836.04,0.8214,15.0,23.219,15.5,24,NORMAL,0,0.0,Stock is within 90 days of recent demand
BR002,MED403,Sitagliptin 50mg (Stellar Formulations),Antidiabetic,10,3627.1,0.3929,27.3,11.469,26.2,11,NORMAL,0,0.0,Stock is within 90 days of recent demand
BR002,MED407,Ambroxol + Levosalbutamol Syrup 100ml (NovaMed Laboratories),Respiratory,31,3002.56,1.0357,30.0,33.47,27.8,31,NORMAL,0,0.0,Stock is within 90 days of recent demand
BR002,MED408,Ambroxol + Levosalbutamol Syrup 100ml (Summit Lifesciences),Respiratory,9,735.69,0.1786,54.0,4.083,66.1,5,NORMAL,0,0.0,Stock is within 90 days of recent demand
BR002,MED409,Ambroxol + Levosalbutamol Syrup 100ml (VitaCure Remedies),Respiratory,13,1106.15,0.1786,78.0,3.361,116.0,5,NORMAL,0,0.0,Stock is within 90 days of recent demand
BR002,MED411,Ambroxol + Levosalbutamol Syrup 60ml (NovaMed Laboratories),Respiratory,17,1600.1,0.75,23.2,22.144,23.0,22,NORMAL,0,0.0,Stock is within 90 days of recent demand
BR002,MED412,Budesonide Inhaler 200mcg (ApexLife Pharma),Respiratory,11,2321.68,0.1429,82.5,3.668,90.0,4,NORMAL,0,0.0,Stock is within 90 days of recent demand
BR002,MED414,Budesonide Inhaler 200mcg (VitaCure Remedies),Respiratory,12,2411.59,0.1429,90.0,3.622,99.4,4,NORMAL,0,0.0,Stock is within 90 days of recent demand
BR002,MED415,Budesonide Inhaler 100mcg,Respiratory,3,753.06,0.5,6.0,11.784,7.6,15,NORMAL,0,0.0,Stock is within 90 days of recent demand
BR002,MED416,Dextromethorphan Syrup 100ml (HealthAxis Pharma),Respiratory,22,1649.12,1.0,21.3,30.095,21.9,31,NORMAL,0,0.0,Stock is within 90 days of recent demand
BR002,MED417,Dextromethorphan Syrup 100ml (LifeSpring Pharma),Respiratory,5,347.99,0.3214,15.0,8.376,17.9,10,NORMAL,0,0.0,Stock is within 90 days of recent demand
BR002,MED418,Dextromethorphan Syrup 100ml (Summit Lifesciences),Respiratory,10,739.9,0.1786,60.0,4.762,63.0,5,NORMAL,0,0.0,Stock is within 90 days of recent demand
BR002,MED419,Dextromethorphan Syrup 100ml (TrueLife Remedies),Respiratory,3,227.58,0.0714,30.0,2.312,38.9,3,NORMAL,0,0.0,Stock is within 90 days of recent demand
BR002,MED420,Montelukast 10mg (CureLine Healthcare),Respiratory,4,601.64,0.3929,10.9,8.437,14.2,11,NORMAL,0,0.0,Stock is within 90 days of recent demand
BR002,MED421,Montelukast 10mg (LifeSpring Pharma),Respiratory,6,831.78,0.25,22.5,6.101,29.5,8,NORMAL,0,0.0,Stock is within 90 days of recent demand
BR002,MED425,Montelukast 5mg,Respiratory,5,804.4,0.2857,16.7,4.055,37.0,9,NORMAL,0,0.0,Stock is within 90 days of recent demand
BR002,MED427,Montelukast 5mg (NovaMed Laboratories),Respiratory,16,2597.88,0.2143,80.0,6.215,77.2,6,NORMAL,0,0.0,Stock is within 90 days of recent demand
BR002,MED428,Montelukast 5mg (Summit Lifesciences),Respiratory,11,1771.1,0.2143,55.0,5.849,56.4,6,NORMAL,0,0.0,Stock is within 90 days of recent demand
BR002,MED429,Montelukast 5mg (TrueLife Remedies),Respiratory,9,1598.45,0.75,12.3,21.684,12.5,22,NORMAL,0,0.0,Stock is within 90 days of recent demand
BR002,MED431,Salbutamol Inhaler 100mcg (ApexLife Pharma),Respiratory,10,1358.8,0.6429,16.7,12.835,23.4,18,NORMAL,0,0.0,Stock is within 90 days of recent demand
BR002,MED432,Salbutamol Inhaler 100mcg (Stellar Formulations),Respiratory,30,4010.7,2.4286,11.1,70.656,12.7,81,NORMAL,0,0.0,Stock is within 90 days of recent demand
BR002,MED433,Salbutamol Inhaler 100mcg (Summit Lifesciences),Respiratory,6,762.34,0.25,25.7,6.65,27.1,7,NORMAL,0,0.0,Stock is within 90 days of recent demand
BR002,MED435,Salbutamol Inhaler 100mcg (VitaCure Remedies),Respiratory,11,1396.91,0.1786,66.0,4.092,80.6,5,NORMAL,0,0.0,Stock is within 90 days of recent demand
BR002,MED436,Salbutamol Inhaler 200mcg,Respiratory,8,1198.62,0.5,17.1,11.652,20.6,14,NORMAL,0,0.0,Stock is within 90 days of recent demand
BR002,MED439,Salbutamol Inhaler 200mcg (HealthAxis Pharma),Respiratory,6,866.57,0.4643,13.8,8.632,20.9,13,NORMAL,0,0.0,Stock is within 90 days of recent demand
BR002,MED443,Calcium + Vitamin D3 500mg/250IU (ApexLife Pharma),Vitamins,18,1658.52,1.0714,18.0,24.625,21.9,30,NORMAL,0,0.0,Stock is within 90 days of recent demand
BR002,MED444,Calcium + Vitamin D3 500mg/250IU (CureLine Healthcare),Vitamins,19,1937.29,0.6694,27.1,21.369,26.7,21,NORMAL,0,0.0,Stock is within 90 days of recent demand
BR002,MED445,Calcium + Vitamin D3 500mg/250IU (HealthAxis Pharma),Vitamins,19,1720.55,1.1429,17.3,31.93,17.9,33,NORMAL,0,0.0,Stock is within 90 days of recent demand
BR002,MED446,Calcium + Vitamin D3 500mg/250IU (LifeSpring Pharma),Vitamins,21,1831.62,1.4643,13.4,35.004,18.0,47,NORMAL,0,0.0,Stock is within 90 days of recent demand
BR002,MED447,Calcium + Vitamin D3 500mg/250IU (Summit Lifesciences),Vitamins,7,539.42,0.2857,26.2,6.465,32.5,8,NORMAL,0,0.0,Stock is within 90 days of recent demand
BR002,MED448,Calcium + Vitamin D3 500mg/250IU (TrueLife Remedies),Vitamins,40,3233.0,1.0634,48.0,33.566,35.8,25,NORMAL,0,0.0,Stock is within 90 days of recent demand
BR002,MED450,Iron + Folic Acid 100mg/500mcg (CarePlus Laboratories),Vitamins,12,762.96,0.3571,32.7,8.613,41.8,11,NORMAL,0,0.0,Stock is within 90 days of recent demand
BR002,MED453,Iron + Folic Acid 100mg/500mcg (LifeSpring Pharma),Vitamins,12,837.24,0.3929,32.7,7.651,47.1,11,NORMAL,0,0.0,Stock is within 90 days of recent demand
BR002,MED454,Iron + Folic Acid 100mg/500mcg (Stellar Formulations),Vitamins,13,843.3,2.0,6.4,50.242,7.8,61,NORMAL,0,0.0,Stock is within 90 days of recent demand
BR002,MED455,Iron + Folic Acid 100mg/500mcg (Summit Lifesciences),Vitamins,7,413.49,0.2143,35.0,4.419,47.5,6,NORMAL,0,0.0,Stock is within 90 days of recent demand
BR002,MED456,Iron + Folic Acid 100mg/500mcg (VitaCure Remedies),Vitamins,7,430.1,0.3571,21.0,8.515,24.7,10,NORMAL,0,0.0,Stock is within 90 days of recent demand
BR002,MED459,Multivitamin B-complex+C (Summit Lifesciences),Vitamins,36,1115.28,3.75,9.2,104.081,10.4,118,NORMAL,0,0.0,Stock is within 90 days of recent demand
BR002,MED460,Multivitamin B-complex+C (TrueLife Remedies),Vitamins,18,669.16,0.8929,20.0,24.933,21.7,27,NORMAL,0,0.0,Stock is within 90 days of recent demand
BR002,MED461,Vitamin C Chewable 500mg (Aarogya Formulations),Vitamins,35,748.35,2.0714,17.2,56.539,18.6,61,NORMAL,0,0.0,Stock is within 90 days of recent demand
BR002,MED462,Vitamin C Chewable 500mg (ApexLife Pharma),Vitamins,15,319.33,0.3929,40.9,12.048,37.4,11,NORMAL,0,0.0,Stock is within 90 days of recent demand
BR002,MED463,Vitamin C Chewable 500mg (HealthAxis Pharma),Vitamins,11,236.39,0.3929,30.0,10.712,30.8,11,NORMAL,0,0.0,Stock is within 90 days of recent demand
BR002,MED465,Vitamin C Chewable 1000mg,Vitamins,4,122.44,1.25,3.4,27.507,4.4,35,NORMAL,0,0.0,Stock is within 90 days of recent demand
BR002,MED466,Vitamin C Chewable 1000mg (ApexLife Pharma),Vitamins,27,721.23,3.0357,9.3,85.587,9.5,87,NORMAL,0,0.0,Stock is within 90 days of recent demand
BR002,MED468,Vitamin C Chewable 1000mg (CarePlus Laboratories),Vitamins,10,227.04,1.1071,9.7,28.468,10.5,31,NORMAL,0,0.0,Stock is within 90 days of recent demand
BR002,MED469,Vitamin C Chewable 1000mg (CureLine Healthcare),Vitamins,11,308.05,0.25,47.1,5.105,64.6,7,NORMAL,0,0.0,Stock is within 90 days of recent demand
BR002,MED470,Vitamin C Chewable 1000mg (NovaMed Laboratories),Vitamins,13,370.87,0.6071,19.5,16.217,24.0,20,NORMAL,0,0.0,Stock is within 90 days of recent demand
BR002,MED472,Vitamin C Chewable 1000mg (TrueLife Remedies),Vitamins,11,306.02,0.1786,66.0,3.611,91.4,5,NORMAL,0,0.0,Stock is within 90 days of recent demand
BR002,MED473,Vitamin C Chewable 1000mg (VitaCure Remedies),Vitamins,9,209.86,0.4643,19.3,14.08,19.2,14,NORMAL,0,0.0,Stock is within 90 days of recent demand
BR002,MED476,Vitamin D3 1000IU,Vitamins,13,1496.77,0.4643,30.0,12.425,31.4,13,NORMAL,0,0.0,Stock is within 90 days of recent demand
BR002,MED477,Vitamin D3 1000IU (Summit Lifesciences),Vitamins,8,1148.82,0.1079,80.0,4.11,58.4,3,NORMAL,0,0.0,Stock is within 90 days of recent demand
BR002,MED478,Calamine Lotion 100ml (CureLine Healthcare),Dermatological,7,381.62,0.1786,42.0,4.506,46.6,5,NORMAL,0,0.0,Stock is within 90 days of recent demand
BR002,MED480,Calamine Lotion 100ml (Stellar Formulations),Dermatological,5,289.86,0.75,6.5,14.156,10.6,23,NORMAL,0,0.0,Stock is within 90 days of recent demand
BR002,MED481,Calamine Lotion 100ml (TrueLife Remedies),Dermatological,4,217.88,0.25,17.1,5.728,20.9,7,NORMAL,0,0.0,Stock is within 90 days of recent demand
BR002,MED482,Clotrimazole Cream 1% (ApexLife Pharma),Dermatological,11,763.5,0.2143,47.1,4.495,73.4,7,NORMAL,0,0.0,Stock is within 90 days of recent demand
BR002,MED483,Clotrimazole Cream 1% (CureLine Healthcare),Dermatological,3,176.57,0.2143,15.0,4.205,21.4,6,NORMAL,0,0.0,Stock is within 90 days of recent demand
BR002,MED484,Clotrimazole Cream 2%,Dermatological,3,209.56,0.3929,7.5,9.802,9.2,12,NORMAL,0,0.0,Stock is within 90 days of recent demand
BR002,MED486,Clotrimazole Cream 2% (TrueLife Remedies),Dermatological,1,68.02,0.1786,6.0,2.697,11.1,5,NORMAL,0,0.0,Stock is within 90 days of recent demand
BR002,MED488,Fusidic Acid Cream 2% (BlueCrest Pharma),Dermatological,2,207.04,0.2857,7.5,6.525,9.2,8,NORMAL,0,0.0,Stock is within 90 days of recent demand
BR002,MED490,Hydrocortisone Cream 1% (CarePlus Laboratories),Dermatological,5,227.75,0.5357,9.4,10.444,14.4,16,NORMAL,0,0.0,Stock is within 90 days of recent demand
BR002,MED491,Hydrocortisone Cream 1% (CureLine Healthcare),Dermatological,9,488.67,0.3929,22.5,11.15,24.2,12,NORMAL,0,0.0,Stock is within 90 days of recent demand
BR002,MED493,Ketoconazole Shampoo 2% (Aarogya Formulations),Dermatological,3,468.96,0.2143,12.9,3.775,23.8,7,NORMAL,0,0.0,Stock is within 90 days of recent demand
BR002,MED495,Ketoconazole Shampoo 2% (VitaCure Remedies),Dermatological,5,678.2,0.1071,50.0,2.382,63.0,3,NORMAL,0,0.0,Stock is within 90 days of recent demand
BR002,MED496,Mupirocin Ointment 2% (ApexLife Pharma),Dermatological,8,839.0,0.2143,34.3,3.707,64.7,7,NORMAL,0,0.0,Stock is within 90 days of recent demand
BR002,MED497,Mupirocin Ointment 2% (CarePlus Laboratories),Dermatological,2,198.64,0.4643,4.3,9.231,6.5,14,NORMAL,0,0.0,Stock is within 90 days of recent demand
BR002,MED500,Mupirocin Ointment 2% (VitaCure Remedies),Dermatological,3,312.87,0.1071,22.5,1.862,48.3,4,NORMAL,0,0.0,Stock is within 90 days of recent demand
BR003,MED001,Paracetamol 500mg,Analgesics,75,1386.0,5.4613,14.0,166.924,13.5,161,NORMAL,0,0.0,Stock is within 90 days of recent demand
BR003,MED002,Diclofenac 50mg,Analgesics,19,602.3,0.7857,24.8,20.656,27.6,23,NORMAL,0,0.0,Stock is within 90 days of recent demand
BR003,MED003,Amoxicillin 500mg,Antibiotics,12,830.01,0.4286,27.7,10.503,34.3,13,NORMAL,0,0.0,Stock is within 90 days of recent demand
BR003,MED004,Azithromycin 500mg,Antibiotics,12,1091.55,0.3214,32.7,7.634,47.2,11,NORMAL,0,0.0,Stock is within 90 days of recent demand
BR003,MED005,Paracetamol 650mg,Antipyretics,54,1236.67,3.8214,13.8,107.226,15.1,117,NORMAL,0,0.0,Stock is within 90 days of recent demand
BR003,MED006,Paracetamol Suspension 250mg/5ml,Antipyretics,10,334.08,0.1429,75.0,3.496,85.8,4,NORMAL,0,0.0,Stock is within 90 days of recent demand
BR003,MED007,Cetirizine 10mg,Antihistamines,61,1038.22,4.0531,15.1,129.191,14.2,121,NORMAL,0,0.0,Stock is within 90 days of recent demand
BR003,MED009,Pantoprazole 40mg,Gastrointestinal,87,4808.67,3.9366,23.5,122.049,21.4,111,NORMAL,0,0.0,Stock is within 90 days of recent demand
BR003,MED010,Ondansetron 4mg,Gastrointestinal,6,255.96,0.25,25.7,3.967,45.4,7,NORMAL,0,0.0,Stock is within 90 days of recent demand
BR003,MED011,Amlodipine 5mg,Cardiovascular,140,3200.4,9.6786,14.7,280.498,15.0,286,NORMAL,0,0.0,Stock is within 90 days of recent demand
BR003,MED012,Atorvastatin 10mg,Cardiovascular,55,3733.58,5.1071,10.7,148.895,11.1,154,NORMAL,0,0.0,Stock is within 90 days of recent demand
BR003,MED013,Metformin 500mg,Antidiabetic,47,1032.07,4.3214,10.9,126.766,11.1,129,NORMAL,0,0.0,Stock is within 90 days of recent demand
BR003,MED014,Glimepiride 2mg,Antidiabetic,39,3889.44,2.6786,13.9,80.27,14.6,84,NORMAL,0,0.0,Stock is within 90 days of recent demand
BR003,MED015,Ambroxol + Levosalbutamol Syrup 100ml,Respiratory,43,3486.24,2.5714,16.8,76.277,16.9,77,NORMAL,0,0.0,Stock is within 90 days of recent demand
BR003,MED017,Vitamin C Chewable 500mg,Vitamins,33,664.95,1.9286,15.7,50.102,19.8,63,NORMAL,0,0.0,Stock is within 90 days of recent demand
BR003,MED018,Vitamin D3 60000IU,Vitamins,10,1070.06,0.5357,20.0,14.646,20.5,15,NORMAL,0,0.0,Stock is within 90 days of recent demand
BR003,MED019,Clotrimazole Cream 1%,Dermatological,16,1038.18,0.9643,17.1,24.61,19.5,28,NORMAL,0,0.0,Stock is within 90 days of recent demand
BR003,MED020,Mupirocin Ointment 2%,Dermatological,17,1822.21,0.5,36.4,12.105,42.1,14,NORMAL,0,0.0,Stock is within 90 days of recent demand
BR003,MED021,Ibuprofen 400mg,Analgesics,19,465.63,1.5714,12.7,39.838,14.3,45,NORMAL,0,0.0,Stock is within 90 days of recent demand
BR003,MED022,Aceclofenac + Paracetamol 100mg/325mg,Analgesics,13,678.38,0.5357,26.0,16.242,24.0,15,NORMAL,0,0.0,Stock is within 90 days of recent demand
BR003,MED023,Naproxen 250mg,Analgesics,7,421.47,0.1429,42.0,3.482,60.3,5,NORMAL,0,0.0,Stock is within 90 days of recent demand
BR003,MED024,Cefixime 200mg,Antibiotics,35,2926.01,1.0147,38.9,31.987,32.8,27,NORMAL,0,0.0,Stock is within 90 days of recent demand
BR003,MED025,Ciprofloxacin 500mg,Antibiotics,10,410.07,0.5714,17.6,11.965,25.1,17,NORMAL,0,0.0,Stock is within 90 days of recent demand
BR003,MED026,Doxycycline 100mg,Antibiotics,18,958.67,0.3214,60.0,7.816,69.1,9,NORMAL,0,0.0,Stock is within 90 days of recent demand
BR003,MED027,Amoxicillin + Clavulanic Acid 625mg,Antibiotics,10,1426.68,0.6786,13.0,17.242,17.4,23,NORMAL,0,0.0,Stock is within 90 days of recent demand
BR003,MED028,Mefenamic Acid 250mg,Antipyretics,10,315.8,0.2857,37.5,7.025,42.7,8,NORMAL,0,0.0,Stock is within 90 days of recent demand
BR003,MED029,Paracetamol Drops 100mg/ml,Antipyretics,13,335.73,0.1786,78.0,4.078,95.6,5,NORMAL,0,0.0,Stock is within 90 days of recent demand
BR003,MED030,Levocetirizine 5mg,Antihistamines,16,730.08,0.5116,30.0,15.723,30.5,16,NORMAL,0,0.0,Stock is within 90 days of recent demand
BR003,MED031,Montelukast + Levocetirizine 10mg/5mg,Antihistamines,14,2106.58,2.2143,6.3,67.152,6.3,67,NORMAL,0,0.0,Stock is within 90 days of recent demand
BR003,MED033,Omeprazole 20mg,Gastrointestinal,99,4142.28,4.9973,20.3,145.436,20.4,146,NORMAL,0,0.0,Stock is within 90 days of recent demand
BR003,MED034,Domperidone 10mg,Gastrointestinal,85,3350.55,2.5031,34.5,75.249,33.9,74,NORMAL,0,0.0,Stock is within 90 days of recent demand
BR003,MED035,ORS Powder 21.8g,Gastrointestinal,17,279.99,0.6429,25.5,18.976,26.9,20,NORMAL,0,0.0,Stock is within 90 days of recent demand
BR003,MED037,Telmisartan 40mg,Cardiovascular,259,26121.12,10.8214,24.7,318.844,24.4,314,NORMAL,0,0.0,Stock is within 90 days of recent demand
BR003,MED038,Losartan 50mg,Cardiovascular,12,856.68,0.8214,15.7,24.334,14.8,23,NORMAL,0,0.0,Stock is within 90 days of recent demand
BR003,MED039,Metoprolol 50mg,Cardiovascular,23,1213.94,1.4286,15.7,39.831,17.3,44,NORMAL,0,0.0,Stock is within 90 days of recent demand
BR003,MED040,Rosuvastatin 10mg,Cardiovascular,24,3209.16,1.9286,12.9,46.868,15.4,56,NORMAL,0,0.0,Stock is within 90 days of recent demand
BR003,MED041,Clopidogrel 75mg,Cardiovascular,6,407.99,0.1429,45.0,3.84,46.9,4,NORMAL,0,0.0,Stock is within 90 days of recent demand
BR003,MED042,Aspirin 75mg,Cardiovascular,33,204.93,2.5714,12.7,71.511,13.8,78,NORMAL,0,0.0,Stock is within 90 days of recent demand
BR003,MED043,Glimepiride + Metformin 2mg/500mg,Antidiabetic,52,6096.74,5.4286,9.6,164.241,9.5,162,NORMAL,0,0.0,Stock is within 90 days of recent demand
BR003,MED044,Sitagliptin 100mg,Antidiabetic,11,2984.26,0.3929,30.0,7.159,46.1,11,NORMAL,0,0.0,Stock is within 90 days of recent demand
BR003,MED045,Gliclazide 80mg,Antidiabetic,21,1157.46,0.3929,57.3,9.017,69.9,11,NORMAL,0,0.0,Stock is within 90 days of recent demand
BR003,MED046,Montelukast 10mg,Respiratory,48,6378.36,1.216,46.5,37.305,38.6,31,NORMAL,0,0.0,Stock is within 90 days of recent demand
BR003,MED048,Dextromethorphan Syrup 100ml,Respiratory,31,2092.25,1.5357,20.2,45.845,20.3,46,NORMAL,0,0.0,Stock is within 90 days of recent demand
BR003,MED049,Multivitamin B-complex+C,Vitamins,26,907.92,1.5714,17.7,41.473,18.8,44,NORMAL,0,0.0,Stock is within 90 days of recent demand
BR003,MED050,Calcium + Vitamin D3 500mg/250IU,Vitamins,7,579.46,0.3214,23.3,8.931,23.5,9,NORMAL,0,0.0,Stock is within 90 days of recent demand
BR003,MED052,Hydrocortisone Cream 1%,Dermatological,9,375.39,0.1429,67.5,3.388,79.7,4,NORMAL,0,0.0,Stock is within 90 days of recent demand
BR003,MED054,Calamine Lotion 100ml,Dermatological,10,468.4,0.1429,60.0,4.174,71.9,5,NORMAL,0,0.0,Stock is within 90 days of recent demand
BR003,MED055,Ketoconazole Shampoo 2%,Dermatological,10,1453.62,0.2857,33.3,5.621,53.4,9,NORMAL,0,0.0,Stock is within 90 days of recent demand
BR003,MED058,Aceclofenac + Paracetamol 100mg/325mg (VitaCure Remedies),Analgesics,6,329.72,1.0714,5.6,25.815,7.0,32,NORMAL,0,0.0,Stock is within 90 days of recent demand
BR003,MED059,Diclofenac 50mg (Aarogya Formulations),Analgesics,6,176.08,0.1071,60.0,3.137,57.4,3,NORMAL,0,0.0,Stock is within 90 days of recent demand
BR003,MED060,Diclofenac 50mg (CarePlus Laboratories),Analgesics,29,993.61,1.9643,15.5,53.424,16.3,56,NORMAL,0,0.0,Stock is within 90 days of recent demand
BR003,MED061,Diclofenac 50mg (Stellar Formulations),Analgesics,6,170.96,0.3571,18.0,6.69,26.9,10,NORMAL,0,0.0,Stock is within 90 days of recent demand
BR003,MED063,Diclofenac 50mg (VitaCure Remedies),Analgesics,8,203.57,1.0,7.5,25.369,9.5,32,NORMAL,0,0.0,Stock is within 90 days of recent demand
BR003,MED064,Diclofenac 100mg,Analgesics,8,265.18,0.4643,18.5,12.865,18.7,13,NORMAL,0,0.0,Stock is within 90 days of recent demand
BR003,MED065,Diclofenac 100mg (CureLine Healthcare),Analgesics,10,376.21,0.2143,42.9,5.332,56.3,7,NORMAL,0,0.0,Stock is within 90 days of recent demand
BR003,MED066,Diclofenac 100mg (VitaCure Remedies),Analgesics,11,431.86,0.2143,55.0,6.442,51.2,6,NORMAL,0,0.0,Stock is within 90 days of recent demand
BR003,MED067,Ibuprofen 400mg (Aarogya Formulations),Analgesics,4,102.4,0.0727,60.0,2.788,43.0,2,NORMAL,0,0.0,Stock is within 90 days of recent demand
BR003,MED068,Ibuprofen 400mg (CureLine Healthcare),Analgesics,7,159.25,0.1071,70.0,3.001,70.0,3,NORMAL,0,0.0,Stock is within 90 days of recent demand
BR003,MED069,Ibuprofen 400mg (HealthAxis Pharma),Analgesics,23,537.0,1.1786,17.2,32.977,20.9,40,NORMAL,0,0.0,Stock is within 90 days of recent demand
BR003,MED070,Ibuprofen 400mg (NovaMed Laboratories),Analgesics,20,515.4,1.4643,14.0,39.566,15.2,43,NORMAL,0,0.0,Stock is within 90 days of recent demand
BR003,MED071,Ibuprofen 400mg (Stellar Formulations),Analgesics,26,614.12,0.3214,78.0,8.552,91.2,10,NORMAL,0,0.0,Stock is within 90 days of recent demand
BR003,MED073,Ibuprofen 200mg,Analgesics,14,423.2,1.6071,8.9,40.48,10.4,47,NORMAL,0,0.0,Stock is within 90 days of recent demand
BR003,MED074,Ibuprofen 200mg (LifeSpring Pharma),Analgesics,6,184.96,0.1071,60.0,3.754,47.9,3,NORMAL,0,0.0,Stock is within 90 days of recent demand
BR003,MED075,Ibuprofen 200mg (Summit Lifesciences),Analgesics,21,589.87,0.5357,37.1,15.309,41.2,17,NORMAL,0,0.0,Stock is within 90 days of recent demand
BR003,MED076,Ibuprofen 200mg (TrueLife Remedies),Analgesics,17,470.69,1.2143,12.8,32.788,15.6,40,NORMAL,0,0.0,Stock is within 90 days of recent demand
BR003,MED078,Ibuprofen 600mg,Analgesics,21,771.16,0.9643,21.7,30.736,20.5,29,NORMAL,0,0.0,Stock is within 90 days of recent demand
BR003,MED079,Ibuprofen 600mg (BlueCrest Pharma),Analgesics,20,699.07,1.6429,11.3,42.938,14.0,53,NORMAL,0,0.0,Stock is within 90 days of recent demand
BR003,MED080,Ibuprofen 600mg (HealthAxis Pharma),Analgesics,9,358.26,0.3214,30.0,8.988,30.0,9,NORMAL,0,0.0,Stock is within 90 days of recent demand
BR003,MED081,Ibuprofen 600mg (NovaMed Laboratories),Analgesics,8,272.48,1.3214,6.5,33.819,7.1,37,NORMAL,0,0.0,Stock is within 90 days of recent demand
BR003,MED082,Naproxen 250mg (CureLine Healthcare),Analgesics,61,3744.45,2.759,22.9,88.783,20.6,80,NORMAL,0,0.0,Stock is within 90 days of recent demand
BR003,MED083,Naproxen 250mg (HealthAxis Pharma),Analgesics,14,791.91,0.4286,32.3,10.487,40.0,13,NORMAL,0,0.0,Stock is within 90 days of recent demand
BR003,MED084,Naproxen 250mg (VitaCure Remedies),Analgesics,35,1787.42,1.198,28.4,38.822,27.0,37,NORMAL,0,0.0,Stock is within 90 days of recent demand
BR003,MED085,Naproxen 500mg,Analgesics,4,273.6,0.1786,24.0,2.67,44.9,5,NORMAL,0,0.0,Stock is within 90 days of recent demand
BR003,MED086,Naproxen 500mg (CarePlus Laboratories),Analgesics,56,3615.92,6.7143,8.2,201.808,8.3,204,NORMAL,0,0.0,Stock is within 90 days of recent demand
BR003,MED087,Naproxen 500mg (LifeSpring Pharma),Analgesics,10,663.97,0.1429,75.0,4.306,69.7,4,NORMAL,0,0.0,Stock is within 90 days of recent demand
BR003,MED089,Paracetamol 500mg (Aarogya Formulations),Analgesics,14,221.48,0.0801,84.0,3.239,129.7,5,NORMAL,0,0.0,Stock is within 90 days of recent demand
BR003,MED090,Paracetamol 500mg (CarePlus Laboratories),Analgesics,1,19.06,0.4643,1.9,7.785,3.9,16,NORMAL,0,0.0,Stock is within 90 days of recent demand
BR003,MED091,Paracetamol 500mg (HealthAxis Pharma),Analgesics,50,920.44,3.25,15.6,98.143,15.3,96,NORMAL,0,0.0,Stock is within 90 days of recent demand
BR003,MED092,Paracetamol 500mg (LifeSpring Pharma),Analgesics,8,162.44,0.1429,48.0,3.993,60.1,5,NORMAL,0,0.0,Stock is within 90 days of recent demand
BR003,MED094,Paracetamol 250mg (Stellar Formulations),Analgesics,14,293.0,0.1786,84.0,6.503,64.6,5,NORMAL,0,0.0,Stock is within 90 days of recent demand
BR003,MED095,Amoxicillin 250mg,Antibiotics,14,1077.16,0.2791,60.0,8.476,49.6,7,NORMAL,0,0.0,Stock is within 90 days of recent demand
BR003,MED096,Amoxicillin 250mg (CureLine Healthcare),Antibiotics,7,578.47,0.5714,12.4,13.866,15.1,17,NORMAL,0,0.0,Stock is within 90 days of recent demand
BR003,MED097,Amoxicillin 250mg (LifeSpring Pharma),Antibiotics,25,2284.49,0.8393,30.0,25.995,28.9,25,NORMAL,0,0.0,Stock is within 90 days of recent demand
BR003,MED098,Amoxicillin 250mg (NovaMed Laboratories),Antibiotics,5,445.07,0.5357,10.0,12.425,12.1,15,NORMAL,0,0.0,Stock is within 90 days of recent demand
BR003,MED099,Amoxicillin 250mg (Stellar Formulations),Antibiotics,7,537.18,0.1786,42.0,4.011,52.4,5,NORMAL,0,0.0,Stock is within 90 days of recent demand
BR003,MED101,Amoxicillin + Clavulanic Acid 625mg (CureLine Healthcare),Antibiotics,5,829.45,0.1786,30.0,2.875,52.2,5,NORMAL,0,0.0,Stock is within 90 days of recent demand
BR003,MED103,Amoxicillin + Clavulanic Acid 625mg (Stellar Formulations),Antibiotics,10,1306.9,0.2857,30.0,6.834,43.9,10,NORMAL,0,0.0,Stock is within 90 days of recent demand
BR003,MED104,Amoxicillin + Clavulanic Acid 375mg,Antibiotics,0,0.0,3.0711,0.0,93.175,0.0,77,NORMAL,0,0.0,No stock on hand
BR003,MED105,Amoxicillin + Clavulanic Acid 375mg (NovaMed Laboratories),Antibiotics,49,8109.47,3.0714,16.5,88.402,16.6,89,NORMAL,0,0.0,Stock is within 90 days of recent demand
BR003,MED106,Amoxicillin + Clavulanic Acid 375mg (Summit Lifesciences),Antibiotics,13,2323.99,0.3929,35.5,8.176,47.7,11,NORMAL,0,0.0,Stock is within 90 days of recent demand
BR003,MED107,Amoxicillin + Clavulanic Acid 375mg (TrueLife Remedies),Antibiotics,5,897.51,0.5714,9.4,6.861,21.9,16,NORMAL,0,0.0,Stock is within 90 days of recent demand
BR003,MED108,Azithromycin 500mg (Aarogya Formulations),Antibiotics,18,1731.43,0.5357,30.0,14.817,36.4,18,NORMAL,0,0.0,Stock is within 90 days of recent demand
BR003,MED109,Azithromycin 500mg (ApexLife Pharma),Antibiotics,12,1146.45,0.3929,27.7,8.712,41.3,13,NORMAL,0,0.0,Stock is within 90 days of recent demand
BR003,MED110,Azithromycin 500mg (VitaCure Remedies),Antibiotics,8,632.09,0.1071,80.0,2.547,94.2,3,NORMAL,0,0.0,Stock is within 90 days of recent demand
BR003,MED112,Azithromycin 250mg (ApexLife Pharma),Antibiotics,14,1443.01,0.3214,38.2,6.832,61.5,11,NORMAL,0,0.0,Stock is within 90 days of recent demand
BR003,MED113,Azithromycin 250mg (BlueCrest Pharma),Antibiotics,52,4924.02,5.5,9.8,156.682,10.0,160,NORMAL,0,0.0,Stock is within 90 days of recent demand
BR003,MED114,Azithromycin 250mg (CarePlus Laboratories),Antibiotics,16,1623.65,0.2857,60.0,7.512,63.9,8,NORMAL,0,0.0,Stock is within 90 days of recent demand
BR003,MED115,Azithromycin 250mg (CureLine Healthcare),Antibiotics,7,829.86,0.3571,21.0,8.192,25.6,10,NORMAL,0,0.0,Stock is within 90 days of recent demand
BR003,MED116,Azithromycin 250mg (HealthAxis Pharma),Antibiotics,5,520.73,0.6786,7.9,14.823,10.1,19,NORMAL,0,0.0,Stock is within 90 days of recent demand
BR003,MED117,Azithromycin 250mg (LifeSpring Pharma),Antibiotics,98,11420.22,6.1071,15.7,183.912,16.0,187,NORMAL,0,0.0,Stock is within 90 days of recent demand
BR003,MED118,Azithromycin 250mg (NovaMed Laboratories),Antibiotics,14,1408.95,0.1786,84.0,4.193,100.2,5,NORMAL,0,0.0,Stock is within 90 days of recent demand
BR003,MED120,Cefixime 200mg (ApexLife Pharma),Antibiotics,12,1121.88,0.1734,90.0,4.788,75.2,4,NORMAL,0,0.0,Stock is within 90 days of recent demand
BR003,MED121,Cefixime 200mg (CureLine Healthcare),Antibiotics,3,241.29,0.25,12.9,4.505,20.0,7,NORMAL,0,0.0,Stock is within 90 days of recent demand
BR003,MED122,Cefixime 200mg (NovaMed Laboratories),Antibiotics,15,1208.92,0.3929,40.9,10.648,42.3,11,NORMAL,0,0.0,Stock is within 90 days of recent demand
BR003,MED127,Cefixime 100mg (VitaCure Remedies),Antibiotics,0,0.0,2.2987,0.0,68.531,0.0,66,NORMAL,0,0.0,No stock on hand
BR003,MED130,Ciprofloxacin 250mg (LifeSpring Pharma),Antibiotics,16,854.24,1.4286,12.0,33.018,14.5,40,NORMAL,0,0.0,Stock is within 90 days of recent demand
BR003,MED131,Doxycycline 100mg (Aarogya Formulations),Antibiotics,14,705.71,0.8571,16.8,20.806,20.2,25,NORMAL,0,0.0,Stock is within 90 days of recent demand
BR003,MED133,Doxycycline 100mg (HealthAxis Pharma),Antibiotics,5,255.15,0.077,75.0,2.437,61.6,2,NORMAL,0,0.0,Stock is within 90 days of recent demand
BR003,MED134,Doxycycline 100mg (Summit Lifesciences),Antibiotics,8,405.46,0.3571,24.0,9.73,24.7,10,NORMAL,0,0.0,Stock is within 90 days of recent demand
BR003,MED135,Mefenamic Acid 250mg (ApexLife Pharma),Antipyretics,22,813.61,0.8571,27.5,25.963,25.4,24,NORMAL,0,0.0,Stock is within 90 days of recent demand
BR003,MED137,Mefenamic Acid 250mg (LifeSpring Pharma),Antipyretics,10,367.2,0.2143,50.0,4.395,68.3,6,NORMAL,0,0.0,Stock is within 90 days of recent demand
BR003,MED138,Mefenamic Acid 250mg (NovaMed Laboratories),Antipyretics,10,299.58,0.8214,10.3,20.638,14.5,29,NORMAL,0,0.0,Stock is within 90 days of recent demand
BR003,MED139,Mefenamic Acid 500mg,Antipyretics,45,1779.33,4.5714,9.6,132.154,10.2,141,NORMAL,0,0.0,Stock is within 90 days of recent demand
BR003,MED140,Mefenamic Acid 500mg (CureLine Healthcare),Antipyretics,19,706.18,0.6786,30.0,20.207,28.2,19,NORMAL,0,0.0,Stock is within 90 days of recent demand
BR003,MED141,Mefenamic Acid 500mg (HealthAxis Pharma),Antipyretics,12,395.85,0.25,51.4,6.822,52.8,7,NORMAL,0,0.0,Stock is within 90 days of recent demand
BR003,MED142,Mefenamic Acid 500mg (Kavach Healthcare),Antipyretics,2,72.38,2.8571,0.7,74.452,0.8,90,NORMAL,0,0.0,Stock is within 90 days of recent demand
BR003,MED144,Mefenamic Acid 500mg (NovaMed Laboratories),Antipyretics,16,595.36,1.2414,10.0,39.12,12.3,48,NORMAL,0,0.0,Stock is within 90 days of recent demand
BR003,MED146,Mefenamic Acid 500mg (Summit Lifesciences),Antipyretics,7,329.58,0.1429,52.5,3.115,67.4,4,NORMAL,0,0.0,Stock is within 90 days of recent demand
BR003,MED147,Mefenamic Acid 500mg (TrueLife Remedies),Antipyretics,4,138.2,0.25,17.1,4.548,26.4,7,NORMAL,0,0.0,Stock is within 90 days of recent demand
BR003,MED148,Mefenamic Acid 500mg (VitaCure Remedies),Antipyretics,15,615.45,0.2857,56.2,6.493,69.3,8,NORMAL,0,0.0,Stock is within 90 days of recent demand
BR003,MED149,Paracetamol 650mg (Aarogya Formulations),Antipyretics,6,125.46,0.2143,30.0,4.234,42.5,6,NORMAL,0,0.0,Stock is within 90 days of recent demand
BR003,MED151,Paracetamol Drops 100mg/ml (Aarogya Formulations),Antipyretics,10,276.84,0.5714,18.8,15.488,19.4,16,NORMAL,0,0.0,Stock is within 90 days of recent demand
BR003,MED152,Paracetamol Suspension 250mg/5ml (Aarogya Formulations),Antipyretics,32,1181.92,1.0361,34.3,31.811,30.2,28,NORMAL,0,0.0,Stock is within 90 days of recent demand
BR003,MED154,Paracetamol Suspension 250mg/5ml (CarePlus Laboratories),Antipyretics,7,258.69,0.9643,7.2,18.97,11.1,29,NORMAL,0,0.0,Stock is within 90 days of recent demand
BR003,MED155,Paracetamol Suspension 250mg/5ml (CureLine Healthcare),Antipyretics,7,241.5,2.0714,3.6,47.445,4.4,58,NORMAL,0,0.0,Stock is within 90 days of recent demand
BR003,MED158,Paracetamol Suspension 125mg/5ml (LifeSpring Pharma),Antipyretics,7,269.4,2.3929,3.0,64.782,3.2,70,NORMAL,0,0.0,Stock is within 90 days of recent demand
BR003,MED159,Paracetamol Suspension 125mg/5ml (NovaMed Laboratories),Antipyretics,6,298.19,0.3929,16.4,10.274,17.5,11,NORMAL,0,0.0,Stock is within 90 days of recent demand
BR003,MED161,Paracetamol Suspension 125mg/5ml (VitaCure Remedies),Antipyretics,13,569.96,0.1786,78.0,4.057,96.1,5,NORMAL,0,0.0,Stock is within 90 days of recent demand
BR003,MED162,Cetirizine 10mg (ApexLife Pharma),Antihistamines,7,98.77,0.5,14.0,9.016,23.3,15,NORMAL,0,0.0,Stock is within 90 days of recent demand
BR003,MED163,Cetirizine 10mg (CureLine Healthcare),Antihistamines,43,700.81,1.8634,24.3,59.3,21.8,53,NORMAL,0,0.0,Stock is within 90 days of recent demand
BR003,MED164,Cetirizine 10mg (LifeSpring Pharma),Antihistamines,25,399.44,0.3513,83.3,10.03,74.8,9,NORMAL,0,0.0,Stock is within 90 days of recent demand
BR003,MED165,Cetirizine 10mg (Stellar Formulations),Antihistamines,16,274.24,1.0,16.6,27.124,17.7,29,NORMAL,0,0.0,Stock is within 90 days of recent demand
BR003,MED166,Cetirizine 10mg (Summit Lifesciences),Antihistamines,10,160.0,0.2857,33.3,8.033,37.3,9,NORMAL,0,0.0,Stock is within 90 days of recent demand
BR003,MED167,Cetirizine 10mg (TrueLife Remedies),Antihistamines,30,538.8,1.4643,20.5,43.696,20.6,44,NORMAL,0,0.0,Stock is within 90 days of recent demand
BR003,MED168,Cetirizine 5mg,Antihistamines,8,134.06,0.1071,80.0,3.58,67.0,3,NORMAL,0,0.0,Stock is within 90 days of recent demand
BR003,MED169,Cetirizine 5mg (CarePlus Laboratories),Antihistamines,12,222.6,2.6429,4.6,73.983,4.9,79,NORMAL,0,0.0,Stock is within 90 days of recent demand
BR003,MED171,Cetirizine 5mg (Stellar Formulations),Antihistamines,9,157.46,0.8214,10.4,24.081,11.2,26,NORMAL,0,0.0,Stock is within 90 days of recent demand
BR003,MED173,Cetirizine 5mg (TrueLife Remedies),Antihistamines,33,589.05,6.2857,5.3,192.285,5.1,186,NORMAL,0,0.0,Stock is within 90 days of recent demand
BR003,MED175,Chlorpheniramine 4mg (ApexLife Pharma),Antihistamines,11,91.95,0.1429,82.5,4.008,82.3,4,NORMAL,0,0.0,Stock is within 90 days of recent demand
BR003,MED177,Chlorpheniramine 4mg (CarePlus Laboratories),Antihistamines,11,101.49,0.2143,47.1,6.735,49.0,7,NORMAL,0,0.0,Stock is within 90 days of recent demand
BR003,MED178,Chlorpheniramine 4mg (HealthAxis Pharma),Antihistamines,9,72.96,0.1786,54.0,4.992,54.1,5,NORMAL,0,0.0,Stock is within 90 days of recent demand
BR003,MED179,Chlorpheniramine 4mg (LifeSpring Pharma),Antihistamines,8,77.19,0.5714,15.0,15.932,15.1,16,NORMAL,0,0.0,Stock is within 90 days of recent demand
BR003,MED182,Fexofenadine 120mg (BlueCrest Pharma),Antihistamines,14,2102.03,0.75,17.5,23.433,17.9,24,NORMAL,0,0.0,Stock is within 90 days of recent demand
BR003,MED183,Fexofenadine 120mg (CureLine Healthcare),Antihistamines,5,701.35,0.5357,8.8,9.765,15.4,17,NORMAL,0,0.0,Stock is within 90 days of recent demand
BR003,MED185,Fexofenadine 120mg (TrueLife Remedies),Antihistamines,8,1106.69,0.1071,80.0,3.628,66.2,3,NORMAL,0,0.0,Stock is within 90 days of recent demand
BR003,MED186,Fexofenadine 180mg,Antihistamines,1,167.87,1.0714,1.0,24.88,1.2,30,NORMAL,0,0.0,Stock is within 90 days of recent demand
BR003,MED187,Fexofenadine 180mg (CureLine Healthcare),Antihistamines,6,804.72,0.2857,22.5,4.73,38.1,8,NORMAL,0,0.0,Stock is within 90 days of recent demand
BR003,MED188,Fexofenadine 180mg (HealthAxis Pharma),Antihistamines,6,926.82,0.1429,45.0,3.308,54.4,4,NORMAL,0,0.0,Stock is within 90 days of recent demand
BR003,MED190,Levocetirizine 5mg (Aarogya Formulations),Antihistamines,20,1040.4,0.2857,75.0,9.355,64.1,8,NORMAL,0,0.0,Stock is within 90 days of recent demand
BR003,MED191,Levocetirizine 5mg (BlueCrest Pharma),Antihistamines,1,38.07,0.8214,1.2,17.145,1.7,24,NORMAL,0,0.0,Stock is within 90 days of recent demand
BR003,MED192,Levocetirizine 5mg (CureLine Healthcare),Antihistamines,11,521.29,0.2857,36.7,5.851,56.4,9,NORMAL,0,0.0,Stock is within 90 days of recent demand
BR003,MED194,Levocetirizine 5mg (NovaMed Laboratories),Antihistamines,8,363.44,0.6071,13.3,18.05,13.3,18,NORMAL,0,0.0,Stock is within 90 days of recent demand
BR003,MED195,Levocetirizine 5mg (VitaCure Remedies),Antihistamines,9,377.73,0.3571,27.0,5.453,49.5,10,NORMAL,0,0.0,Stock is within 90 days of recent demand
BR003,MED197,Levocetirizine 2.5mg (LifeSpring Pharma),Antihistamines,28,1394.1,1.4286,20.0,40.63,20.7,42,NORMAL,0,0.0,Stock is within 90 days of recent demand
BR003,MED198,Levocetirizine 2.5mg (Stellar Formulations),Antihistamines,6,339.42,0.0761,90.0,2.619,68.7,2,NORMAL,0,0.0,Stock is within 90 days of recent demand
BR003,MED199,Montelukast + Levocetirizine 10mg/5mg (Aarogya Formulations),Antihistamines,6,848.58,0.1786,36.0,3.638,49.5,5,NORMAL,0,0.0,Stock is within 90 days of recent demand
BR003,MED200,Montelukast + Levocetirizine 10mg/5mg (HealthAxis Pharma),Antihistamines,3,387.42,0.5714,5.3,15.095,6.0,17,NORMAL,0,0.0,Stock is within 90 days of recent demand
BR003,MED201,Montelukast + Levocetirizine 10mg/5mg (NovaMed Laboratories),Antihistamines,15,2312.37,0.2857,56.2,7.211,62.4,8,NORMAL,0,0.0,Stock is within 90 days of recent demand
BR003,MED202,Montelukast + Levocetirizine 10mg/5mg (Stellar Formulations),Antihistamines,10,1399.55,0.9286,10.7,26.96,11.1,28,NORMAL,0,0.0,Stock is within 90 days of recent demand
BR003,MED203,Montelukast + Levocetirizine 10mg/5mg (TrueLife Remedies),Antihistamines,7,986.83,0.2857,26.2,6.368,33.0,8,NORMAL,0,0.0,Stock is within 90 days of recent demand
BR003,MED204,Montelukast + Levocetirizine 10mg/5mg (VitaCure Remedies),Antihistamines,10,1407.7,0.2973,37.5,8.992,33.4,8,NORMAL,0,0.0,Stock is within 90 days of recent demand
BR003,MED205,Domperidone 10mg (BlueCrest Pharma),Gastrointestinal,20,797.05,0.5123,50.0,16.562,36.2,12,NORMAL,0,0.0,Stock is within 90 days of recent demand
BR003,MED206,Domperidone 10mg (CarePlus Laboratories),Gastrointestinal,39,1479.82,1.1187,48.8,30.99,37.8,24,NORMAL,0,0.0,Stock is within 90 days of recent demand
BR003,MED207,Domperidone 10mg (CureLine Healthcare),Gastrointestinal,12,440.52,0.25,40.0,4.365,82.5,9,NORMAL,0,0.0,Stock is within 90 days of recent demand
BR003,MED209,Domperidone 10mg (LifeSpring Pharma),Gastrointestinal,10,346.54,0.1429,75.0,4.471,67.1,4,NORMAL,0,0.0,Stock is within 90 days of recent demand
BR003,MED210,Domperidone 10mg (NovaMed Laboratories),Gastrointestinal,6,225.78,0.5714,10.6,7.251,24.8,17,NORMAL,0,0.0,Stock is within 90 days of recent demand
BR003,MED215,Omeprazole 20mg (CarePlus Laboratories),Gastrointestinal,23,847.47,0.8946,25.6,29.049,23.8,27,NORMAL,0,0.0,Stock is within 90 days of recent demand
BR003,MED216,Omeprazole 20mg (CureLine Healthcare),Gastrointestinal,5,200.05,0.1786,25.0,3.604,41.6,6,NORMAL,0,0.0,Stock is within 90 days of recent demand
BR003,MED218,Omeprazole 20mg (LifeSpring Pharma),Gastrointestinal,5,199.6,0.3929,13.6,7.607,19.7,11,NORMAL,0,0.0,Stock is within 90 days of recent demand
BR003,MED219,Omeprazole 20mg (TrueLife Remedies),Gastrointestinal,16,576.48,1.1786,14.1,29.006,16.5,34,NORMAL,0,0.0,Stock is within 90 days of recent demand
BR003,MED222,Omeprazole 40mg (ApexLife Pharma),Gastrointestinal,16,735.2,0.6786,25.3,21.462,22.4,19,NORMAL,0,0.0,Stock is within 90 days of recent demand
BR003,MED223,Omeprazole 40mg (LifeSpring Pharma),Gastrointestinal,11,459.95,0.6429,18.3,18.923,17.4,18,NORMAL,0,0.0,Stock is within 90 days of recent demand
BR003,MED224,Omeprazole 40mg (Summit Lifesciences),Gastrointestinal,26,1066.29,0.8929,31.2,28.483,27.4,25,NORMAL,0,0.0,Stock is within 90 days of recent demand
BR003,MED226,Ondansetron 4mg (Aarogya Formulations),Gastrointestinal,6,282.48,0.4286,13.8,7.683,23.4,13,NORMAL,0,0.0,Stock is within 90 days of recent demand
BR003,MED227,Ondansetron 4mg (BlueCrest Pharma),Gastrointestinal,6,221.34,0.0714,90.0,2.479,72.6,2,NORMAL,0,0.0,Stock is within 90 days of recent demand
BR003,MED230,Ondansetron 4mg (LifeSpring Pharma),Gastrointestinal,10,430.78,0.1071,75.0,2.978,100.7,4,NORMAL,0,0.0,Stock is within 90 days of recent demand
BR003,MED231,Ondansetron 4mg (NovaMed Laboratories),Gastrointestinal,6,254.3,0.3571,18.0,8.444,21.3,10,NORMAL,0,0.0,Stock is within 90 days of recent demand
BR003,MED232,Ondansetron 4mg (Stellar Formulations),Gastrointestinal,16,658.29,0.2143,80.0,4.69,102.3,6,NORMAL,0,0.0,Stock is within 90 days of recent demand
BR003,MED234,Ondansetron 4mg (VitaCure Remedies),Gastrointestinal,32,1331.87,1.1786,29.1,35.842,26.8,33,NORMAL,0,0.0,Stock is within 90 days of recent demand
BR003,MED236,Ondansetron 8mg (LifeSpring Pharma),Gastrointestinal,61,3295.83,5.2143,12.3,147.26,12.4,149,NORMAL,0,0.0,Stock is within 90 days of recent demand
BR003,MED238,Ondansetron 8mg (VitaCure Remedies),Gastrointestinal,8,399.52,0.4643,17.1,10.324,23.2,14,NORMAL,0,0.0,Stock is within 90 days of recent demand
BR003,MED239,ORS Powder 21.8g (HealthAxis Pharma),Gastrointestinal,61,870.03,5.5357,10.6,157.441,11.6,172,NORMAL,0,0.0,Stock is within 90 days of recent demand
BR003,MED240,ORS Powder 21.8g (LifeSpring Pharma),Gastrointestinal,8,119.39,0.2143,40.0,4.813,49.9,6,NORMAL,0,0.0,Stock is within 90 days of recent demand
BR003,MED241,ORS Powder 21.8g (Stellar Formulations),Gastrointestinal,43,772.85,1.1603,46.1,34.079,37.9,28,NORMAL,0,0.0,Stock is within 90 days of recent demand
BR003,MED242,ORS Powder 21.8g (Summit Lifesciences),Gastrointestinal,4,57.64,0.1786,24.0,2.508,47.8,5,NORMAL,0,0.0,Stock is within 90 days of recent demand
BR003,MED245,Pantoprazole 40mg (BlueCrest Pharma),Gastrointestinal,3,181.74,0.8929,3.3,20.848,4.3,27,NORMAL,0,0.0,Stock is within 90 days of recent demand
BR003,MED246,Pantoprazole 40mg (CarePlus Laboratories),Gastrointestinal,6,398.1,0.4286,13.8,9.683,18.6,13,NORMAL,0,0.0,Stock is within 90 days of recent demand
BR003,MED247,Pantoprazole 40mg (NovaMed Laboratories),Gastrointestinal,17,1007.96,1.0357,17.6,28.145,18.1,29,NORMAL,0,0.0,Stock is within 90 days of recent demand
BR003,MED249,Pantoprazole 20mg,Gastrointestinal,18,1144.44,1.1071,17.4,29.74,18.2,31,NORMAL,0,0.0,Stock is within 90 days of recent demand
BR003,MED250,Pantoprazole 20mg (ApexLife Pharma),Gastrointestinal,4,275.89,0.4643,9.2,8.595,14.0,13,NORMAL,0,0.0,Stock is within 90 days of recent demand
BR003,MED251,Pantoprazole 20mg (BlueCrest Pharma),Gastrointestinal,0,0.0,0.2143,0.0,4.757,0.0,7,NORMAL,0,0.0,No stock on hand
BR003,MED253,Pantoprazole 20mg (Stellar Formulations),Gastrointestinal,6,400.08,0.4286,13.8,6.191,29.1,13,NORMAL,0,0.0,Stock is within 90 days of recent demand
BR003,MED256,Amlodipine 5mg (BlueCrest Pharma),Cardiovascular,32,887.32,1.7143,20.0,43.835,21.9,48,NORMAL,0,0.0,Stock is within 90 days of recent demand
BR003,MED257,Amlodipine 5mg (LifeSpring Pharma),Cardiovascular,34,1023.16,1.2209,30.0,39.415,25.9,34,NORMAL,0,0.0,Stock is within 90 days of recent demand
BR003,MED258,Amlodipine 5mg (NovaMed Laboratories),Cardiovascular,25,680.83,0.3709,75.0,12.594,59.6,10,NORMAL,0,0.0,Stock is within 90 days of recent demand
BR003,MED259,Amlodipine 5mg (Stellar Formulations),Cardiovascular,16,391.12,0.3214,53.3,7.239,66.3,9,NORMAL,0,0.0,Stock is within 90 days of recent demand
BR003,MED260,Amlodipine 5mg (VitaCure Remedies),Cardiovascular,10,273.12,0.3214,33.3,5.223,57.4,9,NORMAL,0,0.0,Stock is within 90 days of recent demand
BR003,MED261,Amlodipine 2.5mg,Cardiovascular,6,220.26,0.5714,11.2,6.505,27.7,16,NORMAL,0,0.0,Stock is within 90 days of recent demand
BR003,MED262,Amlodipine 2.5mg (LifeSpring Pharma),Cardiovascular,27,921.72,0.7857,33.8,26.154,31.0,24,NORMAL,0,0.0,Stock is within 90 days of recent demand
BR003,MED263,Amlodipine 2.5mg (Stellar Formulations),Cardiovascular,15,461.1,0.7143,20.5,16.152,27.9,22,NORMAL,0,0.0,Stock is within 90 days of recent demand
BR003,MED264,Amlodipine 2.5mg (Summit Lifesciences),Cardiovascular,30,929.94,1.6786,18.0,44.366,20.3,50,NORMAL,0,0.0,Stock is within 90 days of recent demand
BR003,MED265,Amlodipine 2.5mg (TrueLife Remedies),Cardiovascular,53,2018.77,3.5714,14.5,108.603,14.6,110,NORMAL,0,0.0,Stock is within 90 days of recent demand
BR003,MED266,Amlodipine 2.5mg (VitaCure Remedies),Cardiovascular,7,211.15,0.1071,70.0,3.202,65.6,3,NORMAL,0,0.0,Stock is within 90 days of recent demand
BR003,MED268,Amlodipine 10mg (LifeSpring Pharma),Cardiovascular,4,133.88,0.1429,30.0,2.698,44.5,4,NORMAL,0,0.0,Stock is within 90 days of recent demand
BR003,MED269,Amlodipine 10mg (Stellar Formulations),Cardiovascular,27,802.98,11.0,2.5,285.204,2.8,320,NORMAL,0,0.0,Stock is within 90 days of recent demand
BR003,MED270,Aspirin 75mg (Aarogya Formulations),Cardiovascular,24,142.08,2.3214,10.3,59.706,12.1,70,NORMAL,0,0.0,Stock is within 90 days of recent demand
BR003,MED272,Aspirin 75mg (BlueCrest Pharma),Cardiovascular,66,436.92,7.4643,9.2,217.975,9.1,216,NORMAL,0,0.0,Stock is within 90 days of recent demand
BR003,MED273,Aspirin 75mg (CureLine Healthcare),Cardiovascular,13,63.83,0.7857,16.2,22.8,17.1,24,NORMAL,0,0.0,Stock is within 90 days of recent demand
BR003,MED275,Aspirin 75mg (NovaMed Laboratories),Cardiovascular,9,53.46,0.1429,67.5,3.673,73.5,4,NORMAL,0,0.0,Stock is within 90 days of recent demand
BR003,MED276,Aspirin 75mg (Stellar Formulations),Cardiovascular,65,430.96,1.6137,40.6,53.604,36.4,48,NORMAL,0,0.0,Stock is within 90 days of recent demand
BR003,MED278,Aspirin 150mg (CarePlus Laboratories),Cardiovascular,13,87.89,1.5357,8.5,38.213,10.2,46,NORMAL,0,0.0,Stock is within 90 days of recent demand
BR003,MED279,Aspirin 150mg (Summit Lifesciences),Cardiovascular,7,54.93,0.1786,42.0,3.989,52.6,5,NORMAL,0,0.0,Stock is within 90 days of recent demand
BR003,MED280,Aspirin 150mg (TrueLife Remedies),Cardiovascular,20,149.36,1.8929,10.9,44.517,13.5,55,NORMAL,0,0.0,Stock is within 90 days of recent demand
BR003,MED282,Atorvastatin 10mg (ApexLife Pharma),Cardiovascular,10,792.14,0.5357,20.0,9.94,30.2,15,NORMAL,0,0.0,Stock is within 90 days of recent demand
BR003,MED283,Atorvastatin 10mg (LifeSpring Pharma),Cardiovascular,28,2016.7,2.0357,14.7,47.408,17.7,57,NORMAL,0,0.0,Stock is within 90 days of recent demand
BR003,MED284,Atorvastatin 10mg (Summit Lifesciences),Cardiovascular,27,2172.9,1.6071,16.9,42.515,19.1,48,NORMAL,0,0.0,Stock is within 90 days of recent demand
BR003,MED285,Atorvastatin 20mg,Cardiovascular,11,1037.2,0.8929,11.4,24.912,13.2,29,NORMAL,0,0.0,Stock is within 90 days of recent demand
BR003,MED286,Atorvastatin 20mg (BlueCrest Pharma),Cardiovascular,24,2076.56,1.0714,24.0,33.032,21.8,30,NORMAL,0,0.0,Stock is within 90 days of recent demand
BR003,MED287,Atorvastatin 20mg (CarePlus Laboratories),Cardiovascular,24,1846.13,0.2857,90.0,9.494,75.8,8,NORMAL,0,0.0,Stock is within 90 days of recent demand
BR003,MED288,Atorvastatin 40mg,Cardiovascular,13,1316.38,1.5357,8.9,32.75,11.9,44,NORMAL,0,0.0,Stock is within 90 days of recent demand
BR003,MED292,Clopidogrel 75mg (Aarogya Formulations),Cardiovascular,25,1750.25,1.5,17.0,40.717,18.4,44,NORMAL,0,0.0,Stock is within 90 days of recent demand
BR003,MED293,Clopidogrel 75mg (BlueCrest Pharma),Cardiovascular,20,1654.03,0.6786,28.6,19.201,31.2,21,NORMAL,0,0.0,Stock is within 90 days of recent demand
BR003,MED296,Clopidogrel 75mg (Stellar Formulations),Cardiovascular,6,453.28,0.4643,13.8,9.612,18.7,13,NORMAL,0,0.0,Stock is within 90 days of recent demand
BR003,MED297,Losartan 50mg (Aarogya Formulations),Cardiovascular,13,1017.57,0.2857,48.8,8.4,46.4,8,NORMAL,0,0.0,Stock is within 90 days of recent demand
BR003,MED298,Losartan 50mg (CarePlus Laboratories),Cardiovascular,9,562.62,0.25,38.6,4.731,57.1,7,NORMAL,0,0.0,Stock is within 90 days of recent demand
BR003,MED299,Losartan 50mg (NovaMed Laboratories),Cardiovascular,122,9044.17,6.1709,19.6,173.233,21.1,187,NORMAL,0,0.0,Stock is within 90 days of recent demand
BR003,MED300,Losartan 25mg,Cardiovascular,11,843.14,0.2143,55.0,5.043,65.4,6,NORMAL,0,0.0,Stock is within 90 days of recent demand
BR003,MED301,Losartan 25mg (CarePlus Laboratories),Cardiovascular,163,12630.28,9.1071,18.2,268.866,18.2,268,NORMAL,0,0.0,Stock is within 90 days of recent demand
BR003,MED302,Losartan 25mg (HealthAxis Pharma),Cardiovascular,0,0.0,1.6071,0.0,35.485,0.0,45,NORMAL,0,0.0,No stock on hand
BR003,MED304,Losartan 25mg (Summit Lifesciences),Cardiovascular,7,536.7,0.1429,52.5,3.643,57.6,4,NORMAL,0,0.0,Stock is within 90 days of recent demand
BR003,MED305,Losartan 25mg (TrueLife Remedies),Cardiovascular,47,3185.19,1.5,31.3,46.976,30.0,45,NORMAL,0,0.0,Stock is within 90 days of recent demand
BR003,MED306,Metoprolol 50mg (Aarogya Formulations),Cardiovascular,13,748.41,1.4643,9.3,31.147,12.5,42,NORMAL,0,0.0,Stock is within 90 days of recent demand
BR003,MED307,Metoprolol 50mg (BlueCrest Pharma),Cardiovascular,58,2651.48,4.3571,13.8,130.209,13.4,126,NORMAL,0,0.0,Stock is within 90 days of recent demand
BR003,MED308,Metoprolol 50mg (CureLine Healthcare),Cardiovascular,20,1011.25,0.3929,54.5,9.154,65.5,11,NORMAL,0,0.0,Stock is within 90 days of recent demand
BR003,MED309,Metoprolol 50mg (NovaMed Laboratories),Cardiovascular,15,826.5,0.25,64.3,6.307,71.3,7,NORMAL,0,0.0,Stock is within 90 days of recent demand
BR003,MED310,Metoprolol 25mg,Cardiovascular,37,2113.52,1.6786,23.6,43.571,25.5,47,NORMAL,0,0.0,Stock is within 90 days of recent demand
BR003,MED311,Metoprolol 25mg (CureLine Healthcare),Cardiovascular,15,1082.98,1.25,12.5,34.464,13.1,36,NORMAL,0,0.0,Stock is within 90 days of recent demand
BR003,MED312,Metoprolol 25mg (HealthAxis Pharma),Cardiovascular,16,866.8,0.5357,32.0,10.588,45.3,15,NORMAL,0,0.0,Stock is within 90 days of recent demand
BR003,MED313,Metoprolol 25mg (LifeSpring Pharma),Cardiovascular,5,257.8,0.3571,15.0,5.032,29.8,10,NORMAL,0,0.0,Stock is within 90 days of recent demand
BR003,MED314,Rosuvastatin 10mg (BlueCrest Pharma),Cardiovascular,30,3658.2,0.9344,45.0,31.042,29.0,20,NORMAL,0,0.0,Stock is within 90 days of recent demand
BR003,MED316,Rosuvastatin 10mg (Summit Lifesciences),Cardiovascular,40,5041.0,1.3571,26.7,42.973,27.9,45,NORMAL,0,0.0,Stock is within 90 days of recent demand
BR003,MED317,Rosuvastatin 5mg,Cardiovascular,16,2584.83,0.6786,25.3,15.37,31.2,19,NORMAL,0,0.0,Stock is within 90 days of recent demand
BR003,MED318,Rosuvastatin 5mg (BlueCrest Pharma),Cardiovascular,12,1970.76,0.1429,90.0,4.804,74.9,4,NORMAL,0,0.0,Stock is within 90 days of recent demand
BR003,MED319,Rosuvastatin 5mg (NovaMed Laboratories),Cardiovascular,19,3298.97,7.1071,2.8,204.65,2.8,207,NORMAL,0,0.0,Stock is within 90 days of recent demand
BR003,MED320,Rosuvastatin 5mg (Stellar Formulations),Cardiovascular,26,3785.34,1.9286,14.4,48.741,16.0,54,NORMAL,0,0.0,Stock is within 90 days of recent demand
BR003,MED321,Rosuvastatin 5mg (VitaCure Remedies),Cardiovascular,9,1388.97,0.1786,54.0,4.934,54.7,5,NORMAL,0,0.0,Stock is within 90 days of recent demand
BR003,MED322,Rosuvastatin 20mg,Cardiovascular,17,2727.65,0.8214,20.4,21.322,23.9,25,NORMAL,0,0.0,Stock is within 90 days of recent demand
BR003,MED323,Rosuvastatin 20mg (NovaMed Laboratories),Cardiovascular,17,2731.39,0.2857,63.8,7.326,69.6,8,NORMAL,0,0.0,Stock is within 90 days of recent demand
BR003,MED324,Rosuvastatin 20mg (Stellar Formulations),Cardiovascular,16,2379.68,1.6071,10.7,40.598,11.8,45,NORMAL,0,0.0,Stock is within 90 days of recent demand
BR003,MED325,Rosuvastatin 20mg (Summit Lifesciences),Cardiovascular,10,1984.69,0.1429,75.0,3.906,76.8,4,NORMAL,0,0.0,Stock is within 90 days of recent demand
BR003,MED326,Rosuvastatin 20mg (VitaCure Remedies),Cardiovascular,44,8484.96,8.5714,5.1,252.931,5.2,260,NORMAL,0,0.0,Stock is within 90 days of recent demand
BR003,MED327,Telmisartan 40mg (Aarogya Formulations),Cardiovascular,145,12155.93,12.75,11.2,314.89,13.8,389,NORMAL,0,0.0,Stock is within 90 days of recent demand
BR003,MED329,Telmisartan 40mg (NovaMed Laboratories),Cardiovascular,66,6658.6,4.5357,15.2,142.192,13.9,130,NORMAL,0,0.0,Stock is within 90 days of recent demand
BR003,MED330,Telmisartan 40mg (Stellar Formulations),Cardiovascular,6,568.5,0.1786,22.5,3.479,51.7,8,NORMAL,0,0.0,Stock is within 90 days of recent demand
BR003,MED332,Telmisartan 20mg,Cardiovascular,15,1690.23,1.3929,9.0,35.119,12.8,50,NORMAL,0,0.0,Stock is within 90 days of recent demand
BR003,MED333,Telmisartan 20mg (HealthAxis Pharma),Cardiovascular,15,1707.31,0.4643,32.1,9.642,46.7,14,NORMAL,0,0.0,Stock is within 90 days of recent demand
BR003,MED334,Telmisartan 20mg (LifeSpring Pharma),Cardiovascular,6,630.96,0.3571,18.0,5.833,30.9,10,NORMAL,0,0.0,Stock is within 90 days of recent demand
BR003,MED335,Telmisartan 20mg (Summit Lifesciences),Cardiovascular,5,542.25,0.3571,15.0,5.21,28.8,10,NORMAL,0,0.0,Stock is within 90 days of recent demand
BR003,MED336,Telmisartan 80mg,Cardiovascular,15,1864.53,0.1071,75.0,4.276,105.2,6,NORMAL,0,0.0,Stock is within 90 days of recent demand
BR003,MED337,Telmisartan 80mg (ApexLife Pharma),Cardiovascular,21,2868.9,0.4286,37.1,13.025,48.4,17,NORMAL,0,0.0,Stock is within 90 days of recent demand
BR003,MED338,Telmisartan 80mg (BlueCrest Pharma),Cardiovascular,26,3193.32,1.4643,17.3,40.545,19.2,45,NORMAL,0,0.0,Stock is within 90 days of recent demand
BR003,MED339,Telmisartan 80mg (CureLine Healthcare),Cardiovascular,15,1861.02,0.4286,37.5,9.256,48.6,12,NORMAL,0,0.0,Stock is within 90 days of recent demand
BR003,MED341,Telmisartan 80mg (Stellar Formulations),Cardiovascular,10,1365.23,0.6071,15.8,15.917,18.8,19,NORMAL,0,0.0,Stock is within 90 days of recent demand
BR003,MED342,Telmisartan 80mg (Summit Lifesciences),Cardiovascular,4,539.68,0.7857,5.5,14.028,8.6,22,NORMAL,0,0.0,Stock is within 90 days of recent demand
BR003,MED343,Telmisartan 80mg (TrueLife Remedies),Cardiovascular,36,4694.68,1.3214,26.3,40.608,26.6,41,NORMAL,0,0.0,Stock is within 90 days of recent demand
BR003,MED344,Gliclazide 80mg (Aarogya Formulations),Antidiabetic,47,2360.79,2.1429,21.7,63.539,22.2,65,NORMAL,0,0.0,Stock is within 90 days of recent demand
BR003,MED345,Gliclazide 80mg (BlueCrest Pharma),Antidiabetic,9,486.87,0.2857,33.8,6.488,41.6,8,NORMAL,0,0.0,Stock is within 90 days of recent demand
BR003,MED346,Gliclazide 80mg (CarePlus Laboratories),Antidiabetic,18,1084.94,0.5357,30.0,17.196,31.4,18,NORMAL,0,0.0,Stock is within 90 days of recent demand
BR003,MED347,Gliclazide 80mg (LifeSpring Pharma),Antidiabetic,13,689.4,0.6071,22.9,15.942,24.5,17,NORMAL,0,0.0,Stock is within 90 days of recent demand
BR003,MED348,Gliclazide 80mg (TrueLife Remedies),Antidiabetic,10,575.2,0.25,30.0,6.231,48.1,10,NORMAL,0,0.0,Stock is within 90 days of recent demand
BR003,MED349,Gliclazide 40mg,Antidiabetic,7,516.46,0.7143,9.1,19.032,11.0,23,NORMAL,0,0.0,Stock is within 90 days of recent demand
BR003,MED350,Gliclazide 40mg (BlueCrest Pharma),Antidiabetic,9,604.11,0.1786,54.0,4.98,54.2,5,NORMAL,0,0.0,Stock is within 90 days of recent demand
BR003,MED351,Gliclazide 40mg (Lumina Pharma),Antidiabetic,16,1146.8,0.5714,30.0,12.175,39.4,16,NORMAL,0,0.0,Stock is within 90 days of recent demand
BR003,MED352,Gliclazide 40mg (NovaMed Laboratories),Antidiabetic,3,170.01,0.3214,10.0,2.785,32.3,9,NORMAL,0,0.0,Stock is within 90 days of recent demand
BR003,MED354,Gliclazide 40mg (Summit Lifesciences),Antidiabetic,8,583.44,4.7143,1.7,129.642,1.9,142,NORMAL,0,0.0,Stock is within 90 days of recent demand
BR003,MED355,Glimepiride 2mg (BlueCrest Pharma),Antidiabetic,10,1093.64,0.1786,60.0,5.321,56.4,5,NORMAL,0,0.0,Stock is within 90 days of recent demand
BR003,MED356,Glimepiride 2mg (CarePlus Laboratories),Antidiabetic,23,2737.25,0.8089,34.5,24.174,28.5,20,NORMAL,0,0.0,Stock is within 90 days of recent demand
BR003,MED357,Glimepiride 2mg (Stellar Formulations),Antidiabetic,40,4413.38,1.1143,36.4,35.419,33.9,33,NORMAL,0,0.0,Stock is within 90 days of recent demand
BR003,MED358,Glimepiride 2mg (VitaCure Remedies),Antidiabetic,23,2731.71,1.0,19.7,29.095,23.7,35,NORMAL,0,0.0,Stock is within 90 days of recent demand
BR003,MED360,Glimepiride 1mg (CarePlus Laboratories),Antidiabetic,17,2398.36,1.9286,9.4,48.612,10.5,54,NORMAL,0,0.0,Stock is within 90 days of recent demand
BR003,MED361,Glimepiride 1mg (CureLine Healthcare),Antidiabetic,20,2504.88,1.2143,15.4,33.521,17.9,39,NORMAL,0,0.0,Stock is within 90 days of recent demand
BR003,MED362,Glimepiride 1mg (HealthAxis Pharma),Antidiabetic,4,563.76,0.8929,4.8,19.83,6.1,25,NORMAL,0,0.0,Stock is within 90 days of recent demand
BR003,MED363,Glimepiride 1mg (Summit Lifesciences),Antidiabetic,21,2493.5,0.4643,37.1,10.736,58.7,17,NORMAL,0,0.0,Stock is within 90 days of recent demand
BR003,MED364,Glimepiride 1mg (TrueLife Remedies),Antidiabetic,28,3347.4,0.8709,33.6,27.912,30.1,25,NORMAL,0,0.0,Stock is within 90 days of recent demand
BR003,MED366,Glimepiride 3mg (ApexLife Pharma),Antidiabetic,29,4788.93,1.3929,18.9,40.125,21.7,46,NORMAL,0,0.0,Stock is within 90 days of recent demand
BR003,MED367,Glimepiride 3mg (CureLine Healthcare),Antidiabetic,19,3211.18,0.5714,33.5,14.518,39.3,17,NORMAL,0,0.0,Stock is within 90 days of recent demand
BR003,MED369,Glimepiride 3mg (Stellar Formulations),Antidiabetic,10,1373.75,0.4286,25.0,11.229,26.7,12,NORMAL,0,0.0,Stock is within 90 days of recent demand
BR003,MED370,Glimepiride 3mg (Summit Lifesciences),Antidiabetic,3,390.48,0.3571,9.0,4.681,19.2,10,NORMAL,0,0.0,Stock is within 90 days of recent demand
BR003,MED373,Glimepiride + Metformin 2mg/500mg (Aarogya Formulations),Antidiabetic,8,889.2,0.1429,60.0,4.445,54.0,4,NORMAL,0,0.0,Stock is within 90 days of recent demand
BR003,MED374,Glimepiride + Metformin 2mg/500mg (Stellar Formulations),Antidiabetic,9,851.06,1.0,7.7,20.741,13.0,35,NORMAL,0,0.0,Stock is within 90 days of recent demand
BR003,MED376,Glimepiride + Metformin 1mg/500mg,Antidiabetic,18,2593.92,0.3929,49.1,12.657,42.7,11,NORMAL,0,0.0,Stock is within 90 days of recent demand
BR003,MED377,Glimepiride + Metformin 1mg/500mg (CarePlus Laboratories),Antidiabetic,18,2226.66,0.5357,33.8,10.736,50.3,16,NORMAL,0,0.0,Stock is within 90 days of recent demand
BR003,MED378,Glimepiride + Metformin 1mg/500mg (Stellar Formulations),Antidiabetic,9,1308.96,0.6429,15.0,14.969,18.0,18,NORMAL,0,0.0,Stock is within 90 days of recent demand
BR003,MED379,Glimepiride + Metformin 1mg/500mg (Summit Lifesciences),Antidiabetic,9,1316.26,0.2857,33.8,6.362,42.4,8,NORMAL,0,0.0,Stock is within 90 days of recent demand
BR003,MED380,Glimepiride + Metformin 1mg/500mg (VitaCure Remedies),Antidiabetic,35,4888.8,2.7857,13.0,76.518,13.7,81,NORMAL,0,0.0,Stock is within 90 days of recent demand
BR003,MED381,Glimepiride + Metformin 1mg/500mg (Zenith BioPharma),Antidiabetic,81,10613.43,9.2143,9.0,249.798,9.7,271,NORMAL,0,0.0,Stock is within 90 days of recent demand
BR003,MED382,Metformin 500mg (CureLine Healthcare),Antidiabetic,9,228.12,0.5357,15.0,10.436,25.9,18,NORMAL,0,0.0,Stock is within 90 days of recent demand
BR003,MED383,Metformin 500mg (Stellar Formulations),Antidiabetic,65,1742.35,7.0357,9.4,207.816,9.4,208,NORMAL,0,0.0,Stock is within 90 days of recent demand
BR003,MED384,Metformin 500mg (TrueLife Remedies),Antidiabetic,5,116.52,0.2857,18.8,5.807,25.8,8,NORMAL,0,0.0,Stock is within 90 days of recent demand
BR003,MED385,Metformin 850mg,Antidiabetic,99,2916.41,9.9286,10.1,281.568,10.5,294,NORMAL,0,0.0,Stock is within 90 days of recent demand
BR003,MED386,Metformin 850mg (CureLine Healthcare),Antidiabetic,4,118.13,0.6786,5.5,15.374,7.8,22,NORMAL,0,0.0,Stock is within 90 days of recent demand
BR003,MED387,Metformin 850mg (Stellar Formulations),Antidiabetic,8,242.72,0.2857,30.0,5.933,40.5,8,NORMAL,0,0.0,Stock is within 90 days of recent demand
BR003,MED388,Metformin 850mg (VitaCure Remedies),Antidiabetic,7,212.34,0.1429,52.5,3.511,59.8,4,NORMAL,0,0.0,Stock is within 90 days of recent demand
BR003,MED389,Metformin 1000mg,Antidiabetic,18,563.16,0.3571,54.0,9.893,54.6,10,NORMAL,0,0.0,Stock is within 90 days of recent demand
BR003,MED390,Metformin 1000mg (BlueCrest Pharma),Antidiabetic,13,441.52,0.3929,35.5,8.27,47.2,11,NORMAL,0,0.0,Stock is within 90 days of recent demand
BR003,MED391,Metformin 1000mg (HealthAxis Pharma),Antidiabetic,3,82.74,1.0,2.9,22.506,4.0,31,NORMAL,0,0.0,Stock is within 90 days of recent demand
BR003,MED392,Metformin 1000mg (LifeSpring Pharma),Antidiabetic,19,736.1,4.0,4.6,110.427,5.2,124,NORMAL,0,0.0,Stock is within 90 days of recent demand
BR003,MED393,Metformin 1000mg (TrueLife Remedies),Antidiabetic,13,421.94,0.4286,32.5,10.246,38.1,12,NORMAL,0,0.0,Stock is within 90 days of recent demand
BR003,MED395,Sitagliptin 100mg (CarePlus Laboratories),Antidiabetic,49,14194.37,1.8214,28.8,53.814,27.3,51,NORMAL,0,0.0,Stock is within 90 days of recent demand
BR003,MED396,Sitagliptin 100mg (HealthAxis Pharma),Antidiabetic,175,48891.5,8.7544,19.7,267.12,19.7,267,NORMAL,0,0.0,Stock is within 90 days of recent demand
BR003,MED397,Sitagliptin 50mg,Antidiabetic,9,3490.91,1.25,7.5,30.135,9.0,36,NORMAL,0,0.0,Stock is within 90 days of recent demand
BR003,MED398,Sitagliptin 50mg (ApexLife Pharma),Antidiabetic,9,3117.76,0.6429,15.0,16.643,16.2,18,NORMAL,0,0.0,Stock is within 90 days of recent demand
BR003,MED399,Sitagliptin 50mg (BlueCrest Pharma),Antidiabetic,30,10368.06,2.1786,11.8,56.757,15.9,76,NORMAL,0,0.0,Stock is within 90 days of recent demand
BR003,MED400,Sitagliptin 50mg (Crestview Pharma),Antidiabetic,7,2756.06,0.4286,17.5,7.846,26.8,12,NORMAL,0,0.0,Stock is within 90 days of recent demand
BR003,MED402,Sitagliptin 50mg (NovaMed Laboratories),Antidiabetic,4,1316.96,1.7857,2.3,34.41,3.5,52,NORMAL,0,0.0,Stock is within 90 days of recent demand
BR003,MED403,Sitagliptin 50mg (Stellar Formulations),Antidiabetic,9,3208.86,0.2857,22.5,6.718,40.2,12,NORMAL,0,0.0,Stock is within 90 days of recent demand
BR003,MED404,Sitagliptin 50mg (Summit Lifesciences),Antidiabetic,10,3302.7,0.25,42.9,5.446,55.1,7,NORMAL,0,0.0,Stock is within 90 days of recent demand
BR003,MED405,Sitagliptin 50mg (TrueLife Remedies),Antidiabetic,4,1384.88,0.3929,10.9,5.912,20.3,11,NORMAL,0,0.0,Stock is within 90 days of recent demand
BR003,MED406,Ambroxol + Levosalbutamol Syrup 100ml (Aarogya Formulations),Respiratory,15,1162.81,0.25,56.2,8.699,51.7,8,NORMAL,0,0.0,Stock is within 90 days of recent demand
BR003,MED407,Ambroxol + Levosalbutamol Syrup 100ml (NovaMed Laboratories),Respiratory,15,1369.0,1.0714,14.5,27.54,16.3,31,NORMAL,0,0.0,Stock is within 90 days of recent demand
BR003,MED408,Ambroxol + Levosalbutamol Syrup 100ml (Summit Lifesciences),Respiratory,5,403.65,0.2857,18.8,5.65,26.5,8,NORMAL,0,0.0,Stock is within 90 days of recent demand
BR003,MED409,Ambroxol + Levosalbutamol Syrup 100ml (VitaCure Remedies),Respiratory,9,743.37,0.1429,67.5,4.554,59.3,4,NORMAL,0,0.0,Stock is within 90 days of recent demand
BR003,MED410,Ambroxol + Levosalbutamol Syrup 60ml,Respiratory,15,1580.35,0.2857,56.2,6.709,67.1,8,NORMAL,0,0.0,Stock is within 90 days of recent demand
BR003,MED411,Ambroxol + Levosalbutamol Syrup 60ml (NovaMed Laboratories),Respiratory,5,529.0,1.3571,3.4,33.335,4.5,44,NORMAL,0,0.0,Stock is within 90 days of recent demand
BR003,MED412,Budesonide Inhaler 200mcg (ApexLife Pharma),Respiratory,14,3134.2,0.25,46.7,6.933,60.6,9,NORMAL,0,0.0,Stock is within 90 days of recent demand
BR003,MED413,Budesonide Inhaler 200mcg (BlueCrest Pharma),Respiratory,8,1901.52,0.1786,48.0,5.072,47.3,5,NORMAL,0,0.0,Stock is within 90 days of recent demand
BR003,MED415,Budesonide Inhaler 100mcg,Respiratory,7,1757.14,0.3929,17.5,11.018,19.1,12,NORMAL,0,0.0,Stock is within 90 days of recent demand
BR003,MED416,Dextromethorphan Syrup 100ml (HealthAxis Pharma),Respiratory,36,2578.07,1.2857,29.2,39.595,27.3,37,NORMAL,0,0.0,Stock is within 90 days of recent demand
BR003,MED417,Dextromethorphan Syrup 100ml (LifeSpring Pharma),Respiratory,12,837.0,0.1429,72.0,4.195,85.8,5,NORMAL,0,0.0,Stock is within 90 days of recent demand
BR003,MED419,Dextromethorphan Syrup 100ml (TrueLife Remedies),Respiratory,9,662.88,0.1071,90.0,2.927,92.2,3,NORMAL,0,0.0,Stock is within 90 days of recent demand
BR003,MED420,Montelukast 10mg (CureLine Healthcare),Respiratory,14,2261.1,0.7857,19.1,24.548,17.1,22,NORMAL,0,0.0,Stock is within 90 days of recent demand
BR003,MED421,Montelukast 10mg (LifeSpring Pharma),Respiratory,5,692.85,0.4286,11.5,7.385,20.3,13,NORMAL,0,0.0,Stock is within 90 days of recent demand
BR003,MED424,Montelukast 10mg (TrueLife Remedies),Respiratory,9,1287.24,0.2143,45.0,5.515,49.0,6,NORMAL,0,0.0,Stock is within 90 days of recent demand
BR003,MED425,Montelukast 5mg,Respiratory,12,1935.11,0.3929,32.7,10.34,34.8,11,NORMAL,0,0.0,Stock is within 90 days of recent demand
BR003,MED427,Montelukast 5mg (NovaMed Laboratories),Respiratory,4,654.32,0.2143,15.0,3.279,36.6,8,NORMAL,0,0.0,Stock is within 90 days of recent demand
BR003,MED429,Montelukast 5mg (TrueLife Remedies),Respiratory,21,3822.87,0.5793,42.0,18.045,34.9,15,NORMAL,0,0.0,Stock is within 90 days of recent demand
BR003,MED430,Salbutamol Inhaler 100mcg (Aarogya Formulations),Respiratory,5,626.6,0.1071,50.0,2.425,61.9,3,NORMAL,0,0.0,Stock is within 90 days of recent demand
BR003,MED431,Salbutamol Inhaler 100mcg (ApexLife Pharma),Respiratory,3,403.76,0.9286,3.2,23.562,3.8,28,NORMAL,0,0.0,Stock is within 90 days of recent demand
BR003,MED432,Salbutamol Inhaler 100mcg (Stellar Formulations),Respiratory,56,6188.83,2.7951,21.0,88.445,19.0,80,NORMAL,0,0.0,Stock is within 90 days of recent demand
BR003,MED435,Salbutamol Inhaler 100mcg (VitaCure Remedies),Respiratory,14,1682.5,0.3929,35.0,11.489,36.6,12,NORMAL,0,0.0,Stock is within 90 days of recent demand
BR003,MED436,Salbutamol Inhaler 200mcg,Respiratory,12,2089.1,0.4286,27.7,12.447,28.9,13,NORMAL,0,0.0,Stock is within 90 days of recent demand
BR003,MED437,Salbutamol Inhaler 200mcg (BlueCrest Pharma),Respiratory,9,1139.61,0.0771,67.5,2.519,107.2,4,NORMAL,0,0.0,Stock is within 90 days of recent demand
BR003,MED439,Salbutamol Inhaler 200mcg (HealthAxis Pharma),Respiratory,7,997.43,0.4286,17.5,9.296,22.6,12,NORMAL,0,0.0,Stock is within 90 days of recent demand
BR003,MED440,Salbutamol Inhaler 200mcg (Stellar Formulations),Respiratory,18,2401.85,0.1786,90.0,6.317,85.5,6,NORMAL,0,0.0,Stock is within 90 days of recent demand
BR003,MED443,Calcium + Vitamin D3 500mg/250IU (ApexLife Pharma),Vitamins,16,1543.83,1.3214,13.0,35.602,13.5,37,NORMAL,0,0.0,Stock is within 90 days of recent demand
BR003,MED444,Calcium + Vitamin D3 500mg/250IU (CureLine Healthcare),Vitamins,16,1488.71,0.9286,16.6,27.648,17.4,29,NORMAL,0,0.0,Stock is within 90 days of recent demand
BR003,MED445,Calcium + Vitamin D3 500mg/250IU (HealthAxis Pharma),Vitamins,16,1588.88,1.25,13.3,33.372,14.4,36,NORMAL,0,0.0,Stock is within 90 days of recent demand
BR003,MED446,Calcium + Vitamin D3 500mg/250IU (LifeSpring Pharma),Vitamins,27,2230.8,1.3571,20.8,39.248,20.6,39,NORMAL,0,0.0,Stock is within 90 days of recent demand
BR003,MED447,Calcium + Vitamin D3 500mg/250IU (Summit Lifesciences),Vitamins,15,1223.08,0.6786,23.7,21.008,21.4,19,NORMAL,0,0.0,Stock is within 90 days of recent demand
BR003,MED448,Calcium + Vitamin D3 500mg/250IU (TrueLife Remedies),Vitamins,48,4225.32,1.3304,37.9,41.783,34.5,38,NORMAL,0,0.0,Stock is within 90 days of recent demand
BR003,MED450,Iron + Folic Acid 100mg/500mcg (CarePlus Laboratories),Vitamins,11,729.43,0.2143,55.0,5.503,60.0,6,NORMAL,0,0.0,Stock is within 90 days of recent demand
BR003,MED452,Iron + Folic Acid 100mg/500mcg (HealthAxis Pharma),Vitamins,10,723.17,0.3571,30.0,9.936,30.2,10,NORMAL,0,0.0,Stock is within 90 days of recent demand
BR003,MED453,Iron + Folic Acid 100mg/500mcg (LifeSpring Pharma),Vitamins,11,737.17,0.1429,66.0,4.87,67.8,5,NORMAL,0,0.0,Stock is within 90 days of recent demand
BR003,MED454,Iron + Folic Acid 100mg/500mcg (Stellar Formulations),Vitamins,21,1286.67,3.3929,6.1,95.994,6.6,104,NORMAL,0,0.0,Stock is within 90 days of recent demand
BR003,MED455,Iron + Folic Acid 100mg/500mcg (Summit Lifesciences),Vitamins,17,1048.53,0.2143,85.0,6.146,83.0,6,NORMAL,0,0.0,Stock is within 90 days of recent demand
BR003,MED456,Iron + Folic Acid 100mg/500mcg (VitaCure Remedies),Vitamins,9,552.72,0.5357,18.0,9.376,28.8,15,NORMAL,0,0.0,Stock is within 90 days of recent demand
BR003,MED458,Multivitamin B-complex+C (HealthAxis Pharma),Vitamins,7,208.6,0.2857,26.2,5.306,39.6,8,NORMAL,0,0.0,Stock is within 90 days of recent demand
BR003,MED459,Multivitamin B-complex+C (Summit Lifesciences),Vitamins,66,2180.64,5.6786,11.8,162.298,12.2,168,NORMAL,0,0.0,Stock is within 90 days of recent demand
BR003,MED460,Multivitamin B-complex+C (TrueLife Remedies),Vitamins,17,620.35,1.5,11.9,37.085,13.8,43,NORMAL,0,0.0,Stock is within 90 days of recent demand
BR003,MED461,Vitamin C Chewable 500mg (Aarogya Formulations),Vitamins,52,1074.97,2.7143,19.5,83.464,18.7,80,NORMAL,0,0.0,Stock is within 90 days of recent demand
BR003,MED462,Vitamin C Chewable 500mg (ApexLife Pharma),Vitamins,16,349.42,0.4643,34.3,15.216,31.5,14,NORMAL,0,0.0,Stock is within 90 days of recent demand
BR003,MED463,Vitamin C Chewable 500mg (HealthAxis Pharma),Vitamins,5,93.25,0.8929,5.8,22.687,6.6,26,NORMAL,0,0.0,Stock is within 90 days of recent demand
BR003,MED464,Vitamin C Chewable 500mg (TrueLife Remedies),Vitamins,8,163.16,0.3571,21.8,8.518,28.2,11,NORMAL,0,0.0,Stock is within 90 days of recent demand
BR003,MED465,Vitamin C Chewable 1000mg,Vitamins,12,323.85,1.1429,10.9,31.079,11.6,33,NORMAL,0,0.0,Stock is within 90 days of recent demand
BR003,MED466,Vitamin C Chewable 1000mg (ApexLife Pharma),Vitamins,19,467.07,4.8929,4.0,143.324,4.0,142,NORMAL,0,0.0,Stock is within 90 days of recent demand
BR003,MED467,Vitamin C Chewable 1000mg (BlueCrest Pharma),Vitamins,17,477.85,0.3929,30.0,12.354,41.3,17,NORMAL,0,0.0,Stock is within 90 days of recent demand
BR003,MED468,Vitamin C Chewable 1000mg (CarePlus Laboratories),Vitamins,29,650.27,1.3929,20.7,39.785,21.9,42,NORMAL,0,0.0,Stock is within 90 days of recent demand
BR003,MED469,Vitamin C Chewable 1000mg (CureLine Healthcare),Vitamins,16,451.4,0.4643,36.9,12.271,39.1,13,NORMAL,0,0.0,Stock is within 90 days of recent demand
BR003,MED470,Vitamin C Chewable 1000mg (NovaMed Laboratories),Vitamins,9,252.25,0.8929,9.6,24.189,11.2,28,NORMAL,0,0.0,Stock is within 90 days of recent demand
BR003,MED471,Vitamin C Chewable 1000mg (Summit Lifesciences),Vitamins,18,377.04,0.7009,30.0,22.524,24.0,18,NORMAL,0,0.0,Stock is within 90 days of recent demand
BR003,MED473,Vitamin C Chewable 1000mg (VitaCure Remedies),Vitamins,14,312.81,0.9286,16.2,26.975,15.6,26,NORMAL,0,0.0,Stock is within 90 days of recent demand
BR003,MED475,Vitamin D3 60000IU (VitaCure Remedies),Vitamins,18,1848.58,0.4286,45.0,12.759,42.3,12,NORMAL,0,0.0,Stock is within 90 days of recent demand
BR003,MED476,Vitamin D3 1000IU,Vitamins,16,1860.59,0.75,22.9,20.181,23.8,21,NORMAL,0,0.0,Stock is within 90 days of recent demand
BR003,MED477,Vitamin D3 1000IU (Summit Lifesciences),Vitamins,9,1305.18,0.3571,27.0,8.016,33.7,10,NORMAL,0,0.0,Stock is within 90 days of recent demand
BR003,MED479,Calamine Lotion 100ml (LifeSpring Pharma),Dermatological,5,263.96,0.2143,25.0,4.284,35.0,6,NORMAL,0,0.0,Stock is within 90 days of recent demand
BR003,MED480,Calamine Lotion 100ml (Stellar Formulations),Dermatological,5,265.04,0.4286,11.5,9.521,15.8,13,NORMAL,0,0.0,Stock is within 90 days of recent demand
BR003,MED482,Clotrimazole Cream 1% (ApexLife Pharma),Dermatological,11,749.66,0.1786,55.0,3.843,85.9,6,NORMAL,0,0.0,Stock is within 90 days of recent demand
BR003,MED483,Clotrimazole Cream 1% (CureLine Healthcare),Dermatological,4,224.98,0.6071,6.7,13.744,8.7,18,NORMAL,0,0.0,Stock is within 90 days of recent demand
BR003,MED484,Clotrimazole Cream 2%,Dermatological,4,292.94,0.2143,20.0,4.563,26.3,6,NORMAL,0,0.0,Stock is within 90 days of recent demand
BR003,MED486,Clotrimazole Cream 2% (TrueLife Remedies),Dermatological,5,340.1,0.1071,50.0,2.466,60.8,3,NORMAL,0,0.0,Stock is within 90 days of recent demand
BR003,MED488,Fusidic Acid Cream 2% (BlueCrest Pharma),Dermatological,5,517.6,0.0714,50.0,1.965,76.3,3,NORMAL,0,0.0,Stock is within 90 days of recent demand
BR003,MED489,Fusidic Acid Cream 2% (VitaCure Remedies),Dermatological,11,1169.31,0.1786,66.0,3.973,83.1,5,NORMAL,0,0.0,Stock is within 90 days of recent demand
BR003,MED490,Hydrocortisone Cream 1% (CarePlus Laboratories),Dermatological,5,230.83,0.4286,11.5,9.775,15.3,13,NORMAL,0,0.0,Stock is within 90 days of recent demand
BR003,MED491,Hydrocortisone Cream 1% (CureLine Healthcare),Dermatological,10,522.57,0.5714,18.8,13.679,21.9,16,NORMAL,0,0.0,Stock is within 90 days of recent demand
BR003,MED492,Hydrocortisone Cream 1% (Summit Lifesciences),Dermatological,11,473.55,0.1786,66.0,4.22,78.2,5,NORMAL,0,0.0,Stock is within 90 days of recent demand
BR003,MED493,Ketoconazole Shampoo 2% (Aarogya Formulations),Dermatological,6,937.92,0.2143,30.0,3.755,47.9,6,NORMAL,0,0.0,Stock is within 90 days of recent demand
BR003,MED494,Ketoconazole Shampoo 2% (LifeSpring Pharma),Dermatological,7,1088.74,0.2857,23.3,4.957,42.4,9,NORMAL,0,0.0,Stock is within 90 days of recent demand
BR003,MED495,Ketoconazole Shampoo 2% (VitaCure Remedies),Dermatological,11,1670.88,0.1071,82.5,3.102,106.4,4,NORMAL,0,0.0,Stock is within 90 days of recent demand
BR003,MED497,Mupirocin Ointment 2% (CarePlus Laboratories),Dermatological,12,1121.94,0.4286,30.0,11.644,30.9,12,NORMAL,0,0.0,Stock is within 90 days of recent demand
BR003,MED499,Mupirocin Ointment 2% (Summit Lifesciences),Dermatological,16,1432.43,0.2857,60.0,7.199,66.7,8,NORMAL,0,0.0,Stock is within 90 days of recent demand
BR003,MED500,Mupirocin Ointment 2% (VitaCure Remedies),Dermatological,7,721.15,0.1071,70.0,2.729,77.0,3,NORMAL,0,0.0,Stock is within 90 days of recent demand
BR004,MED001,Paracetamol 500mg,Analgesics,70,1318.63,3.4094,20.4,104.162,20.2,103,NORMAL,0,0.0,Stock is within 90 days of recent demand
BR004,MED002,Diclofenac 50mg,Analgesics,16,481.55,0.4131,48.0,14.669,32.7,10,NORMAL,0,0.0,Stock is within 90 days of recent demand
BR004,MED003,Amoxicillin 500mg,Antibiotics,12,800.26,0.3571,32.7,9.548,37.7,11,NORMAL,0,0.0,Stock is within 90 days of recent demand
BR004,MED004,Azithromycin 500mg,Antibiotics,5,414.25,0.2857,16.7,4.5,33.3,9,NORMAL,0,0.0,Stock is within 90 days of recent demand
BR004,MED005,Paracetamol 650mg,Antipyretics,0,0.0,3.4643,0.0,88.848,0.0,106,NORMAL,0,0.0,No stock on hand
BR004,MED007,Cetirizine 10mg,Antihistamines,76,1213.72,3.5703,23.8,109.474,20.8,96,NORMAL,0,0.0,Stock is within 90 days of recent demand
BR004,MED009,Pantoprazole 40mg,Gastrointestinal,36,2181.96,3.0357,11.6,84.38,12.8,93,NORMAL,0,0.0,Stock is within 90 days of recent demand
BR004,MED011,Amlodipine 5mg,Cardiovascular,137,4016.61,7.2277,19.3,208.213,19.7,213,NORMAL,0,0.0,Stock is within 90 days of recent demand
BR004,MED012,Atorvastatin 10mg,Cardiovascular,128,9908.37,4.0613,32.3,131.915,29.1,119,NORMAL,0,0.0,Stock is within 90 days of recent demand
BR004,MED013,Metformin 500mg,Antidiabetic,42,897.12,3.0357,14.5,85.36,14.8,87,NORMAL,0,0.0,Stock is within 90 days of recent demand
BR004,MED014,Glimepiride 2mg,Antidiabetic,34,3599.72,1.9643,17.0,50.656,20.1,60,NORMAL,0,0.0,Stock is within 90 days of recent demand
BR004,MED015,Ambroxol + Levosalbutamol Syrup 100ml,Respiratory,11,935.22,1.6786,7.0,47.893,6.9,47,NORMAL,0,0.0,Stock is within 90 days of recent demand
BR004,MED017,Vitamin C Chewable 500mg,Vitamins,46,990.9,1.7857,25.6,51.75,26.7,54,NORMAL,0,0.0,Stock is within 90 days of recent demand
BR004,MED018,Vitamin D3 60000IU,Vitamins,5,526.45,0.3571,15.0,8.016,18.7,10,NORMAL,0,0.0,Stock is within 90 days of recent demand
BR004,MED019,Clotrimazole Cream 1%,Dermatological,6,333.48,0.8214,7.5,18.254,9.9,24,NORMAL,0,0.0,Stock is within 90 days of recent demand
BR004,MED020,Mupirocin Ointment 2%,Dermatological,12,1350.88,0.3214,32.7,6.847,52.6,11,NORMAL,0,0.0,Stock is within 90 days of recent demand
BR004,MED021,Ibuprofen 400mg,Analgesics,12,305.52,0.3929,32.7,10.382,34.7,11,NORMAL,0,0.0,Stock is within 90 days of recent demand
BR004,MED022,Aceclofenac + Paracetamol 100mg/325mg,Analgesics,10,527.07,0.5,18.8,15.605,19.2,16,NORMAL,0,0.0,Stock is within 90 days of recent demand
BR004,MED023,Naproxen 250mg,Analgesics,8,459.63,0.1429,60.0,4.418,54.3,4,NORMAL,0,0.0,Stock is within 90 days of recent demand
BR004,MED024,Cefixime 200mg,Antibiotics,6,519.48,0.9286,6.4,21.11,8.5,28,NORMAL,0,0.0,Stock is within 90 days of recent demand
BR004,MED025,Ciprofloxacin 500mg,Antibiotics,4,167.4,0.3929,8.0,9.914,12.1,15,NORMAL,0,0.0,Stock is within 90 days of recent demand
BR004,MED027,Amoxicillin + Clavulanic Acid 625mg,Antibiotics,14,2273.89,0.6786,21.0,18.547,22.6,20,NORMAL,0,0.0,Stock is within 90 days of recent demand
BR004,MED030,Levocetirizine 5mg,Antihistamines,13,615.42,0.3929,35.5,8.964,43.5,11,NORMAL,0,0.0,Stock is within 90 days of recent demand
BR004,MED031,Montelukast + Levocetirizine 10mg/5mg,Antihistamines,13,1755.69,1.8571,7.4,54.488,7.2,53,NORMAL,0,0.0,Stock is within 90 days of recent demand
BR004,MED032,Chlorpheniramine 4mg,Antihistamines,9,85.14,0.1786,54.0,5.346,50.5,5,NORMAL,0,0.0,Stock is within 90 days of recent demand
BR004,MED033,Omeprazole 20mg,Gastrointestinal,25,1064.47,4.6786,5.1,130.501,5.7,148,NORMAL,0,0.0,Stock is within 90 days of recent demand
BR004,MED034,Domperidone 10mg,Gastrointestinal,66,2590.5,2.4269,26.8,74.933,26.4,74,NORMAL,0,0.0,Stock is within 90 days of recent demand
BR004,MED035,ORS Powder 21.8g,Gastrointestinal,5,80.65,1.0,5.0,20.572,7.3,30,NORMAL,0,0.0,Stock is within 90 days of recent demand
BR004,MED037,Telmisartan 40mg,Cardiovascular,167,16963.66,8.3571,20.4,261.013,19.2,246,NORMAL,0,0.0,Stock is within 90 days of recent demand
BR004,MED038,Losartan 50mg,Cardiovascular,14,832.02,0.3214,38.2,7.719,54.4,11,NORMAL,0,0.0,Stock is within 90 days of recent demand
BR004,MED039,Metoprolol 50mg,Cardiovascular,27,1337.69,0.9377,27.9,32.798,24.7,29,NORMAL,0,0.0,Stock is within 90 days of recent demand
BR004,MED040,Rosuvastatin 10mg,Cardiovascular,14,1854.8,1.3571,11.1,34.771,12.1,38,NORMAL,0,0.0,Stock is within 90 days of recent demand
BR004,MED042,Aspirin 75mg,Cardiovascular,8,48.08,1.9286,4.4,46.104,5.2,54,NORMAL,0,0.0,Stock is within 90 days of recent demand
BR004,MED043,Glimepiride + Metformin 2mg/500mg,Antidiabetic,56,6260.5,4.0357,14.2,117.594,14.3,118,NORMAL,0,0.0,Stock is within 90 days of recent demand
BR004,MED044,Sitagliptin 100mg,Antidiabetic,14,3960.14,0.3929,38.2,10.082,41.7,11,NORMAL,0,0.0,Stock is within 90 days of recent demand
BR004,MED046,Montelukast 10mg,Respiratory,25,3801.75,1.0,23.4,30.11,24.9,32,NORMAL,0,0.0,Stock is within 90 days of recent demand
BR004,MED048,Dextromethorphan Syrup 100ml,Respiratory,17,1293.04,1.3571,13.4,35.402,14.4,38,NORMAL,0,0.0,Stock is within 90 days of recent demand
BR004,MED049,Multivitamin B-complex+C,Vitamins,25,811.61,1.4643,17.9,38.825,19.3,42,NORMAL,0,0.0,Stock is within 90 days of recent demand
BR004,MED050,Calcium + Vitamin D3 500mg/250IU,Vitamins,4,359.24,0.25,17.1,5.392,22.3,7,NORMAL,0,0.0,Stock is within 90 days of recent demand
BR004,MED051,Iron + Folic Acid 100mg/500mcg,Vitamins,8,491.03,0.1429,60.0,5.052,47.5,4,NORMAL,0,0.0,Stock is within 90 days of recent demand
BR004,MED053,Fusidic Acid Cream 2%,Dermatological,9,1179.87,0.1111,90.0,3.654,73.9,3,NORMAL,0,0.0,Stock is within 90 days of recent demand
BR004,MED054,Calamine Lotion 100ml,Dermatological,5,234.2,0.1429,37.5,3.074,48.8,4,NORMAL,0,0.0,Stock is within 90 days of recent demand
BR004,MED055,Ketoconazole Shampoo 2%,Dermatological,6,880.38,0.3214,20.0,5.63,32.0,9,NORMAL,0,0.0,Stock is within 90 days of recent demand
BR004,MED058,Aceclofenac + Paracetamol 100mg/325mg (VitaCure Remedies),Analgesics,5,303.65,0.6071,8.8,15.03,10.0,17,NORMAL,0,0.0,Stock is within 90 days of recent demand
BR004,MED059,Diclofenac 50mg (Aarogya Formulations),Analgesics,5,160.7,0.2143,25.0,4.661,32.2,6,NORMAL,0,0.0,Stock is within 90 days of recent demand
BR004,MED060,Diclofenac 50mg (CarePlus Laboratories),Analgesics,30,1037.8,0.9643,31.0,33.156,27.1,29,NORMAL,0,0.0,Stock is within 90 days of recent demand
BR004,MED061,Diclofenac 50mg (Stellar Formulations),Analgesics,3,83.25,0.2857,11.2,8.36,10.8,8,NORMAL,0,0.0,Stock is within 90 days of recent demand
BR004,MED062,Diclofenac 50mg (TrueLife Remedies),Analgesics,4,141.96,0.3214,13.3,4.515,26.6,9,NORMAL,0,0.0,Stock is within 90 days of recent demand
BR004,MED063,Diclofenac 50mg (VitaCure Remedies),Analgesics,9,270.72,0.5714,14.2,16.484,16.4,19,NORMAL,0,0.0,Stock is within 90 days of recent demand
BR004,MED064,Diclofenac 100mg,Analgesics,9,299.43,0.4286,22.5,14.08,19.2,12,NORMAL,0,0.0,Stock is within 90 days of recent demand
BR004,MED065,Diclofenac 100mg (CureLine Healthcare),Analgesics,12,452.37,0.2143,60.0,7.217,49.9,6,NORMAL,0,0.0,Stock is within 90 days of recent demand
BR004,MED067,Ibuprofen 400mg (Aarogya Formulations),Analgesics,4,102.4,0.0714,60.0,1.973,60.8,2,NORMAL,0,0.0,Stock is within 90 days of recent demand
BR004,MED068,Ibuprofen 400mg (CureLine Healthcare),Analgesics,8,179.72,0.1786,48.0,3.449,69.6,5,NORMAL,0,0.0,Stock is within 90 days of recent demand
BR004,MED069,Ibuprofen 400mg (HealthAxis Pharma),Analgesics,0,0.0,0.9643,0.0,22.274,0.0,28,NORMAL,0,0.0,No stock on hand
BR004,MED070,Ibuprofen 400mg (NovaMed Laboratories),Analgesics,19,486.83,0.8571,21.9,25.707,22.2,26,NORMAL,0,0.0,Stock is within 90 days of recent demand
BR004,MED071,Ibuprofen 400mg (Stellar Formulations),Analgesics,17,401.54,0.2857,63.8,7.794,65.4,8,NORMAL,0,0.0,Stock is within 90 days of recent demand
BR004,MED072,Ibuprofen 400mg (VitaCure Remedies),Analgesics,10,224.1,0.1786,60.0,3.787,79.2,5,NORMAL,0,0.0,Stock is within 90 days of recent demand
BR004,MED073,Ibuprofen 200mg,Analgesics,19,515.28,0.7857,24.8,25.198,22.6,23,NORMAL,0,0.0,Stock is within 90 days of recent demand
BR004,MED074,Ibuprofen 200mg (LifeSpring Pharma),Analgesics,4,125.39,0.1071,40.0,2.122,56.6,3,NORMAL,0,0.0,Stock is within 90 days of recent demand
BR004,MED075,Ibuprofen 200mg (Summit Lifesciences),Analgesics,13,359.88,0.5749,24.4,19.212,20.3,16,NORMAL,0,0.0,Stock is within 90 days of recent demand
BR004,MED076,Ibuprofen 200mg (TrueLife Remedies),Analgesics,20,547.7,0.6417,46.2,18.999,31.6,13,NORMAL,0,0.0,Stock is within 90 days of recent demand
BR004,MED077,Ibuprofen 200mg (VitaCure Remedies),Analgesics,14,446.67,0.25,60.0,6.83,61.5,7,NORMAL,0,0.0,Stock is within 90 days of recent demand
BR004,MED078,Ibuprofen 600mg,Analgesics,15,544.68,1.0714,14.5,29.936,15.0,31,NORMAL,0,0.0,Stock is within 90 days of recent demand
BR004,MED079,Ibuprofen 600mg (BlueCrest Pharma),Analgesics,4,146.12,0.8214,4.3,21.188,5.7,28,NORMAL,0,0.0,Stock is within 90 days of recent demand
BR004,MED080,Ibuprofen 600mg (HealthAxis Pharma),Analgesics,8,309.43,0.2143,40.0,6.526,36.8,6,NORMAL,0,0.0,Stock is within 90 days of recent demand
BR004,MED081,Ibuprofen 600mg (NovaMed Laboratories),Analgesics,23,869.38,0.8571,27.6,26.417,26.1,25,NORMAL,0,0.0,Stock is within 90 days of recent demand
BR004,MED082,Naproxen 250mg (CureLine Healthcare),Analgesics,44,2436.38,1.5,30.7,46.743,28.2,43,NORMAL,0,0.0,Stock is within 90 days of recent demand
BR004,MED083,Naproxen 250mg (HealthAxis Pharma),Analgesics,13,737.08,0.6071,21.7,14.561,26.8,18,NORMAL,0,0.0,Stock is within 90 days of recent demand
BR004,MED084,Naproxen 250mg (VitaCure Remedies),Analgesics,21,1154.37,1.0,20.3,29.083,21.7,31,NORMAL,0,0.0,Stock is within 90 days of recent demand
BR004,MED085,Naproxen 500mg,Analgesics,6,408.23,0.1786,36.0,3.893,46.2,5,NORMAL,0,0.0,Stock is within 90 days of recent demand
BR004,MED086,Naproxen 500mg (CarePlus Laboratories),Analgesics,148,9295.54,6.2379,24.0,185.422,23.9,185,NORMAL,0,0.0,Stock is within 90 days of recent demand
BR004,MED087,Naproxen 500mg (LifeSpring Pharma),Analgesics,11,721.3,0.1429,82.5,2.787,118.4,4,NORMAL,0,0.0,Stock is within 90 days of recent demand
BR004,MED089,Paracetamol 500mg (Aarogya Formulations),Analgesics,4,63.28,0.3571,12.0,6.208,19.3,10,NORMAL,0,0.0,Stock is within 90 days of recent demand
BR004,MED090,Paracetamol 500mg (CarePlus Laboratories),Analgesics,0,0.0,0.4643,0.0,10.981,0.0,15,NORMAL,0,0.0,No stock on hand
BR004,MED091,Paracetamol 500mg (HealthAxis Pharma),Analgesics,25,548.89,1.8571,13.9,53.42,14.0,54,NORMAL,0,0.0,Stock is within 90 days of recent demand
BR004,MED092,Paracetamol 500mg (LifeSpring Pharma),Analgesics,7,142.73,0.4286,17.5,7.566,27.8,12,NORMAL,0,0.0,Stock is within 90 days of recent demand
BR004,MED094,Paracetamol 250mg (Stellar Formulations),Analgesics,9,188.58,0.1071,90.0,3.265,82.7,3,NORMAL,0,0.0,Stock is within 90 days of recent demand
BR004,MED095,Amoxicillin 250mg,Antibiotics,7,501.8,0.3929,19.1,11.157,18.8,11,NORMAL,0,0.0,Stock is within 90 days of recent demand
BR004,MED096,Amoxicillin 250mg (CureLine Healthcare),Antibiotics,15,1391.42,0.8214,19.6,21.163,21.3,23,NORMAL,0,0.0,Stock is within 90 days of recent demand
BR004,MED097,Amoxicillin 250mg (LifeSpring Pharma),Antibiotics,7,616.77,0.7143,10.5,17.4,12.1,20,NORMAL,0,0.0,Stock is within 90 days of recent demand
BR004,MED098,Amoxicillin 250mg (NovaMed Laboratories),Antibiotics,13,1271.93,0.4286,26.0,7.083,55.1,15,NORMAL,0,0.0,Stock is within 90 days of recent demand
BR004,MED100,Amoxicillin 250mg (TrueLife Remedies),Antibiotics,5,384.2,0.1071,50.0,2.176,68.9,3,NORMAL,0,0.0,Stock is within 90 days of recent demand
BR004,MED101,Amoxicillin + Clavulanic Acid 625mg (CureLine Healthcare),Antibiotics,4,663.56,0.1429,30.0,2.277,52.7,4,NORMAL,0,0.0,Stock is within 90 days of recent demand
BR004,MED103,Amoxicillin + Clavulanic Acid 625mg (Stellar Formulations),Antibiotics,13,1753.2,0.2857,48.8,6.2,62.9,8,NORMAL,0,0.0,Stock is within 90 days of recent demand
BR004,MED104,Amoxicillin + Clavulanic Acid 375mg,Antibiotics,26,4698.18,2.1071,13.2,60.537,12.9,59,NORMAL,0,0.0,Stock is within 90 days of recent demand
BR004,MED105,Amoxicillin + Clavulanic Acid 375mg (NovaMed Laboratories),Antibiotics,63,10116.9,1.7857,37.1,53.687,35.2,51,NORMAL,0,0.0,Stock is within 90 days of recent demand
BR004,MED106,Amoxicillin + Clavulanic Acid 375mg (Summit Lifesciences),Antibiotics,3,529.92,0.25,11.2,4.238,21.2,8,NORMAL,0,0.0,Stock is within 90 days of recent demand
BR004,MED107,Amoxicillin + Clavulanic Acid 375mg (TrueLife Remedies),Antibiotics,6,1127.22,0.3929,16.4,10.622,16.9,11,NORMAL,0,0.0,Stock is within 90 days of recent demand
BR004,MED108,Azithromycin 500mg (Aarogya Formulations),Antibiotics,0,0.0,0.8214,0.0,18.325,0.0,25,NORMAL,0,0.0,No stock on hand
BR004,MED109,Azithromycin 500mg (ApexLife Pharma),Antibiotics,10,926.23,0.2857,30.0,8.592,34.9,10,NORMAL,0,0.0,Stock is within 90 days of recent demand
BR004,MED110,Azithromycin 500mg (VitaCure Remedies),Antibiotics,7,544.57,0.1071,70.0,2.257,93.0,3,NORMAL,0,0.0,Stock is within 90 days of recent demand
BR004,MED113,Azithromycin 250mg (BlueCrest Pharma),Antibiotics,46,4471.66,3.7143,12.0,107.67,12.8,115,NORMAL,0,0.0,Stock is within 90 days of recent demand
BR004,MED114,Azithromycin 250mg (CarePlus Laboratories),Antibiotics,11,1126.12,0.2143,55.0,5.194,63.5,6,NORMAL,0,0.0,Stock is within 90 days of recent demand
BR004,MED115,Azithromycin 250mg (CureLine Healthcare),Antibiotics,8,963.77,0.1429,60.0,2.99,80.3,4,NORMAL,0,0.0,Stock is within 90 days of recent demand
BR004,MED116,Azithromycin 250mg (HealthAxis Pharma),Antibiotics,11,1132.67,0.1483,82.5,4.249,77.7,4,NORMAL,0,0.0,Stock is within 90 days of recent demand
BR004,MED117,Azithromycin 250mg (LifeSpring Pharma),Antibiotics,58,6657.43,3.7776,18.9,107.878,16.1,92,NORMAL,0,0.0,Stock is within 90 days of recent demand
BR004,MED118,Azithromycin 250mg (NovaMed Laboratories),Antibiotics,11,1107.89,0.1786,66.0,3.665,90.0,5,NORMAL,0,0.0,Stock is within 90 days of recent demand
BR004,MED119,Azithromycin 250mg (TrueLife Remedies),Antibiotics,6,661.86,0.1071,60.0,2.799,64.3,3,NORMAL,0,0.0,Stock is within 90 days of recent demand
BR004,MED120,Cefixime 200mg (ApexLife Pharma),Antibiotics,11,1026.55,0.2143,55.0,5.194,63.5,6,NORMAL,0,0.0,Stock is within 90 days of recent demand
BR004,MED122,Cefixime 200mg (NovaMed Laboratories),Antibiotics,16,1355.18,0.3621,34.3,11.603,41.4,14,NORMAL,0,0.0,Stock is within 90 days of recent demand
BR004,MED124,Cefixime 100mg,Antibiotics,6,595.62,0.0714,60.0,1.903,94.6,3,NORMAL,0,0.0,Stock is within 90 days of recent demand
BR004,MED127,Cefixime 100mg (VitaCure Remedies),Antibiotics,17,1832.77,1.75,8.8,44.034,11.6,58,NORMAL,0,0.0,Stock is within 90 days of recent demand
BR004,MED129,Ciprofloxacin 250mg,Antibiotics,5,262.35,0.1786,30.0,3.927,38.2,5,NORMAL,0,0.0,Stock is within 90 days of recent demand
BR004,MED130,Ciprofloxacin 250mg (LifeSpring Pharma),Antibiotics,9,472.5,0.6429,15.0,11.449,23.6,18,NORMAL,0,0.0,Stock is within 90 days of recent demand
BR004,MED131,Doxycycline 100mg (Aarogya Formulations),Antibiotics,14,789.72,0.5714,24.7,17.217,24.4,17,NORMAL,0,0.0,Stock is within 90 days of recent demand
BR004,MED132,Doxycycline 100mg (ApexLife Pharma),Antibiotics,11,615.57,0.1786,66.0,3.409,96.8,5,NORMAL,0,0.0,Stock is within 90 days of recent demand
BR004,MED133,Doxycycline 100mg (HealthAxis Pharma),Antibiotics,3,153.09,0.1786,18.0,3.552,25.3,5,NORMAL,0,0.0,Stock is within 90 days of recent demand
BR004,MED134,Doxycycline 100mg (Summit Lifesciences),Antibiotics,5,274.04,0.2143,16.7,6.025,24.9,9,NORMAL,0,0.0,Stock is within 90 days of recent demand
BR004,MED135,Mefenamic Acid 250mg (ApexLife Pharma),Antipyretics,9,322.68,0.7143,11.7,17.246,15.7,23,NORMAL,0,0.0,Stock is within 90 days of recent demand
BR004,MED136,Mefenamic Acid 250mg (HealthAxis Pharma),Antipyretics,11,342.59,0.1786,66.0,4.639,71.1,5,NORMAL,0,0.0,Stock is within 90 days of recent demand
BR004,MED137,Mefenamic Acid 250mg (LifeSpring Pharma),Antipyretics,1,36.72,0.3214,3.3,4.002,7.5,9,NORMAL,0,0.0,Stock is within 90 days of recent demand
BR004,MED138,Mefenamic Acid 250mg (NovaMed Laboratories),Antipyretics,23,716.67,0.7251,53.1,23.31,29.6,13,NORMAL,0,0.0,Stock is within 90 days of recent demand
BR004,MED139,Mefenamic Acid 500mg,Antipyretics,3,130.23,3.8214,0.8,93.897,1.0,120,NORMAL,0,0.0,Stock is within 90 days of recent demand
BR004,MED140,Mefenamic Acid 500mg (CureLine Healthcare),Antipyretics,8,315.06,0.5357,15.0,13.743,17.5,16,NORMAL,0,0.0,Stock is within 90 days of recent demand
BR004,MED141,Mefenamic Acid 500mg (HealthAxis Pharma),Antipyretics,9,301.86,0.1071,90.0,2.623,102.9,3,NORMAL,0,0.0,Stock is within 90 days of recent demand
BR004,MED142,Mefenamic Acid 500mg (Kavach Healthcare),Antipyretics,14,525.24,2.4643,5.8,67.797,6.2,72,NORMAL,0,0.0,Stock is within 90 days of recent demand
BR004,MED144,Mefenamic Acid 500mg (NovaMed Laboratories),Antipyretics,28,1116.64,1.6071,18.3,44.982,18.7,46,NORMAL,0,0.0,Stock is within 90 days of recent demand
BR004,MED145,Mefenamic Acid 500mg (Stellar Formulations),Antipyretics,7,293.09,0.1071,70.0,2.379,88.3,3,NORMAL,0,0.0,Stock is within 90 days of recent demand
BR004,MED146,Mefenamic Acid 500mg (Summit Lifesciences),Antipyretics,8,373.71,0.1071,80.0,2.516,95.4,3,NORMAL,0,0.0,Stock is within 90 days of recent demand
BR004,MED149,Paracetamol 650mg (Aarogya Formulations),Antipyretics,6,121.56,0.1786,36.0,3.382,53.2,5,NORMAL,0,0.0,Stock is within 90 days of recent demand
BR004,MED150,Paracetamol 650mg (CarePlus Laboratories),Antipyretics,11,211.67,0.1786,55.0,3.235,102.0,6,NORMAL,0,0.0,Stock is within 90 days of recent demand
BR004,MED151,Paracetamol Drops 100mg/ml (Aarogya Formulations),Antipyretics,9,226.58,0.3571,27.0,7.969,33.9,10,NORMAL,0,0.0,Stock is within 90 days of recent demand
BR004,MED152,Paracetamol Suspension 250mg/5ml (Aarogya Formulations),Antipyretics,24,831.88,0.3214,65.5,10.151,70.9,11,NORMAL,0,0.0,Stock is within 90 days of recent demand
BR004,MED154,Paracetamol Suspension 250mg/5ml (CarePlus Laboratories),Antipyretics,12,421.23,0.1887,90.0,5.929,60.7,4,NORMAL,0,0.0,Stock is within 90 days of recent demand
BR004,MED155,Paracetamol Suspension 250mg/5ml (CureLine Healthcare),Antipyretics,12,402.24,1.0714,10.9,21.193,17.0,33,NORMAL,0,0.0,Stock is within 90 days of recent demand
BR004,MED158,Paracetamol Suspension 125mg/5ml (LifeSpring Pharma),Antipyretics,14,560.08,1.7143,7.9,45.174,9.3,53,NORMAL,0,0.0,Stock is within 90 days of recent demand
BR004,MED159,Paracetamol Suspension 125mg/5ml (NovaMed Laboratories),Antipyretics,6,268.95,0.4643,13.8,11.007,16.4,13,NORMAL,0,0.0,Stock is within 90 days of recent demand
BR004,MED160,Paracetamol Suspension 125mg/5ml (TrueLife Remedies),Antipyretics,8,312.98,0.1489,60.0,4.274,56.2,4,NORMAL,0,0.0,Stock is within 90 days of recent demand
BR004,MED161,Paracetamol Suspension 125mg/5ml (VitaCure Remedies),Antipyretics,5,228.02,0.2857,18.8,5.362,28.0,8,NORMAL,0,0.0,Stock is within 90 days of recent demand
BR004,MED162,Cetirizine 10mg (ApexLife Pharma),Antihistamines,3,46.37,0.2143,12.9,4.368,20.6,7,NORMAL,0,0.0,Stock is within 90 days of recent demand
BR004,MED163,Cetirizine 10mg (CureLine Healthcare),Antihistamines,17,321.45,1.75,9.4,49.919,10.2,54,NORMAL,0,0.0,Stock is within 90 days of recent demand
BR004,MED164,Cetirizine 10mg (LifeSpring Pharma),Antihistamines,9,143.52,0.25,38.6,6.478,41.7,7,NORMAL,0,0.0,Stock is within 90 days of recent demand
BR004,MED165,Cetirizine 10mg (Stellar Formulations),Antihistamines,13,205.25,0.5714,22.9,19.692,19.8,17,NORMAL,0,0.0,Stock is within 90 days of recent demand
BR004,MED166,Cetirizine 10mg (Summit Lifesciences),Antihistamines,9,142.56,0.2857,33.8,5.825,46.4,8,NORMAL,0,0.0,Stock is within 90 days of recent demand
BR004,MED167,Cetirizine 10mg (TrueLife Remedies),Antihistamines,9,154.2,1.5714,5.9,38.436,7.0,46,NORMAL,0,0.0,Stock is within 90 days of recent demand
BR004,MED168,Cetirizine 5mg,Antihistamines,5,79.95,0.25,21.4,5.95,25.2,7,NORMAL,0,0.0,Stock is within 90 days of recent demand
BR004,MED169,Cetirizine 5mg (CarePlus Laboratories),Antihistamines,3,58.74,2.1071,1.5,58.84,1.5,60,NORMAL,0,0.0,Stock is within 90 days of recent demand
BR004,MED171,Cetirizine 5mg (Stellar Formulations),Antihistamines,2,33.61,0.75,2.7,16.391,3.7,22,NORMAL,0,0.0,Stock is within 90 days of recent demand
BR004,MED173,Cetirizine 5mg (TrueLife Remedies),Antihistamines,71,1351.5,5.25,13.5,164.97,12.9,158,NORMAL,0,0.0,Stock is within 90 days of recent demand
BR004,MED178,Chlorpheniramine 4mg (HealthAxis Pharma),Antihistamines,10,79.6,0.1786,60.0,5.722,52.4,5,NORMAL,0,0.0,Stock is within 90 days of recent demand
BR004,MED179,Chlorpheniramine 4mg (LifeSpring Pharma),Antihistamines,14,133.14,0.25,60.0,7.81,53.8,7,NORMAL,0,0.0,Stock is within 90 days of recent demand
BR004,MED181,Fexofenadine 120mg (ApexLife Pharma),Antihistamines,11,1535.34,0.3214,36.7,6.606,50.0,9,NORMAL,0,0.0,Stock is within 90 days of recent demand
BR004,MED182,Fexofenadine 120mg (BlueCrest Pharma),Antihistamines,25,3654.31,0.762,39.5,25.717,29.2,19,NORMAL,0,0.0,Stock is within 90 days of recent demand
BR004,MED183,Fexofenadine 120mg (CureLine Healthcare),Antihistamines,15,2239.72,0.25,50.0,6.023,74.7,9,NORMAL,0,0.0,Stock is within 90 days of recent demand
BR004,MED186,Fexofenadine 180mg,Antihistamines,4,650.52,1.0357,4.1,22.019,5.4,29,NORMAL,0,0.0,Stock is within 90 days of recent demand
BR004,MED187,Fexofenadine 180mg (CureLine Healthcare),Antihistamines,11,1634.51,0.051,66.0,1.779,185.5,5,NORMAL,0,0.0,Stock is within 90 days of recent demand
BR004,MED188,Fexofenadine 180mg (HealthAxis Pharma),Antihistamines,3,463.57,0.1071,30.0,2.444,36.8,3,NORMAL,0,0.0,Stock is within 90 days of recent demand
BR004,MED191,Levocetirizine 5mg (BlueCrest Pharma),Antihistamines,1,45.99,0.8214,1.3,19.653,1.5,23,NORMAL,0,0.0,Stock is within 90 days of recent demand
BR004,MED194,Levocetirizine 5mg (NovaMed Laboratories),Antihistamines,2,93.37,0.2857,6.0,4.893,12.3,10,NORMAL,0,0.0,Stock is within 90 days of recent demand
BR004,MED197,Levocetirizine 2.5mg (LifeSpring Pharma),Antihistamines,19,998.45,0.739,27.1,23.252,24.5,21,NORMAL,0,0.0,Stock is within 90 days of recent demand
BR004,MED198,Levocetirizine 2.5mg (Stellar Formulations),Antihistamines,11,597.23,0.1071,82.5,3.071,107.5,4,NORMAL,0,0.0,Stock is within 90 days of recent demand
BR004,MED200,Montelukast + Levocetirizine 10mg/5mg (HealthAxis Pharma),Antihistamines,15,1912.8,0.5714,28.1,17.21,26.1,16,NORMAL,0,0.0,Stock is within 90 days of recent demand
BR004,MED201,Montelukast + Levocetirizine 10mg/5mg (NovaMed Laboratories),Antihistamines,17,2492.56,0.2143,72.9,7.491,68.1,7,NORMAL,0,0.0,Stock is within 90 days of recent demand
BR004,MED202,Montelukast + Levocetirizine 10mg/5mg (Stellar Formulations),Antihistamines,0,0.0,0.75,0.0,15.858,0.0,21,NORMAL,0,0.0,No stock on hand
BR004,MED203,Montelukast + Levocetirizine 10mg/5mg (TrueLife Remedies),Antihistamines,10,1453.93,0.1429,75.0,4.357,68.9,4,NORMAL,0,0.0,Stock is within 90 days of recent demand
BR004,MED204,Montelukast + Levocetirizine 10mg/5mg (VitaCure Remedies),Antihistamines,12,1516.78,0.3571,36.0,9.893,36.4,10,NORMAL,0,0.0,Stock is within 90 days of recent demand
BR004,MED205,Domperidone 10mg (BlueCrest Pharma),Gastrointestinal,15,548.09,0.7143,22.5,20.958,21.5,20,NORMAL,0,0.0,Stock is within 90 days of recent demand
BR004,MED206,Domperidone 10mg (CarePlus Laboratories),Gastrointestinal,23,950.82,1.3214,16.4,31.747,21.7,42,NORMAL,0,0.0,Stock is within 90 days of recent demand
BR004,MED207,Domperidone 10mg (CureLine Healthcare),Gastrointestinal,14,526.22,0.2143,70.0,5.491,76.5,6,NORMAL,0,0.0,Stock is within 90 days of recent demand
BR004,MED210,Domperidone 10mg (NovaMed Laboratories),Gastrointestinal,8,245.35,0.3214,24.0,7.196,33.4,10,NORMAL,0,0.0,Stock is within 90 days of recent demand
BR004,MED212,Loperamide 2mg (BlueCrest Pharma),Gastrointestinal,7,153.87,0.2143,35.0,2.935,71.6,6,NORMAL,0,0.0,Stock is within 90 days of recent demand
BR004,MED213,Loperamide 2mg (LifeSpring Pharma),Gastrointestinal,5,93.72,0.1429,37.5,3.114,48.2,4,NORMAL,0,0.0,Stock is within 90 days of recent demand
BR004,MED214,Omeprazole 20mg (Aarogya Formulations),Gastrointestinal,8,290.7,0.1071,80.0,2.762,86.9,3,NORMAL,0,0.0,Stock is within 90 days of recent demand
BR004,MED215,Omeprazole 20mg (CarePlus Laboratories),Gastrointestinal,17,707.17,0.5109,34.0,15.365,33.2,15,NORMAL,0,0.0,Stock is within 90 days of recent demand
BR004,MED218,Omeprazole 20mg (LifeSpring Pharma),Gastrointestinal,9,348.22,0.1109,90.0,3.671,73.5,3,NORMAL,0,0.0,Stock is within 90 days of recent demand
BR004,MED219,Omeprazole 20mg (TrueLife Remedies),Gastrointestinal,18,619.56,1.4643,12.3,30.31,17.8,44,NORMAL,0,0.0,Stock is within 90 days of recent demand
BR004,MED221,Omeprazole 40mg,Gastrointestinal,0,0.0,0.25,0.0,4.028,0.0,7,NORMAL,0,0.0,No stock on hand
BR004,MED222,Omeprazole 40mg (ApexLife Pharma),Gastrointestinal,14,588.9,0.7143,20.0,20.562,20.4,21,NORMAL,0,0.0,Stock is within 90 days of recent demand
BR004,MED223,Omeprazole 40mg (LifeSpring Pharma),Gastrointestinal,17,703.22,0.6161,31.9,18.478,27.6,16,NORMAL,0,0.0,Stock is within 90 days of recent demand
BR004,MED224,Omeprazole 40mg (Summit Lifesciences),Gastrointestinal,10,415.61,0.5,13.6,14.657,20.5,22,NORMAL,0,0.0,Stock is within 90 days of recent demand
BR004,MED225,Omeprazole 40mg (TrueLife Remedies),Gastrointestinal,6,267.66,0.2143,30.0,2.95,61.0,6,NORMAL,0,0.0,Stock is within 90 days of recent demand
BR004,MED226,Ondansetron 4mg (Aarogya Formulations),Gastrointestinal,11,504.44,0.25,25.4,6.817,48.4,13,NORMAL,0,0.0,Stock is within 90 days of recent demand
BR004,MED231,Ondansetron 4mg (NovaMed Laboratories),Gastrointestinal,4,163.05,0.1786,24.0,3.885,30.9,5,NORMAL,0,0.0,Stock is within 90 days of recent demand
BR004,MED232,Ondansetron 4mg (Stellar Formulations),Gastrointestinal,9,397.55,0.2143,45.0,4.081,66.2,6,NORMAL,0,0.0,Stock is within 90 days of recent demand
BR004,MED234,Ondansetron 4mg (VitaCure Remedies),Gastrointestinal,22,876.34,1.1429,19.4,30.413,21.7,34,NORMAL,0,0.0,Stock is within 90 days of recent demand
BR004,MED235,Ondansetron 8mg,Gastrointestinal,7,381.78,0.1786,42.0,3.947,53.2,5,NORMAL,0,0.0,Stock is within 90 days of recent demand
BR004,MED236,Ondansetron 8mg (LifeSpring Pharma),Gastrointestinal,87,4797.46,4.9286,17.6,155.487,16.8,148,NORMAL,0,0.0,Stock is within 90 days of recent demand
BR004,MED238,Ondansetron 8mg (VitaCure Remedies),Gastrointestinal,2,99.88,0.2857,6.0,4.531,13.2,10,NORMAL,0,0.0,Stock is within 90 days of recent demand
BR004,MED239,ORS Powder 21.8g (HealthAxis Pharma),Gastrointestinal,25,366.22,4.5714,5.5,125.221,6.0,136,NORMAL,0,0.0,Stock is within 90 days of recent demand
BR004,MED240,ORS Powder 21.8g (LifeSpring Pharma),Gastrointestinal,9,128.52,0.3571,27.0,7.515,35.9,10,NORMAL,0,0.0,Stock is within 90 days of recent demand
BR004,MED241,ORS Powder 21.8g (Stellar Formulations),Gastrointestinal,30,519.29,1.8929,15.8,47.478,19.0,57,NORMAL,0,0.0,Stock is within 90 days of recent demand
BR004,MED244,ORS Powder 21.8g (VitaCure Remedies),Gastrointestinal,9,150.45,0.1429,67.5,3.963,68.1,4,NORMAL,0,0.0,Stock is within 90 days of recent demand
BR004,MED245,Pantoprazole 40mg (BlueCrest Pharma),Gastrointestinal,9,621.03,0.7857,11.2,20.946,12.9,24,NORMAL,0,0.0,Stock is within 90 days of recent demand
BR004,MED246,Pantoprazole 40mg (CarePlus Laboratories),Gastrointestinal,12,757.76,0.1429,90.0,4.563,78.9,4,NORMAL,0,0.0,Stock is within 90 days of recent demand
BR004,MED247,Pantoprazole 40mg (NovaMed Laboratories),Gastrointestinal,21,1166.2,0.812,30.0,26.067,24.2,21,NORMAL,0,0.0,Stock is within 90 days of recent demand
BR004,MED248,Pantoprazole 40mg (TrueLife Remedies),Gastrointestinal,7,469.77,0.1071,70.0,3.096,67.8,3,NORMAL,0,0.0,Stock is within 90 days of recent demand
BR004,MED249,Pantoprazole 20mg,Gastrointestinal,17,1076.44,1.25,13.8,26.349,19.4,37,NORMAL,0,0.0,Stock is within 90 days of recent demand
BR004,MED250,Pantoprazole 20mg (ApexLife Pharma),Gastrointestinal,12,812.04,0.3571,32.7,7.805,46.1,11,NORMAL,0,0.0,Stock is within 90 days of recent demand
BR004,MED254,Pantoprazole 20mg (Summit Lifesciences),Gastrointestinal,6,440.25,0.07,30.0,1.989,90.5,6,NORMAL,0,0.0,Stock is within 90 days of recent demand
BR004,MED256,Amlodipine 5mg (BlueCrest Pharma),Cardiovascular,13,351.38,1.4286,8.9,36.05,10.8,44,NORMAL,0,0.0,Stock is within 90 days of recent demand
BR004,MED257,Amlodipine 5mg (LifeSpring Pharma),Cardiovascular,6,169.9,1.5,4.3,34.526,5.2,42,NORMAL,0,0.0,Stock is within 90 days of recent demand
BR004,MED261,Amlodipine 2.5mg,Cardiovascular,9,340.05,0.1071,90.0,3.906,69.1,3,NORMAL,0,0.0,Stock is within 90 days of recent demand
BR004,MED262,Amlodipine 2.5mg (LifeSpring Pharma),Cardiovascular,20,673.08,0.25,85.7,6.488,92.5,7,NORMAL,0,0.0,Stock is within 90 days of recent demand
BR004,MED263,Amlodipine 2.5mg (Stellar Formulations),Cardiovascular,1,32.64,0.4643,2.0,6.787,4.4,15,NORMAL,0,0.0,Stock is within 90 days of recent demand
BR004,MED264,Amlodipine 2.5mg (Summit Lifesciences),Cardiovascular,32,934.72,1.5,21.3,41.737,23.0,45,NORMAL,0,0.0,Stock is within 90 days of recent demand
BR004,MED265,Amlodipine 2.5mg (TrueLife Remedies),Cardiovascular,68,2569.6,2.2857,30.4,68.872,29.6,67,NORMAL,0,0.0,Stock is within 90 days of recent demand
BR004,MED266,Amlodipine 2.5mg (VitaCure Remedies),Cardiovascular,5,148.15,0.1071,50.0,2.046,73.3,3,NORMAL,0,0.0,Stock is within 90 days of recent demand
BR004,MED269,Amlodipine 10mg (Stellar Formulations),Cardiovascular,38,1208.4,9.3929,4.1,256.607,4.4,280,NORMAL,0,0.0,Stock is within 90 days of recent demand
BR004,MED270,Aspirin 75mg (Aarogya Formulations),Cardiovascular,34,225.08,1.5,22.2,42.586,24.0,46,NORMAL,0,0.0,Stock is within 90 days of recent demand
BR004,MED271,Aspirin 75mg (ApexLife Pharma),Cardiovascular,3,18.84,0.3214,10.0,4.307,20.9,9,NORMAL,0,0.0,Stock is within 90 days of recent demand
BR004,MED272,Aspirin 75mg (BlueCrest Pharma),Cardiovascular,62,370.54,4.1071,15.6,122.651,15.2,119,NORMAL,0,0.0,Stock is within 90 days of recent demand
BR004,MED273,Aspirin 75mg (CureLine Healthcare),Cardiovascular,19,92.0,0.3571,47.5,10.993,51.9,12,NORMAL,0,0.0,Stock is within 90 days of recent demand
BR004,MED276,Aspirin 75mg (Stellar Formulations),Cardiovascular,58,366.56,1.4691,41.4,48.257,36.1,42,NORMAL,0,0.0,Stock is within 90 days of recent demand
BR004,MED278,Aspirin 150mg (CarePlus Laboratories),Cardiovascular,22,149.3,0.8047,31.4,25.225,26.2,21,NORMAL,0,0.0,Stock is within 90 days of recent demand
BR004,MED280,Aspirin 150mg (TrueLife Remedies),Cardiovascular,16,111.2,1.1786,13.0,32.932,14.6,37,NORMAL,0,0.0,Stock is within 90 days of recent demand
BR004,MED281,Atorvastatin 10mg (Aarogya Formulations),Cardiovascular,8,522.95,0.2143,34.3,3.97,60.5,7,NORMAL,0,0.0,Stock is within 90 days of recent demand
BR004,MED282,Atorvastatin 10mg (ApexLife Pharma),Cardiovascular,17,1346.69,0.3571,51.0,10.775,47.3,10,NORMAL,0,0.0,Stock is within 90 days of recent demand
BR004,MED283,Atorvastatin 10mg (LifeSpring Pharma),Cardiovascular,14,1065.96,0.6786,18.3,18.806,22.3,23,NORMAL,0,0.0,Stock is within 90 days of recent demand
BR004,MED284,Atorvastatin 10mg (Summit Lifesciences),Cardiovascular,36,2862.18,1.1526,31.8,38.782,27.8,34,NORMAL,0,0.0,Stock is within 90 days of recent demand
BR004,MED285,Atorvastatin 20mg,Cardiovascular,11,1029.93,0.5714,19.4,12.288,26.9,17,NORMAL,0,0.0,Stock is within 90 days of recent demand
BR004,MED286,Atorvastatin 20mg (BlueCrest Pharma),Cardiovascular,0,0.0,0.75,0.0,15.063,0.0,25,NORMAL,0,0.0,No stock on hand
BR004,MED287,Atorvastatin 20mg (CarePlus Laboratories),Cardiovascular,21,1632.9,0.5119,45.0,15.611,40.4,14,NORMAL,0,0.0,Stock is within 90 days of recent demand
BR004,MED288,Atorvastatin 40mg,Cardiovascular,29,2969.74,0.9026,32.2,30.602,28.4,27,NORMAL,0,0.0,Stock is within 90 days of recent demand
BR004,MED289,Atorvastatin 40mg (CureLine Healthcare),Cardiovascular,6,608.84,0.3214,20.0,3.935,45.7,9,NORMAL,0,0.0,Stock is within 90 days of recent demand
BR004,MED291,Atorvastatin 40mg (VitaCure Remedies),Cardiovascular,4,409.4,0.3929,10.9,4.246,28.3,11,NORMAL,0,0.0,Stock is within 90 days of recent demand
BR004,MED292,Clopidogrel 75mg (Aarogya Formulations),Cardiovascular,24,1650.24,0.8719,28.8,29.865,24.1,25,NORMAL,0,0.0,Stock is within 90 days of recent demand
BR004,MED295,Clopidogrel 75mg (NovaMed Laboratories),Cardiovascular,10,818.65,0.1429,75.0,4.212,71.2,4,NORMAL,0,0.0,Stock is within 90 days of recent demand
BR004,MED298,Losartan 50mg (CarePlus Laboratories),Cardiovascular,11,689.52,0.1429,82.5,4.251,77.6,4,NORMAL,0,0.0,Stock is within 90 days of recent demand
BR004,MED299,Losartan 50mg (NovaMed Laboratories),Cardiovascular,56,3567.76,5.2143,11.1,154.72,10.9,152,NORMAL,0,0.0,Stock is within 90 days of recent demand
BR004,MED300,Losartan 25mg,Cardiovascular,6,484.61,0.1071,60.0,2.399,75.0,3,NORMAL,0,0.0,Stock is within 90 days of recent demand
BR004,MED301,Losartan 25mg (CarePlus Laboratories),Cardiovascular,41,3129.48,6.6786,6.1,201.498,6.1,200,NORMAL,0,0.0,Stock is within 90 days of recent demand
BR004,MED302,Losartan 25mg (HealthAxis Pharma),Cardiovascular,21,1531.46,1.0714,21.0,26.681,23.6,30,NORMAL,0,0.0,Stock is within 90 days of recent demand
BR004,MED304,Losartan 25mg (Summit Lifesciences),Cardiovascular,8,608.05,0.1429,60.0,3.761,63.8,4,NORMAL,0,0.0,Stock is within 90 days of recent demand
BR004,MED305,Losartan 25mg (TrueLife Remedies),Cardiovascular,20,1693.0,0.8929,17.6,28.959,20.7,34,NORMAL,0,0.0,Stock is within 90 days of recent demand
BR004,MED306,Metoprolol 50mg (Aarogya Formulations),Cardiovascular,4,196.68,0.6429,6.0,13.38,9.0,20,NORMAL,0,0.0,Stock is within 90 days of recent demand
BR004,MED307,Metoprolol 50mg (BlueCrest Pharma),Cardiovascular,63,3203.97,2.7977,22.0,91.021,20.8,86,NORMAL,0,0.0,Stock is within 90 days of recent demand
BR004,MED308,Metoprolol 50mg (CureLine Healthcare),Cardiovascular,8,414.9,0.4286,20.0,6.719,35.7,12,NORMAL,0,0.0,Stock is within 90 days of recent demand
BR004,MED310,Metoprolol 25mg,Cardiovascular,17,923.13,1.0714,13.8,29.727,17.2,37,NORMAL,0,0.0,Stock is within 90 days of recent demand
BR004,MED311,Metoprolol 25mg (CureLine Healthcare),Cardiovascular,8,553.92,1.25,6.7,30.768,7.8,36,NORMAL,0,0.0,Stock is within 90 days of recent demand
BR004,MED312,Metoprolol 25mg (HealthAxis Pharma),Cardiovascular,12,650.1,0.2857,45.0,4.973,72.4,8,NORMAL,0,0.0,Stock is within 90 days of recent demand
BR004,MED313,Metoprolol 25mg (LifeSpring Pharma),Cardiovascular,6,309.59,0.25,25.7,4.516,39.9,7,NORMAL,0,0.0,Stock is within 90 days of recent demand
BR004,MED314,Rosuvastatin 10mg (BlueCrest Pharma),Cardiovascular,12,1400.64,1.3929,8.4,25.329,14.2,43,NORMAL,0,0.0,Stock is within 90 days of recent demand
BR004,MED315,Rosuvastatin 10mg (NovaMed Laboratories),Cardiovascular,7,926.09,0.1071,70.0,2.499,84.0,3,NORMAL,0,0.0,Stock is within 90 days of recent demand
BR004,MED316,Rosuvastatin 10mg (Summit Lifesciences),Cardiovascular,12,1632.6,1.8929,6.2,37.13,9.7,58,NORMAL,0,0.0,Stock is within 90 days of recent demand
BR004,MED319,Rosuvastatin 5mg (NovaMed Laboratories),Cardiovascular,91,13629.8,5.5544,16.7,167.008,16.3,163,NORMAL,0,0.0,Stock is within 90 days of recent demand
BR004,MED320,Rosuvastatin 5mg (Stellar Formulations),Cardiovascular,16,2402.97,1.25,13.0,30.906,15.5,37,NORMAL,0,0.0,Stock is within 90 days of recent demand
BR004,MED321,Rosuvastatin 5mg (VitaCure Remedies),Cardiovascular,14,2150.4,0.1071,52.5,3.825,109.8,8,NORMAL,0,0.0,Stock is within 90 days of recent demand
BR004,MED322,Rosuvastatin 20mg,Cardiovascular,25,4534.78,0.6927,44.1,19.648,38.2,17,NORMAL,0,0.0,Stock is within 90 days of recent demand
BR004,MED323,Rosuvastatin 20mg (NovaMed Laboratories),Cardiovascular,7,1112.18,0.4286,17.5,7.513,28.0,12,NORMAL,0,0.0,Stock is within 90 days of recent demand
BR004,MED324,Rosuvastatin 20mg (Stellar Formulations),Cardiovascular,5,779.35,2.6786,1.9,51.545,2.9,79,NORMAL,0,0.0,Stock is within 90 days of recent demand
BR004,MED326,Rosuvastatin 20mg (VitaCure Remedies),Cardiovascular,20,3679.09,5.5714,3.6,154.988,3.9,167,NORMAL,0,0.0,Stock is within 90 days of recent demand
BR004,MED327,Telmisartan 40mg (Aarogya Formulations),Cardiovascular,87,8050.98,9.9643,8.4,269.385,9.7,309,NORMAL,0,0.0,Stock is within 90 days of recent demand
BR004,MED329,Telmisartan 40mg (NovaMed Laboratories),Cardiovascular,41,3769.36,2.75,15.6,79.968,15.4,79,NORMAL,0,0.0,Stock is within 90 days of recent demand
BR004,MED331,Telmisartan 40mg (VitaCure Remedies),Cardiovascular,13,1145.88,0.3929,35.5,7.882,49.5,11,NORMAL,0,0.0,Stock is within 90 days of recent demand
BR004,MED332,Telmisartan 20mg,Cardiovascular,23,2665.41,1.8571,13.3,43.582,15.8,52,NORMAL,0,0.0,Stock is within 90 days of recent demand
BR004,MED337,Telmisartan 80mg (ApexLife Pharma),Cardiovascular,16,2015.44,0.1786,68.6,5.584,86.0,7,NORMAL,0,0.0,Stock is within 90 days of recent demand
BR004,MED338,Telmisartan 80mg (BlueCrest Pharma),Cardiovascular,38,4497.52,1.8571,21.5,47.669,23.9,53,NORMAL,0,0.0,Stock is within 90 days of recent demand
BR004,MED339,Telmisartan 80mg (CureLine Healthcare),Cardiovascular,6,690.72,0.2857,22.5,4.733,38.0,8,NORMAL,0,0.0,Stock is within 90 days of recent demand
BR004,MED340,Telmisartan 80mg (NovaMed Laboratories),Cardiovascular,11,1320.58,0.2857,41.2,5.047,65.4,8,NORMAL,0,0.0,Stock is within 90 days of recent demand
BR004,MED341,Telmisartan 80mg (Stellar Formulations),Cardiovascular,8,1197.61,0.8214,10.0,20.964,11.4,24,NORMAL,0,0.0,Stock is within 90 days of recent demand
BR004,MED342,Telmisartan 80mg (Summit Lifesciences),Cardiovascular,7,881.02,0.8571,7.8,17.291,12.1,27,NORMAL,0,0.0,Stock is within 90 days of recent demand
BR004,MED343,Telmisartan 80mg (TrueLife Remedies),Cardiovascular,17,2150.84,1.1786,12.8,33.176,15.4,40,NORMAL,0,0.0,Stock is within 90 days of recent demand
BR004,MED344,Gliclazide 80mg (Aarogya Formulations),Antidiabetic,33,1564.86,1.3214,23.6,41.302,24.0,42,NORMAL,0,0.0,Stock is within 90 days of recent demand
BR004,MED345,Gliclazide 80mg (BlueCrest Pharma),Antidiabetic,12,650.62,0.2143,60.0,5.641,63.8,6,NORMAL,0,0.0,Stock is within 90 days of recent demand
BR004,MED346,Gliclazide 80mg (CarePlus Laboratories),Antidiabetic,14,797.08,0.5,30.0,13.085,32.1,14,NORMAL,0,0.0,Stock is within 90 days of recent demand
BR004,MED347,Gliclazide 80mg (LifeSpring Pharma),Antidiabetic,13,685.23,0.5357,26.0,10.247,38.1,15,NORMAL,0,0.0,Stock is within 90 days of recent demand
BR004,MED349,Gliclazide 40mg,Antidiabetic,12,742.56,0.6786,18.9,16.699,21.6,19,NORMAL,0,0.0,Stock is within 90 days of recent demand
BR004,MED351,Gliclazide 40mg (Lumina Pharma),Antidiabetic,13,914.18,0.5,27.9,13.031,29.9,14,NORMAL,0,0.0,Stock is within 90 days of recent demand
BR004,MED354,Gliclazide 40mg (Summit Lifesciences),Antidiabetic,20,1323.0,1.9286,10.5,49.382,12.2,57,NORMAL,0,0.0,Stock is within 90 days of recent demand
BR004,MED355,Glimepiride 2mg (BlueCrest Pharma),Antidiabetic,8,876.23,0.3929,21.8,5.558,43.2,11,NORMAL,0,0.0,Stock is within 90 days of recent demand
BR004,MED356,Glimepiride 2mg (CarePlus Laboratories),Antidiabetic,14,1542.35,0.3929,38.2,9.913,42.4,11,NORMAL,0,0.0,Stock is within 90 days of recent demand
BR004,MED357,Glimepiride 2mg (Stellar Formulations),Antidiabetic,8,846.4,0.8214,10.4,21.223,11.3,23,NORMAL,0,0.0,Stock is within 90 days of recent demand
BR004,MED358,Glimepiride 2mg (VitaCure Remedies),Antidiabetic,21,2208.15,1.1429,17.0,30.238,20.8,37,NORMAL,0,0.0,Stock is within 90 days of recent demand
BR004,MED360,Glimepiride 1mg (CarePlus Laboratories),Antidiabetic,18,2581.56,1.5,12.9,38.068,14.2,42,NORMAL,0,0.0,Stock is within 90 days of recent demand
BR004,MED361,Glimepiride 1mg (CureLine Healthcare),Antidiabetic,19,2227.37,1.0357,16.3,27.61,20.6,35,NORMAL,0,0.0,Stock is within 90 days of recent demand
BR004,MED362,Glimepiride 1mg (HealthAxis Pharma),Antidiabetic,13,1698.97,0.6071,22.9,9.431,41.4,17,NORMAL,0,0.0,Stock is within 90 days of recent demand
BR004,MED363,Glimepiride 1mg (Summit Lifesciences),Antidiabetic,6,730.14,0.25,25.7,3.864,46.6,7,NORMAL,0,0.0,Stock is within 90 days of recent demand
BR004,MED364,Glimepiride 1mg (TrueLife Remedies),Antidiabetic,25,3021.41,0.8204,21.4,26.9,27.9,35,NORMAL,0,0.0,Stock is within 90 days of recent demand
BR004,MED366,Glimepiride 3mg (ApexLife Pharma),Antidiabetic,25,3780.35,0.8486,27.8,28.845,26.0,27,NORMAL,0,0.0,Stock is within 90 days of recent demand
BR004,MED367,Glimepiride 3mg (CureLine Healthcare),Antidiabetic,8,1327.34,0.5357,15.0,11.437,21.0,16,NORMAL,0,0.0,Stock is within 90 days of recent demand
BR004,MED368,Glimepiride 3mg (NovaMed Laboratories),Antidiabetic,11,1648.68,0.1786,66.0,2.908,113.5,5,NORMAL,0,0.0,Stock is within 90 days of recent demand
BR004,MED370,Glimepiride 3mg (Summit Lifesciences),Antidiabetic,8,1041.28,0.1071,80.0,3.445,69.7,3,NORMAL,0,0.0,Stock is within 90 days of recent demand
BR004,MED372,Glimepiride 3mg (VitaCure Remedies),Antidiabetic,2,279.58,0.3929,5.5,3.898,15.4,11,NORMAL,0,0.0,Stock is within 90 days of recent demand
BR004,MED374,Glimepiride + Metformin 2mg/500mg (Stellar Formulations),Antidiabetic,5,517.04,0.4643,11.5,6.288,23.9,13,NORMAL,0,0.0,Stock is within 90 days of recent demand
BR004,MED376,Glimepiride + Metformin 1mg/500mg,Antidiabetic,11,1583.88,0.4286,27.5,7.78,42.4,12,NORMAL,0,0.0,Stock is within 90 days of recent demand
BR004,MED377,Glimepiride + Metformin 1mg/500mg (CarePlus Laboratories),Antidiabetic,14,1659.44,0.3214,46.7,8.452,49.7,9,NORMAL,0,0.0,Stock is within 90 days of recent demand
BR004,MED378,Glimepiride + Metformin 1mg/500mg (Stellar Formulations),Antidiabetic,9,1268.79,0.2857,33.8,6.248,43.2,8,NORMAL,0,0.0,Stock is within 90 days of recent demand
BR004,MED380,Glimepiride + Metformin 1mg/500mg (VitaCure Remedies),Antidiabetic,7,891.03,1.3571,5.5,32.745,6.4,38,NORMAL,0,0.0,Stock is within 90 days of recent demand
BR004,MED381,Glimepiride + Metformin 1mg/500mg (Zenith BioPharma),Antidiabetic,80,10482.4,6.582,12.2,199.731,12.0,197,NORMAL,0,0.0,Stock is within 90 days of recent demand
BR004,MED382,Metformin 500mg (CureLine Healthcare),Antidiabetic,14,360.64,0.1411,84.0,5.011,83.8,5,NORMAL,0,0.0,Stock is within 90 days of recent demand
BR004,MED383,Metformin 500mg (Stellar Formulations),Antidiabetic,71,1721.23,4.9286,15.2,153.778,13.9,140,NORMAL,0,0.0,Stock is within 90 days of recent demand
BR004,MED384,Metformin 500mg (TrueLife Remedies),Antidiabetic,4,91.87,0.3214,10.0,4.732,25.4,12,NORMAL,0,0.0,Stock is within 90 days of recent demand
BR004,MED385,Metformin 850mg,Antidiabetic,40,1127.2,6.1429,6.5,186.782,6.4,186,NORMAL,0,0.0,Stock is within 90 days of recent demand
BR004,MED386,Metformin 850mg (CureLine Healthcare),Antidiabetic,10,285.84,0.6071,17.6,12.204,24.6,17,NORMAL,0,0.0,Stock is within 90 days of recent demand
BR004,MED387,Metformin 850mg (Stellar Formulations),Antidiabetic,11,343.91,0.2143,55.0,5.287,62.4,6,NORMAL,0,0.0,Stock is within 90 days of recent demand
BR004,MED388,Metformin 850mg (VitaCure Remedies),Antidiabetic,6,181.81,0.2857,22.5,5.416,33.2,8,NORMAL,0,0.0,Stock is within 90 days of recent demand
BR004,MED390,Metformin 1000mg (BlueCrest Pharma),Antidiabetic,13,450.76,0.2857,48.8,7.373,52.9,8,NORMAL,0,0.0,Stock is within 90 days of recent demand
BR004,MED391,Metformin 1000mg (HealthAxis Pharma),Antidiabetic,14,460.91,0.9286,14.0,25.444,16.5,30,NORMAL,0,0.0,Stock is within 90 days of recent demand
BR004,MED392,Metformin 1000mg (LifeSpring Pharma),Antidiabetic,55,1850.68,2.6786,20.9,88.817,18.6,79,NORMAL,0,0.0,Stock is within 90 days of recent demand
BR004,MED393,Metformin 1000mg (TrueLife Remedies),Antidiabetic,6,193.95,0.3929,16.4,6.586,27.3,11,NORMAL,0,0.0,Stock is within 90 days of recent demand
BR004,MED395,Sitagliptin 100mg (CarePlus Laboratories),Antidiabetic,47,13848.18,1.25,40.3,41.836,33.7,35,NORMAL,0,0.0,Stock is within 90 days of recent demand
BR004,MED396,Sitagliptin 100mg (HealthAxis Pharma),Antidiabetic,95,27841.58,5.8929,16.3,178.902,15.9,175,NORMAL,0,0.0,Stock is within 90 days of recent demand
BR004,MED397,Sitagliptin 50mg,Antidiabetic,15,5323.0,0.6071,25.0,15.101,29.8,18,NORMAL,0,0.0,Stock is within 90 days of recent demand
BR004,MED398,Sitagliptin 50mg (ApexLife Pharma),Antidiabetic,10,3359.48,0.6071,17.6,14.534,20.6,17,NORMAL,0,0.0,Stock is within 90 days of recent demand
BR004,MED399,Sitagliptin 50mg (BlueCrest Pharma),Antidiabetic,21,7144.41,1.25,17.0,33.86,18.6,37,NORMAL,0,0.0,Stock is within 90 days of recent demand
BR004,MED400,Sitagliptin 50mg (Crestview Pharma),Antidiabetic,22,8034.21,0.4249,60.0,12.962,50.9,11,NORMAL,0,0.0,Stock is within 90 days of recent demand
BR004,MED401,Sitagliptin 50mg (HealthAxis Pharma),Antidiabetic,5,1500.05,0.0714,75.0,1.982,75.7,2,NORMAL,0,0.0,Stock is within 90 days of recent demand
BR004,MED402,Sitagliptin 50mg (NovaMed Laboratories),Antidiabetic,24,8587.44,0.8374,31.3,26.587,27.1,23,NORMAL,0,0.0,Stock is within 90 days of recent demand
BR004,MED403,Sitagliptin 50mg (Stellar Formulations),Antidiabetic,11,3786.2,0.2857,41.2,6.349,52.0,8,NORMAL,0,0.0,Stock is within 90 days of recent demand
BR004,MED404,Sitagliptin 50mg (Summit Lifesciences),Antidiabetic,4,1321.08,0.3214,13.3,4.981,24.1,9,NORMAL,0,0.0,Stock is within 90 days of recent demand
BR004,MED406,Ambroxol + Levosalbutamol Syrup 100ml (Aarogya Formulations),Respiratory,6,472.89,0.1429,45.0,3.25,55.4,4,NORMAL,0,0.0,Stock is within 90 days of recent demand
BR004,MED407,Ambroxol + Levosalbutamol Syrup 100ml (NovaMed Laboratories),Respiratory,12,1219.08,0.6429,20.0,19.099,18.8,18,NORMAL,0,0.0,Stock is within 90 days of recent demand
BR004,MED408,Ambroxol + Levosalbutamol Syrup 100ml (Summit Lifesciences),Respiratory,4,322.92,0.2857,15.0,4.976,24.1,8,NORMAL,0,0.0,Stock is within 90 days of recent demand
BR004,MED410,Ambroxol + Levosalbutamol Syrup 60ml,Respiratory,9,949.81,0.1071,67.5,3.63,74.4,4,NORMAL,0,0.0,Stock is within 90 days of recent demand
BR004,MED411,Ambroxol + Levosalbutamol Syrup 60ml (NovaMed Laboratories),Respiratory,10,1058.0,0.6429,14.3,17.329,17.3,21,NORMAL,0,0.0,Stock is within 90 days of recent demand
BR004,MED412,Budesonide Inhaler 200mcg (ApexLife Pharma),Respiratory,9,1913.6,0.1786,54.0,3.73,72.4,5,NORMAL,0,0.0,Stock is within 90 days of recent demand
BR004,MED414,Budesonide Inhaler 200mcg (VitaCure Remedies),Respiratory,9,1780.82,0.3214,30.0,5.679,47.5,9,NORMAL,0,0.0,Stock is within 90 days of recent demand
BR004,MED415,Budesonide Inhaler 100mcg,Respiratory,0,0.0,0.4643,0.0,9.488,0.0,13,NORMAL,0,0.0,No stock on hand
BR004,MED416,Dextromethorphan Syrup 100ml (HealthAxis Pharma),Respiratory,16,1133.62,0.8571,18.5,25.405,18.9,26,NORMAL,0,0.0,Stock is within 90 days of recent demand
BR004,MED417,Dextromethorphan Syrup 100ml (LifeSpring Pharma),Respiratory,7,488.44,0.2143,26.2,4.578,45.9,8,NORMAL,0,0.0,Stock is within 90 days of recent demand
BR004,MED418,Dextromethorphan Syrup 100ml (Summit Lifesciences),Respiratory,10,717.34,0.1429,75.0,4.521,66.4,4,NORMAL,0,0.0,Stock is within 90 days of recent demand
BR004,MED419,Dextromethorphan Syrup 100ml (TrueLife Remedies),Respiratory,8,577.45,0.1429,60.0,3.334,72.0,4,NORMAL,0,0.0,Stock is within 90 days of recent demand
BR004,MED420,Montelukast 10mg (CureLine Healthcare),Respiratory,9,1325.99,0.3214,30.0,8.999,30.0,9,NORMAL,0,0.0,Stock is within 90 days of recent demand
BR004,MED421,Montelukast 10mg (LifeSpring Pharma),Respiratory,9,1317.05,0.1429,67.5,4.243,63.6,4,NORMAL,0,0.0,Stock is within 90 days of recent demand
BR004,MED427,Montelukast 5mg (NovaMed Laboratories),Respiratory,3,490.74,0.3929,8.2,8.451,10.6,11,NORMAL,0,0.0,Stock is within 90 days of recent demand
BR004,MED428,Montelukast 5mg (Summit Lifesciences),Respiratory,12,1931.35,0.1429,90.0,3.89,92.5,4,NORMAL,0,0.0,Stock is within 90 days of recent demand
BR004,MED429,Montelukast 5mg (TrueLife Remedies),Respiratory,7,1327.1,0.4643,14.0,14.009,15.0,15,NORMAL,0,0.0,Stock is within 90 days of recent demand
BR004,MED430,Salbutamol Inhaler 100mcg (Aarogya Formulations),Respiratory,4,501.28,0.1071,40.0,1.972,60.9,3,NORMAL,0,0.0,Stock is within 90 days of recent demand
BR004,MED431,Salbutamol Inhaler 100mcg (ApexLife Pharma),Respiratory,9,1138.2,0.4643,19.3,7.286,37.1,14,NORMAL,0,0.0,Stock is within 90 days of recent demand
BR004,MED432,Salbutamol Inhaler 100mcg (Stellar Formulations),Respiratory,31,4067.99,2.3214,13.7,62.628,14.8,68,NORMAL,0,0.0,Stock is within 90 days of recent demand
BR004,MED434,Salbutamol Inhaler 100mcg (TrueLife Remedies),Respiratory,8,936.9,0.1429,60.0,3.604,66.6,4,NORMAL,0,0.0,Stock is within 90 days of recent demand
BR004,MED436,Salbutamol Inhaler 200mcg,Respiratory,8,1367.31,0.2857,26.7,6.383,37.6,9,NORMAL,0,0.0,Stock is within 90 days of recent demand
BR004,MED437,Salbutamol Inhaler 200mcg (BlueCrest Pharma),Respiratory,9,1174.58,0.1786,45.0,3.81,70.9,6,NORMAL,0,0.0,Stock is within 90 days of recent demand
BR004,MED439,Salbutamol Inhaler 200mcg (HealthAxis Pharma),Respiratory,12,1736.52,0.1429,90.0,4.311,83.5,4,NORMAL,0,0.0,Stock is within 90 days of recent demand
BR004,MED440,Salbutamol Inhaler 200mcg (Stellar Formulations),Respiratory,15,1981.95,0.2143,75.0,6.212,72.4,6,NORMAL,0,0.0,Stock is within 90 days of recent demand
BR004,MED441,Salbutamol Inhaler 200mcg (Summit Lifesciences),Respiratory,9,1289.57,0.1071,90.0,3.108,86.9,3,NORMAL,0,0.0,Stock is within 90 days of recent demand
BR004,MED443,Calcium + Vitamin D3 500mg/250IU (ApexLife Pharma),Vitamins,14,1324.65,0.8929,11.4,26.458,15.9,37,NORMAL,0,0.0,Stock is within 90 days of recent demand
BR004,MED444,Calcium + Vitamin D3 500mg/250IU (CureLine Healthcare),Vitamins,8,779.3,1.0714,7.3,26.129,9.2,33,NORMAL,0,0.0,Stock is within 90 days of recent demand
BR004,MED445,Calcium + Vitamin D3 500mg/250IU (HealthAxis Pharma),Vitamins,20,1771.7,0.75,25.0,22.675,26.5,24,NORMAL,0,0.0,Stock is within 90 days of recent demand
BR004,MED446,Calcium + Vitamin D3 500mg/250IU (LifeSpring Pharma),Vitamins,21,1671.04,1.1786,18.0,33.306,18.9,35,NORMAL,0,0.0,Stock is within 90 days of recent demand
BR004,MED447,Calcium + Vitamin D3 500mg/250IU (Summit Lifesciences),Vitamins,13,1039.43,0.3571,35.5,10.653,36.6,11,NORMAL,0,0.0,Stock is within 90 days of recent demand
BR004,MED448,Calcium + Vitamin D3 500mg/250IU (TrueLife Remedies),Vitamins,30,2188.2,0.9763,34.6,32.998,27.3,26,NORMAL,0,0.0,Stock is within 90 days of recent demand
BR004,MED449,Iron + Folic Acid 100mg/500mcg (BlueCrest Pharma),Vitamins,2,133.8,0.4286,5.0,5.738,10.5,12,NORMAL,0,0.0,Stock is within 90 days of recent demand
BR004,MED450,Iron + Folic Acid 100mg/500mcg (CarePlus Laboratories),Vitamins,6,387.49,0.1786,25.7,4.9,36.7,7,NORMAL,0,0.0,Stock is within 90 days of recent demand
BR004,MED452,Iron + Folic Acid 100mg/500mcg (HealthAxis Pharma),Vitamins,8,560.98,0.2857,30.0,8.868,27.1,8,NORMAL,0,0.0,Stock is within 90 days of recent demand
BR004,MED454,Iron + Folic Acid 100mg/500mcg (Stellar Formulations),Vitamins,44,2757.02,2.7143,16.1,83.199,15.9,82,NORMAL,0,0.0,Stock is within 90 days of recent demand
BR004,MED456,Iron + Folic Acid 100mg/500mcg (VitaCure Remedies),Vitamins,14,885.1,0.3214,42.0,9.039,46.5,10,NORMAL,0,0.0,Stock is within 90 days of recent demand
BR004,MED457,Multivitamin B-complex+C (BlueCrest Pharma),Vitamins,9,304.78,0.108,90.0,4.048,66.7,3,NORMAL,0,0.0,Stock is within 90 days of recent demand
BR004,MED459,Multivitamin B-complex+C (Summit Lifesciences),Vitamins,37,1221.11,3.75,9.8,107.762,10.3,113,NORMAL,0,0.0,Stock is within 90 days of recent demand
BR004,MED460,Multivitamin B-complex+C (TrueLife Remedies),Vitamins,21,792.78,0.7031,39.4,19.566,32.2,16,NORMAL,0,0.0,Stock is within 90 days of recent demand
BR004,MED461,Vitamin C Chewable 500mg (Aarogya Formulations),Vitamins,29,572.77,1.8214,16.1,50.153,17.3,54,NORMAL,0,0.0,Stock is within 90 days of recent demand
BR004,MED462,Vitamin C Chewable 500mg (ApexLife Pharma),Vitamins,4,81.35,0.1786,24.0,4.821,24.9,5,NORMAL,0,0.0,Stock is within 90 days of recent demand
BR004,MED463,Vitamin C Chewable 500mg (HealthAxis Pharma),Vitamins,12,259.24,0.2143,40.0,6.49,55.5,9,NORMAL,0,0.0,Stock is within 90 days of recent demand
BR004,MED465,Vitamin C Chewable 1000mg,Vitamins,6,152.82,0.8214,6.7,20.844,8.6,27,NORMAL,0,0.0,Stock is within 90 days of recent demand
BR004,MED466,Vitamin C Chewable 1000mg (ApexLife Pharma),Vitamins,69,1885.65,2.7989,25.2,85.773,24.1,82,NORMAL,0,0.0,Stock is within 90 days of recent demand
BR004,MED468,Vitamin C Chewable 1000mg (CarePlus Laboratories),Vitamins,15,347.1,1.3571,11.5,33.498,13.4,39,NORMAL,0,0.0,Stock is within 90 days of recent demand
BR004,MED469,Vitamin C Chewable 1000mg (CureLine Healthcare),Vitamins,15,425.07,0.3214,32.1,8.841,50.9,14,NORMAL,0,0.0,Stock is within 90 days of recent demand
BR004,MED470,Vitamin C Chewable 1000mg (NovaMed Laboratories),Vitamins,13,375.67,0.8214,15.6,22.515,17.3,25,NORMAL,0,0.0,Stock is within 90 days of recent demand
BR004,MED471,Vitamin C Chewable 1000mg (Summit Lifesciences),Vitamins,15,339.07,0.2143,75.0,7.002,64.3,6,NORMAL,0,0.0,Stock is within 90 days of recent demand
BR004,MED472,Vitamin C Chewable 1000mg (TrueLife Remedies),Vitamins,10,255.9,0.1429,75.0,4.933,60.8,4,NORMAL,0,0.0,Stock is within 90 days of recent demand
BR004,MED473,Vitamin C Chewable 1000mg (VitaCure Remedies),Vitamins,19,449.45,0.6153,33.5,19.063,29.9,17,NORMAL,0,0.0,Stock is within 90 days of recent demand
BR004,MED475,Vitamin D3 60000IU (VitaCure Remedies),Vitamins,12,1113.77,0.3214,40.0,8.068,44.6,9,NORMAL,0,0.0,Stock is within 90 days of recent demand
BR004,MED476,Vitamin D3 1000IU,Vitamins,4,483.15,0.5,8.6,11.338,10.6,14,NORMAL,0,0.0,Stock is within 90 days of recent demand
BR004,MED478,Calamine Lotion 100ml (CureLine Healthcare),Dermatological,10,514.55,0.2143,50.0,4.549,65.9,6,NORMAL,0,0.0,Stock is within 90 days of recent demand
BR004,MED480,Calamine Lotion 100ml (Stellar Formulations),Dermatological,4,210.56,0.6071,6.3,13.778,8.7,19,NORMAL,0,0.0,Stock is within 90 days of recent demand
BR004,MED481,Calamine Lotion 100ml (TrueLife Remedies),Dermatological,8,463.63,0.1071,80.0,2.863,83.8,3,NORMAL,0,0.0,Stock is within 90 days of recent demand
BR004,MED482,Clotrimazole Cream 1% (ApexLife Pharma),Dermatological,13,858.52,0.1429,78.0,3.788,103.0,5,NORMAL,0,0.0,Stock is within 90 days of recent demand
BR004,MED483,Clotrimazole Cream 1% (CureLine Healthcare),Dermatological,11,646.44,0.25,41.2,5.963,55.3,8,NORMAL,0,0.0,Stock is within 90 days of recent demand
BR004,MED484,Clotrimazole Cream 2%,Dermatological,5,348.3,0.25,21.4,4.734,31.7,7,NORMAL,0,0.0,Stock is within 90 days of recent demand
BR004,MED486,Clotrimazole Cream 2% (TrueLife Remedies),Dermatological,8,550.1,0.1786,48.0,4.525,53.0,5,NORMAL,0,0.0,Stock is within 90 days of recent demand
BR004,MED487,Fusidic Acid Cream 2% (ApexLife Pharma),Dermatological,6,602.18,0.0766,90.0,2.168,83.0,2,NORMAL,0,0.0,Stock is within 90 days of recent demand
BR004,MED488,Fusidic Acid Cream 2% (BlueCrest Pharma),Dermatological,1,103.52,0.2143,5.0,2.747,10.9,6,NORMAL,0,0.0,Stock is within 90 days of recent demand
BR004,MED490,Hydrocortisone Cream 1% (CarePlus Laboratories),Dermatological,10,471.74,0.3929,27.3,10.223,29.3,11,NORMAL,0,0.0,Stock is within 90 days of recent demand
BR004,MED491,Hydrocortisone Cream 1% (CureLine Healthcare),Dermatological,9,498.34,0.4286,20.8,11.432,23.6,13,NORMAL,0,0.0,Stock is within 90 days of recent demand
BR004,MED492,Hydrocortisone Cream 1% (Summit Lifesciences),Dermatological,6,262.92,0.1071,60.0,2.502,71.9,3,NORMAL,0,0.0,Stock is within 90 days of recent demand
BR004,MED493,Ketoconazole Shampoo 2% (Aarogya Formulations),Dermatological,4,625.28,0.2143,20.0,3.517,34.1,6,NORMAL,0,0.0,Stock is within 90 days of recent demand
BR004,MED495,Ketoconazole Shampoo 2% (VitaCure Remedies),Dermatological,4,542.56,0.1786,24.0,2.923,41.1,5,NORMAL,0,0.0,Stock is within 90 days of recent demand
BR004,MED497,Mupirocin Ointment 2% (CarePlus Laboratories),Dermatological,6,581.08,0.2143,25.7,5.324,33.8,7,NORMAL,0,0.0,Stock is within 90 days of recent demand
BR004,MED499,Mupirocin Ointment 2% (Summit Lifesciences),Dermatological,9,853.52,0.25,38.6,5.109,52.8,7,NORMAL,0,0.0,Stock is within 90 days of recent demand
BR004,MED500,Mupirocin Ointment 2% (VitaCure Remedies),Dermatological,3,295.11,0.0714,45.0,1.573,57.2,2,NORMAL,0,0.0,Stock is within 90 days of recent demand
BR005,MED001,Paracetamol 500mg,Analgesics,39,786.63,4.6786,8.2,134.552,8.7,143,NORMAL,0,0.0,Stock is within 90 days of recent demand
BR005,MED002,Diclofenac 50mg,Analgesics,14,396.76,0.5,26.2,12.336,34.0,16,NORMAL,0,0.0,Stock is within 90 days of recent demand
BR005,MED003,Amoxicillin 500mg,Antibiotics,22,1469.63,0.4846,60.0,13.693,48.2,11,NORMAL,0,0.0,Stock is within 90 days of recent demand
BR005,MED004,Azithromycin 500mg,Antibiotics,5,434.65,0.4643,9.4,9.024,16.6,16,NORMAL,0,0.0,Stock is within 90 days of recent demand
BR005,MED005,Paracetamol 650mg,Antipyretics,36,702.56,3.25,10.7,86.588,12.5,101,NORMAL,0,0.0,Stock is within 90 days of recent demand
BR005,MED007,Cetirizine 10mg,Antihistamines,81,1450.64,5.759,15.1,170.002,14.3,161,NORMAL,0,0.0,Stock is within 90 days of recent demand
BR005,MED009,Pantoprazole 40mg,Gastrointestinal,103,5691.49,4.2184,24.7,131.385,23.5,125,NORMAL,0,0.0,Stock is within 90 days of recent demand
BR005,MED010,Ondansetron 4mg,Gastrointestinal,6,255.96,0.1429,36.0,3.396,53.0,5,NORMAL,0,0.0,Stock is within 90 days of recent demand
BR005,MED011,Amlodipine 5mg,Cardiovascular,102,2713.14,9.1786,11.2,261.242,11.7,272,NORMAL,0,0.0,Stock is within 90 days of recent demand
BR005,MED012,Atorvastatin 10mg,Cardiovascular,90,7219.8,6.3429,14.4,194.552,13.9,187,NORMAL,0,0.0,Stock is within 90 days of recent demand
BR005,MED013,Metformin 500mg,Antidiabetic,58,1350.96,4.6071,13.4,134.402,12.9,130,NORMAL,0,0.0,Stock is within 90 days of recent demand
BR005,MED014,Glimepiride 2mg,Antidiabetic,50,5500.86,3.9286,13.3,117.429,12.8,113,NORMAL,0,0.0,Stock is within 90 days of recent demand
BR005,MED015,Ambroxol + Levosalbutamol Syrup 100ml,Respiratory,51,4274.1,2.3409,22.2,69.932,21.9,69,NORMAL,0,0.0,Stock is within 90 days of recent demand
BR005,MED017,Vitamin C Chewable 500mg,Vitamins,81,1636.55,2.0357,39.2,58.281,41.7,62,NORMAL,0,0.0,Stock is within 90 days of recent demand
BR005,MED018,Vitamin D3 60000IU,Vitamins,6,592.5,0.3929,16.4,10.313,17.5,11,NORMAL,0,0.0,Stock is within 90 days of recent demand
BR005,MED019,Clotrimazole Cream 1%,Dermatological,9,563.67,0.9643,8.4,23.658,11.4,32,NORMAL,0,0.0,Stock is within 90 days of recent demand
BR005,MED020,Mupirocin Ointment 2%,Dermatological,26,2823.24,0.1681,86.7,5.365,145.4,9,NORMAL,0,0.0,Stock is within 90 days of recent demand
BR005,MED021,Ibuprofen 400mg,Analgesics,19,431.49,0.8929,19.0,28.097,20.3,30,NORMAL,0,0.0,Stock is within 90 days of recent demand
BR005,MED022,Aceclofenac + Paracetamol 100mg/325mg,Analgesics,9,489.7,1.0,9.6,26.413,10.2,28,NORMAL,0,0.0,Stock is within 90 days of recent demand
BR005,MED023,Naproxen 250mg,Analgesics,3,180.63,0.1786,15.0,3.325,27.1,6,NORMAL,0,0.0,Stock is within 90 days of recent demand
BR005,MED024,Cefixime 200mg,Antibiotics,16,1202.08,1.6429,10.2,39.033,12.3,47,NORMAL,0,0.0,Stock is within 90 days of recent demand
BR005,MED025,Ciprofloxacin 500mg,Antibiotics,15,639.01,0.5714,26.5,16.314,27.6,17,NORMAL,0,0.0,Stock is within 90 days of recent demand
BR005,MED026,Doxycycline 100mg,Antibiotics,11,597.47,0.4643,25.4,13.437,24.6,13,NORMAL,0,0.0,Stock is within 90 days of recent demand
BR005,MED027,Amoxicillin + Clavulanic Acid 625mg,Antibiotics,6,869.14,1.0,6.4,23.753,7.6,28,NORMAL,0,0.0,Stock is within 90 days of recent demand
BR005,MED029,Paracetamol Drops 100mg/ml,Antipyretics,12,321.85,0.2857,45.0,7.456,48.3,8,NORMAL,0,0.0,Stock is within 90 days of recent demand
BR005,MED030,Levocetirizine 5mg,Antihistamines,9,454.32,0.7143,12.3,16.289,16.6,22,NORMAL,0,0.0,Stock is within 90 days of recent demand
BR005,MED031,Montelukast + Levocetirizine 10mg/5mg,Antihistamines,26,4162.6,1.8929,13.4,55.806,14.0,58,NORMAL,0,0.0,Stock is within 90 days of recent demand
BR005,MED033,Omeprazole 20mg,Gastrointestinal,118,4876.14,5.9643,20.6,179.434,19.7,172,NORMAL,0,0.0,Stock is within 90 days of recent demand
BR005,MED034,Domperidone 10mg,Gastrointestinal,25,893.85,3.3571,7.4,93.604,8.0,101,NORMAL,0,0.0,Stock is within 90 days of recent demand
BR005,MED035,ORS Powder 21.8g,Gastrointestinal,11,186.67,1.0714,11.0,26.566,12.4,30,NORMAL,0,0.0,Stock is within 90 days of recent demand
BR005,MED037,Telmisartan 40mg,Cardiovascular,246,25028.22,10.3214,24.6,300.025,24.6,300,NORMAL,0,0.0,Stock is within 90 days of recent demand
BR005,MED038,Losartan 50mg,Cardiovascular,17,1071.45,1.0357,17.6,29.656,17.2,29,NORMAL,0,0.0,Stock is within 90 days of recent demand
BR005,MED039,Metoprolol 50mg,Cardiovascular,35,1816.5,1.6071,22.3,45.411,23.1,47,NORMAL,0,0.0,Stock is within 90 days of recent demand
BR005,MED040,Rosuvastatin 10mg,Cardiovascular,10,1346.52,1.75,6.0,41.215,7.3,50,NORMAL,0,0.0,Stock is within 90 days of recent demand
BR005,MED042,Aspirin 75mg,Cardiovascular,43,250.92,1.8929,22.6,49.969,25.8,57,NORMAL,0,0.0,Stock is within 90 days of recent demand
BR005,MED043,Glimepiride + Metformin 2mg/500mg,Antidiabetic,56,6627.48,5.5,10.5,160.257,10.5,160,NORMAL,0,0.0,Stock is within 90 days of recent demand
BR005,MED045,Gliclazide 80mg,Antidiabetic,14,747.55,0.2143,70.0,6.087,69.0,6,NORMAL,0,0.0,Stock is within 90 days of recent demand
BR005,MED046,Montelukast 10mg,Respiratory,34,5193.84,1.864,19.2,53.616,19.0,53,NORMAL,0,0.0,Stock is within 90 days of recent demand
BR005,MED048,Dextromethorphan Syrup 100ml,Respiratory,9,594.19,1.5357,5.4,37.864,7.1,50,NORMAL,0,0.0,Stock is within 90 days of recent demand
BR005,MED049,Multivitamin B-complex+C,Vitamins,31,1108.56,1.9643,16.6,49.626,18.7,56,NORMAL,0,0.0,Stock is within 90 days of recent demand
BR005,MED050,Calcium + Vitamin D3 500mg/250IU,Vitamins,12,1080.45,0.2857,30.0,7.434,48.4,12,NORMAL,0,0.0,Stock is within 90 days of recent demand
BR005,MED055,Ketoconazole Shampoo 2%,Dermatological,14,2004.98,0.3214,46.7,6.894,60.9,9,NORMAL,0,0.0,Stock is within 90 days of recent demand
BR005,MED056,Aceclofenac + Paracetamol 100mg/325mg (HealthAxis Pharma),Analgesics,8,409.26,0.0794,48.0,2.74,87.6,5,NORMAL,0,0.0,Stock is within 90 days of recent demand
BR005,MED058,Aceclofenac + Paracetamol 100mg/325mg (VitaCure Remedies),Analgesics,20,1071.8,0.6786,31.6,21.218,28.3,19,NORMAL,0,0.0,Stock is within 90 days of recent demand
BR005,MED060,Diclofenac 50mg (CarePlus Laboratories),Analgesics,26,926.06,0.973,24.4,32.283,24.2,32,NORMAL,0,0.0,Stock is within 90 days of recent demand
BR005,MED061,Diclofenac 50mg (Stellar Formulations),Analgesics,8,230.92,0.2857,30.0,6.057,39.6,8,NORMAL,0,0.0,Stock is within 90 days of recent demand
BR005,MED062,Diclofenac 50mg (TrueLife Remedies),Analgesics,11,374.71,0.3571,33.0,6.715,49.1,10,NORMAL,0,0.0,Stock is within 90 days of recent demand
BR005,MED063,Diclofenac 50mg (VitaCure Remedies),Analgesics,11,286.0,0.8214,14.3,24.393,13.5,23,NORMAL,0,0.0,Stock is within 90 days of recent demand
BR005,MED064,Diclofenac 100mg,Analgesics,12,411.14,0.1786,45.0,4.418,81.5,8,NORMAL,0,0.0,Stock is within 90 days of recent demand
BR005,MED066,Diclofenac 100mg (VitaCure Remedies),Analgesics,4,160.4,0.1786,20.0,4.461,26.9,6,NORMAL,0,0.0,Stock is within 90 days of recent demand
BR005,MED068,Ibuprofen 400mg (CureLine Healthcare),Analgesics,16,355.24,0.2857,60.0,7.371,65.1,8,NORMAL,0,0.0,Stock is within 90 days of recent demand
BR005,MED069,Ibuprofen 400mg (HealthAxis Pharma),Analgesics,20,468.04,1.1429,17.6,32.704,18.3,34,NORMAL,0,0.0,Stock is within 90 days of recent demand
BR005,MED070,Ibuprofen 400mg (NovaMed Laboratories),Analgesics,42,1201.5,1.2093,36.0,39.017,32.3,35,NORMAL,0,0.0,Stock is within 90 days of recent demand
BR005,MED071,Ibuprofen 400mg (Stellar Formulations),Analgesics,15,354.3,0.2143,64.3,7.415,60.7,7,NORMAL,0,0.0,Stock is within 90 days of recent demand
BR005,MED073,Ibuprofen 200mg,Analgesics,6,188.04,0.8571,6.0,22.283,8.1,30,NORMAL,0,0.0,Stock is within 90 days of recent demand
BR005,MED074,Ibuprofen 200mg (LifeSpring Pharma),Analgesics,11,328.14,0.1786,66.0,5.634,58.6,5,NORMAL,0,0.0,Stock is within 90 days of recent demand
BR005,MED075,Ibuprofen 200mg (Summit Lifesciences),Analgesics,11,294.92,0.6071,16.5,18.282,18.1,20,NORMAL,0,0.0,Stock is within 90 days of recent demand
BR005,MED076,Ibuprofen 200mg (TrueLife Remedies),Analgesics,12,346.81,0.8214,15.0,23.513,15.3,24,NORMAL,0,0.0,Stock is within 90 days of recent demand
BR005,MED077,Ibuprofen 200mg (VitaCure Remedies),Analgesics,10,321.5,0.25,37.5,7.258,41.3,8,NORMAL,0,0.0,Stock is within 90 days of recent demand
BR005,MED078,Ibuprofen 600mg,Analgesics,15,520.35,1.0714,15.0,29.887,15.1,30,NORMAL,0,0.0,Stock is within 90 days of recent demand
BR005,MED079,Ibuprofen 600mg (BlueCrest Pharma),Analgesics,26,906.04,1.0357,26.0,31.628,24.7,30,NORMAL,0,0.0,Stock is within 90 days of recent demand
BR005,MED080,Ibuprofen 600mg (HealthAxis Pharma),Analgesics,6,247.62,0.5714,10.6,10.229,17.6,17,NORMAL,0,0.0,Stock is within 90 days of recent demand
BR005,MED081,Ibuprofen 600mg (NovaMed Laboratories),Analgesics,30,956.7,1.0,27.3,34.586,26.0,33,NORMAL,0,0.0,Stock is within 90 days of recent demand
BR005,MED082,Naproxen 250mg (CureLine Healthcare),Analgesics,37,2281.79,2.1429,17.6,62.551,17.7,63,NORMAL,0,0.0,Stock is within 90 days of recent demand
BR005,MED083,Naproxen 250mg (HealthAxis Pharma),Analgesics,12,625.83,0.8929,14.4,25.579,14.1,25,NORMAL,0,0.0,Stock is within 90 days of recent demand
BR005,MED084,Naproxen 250mg (VitaCure Remedies),Analgesics,25,1300.49,1.5,17.0,40.33,18.6,44,NORMAL,0,0.0,Stock is within 90 days of recent demand
BR005,MED086,Naproxen 500mg (CarePlus Laboratories),Analgesics,132,7912.08,8.3571,15.9,253.002,15.7,249,NORMAL,0,0.0,Stock is within 90 days of recent demand
BR005,MED087,Naproxen 500mg (LifeSpring Pharma),Analgesics,3,205.32,0.1429,18.0,2.779,32.4,5,NORMAL,0,0.0,Stock is within 90 days of recent demand
BR005,MED090,Paracetamol 500mg (CarePlus Laboratories),Analgesics,12,228.72,0.2961,40.0,10.572,34.1,9,NORMAL,0,0.0,Stock is within 90 days of recent demand
BR005,MED091,Paracetamol 500mg (HealthAxis Pharma),Analgesics,27,511.92,2.25,11.7,63.67,12.7,69,NORMAL,0,0.0,Stock is within 90 days of recent demand
BR005,MED092,Paracetamol 500mg (LifeSpring Pharma),Analgesics,3,59.13,0.5357,5.6,11.467,7.8,16,NORMAL,0,0.0,Stock is within 90 days of recent demand
BR005,MED094,Paracetamol 250mg (Stellar Formulations),Analgesics,8,168.44,0.1786,48.0,5.207,46.1,5,NORMAL,0,0.0,Stock is within 90 days of recent demand
BR005,MED095,Amoxicillin 250mg,Antibiotics,14,965.02,0.7143,21.0,18.851,22.3,20,NORMAL,0,0.0,Stock is within 90 days of recent demand
BR005,MED096,Amoxicillin 250mg (CureLine Healthcare),Antibiotics,12,967.19,0.6071,16.4,16.157,22.3,22,NORMAL,0,0.0,Stock is within 90 days of recent demand
BR005,MED097,Amoxicillin 250mg (LifeSpring Pharma),Antibiotics,30,2797.71,0.9643,33.3,30.49,29.5,27,NORMAL,0,0.0,Stock is within 90 days of recent demand
BR005,MED098,Amoxicillin 250mg (NovaMed Laboratories),Antibiotics,6,562.65,0.4286,15.0,11.27,16.0,12,NORMAL,0,0.0,Stock is within 90 days of recent demand
BR005,MED100,Amoxicillin 250mg (TrueLife Remedies),Antibiotics,0,0.0,0.3214,0.0,4.66,0.0,9,NORMAL,0,0.0,No stock on hand
BR005,MED101,Amoxicillin + Clavulanic Acid 625mg (CureLine Healthcare),Antibiotics,4,663.56,0.0467,60.0,1.667,72.0,2,NORMAL,0,0.0,Stock is within 90 days of recent demand
BR005,MED103,Amoxicillin + Clavulanic Acid 625mg (Stellar Formulations),Antibiotics,9,1140.68,0.25,38.6,6.124,44.1,7,NORMAL,0,0.0,Stock is within 90 days of recent demand
BR005,MED104,Amoxicillin + Clavulanic Acid 375mg,Antibiotics,23,4534.13,2.4286,9.3,64.433,10.7,74,NORMAL,0,0.0,Stock is within 90 days of recent demand
BR005,MED105,Amoxicillin + Clavulanic Acid 375mg (NovaMed Laboratories),Antibiotics,44,6998.2,2.9643,14.7,87.59,15.1,90,NORMAL,0,0.0,Stock is within 90 days of recent demand
BR005,MED106,Amoxicillin + Clavulanic Acid 375mg (Summit Lifesciences),Antibiotics,6,1059.84,0.2143,18.0,4.399,40.9,10,NORMAL,0,0.0,Stock is within 90 days of recent demand
BR005,MED107,Amoxicillin + Clavulanic Acid 375mg (TrueLife Remedies),Antibiotics,16,2821.16,0.6786,21.8,18.358,26.1,22,NORMAL,0,0.0,Stock is within 90 days of recent demand
BR005,MED108,Azithromycin 500mg (Aarogya Formulations),Antibiotics,25,2591.22,0.9643,27.8,30.073,24.9,27,NORMAL,0,0.0,Stock is within 90 days of recent demand
BR005,MED109,Azithromycin 500mg (ApexLife Pharma),Antibiotics,3,287.74,0.3929,5.6,8.009,11.2,16,NORMAL,0,0.0,Stock is within 90 days of recent demand
BR005,MED111,Azithromycin 250mg,Antibiotics,4,421.48,0.3929,10.9,6.389,18.8,11,NORMAL,0,0.0,Stock is within 90 days of recent demand
BR005,MED112,Azithromycin 250mg (ApexLife Pharma),Antibiotics,6,634.98,0.3929,16.4,10.687,16.8,11,NORMAL,0,0.0,Stock is within 90 days of recent demand
BR005,MED113,Azithromycin 250mg (BlueCrest Pharma),Antibiotics,71,6284.21,5.2143,13.4,151.996,14.0,159,NORMAL,0,0.0,Stock is within 90 days of recent demand
BR005,MED114,Azithromycin 250mg (CarePlus Laboratories),Antibiotics,16,1708.16,0.2857,53.3,7.534,63.7,9,NORMAL,0,0.0,Stock is within 90 days of recent demand
BR005,MED115,Azithromycin 250mg (CureLine Healthcare),Antibiotics,12,1443.13,0.0864,90.0,2.758,130.5,4,NORMAL,0,0.0,Stock is within 90 days of recent demand
BR005,MED116,Azithromycin 250mg (HealthAxis Pharma),Antibiotics,14,1441.61,0.5357,26.2,15.18,27.7,16,NORMAL,0,0.0,Stock is within 90 days of recent demand
BR005,MED117,Azithromycin 250mg (LifeSpring Pharma),Antibiotics,62,7281.9,7.5357,8.3,205.687,9.0,223,NORMAL,0,0.0,Stock is within 90 days of recent demand
BR005,MED118,Azithromycin 250mg (NovaMed Laboratories),Antibiotics,13,1306.51,0.1786,55.7,3.851,101.3,7,NORMAL,0,0.0,Stock is within 90 days of recent demand
BR005,MED120,Cefixime 200mg (ApexLife Pharma),Antibiotics,7,667.31,0.3214,21.0,8.175,25.7,10,NORMAL,0,0.0,Stock is within 90 days of recent demand
BR005,MED122,Cefixime 200mg (NovaMed Laboratories),Antibiotics,12,959.21,0.8929,13.8,22.067,16.3,26,NORMAL,0,0.0,Stock is within 90 days of recent demand
BR005,MED125,Cefixime 100mg (HealthAxis Pharma),Antibiotics,6,590.04,0.4286,15.0,10.581,17.0,12,NORMAL,0,0.0,Stock is within 90 days of recent demand
BR005,MED126,Cefixime 100mg (NovaMed Laboratories),Antibiotics,7,588.14,0.1429,52.5,3.021,69.5,4,NORMAL,0,0.0,Stock is within 90 days of recent demand
BR005,MED127,Cefixime 100mg (VitaCure Remedies),Antibiotics,10,1047.82,3.4286,3.1,90.229,3.3,98,NORMAL,0,0.0,Stock is within 90 days of recent demand
BR005,MED128,Ciprofloxacin 500mg (BlueCrest Pharma),Antibiotics,6,266.46,0.1786,36.0,2.99,60.2,5,NORMAL,0,0.0,Stock is within 90 days of recent demand
BR005,MED129,Ciprofloxacin 250mg,Antibiotics,6,314.82,0.5,12.9,9.869,18.2,14,NORMAL,0,0.0,Stock is within 90 days of recent demand
BR005,MED130,Ciprofloxacin 250mg (LifeSpring Pharma),Antibiotics,28,1303.05,1.5,19.5,37.887,22.2,43,NORMAL,0,0.0,Stock is within 90 days of recent demand
BR005,MED131,Doxycycline 100mg (Aarogya Formulations),Antibiotics,13,736.45,0.6429,18.6,17.643,22.1,21,NORMAL,0,0.0,Stock is within 90 days of recent demand
BR005,MED132,Doxycycline 100mg (ApexLife Pharma),Antibiotics,9,512.64,0.3571,27.0,7.426,36.4,10,NORMAL,0,0.0,Stock is within 90 days of recent demand
BR005,MED134,Doxycycline 100mg (Summit Lifesciences),Antibiotics,10,516.4,0.4643,20.0,13.412,22.4,15,NORMAL,0,0.0,Stock is within 90 days of recent demand
BR005,MED135,Mefenamic Acid 250mg (ApexLife Pharma),Antipyretics,2,75.82,1.25,1.5,26.42,2.3,40,NORMAL,0,0.0,Stock is within 90 days of recent demand
BR005,MED136,Mefenamic Acid 250mg (HealthAxis Pharma),Antipyretics,9,302.79,0.25,38.6,4.944,54.6,7,NORMAL,0,0.0,Stock is within 90 days of recent demand
BR005,MED137,Mefenamic Acid 250mg (LifeSpring Pharma),Antipyretics,11,354.64,0.25,41.2,6.67,49.5,8,NORMAL,0,0.0,Stock is within 90 days of recent demand
BR005,MED138,Mefenamic Acid 250mg (NovaMed Laboratories),Antipyretics,25,796.16,1.0,22.7,28.409,26.4,33,NORMAL,0,0.0,Stock is within 90 days of recent demand
BR005,MED139,Mefenamic Acid 500mg,Antipyretics,56,1986.88,3.6221,14.9,105.996,15.8,113,NORMAL,0,0.0,Stock is within 90 days of recent demand
BR005,MED140,Mefenamic Acid 500mg (CureLine Healthcare),Antipyretics,4,157.26,0.6429,6.3,11.86,10.1,19,NORMAL,0,0.0,Stock is within 90 days of recent demand
BR005,MED141,Mefenamic Acid 500mg (HealthAxis Pharma),Antipyretics,11,376.73,0.3214,33.0,8.247,40.0,10,NORMAL,0,0.0,Stock is within 90 days of recent demand
BR005,MED142,Mefenamic Acid 500mg (Kavach Healthcare),Antipyretics,33,1371.15,2.7143,12.7,77.988,12.7,78,NORMAL,0,0.0,Stock is within 90 days of recent demand
BR005,MED143,Mefenamic Acid 500mg (LifeSpring Pharma),Antipyretics,3,122.13,0.2143,15.0,3.114,28.9,6,NORMAL,0,0.0,Stock is within 90 days of recent demand
BR005,MED144,Mefenamic Acid 500mg (NovaMed Laboratories),Antipyretics,35,1331.4,2.3929,14.6,67.336,15.6,72,NORMAL,0,0.0,Stock is within 90 days of recent demand
BR005,MED146,Mefenamic Acid 500mg (Summit Lifesciences),Antipyretics,6,283.86,0.0821,90.0,2.344,76.8,2,NORMAL,0,0.0,Stock is within 90 days of recent demand
BR005,MED147,Mefenamic Acid 500mg (TrueLife Remedies),Antipyretics,15,550.87,0.1429,90.0,4.118,109.3,5,NORMAL,0,0.0,Stock is within 90 days of recent demand
BR005,MED148,Mefenamic Acid 500mg (VitaCure Remedies),Antipyretics,17,660.79,0.4643,39.2,7.48,68.2,13,NORMAL,0,0.0,Stock is within 90 days of recent demand
BR005,MED149,Paracetamol 650mg (Aarogya Formulations),Antipyretics,8,169.88,0.3571,20.0,8.11,29.6,12,NORMAL,0,0.0,Stock is within 90 days of recent demand
BR005,MED150,Paracetamol 650mg (CarePlus Laboratories),Antipyretics,15,282.06,0.3214,50.0,6.709,67.1,9,NORMAL,0,0.0,Stock is within 90 days of recent demand
BR005,MED151,Paracetamol Drops 100mg/ml (Aarogya Formulations),Antipyretics,12,310.27,0.3929,24.0,10.464,34.4,15,NORMAL,0,0.0,Stock is within 90 days of recent demand
BR005,MED152,Paracetamol Suspension 250mg/5ml (Aarogya Formulations),Antipyretics,11,390.42,0.8571,11.8,21.03,15.7,28,NORMAL,0,0.0,Stock is within 90 days of recent demand
BR005,MED153,Paracetamol Suspension 250mg/5ml (BlueCrest Pharma),Antipyretics,4,148.68,0.1071,40.0,2.776,43.2,3,NORMAL,0,0.0,Stock is within 90 days of recent demand
BR005,MED154,Paracetamol Suspension 250mg/5ml (CarePlus Laboratories),Antipyretics,12,400.29,0.5714,21.2,14.609,24.6,17,NORMAL,0,0.0,Stock is within 90 days of recent demand
BR005,MED155,Paracetamol Suspension 250mg/5ml (CureLine Healthcare),Antipyretics,11,364.87,1.5357,7.7,37.428,8.8,43,NORMAL,0,0.0,Stock is within 90 days of recent demand
BR005,MED156,Paracetamol Suspension 250mg/5ml (TrueLife Remedies),Antipyretics,11,377.85,0.3214,36.7,5.227,63.1,9,NORMAL,0,0.0,Stock is within 90 days of recent demand
BR005,MED158,Paracetamol Suspension 125mg/5ml (LifeSpring Pharma),Antipyretics,44,1892.82,2.2229,20.6,63.558,20.8,64,NORMAL,0,0.0,Stock is within 90 days of recent demand
BR005,MED159,Paracetamol Suspension 125mg/5ml (NovaMed Laboratories),Antipyretics,10,501.2,0.3929,27.3,11.229,26.7,11,NORMAL,0,0.0,Stock is within 90 days of recent demand
BR005,MED161,Paracetamol Suspension 125mg/5ml (VitaCure Remedies),Antipyretics,3,143.25,0.3929,8.2,8.36,10.8,11,NORMAL,0,0.0,Stock is within 90 days of recent demand
BR005,MED162,Cetirizine 10mg (ApexLife Pharma),Antihistamines,8,123.13,0.2857,30.0,6.621,36.2,8,NORMAL,0,0.0,Stock is within 90 days of recent demand
BR005,MED163,Cetirizine 10mg (CureLine Healthcare),Antihistamines,24,429.12,1.5714,13.6,45.461,15.8,53,NORMAL,0,0.0,Stock is within 90 days of recent demand
BR005,MED164,Cetirizine 10mg (LifeSpring Pharma),Antihistamines,7,109.59,0.1786,42.0,5.61,37.4,5,NORMAL,0,0.0,Stock is within 90 days of recent demand
BR005,MED165,Cetirizine 10mg (Stellar Formulations),Antihistamines,29,479.19,0.7406,58.0,23.163,37.6,15,NORMAL,0,0.0,Stock is within 90 days of recent demand
BR005,MED166,Cetirizine 10mg (Summit Lifesciences),Antihistamines,15,261.6,0.4643,32.1,13.286,33.9,14,NORMAL,0,0.0,Stock is within 90 days of recent demand
BR005,MED167,Cetirizine 10mg (TrueLife Remedies),Antihistamines,33,537.57,1.6786,18.7,48.706,20.3,53,NORMAL,0,0.0,Stock is within 90 days of recent demand
BR005,MED168,Cetirizine 5mg,Antihistamines,7,115.0,0.2857,26.2,6.535,32.1,8,NORMAL,0,0.0,Stock is within 90 days of recent demand
BR005,MED169,Cetirizine 5mg (CarePlus Laboratories),Antihistamines,30,556.14,2.9643,10.2,91.505,9.8,88,NORMAL,0,0.0,Stock is within 90 days of recent demand
BR005,MED171,Cetirizine 5mg (Stellar Formulations),Antihistamines,7,115.58,0.7143,10.5,17.532,12.0,20,NORMAL,0,0.0,Stock is within 90 days of recent demand
BR005,MED173,Cetirizine 5mg (TrueLife Remedies),Antihistamines,27,430.11,7.75,3.7,228.098,3.6,220,NORMAL,0,0.0,Stock is within 90 days of recent demand
BR005,MED179,Chlorpheniramine 4mg (LifeSpring Pharma),Antihistamines,4,38.62,0.4643,9.2,7.109,16.9,13,NORMAL,0,0.0,Stock is within 90 days of recent demand
BR005,MED182,Fexofenadine 120mg (BlueCrest Pharma),Antihistamines,30,4558.8,0.9977,29.0,32.652,27.6,31,NORMAL,0,0.0,Stock is within 90 days of recent demand
BR005,MED183,Fexofenadine 120mg (CureLine Healthcare),Antihistamines,18,2542.76,0.4377,45.0,13.131,41.1,12,NORMAL,0,0.0,Stock is within 90 days of recent demand
BR005,MED184,Fexofenadine 120mg (LifeSpring Pharma),Antihistamines,12,1633.54,0.3929,32.7,11.337,31.8,11,NORMAL,0,0.0,Stock is within 90 days of recent demand
BR005,MED185,Fexofenadine 120mg (TrueLife Remedies),Antihistamines,10,1395.2,0.1071,60.0,3.716,80.7,5,NORMAL,0,0.0,Stock is within 90 days of recent demand
BR005,MED186,Fexofenadine 180mg,Antihistamines,10,1741.5,0.75,11.5,21.135,14.2,26,NORMAL,0,0.0,Stock is within 90 days of recent demand
BR005,MED187,Fexofenadine 180mg (CureLine Healthcare),Antihistamines,3,402.36,0.4286,7.5,9.65,9.3,12,NORMAL,0,0.0,Stock is within 90 days of recent demand
BR005,MED189,Fexofenadine 180mg (TrueLife Remedies),Antihistamines,8,1498.02,0.1786,48.0,5.251,45.7,5,NORMAL,0,0.0,Stock is within 90 days of recent demand
BR005,MED190,Levocetirizine 5mg (Aarogya Formulations),Antihistamines,18,900.12,0.25,77.1,7.667,70.4,7,NORMAL,0,0.0,Stock is within 90 days of recent demand
BR005,MED191,Levocetirizine 5mg (BlueCrest Pharma),Antihistamines,16,622.09,0.6429,21.8,20.44,23.5,22,NORMAL,0,0.0,Stock is within 90 days of recent demand
BR005,MED194,Levocetirizine 5mg (NovaMed Laboratories),Antihistamines,15,653.59,0.4524,40.9,14.403,31.2,11,NORMAL,0,0.0,Stock is within 90 days of recent demand
BR005,MED197,Levocetirizine 2.5mg (LifeSpring Pharma),Antihistamines,20,1083.79,1.2143,17.6,34.064,17.6,34,NORMAL,0,0.0,Stock is within 90 days of recent demand
BR005,MED200,Montelukast + Levocetirizine 10mg/5mg (HealthAxis Pharma),Antihistamines,14,1667.26,0.7143,20.0,18.127,23.2,21,NORMAL,0,0.0,Stock is within 90 days of recent demand
BR005,MED202,Montelukast + Levocetirizine 10mg/5mg (Stellar Formulations),Antihistamines,22,3205.08,0.9804,21.3,31.215,21.1,31,NORMAL,0,0.0,Stock is within 90 days of recent demand
BR005,MED205,Domperidone 10mg (BlueCrest Pharma),Gastrointestinal,13,521.91,1.0,13.9,26.057,15.0,28,NORMAL,0,0.0,Stock is within 90 days of recent demand
BR005,MED206,Domperidone 10mg (CarePlus Laboratories),Gastrointestinal,6,240.66,1.6429,3.4,33.839,5.3,53,NORMAL,0,0.0,Stock is within 90 days of recent demand
BR005,MED207,Domperidone 10mg (CureLine Healthcare),Gastrointestinal,17,642.38,0.3571,42.5,7.732,66.0,12,NORMAL,0,0.0,Stock is within 90 days of recent demand
BR005,MED209,Domperidone 10mg (LifeSpring Pharma),Gastrointestinal,11,390.99,0.2857,41.2,5.869,56.2,8,NORMAL,0,0.0,Stock is within 90 days of recent demand
BR005,MED210,Domperidone 10mg (NovaMed Laboratories),Gastrointestinal,16,511.36,0.3929,43.6,7.78,61.7,11,NORMAL,0,0.0,Stock is within 90 days of recent demand
BR005,MED212,Loperamide 2mg (BlueCrest Pharma),Gastrointestinal,3,64.84,0.1071,30.0,2.838,31.7,3,NORMAL,0,0.0,Stock is within 90 days of recent demand
BR005,MED213,Loperamide 2mg (LifeSpring Pharma),Gastrointestinal,9,166.44,0.1071,90.0,2.959,91.2,3,NORMAL,0,0.0,Stock is within 90 days of recent demand
BR005,MED214,Omeprazole 20mg (Aarogya Formulations),Gastrointestinal,9,322.34,0.1071,90.0,3.153,85.6,3,NORMAL,0,0.0,Stock is within 90 days of recent demand
BR005,MED215,Omeprazole 20mg (CarePlus Laboratories),Gastrointestinal,12,485.7,0.8214,13.8,23.558,15.3,26,NORMAL,0,0.0,Stock is within 90 days of recent demand
BR005,MED217,Omeprazole 20mg (HealthAxis Pharma),Gastrointestinal,11,444.95,0.1786,66.0,4.521,73.0,5,NORMAL,0,0.0,Stock is within 90 days of recent demand
BR005,MED218,Omeprazole 20mg (LifeSpring Pharma),Gastrointestinal,12,479.04,0.1786,60.0,4.619,77.9,6,NORMAL,0,0.0,Stock is within 90 days of recent demand
BR005,MED219,Omeprazole 20mg (TrueLife Remedies),Gastrointestinal,6,188.76,1.5357,4.1,34.278,5.3,44,NORMAL,0,0.0,Stock is within 90 days of recent demand
BR005,MED220,Omeprazole 20mg (VitaCure Remedies),Gastrointestinal,12,461.27,0.25,51.4,4.076,88.3,7,NORMAL,0,0.0,Stock is within 90 days of recent demand
BR005,MED221,Omeprazole 40mg,Gastrointestinal,9,392.22,0.1094,90.0,3.784,71.4,3,NORMAL,0,0.0,Stock is within 90 days of recent demand
BR005,MED222,Omeprazole 40mg (ApexLife Pharma),Gastrointestinal,9,393.39,0.8929,9.3,22.084,12.2,29,NORMAL,0,0.0,Stock is within 90 days of recent demand
BR005,MED223,Omeprazole 40mg (LifeSpring Pharma),Gastrointestinal,21,892.42,1.3929,15.0,33.954,18.6,42,NORMAL,0,0.0,Stock is within 90 days of recent demand
BR005,MED224,Omeprazole 40mg (Summit Lifesciences),Gastrointestinal,20,806.6,1.6786,12.2,36.774,16.3,49,NORMAL,0,0.0,Stock is within 90 days of recent demand
BR005,MED225,Omeprazole 40mg (TrueLife Remedies),Gastrointestinal,7,312.27,0.2143,35.0,3.899,53.9,6,NORMAL,0,0.0,Stock is within 90 days of recent demand
BR005,MED226,Ondansetron 4mg (Aarogya Formulations),Gastrointestinal,15,757.79,0.5357,30.0,14.214,31.7,15,NORMAL,0,0.0,Stock is within 90 days of recent demand
BR005,MED228,Ondansetron 4mg (CarePlus Laboratories),Gastrointestinal,12,449.88,0.3571,36.0,5.464,65.9,10,NORMAL,0,0.0,Stock is within 90 days of recent demand
BR005,MED230,Ondansetron 4mg (LifeSpring Pharma),Gastrointestinal,10,430.78,0.2143,50.0,4.202,71.4,6,NORMAL,0,0.0,Stock is within 90 days of recent demand
BR005,MED231,Ondansetron 4mg (NovaMed Laboratories),Gastrointestinal,6,244.44,0.3571,18.0,8.568,21.0,10,NORMAL,0,0.0,Stock is within 90 days of recent demand
BR005,MED233,Ondansetron 4mg (Summit Lifesciences),Gastrointestinal,11,465.69,0.1786,66.0,3.634,90.8,5,NORMAL,0,0.0,Stock is within 90 days of recent demand
BR005,MED234,Ondansetron 4mg (VitaCure Remedies),Gastrointestinal,35,1554.63,1.4643,25.0,41.581,25.3,42,NORMAL,0,0.0,Stock is within 90 days of recent demand
BR005,MED236,Ondansetron 8mg (LifeSpring Pharma),Gastrointestinal,117,6425.32,7.1786,16.0,212.163,16.5,220,NORMAL,0,0.0,Stock is within 90 days of recent demand
BR005,MED237,Ondansetron 8mg (TrueLife Remedies),Gastrointestinal,8,343.12,0.1786,48.0,3.61,66.5,5,NORMAL,0,0.0,Stock is within 90 days of recent demand
BR005,MED238,Ondansetron 8mg (VitaCure Remedies),Gastrointestinal,14,660.8,0.3571,42.0,9.374,44.8,10,NORMAL,0,0.0,Stock is within 90 days of recent demand
BR005,MED239,ORS Powder 21.8g (HealthAxis Pharma),Gastrointestinal,17,231.54,6.5714,2.5,185.988,2.7,201,NORMAL,0,0.0,Stock is within 90 days of recent demand
BR005,MED240,ORS Powder 21.8g (LifeSpring Pharma),Gastrointestinal,6,87.74,0.5714,11.2,12.324,14.6,16,NORMAL,0,0.0,Stock is within 90 days of recent demand
BR005,MED241,ORS Powder 21.8g (Stellar Formulations),Gastrointestinal,39,666.87,1.4286,27.9,41.509,28.2,42,NORMAL,0,0.0,Stock is within 90 days of recent demand
BR005,MED244,ORS Powder 21.8g (VitaCure Remedies),Gastrointestinal,15,258.35,0.1351,90.0,4.222,106.6,5,NORMAL,0,0.0,Stock is within 90 days of recent demand
BR005,MED245,Pantoprazole 40mg (BlueCrest Pharma),Gastrointestinal,5,344.6,1.1071,4.8,25.662,5.8,31,NORMAL,0,0.0,Stock is within 90 days of recent demand
BR005,MED246,Pantoprazole 40mg (CarePlus Laboratories),Gastrointestinal,12,808.56,0.5,24.0,10.432,34.5,15,NORMAL,0,0.0,Stock is within 90 days of recent demand
BR005,MED247,Pantoprazole 40mg (NovaMed Laboratories),Gastrointestinal,30,1560.29,1.0357,30.0,32.861,27.4,30,NORMAL,0,0.0,Stock is within 90 days of recent demand
BR005,MED249,Pantoprazole 20mg,Gastrointestinal,29,1885.67,1.2143,24.2,34.596,25.1,36,NORMAL,0,0.0,Stock is within 90 days of recent demand
BR005,MED250,Pantoprazole 20mg (ApexLife Pharma),Gastrointestinal,10,669.62,0.5,21.4,12.369,24.3,14,NORMAL,0,0.0,Stock is within 90 days of recent demand
BR005,MED251,Pantoprazole 20mg (BlueCrest Pharma),Gastrointestinal,5,339.15,0.25,21.4,4.486,33.4,7,NORMAL,0,0.0,Stock is within 90 days of recent demand
BR005,MED252,Pantoprazole 20mg (CarePlus Laboratories),Gastrointestinal,8,517.76,0.2857,30.0,4.452,53.9,8,NORMAL,0,0.0,Stock is within 90 days of recent demand
BR005,MED253,Pantoprazole 20mg (Stellar Formulations),Gastrointestinal,9,616.26,0.1429,67.5,3.733,72.3,4,NORMAL,0,0.0,Stock is within 90 days of recent demand
BR005,MED254,Pantoprazole 20mg (Summit Lifesciences),Gastrointestinal,4,306.24,0.4643,9.2,8.678,13.8,13,NORMAL,0,0.0,Stock is within 90 days of recent demand
BR005,MED255,Pantoprazole 20mg (VitaCure Remedies),Gastrointestinal,11,725.45,0.1786,66.0,4.346,75.9,5,NORMAL,0,0.0,Stock is within 90 days of recent demand
BR005,MED256,Amlodipine 5mg (BlueCrest Pharma),Cardiovascular,30,822.7,1.1429,23.7,37.544,24.0,38,NORMAL,0,0.0,Stock is within 90 days of recent demand
BR005,MED257,Amlodipine 5mg (LifeSpring Pharma),Cardiovascular,31,827.08,0.9996,32.1,33.247,28.0,29,NORMAL,0,0.0,Stock is within 90 days of recent demand
BR005,MED258,Amlodipine 5mg (NovaMed Laboratories),Cardiovascular,17,491.53,0.2143,85.0,6.084,83.8,6,NORMAL,0,0.0,Stock is within 90 days of recent demand
BR005,MED259,Amlodipine 5mg (Stellar Formulations),Cardiovascular,11,267.31,0.1786,66.0,4.128,79.9,5,NORMAL,0,0.0,Stock is within 90 days of recent demand
BR005,MED262,Amlodipine 2.5mg (LifeSpring Pharma),Cardiovascular,20,685.61,0.8214,23.1,23.296,25.8,26,NORMAL,0,0.0,Stock is within 90 days of recent demand
BR005,MED263,Amlodipine 2.5mg (Stellar Formulations),Cardiovascular,19,631.52,0.4643,43.8,11.997,47.5,13,NORMAL,0,0.0,Stock is within 90 days of recent demand
BR005,MED264,Amlodipine 2.5mg (Summit Lifesciences),Cardiovascular,37,1017.13,1.8571,18.8,44.345,25.0,59,NORMAL,0,0.0,Stock is within 90 days of recent demand
BR005,MED265,Amlodipine 2.5mg (TrueLife Remedies),Cardiovascular,80,2791.6,4.281,19.5,126.174,19.0,123,NORMAL,0,0.0,Stock is within 90 days of recent demand
BR005,MED267,Amlodipine 10mg,Cardiovascular,11,439.34,0.2857,41.2,4.42,74.7,8,NORMAL,0,0.0,Stock is within 90 days of recent demand
BR005,MED269,Amlodipine 10mg (Stellar Formulations),Cardiovascular,83,2711.59,10.5357,7.5,283.461,8.8,330,NORMAL,0,0.0,Stock is within 90 days of recent demand
BR005,MED270,Aspirin 75mg (Aarogya Formulations),Cardiovascular,34,184.44,2.0357,16.5,52.789,19.3,62,NORMAL,0,0.0,Stock is within 90 days of recent demand
BR005,MED271,Aspirin 75mg (ApexLife Pharma),Cardiovascular,4,25.12,0.25,17.1,2.663,45.1,7,NORMAL,0,0.0,Stock is within 90 days of recent demand
BR005,MED272,Aspirin 75mg (BlueCrest Pharma),Cardiovascular,29,193.72,7.1786,4.1,205.578,4.2,213,NORMAL,0,0.0,Stock is within 90 days of recent demand
BR005,MED273,Aspirin 75mg (CureLine Healthcare),Cardiovascular,24,121.68,0.8996,30.0,30.019,24.0,24,NORMAL,0,0.0,Stock is within 90 days of recent demand
BR005,MED275,Aspirin 75mg (NovaMed Laboratories),Cardiovascular,12,70.56,0.3214,40.0,6.963,51.7,9,NORMAL,0,0.0,Stock is within 90 days of recent demand
BR005,MED276,Aspirin 75mg (Stellar Formulations),Cardiovascular,65,395.23,1.6561,40.6,51.397,37.9,48,NORMAL,0,0.0,Stock is within 90 days of recent demand
BR005,MED278,Aspirin 150mg (CarePlus Laboratories),Cardiovascular,23,150.61,1.0379,22.3,33.227,20.8,31,NORMAL,0,0.0,Stock is within 90 days of recent demand
BR005,MED280,Aspirin 150mg (TrueLife Remedies),Cardiovascular,22,162.58,1.3929,16.9,32.502,20.3,39,NORMAL,0,0.0,Stock is within 90 days of recent demand
BR005,MED281,Atorvastatin 10mg (Aarogya Formulations),Cardiovascular,9,610.71,0.2143,30.0,5.229,51.6,9,NORMAL,0,0.0,Stock is within 90 days of recent demand
BR005,MED282,Atorvastatin 10mg (ApexLife Pharma),Cardiovascular,11,855.38,0.4286,27.5,8.591,38.4,12,NORMAL,0,0.0,Stock is within 90 days of recent demand
BR005,MED283,Atorvastatin 10mg (LifeSpring Pharma),Cardiovascular,31,2706.3,1.1071,29.1,36.933,25.2,32,NORMAL,0,0.0,Stock is within 90 days of recent demand
BR005,MED284,Atorvastatin 10mg (Summit Lifesciences),Cardiovascular,43,3460.08,1.409,27.4,45.821,28.2,47,NORMAL,0,0.0,Stock is within 90 days of recent demand
BR005,MED285,Atorvastatin 20mg,Cardiovascular,26,2275.0,1.4286,16.6,32.569,23.9,47,NORMAL,0,0.0,Stock is within 90 days of recent demand
BR005,MED286,Atorvastatin 20mg (BlueCrest Pharma),Cardiovascular,7,559.12,0.9286,7.2,24.566,8.5,29,NORMAL,0,0.0,Stock is within 90 days of recent demand
BR005,MED287,Atorvastatin 20mg (CarePlus Laboratories),Cardiovascular,10,774.09,0.6429,15.8,16.746,17.9,19,NORMAL,0,0.0,Stock is within 90 days of recent demand
BR005,MED288,Atorvastatin 40mg,Cardiovascular,20,1912.7,1.3929,14.0,34.266,17.5,43,NORMAL,0,0.0,Stock is within 90 days of recent demand
BR005,MED290,Atorvastatin 40mg (LifeSpring Pharma),Cardiovascular,4,407.16,0.1429,30.0,2.578,46.5,4,NORMAL,0,0.0,Stock is within 90 days of recent demand
BR005,MED292,Clopidogrel 75mg (Aarogya Formulations),Cardiovascular,39,2526.1,1.5357,26.6,45.485,25.7,44,NORMAL,0,0.0,Stock is within 90 days of recent demand
BR005,MED294,Clopidogrel 75mg (CureLine Healthcare),Cardiovascular,17,1204.07,0.4643,39.2,11.455,44.5,13,NORMAL,0,0.0,Stock is within 90 days of recent demand
BR005,MED295,Clopidogrel 75mg (NovaMed Laboratories),Cardiovascular,9,733.11,0.25,38.6,4.704,57.4,7,NORMAL,0,0.0,Stock is within 90 days of recent demand
BR005,MED296,Clopidogrel 75mg (Stellar Formulations),Cardiovascular,17,1340.98,0.5,30.0,9.967,51.2,17,NORMAL,0,0.0,Stock is within 90 days of recent demand
BR005,MED299,Losartan 50mg (NovaMed Laboratories),Cardiovascular,70,4538.62,6.2857,10.8,185.75,11.3,194,NORMAL,0,0.0,Stock is within 90 days of recent demand
BR005,MED300,Losartan 25mg,Cardiovascular,9,713.76,0.1071,90.0,3.821,70.7,3,NORMAL,0,0.0,Stock is within 90 days of recent demand
BR005,MED301,Losartan 25mg (CarePlus Laboratories),Cardiovascular,80,6800.8,9.5,8.7,267.312,9.0,277,NORMAL,0,0.0,Stock is within 90 days of recent demand
BR005,MED302,Losartan 25mg (HealthAxis Pharma),Cardiovascular,18,1300.34,1.0714,17.4,30.186,17.9,31,NORMAL,0,0.0,Stock is within 90 days of recent demand
BR005,MED303,Losartan 25mg (NovaMed Laboratories),Cardiovascular,18,1321.92,0.1579,90.0,6.578,82.1,6,NORMAL,0,0.0,Stock is within 90 days of recent demand
BR005,MED305,Losartan 25mg (TrueLife Remedies),Cardiovascular,28,2282.28,2.3214,11.8,60.442,13.9,71,NORMAL,0,0.0,Stock is within 90 days of recent demand
BR005,MED306,Metoprolol 50mg (Aarogya Formulations),Cardiovascular,9,494.16,1.5357,6.3,38.062,7.1,43,NORMAL,0,0.0,Stock is within 90 days of recent demand
BR005,MED307,Metoprolol 50mg (BlueCrest Pharma),Cardiovascular,91,4761.8,4.0666,22.2,122.008,22.4,123,NORMAL,0,0.0,Stock is within 90 days of recent demand
BR005,MED308,Metoprolol 50mg (CureLine Healthcare),Cardiovascular,16,740.99,0.2143,68.6,7.272,66.0,7,NORMAL,0,0.0,Stock is within 90 days of recent demand
BR005,MED309,Metoprolol 50mg (NovaMed Laboratories),Cardiovascular,11,602.41,0.4643,25.4,6.468,51.0,13,NORMAL,0,0.0,Stock is within 90 days of recent demand
BR005,MED310,Metoprolol 25mg,Cardiovascular,28,1453.32,1.5,20.0,41.377,20.3,42,NORMAL,0,0.0,Stock is within 90 days of recent demand
BR005,MED311,Metoprolol 25mg (CureLine Healthcare),Cardiovascular,9,651.51,0.9286,9.6,26.341,10.3,28,NORMAL,0,0.0,Stock is within 90 days of recent demand
BR005,MED314,Rosuvastatin 10mg (BlueCrest Pharma),Cardiovascular,40,4994.99,1.4286,29.3,45.152,26.6,41,NORMAL,0,0.0,Stock is within 90 days of recent demand
BR005,MED316,Rosuvastatin 10mg (Summit Lifesciences),Cardiovascular,28,3692.08,1.6071,17.5,42.463,19.8,48,NORMAL,0,0.0,Stock is within 90 days of recent demand
BR005,MED317,Rosuvastatin 5mg,Cardiovascular,18,2780.04,0.3929,49.1,10.888,49.6,11,NORMAL,0,0.0,Stock is within 90 days of recent demand
BR005,MED319,Rosuvastatin 5mg (NovaMed Laboratories),Cardiovascular,34,5736.82,8.0,4.4,220.672,4.6,233,NORMAL,0,0.0,Stock is within 90 days of recent demand
BR005,MED320,Rosuvastatin 5mg (Stellar Formulations),Cardiovascular,29,4523.13,1.0714,29.0,34.555,25.2,30,NORMAL,0,0.0,Stock is within 90 days of recent demand
BR005,MED321,Rosuvastatin 5mg (VitaCure Remedies),Cardiovascular,6,921.6,0.3929,16.4,6.005,30.0,11,NORMAL,0,0.0,Stock is within 90 days of recent demand
BR005,MED322,Rosuvastatin 20mg,Cardiovascular,12,1989.47,1.0,11.6,29.695,12.1,31,NORMAL,0,0.0,Stock is within 90 days of recent demand
BR005,MED324,Rosuvastatin 20mg (Stellar Formulations),Cardiovascular,28,4096.12,1.2143,24.0,36.52,23.0,35,NORMAL,0,0.0,Stock is within 90 days of recent demand
BR005,MED326,Rosuvastatin 20mg (VitaCure Remedies),Cardiovascular,12,2173.08,9.6429,1.3,253.632,1.4,276,NORMAL,0,0.0,Stock is within 90 days of recent demand
BR005,MED327,Telmisartan 40mg (Aarogya Formulations),Cardiovascular,146,12138.82,12.4286,11.7,313.559,14.0,375,NORMAL,0,0.0,Stock is within 90 days of recent demand
BR005,MED329,Telmisartan 40mg (NovaMed Laboratories),Cardiovascular,36,3225.6,2.3929,14.0,62.845,17.2,77,NORMAL,0,0.0,Stock is within 90 days of recent demand
BR005,MED331,Telmisartan 40mg (VitaCure Remedies),Cardiovascular,18,1596.72,0.3571,54.0,9.286,58.2,10,NORMAL,0,0.0,Stock is within 90 days of recent demand
BR005,MED332,Telmisartan 20mg,Cardiovascular,30,3809.1,1.9643,16.4,46.605,19.3,55,NORMAL,0,0.0,Stock is within 90 days of recent demand
BR005,MED334,Telmisartan 20mg (LifeSpring Pharma),Cardiovascular,7,744.39,0.1786,42.0,2.855,73.6,5,NORMAL,0,0.0,Stock is within 90 days of recent demand
BR005,MED335,Telmisartan 20mg (Summit Lifesciences),Cardiovascular,2,216.9,0.3214,6.7,4.377,13.7,9,NORMAL,0,0.0,Stock is within 90 days of recent demand
BR005,MED336,Telmisartan 80mg,Cardiovascular,17,2091.45,0.25,72.9,7.066,72.2,7,NORMAL,0,0.0,Stock is within 90 days of recent demand
BR005,MED337,Telmisartan 80mg (ApexLife Pharma),Cardiovascular,21,2879.68,0.5357,42.0,9.512,66.2,15,NORMAL,0,0.0,Stock is within 90 days of recent demand
BR005,MED338,Telmisartan 80mg (BlueCrest Pharma),Cardiovascular,23,2824.86,1.3929,15.0,38.764,17.8,46,NORMAL,0,0.0,Stock is within 90 days of recent demand
BR005,MED339,Telmisartan 80mg (CureLine Healthcare),Cardiovascular,11,1336.66,0.4286,27.5,8.713,37.9,12,NORMAL,0,0.0,Stock is within 90 days of recent demand
BR005,MED340,Telmisartan 80mg (NovaMed Laboratories),Cardiovascular,8,960.94,0.5,17.1,11.854,20.2,14,NORMAL,0,0.0,Stock is within 90 days of recent demand
BR005,MED341,Telmisartan 80mg (Stellar Formulations),Cardiovascular,3,440.1,0.8929,3.6,23.036,3.9,25,NORMAL,0,0.0,Stock is within 90 days of recent demand
BR005,MED342,Telmisartan 80mg (Summit Lifesciences),Cardiovascular,14,1850.19,0.4643,32.3,12.437,33.8,13,NORMAL,0,0.0,Stock is within 90 days of recent demand
BR005,MED343,Telmisartan 80mg (TrueLife Remedies),Cardiovascular,26,3364.4,0.9113,32.5,31.071,25.1,24,NORMAL,0,0.0,Stock is within 90 days of recent demand
BR005,MED344,Gliclazide 80mg (Aarogya Formulations),Antidiabetic,36,1825.92,2.1786,16.1,60.239,17.9,67,NORMAL,0,0.0,Stock is within 90 days of recent demand
BR005,MED345,Gliclazide 80mg (BlueCrest Pharma),Antidiabetic,5,271.87,0.6071,8.8,11.382,13.2,17,NORMAL,0,0.0,Stock is within 90 days of recent demand
BR005,MED346,Gliclazide 80mg (CarePlus Laboratories),Antidiabetic,27,1326.76,0.8351,38.6,26.587,30.5,21,NORMAL,0,0.0,Stock is within 90 days of recent demand
BR005,MED349,Gliclazide 40mg,Antidiabetic,12,754.08,1.0714,11.6,26.527,13.6,31,NORMAL,0,0.0,Stock is within 90 days of recent demand
BR005,MED351,Gliclazide 40mg (Lumina Pharma),Antidiabetic,17,1251.36,0.6071,30.0,14.922,34.2,17,NORMAL,0,0.0,Stock is within 90 days of recent demand
BR005,MED353,Gliclazide 40mg (Stellar Formulations),Antidiabetic,6,378.0,0.1429,45.0,4.863,37.0,4,NORMAL,0,0.0,Stock is within 90 days of recent demand
BR005,MED354,Gliclazide 40mg (Summit Lifesciences),Antidiabetic,53,3954.06,3.0613,15.9,91.401,17.4,100,NORMAL,0,0.0,Stock is within 90 days of recent demand
BR005,MED356,Glimepiride 2mg (CarePlus Laboratories),Antidiabetic,5,562.4,0.8571,6.0,20.991,7.1,25,NORMAL,0,0.0,Stock is within 90 days of recent demand
BR005,MED357,Glimepiride 2mg (Stellar Formulations),Antidiabetic,30,2853.0,1.8571,17.0,46.772,19.2,53,NORMAL,0,0.0,Stock is within 90 days of recent demand
BR005,MED358,Glimepiride 2mg (VitaCure Remedies),Antidiabetic,37,3989.32,1.7143,22.7,48.664,22.8,49,NORMAL,0,0.0,Stock is within 90 days of recent demand
BR005,MED359,Glimepiride 1mg,Antidiabetic,11,1240.69,0.2857,41.2,5.428,60.8,8,NORMAL,0,0.0,Stock is within 90 days of recent demand
BR005,MED360,Glimepiride 1mg (CarePlus Laboratories),Antidiabetic,30,4112.26,1.6786,16.1,44.939,20.0,56,NORMAL,0,0.0,Stock is within 90 days of recent demand
BR005,MED361,Glimepiride 1mg (CureLine Healthcare),Antidiabetic,23,2696.29,1.5357,14.7,39.163,17.6,47,NORMAL,0,0.0,Stock is within 90 days of recent demand
BR005,MED362,Glimepiride 1mg (HealthAxis Pharma),Antidiabetic,17,2218.0,1.0714,15.9,29.343,17.4,32,NORMAL,0,0.0,Stock is within 90 days of recent demand
BR005,MED363,Glimepiride 1mg (Summit Lifesciences),Antidiabetic,16,1926.0,0.7143,24.0,18.575,25.8,20,NORMAL,0,0.0,Stock is within 90 days of recent demand
BR005,MED364,Glimepiride 1mg (TrueLife Remedies),Antidiabetic,14,1955.1,1.8214,7.8,46.301,9.1,54,NORMAL,0,0.0,Stock is within 90 days of recent demand
BR005,MED365,Glimepiride 3mg,Antidiabetic,14,2304.86,0.1786,84.0,6.081,69.1,5,NORMAL,0,0.0,Stock is within 90 days of recent demand
BR005,MED366,Glimepiride 3mg (ApexLife Pharma),Antidiabetic,18,2769.94,1.5714,11.7,41.265,13.1,46,NORMAL,0,0.0,Stock is within 90 days of recent demand
BR005,MED367,Glimepiride 3mg (CureLine Healthcare),Antidiabetic,19,3136.6,0.5714,30.0,15.125,37.7,19,NORMAL,0,0.0,Stock is within 90 days of recent demand
BR005,MED369,Glimepiride 3mg (Stellar Formulations),Antidiabetic,14,1890.94,0.2857,46.7,7.375,56.9,9,NORMAL,0,0.0,Stock is within 90 days of recent demand
BR005,MED370,Glimepiride 3mg (Summit Lifesciences),Antidiabetic,14,1806.01,0.1786,84.0,5.209,80.6,5,NORMAL,0,0.0,Stock is within 90 days of recent demand
BR005,MED371,Glimepiride 3mg (TrueLife Remedies),Antidiabetic,4,598.6,0.1786,24.0,3.624,33.1,5,NORMAL,0,0.0,Stock is within 90 days of recent demand
BR005,MED372,Glimepiride 3mg (VitaCure Remedies),Antidiabetic,12,1785.01,0.1071,90.0,3.42,105.3,4,NORMAL,0,0.0,Stock is within 90 days of recent demand
BR005,MED373,Glimepiride + Metformin 2mg/500mg (Aarogya Formulations),Antidiabetic,6,652.5,0.4286,15.0,6.054,29.7,12,NORMAL,0,0.0,Stock is within 90 days of recent demand
BR005,MED374,Glimepiride + Metformin 2mg/500mg (Stellar Formulations),Antidiabetic,10,1027.48,0.75,14.3,17.783,16.9,21,NORMAL,0,0.0,Stock is within 90 days of recent demand
BR005,MED375,Glimepiride + Metformin 2mg/500mg (Summit Lifesciences),Antidiabetic,4,484.68,0.1429,30.0,2.322,51.7,4,NORMAL,0,0.0,Stock is within 90 days of recent demand
BR005,MED376,Glimepiride + Metformin 1mg/500mg,Antidiabetic,15,2119.71,0.2857,56.2,6.969,64.6,8,NORMAL,0,0.0,Stock is within 90 days of recent demand
BR005,MED377,Glimepiride + Metformin 1mg/500mg (CarePlus Laboratories),Antidiabetic,9,1084.98,0.4286,22.5,6.924,39.0,12,NORMAL,0,0.0,Stock is within 90 days of recent demand
BR005,MED378,Glimepiride + Metformin 1mg/500mg (Stellar Formulations),Antidiabetic,16,2354.05,0.8214,18.5,20.413,23.5,26,NORMAL,0,0.0,Stock is within 90 days of recent demand
BR005,MED379,Glimepiride + Metformin 1mg/500mg (Summit Lifesciences),Antidiabetic,9,1335.62,0.3214,30.0,7.291,37.0,9,NORMAL,0,0.0,Stock is within 90 days of recent demand
BR005,MED380,Glimepiride + Metformin 1mg/500mg (VitaCure Remedies),Antidiabetic,45,6336.77,1.4286,32.9,45.296,29.8,41,NORMAL,0,0.0,Stock is within 90 days of recent demand
BR005,MED381,Glimepiride + Metformin 1mg/500mg (Zenith BioPharma),Antidiabetic,39,4833.27,10.1786,3.7,264.481,4.4,314,NORMAL,0,0.0,Stock is within 90 days of recent demand
BR005,MED382,Metformin 500mg (CureLine Healthcare),Antidiabetic,8,203.6,0.25,30.0,5.743,41.8,8,NORMAL,0,0.0,Stock is within 90 days of recent demand
BR005,MED383,Metformin 500mg (Stellar Formulations),Antidiabetic,97,2288.09,7.6786,12.4,229.301,12.7,234,NORMAL,0,0.0,Stock is within 90 days of recent demand
BR005,MED384,Metformin 500mg (TrueLife Remedies),Antidiabetic,10,226.37,0.3214,33.3,7.215,41.6,9,NORMAL,0,0.0,Stock is within 90 days of recent demand
BR005,MED385,Metformin 850mg,Antidiabetic,49,1280.19,7.9643,6.2,232.691,6.3,239,NORMAL,0,0.0,Stock is within 90 days of recent demand
BR005,MED386,Metformin 850mg (CureLine Healthcare),Antidiabetic,17,522.34,0.8929,19.6,22.134,23.0,26,NORMAL,0,0.0,Stock is within 90 days of recent demand
BR005,MED387,Metformin 850mg (Stellar Formulations),Antidiabetic,6,187.62,0.2143,30.0,4.08,44.1,6,NORMAL,0,0.0,Stock is within 90 days of recent demand
BR005,MED388,Metformin 850mg (VitaCure Remedies),Antidiabetic,9,272.03,0.4643,15.9,6.309,42.8,17,NORMAL,0,0.0,Stock is within 90 days of recent demand
BR005,MED389,Metformin 1000mg,Antidiabetic,17,506.94,0.25,46.4,7.991,63.8,11,NORMAL,0,0.0,Stock is within 90 days of recent demand
BR005,MED390,Metformin 1000mg (BlueCrest Pharma),Antidiabetic,14,514.64,0.4643,32.3,8.639,48.6,13,NORMAL,0,0.0,Stock is within 90 days of recent demand
BR005,MED391,Metformin 1000mg (HealthAxis Pharma),Antidiabetic,8,269.44,1.1786,6.9,28.888,8.3,35,NORMAL,0,0.0,Stock is within 90 days of recent demand
BR005,MED392,Metformin 1000mg (LifeSpring Pharma),Antidiabetic,87,3080.73,5.1407,18.6,152.527,17.1,140,NORMAL,0,0.0,Stock is within 90 days of recent demand
BR005,MED393,Metformin 1000mg (TrueLife Remedies),Antidiabetic,21,673.68,0.5,39.4,12.908,48.8,16,NORMAL,0,0.0,Stock is within 90 days of recent demand
BR005,MED394,Sitagliptin 100mg (BlueCrest Pharma),Antidiabetic,3,741.75,0.1429,22.5,2.067,43.5,4,NORMAL,0,0.0,Stock is within 90 days of recent demand
BR005,MED395,Sitagliptin 100mg (CarePlus Laboratories),Antidiabetic,31,9771.51,1.4286,23.2,39.425,23.6,40,NORMAL,0,0.0,Stock is within 90 days of recent demand
BR005,MED396,Sitagliptin 100mg (HealthAxis Pharma),Antidiabetic,139,40066.29,8.662,16.7,261.688,15.9,249,NORMAL,0,0.0,Stock is within 90 days of recent demand
BR005,MED397,Sitagliptin 50mg,Antidiabetic,21,7350.87,0.9739,23.3,30.402,20.7,27,NORMAL,0,0.0,Stock is within 90 days of recent demand
BR005,MED398,Sitagliptin 50mg (ApexLife Pharma),Antidiabetic,24,8585.41,0.7143,36.0,23.259,31.0,20,NORMAL,0,0.0,Stock is within 90 days of recent demand
BR005,MED399,Sitagliptin 50mg (BlueCrest Pharma),Antidiabetic,54,18970.74,2.8214,18.8,85.399,19.0,86,NORMAL,0,0.0,Stock is within 90 days of recent demand
BR005,MED400,Sitagliptin 50mg (Crestview Pharma),Antidiabetic,4,1604.56,0.3571,9.2,5.167,23.2,13,NORMAL,0,0.0,Stock is within 90 days of recent demand
BR005,MED401,Sitagliptin 50mg (HealthAxis Pharma),Antidiabetic,13,4143.16,0.1786,78.0,5.176,75.3,5,NORMAL,0,0.0,Stock is within 90 days of recent demand
BR005,MED402,Sitagliptin 50mg (NovaMed Laboratories),Antidiabetic,0,0.0,0.7857,0.0,15.655,0.0,23,NORMAL,0,0.0,No stock on hand
BR005,MED404,Sitagliptin 50mg (Summit Lifesciences),Antidiabetic,11,3481.87,0.4643,25.4,10.566,31.2,13,NORMAL,0,0.0,Stock is within 90 days of recent demand
BR005,MED405,Sitagliptin 50mg (TrueLife Remedies),Antidiabetic,12,4154.64,0.25,40.0,7.283,49.4,9,NORMAL,0,0.0,Stock is within 90 days of recent demand
BR005,MED406,Ambroxol + Levosalbutamol Syrup 100ml (Aarogya Formulations),Respiratory,9,707.57,0.25,33.8,6.113,44.2,8,NORMAL,0,0.0,Stock is within 90 days of recent demand
BR005,MED407,Ambroxol + Levosalbutamol Syrup 100ml (NovaMed Laboratories),Respiratory,25,2327.75,0.9861,26.8,30.871,24.3,28,NORMAL,0,0.0,Stock is within 90 days of recent demand
BR005,MED408,Ambroxol + Levosalbutamol Syrup 100ml (Summit Lifesciences),Respiratory,6,484.38,0.2857,22.5,5.844,30.8,8,NORMAL,0,0.0,Stock is within 90 days of recent demand
BR005,MED409,Ambroxol + Levosalbutamol Syrup 100ml (VitaCure Remedies),Respiratory,9,763.77,0.2143,45.0,4.65,58.1,6,NORMAL,0,0.0,Stock is within 90 days of recent demand
BR005,MED411,Ambroxol + Levosalbutamol Syrup 60ml (NovaMed Laboratories),Respiratory,24,2572.02,0.9643,24.0,29.892,24.1,30,NORMAL,0,0.0,Stock is within 90 days of recent demand
BR005,MED413,Budesonide Inhaler 200mcg (BlueCrest Pharma),Respiratory,11,2586.99,0.1429,82.5,3.833,86.1,4,NORMAL,0,0.0,Stock is within 90 days of recent demand
BR005,MED415,Budesonide Inhaler 100mcg,Respiratory,9,2311.17,0.2143,45.0,5.594,48.3,6,NORMAL,0,0.0,Stock is within 90 days of recent demand
BR005,MED416,Dextromethorphan Syrup 100ml (HealthAxis Pharma),Respiratory,15,1033.85,1.1071,11.5,28.216,15.9,39,NORMAL,0,0.0,Stock is within 90 days of recent demand
BR005,MED417,Dextromethorphan Syrup 100ml (LifeSpring Pharma),Respiratory,16,1126.96,0.1786,80.0,5.136,93.5,6,NORMAL,0,0.0,Stock is within 90 days of recent demand
BR005,MED419,Dextromethorphan Syrup 100ml (TrueLife Remedies),Respiratory,10,756.68,0.1429,75.0,4.467,67.2,4,NORMAL,0,0.0,Stock is within 90 days of recent demand
BR005,MED420,Montelukast 10mg (CureLine Healthcare),Respiratory,15,2487.75,0.6786,22.5,15.735,28.6,20,NORMAL,0,0.0,Stock is within 90 days of recent demand
BR005,MED421,Montelukast 10mg (LifeSpring Pharma),Respiratory,18,2645.61,0.25,77.1,7.665,70.5,7,NORMAL,0,0.0,Stock is within 90 days of recent demand
BR005,MED423,Montelukast 10mg (Summit Lifesciences),Respiratory,6,884.34,0.1071,60.0,2.695,66.8,3,NORMAL,0,0.0,Stock is within 90 days of recent demand
BR005,MED424,Montelukast 10mg (TrueLife Remedies),Respiratory,11,1525.92,0.3929,30.0,8.487,38.9,11,NORMAL,0,0.0,Stock is within 90 days of recent demand
BR005,MED426,Montelukast 5mg (CarePlus Laboratories),Respiratory,3,526.59,0.1429,22.5,2.169,41.5,4,NORMAL,0,0.0,Stock is within 90 days of recent demand
BR005,MED427,Montelukast 5mg (NovaMed Laboratories),Respiratory,3,490.74,0.4643,6.9,10.389,8.7,13,NORMAL,0,0.0,Stock is within 90 days of recent demand
BR005,MED428,Montelukast 5mg (Summit Lifesciences),Respiratory,13,2027.39,0.1786,65.0,5.486,71.1,6,NORMAL,0,0.0,Stock is within 90 days of recent demand
BR005,MED429,Montelukast 5mg (TrueLife Remedies),Respiratory,22,3432.44,0.795,31.4,23.976,27.5,21,NORMAL,0,0.0,Stock is within 90 days of recent demand
BR005,MED431,Salbutamol Inhaler 100mcg (ApexLife Pharma),Respiratory,20,2733.82,0.5111,50.0,16.339,36.7,12,NORMAL,0,0.0,Stock is within 90 days of recent demand
BR005,MED432,Salbutamol Inhaler 100mcg (Stellar Formulations),Respiratory,59,6804.33,2.5624,24.2,82.394,21.5,73,NORMAL,0,0.0,Stock is within 90 days of recent demand
BR005,MED433,Salbutamol Inhaler 100mcg (Summit Lifesciences),Respiratory,5,631.52,0.25,21.4,4.605,32.6,7,NORMAL,0,0.0,Stock is within 90 days of recent demand
BR005,MED435,Salbutamol Inhaler 100mcg (VitaCure Remedies),Respiratory,13,1649.96,0.1786,78.0,5.713,68.3,5,NORMAL,0,0.0,Stock is within 90 days of recent demand
BR005,MED436,Salbutamol Inhaler 200mcg,Respiratory,13,2060.43,0.3929,32.5,12.43,31.4,12,NORMAL,0,0.0,Stock is within 90 days of recent demand
BR005,MED439,Salbutamol Inhaler 200mcg (HealthAxis Pharma),Respiratory,9,1317.3,0.3214,30.0,8.932,30.2,9,NORMAL,0,0.0,Stock is within 90 days of recent demand
BR005,MED440,Salbutamol Inhaler 200mcg (Stellar Formulations),Respiratory,13,1706.7,0.3929,27.9,9.168,42.5,14,NORMAL,0,0.0,Stock is within 90 days of recent demand
BR005,MED442,Calcium + Vitamin D3 500mg/250IU (Aarogya Formulations),Vitamins,10,956.41,0.1429,75.0,4.668,64.3,4,NORMAL,0,0.0,Stock is within 90 days of recent demand
BR005,MED443,Calcium + Vitamin D3 500mg/250IU (ApexLife Pharma),Vitamins,26,2555.36,0.9096,31.2,30.068,25.9,25,NORMAL,0,0.0,Stock is within 90 days of recent demand
BR005,MED444,Calcium + Vitamin D3 500mg/250IU (CureLine Healthcare),Vitamins,25,2306.25,1.0384,26.8,33.688,22.3,28,NORMAL,0,0.0,Stock is within 90 days of recent demand
BR005,MED445,Calcium + Vitamin D3 500mg/250IU (HealthAxis Pharma),Vitamins,10,934.3,1.5714,6.8,36.895,8.1,44,NORMAL,0,0.0,Stock is within 90 days of recent demand
BR005,MED446,Calcium + Vitamin D3 500mg/250IU (LifeSpring Pharma),Vitamins,45,4188.6,1.5,30.7,45.641,29.6,44,NORMAL,0,0.0,Stock is within 90 days of recent demand
BR005,MED447,Calcium + Vitamin D3 500mg/250IU (Summit Lifesciences),Vitamins,11,825.44,0.5,20.6,13.283,24.8,16,NORMAL,0,0.0,Stock is within 90 days of recent demand
BR005,MED448,Calcium + Vitamin D3 500mg/250IU (TrueLife Remedies),Vitamins,9,758.4,1.7143,5.1,40.693,6.6,53,NORMAL,0,0.0,Stock is within 90 days of recent demand
BR005,MED449,Iron + Folic Acid 100mg/500mcg (BlueCrest Pharma),Vitamins,11,717.0,0.2143,55.0,6.13,53.8,6,NORMAL,0,0.0,Stock is within 90 days of recent demand
BR005,MED450,Iron + Folic Acid 100mg/500mcg (CarePlus Laboratories),Vitamins,15,1010.9,0.3571,45.0,7.709,58.4,10,NORMAL,0,0.0,Stock is within 90 days of recent demand
BR005,MED452,Iron + Folic Acid 100mg/500mcg (HealthAxis Pharma),Vitamins,13,826.25,0.2143,65.0,5.019,77.7,6,NORMAL,0,0.0,Stock is within 90 days of recent demand
BR005,MED454,Iron + Folic Acid 100mg/500mcg (Stellar Formulations),Vitamins,44,2874.08,3.3929,13.6,100.177,13.2,97,NORMAL,0,0.0,Stock is within 90 days of recent demand
BR005,MED456,Iron + Folic Acid 100mg/500mcg (VitaCure Remedies),Vitamins,11,664.18,0.6429,18.3,13.814,23.9,18,NORMAL,0,0.0,Stock is within 90 days of recent demand
BR005,MED457,Multivitamin B-complex+C (BlueCrest Pharma),Vitamins,13,432.51,0.4286,32.5,6.214,62.8,12,NORMAL,0,0.0,Stock is within 90 days of recent demand
BR005,MED458,Multivitamin B-complex+C (HealthAxis Pharma),Vitamins,17,516.47,0.2143,85.0,6.916,73.7,6,NORMAL,0,0.0,Stock is within 90 days of recent demand
BR005,MED459,Multivitamin B-complex+C (Summit Lifesciences),Vitamins,32,1096.32,6.9643,4.7,192.036,5.0,205,NORMAL,0,0.0,Stock is within 90 days of recent demand
BR005,MED460,Multivitamin B-complex+C (TrueLife Remedies),Vitamins,4,135.32,1.25,3.0,30.595,3.9,40,NORMAL,0,0.0,Stock is within 90 days of recent demand
BR005,MED461,Vitamin C Chewable 500mg (Aarogya Formulations),Vitamins,29,597.64,2.2143,13.6,60.574,14.4,64,NORMAL,0,0.0,Stock is within 90 days of recent demand
BR005,MED462,Vitamin C Chewable 500mg (ApexLife Pharma),Vitamins,9,195.21,0.5357,18.0,14.594,18.5,15,NORMAL,0,0.0,Stock is within 90 days of recent demand
BR005,MED463,Vitamin C Chewable 500mg (HealthAxis Pharma),Vitamins,5,100.77,0.6071,8.8,8.781,17.1,17,NORMAL,0,0.0,Stock is within 90 days of recent demand
BR005,MED464,Vitamin C Chewable 500mg (TrueLife Remedies),Vitamins,8,162.7,0.1786,48.0,4.605,52.1,5,NORMAL,0,0.0,Stock is within 90 days of recent demand
BR005,MED465,Vitamin C Chewable 1000mg,Vitamins,27,764.96,0.8563,42.6,27.241,29.7,19,NORMAL,0,0.0,Stock is within 90 days of recent demand
BR005,MED466,Vitamin C Chewable 1000mg (ApexLife Pharma),Vitamins,29,662.94,3.3929,8.3,97.126,9.0,105,NORMAL,0,0.0,Stock is within 90 days of recent demand
BR005,MED467,Vitamin C Chewable 1000mg (BlueCrest Pharma),Vitamins,11,307.79,0.4643,25.4,8.684,38.0,13,NORMAL,0,0.0,Stock is within 90 days of recent demand
BR005,MED468,Vitamin C Chewable 1000mg (CarePlus Laboratories),Vitamins,2,46.68,1.1071,1.7,26.91,2.2,36,NORMAL,0,0.0,Stock is within 90 days of recent demand
BR005,MED470,Vitamin C Chewable 1000mg (NovaMed Laboratories),Vitamins,10,246.37,0.9286,10.0,26.283,11.4,30,NORMAL,0,0.0,Stock is within 90 days of recent demand
BR005,MED471,Vitamin C Chewable 1000mg (Summit Lifesciences),Vitamins,16,354.83,0.3571,48.0,12.45,38.6,10,NORMAL,0,0.0,Stock is within 90 days of recent demand
BR005,MED473,Vitamin C Chewable 1000mg (VitaCure Remedies),Vitamins,19,428.16,0.8571,22.8,25.693,22.2,25,NORMAL,0,0.0,Stock is within 90 days of recent demand
BR005,MED475,Vitamin D3 60000IU (VitaCure Remedies),Vitamins,15,1507.02,0.4329,37.5,13.048,34.5,12,NORMAL,0,0.0,Stock is within 90 days of recent demand
BR005,MED476,Vitamin D3 1000IU,Vitamins,17,2079.92,0.4643,34.0,13.353,38.2,15,NORMAL,0,0.0,Stock is within 90 days of recent demand
BR005,MED477,Vitamin D3 1000IU (Summit Lifesciences),Vitamins,10,1366.84,0.5,21.4,9.554,31.4,14,NORMAL,0,0.0,Stock is within 90 days of recent demand
BR005,MED480,Calamine Lotion 100ml (Stellar Formulations),Dermatological,12,682.8,0.6429,18.0,13.878,25.9,20,NORMAL,0,0.0,Stock is within 90 days of recent demand
BR005,MED482,Clotrimazole Cream 1% (ApexLife Pharma),Dermatological,11,742.64,0.2857,41.2,6.182,53.4,8,NORMAL,0,0.0,Stock is within 90 days of recent demand
BR005,MED483,Clotrimazole Cream 1% (CureLine Healthcare),Dermatological,10,555.94,0.6071,16.7,14.853,20.2,18,NORMAL,0,0.0,Stock is within 90 days of recent demand
BR005,MED484,Clotrimazole Cream 2%,Dermatological,10,721.02,0.2143,50.0,5.453,55.0,6,NORMAL,0,0.0,Stock is within 90 days of recent demand
BR005,MED487,Fusidic Acid Cream 2% (ApexLife Pharma),Dermatological,10,1004.2,0.1786,60.0,4.527,66.3,5,NORMAL,0,0.0,Stock is within 90 days of recent demand
BR005,MED488,Fusidic Acid Cream 2% (BlueCrest Pharma),Dermatological,3,310.56,0.1429,22.5,2.42,37.2,4,NORMAL,0,0.0,Stock is within 90 days of recent demand
BR005,MED490,Hydrocortisone Cream 1% (CarePlus Laboratories),Dermatological,10,450.46,0.3929,20.0,10.885,27.6,15,NORMAL,0,0.0,Stock is within 90 days of recent demand
BR005,MED491,Hydrocortisone Cream 1% (CureLine Healthcare),Dermatological,6,329.18,0.8571,7.5,21.736,8.3,24,NORMAL,0,0.0,Stock is within 90 days of recent demand
BR005,MED493,Ketoconazole Shampoo 2% (Aarogya Formulations),Dermatological,12,1812.78,0.1429,72.0,4.466,80.6,5,NORMAL,0,0.0,Stock is within 90 days of recent demand
BR005,MED494,Ketoconazole Shampoo 2% (LifeSpring Pharma),Dermatological,9,1421.1,0.2143,45.0,4.711,57.3,6,NORMAL,0,0.0,Stock is within 90 days of recent demand
BR005,MED495,Ketoconazole Shampoo 2% (VitaCure Remedies),Dermatological,8,1085.12,0.2143,40.0,4.082,58.8,6,NORMAL,0,0.0,Stock is within 90 days of recent demand
BR005,MED496,Mupirocin Ointment 2% (ApexLife Pharma),Dermatological,13,1400.18,0.3214,43.3,7.552,51.6,9,NORMAL,0,0.0,Stock is within 90 days of recent demand
BR005,MED497,Mupirocin Ointment 2% (CarePlus Laboratories),Dermatological,7,731.49,0.5714,13.1,10.015,21.0,16,NORMAL,0,0.0,Stock is within 90 days of recent demand
