branch_id,medicine_id,medicine_name,category,current_inventory_units,forecast_7d,forecast_14d,forecast_30d,expected_daily_demand,planning_lead_time_days,expected_lead_time_demand,demand_std_daily,variability_source,service_level,safety_stock,reorder_point,order_up_to_level,recommended_order_quantity,recommendation,priority,reason
BR003,MED269,Amlodipine 10mg (Stellar Formulations),Cardiovascular,27,65.064,135.939,285.204,11.0,7,77.0,4.492,weekly demand std / sqrt(7),0.95,19.55,96.55,250.55,224,ORDER_NOW,CRITICAL,Stock 27 <= expected demand during the 7-day lead time (77.0): a stockout is expected before a new order could arrive; order up to 250.6 units
BR005,MED326,Rosuvastatin 20mg (VitaCure Remedies),Cardiovascular,12,59.764,120.921,253.632,9.6429,7,67.5,5.9848,weekly demand std / sqrt(7),0.95,26.05,93.55,228.55,217,ORDER_NOW,CRITICAL,Stock 12 <= expected demand during the 7-day lead time (67.5): a stockout is expected before a new order could arrive; order up to 228.6 units
BR003,MED319,Rosuvastatin 5mg (NovaMed Laboratories),Cardiovascular,19,45.904,90.91,204.65,7.1071,7,49.75,4.04,weekly demand std / sqrt(7),0.95,17.58,67.33,166.83,148,ORDER_NOW,CRITICAL,Stock 19 <= expected demand during the 7-day lead time (49.8): a stockout is expected before a new order could arrive; order up to 166.8 units
BR005,MED239,ORS Powder 21.8g (HealthAxis Pharma),Gastrointestinal,17,42.279,85.845,185.988,6.5714,7,46.0,5.1713,weekly demand std / sqrt(7),0.95,22.5,68.5,160.5,144,ORDER_NOW,CRITICAL,Stock 17 <= expected demand during the 7-day lead time (46.0): a stockout is expected before a new order could arrive; order up to 160.5 units
BR001,MED001,Paracetamol 500mg,Analgesics,15,35.106,72.119,155.188,5.5714,7,39.0,2.3586,weekly demand std / sqrt(7),0.95,10.26,49.26,127.26,113,ORDER_NOW,CRITICAL,Stock 15 <= expected demand during the 7-day lead time (39.0): a stockout is expected before a new order could arrive; order up to 127.3 units
BR003,MED354,Gliclazide 40mg (Summit Lifesciences),Antidiabetic,8,30.352,60.74,129.642,4.7143,7,33.0,2.7632,weekly demand std / sqrt(7),0.95,12.03,45.03,111.03,104,ORDER_NOW,CRITICAL,Stock 8 <= expected demand during the 7-day lead time (33.0): a stockout is expected before a new order could arrive; order up to 111.0 units
BR004,MED139,Mefenamic Acid 500mg,Antipyretics,3,23.204,46.864,93.897,3.8214,7,26.75,5.6712,weekly demand std / sqrt(7),0.95,24.68,51.43,104.93,102,ORDER_NOW,CRITICAL,Stock 3 <= expected demand during the 7-day lead time (26.8): a stockout is expected before a new order could arrive; order up to 104.9 units
BR001,MED005,Paracetamol 650mg,Antipyretics,1,22.853,49.689,96.804,3.7857,7,26.5,3.3608,weekly demand std / sqrt(7),0.95,14.63,41.13,94.13,94,ORDER_NOW,CRITICAL,Stock 1 <= expected demand during the 7-day lead time (26.5): a stockout is expected before a new order could arrive; order up to 94.1 units
BR001,MED392,Metformin 1000mg (LifeSpring Pharma),Antidiabetic,5,22.733,48.392,102.85,3.75,7,26.25,3.1174,weekly demand std / sqrt(7),0.95,13.57,39.82,92.32,88,ORDER_NOW,CRITICAL,Stock 5 <= expected demand during the 7-day lead time (26.2): a stockout is expected before a new order could arrive; order up to 92.3 units
BR004,MED005,Paracetamol 650mg,Antipyretics,0,21.633,43.218,88.848,3.4643,7,24.25,1.8447,weekly demand std / sqrt(7),0.95,8.03,32.28,80.78,81,ORDER_NOW,CRITICAL,Stock 0 <= expected demand during the 7-day lead time (24.2): a stockout is expected before a new order could arrive; order up to 80.8 units
BR003,MED104,Amoxicillin + Clavulanic Acid 375mg,Antibiotics,0,21.498,44.537,93.175,3.0711,7,21.5,2.2013,weekly demand std / sqrt(7),0.95,9.58,31.08,74.07,75,ORDER_NOW,CRITICAL,Stock 0 <= expected demand during the 7-day lead time (21.5): a stockout is expected before a new order could arrive; order up to 74.1 units
BR005,MED127,Cefixime 100mg (VitaCure Remedies),Antibiotics,10,21.198,41.943,90.229,3.4286,7,24.0,2.4297,weekly demand std / sqrt(7),0.95,10.57,34.57,82.57,73,ORDER_NOW,CRITICAL,Stock 10 <= expected demand during the 7-day lead time (24.0): a stockout is expected before a new order could arrive; order up to 82.6 units
BR003,MED142,Mefenamic Acid 500mg (Kavach Healthcare),Antipyretics,2,17.914,35.105,74.452,2.8571,7,20.0,2.4414,weekly demand std / sqrt(7),0.95,10.62,30.62,70.62,69,ORDER_NOW,CRITICAL,Stock 2 <= expected demand during the 7-day lead time (20.0): a stockout is expected before a new order could arrive; order up to 70.6 units
BR004,MED324,Rosuvastatin 20mg (Stellar Formulations),Cardiovascular,5,10.835,25.646,51.545,2.6786,7,18.75,2.1897,weekly demand std / sqrt(7),0.95,9.53,28.28,65.78,61,ORDER_NOW,CRITICAL,Stock 5 <= expected demand during the 7-day lead time (18.8): a stockout is expected before a new order could arrive; order up to 65.8 units
BR003,MED127,Cefixime 100mg (VitaCure Remedies),Antibiotics,0,16.091,32.206,68.531,2.2987,7,16.09,2.5243,weekly demand std / sqrt(7),0.95,10.99,27.08,59.26,60,ORDER_NOW,CRITICAL,Stock 0 <= expected demand during the 7-day lead time (16.1): a stockout is expected before a new order could arrive; order up to 59.3 units
BR001,MED158,Paracetamol Suspension 125mg/5ml (LifeSpring Pharma),Antipyretics,5,15.124,29.04,62.865,2.4286,7,17.0,2.4259,weekly demand std / sqrt(7),0.95,10.56,27.56,61.56,57,ORDER_NOW,CRITICAL,Stock 5 <= expected demand during the 7-day lead time (17.0): a stockout is expected before a new order could arrive; order up to 61.6 units
BR003,MED158,Paracetamol Suspension 125mg/5ml (LifeSpring Pharma),Antipyretics,7,14.553,31.291,64.782,2.3929,7,16.75,2.0297,weekly demand std / sqrt(7),0.95,8.83,25.58,59.08,53,ORDER_NOW,CRITICAL,Stock 7 <= expected demand during the 7-day lead time (16.8): a stockout is expected before a new order could arrive; order up to 59.1 units
BR001,MED163,Cetirizine 10mg (CureLine Healthcare),Antihistamines,3,13.37,27.049,62.141,2.2143,7,15.5,1.719,weekly demand std / sqrt(7),0.95,7.48,22.98,53.98,51,ORDER_NOW,CRITICAL,Stock 3 <= expected demand during the 7-day lead time (15.5): a stockout is expected before a new order could arrive; order up to 54.0 units
BR004,MED169,Cetirizine 5mg (CarePlus Laboratories),Antihistamines,3,12.458,26.722,58.84,2.1071,7,14.75,1.6251,weekly demand std / sqrt(7),0.95,7.07,21.82,51.32,49,ORDER_NOW,CRITICAL,Stock 3 <= expected demand during the 7-day lead time (14.8): a stockout is expected before a new order could arrive; order up to 51.3 units
BR002,MED288,Atorvastatin 40mg,Cardiovascular,3,8.354,19.248,43.41,1.9286,7,13.5,2.0066,weekly demand std / sqrt(7),0.95,8.73,22.23,49.23,47,ORDER_NOW,CRITICAL,Stock 3 <= expected demand during the 7-day lead time (13.5): a stockout is expected before a new order could arrive; order up to 49.2 units
BR003,MED302,Losartan 25mg (HealthAxis Pharma),Cardiovascular,0,7.766,15.698,35.485,1.6071,7,11.25,1.7438,weekly demand std / sqrt(7),0.95,7.59,18.84,41.34,42,ORDER_NOW,CRITICAL,Stock 0 <= expected demand during the 7-day lead time (11.2): a stockout is expected before a new order could arrive; order up to 41.3 units
BR001,MED039,Metoprolol 50mg,Cardiovascular,4,7.845,17.7,40.016,1.6429,7,11.5,2.2218,weekly demand std / sqrt(7),0.95,9.67,21.17,44.17,41,ORDER_NOW,CRITICAL,Stock 4 <= expected demand during the 7-day lead time (11.5): a stockout is expected before a new order could arrive; order up to 44.2 units
BR003,MED402,Sitagliptin 50mg (NovaMed Laboratories),Antidiabetic,4,6.165,15.151,34.41,1.7857,7,12.5,1.5081,weekly demand std / sqrt(7),0.95,6.56,19.06,44.06,41,ORDER_NOW,CRITICAL,Stock 4 <= expected demand during the 7-day lead time (12.5): a stockout is expected before a new order could arrive; order up to 44.1 units
BR002,MED031,Montelukast + Levocetirizine 10mg/5mg,Antihistamines,0,6.807,13.987,31.796,1.3929,7,9.75,1.4707,weekly demand std / sqrt(7),0.95,6.4,16.15,35.65,36,ORDER_NOW,CRITICAL,Stock 0 <= expected demand during the 7-day lead time (9.8): a stockout is expected before a new order could arrive; order up to 35.6 units
BR001,MED283,Atorvastatin 10mg (LifeSpring Pharma),Cardiovascular,0,5.879,11.792,28.152,1.1071,7,7.75,1.4501,weekly demand std / sqrt(7),0.95,6.31,14.06,29.56,30,ORDER_NOW,CRITICAL,Stock 0 <= expected demand during the 7-day lead time (7.8): a stockout is expected before a new order could arrive; order up to 29.6 units
BR005,MED135,Mefenamic Acid 250mg (ApexLife Pharma),Antipyretics,2,5.632,11.656,26.42,1.25,7,8.75,1.2453,weekly demand std / sqrt(7),0.95,5.42,14.17,31.67,30,ORDER_NOW,CRITICAL,Stock 2 <= expected demand during the 7-day lead time (8.8): a stockout is expected before a new order could arrive; order up to 31.7 units
BR005,MED468,Vitamin C Chewable 1000mg (CarePlus Laboratories),Vitamins,2,5.494,11.462,26.91,1.1071,7,7.75,1.4553,weekly demand std / sqrt(7),0.95,6.33,14.08,29.58,28,ORDER_NOW,CRITICAL,Stock 2 <= expected demand during the 7-day lead time (7.8): a stockout is expected before a new order could arrive; order up to 29.6 units
BR003,MED186,Fexofenadine 180mg,Antihistamines,1,5.496,11.363,24.88,1.0714,7,7.5,0.9531,weekly demand std / sqrt(7),0.95,4.15,11.65,26.65,26,ORDER_NOW,CRITICAL,Stock 1 <= expected demand during the 7-day lead time (7.5): a stockout is expected before a new order could arrive; order up to 26.6 units
BR004,MED069,Ibuprofen 400mg (HealthAxis Pharma),Analgesics,0,4.627,10.274,22.274,0.9643,7,6.75,1.01,weekly demand std / sqrt(7),0.95,4.4,11.15,24.65,25,ORDER_NOW,CRITICAL,Stock 0 <= expected demand during the 7-day lead time (6.8): a stockout is expected before a new order could arrive; order up to 24.6 units
BR005,MED402,Sitagliptin 50mg (NovaMed Laboratories),Antidiabetic,0,3.313,6.557,15.655,0.7857,7,5.5,1.3854,weekly demand std / sqrt(7),0.95,6.03,11.53,22.53,23,ORDER_NOW,CRITICAL,Stock 0 <= expected demand during the 7-day lead time (5.5): a stockout is expected before a new order could arrive; order up to 22.5 units
BR003,MED191,Levocetirizine 5mg (BlueCrest Pharma),Antihistamines,1,3.712,7.747,17.145,0.8214,7,5.75,1.2509,weekly demand std / sqrt(7),0.95,5.44,11.19,22.69,22,ORDER_NOW,CRITICAL,Stock 1 <= expected demand during the 7-day lead time (5.8): a stockout is expected before a new order could arrive; order up to 22.7 units
BR004,MED286,Atorvastatin 20mg (BlueCrest Pharma),Cardiovascular,0,2.574,6.661,15.063,0.75,7,5.25,1.4149,weekly demand std / sqrt(7),0.95,6.16,11.41,21.91,22,ORDER_NOW,CRITICAL,Stock 0 <= expected demand during the 7-day lead time (5.2): a stockout is expected before a new order could arrive; order up to 21.9 units
BR004,MED108,Azithromycin 500mg (Aarogya Formulations),Antibiotics,0,3.841,8.48,18.325,0.8214,7,5.75,0.8614,weekly demand std / sqrt(7),0.95,3.75,9.5,21.0,21,ORDER_NOW,CRITICAL,Stock 0 <= expected demand during the 7-day lead time (5.8): a stockout is expected before a new order could arrive; order up to 21.0 units
BR004,MED191,Levocetirizine 5mg (BlueCrest Pharma),Antihistamines,1,4.123,8.831,19.653,0.8214,7,5.75,1.0383,weekly demand std / sqrt(7),0.95,4.52,10.27,21.77,21,ORDER_NOW,CRITICAL,Stock 1 <= expected demand during the 7-day lead time (5.8): a stockout is expected before a new order could arrive; order up to 21.8 units
BR004,MED202,Montelukast + Levocetirizine 10mg/5mg (Stellar Formulations),Antihistamines,0,3.421,8.052,15.858,0.75,7,5.25,0.9603,weekly demand std / sqrt(7),0.95,4.18,9.43,19.93,20,ORDER_NOW,CRITICAL,Stock 0 <= expected demand during the 7-day lead time (5.2): a stockout is expected before a new order could arrive; order up to 19.9 units
BR004,MED171,Cetirizine 5mg (Stellar Formulations),Antihistamines,2,3.143,7.506,16.391,0.75,7,5.25,0.8827,weekly demand std / sqrt(7),0.95,3.84,9.09,19.59,18,ORDER_NOW,CRITICAL,Stock 2 <= expected demand during the 7-day lead time (5.2): a stockout is expected before a new order could arrive; order up to 19.6 units
BR002,MED362,Glimepiride 1mg (HealthAxis Pharma),Antidiabetic,0,1.788,4.468,11.123,0.4643,7,3.25,1.0202,weekly demand std / sqrt(7),0.95,4.44,7.69,14.19,15,ORDER_NOW,CRITICAL,Stock 0 <= expected demand during the 7-day lead time (3.2): a stockout is expected before a new order could arrive; order up to 14.2 units
BR004,MED263,Amlodipine 2.5mg (Stellar Formulations),Cardiovascular,1,1.244,2.886,6.787,0.4643,7,3.25,1.2969,weekly demand std / sqrt(7),0.95,5.64,8.89,15.39,15,ORDER_NOW,CRITICAL,Stock 1 <= expected demand during the 7-day lead time (3.2): a stockout is expected before a new order could arrive; order up to 15.4 units
BR003,MED090,Paracetamol 500mg (CarePlus Laboratories),Analgesics,1,1.206,3.251,7.785,0.4643,7,3.25,1.1722,weekly demand std / sqrt(7),0.95,5.1,8.35,14.85,14,ORDER_NOW,CRITICAL,Stock 1 <= expected demand during the 7-day lead time (3.2): a stockout is expected before a new order could arrive; order up to 14.8 units
BR004,MED415,Budesonide Inhaler 100mcg,Respiratory,0,2.156,4.279,9.488,0.4643,7,3.25,0.6093,weekly demand std / sqrt(7),0.95,2.65,5.9,12.4,13,ORDER_NOW,CRITICAL,Stock 0 <= expected demand during the 7-day lead time (3.2): a stockout is expected before a new order could arrive; order up to 12.4 units
BR001,MED419,Dextromethorphan Syrup 100ml (TrueLife Remedies),Respiratory,0,1.931,3.653,8.77,0.4286,7,3.0,0.47,weekly demand std / sqrt(7),0.95,2.05,5.05,11.05,12,ORDER_NOW,CRITICAL,Stock 0 <= expected demand during the 7-day lead time (3.0): a stockout is expected before a new order could arrive; order up to 11.1 units
BR004,MED090,Paracetamol 500mg (CarePlus Laboratories),Analgesics,0,2.058,4.902,10.981,0.4643,7,3.25,0.5153,weekly demand std / sqrt(7),0.95,2.24,5.49,11.99,12,ORDER_NOW,CRITICAL,Stock 0 <= expected demand during the 7-day lead time (3.2): a stockout is expected before a new order could arrive; order up to 12.0 units
BR002,MED251,Pantoprazole 20mg (BlueCrest Pharma),Gastrointestinal,0,1.526,2.85,6.97,0.3929,7,2.75,0.5093,weekly demand std / sqrt(7),0.95,2.22,4.97,10.47,11,ORDER_NOW,CRITICAL,Stock 0 <= expected demand during the 7-day lead time (2.8): a stockout is expected before a new order could arrive; order up to 10.5 units
BR002,MED279,Aspirin 150mg (Summit Lifesciences),Cardiovascular,1,0.505,1.161,3.409,0.3571,7,2.5,0.6696,weekly demand std / sqrt(7),0.95,2.91,5.41,10.41,10,ORDER_NOW,CRITICAL,Stock 1 <= expected demand during the 7-day lead time (2.5): a stockout is expected before a new order could arrive; order up to 10.4 units
BR005,MED100,Amoxicillin 250mg (TrueLife Remedies),Antibiotics,0,0.717,2.029,4.66,0.3214,7,2.25,0.4772,weekly demand std / sqrt(7),0.95,2.08,4.33,8.83,9,ORDER_NOW,CRITICAL,Stock 0 <= expected demand during the 7-day lead time (2.2): a stockout is expected before a new order could arrive; order up to 8.8 units
BR003,MED251,Pantoprazole 20mg (BlueCrest Pharma),Gastrointestinal,0,0.981,2.223,4.757,0.2143,7,1.5,0.6005,weekly demand std / sqrt(7),0.95,2.61,4.11,7.11,8,ORDER_NOW,CRITICAL,Stock 0 <= expected demand during the 7-day lead time (1.5): a stockout is expected before a new order could arrive; order up to 7.1 units
BR004,MED221,Omeprazole 40mg,Gastrointestinal,0,0.695,1.418,4.028,0.25,7,1.75,0.5239,weekly demand std / sqrt(7),0.95,2.28,4.03,7.53,8,ORDER_NOW,CRITICAL,Stock 0 <= expected demand during the 7-day lead time (1.8): a stockout is expected before a new order could arrive; order up to 7.5 units
BR005,MED381,Glimepiride + Metformin 1mg/500mg (Zenith BioPharma),Antidiabetic,39,63.298,125.51,264.481,10.1786,7,71.25,6.5295,weekly demand std / sqrt(7),0.95,28.42,99.67,242.17,204,ORDER_NOW,HIGH,Stock 39 <= expected demand during the 7-day lead time (71.2): a stockout is expected before a new order could arrive; order up to 242.2 units
BR004,MED269,Amlodipine 10mg (Stellar Formulations),Cardiovascular,38,58.139,119.81,256.607,9.3929,7,65.75,5.4212,weekly demand std / sqrt(7),0.95,23.59,89.34,220.84,183,ORDER_NOW,HIGH,Stock 38 <= expected demand during the 7-day lead time (65.8): a stockout is expected before a new order could arrive; order up to 220.8 units
BR005,MED319,Rosuvastatin 5mg (NovaMed Laboratories),Cardiovascular,34,53.71,105.733,220.672,8.0,7,56.0,5.7371,weekly demand std / sqrt(7),0.95,24.97,80.97,192.97,159,ORDER_NOW,HIGH,Stock 34 <= expected demand during the 7-day lead time (56.0): a stockout is expected before a new order could arrive; order up to 193.0 units
BR003,MED326,Rosuvastatin 20mg (VitaCure Remedies),Cardiovascular,44,58.218,115.242,252.931,8.5714,7,60.0,3.8718,weekly demand std / sqrt(7),0.95,16.85,76.85,196.85,153,ORDER_NOW,HIGH,Stock 44 <= expected demand during the 7-day lead time (60.0): a stockout is expected before a new order could arrive; order up to 196.8 units
BR002,MED011,Amlodipine 5mg,Cardiovascular,58,57.783,116.661,252.341,9.2143,7,64.5,3.5949,weekly demand std / sqrt(7),0.95,15.64,80.14,209.14,152,ORDER_NOW,HIGH,Stock 58 <= expected demand during the 7-day lead time (64.5): a stockout is expected before a new order could arrive; order up to 209.1 units
BR005,MED173,Cetirizine 5mg (TrueLife Remedies),Antihistamines,27,49.924,101.249,228.098,7.75,7,54.25,3.4755,weekly demand std / sqrt(7),0.95,15.13,69.38,177.88,151,ORDER_NOW,HIGH,Stock 27 <= expected demand during the 7-day lead time (54.2): a stockout is expected before a new order could arrive; order up to 177.9 units
BR002,MED383,Metformin 500mg (Stellar Formulations),Antidiabetic,29,48.588,97.93,213.816,7.6429,7,53.5,3.9482,weekly demand std / sqrt(7),0.95,17.18,70.68,177.68,149,ORDER_NOW,HIGH,Stock 29 <= expected demand during the 7-day lead time (53.5): a stockout is expected before a new order could arrive; order up to 177.7 units
BR005,MED385,Metformin 850mg,Antidiabetic,49,54.143,108.213,232.691,7.9643,7,55.75,6.7473,weekly demand std / sqrt(7),0.95,29.36,85.11,196.61,148,ORDER_NOW,HIGH,Stock 49 <= expected demand during the 7-day lead time (55.8): a stockout is expected before a new order could arrive; order up to 196.6 units
BR005,MED272,Aspirin 75mg (BlueCrest Pharma),Cardiovascular,29,45.696,93.767,205.578,7.1786,7,50.25,5.2799,weekly demand std / sqrt(7),0.95,22.98,73.23,173.73,145,ORDER_NOW,HIGH,Stock 29 <= expected demand during the 7-day lead time (50.2): a stockout is expected before a new order could arrive; order up to 173.7 units
BR005,MED459,Multivitamin B-complex+C (Summit Lifesciences),Vitamins,32,44.185,91.318,192.036,6.9643,7,48.75,4.6072,weekly demand std / sqrt(7),0.95,20.05,68.8,166.3,135,ORDER_NOW,HIGH,Stock 32 <= expected demand during the 7-day lead time (48.8): a stockout is expected before a new order could arrive; order up to 166.3 units
BR001,MED239,ORS Powder 21.8g (HealthAxis Pharma),Gastrointestinal,29,42.002,85.42,176.893,6.4643,7,45.25,4.554,weekly demand std / sqrt(7),0.95,19.82,65.07,155.57,127,ORDER_NOW,HIGH,Stock 29 <= expected demand during the 7-day lead time (45.2): a stockout is expected before a new order could arrive; order up to 155.6 units
BR002,MED326,Rosuvastatin 20mg (VitaCure Remedies),Cardiovascular,54,50.048,100.941,228.828,7.7143,7,54.0,3.9967,weekly demand std / sqrt(7),0.95,17.39,71.39,179.39,126,ORDER_NOW,HIGH,Stock 54 <= expected demand during the 7-day lead time (54.0): a stockout is expected before a new order could arrive; order up to 179.4 units
BR001,MED117,Azithromycin 250mg (LifeSpring Pharma),Antibiotics,24,40.382,80.6,177.669,6.2143,7,43.5,3.5271,weekly demand std / sqrt(7),0.95,15.35,58.85,145.85,122,ORDER_NOW,HIGH,Stock 24 <= expected demand during the 7-day lead time (43.5): a stockout is expected before a new order could arrive; order up to 145.8 units
BR004,MED301,Losartan 25mg (CarePlus Laboratories),Cardiovascular,41,43.348,89.725,201.498,6.6786,7,46.75,4.8979,weekly demand std / sqrt(7),0.95,21.32,68.07,161.57,121,ORDER_NOW,HIGH,Stock 41 <= expected demand during the 7-day lead time (46.8): a stockout is expected before a new order could arrive; order up to 161.6 units
BR004,MED326,Rosuvastatin 20mg (VitaCure Remedies),Cardiovascular,20,35.686,73.039,154.988,5.5714,7,39.0,4.7378,weekly demand std / sqrt(7),0.95,20.62,59.62,137.62,118,ORDER_NOW,HIGH,Stock 20 <= expected demand during the 7-day lead time (39.0): a stockout is expected before a new order could arrive; order up to 137.6 units
BR003,MED173,Cetirizine 5mg (TrueLife Remedies),Antihistamines,33,42.673,85.481,192.285,6.2857,7,44.0,3.5448,weekly demand std / sqrt(7),0.95,15.43,59.43,147.43,115,ORDER_NOW,HIGH,Stock 33 <= expected demand during the 7-day lead time (44.0): a stockout is expected before a new order could arrive; order up to 147.4 units
BR001,MED139,Mefenamic Acid 500mg,Antipyretics,30,31.323,59.389,133.672,4.8214,7,33.75,8.0579,weekly demand std / sqrt(7),0.95,35.07,68.82,136.32,107,ORDER_NOW,HIGH,Stock 30 <= expected demand during the 7-day lead time (33.8): a stockout is expected before a new order could arrive; order up to 136.3 units
BR001,MED173,Cetirizine 5mg (TrueLife Remedies),Antihistamines,44,44.227,90.491,207.877,6.6429,7,46.5,2.6427,weekly demand std / sqrt(7),0.95,11.5,58.0,151.0,107,ORDER_NOW,HIGH,Stock 44 <= expected demand during the 7-day lead time (46.5): a stockout is expected before a new order could arrive; order up to 151.0 units
BR004,MED385,Metformin 850mg,Antidiabetic,40,41.765,84.31,186.782,6.1429,7,43.0,3.7835,weekly demand std / sqrt(7),0.95,16.47,59.47,145.47,106,ORDER_NOW,HIGH,Stock 40 <= expected demand during the 7-day lead time (43.0): a stockout is expected before a new order could arrive; order up to 145.5 units
BR003,MED466,Vitamin C Chewable 1000mg (ApexLife Pharma),Vitamins,19,31.817,63.995,143.324,4.8929,7,34.25,3.438,weekly demand std / sqrt(7),0.95,14.96,49.21,117.71,99,ORDER_NOW,HIGH,Stock 19 <= expected demand during the 7-day lead time (34.2): a stockout is expected before a new order could arrive; order up to 117.7 units
BR004,MED033,Omeprazole 20mg,Gastrointestinal,25,30.526,62.452,130.501,4.6786,7,32.75,4.4826,weekly demand std / sqrt(7),0.95,19.51,52.26,117.76,93,ORDER_NOW,HIGH,Stock 25 <= expected demand during the 7-day lead time (32.8): a stockout is expected before a new order could arrive; order up to 117.8 units
BR004,MED239,ORS Powder 21.8g (HealthAxis Pharma),Gastrointestinal,25,27.896,57.212,125.221,4.5714,7,32.0,4.1065,weekly demand std / sqrt(7),0.95,17.87,49.87,113.87,89,ORDER_NOW,HIGH,Stock 25 <= expected demand during the 7-day lead time (32.0): a stockout is expected before a new order could arrive; order up to 113.9 units
BR001,MED007,Cetirizine 10mg,Antihistamines,22,32.402,64.033,140.705,4.7857,7,33.5,1.5393,weekly demand std / sqrt(7),0.95,6.7,40.2,107.2,86,ORDER_NOW,HIGH,Stock 22 <= expected demand during the 7-day lead time (33.5): a stockout is expected before a new order could arrive; order up to 107.2 units
BR002,MED117,Azithromycin 250mg (LifeSpring Pharma),Antibiotics,24,29.261,59.657,122.994,4.4286,7,31.0,2.6475,weekly demand std / sqrt(7),0.95,11.52,42.52,104.52,81,ORDER_NOW,HIGH,Stock 24 <= expected demand during the 7-day lead time (31.0): a stockout is expected before a new order could arrive; order up to 104.5 units
BR002,MED113,Azithromycin 250mg (BlueCrest Pharma),Antibiotics,25,29.403,61.198,131.297,4.3571,7,30.5,2.9482,weekly demand std / sqrt(7),0.95,12.83,43.33,104.33,80,ORDER_NOW,HIGH,Stock 25 <= expected demand during the 7-day lead time (30.5): a stockout is expected before a new order could arrive; order up to 104.3 units
BR003,MED392,Metformin 1000mg (LifeSpring Pharma),Antidiabetic,19,24.457,52.127,110.427,4.0,7,28.0,3.2914,weekly demand std / sqrt(7),0.95,14.32,42.32,98.32,80,ORDER_NOW,HIGH,Stock 19 <= expected demand during the 7-day lead time (28.0): a stockout is expected before a new order could arrive; order up to 98.3 units
BR002,MED005,Paracetamol 650mg,Antipyretics,17,21.669,39.809,92.813,3.3929,7,23.75,3.0239,weekly demand std / sqrt(7),0.95,13.16,36.91,84.41,68,ORDER_NOW,HIGH,Stock 17 <= expected demand during the 7-day lead time (23.8): a stockout is expected before a new order could arrive; order up to 84.4 units
BR003,MED454,Iron + Folic Acid 100mg/500mcg (Stellar Formulations),Vitamins,21,22.167,44.431,95.994,3.3929,7,23.75,2.0865,weekly demand std / sqrt(7),0.95,9.08,32.83,80.33,60,ORDER_NOW,HIGH,Stock 21 <= expected demand during the 7-day lead time (23.8): a stockout is expected before a new order could arrive; order up to 80.3 units
BR002,MED265,Amlodipine 2.5mg (TrueLife Remedies),Cardiovascular,19,17.061,35.444,78.433,2.8214,7,19.75,2.8925,weekly demand std / sqrt(7),0.95,12.59,32.34,71.84,53,ORDER_NOW,HIGH,Stock 19 <= expected demand during the 7-day lead time (19.8): a stockout is expected before a new order could arrive; order up to 71.8 units
BR003,MED169,Cetirizine 5mg (CarePlus Laboratories),Antihistamines,12,16.581,33.71,73.983,2.6429,7,18.5,2.0723,weekly demand std / sqrt(7),0.95,9.02,27.52,64.52,53,ORDER_NOW,HIGH,Stock 12 <= expected demand during the 7-day lead time (18.5): a stockout is expected before a new order could arrive; order up to 64.5 units
BR001,MED104,Amoxicillin + Clavulanic Acid 375mg,Antibiotics,12,14.23,32.375,67.237,2.4643,7,17.25,2.5365,weekly demand std / sqrt(7),0.95,11.04,28.29,62.79,51,ORDER_NOW,HIGH,Stock 12 <= expected demand during the 7-day lead time (17.2): a stockout is expected before a new order could arrive; order up to 62.8 units
BR001,MED399,Sitagliptin 50mg (BlueCrest Pharma),Antidiabetic,11,13.931,26.091,58.728,2.3214,7,16.25,2.9852,weekly demand std / sqrt(7),0.95,12.99,29.24,61.74,51,ORDER_NOW,HIGH,Stock 11 <= expected demand during the 7-day lead time (16.2): a stockout is expected before a new order could arrive; order up to 61.7 units
BR004,MED142,Mefenamic Acid 500mg (Kavach Healthcare),Antipyretics,14,15.497,30.262,67.797,2.4643,7,17.25,2.417,weekly demand std / sqrt(7),0.95,10.52,27.77,62.27,49,ORDER_NOW,HIGH,Stock 14 <= expected demand during the 7-day lead time (17.2): a stockout is expected before a new order could arrive; order up to 62.3 units
BR002,MED082,Naproxen 250mg (CureLine Healthcare),Analgesics,10,11.945,25.439,57.735,2.25,7,15.75,1.7502,weekly demand std / sqrt(7),0.95,7.62,23.37,54.87,45,ORDER_NOW,HIGH,Stock 10 <= expected demand during the 7-day lead time (15.8): a stockout is expected before a new order could arrive; order up to 54.9 units
BR002,MED015,Ambroxol + Levosalbutamol Syrup 100ml,Respiratory,9,13.152,28.339,55.697,2.0357,7,14.25,1.7874,weekly demand std / sqrt(7),0.95,7.78,22.03,50.53,42,ORDER_NOW,HIGH,Stock 9 <= expected demand during the 7-day lead time (14.2): a stockout is expected before a new order could arrive; order up to 50.5 units
BR003,MED031,Montelukast + Levocetirizine 10mg/5mg,Antihistamines,14,13.408,28.653,67.152,2.2143,7,15.5,2.0508,weekly demand std / sqrt(7),0.95,8.92,24.42,55.42,42,ORDER_NOW,HIGH,Stock 14 <= expected demand during the 7-day lead time (15.5): a stockout is expected before a new order could arrive; order up to 55.4 units
BR003,MED155,Paracetamol Suspension 250mg/5ml (CureLine Healthcare),Antipyretics,7,11.222,23.62,47.445,2.0714,7,14.5,1.1287,weekly demand std / sqrt(7),0.95,4.91,19.41,48.41,42,ORDER_NOW,HIGH,Stock 7 <= expected demand during the 7-day lead time (14.5): a stockout is expected before a new order could arrive; order up to 48.4 units
BR004,MED042,Aspirin 75mg,Cardiovascular,8,9.423,20.915,46.104,1.9286,7,13.5,2.142,weekly demand std / sqrt(7),0.95,9.32,22.82,49.82,42,ORDER_NOW,HIGH,Stock 8 <= expected demand during the 7-day lead time (13.5): a stockout is expected before a new order could arrive; order up to 49.8 units
BR001,MED276,Aspirin 75mg (Stellar Formulations),Cardiovascular,15,10.66,24.224,54.899,2.1429,7,15.0,2.307,weekly demand std / sqrt(7),0.95,10.04,25.04,55.04,41,ORDER_NOW,HIGH,Stock 15 <= expected demand during the 7-day lead time (15.0): a stockout is expected before a new order could arrive; order up to 55.0 units
BR002,MED454,Iron + Folic Acid 100mg/500mcg (Stellar Formulations),Vitamins,13,11.077,23.043,50.242,2.0,7,14.0,2.3622,weekly demand std / sqrt(7),0.95,10.28,24.28,52.28,40,ORDER_NOW,HIGH,Stock 13 <= expected demand during the 7-day lead time (14.0): a stockout is expected before a new order could arrive; order up to 52.3 units
BR001,MED206,Domperidone 10mg (CarePlus Laboratories),Gastrointestinal,8,8.178,17.902,38.754,1.7143,7,12.0,2.1784,weekly demand std / sqrt(7),0.95,9.48,21.48,45.48,38,ORDER_NOW,HIGH,Stock 8 <= expected demand during the 7-day lead time (12.0): a stockout is expected before a new order could arrive; order up to 45.5 units
BR005,MED206,Domperidone 10mg (CarePlus Laboratories),Gastrointestinal,6,7.39,15.753,33.839,1.6429,7,11.5,1.9273,weekly demand std / sqrt(7),0.95,8.39,19.89,42.89,37,ORDER_NOW,HIGH,Stock 6 <= expected demand during the 7-day lead time (11.5): a stockout is expected before a new order could arrive; order up to 42.9 units
BR004,MED316,Rosuvastatin 10mg (Summit Lifesciences),Cardiovascular,12,7.394,16.298,37.13,1.8929,7,13.25,1.7502,weekly demand std / sqrt(7),0.95,7.62,20.87,47.37,36,ORDER_NOW,HIGH,Stock 12 <= expected demand during the 7-day lead time (13.2): a stockout is expected before a new order could arrive; order up to 47.4 units
BR005,MED040,Rosuvastatin 10mg,Cardiovascular,10,8.675,17.899,41.215,1.75,7,12.25,1.9069,weekly demand std / sqrt(7),0.95,8.3,20.55,45.05,36,ORDER_NOW,HIGH,Stock 10 <= expected demand during the 7-day lead time (12.2): a stockout is expected before a new order could arrive; order up to 45.0 units
BR002,MED361,Glimepiride 1mg (CureLine Healthcare),Antidiabetic,11,7.169,16.514,37.325,1.7143,7,12.0,2.1199,weekly demand std / sqrt(7),0.95,9.23,21.23,45.23,35,ORDER_NOW,HIGH,Stock 11 <= expected demand during the 7-day lead time (12.0): a stockout is expected before a new order could arrive; order up to 45.2 units
BR004,MED257,Amlodipine 5mg (LifeSpring Pharma),Cardiovascular,6,6.767,15.626,34.526,1.5,7,10.5,1.7881,weekly demand std / sqrt(7),0.95,7.78,18.28,39.28,34,ORDER_NOW,HIGH,Stock 6 <= expected demand during the 7-day lead time (10.5): a stockout is expected before a new order could arrive; order up to 39.3 units
BR005,MED448,Calcium + Vitamin D3 500mg/250IU (TrueLife Remedies),Vitamins,9,8.722,17.107,40.693,1.7143,7,12.0,1.5865,weekly demand std / sqrt(7),0.95,6.9,18.9,42.9,34,ORDER_NOW,HIGH,Stock 9 <= expected demand during the 7-day lead time (12.0): a stockout is expected before a new order could arrive; order up to 42.9 units
BR004,MED015,Ambroxol + Levosalbutamol Syrup 100ml,Respiratory,11,10.884,22.691,47.893,1.6786,7,11.75,1.9352,weekly demand std / sqrt(7),0.95,8.42,20.17,43.67,33,ORDER_NOW,HIGH,Stock 11 <= expected demand during the 7-day lead time (11.8): a stockout is expected before a new order could arrive; order up to 43.7 units
BR005,MED219,Omeprazole 20mg (TrueLife Remedies),Gastrointestinal,6,7.032,15.489,34.278,1.5357,7,10.75,1.3856,weekly demand std / sqrt(7),0.95,6.03,16.78,38.28,33,ORDER_NOW,HIGH,Stock 6 <= expected demand during the 7-day lead time (10.8): a stockout is expected before a new order could arrive; order up to 38.3 units
BR005,MED306,Metoprolol 50mg (Aarogya Formulations),Cardiovascular,9,7.639,17.013,38.062,1.5357,7,10.75,2.2085,weekly demand std / sqrt(7),0.95,9.61,20.36,41.86,33,ORDER_NOW,HIGH,Stock 9 <= expected demand during the 7-day lead time (10.8): a stockout is expected before a new order could arrive; order up to 41.9 units
BR001,MED257,Amlodipine 5mg (LifeSpring Pharma),Cardiovascular,7,7.031,15.758,35.986,1.4286,7,10.0,2.0042,weekly demand std / sqrt(7),0.95,8.72,18.72,38.72,32,ORDER_NOW,HIGH,Stock 7 <= expected demand during the 7-day lead time (10.0): a stockout is expected before a new order could arrive; order up to 38.7 units
BR004,MED031,Montelukast + Levocetirizine 10mg/5mg,Antihistamines,13,11.836,25.166,54.488,1.8571,7,13.0,1.2839,weekly demand std / sqrt(7),0.95,5.59,18.59,44.59,32,ORDER_NOW,HIGH,Stock 13 <= expected demand during the 7-day lead time (13.0): a stockout is expected before a new order could arrive; order up to 44.6 units
BR005,MED445,Calcium + Vitamin D3 500mg/250IU (HealthAxis Pharma),Vitamins,10,7.755,17.425,36.895,1.5714,7,11.0,2.0115,weekly demand std / sqrt(7),0.95,8.75,19.75,41.75,32,ORDER_NOW,HIGH,Stock 10 <= expected demand during the 7-day lead time (11.0): a stockout is expected before a new order could arrive; order up to 41.8 units
BR003,MED411,Ambroxol + Levosalbutamol Syrup 60ml (NovaMed Laboratories),Respiratory,5,6.842,15.307,33.335,1.3571,7,9.5,1.3266,weekly demand std / sqrt(7),0.95,5.77,15.27,34.27,30,ORDER_NOW,HIGH,Stock 5 <= expected demand during the 7-day lead time (9.5): a stockout is expected before a new order could arrive; order up to 34.3 units
BR004,MED167,Cetirizine 10mg (TrueLife Remedies),Antihistamines,9,8.372,17.491,38.436,1.5714,7,11.0,1.2121,weekly demand std / sqrt(7),0.95,5.27,16.27,38.27,30,ORDER_NOW,HIGH,Stock 9 <= expected demand during the 7-day lead time (11.0): a stockout is expected before a new order could arrive; order up to 38.3 units
BR005,MED048,Dextromethorphan Syrup 100ml,Respiratory,9,8.552,18.433,37.864,1.5357,7,10.75,1.3659,weekly demand std / sqrt(7),0.95,5.94,16.69,38.19,30,ORDER_NOW,HIGH,Stock 9 <= expected demand during the 7-day lead time (10.8): a stockout is expected before a new order could arrive; order up to 38.2 units
BR005,MED460,Multivitamin B-complex+C (TrueLife Remedies),Vitamins,4,6.248,13.251,30.595,1.25,7,8.75,1.7005,weekly demand std / sqrt(7),0.95,7.4,16.15,33.65,30,ORDER_NOW,HIGH,Stock 4 <= expected demand during the 7-day lead time (8.8): a stockout is expected before a new order could arrive; order up to 33.6 units
BR002,MED465,Vitamin C Chewable 1000mg,Vitamins,4,5.569,12.108,27.507,1.25,7,8.75,1.4783,weekly demand std / sqrt(7),0.95,6.43,15.18,32.68,29,ORDER_NOW,HIGH,Stock 4 <= expected demand during the 7-day lead time (8.8): a stockout is expected before a new order could arrive; order up to 32.7 units
BR004,MED380,Glimepiride + Metformin 1mg/500mg (VitaCure Remedies),Antidiabetic,7,6.36,13.967,32.745,1.3571,7,9.5,1.4964,weekly demand std / sqrt(7),0.95,6.51,16.01,35.01,29,ORDER_NOW,HIGH,Stock 7 <= expected demand during the 7-day lead time (9.5): a stockout is expected before a new order could arrive; order up to 35.0 units
BR002,MED070,Ibuprofen 400mg (NovaMed Laboratories),Analgesics,8,6.253,12.556,29.478,1.3929,7,9.75,1.4685,weekly demand std / sqrt(7),0.95,6.39,16.14,35.64,28,ORDER_NOW,HIGH,Stock 8 <= expected demand during the 7-day lead time (9.8): a stockout is expected before a new order could arrive; order up to 35.6 units
BR003,MED391,Metformin 1000mg (HealthAxis Pharma),Antidiabetic,3,4.435,10.02,22.506,1.0,7,7.0,1.9987,weekly demand std / sqrt(7),0.95,8.7,15.7,29.7,27,ORDER_NOW,HIGH,Stock 3 <= expected demand during the 7-day lead time (7.0): a stockout is expected before a new order could arrive; order up to 29.7 units
BR005,MED245,Pantoprazole 40mg (BlueCrest Pharma),Gastrointestinal,5,5.486,11.59,25.662,1.1071,7,7.75,1.9647,weekly demand std / sqrt(7),0.95,8.55,16.3,31.8,27,ORDER_NOW,HIGH,Stock 5 <= expected demand during the 7-day lead time (7.8): a stockout is expected before a new order could arrive; order up to 31.8 units
BR002,MED084,Naproxen 250mg (VitaCure Remedies),Analgesics,10,7.014,15.5,33.779,1.4286,7,10.0,1.2044,weekly demand std / sqrt(7),0.95,5.24,15.24,35.24,26,ORDER_NOW,HIGH,Stock 10 <= expected demand during the 7-day lead time (10.0): a stockout is expected before a new order could arrive; order up to 35.2 units
BR002,MED155,Paracetamol Suspension 250mg/5ml (CureLine Healthcare),Antipyretics,4,5.534,11.767,27.928,1.1429,7,8.0,1.3658,weekly demand std / sqrt(7),0.95,5.94,13.94,29.94,26,ORDER_NOW,HIGH,Stock 4 <= expected demand during the 7-day lead time (8.0): a stockout is expected before a new order could arrive; order up to 29.9 units
BR002,MED316,Rosuvastatin 10mg (Summit Lifesciences),Cardiovascular,9,6.166,14.148,32.77,1.2857,7,9.0,1.6044,weekly demand std / sqrt(7),0.95,6.98,15.98,33.98,25,ORDER_NOW,HIGH,Stock 9 <= expected demand during the 7-day lead time (9.0): a stockout is expected before a new order could arrive; order up to 34.0 units
BR003,MED081,Ibuprofen 600mg (NovaMed Laboratories),Analgesics,8,6.777,14.961,33.819,1.3214,7,9.25,1.153,weekly demand std / sqrt(7),0.95,5.02,14.27,32.77,25,ORDER_NOW,HIGH,Stock 8 <= expected demand during the 7-day lead time (9.2): a stockout is expected before a new order could arrive; order up to 32.8 units
BR004,MED311,Metoprolol 25mg (CureLine Healthcare),Cardiovascular,8,5.702,13.447,30.768,1.25,7,8.75,1.3649,weekly demand std / sqrt(7),0.95,5.94,14.69,32.19,25,ORDER_NOW,HIGH,Stock 8 <= expected demand during the 7-day lead time (8.8): a stockout is expected before a new order could arrive; order up to 32.2 units
BR002,MED024,Cefixime 200mg,Antibiotics,4,4.465,9.723,21.669,1.0357,7,7.25,1.4027,weekly demand std / sqrt(7),0.95,6.1,13.35,27.85,24,ORDER_NOW,HIGH,Stock 4 <= expected demand during the 7-day lead time (7.3): a stockout is expected before a new order could arrive; order up to 27.9 units
BR005,MED391,Metformin 1000mg (HealthAxis Pharma),Antidiabetic,8,5.432,12.036,28.888,1.1786,7,8.25,1.6456,weekly demand std / sqrt(7),0.95,7.16,15.41,31.91,24,ORDER_NOW,HIGH,Stock 8 <= expected demand during the 7-day lead time (8.2): a stockout is expected before a new order could arrive; order up to 31.9 units
BR003,MED058,Aceclofenac + Paracetamol 100mg/325mg (VitaCure Remedies),Analgesics,6,5.522,11.807,25.815,1.0714,7,7.5,1.3147,weekly demand std / sqrt(7),0.95,5.72,13.22,28.22,23,ORDER_NOW,HIGH,Stock 6 <= expected demand during the 7-day lead time (7.5): a stockout is expected before a new order could arrive; order up to 28.2 units
BR003,MED245,Pantoprazole 40mg (BlueCrest Pharma),Gastrointestinal,3,4.576,9.425,20.848,0.8929,7,6.25,1.4858,weekly demand std / sqrt(7),0.95,6.47,12.72,25.22,23,ORDER_NOW,HIGH,Stock 3 <= expected demand during the 7-day lead time (6.2): a stockout is expected before a new order could arrive; order up to 25.2 units
BR003,MED431,Salbutamol Inhaler 100mcg (ApexLife Pharma),Respiratory,3,5.032,10.644,23.562,0.9286,7,6.5,1.2719,weekly demand std / sqrt(7),0.95,5.54,12.04,25.04,23,ORDER_NOW,HIGH,Stock 3 <= expected demand during the 7-day lead time (6.5): a stockout is expected before a new order could arrive; order up to 25.0 units
BR004,MED186,Fexofenadine 180mg,Antihistamines,4,4.323,10.308,22.019,1.0357,7,7.25,1.0403,weekly demand std / sqrt(7),0.95,4.53,11.78,26.28,23,ORDER_NOW,HIGH,Stock 4 <= expected demand during the 7-day lead time (7.3): a stockout is expected before a new order could arrive; order up to 26.3 units
BR005,MED341,Telmisartan 80mg (Stellar Formulations),Cardiovascular,3,4.382,10.043,23.036,0.8929,7,6.25,1.6316,weekly demand std / sqrt(7),0.95,7.1,13.35,25.85,23,ORDER_NOW,HIGH,Stock 3 <= expected demand during the 7-day lead time (6.2): a stockout is expected before a new order could arrive; order up to 25.9 units
BR001,MED109,Azithromycin 500mg (ApexLife Pharma),Antibiotics,6,3.536,9.164,19.674,1.0714,7,7.5,1.0919,weekly demand std / sqrt(7),0.95,4.75,12.25,27.25,22,ORDER_NOW,HIGH,Stock 6 <= expected demand during the 7-day lead time (7.5): a stockout is expected before a new order could arrive; order up to 27.2 units
BR002,MED021,Ibuprofen 400mg,Analgesics,5,4.839,11.439,24.509,1.0,7,7.0,1.1968,weekly demand std / sqrt(7),0.95,5.21,12.21,26.21,22,ORDER_NOW,HIGH,Stock 5 <= expected demand during the 7-day lead time (7.0): a stockout is expected before a new order could arrive; order up to 26.2 units
BR002,MED306,Metoprolol 50mg (Aarogya Formulations),Cardiovascular,4,3.954,9.346,21.904,0.8571,7,6.0,1.8077,weekly demand std / sqrt(7),0.95,7.87,13.87,25.87,22,ORDER_NOW,HIGH,Stock 4 <= expected demand during the 7-day lead time (6.0): a stockout is expected before a new order could arrive; order up to 25.9 units
BR003,MED362,Glimepiride 1mg (HealthAxis Pharma),Antidiabetic,4,3.629,8.262,19.83,0.8929,7,6.25,1.4002,weekly demand std / sqrt(7),0.95,6.09,12.34,24.84,21,ORDER_NOW,HIGH,Stock 4 <= expected demand during the 7-day lead time (6.2): a stockout is expected before a new order could arrive; order up to 24.8 units
BR004,MED035,ORS Powder 21.8g,Gastrointestinal,5,4.188,10.218,20.572,1.0,7,7.0,0.9362,weekly demand std / sqrt(7),0.95,4.07,11.07,25.07,21,ORDER_NOW,HIGH,Stock 5 <= expected demand during the 7-day lead time (7.0): a stockout is expected before a new order could arrive; order up to 25.1 units
BR005,MED027,Amoxicillin + Clavulanic Acid 625mg,Antibiotics,6,4.763,10.855,23.753,1.0,7,7.0,1.143,weekly demand std / sqrt(7),0.95,4.97,11.97,25.97,20,ORDER_NOW,HIGH,Stock 6 <= expected demand during the 7-day lead time (7.0): a stockout is expected before a new order could arrive; order up to 26.0 units
BR005,MED073,Ibuprofen 200mg,Analgesics,6,4.585,9.996,22.283,0.8571,7,6.0,1.8261,weekly demand std / sqrt(7),0.95,7.95,13.95,25.95,20,ORDER_NOW,HIGH,Stock 6 <= expected demand during the 7-day lead time (6.0): a stockout is expected before a new order could arrive; order up to 25.9 units
BR001,MED095,Amoxicillin 250mg,Antibiotics,5,4.093,8.998,19.662,0.9286,7,6.5,1.0173,weekly demand std / sqrt(7),0.95,4.43,10.93,23.93,19,ORDER_NOW,HIGH,Stock 5 <= expected demand during the 7-day lead time (6.5): a stockout is expected before a new order could arrive; order up to 23.9 units
BR001,MED386,Metformin 850mg (CureLine Healthcare),Antidiabetic,7,3.507,8.882,17.772,1.0,7,7.0,1.0879,weekly demand std / sqrt(7),0.95,4.73,11.73,25.73,19,ORDER_NOW,HIGH,Stock 7 <= expected demand during the 7-day lead time (7.0): a stockout is expected before a new order could arrive; order up to 25.7 units
BR003,MED463,Vitamin C Chewable 500mg (HealthAxis Pharma),Vitamins,5,4.176,9.64,22.687,0.8929,7,6.25,0.9869,weekly demand std / sqrt(7),0.95,4.3,10.55,23.05,19,ORDER_NOW,HIGH,Stock 5 <= expected demand during the 7-day lead time (6.2): a stockout is expected before a new order could arrive; order up to 23.1 units
BR004,MED024,Cefixime 200mg,Antibiotics,6,4.518,9.091,21.11,0.9286,7,6.5,1.2212,weekly demand std / sqrt(7),0.95,5.31,11.81,24.81,19,ORDER_NOW,HIGH,Stock 6 <= expected demand during the 7-day lead time (6.5): a stockout is expected before a new order could arrive; order up to 24.8 units
BR004,MED079,Ibuprofen 600mg (BlueCrest Pharma),Analgesics,4,3.997,9.075,21.188,0.8214,7,5.75,1.1237,weekly demand std / sqrt(7),0.95,4.89,10.64,22.14,19,ORDER_NOW,HIGH,Stock 4 <= expected demand during the 7-day lead time (5.8): a stockout is expected before a new order could arrive; order up to 22.1 units
BR005,MED356,Glimepiride 2mg (CarePlus Laboratories),Antidiabetic,5,3.845,8.726,20.991,0.8571,7,6.0,1.2962,weekly demand std / sqrt(7),0.95,5.64,11.64,23.64,19,ORDER_NOW,HIGH,Stock 5 <= expected demand during the 7-day lead time (6.0): a stockout is expected before a new order could arrive; order up to 23.6 units
BR001,MED140,Mefenamic Acid 500mg (CureLine Healthcare),Antipyretics,6,4.45,9.293,20.19,0.8929,7,6.25,1.1518,weekly demand std / sqrt(7),0.95,5.01,11.26,23.76,18,ORDER_NOW,HIGH,Stock 6 <= expected demand during the 7-day lead time (6.2): a stockout is expected before a new order could arrive; order up to 23.8 units
BR003,MED342,Telmisartan 80mg (Summit Lifesciences),Cardiovascular,4,2.128,5.66,14.028,0.7857,7,5.5,1.2569,weekly demand std / sqrt(7),0.95,5.47,10.97,21.97,18,ORDER_NOW,HIGH,Stock 4 <= expected demand during the 7-day lead time (5.5): a stockout is expected before a new order could arrive; order up to 22.0 units
BR001,MED165,Cetirizine 10mg (Stellar Formulations),Antihistamines,4,4.216,9.4,20.518,0.7857,7,5.5,0.9072,weekly demand std / sqrt(7),0.95,3.95,9.45,20.45,17,ORDER_NOW,HIGH,Stock 4 <= expected demand during the 7-day lead time (5.5): a stockout is expected before a new order could arrive; order up to 20.4 units
BR002,MED285,Atorvastatin 20mg,Cardiovascular,4,2.344,5.665,13.713,0.6786,7,4.75,1.514,weekly demand std / sqrt(7),0.95,6.59,11.34,20.84,17,ORDER_NOW,HIGH,Stock 4 <= expected demand during the 7-day lead time (4.8): a stockout is expected before a new order could arrive; order up to 20.8 units
BR005,MED491,Hydrocortisone Cream 1% (CureLine Healthcare),Dermatological,6,4.697,9.77,21.736,0.8571,7,6.0,0.9288,weekly demand std / sqrt(7),0.95,4.04,10.04,22.04,17,ORDER_NOW,HIGH,Stock 6 <= expected demand during the 7-day lead time (6.0): a stockout is expected before a new order could arrive; order up to 22.0 units
BR001,MED003,Amoxicillin 500mg,Antibiotics,5,4.261,8.723,20.348,0.8214,7,5.75,0.7276,weekly demand std / sqrt(7),0.95,3.17,8.92,20.42,16,ORDER_NOW,HIGH,Stock 5 <= expected demand during the 7-day lead time (5.8): a stockout is expected before a new order could arrive; order up to 20.4 units
BR001,MED408,Ambroxol + Levosalbutamol Syrup 100ml (Summit Lifesciences),Respiratory,2,2.813,6.003,13.363,0.6429,7,4.5,0.859,weekly demand std / sqrt(7),0.95,3.74,8.24,17.24,16,ORDER_NOW,HIGH,Stock 2 <= expected demand during the 7-day lead time (4.5): a stockout is expected before a new order could arrive; order up to 17.2 units
BR001,MED491,Hydrocortisone Cream 1% (CureLine Healthcare),Dermatological,5,3.829,8.027,17.546,0.75,7,5.25,0.8827,weekly demand std / sqrt(7),0.95,3.84,9.09,19.59,15,ORDER_NOW,HIGH,Stock 5 <= expected demand during the 7-day lead time (5.2): a stockout is expected before a new order could arrive; order up to 19.6 units
BR002,MED030,Levocetirizine 5mg,Antihistamines,4,3.159,7.482,16.449,0.6786,7,4.75,1.0327,weekly demand std / sqrt(7),0.95,4.49,9.24,18.74,15,ORDER_NOW,HIGH,Stock 4 <= expected demand during the 7-day lead time (4.8): a stockout is expected before a new order could arrive; order up to 18.7 units
BR002,MED122,Cefixime 200mg (NovaMed Laboratories),Antibiotics,4,2.804,6.417,13.972,0.6429,7,4.5,1.1481,weekly demand std / sqrt(7),0.95,5.0,9.5,18.5,15,ORDER_NOW,HIGH,Stock 4 <= expected demand during the 7-day lead time (4.5): a stockout is expected before a new order could arrive; order up to 18.5 units
BR002,MED480,Calamine Lotion 100ml (Stellar Formulations),Dermatological,5,2.999,6.463,14.156,0.75,7,5.25,0.9759,weekly demand std / sqrt(7),0.95,4.25,9.5,20.0,15,ORDER_NOW,HIGH,Stock 5 <= expected demand during the 7-day lead time (5.2): a stockout is expected before a new order could arrive; order up to 20.0 units
BR003,MED386,Metformin 850mg (CureLine Healthcare),Antidiabetic,4,2.597,6.157,15.374,0.6786,7,4.75,1.0757,weekly demand std / sqrt(7),0.95,4.68,9.43,18.93,15,ORDER_NOW,HIGH,Stock 4 <= expected demand during the 7-day lead time (4.8): a stockout is expected before a new order could arrive; order up to 18.9 units
BR004,MED306,Metoprolol 50mg (Aarogya Formulations),Cardiovascular,4,2.059,5.24,13.38,0.6429,7,4.5,1.0914,weekly demand std / sqrt(7),0.95,4.75,9.25,18.25,15,ORDER_NOW,HIGH,Stock 4 <= expected demand during the 7-day lead time (4.5): a stockout is expected before a new order could arrive; order up to 18.2 units
BR005,MED140,Mefenamic Acid 500mg (CureLine Healthcare),Antipyretics,4,2.409,4.92,11.86,0.6429,7,4.5,1.0424,weekly demand std / sqrt(7),0.95,4.54,9.04,18.04,15,ORDER_NOW,HIGH,Stock 4 <= expected demand during the 7-day lead time (4.5): a stockout is expected before a new order could arrive; order up to 18.0 units
BR001,MED231,Ondansetron 4mg (NovaMed Laboratories),Gastrointestinal,3,2.057,4.672,8.945,0.6429,7,4.5,0.7703,weekly demand std / sqrt(7),0.95,3.35,7.85,16.85,14,ORDER_NOW,HIGH,Stock 3 <= expected demand during the 7-day lead time (4.5): a stockout is expected before a new order could arrive; order up to 16.9 units
BR001,MED477,Vitamin D3 1000IU (Summit Lifesciences),Vitamins,2,2.162,5.333,12.97,0.5714,7,4.0,0.8771,weekly demand std / sqrt(7),0.95,3.82,7.82,15.82,14,ORDER_NOW,HIGH,Stock 2 <= expected demand during the 7-day lead time (4.0): a stockout is expected before a new order could arrive; order up to 15.8 units
BR001,MED449,Iron + Folic Acid 100mg/500mcg (BlueCrest Pharma),Vitamins,3,2.241,4.916,12.022,0.6071,7,4.25,0.7216,weekly demand std / sqrt(7),0.95,3.14,7.39,15.89,13,ORDER_NOW,HIGH,Stock 3 <= expected demand during the 7-day lead time (4.2): a stockout is expected before a new order could arrive; order up to 15.9 units
BR003,MED200,Montelukast + Levocetirizine 10mg/5mg (HealthAxis Pharma),Antihistamines,3,2.545,5.85,15.095,0.5714,7,4.0,0.7389,weekly demand std / sqrt(7),0.95,3.22,7.22,15.22,13,ORDER_NOW,HIGH,Stock 3 <= expected demand during the 7-day lead time (4.0): a stockout is expected before a new order could arrive; order up to 15.2 units
BR003,MED483,Clotrimazole Cream 1% (CureLine Healthcare),Dermatological,4,2.989,6.484,13.744,0.6071,7,4.25,0.7477,weekly demand std / sqrt(7),0.95,3.25,7.5,16.0,12,ORDER_NOW,HIGH,Stock 4 <= expected demand during the 7-day lead time (4.2): a stockout is expected before a new order could arrive; order up to 16.0 units
BR004,MED480,Calamine Lotion 100ml (Stellar Formulations),Dermatological,4,2.852,6.288,13.778,0.6071,7,4.25,0.7372,weekly demand std / sqrt(7),0.95,3.21,7.46,15.96,12,ORDER_NOW,HIGH,Stock 4 <= expected demand during the 7-day lead time (4.2): a stockout is expected before a new order could arrive; order up to 16.0 units
BR001,MED203,Montelukast + Levocetirizine 10mg/5mg (TrueLife Remedies),Antihistamines,3,1.4,3.134,8.464,0.4643,7,3.25,0.868,weekly demand std / sqrt(7),0.95,3.78,7.03,13.53,11,ORDER_NOW,HIGH,Stock 3 <= expected demand during the 7-day lead time (3.2): a stockout is expected before a new order could arrive; order up to 13.5 units
BR002,MED497,Mupirocin Ointment 2% (CarePlus Laboratories),Dermatological,2,1.686,3.525,9.231,0.4643,7,3.25,0.6504,weekly demand std / sqrt(7),0.95,2.83,6.08,12.58,11,ORDER_NOW,HIGH,Stock 2 <= expected demand during the 7-day lead time (3.2): a stockout is expected before a new order could arrive; order up to 12.6 units
BR005,MED092,Paracetamol 500mg (LifeSpring Pharma),Analgesics,3,2.168,4.951,11.467,0.5357,7,3.75,0.5983,weekly demand std / sqrt(7),0.95,2.6,6.35,13.85,11,ORDER_NOW,HIGH,Stock 3 <= expected demand during the 7-day lead time (3.8): a stockout is expected before a new order could arrive; order up to 13.8 units
BR002,MED415,Budesonide Inhaler 100mcg,Respiratory,3,1.968,4.936,11.784,0.5,7,3.5,0.5262,weekly demand std / sqrt(7),0.95,2.29,5.79,12.79,10,ORDER_NOW,HIGH,Stock 3 <= expected demand during the 7-day lead time (3.5): a stockout is expected before a new order could arrive; order up to 12.8 units
BR004,MED372,Glimepiride 3mg (VitaCure Remedies),Antidiabetic,2,0.722,1.571,3.898,0.3929,7,2.75,0.7601,weekly demand std / sqrt(7),0.95,3.31,6.06,11.56,10,ORDER_NOW,HIGH,Stock 2 <= expected demand during the 7-day lead time (2.8): a stockout is expected before a new order could arrive; order up to 11.6 units
BR004,MED449,Iron + Folic Acid 100mg/500mcg (BlueCrest Pharma),Vitamins,2,1.071,2.712,5.738,0.4286,7,3.0,0.5633,weekly demand std / sqrt(7),0.95,2.45,5.45,11.45,10,ORDER_NOW,HIGH,Stock 2 <= expected demand during the 7-day lead time (3.0): a stockout is expected before a new order could arrive; order up to 11.4 units
BR002,MED390,Metformin 1000mg (BlueCrest Pharma),Antidiabetic,2,0.632,1.79,4.385,0.3571,7,2.5,0.7005,weekly demand std / sqrt(7),0.95,3.05,5.55,10.55,9,ORDER_NOW,HIGH,Stock 2 <= expected demand during the 7-day lead time (2.5): a stockout is expected before a new order could arrive; order up to 10.6 units
BR004,MED137,Mefenamic Acid 250mg (LifeSpring Pharma),Antipyretics,1,0.623,1.758,4.002,0.3214,7,2.25,0.5976,weekly demand std / sqrt(7),0.95,2.6,4.85,9.35,9,ORDER_NOW,HIGH,Stock 1 <= expected demand during the 7-day lead time (2.2): a stockout is expected before a new order could arrive; order up to 9.3 units
BR005,MED187,Fexofenadine 180mg (CureLine Healthcare),Antihistamines,3,1.796,4.397,9.65,0.4286,7,3.0,0.61,weekly demand std / sqrt(7),0.95,2.65,5.65,11.65,9,ORDER_NOW,HIGH,Stock 3 <= expected demand during the 7-day lead time (3.0): a stockout is expected before a new order could arrive; order up to 11.7 units
BR005,MED427,Montelukast 5mg (NovaMed Laboratories),Respiratory,3,1.768,4.006,10.389,0.4643,7,3.25,0.5163,weekly demand std / sqrt(7),0.95,2.25,5.5,12.0,9,ORDER_NOW,HIGH,Stock 3 <= expected demand during the 7-day lead time (3.2): a stockout is expected before a new order could arrive; order up to 12.0 units
BR004,MED194,Levocetirizine 5mg (NovaMed Laboratories),Antihistamines,2,0.846,2.172,4.893,0.2857,7,2.0,0.8435,weekly demand std / sqrt(7),0.95,3.67,5.67,9.67,8,ORDER_NOW,HIGH,Stock 2 <= expected demand during the 7-day lead time (2.0): a stockout is expected before a new order could arrive; order up to 9.7 units
BR004,MED238,Ondansetron 8mg (VitaCure Remedies),Gastrointestinal,2,0.811,1.568,4.531,0.2857,7,2.0,0.7136,weekly demand std / sqrt(7),0.95,3.11,5.11,9.11,8,ORDER_NOW,HIGH,Stock 2 <= expected demand during the 7-day lead time (2.0): a stockout is expected before a new order could arrive; order up to 9.1 units
BR005,MED335,Telmisartan 20mg (Summit Lifesciences),Cardiovascular,2,0.738,1.961,4.377,0.3214,7,2.25,0.5969,weekly demand std / sqrt(7),0.95,2.6,4.85,9.35,8,ORDER_NOW,HIGH,Stock 2 <= expected demand during the 7-day lead time (2.2): a stockout is expected before a new order could arrive; order up to 9.3 units
BR002,MED488,Fusidic Acid Cream 2% (BlueCrest Pharma),Dermatological,2,1.111,2.716,6.525,0.2857,7,2.0,0.5051,weekly demand std / sqrt(7),0.95,2.2,4.2,8.2,7,ORDER_NOW,HIGH,Stock 2 <= expected demand during the 7-day lead time (2.0): a stockout is expected before a new order could arrive; order up to 8.2 units
BR002,MED231,Ondansetron 4mg (NovaMed Laboratories),Gastrointestinal,1,0.696,1.77,3.688,0.2143,7,1.5,0.569,weekly demand std / sqrt(7),0.95,2.48,3.98,6.98,6,ORDER_NOW,HIGH,Stock 1 <= expected demand during the 7-day lead time (1.5): a stockout is expected before a new order could arrive; order up to 7.0 units
BR004,MED488,Fusidic Acid Cream 2% (BlueCrest Pharma),Dermatological,1,0.415,0.968,2.747,0.2143,7,1.5,0.3622,weekly demand std / sqrt(7),0.95,1.58,3.08,6.08,6,ORDER_NOW,HIGH,Stock 1 <= expected demand during the 7-day lead time (1.5): a stockout is expected before a new order could arrive; order up to 6.1 units
BR002,MED486,Clotrimazole Cream 2% (TrueLife Remedies),Dermatological,1,0.449,1.128,2.697,0.1786,7,1.25,0.2875,weekly demand std / sqrt(7),0.95,1.25,2.5,5.0,4,ORDER_NOW,HIGH,Stock 1 <= expected demand during the 7-day lead time (1.2): a stockout is expected before a new order could arrive; order up to 5.0 units
BR002,MED381,Glimepiride + Metformin 1mg/500mg (Zenith BioPharma),Antidiabetic,59,51.237,102.423,219.344,7.7857,7,54.5,4.7227,weekly demand std / sqrt(7),0.95,20.55,75.05,184.05,126,REORDER_SOON,HIGH,Stock 59 is below the reorder point 75.1 (lead-time demand 54.5 + safety stock 20.6); stock may not cover the lead time at the upper forecast (61.6 units)
BR001,MED272,Aspirin 75mg (BlueCrest Pharma),Cardiovascular,49,44.215,91.409,204.654,6.5714,7,46.0,3.7767,weekly demand std / sqrt(7),0.95,16.44,62.44,154.44,106,REORDER_SOON,HIGH,Stock 49 is below the reorder point 62.4 (lead-time demand 46.0 + safety stock 16.4); stock may not cover the lead time at the upper forecast (54.5 units)
BR002,MED299,Losartan 50mg (NovaMed Laboratories),Cardiovascular,34,31.064,62.028,135.345,4.6786,7,32.75,2.9817,weekly demand std / sqrt(7),0.95,12.98,45.73,111.23,78,REORDER_SOON,HIGH,Stock 34 is below the reorder point 45.7 (lead-time demand 32.8 + safety stock 13.0); stock may not cover the lead time at the upper forecast (41.4 units)
BR005,MED001,Paracetamol 500mg,Analgesics,39,30.054,61.816,134.552,4.6786,7,32.75,2.3969,weekly demand std / sqrt(7),0.95,10.43,43.18,108.68,70,REORDER_SOON,HIGH,Stock 39 is below the reorder point 43.2 (lead-time demand 32.8 + safety stock 10.4); stock may not cover the lead time at the upper forecast (40.4 units)
BR001,MED009,Pantoprazole 40mg,Gastrointestinal,31,24.034,48.613,111.556,3.9286,7,27.5,3.7679,weekly demand std / sqrt(7),0.95,16.4,43.9,98.9,68,REORDER_SOON,HIGH,Stock 31 is below the reorder point 43.9 (lead-time demand 27.5 + safety stock 16.4); stock may not cover the lead time at the upper forecast (34.4 units)
BR002,MED013,Metformin 500mg,Antidiabetic,35,28.61,59.945,124.223,4.2143,7,29.5,2.5521,weekly demand std / sqrt(7),0.95,11.11,40.61,99.61,65,REORDER_SOON,HIGH,Stock 35 is below the reorder point 40.6 (lead-time demand 29.5 + safety stock 11.1); stock may not cover the lead time at the upper forecast (38.9 units)
BR005,MED034,Domperidone 10mg,Gastrointestinal,25,21.108,42.728,93.604,3.3571,7,23.5,2.4331,weekly demand std / sqrt(7),0.95,10.59,34.09,81.09,57,REORDER_SOON,HIGH,Stock 25 is below the reorder point 34.1 (lead-time demand 23.5 + safety stock 10.6); stock may not cover the lead time at the upper forecast (31.4 units)
BR005,MED466,Vitamin C Chewable 1000mg (ApexLife Pharma),Vitamins,29,21.968,43.895,97.126,3.3929,7,23.75,2.6022,weekly demand std / sqrt(7),0.95,11.32,35.07,82.57,54,REORDER_SOON,HIGH,Stock 29 is below the reorder point 35.1 (lead-time demand 23.8 + safety stock 11.3); stock may not cover the lead time at the upper forecast (32.3 units)
BR001,MED142,Mefenamic Acid 500mg (Kavach Healthcare),Antipyretics,24,18.775,37.492,82.229,2.9286,7,20.5,2.6423,weekly demand std / sqrt(7),0.95,11.5,32.0,73.0,49,REORDER_SOON,HIGH,Stock 24 is below the reorder point 32.0 (lead-time demand 20.5 + safety stock 11.5); stock may not cover the lead time at the upper forecast (29.1 units)
BR002,MED466,Vitamin C Chewable 1000mg (ApexLife Pharma),Vitamins,27,18.843,39.008,85.587,3.0357,7,21.25,2.061,weekly demand std / sqrt(7),0.95,8.97,30.22,72.72,46,REORDER_SOON,HIGH,Stock 27 is below the reorder point 30.2 (lead-time demand 21.2 + safety stock 9.0); stock may not cover the lead time at the upper forecast (29.2 units)
BR005,MED104,Amoxicillin + Clavulanic Acid 375mg,Antibiotics,23,15.646,30.693,64.433,2.4286,7,17.0,3.2465,weekly demand std / sqrt(7),0.95,14.13,31.13,65.13,43,REORDER_SOON,HIGH,Stock 23 is below the reorder point 31.1 (lead-time demand 17.0 + safety stock 14.1); stock may not cover the lead time at the upper forecast (26.0 units)
BR002,MED169,Cetirizine 5mg (CarePlus Laboratories),Antihistamines,23,17.189,35.971,82.975,2.6786,7,18.75,1.5272,weekly demand std / sqrt(7),0.95,6.65,25.4,62.9,40,REORDER_SOON,HIGH,Stock 23 is below the reorder point 25.4 (lead-time demand 18.8 + safety stock 6.6); stock may not cover the lead time at the upper forecast (27.5 units)
BR001,MED270,Aspirin 75mg (Aarogya Formulations),Cardiovascular,20,11.389,24.092,54.734,2.1786,7,15.25,2.1194,weekly demand std / sqrt(7),0.95,9.22,24.47,54.97,35,REORDER_SOON,HIGH,Stock 20 is below the reorder point 24.5 (lead-time demand 15.2 + safety stock 9.2); stock may not cover the lead time at the upper forecast (21.7 units)
BR002,MED142,Mefenamic Acid 500mg (Kavach Healthcare),Antipyretics,21,13.997,27.823,61.422,2.2857,7,16.0,1.7808,weekly demand std / sqrt(7),0.95,7.75,23.75,55.75,35,REORDER_SOON,HIGH,Stock 21 is below the reorder point 23.7 (lead-time demand 16.0 + safety stock 7.7); stock may not cover the lead time at the upper forecast (24.3 units)
BR005,MED364,Glimepiride 1mg (TrueLife Remedies),Antidiabetic,14,9.282,20.56,46.301,1.8214,7,12.75,2.0818,weekly demand std / sqrt(7),0.95,9.06,21.81,47.31,34,REORDER_SOON,HIGH,Stock 14 is below the reorder point 21.8 (lead-time demand 12.8 + safety stock 9.1); stock may not cover the lead time at the upper forecast (19.6 units)
BR002,MED104,Amoxicillin + Clavulanic Acid 375mg,Antibiotics,16,11.825,25.235,53.408,1.8571,7,13.0,2.1348,weekly demand std / sqrt(7),0.95,9.29,22.29,48.29,33,REORDER_SOON,HIGH,Stock 16 is below the reorder point 22.3 (lead-time demand 13.0 + safety stock 9.3); stock may not cover the lead time at the upper forecast (22.1 units)
BR003,MED360,Glimepiride 1mg (CarePlus Laboratories),Antidiabetic,17,10.426,22.369,48.612,1.9286,7,13.5,2.0743,weekly demand std / sqrt(7),0.95,9.03,22.53,49.53,33,REORDER_SOON,HIGH,Stock 17 is below the reorder point 22.5 (lead-time demand 13.5 + safety stock 9.0); stock may not cover the lead time at the upper forecast (20.7 units)
BR004,MED158,Paracetamol Suspension 125mg/5ml (LifeSpring Pharma),Antipyretics,14,11.217,21.939,45.174,1.7143,7,12.0,2.346,weekly demand std / sqrt(7),0.95,10.21,22.21,46.21,33,REORDER_SOON,HIGH,Stock 14 is below the reorder point 22.2 (lead-time demand 12.0 + safety stock 10.2); stock may not cover the lead time at the upper forecast (21.5 units)
BR004,MED354,Gliclazide 40mg (Summit Lifesciences),Antidiabetic,20,10.408,23.13,49.382,1.9286,7,13.5,2.845,weekly demand std / sqrt(7),0.95,12.38,25.88,52.88,33,REORDER_SOON,HIGH,Stock 20 is below the reorder point 25.9 (lead-time demand 13.5 + safety stock 12.4); stock may not cover the lead time at the upper forecast (20.7 units)
BR001,MED264,Amlodipine 2.5mg (Summit Lifesciences),Cardiovascular,17,9.118,19.658,44.1,1.8214,7,12.75,2.1813,weekly demand std / sqrt(7),0.95,9.49,22.24,47.74,31,REORDER_SOON,HIGH,Stock 17 is below the reorder point 22.2 (lead-time demand 12.8 + safety stock 9.5); stock may not cover the lead time at the upper forecast (19.4 units)
BR002,MED324,Rosuvastatin 20mg (Stellar Formulations),Cardiovascular,17,9.086,19.415,44.792,1.9643,7,13.75,1.3532,weekly demand std / sqrt(7),0.95,5.89,19.64,47.14,31,REORDER_SOON,HIGH,Stock 17 is below the reorder point 19.6 (lead-time demand 13.8 + safety stock 5.9); stock may not cover the lead time at the upper forecast (19.4 units)
BR005,MED155,Paracetamol Suspension 250mg/5ml (CureLine Healthcare),Antipyretics,11,8.695,18.728,37.428,1.5357,7,10.75,1.9905,weekly demand std / sqrt(7),0.95,8.66,19.41,40.91,30,REORDER_SOON,HIGH,Stock 11 is below the reorder point 19.4 (lead-time demand 10.8 + safety stock 8.7); stock may not cover the lead time at the upper forecast (19.0 units)
BR003,MED278,Aspirin 150mg (CarePlus Laboratories),Cardiovascular,13,7.745,17.389,38.213,1.5357,7,10.75,2.0093,weekly demand std / sqrt(7),0.95,8.74,19.49,40.99,28,REORDER_SOON,HIGH,Stock 13 is below the reorder point 19.5 (lead-time demand 10.8 + safety stock 8.7); stock may not cover the lead time at the upper forecast (18.1 units)
BR004,MED163,Cetirizine 10mg (CureLine Healthcare),Antihistamines,17,11.079,22.535,49.919,1.75,7,12.25,1.7401,weekly demand std / sqrt(7),0.95,7.57,19.82,44.32,28,REORDER_SOON,HIGH,Stock 17 is below the reorder point 19.8 (lead-time demand 12.2 + safety stock 7.6); stock may not cover the lead time at the upper forecast (21.4 units)
BR002,MED017,Vitamin C Chewable 500mg,Vitamins,11,7.327,16.192,35.851,1.5,7,10.5,1.3428,weekly demand std / sqrt(7),0.95,5.84,16.34,37.34,27,REORDER_SOON,HIGH,Stock 11 is below the reorder point 16.3 (lead-time demand 10.5 + safety stock 5.8); stock may not cover the lead time at the upper forecast (17.6 units)
BR003,MED288,Atorvastatin 40mg,Cardiovascular,13,6.51,13.606,32.75,1.5357,7,10.75,1.7353,weekly demand std / sqrt(7),0.95,7.55,18.3,39.8,27,REORDER_SOON,HIGH,Stock 13 is below the reorder point 18.3 (lead-time demand 10.8 + safety stock 7.6); stock may not cover the lead time at the upper forecast (16.8 units)
BR003,MED324,Rosuvastatin 20mg (Stellar Formulations),Cardiovascular,16,8.464,18.263,40.598,1.6071,7,11.25,1.9529,weekly demand std / sqrt(7),0.95,8.5,19.75,42.25,27,REORDER_SOON,HIGH,Stock 16 is below the reorder point 19.7 (lead-time demand 11.2 + safety stock 8.5); stock may not cover the lead time at the upper forecast (18.8 units)
BR003,MED073,Ibuprofen 200mg,Analgesics,14,8.574,17.693,40.48,1.6071,7,11.25,1.414,weekly demand std / sqrt(7),0.95,6.15,17.4,39.9,26,REORDER_SOON,HIGH,Stock 14 is below the reorder point 17.4 (lead-time demand 11.2 + safety stock 6.2); stock may not cover the lead time at the upper forecast (18.9 units)
BR004,MED127,Cefixime 100mg (VitaCure Remedies),Antibiotics,17,10.11,20.505,44.034,1.75,7,12.25,1.3646,weekly demand std / sqrt(7),0.95,5.94,18.19,42.69,26,REORDER_SOON,HIGH,Stock 17 is below the reorder point 18.2 (lead-time demand 12.2 + safety stock 5.9); stock may not cover the lead time at the upper forecast (20.4 units)
BR005,MED024,Cefixime 200mg,Antibiotics,16,9.053,18.542,39.033,1.6429,7,11.5,1.611,weekly demand std / sqrt(7),0.95,7.01,18.51,41.51,26,REORDER_SOON,HIGH,Stock 16 is below the reorder point 18.5 (lead-time demand 11.5 + safety stock 7.0); stock may not cover the lead time at the upper forecast (19.4 units)
BR001,MED049,Multivitamin B-complex+C,Vitamins,10,6.997,14.625,32.92,1.25,7,8.75,1.9535,weekly demand std / sqrt(7),0.95,8.5,17.25,34.75,25,REORDER_SOON,HIGH,Stock 10 is below the reorder point 17.3 (lead-time demand 8.8 + safety stock 8.5); stock may not cover the lead time at the upper forecast (17.3 units)
BR001,MED316,Rosuvastatin 10mg (Summit Lifesciences),Cardiovascular,12,7.027,15.884,36.047,1.3571,7,9.5,1.7355,weekly demand std / sqrt(7),0.95,7.55,17.05,36.05,25,REORDER_SOON,HIGH,Stock 12 is below the reorder point 17.1 (lead-time demand 9.5 + safety stock 7.6); stock may not cover the lead time at the upper forecast (17.3 units)
BR002,MED042,Aspirin 75mg,Cardiovascular,18,8.54,18.388,40.975,1.6429,7,11.5,1.8881,weekly demand std / sqrt(7),0.95,8.22,19.72,42.72,25,REORDER_SOON,HIGH,Stock 18 is below the reorder point 19.7 (lead-time demand 11.5 + safety stock 8.2); stock may not cover the lead time at the upper forecast (18.9 units)
BR002,MED310,Metoprolol 25mg,Cardiovascular,10,7.087,15.213,33.902,1.3571,7,9.5,1.347,weekly demand std / sqrt(7),0.95,5.86,15.36,34.36,25,REORDER_SOON,HIGH,Stock 10 is below the reorder point 15.4 (lead-time demand 9.5 + safety stock 5.9); stock may not cover the lead time at the upper forecast (17.4 units)
BR003,MED397,Sitagliptin 50mg,Antidiabetic,9,5.815,12.975,30.135,1.25,7,8.75,1.7378,weekly demand std / sqrt(7),0.95,7.56,16.31,33.81,25,REORDER_SOON,HIGH,Stock 9 is below the reorder point 16.3 (lead-time demand 8.8 + safety stock 7.6); stock may not cover the lead time at the upper forecast (11.3 units)
BR004,MED256,Amlodipine 5mg (BlueCrest Pharma),Cardiovascular,13,6.964,15.982,36.05,1.4286,7,10.0,1.6354,weekly demand std / sqrt(7),0.95,7.12,17.12,37.12,25,REORDER_SOON,HIGH,Stock 13 is below the reorder point 17.1 (lead-time demand 10.0 + safety stock 7.1); stock may not cover the lead time at the upper forecast (17.3 units)
BR001,MED343,Telmisartan 80mg (TrueLife Remedies),Cardiovascular,18,8.463,17.544,40.797,1.6429,7,11.5,1.5714,weekly demand std / sqrt(7),0.95,6.84,18.34,41.34,24,REORDER_SOON,HIGH,Stock 18 is below the reorder point 18.3 (lead-time demand 11.5 + safety stock 6.8); stock may not cover the lead time at the upper forecast (18.8 units)
BR002,MED332,Telmisartan 20mg,Cardiovascular,11,6.377,14.837,33.427,1.2857,7,9.0,1.6725,weekly demand std / sqrt(7),0.95,7.28,16.28,34.28,24,REORDER_SOON,HIGH,Stock 11 is below the reorder point 16.3 (lead-time demand 9.0 + safety stock 7.3); stock may not cover the lead time at the upper forecast (16.7 units)
BR003,MED306,Metoprolol 50mg (Aarogya Formulations),Cardiovascular,13,6.377,13.452,31.147,1.4643,7,10.25,1.3483,weekly demand std / sqrt(7),0.95,5.87,16.12,36.62,24,REORDER_SOON,HIGH,Stock 13 is below the reorder point 16.1 (lead-time demand 10.2 + safety stock 5.9); stock may not cover the lead time at the upper forecast (16.7 units)
BR002,MED048,Dextromethorphan Syrup 100ml,Respiratory,14,7.997,17.071,36.478,1.5,7,10.5,1.1106,weekly demand std / sqrt(7),0.95,4.83,15.33,36.33,23,REORDER_SOON,HIGH,Stock 14 is below the reorder point 15.3 (lead-time demand 10.5 + safety stock 4.8); stock may not cover the lead time at the upper forecast (18.3 units)
BR003,MED332,Telmisartan 20mg,Cardiovascular,15,7.165,15.981,35.119,1.3929,7,9.75,1.9883,weekly demand std / sqrt(7),0.95,8.65,18.4,37.9,23,REORDER_SOON,HIGH,Stock 15 is below the reorder point 18.4 (lead-time demand 9.8 + safety stock 8.7); stock may not cover the lead time at the upper forecast (17.5 units)
BR003,MED144,Mefenamic Acid 500mg (NovaMed Laboratories),Antipyretics,16,8.69,17.149,39.12,1.2414,7,8.69,2.7136,weekly demand std / sqrt(7),0.95,11.81,20.5,37.88,22,REORDER_SOON,HIGH,Stock 16 is below the reorder point 20.5 (lead-time demand 8.7 + safety stock 11.8); stock may not cover the lead time at the upper forecast (19.0 units)
BR003,MED460,Multivitamin B-complex+C (TrueLife Remedies),Vitamins,17,8.096,16.782,37.085,1.5,7,10.5,1.5529,weekly demand std / sqrt(7),0.95,6.76,17.26,38.26,22,REORDER_SOON,HIGH,Stock 17 is below the reorder point 17.3 (lead-time demand 10.5 + safety stock 6.8); stock may not cover the lead time at the upper forecast (18.4 units)
BR004,MED040,Rosuvastatin 10mg,Cardiovascular,14,7.27,15.628,34.771,1.3571,7,9.5,1.6493,weekly demand std / sqrt(7),0.95,7.18,16.68,35.68,22,REORDER_SOON,HIGH,Stock 14 is below the reorder point 16.7 (lead-time demand 9.5 + safety stock 7.2); stock may not cover the lead time at the upper forecast (17.6 units)
BR001,MED078,Ibuprofen 600mg,Analgesics,10,6.145,12.674,29.572,1.1071,7,7.75,1.7335,weekly demand std / sqrt(7),0.95,7.54,15.29,30.79,21,REORDER_SOON,HIGH,Stock 10 is below the reorder point 15.3 (lead-time demand 7.8 + safety stock 7.5); stock may not cover the lead time at the upper forecast (11.6 units)
BR001,MED357,Glimepiride 2mg (Stellar Formulations),Antidiabetic,14,6.493,14.282,32.141,1.3214,7,9.25,1.5895,weekly demand std / sqrt(7),0.95,6.92,16.17,34.67,21,REORDER_SOON,HIGH,Stock 14 is below the reorder point 16.2 (lead-time demand 9.2 + safety stock 6.9); stock may not cover the lead time at the upper forecast (16.8 units)
BR001,MED364,Glimepiride 1mg (TrueLife Remedies),Antidiabetic,14,7.005,14.741,33.785,1.25,7,8.75,1.7149,weekly demand std / sqrt(7),0.95,7.46,16.21,33.71,20,REORDER_SOON,HIGH,Stock 14 is below the reorder point 16.2 (lead-time demand 8.8 + safety stock 7.5); stock may not cover the lead time at the upper forecast (17.3 units)
BR001,MED460,Multivitamin B-complex+C (TrueLife Remedies),Vitamins,13,7.062,13.882,33.654,1.2857,7,9.0,1.3774,weekly demand std / sqrt(7),0.95,5.99,14.99,32.99,20,REORDER_SOON,HIGH,Stock 13 is below the reorder point 15.0 (lead-time demand 9.0 + safety stock 6.0); stock may not cover the lead time at the upper forecast (17.4 units)
BR002,MED256,Amlodipine 5mg (BlueCrest Pharma),Cardiovascular,16,6.504,14.434,32.758,1.2857,7,9.0,1.9215,weekly demand std / sqrt(7),0.95,8.36,17.36,35.36,20,REORDER_SOON,HIGH,Stock 16 is below the reorder point 17.4 (lead-time demand 9.0 + safety stock 8.4); stock may not cover the lead time at the upper forecast (16.8 units)
BR002,MED391,Metformin 1000mg (HealthAxis Pharma),Antidiabetic,10,5.372,12.021,27.865,1.1071,7,7.75,1.4781,weekly demand std / sqrt(7),0.95,6.43,14.18,29.68,20,REORDER_SOON,HIGH,Stock 10 is below the reorder point 14.2 (lead-time demand 7.8 + safety stock 6.4); stock may not cover the lead time at the upper forecast (10.9 units)
BR002,MED468,Vitamin C Chewable 1000mg (CarePlus Laboratories),Vitamins,10,5.639,12.572,28.468,1.1071,7,7.75,1.422,weekly demand std / sqrt(7),0.95,6.19,13.94,29.44,20,REORDER_SOON,HIGH,Stock 10 is below the reorder point 13.9 (lead-time demand 7.8 + safety stock 6.2); stock may not cover the lead time at the upper forecast (11.1 units)
BR004,MED468,Vitamin C Chewable 1000mg (CarePlus Laboratories),Vitamins,15,7.133,15.045,33.498,1.3571,7,9.5,1.3458,weekly demand std / sqrt(7),0.95,5.86,15.36,34.36,20,REORDER_SOON,HIGH,Stock 15 is below the reorder point 15.4 (lead-time demand 9.5 + safety stock 5.9); stock may not cover the lead time at the upper forecast (17.5 units)
BR001,MED108,Azithromycin 500mg (Aarogya Formulations),Antibiotics,8,4.719,10.007,22.107,0.9286,7,6.5,1.6447,weekly demand std / sqrt(7),0.95,7.16,13.66,26.66,19,REORDER_SOON,HIGH,Stock 8 is below the reorder point 13.7 (lead-time demand 6.5 + safety stock 7.2); stock may not cover the lead time at the upper forecast (10.2 units)
BR003,MED063,Diclofenac 50mg (VitaCure Remedies),Analgesics,8,5.188,11.518,25.369,1.0,7,7.0,1.3257,weekly demand std / sqrt(7),0.95,5.77,12.77,26.77,19,REORDER_SOON,HIGH,Stock 8 is below the reorder point 12.8 (lead-time demand 7.0 + safety stock 5.8); stock may not cover the lead time at the upper forecast (10.7 units)
BR003,MED311,Metoprolol 25mg (CureLine Healthcare),Cardiovascular,15,7.005,14.77,34.464,1.25,7,8.75,1.6399,weekly demand std / sqrt(7),0.95,7.14,15.89,33.39,19,REORDER_SOON,HIGH,Stock 15 is below the reorder point 15.9 (lead-time demand 8.8 + safety stock 7.1); stock may not cover the lead time at the upper forecast (17.3 units)
BR004,MED320,Rosuvastatin 5mg (Stellar Formulations),Cardiovascular,16,6.371,13.715,30.906,1.25,7,8.75,1.8441,weekly demand std / sqrt(7),0.95,8.03,16.78,34.28,19,REORDER_SOON,HIGH,Stock 16 is below the reorder point 16.8 (lead-time demand 8.8 + safety stock 8.0); stock may not cover the lead time at the upper forecast (16.7 units)
BR004,MED444,Calcium + Vitamin D3 500mg/250IU (CureLine Healthcare),Vitamins,8,5.124,11.367,26.129,1.0714,7,7.5,1.0311,weekly demand std / sqrt(7),0.95,4.49,11.99,26.99,19,REORDER_SOON,HIGH,Stock 8 is below the reorder point 12.0 (lead-time demand 7.5 + safety stock 4.5); stock may not cover the lead time at the upper forecast (10.6 units)
BR005,MED286,Atorvastatin 20mg (BlueCrest Pharma),Cardiovascular,7,4.672,10.644,24.566,0.9286,7,6.5,1.4422,weekly demand std / sqrt(7),0.95,6.28,12.78,25.78,19,REORDER_SOON,HIGH,Stock 7 is below the reorder point 12.8 (lead-time demand 6.5 + safety stock 6.3); stock may not cover the lead time at the upper forecast (10.2 units)
BR005,MED311,Metoprolol 25mg (CureLine Healthcare),Cardiovascular,9,4.977,10.864,26.341,0.9286,7,6.5,1.8752,weekly demand std / sqrt(7),0.95,8.16,14.66,27.66,19,REORDER_SOON,HIGH,Stock 9 is below the reorder point 14.7 (lead-time demand 6.5 + safety stock 8.2); stock may not cover the lead time at the upper forecast (10.5 units)
BR001,MED470,Vitamin C Chewable 1000mg (NovaMed Laboratories),Vitamins,11,5.635,12.557,28.643,1.0714,7,7.5,1.3392,weekly demand std / sqrt(7),0.95,5.83,13.33,28.33,18,REORDER_SOON,HIGH,Stock 11 is below the reorder point 13.3 (lead-time demand 7.5 + safety stock 5.8); stock may not cover the lead time at the upper forecast (11.1 units)
BR002,MED234,Ondansetron 4mg (VitaCure Remedies),Gastrointestinal,8,5.007,10.679,24.115,0.9286,7,6.5,1.3049,weekly demand std / sqrt(7),0.95,5.68,12.18,25.18,18,REORDER_SOON,HIGH,Stock 8 is below the reorder point 12.2 (lead-time demand 6.5 + safety stock 5.7); stock may not cover the lead time at the upper forecast (10.5 units)
BR003,MED154,Paracetamol Suspension 250mg/5ml (CarePlus Laboratories),Antipyretics,7,4.406,9.673,18.97,0.9643,7,6.75,0.946,weekly demand std / sqrt(7),0.95,4.12,10.87,24.37,18,REORDER_SOON,HIGH,Stock 7 is below the reorder point 10.9 (lead-time demand 6.8 + safety stock 4.1); stock may not cover the lead time at the upper forecast (9.9 units)
BR003,MED374,Glimepiride + Metformin 2mg/500mg (Stellar Formulations),Antidiabetic,9,4.049,9.003,20.741,1.0,7,7.0,1.2411,weekly demand std / sqrt(7),0.95,5.4,12.4,26.4,18,REORDER_SOON,HIGH,Stock 9 is below the reorder point 12.4 (lead-time demand 7.0 + safety stock 5.4); stock may not cover the lead time at the upper forecast (9.5 units)
BR005,MED035,ORS Powder 21.8g,Gastrointestinal,11,5.62,12.443,26.566,1.0714,7,7.5,1.4873,weekly demand std / sqrt(7),0.95,6.47,13.97,28.97,18,REORDER_SOON,HIGH,Stock 11 is below the reorder point 14.0 (lead-time demand 7.5 + safety stock 6.5); stock may not cover the lead time at the upper forecast (11.1 units)
BR001,MED215,Omeprazole 20mg (CarePlus Laboratories),Gastrointestinal,13,6.271,12.863,28.504,1.1429,7,8.0,1.2965,weekly demand std / sqrt(7),0.95,5.64,13.64,29.64,17,REORDER_SOON,HIGH,Stock 13 is below the reorder point 13.6 (lead-time demand 8.0 + safety stock 5.6); stock may not cover the lead time at the upper forecast (16.6 units)
BR003,MED465,Vitamin C Chewable 1000mg,Vitamins,12,6.326,13.725,31.079,1.1429,7,8.0,1.025,weekly demand std / sqrt(7),0.95,4.46,12.46,28.46,17,REORDER_SOON,HIGH,Stock 12 is below the reorder point 12.5 (lead-time demand 8.0 + safety stock 4.5); stock may not cover the lead time at the upper forecast (16.6 units)
BR004,MED342,Telmisartan 80mg (Summit Lifesciences),Cardiovascular,7,3.439,7.343,17.291,0.8571,7,6.0,1.1904,weekly demand std / sqrt(7),0.95,5.18,11.18,23.18,17,REORDER_SOON,HIGH,Stock 7 is below the reorder point 11.2 (lead-time demand 6.0 + safety stock 5.2); stock may not cover the lead time at the upper forecast (8.9 units)
BR005,MED022,Aceclofenac + Paracetamol 100mg/325mg,Analgesics,9,5.468,12.186,26.413,1.0,7,7.0,0.9274,weekly demand std / sqrt(7),0.95,4.04,11.04,25.04,17,REORDER_SOON,HIGH,Stock 9 is below the reorder point 11.0 (lead-time demand 7.0 + safety stock 4.0); stock may not cover the lead time at the upper forecast (11.0 units)
BR001,MED019,Clotrimazole Cream 1%,Dermatological,9,4.637,9.556,20.596,0.8571,7,6.0,1.3806,weekly demand std / sqrt(7),0.95,6.01,12.01,24.01,16,REORDER_SOON,HIGH,Stock 9 is below the reorder point 12.0 (lead-time demand 6.0 + safety stock 6.0); stock may not cover the lead time at the upper forecast (10.1 units)
BR002,MED019,Clotrimazole Cream 1%,Dermatological,8,4.806,9.881,22.533,0.9286,7,6.5,0.9068,weekly demand std / sqrt(7),0.95,3.95,10.45,23.45,16,REORDER_SOON,HIGH,Stock 8 is below the reorder point 10.4 (lead-time demand 6.5 + safety stock 3.9); stock may not cover the lead time at the upper forecast (10.3 units)
BR002,MED027,Amoxicillin + Clavulanic Acid 625mg,Antibiotics,6,3.691,7.718,17.977,0.7857,7,5.5,1.1415,weekly demand std / sqrt(7),0.95,4.97,10.47,21.47,16,REORDER_SOON,HIGH,Stock 6 is below the reorder point 10.5 (lead-time demand 5.5 + safety stock 5.0); stock may not cover the lead time at the upper forecast (9.2 units)
BR002,MED224,Omeprazole 40mg (Summit Lifesciences),Gastrointestinal,6,3.996,8.113,18.152,0.8214,7,5.75,0.8766,weekly demand std / sqrt(7),0.95,3.81,9.56,21.06,16,REORDER_SOON,HIGH,Stock 6 is below the reorder point 9.6 (lead-time demand 5.8 + safety stock 3.8); stock may not cover the lead time at the upper forecast (9.5 units)
BR003,MED202,Montelukast + Levocetirizine 10mg/5mg (Stellar Formulations),Antihistamines,10,5.333,11.367,26.96,0.9286,7,6.5,1.3764,weekly demand std / sqrt(7),0.95,5.99,12.49,25.49,16,REORDER_SOON,HIGH,Stock 10 is below the reorder point 12.5 (lead-time demand 6.5 + safety stock 6.0); stock may not cover the lead time at the upper forecast (10.8 units)
BR004,MED019,Clotrimazole Cream 1%,Dermatological,6,4.395,9.026,18.254,0.8214,7,5.75,0.9888,weekly demand std / sqrt(7),0.95,4.3,10.05,21.55,16,REORDER_SOON,HIGH,Stock 6 is below the reorder point 10.1 (lead-time demand 5.8 + safety stock 4.3); stock may not cover the lead time at the upper forecast (9.9 units)
BR004,MED465,Vitamin C Chewable 1000mg,Vitamins,6,4.059,8.971,20.844,0.8214,7,5.75,1.0851,weekly demand std / sqrt(7),0.95,4.72,10.47,21.97,16,REORDER_SOON,HIGH,Stock 6 is below the reorder point 10.5 (lead-time demand 5.8 + safety stock 4.7); stock may not cover the lead time at the upper forecast (9.6 units)
BR005,MED019,Clotrimazole Cream 1%,Dermatological,9,5.125,11.067,23.658,0.9643,7,6.75,1.0492,weekly demand std / sqrt(7),0.95,4.57,11.32,24.82,16,REORDER_SOON,HIGH,Stock 9 is below the reorder point 11.3 (lead-time demand 6.8 + safety stock 4.6); stock may not cover the lead time at the upper forecast (10.6 units)
BR005,MED470,Vitamin C Chewable 1000mg (NovaMed Laboratories),Vitamins,10,5.025,11.345,26.283,0.9286,7,6.5,1.3324,weekly demand std / sqrt(7),0.95,5.8,12.3,25.3,16,REORDER_SOON,HIGH,Stock 10 is below the reorder point 12.3 (lead-time demand 6.5 + safety stock 5.8); stock may not cover the lead time at the upper forecast (10.5 units)
BR001,MED083,Naproxen 250mg (HealthAxis Pharma),Analgesics,6,3.893,8.909,18.782,0.7143,7,5.0,1.1726,weekly demand std / sqrt(7),0.95,5.1,10.1,20.1,15,REORDER_SOON,HIGH,Stock 6 is below the reorder point 10.1 (lead-time demand 5.0 + safety stock 5.1); stock may not cover the lead time at the upper forecast (9.4 units)
BR002,MED022,Aceclofenac + Paracetamol 100mg/325mg,Analgesics,6,4.321,9.73,20.622,0.7857,7,5.5,0.8372,weekly demand std / sqrt(7),0.95,3.64,9.14,20.14,15,REORDER_SOON,HIGH,Stock 6 is below the reorder point 9.1 (lead-time demand 5.5 + safety stock 3.6); stock may not cover the lead time at the upper forecast (9.8 units)
BR002,MED283,Atorvastatin 10mg (LifeSpring Pharma),Cardiovascular,9,3.714,8.71,18.995,0.75,7,5.25,1.7216,weekly demand std / sqrt(7),0.95,7.49,12.74,23.24,15,REORDER_SOON,HIGH,Stock 9 is below the reorder point 12.7 (lead-time demand 5.2 + safety stock 7.5); stock may not cover the lead time at the upper forecast (9.2 units)
BR002,MED322,Rosuvastatin 20mg,Cardiovascular,10,4.723,10.613,25.403,0.9286,7,6.5,1.153,weekly demand std / sqrt(7),0.95,5.02,11.52,24.52,15,REORDER_SOON,HIGH,Stock 10 is below the reorder point 11.5 (lead-time demand 6.5 + safety stock 5.0); stock may not cover the lead time at the upper forecast (10.2 units)
BR003,MED470,Vitamin C Chewable 1000mg (NovaMed Laboratories),Vitamins,9,5.237,11.184,24.189,0.8929,7,6.25,1.0407,weekly demand std / sqrt(7),0.95,4.53,10.78,23.28,15,REORDER_SOON,HIGH,Stock 9 is below the reorder point 10.8 (lead-time demand 6.2 + safety stock 4.5); stock may not cover the lead time at the upper forecast (10.7 units)
BR004,MED341,Telmisartan 80mg (Stellar Formulations),Cardiovascular,8,4.024,9.199,20.964,0.8214,7,5.75,1.1975,weekly demand std / sqrt(7),0.95,5.21,10.96,22.46,15,REORDER_SOON,HIGH,Stock 8 is below the reorder point 11.0 (lead-time demand 5.8 + safety stock 5.2); stock may not cover the lead time at the upper forecast (9.5 units)
BR004,MED357,Glimepiride 2mg (Stellar Formulations),Antidiabetic,8,3.865,9.138,21.223,0.8214,7,5.75,1.3178,weekly demand std / sqrt(7),0.95,5.73,11.48,22.98,15,REORDER_SOON,HIGH,Stock 8 is below the reorder point 11.5 (lead-time demand 5.8 + safety stock 5.7); stock may not cover the lead time at the upper forecast (9.4 units)
BR005,MED222,Omeprazole 40mg (ApexLife Pharma),Gastrointestinal,9,4.876,10.361,22.084,0.8929,7,6.25,1.0103,weekly demand std / sqrt(7),0.95,4.4,10.65,23.15,15,REORDER_SOON,HIGH,Stock 9 is below the reorder point 10.6 (lead-time demand 6.2 + safety stock 4.4); stock may not cover the lead time at the upper forecast (10.4 units)
BR001,MED431,Salbutamol Inhaler 100mcg (ApexLife Pharma),Respiratory,8,4.951,10.523,22.927,0.8214,7,5.75,0.9699,weekly demand std / sqrt(7),0.95,4.22,9.97,21.47,14,REORDER_SOON,HIGH,Stock 8 is below the reorder point 10.0 (lead-time demand 5.8 + safety stock 4.2); stock may not cover the lead time at the upper forecast (10.4 units)
BR001,MED480,Calamine Lotion 100ml (Stellar Formulations),Dermatological,7,4.413,9.413,19.794,0.8214,7,5.75,0.7165,weekly demand std / sqrt(7),0.95,3.12,8.87,20.37,14,REORDER_SOON,HIGH,Stock 7 is below the reorder point 8.9 (lead-time demand 5.8 + safety stock 3.1); stock may not cover the lead time at the upper forecast (9.9 units)
BR002,MED046,Montelukast 10mg,Respiratory,8,4.681,10.054,21.89,0.7857,7,5.5,1.2386,weekly demand std / sqrt(7),0.95,5.39,10.89,21.89,14,REORDER_SOON,HIGH,Stock 8 is below the reorder point 10.9 (lead-time demand 5.5 + safety stock 5.4); stock may not cover the lead time at the upper forecast (10.2 units)
BR002,MED063,Diclofenac 50mg (VitaCure Remedies),Analgesics,5,2.387,5.498,12.15,0.6429,7,4.5,1.2204,weekly demand std / sqrt(7),0.95,5.31,9.81,18.81,14,REORDER_SOON,HIGH,Stock 5 is below the reorder point 9.8 (lead-time demand 4.5 + safety stock 5.3); stock may not cover the lead time at the upper forecast (7.9 units)
BR002,MED341,Telmisartan 80mg (Stellar Formulations),Cardiovascular,5,2.174,5.469,13.176,0.6786,7,4.75,1.0476,weekly demand std / sqrt(7),0.95,4.56,9.31,18.81,14,REORDER_SOON,HIGH,Stock 5 is below the reorder point 9.3 (lead-time demand 4.8 + safety stock 4.6); stock may not cover the lead time at the upper forecast (7.7 units)
BR003,MED171,Cetirizine 5mg (Stellar Formulations),Antihistamines,9,4.83,10.249,24.081,0.8214,7,5.75,1.2258,weekly demand std / sqrt(7),0.95,5.33,11.08,22.58,14,REORDER_SOON,HIGH,Stock 9 is below the reorder point 11.1 (lead-time demand 5.8 + safety stock 5.3); stock may not cover the lead time at the upper forecast (10.3 units)
BR003,MED349,Gliclazide 40mg,Antidiabetic,7,3.618,8.302,19.032,0.7143,7,5.0,1.2917,weekly demand std / sqrt(7),0.95,5.62,10.62,20.62,14,REORDER_SOON,HIGH,Stock 7 is below the reorder point 10.6 (lead-time demand 5.0 + safety stock 5.6); stock may not cover the lead time at the upper forecast (9.1 units)
BR004,MED097,Amoxicillin 250mg (LifeSpring Pharma),Antibiotics,7,3.686,7.915,17.4,0.7143,7,5.0,1.2535,weekly demand std / sqrt(7),0.95,5.45,10.45,20.45,14,REORDER_SOON,HIGH,Stock 7 is below the reorder point 10.5 (lead-time demand 5.0 + safety stock 5.5); stock may not cover the lead time at the upper forecast (9.2 units)
BR001,MED372,Glimepiride 3mg (VitaCure Remedies),Antidiabetic,5,2.217,5.251,13.072,0.6429,7,4.5,0.9531,weekly demand std / sqrt(7),0.95,4.15,8.65,17.65,13,REORDER_SOON,HIGH,Stock 5 is below the reorder point 8.6 (lead-time demand 4.5 + safety stock 4.1); stock may not cover the lead time at the upper forecast (7.7 units)
BR002,MED116,Azithromycin 250mg (HealthAxis Pharma),Antibiotics,5,2.441,4.975,11.698,0.6429,7,4.5,0.8701,weekly demand std / sqrt(7),0.95,3.79,8.29,17.29,13,REORDER_SOON,HIGH,Stock 5 is below the reorder point 8.3 (lead-time demand 4.5 + safety stock 3.8); stock may not cover the lead time at the upper forecast (7.9 units)
BR003,MED116,Azithromycin 250mg (HealthAxis Pharma),Antibiotics,5,3.047,6.817,14.823,0.6786,7,4.75,0.7779,weekly demand std / sqrt(7),0.95,3.39,8.14,17.64,13,REORDER_SOON,HIGH,Stock 5 is below the reorder point 8.1 (lead-time demand 4.8 + safety stock 3.4); stock may not cover the lead time at the upper forecast (8.5 units)
BR004,MED058,Aceclofenac + Paracetamol 100mg/325mg (VitaCure Remedies),Analgesics,5,2.912,6.354,15.03,0.6071,7,4.25,1.1757,weekly demand std / sqrt(7),0.95,5.12,9.37,17.87,13,REORDER_SOON,HIGH,Stock 5 is below the reorder point 9.4 (lead-time demand 4.2 + safety stock 5.1); stock may not cover the lead time at the upper forecast (8.4 units)
BR005,MED171,Cetirizine 5mg (Stellar Formulations),Antihistamines,7,3.7,8.527,17.532,0.7143,7,5.0,1.0042,weekly demand std / sqrt(7),0.95,4.37,9.37,19.37,13,REORDER_SOON,HIGH,Stock 7 is below the reorder point 9.4 (lead-time demand 5.0 + safety stock 4.4); stock may not cover the lead time at the upper forecast (9.2 units)
BR001,MED378,Glimepiride + Metformin 1mg/500mg (Stellar Formulations),Antidiabetic,6,2.798,6.792,15.935,0.6786,7,4.75,0.8143,weekly demand std / sqrt(7),0.95,3.54,8.29,17.79,12,REORDER_SOON,HIGH,Stock 6 is below the reorder point 8.3 (lead-time demand 4.8 + safety stock 3.5); stock may not cover the lead time at the upper forecast (8.3 units)
BR002,MED096,Amoxicillin 250mg (CureLine Healthcare),Antibiotics,7,2.953,5.883,13.337,0.6071,7,4.25,1.2523,weekly demand std / sqrt(7),0.95,5.45,9.7,18.2,12,REORDER_SOON,HIGH,Stock 7 is below the reorder point 9.7 (lead-time demand 4.2 + safety stock 5.5); stock may not cover the lead time at the upper forecast (8.4 units)
BR002,MED140,Mefenamic Acid 500mg (CureLine Healthcare),Antipyretics,7,3.284,6.463,15.966,0.6786,7,4.75,0.8827,weekly demand std / sqrt(7),0.95,3.84,8.59,18.09,12,REORDER_SOON,HIGH,Stock 7 is below the reorder point 8.6 (lead-time demand 4.8 + safety stock 3.8); stock may not cover the lead time at the upper forecast (8.8 units)
BR002,MED206,Domperidone 10mg (CarePlus Laboratories),Gastrointestinal,8,2.517,4.946,10.539,0.5357,7,3.75,1.8934,weekly demand std / sqrt(7),0.95,8.24,11.99,19.49,12,REORDER_SOON,HIGH,Stock 8 is below the reorder point 12.0 (lead-time demand 3.8 + safety stock 8.2); stock may not cover the lead time at the upper forecast (8.0 units)
BR004,MED245,Pantoprazole 40mg (BlueCrest Pharma),Gastrointestinal,9,4.486,9.398,20.946,0.7857,7,5.5,0.9367,weekly demand std / sqrt(7),0.95,4.08,9.58,20.58,12,REORDER_SOON,HIGH,Stock 9 is below the reorder point 9.6 (lead-time demand 5.5 + safety stock 4.1); stock may not cover the lead time at the upper forecast (10.0 units)
BR005,MED345,Gliclazide 80mg (BlueCrest Pharma),Antidiabetic,5,1.982,4.634,11.382,0.6071,7,4.25,0.859,weekly demand std / sqrt(7),0.95,3.74,7.99,16.49,12,REORDER_SOON,HIGH,Stock 5 is below the reorder point 8.0 (lead-time demand 4.2 + safety stock 3.7); stock may not cover the lead time at the upper forecast (5.4 units)
BR005,MED463,Vitamin C Chewable 500mg (HealthAxis Pharma),Vitamins,5,1.64,3.972,8.781,0.6071,7,4.25,0.7722,weekly demand std / sqrt(7),0.95,3.36,7.61,16.11,12,REORDER_SOON,HIGH,Stock 5 is below the reorder point 7.6 (lead-time demand 4.2 + safety stock 3.4); stock may not cover the lead time at the upper forecast (5.1 units)
BR001,MED002,Diclofenac 50mg,Analgesics,6,2.609,6.273,12.932,0.6071,7,4.25,0.7577,weekly demand std / sqrt(7),0.95,3.3,7.55,16.05,11,REORDER_SOON,HIGH,Stock 6 is below the reorder point 7.5 (lead-time demand 4.2 + safety stock 3.3); stock may not cover the lead time at the upper forecast (8.1 units)
BR001,MED429,Montelukast 5mg (TrueLife Remedies),Respiratory,4,2.384,5.229,12.174,0.5,7,3.5,0.9662,weekly demand std / sqrt(7),0.95,4.2,7.7,14.7,11,REORDER_SOON,HIGH,Stock 4 is below the reorder point 7.7 (lead-time demand 3.5 + safety stock 4.2); stock may not cover the lead time at the upper forecast (7.9 units)
BR002,MED002,Diclofenac 50mg,Analgesics,6,3.183,6.882,14.614,0.5714,7,4.0,0.946,weekly demand std / sqrt(7),0.95,4.12,8.12,16.12,11,REORDER_SOON,HIGH,Stock 6 is below the reorder point 8.1 (lead-time demand 4.0 + safety stock 4.1); stock may not cover the lead time at the upper forecast (8.7 units)
BR002,MED135,Mefenamic Acid 250mg (ApexLife Pharma),Antipyretics,8,3.562,7.02,17.709,0.7143,7,5.0,0.6968,weekly demand std / sqrt(7),0.95,3.03,8.03,18.03,11,REORDER_SOON,HIGH,Stock 8 is below the reorder point 8.0 (lead-time demand 5.0 + safety stock 3.0); stock may not cover the lead time at the upper forecast (9.1 units)
BR002,MED165,Cetirizine 10mg (Stellar Formulations),Antihistamines,7,3.81,8.647,18.905,0.6786,7,4.75,0.8455,weekly demand std / sqrt(7),0.95,3.68,8.43,17.93,11,REORDER_SOON,HIGH,Stock 7 is below the reorder point 8.4 (lead-time demand 4.8 + safety stock 3.7); stock may not cover the lead time at the upper forecast (9.3 units)
BR003,MED098,Amoxicillin 250mg (NovaMed Laboratories),Antibiotics,5,2.395,5.598,12.425,0.5357,7,3.75,0.9423,weekly demand std / sqrt(7),0.95,4.1,7.85,15.35,11,REORDER_SOON,HIGH,Stock 5 is below the reorder point 7.9 (lead-time demand 3.8 + safety stock 4.1); stock may not cover the lead time at the upper forecast (7.9 units)
BR003,MED107,Amoxicillin + Clavulanic Acid 375mg (TrueLife Remedies),Antibiotics,5,1.593,3.255,6.861,0.5714,7,4.0,0.8901,weekly demand std / sqrt(7),0.95,3.87,7.87,15.87,11,REORDER_SOON,HIGH,Stock 5 is below the reorder point 7.9 (lead-time demand 4.0 + safety stock 3.9); stock may not cover the lead time at the upper forecast (5.0 units)
BR005,MED109,Azithromycin 500mg (ApexLife Pharma),Antibiotics,3,1.428,3.375,8.009,0.3929,7,2.75,1.2203,weekly demand std / sqrt(7),0.95,5.31,8.06,13.56,11,REORDER_SOON,HIGH,Stock 3 is below the reorder point 8.1 (lead-time demand 2.8 + safety stock 5.3); stock may not cover the lead time at the upper forecast (4.9 units)
BR001,MED417,Dextromethorphan Syrup 100ml (LifeSpring Pharma),Respiratory,4,1.63,3.431,8.262,0.5,7,3.5,0.6078,weekly demand std / sqrt(7),0.95,2.65,6.15,13.15,10,REORDER_SOON,HIGH,Stock 4 is below the reorder point 6.1 (lead-time demand 3.5 + safety stock 2.6); stock may not cover the lead time at the upper forecast (5.1 units)
BR002,MED083,Naproxen 250mg (HealthAxis Pharma),Analgesics,7,3.211,6.743,15.169,0.5714,7,4.0,1.034,weekly demand std / sqrt(7),0.95,4.5,8.5,16.5,10,REORDER_SOON,HIGH,Stock 7 is below the reorder point 8.5 (lead-time demand 4.0 + safety stock 4.5); stock may not cover the lead time at the upper forecast (8.7 units)
BR002,MED398,Sitagliptin 50mg (ApexLife Pharma),Antidiabetic,8,2.909,6.816,15.792,0.6071,7,4.25,0.9927,weekly demand std / sqrt(7),0.95,4.32,8.57,17.07,10,REORDER_SOON,HIGH,Stock 8 is below the reorder point 8.6 (lead-time demand 4.2 + safety stock 4.3); stock may not cover the lead time at the upper forecast (8.4 units)
BR002,MED490,Hydrocortisone Cream 1% (CarePlus Laboratories),Dermatological,5,1.891,4.36,10.444,0.5357,7,3.75,0.8429,weekly demand std / sqrt(7),0.95,3.67,7.42,14.92,10,REORDER_SOON,HIGH,Stock 5 is below the reorder point 7.4 (lead-time demand 3.8 + safety stock 3.7); stock may not cover the lead time at the upper forecast (5.3 units)
BR003,MED096,Amoxicillin 250mg (CureLine Healthcare),Antibiotics,7,2.813,6.147,13.866,0.5714,7,4.0,0.9498,weekly demand std / sqrt(7),0.95,4.13,8.13,16.13,10,REORDER_SOON,HIGH,Stock 7 is below the reorder point 8.1 (lead-time demand 4.0 + safety stock 4.1); stock may not cover the lead time at the upper forecast (8.3 units)
BR003,MED183,Fexofenadine 120mg (CureLine Healthcare),Antihistamines,5,1.599,3.807,9.765,0.5357,7,3.75,0.7912,weekly demand std / sqrt(7),0.95,3.44,7.19,14.69,10,REORDER_SOON,HIGH,Stock 5 is below the reorder point 7.2 (lead-time demand 3.8 + safety stock 3.4); stock may not cover the lead time at the upper forecast (5.0 units)
BR003,MED250,Pantoprazole 20mg (ApexLife Pharma),Gastrointestinal,4,1.748,3.694,8.595,0.4643,7,3.25,0.7584,weekly demand std / sqrt(7),0.95,3.3,6.55,13.05,10,REORDER_SOON,HIGH,Stock 4 is below the reorder point 6.6 (lead-time demand 3.2 + safety stock 3.3); stock may not cover the lead time at the upper forecast (5.2 units)
BR004,MED476,Vitamin D3 1000IU,Vitamins,4,2.075,5.108,11.338,0.5,7,3.5,0.653,weekly demand std / sqrt(7),0.95,2.84,6.34,13.34,10,REORDER_SOON,HIGH,Stock 4 is below the reorder point 6.3 (lead-time demand 3.5 + safety stock 2.8); stock may not cover the lead time at the upper forecast (5.5 units)
BR005,MED179,Chlorpheniramine 4mg (LifeSpring Pharma),Antihistamines,4,1.244,2.396,7.109,0.4643,7,3.25,0.7818,weekly demand std / sqrt(7),0.95,3.4,6.65,13.15,10,REORDER_SOON,HIGH,Stock 4 is below the reorder point 6.7 (lead-time demand 3.2 + safety stock 3.4); stock may not cover the lead time at the upper forecast (4.7 units)
BR005,MED240,ORS Powder 21.8g (LifeSpring Pharma),Gastrointestinal,6,2.597,5.782,12.324,0.5714,7,4.0,0.7801,weekly demand std / sqrt(7),0.95,3.39,7.39,15.39,10,REORDER_SOON,HIGH,Stock 6 is below the reorder point 7.4 (lead-time demand 4.0 + safety stock 3.4); stock may not cover the lead time at the upper forecast (8.1 units)
BR005,MED254,Pantoprazole 20mg (Summit Lifesciences),Gastrointestinal,4,1.73,3.849,8.678,0.4643,7,3.25,0.7868,weekly demand std / sqrt(7),0.95,3.42,6.67,13.17,10,REORDER_SOON,HIGH,Stock 4 is below the reorder point 6.7 (lead-time demand 3.2 + safety stock 3.4); stock may not cover the lead time at the upper forecast (5.2 units)
BR001,MED116,Azithromycin 250mg (HealthAxis Pharma),Antibiotics,4,1.727,3.71,9.542,0.3929,7,2.75,1.0366,weekly demand std / sqrt(7),0.95,4.51,7.26,12.76,9,REORDER_SOON,HIGH,Stock 4 is below the reorder point 7.3 (lead-time demand 2.8 + safety stock 4.5); stock may not cover the lead time at the upper forecast (5.2 units)
BR001,MED240,ORS Powder 21.8g (LifeSpring Pharma),Gastrointestinal,3,0.828,2.086,5.223,0.3571,7,2.5,0.8946,weekly demand std / sqrt(7),0.95,3.89,6.39,11.39,9,REORDER_SOON,HIGH,Stock 3 is below the reorder point 6.4 (lead-time demand 2.5 + safety stock 3.9); stock may not cover the lead time at the upper forecast (3.1 units)
BR001,MED303,Losartan 25mg (NovaMed Laboratories),Cardiovascular,7,2.38,5.335,11.434,0.6071,7,4.25,0.6864,weekly demand std / sqrt(7),0.95,2.99,7.24,15.74,9,REORDER_SOON,HIGH,Stock 7 is below the reorder point 7.2 (lead-time demand 4.2 + safety stock 3.0); stock may not cover the lead time at the upper forecast (7.9 units)
BR001,MED463,Vitamin C Chewable 500mg (HealthAxis Pharma),Vitamins,6,2.342,5.491,12.908,0.5357,7,3.75,0.7449,weekly demand std / sqrt(7),0.95,3.24,6.99,14.49,9,REORDER_SOON,HIGH,Stock 6 is below the reorder point 7.0 (lead-time demand 3.8 + safety stock 3.2); stock may not cover the lead time at the upper forecast (7.8 units)
BR002,MED095,Amoxicillin 250mg,Antibiotics,6,2.435,4.746,11.389,0.5357,7,3.75,0.6852,weekly demand std / sqrt(7),0.95,2.98,6.73,14.23,9,REORDER_SOON,HIGH,Stock 6 is below the reorder point 6.7 (lead-time demand 3.8 + safety stock 3.0); stock may not cover the lead time at the upper forecast (7.9 units)
BR002,MED097,Amoxicillin 250mg (LifeSpring Pharma),Antibiotics,6,2.164,4.19,11.08,0.3571,7,2.5,1.5252,weekly demand std / sqrt(7),0.95,6.64,9.14,14.14,9,REORDER_SOON,HIGH,Stock 6 is below the reorder point 9.1 (lead-time demand 2.5 + safety stock 6.6); stock may not cover the lead time at the upper forecast (7.7 units)
BR003,MED370,Glimepiride 3mg (Summit Lifesciences),Antidiabetic,3,0.788,1.699,4.681,0.3571,7,2.5,1.0237,weekly demand std / sqrt(7),0.95,4.45,6.95,11.95,9,REORDER_SOON,HIGH,Stock 3 is below the reorder point 7.0 (lead-time demand 2.5 + safety stock 4.5); stock may not cover the lead time at the upper forecast (3.1 units)
BR003,MED480,Calamine Lotion 100ml (Stellar Formulations),Dermatological,5,2.138,4.308,9.521,0.4286,7,3.0,1.1423,weekly demand std / sqrt(7),0.95,4.97,7.97,13.97,9,REORDER_SOON,HIGH,Stock 5 is below the reorder point 8.0 (lead-time demand 3.0 + safety stock 5.0); stock may not cover the lead time at the upper forecast (7.6 units)
BR003,MED490,Hydrocortisone Cream 1% (CarePlus Laboratories),Dermatological,5,2.058,4.445,9.775,0.4286,7,3.0,0.9512,weekly demand std / sqrt(7),0.95,4.14,7.14,13.14,9,REORDER_SOON,HIGH,Stock 5 is below the reorder point 7.1 (lead-time demand 3.0 + safety stock 4.1); stock may not cover the lead time at the upper forecast (5.5 units)
BR005,MED161,Paracetamol Suspension 125mg/5ml (VitaCure Remedies),Antipyretics,3,1.49,3.461,8.36,0.3929,7,2.75,0.6583,weekly demand std / sqrt(7),0.95,2.86,5.61,11.11,9,REORDER_SOON,HIGH,Stock 3 is below the reorder point 5.6 (lead-time demand 2.8 + safety stock 2.9); stock may not cover the lead time at the upper forecast (4.9 units)
BR005,MED497,Mupirocin Ointment 2% (CarePlus Laboratories),Dermatological,7,2.547,5.282,10.015,0.5714,7,4.0,0.8012,weekly demand std / sqrt(7),0.95,3.49,7.49,15.49,9,REORDER_SOON,HIGH,Stock 7 is below the reorder point 7.5 (lead-time demand 4.0 + safety stock 3.5); stock may not cover the lead time at the upper forecast (8.0 units)
BR001,MED497,Mupirocin Ointment 2% (CarePlus Laboratories),Dermatological,4,1.786,4.017,8.437,0.3571,7,2.5,0.8334,weekly demand std / sqrt(7),0.95,3.63,6.13,11.13,8,REORDER_SOON,HIGH,Stock 4 is below the reorder point 6.1 (lead-time demand 2.5 + safety stock 3.6); stock may not cover the lead time at the upper forecast (5.2 units)
BR002,MED003,Amoxicillin 500mg,Antibiotics,5,1.948,4.288,9.995,0.4286,7,3.0,0.8234,weekly demand std / sqrt(7),0.95,3.58,6.58,12.58,8,REORDER_SOON,HIGH,Stock 5 is below the reorder point 6.6 (lead-time demand 3.0 + safety stock 3.6); stock may not cover the lead time at the upper forecast (5.4 units)
BR002,MED420,Montelukast 10mg (CureLine Healthcare),Respiratory,4,1.704,3.525,8.437,0.3929,7,2.75,0.6632,weekly demand std / sqrt(7),0.95,2.89,5.64,11.14,8,REORDER_SOON,HIGH,Stock 4 is below the reorder point 5.6 (lead-time demand 2.8 + safety stock 2.9); stock may not cover the lead time at the upper forecast (5.2 units)
BR002,MED484,Clotrimazole Cream 2%,Dermatological,3,1.769,3.993,9.802,0.3929,7,2.75,0.5264,weekly demand std / sqrt(7),0.95,2.29,5.04,10.54,8,REORDER_SOON,HIGH,Stock 3 is below the reorder point 5.0 (lead-time demand 2.8 + safety stock 2.3); stock may not cover the lead time at the upper forecast (5.2 units)
BR004,MED025,Ciprofloxacin 500mg,Antibiotics,4,1.994,4.3,9.914,0.3929,7,2.75,0.7085,weekly demand std / sqrt(7),0.95,3.08,5.83,11.33,8,REORDER_SOON,HIGH,Stock 4 is below the reorder point 5.8 (lead-time demand 2.8 + safety stock 3.1); stock may not cover the lead time at the upper forecast (5.4 units)
BR004,MED427,Montelukast 5mg (NovaMed Laboratories),Respiratory,3,1.734,3.394,8.451,0.3929,7,2.75,0.4781,weekly demand std / sqrt(7),0.95,2.08,4.83,10.33,8,REORDER_SOON,HIGH,Stock 3 is below the reorder point 4.8 (lead-time demand 2.8 + safety stock 2.1); stock may not cover the lead time at the upper forecast (5.2 units)
BR005,MED004,Azithromycin 500mg,Antibiotics,5,1.815,3.983,9.024,0.4643,7,3.25,0.7372,weekly demand std / sqrt(7),0.95,3.21,6.46,12.96,8,REORDER_SOON,HIGH,Stock 5 is below the reorder point 6.5 (lead-time demand 3.2 + safety stock 3.2); stock may not cover the lead time at the upper forecast (5.3 units)
BR001,MED004,Azithromycin 500mg,Antibiotics,4,1.886,4.401,9.314,0.3571,7,2.5,0.7686,weekly demand std / sqrt(7),0.95,3.34,5.84,10.84,7,REORDER_SOON,HIGH,Stock 4 is below the reorder point 5.8 (lead-time demand 2.5 + safety stock 3.3); stock may not cover the lead time at the upper forecast (5.3 units)
BR001,MED151,Paracetamol Drops 100mg/ml (Aarogya Formulations),Antipyretics,5,1.611,3.045,7.458,0.3571,7,2.5,0.8206,weekly demand std / sqrt(7),0.95,3.57,6.07,11.07,7,REORDER_SOON,HIGH,Stock 5 is below the reorder point 6.1 (lead-time demand 2.5 + safety stock 3.6); stock may not cover the lead time at the upper forecast (5.1 units)
BR001,MED415,Budesonide Inhaler 100mcg,Respiratory,5,2.359,5.096,11.016,0.4286,7,3.0,0.6141,weekly demand std / sqrt(7),0.95,2.67,5.67,11.67,7,REORDER_SOON,HIGH,Stock 5 is below the reorder point 5.7 (lead-time demand 3.0 + safety stock 2.7); stock may not cover the lead time at the upper forecast (7.9 units)
BR004,MED271,Aspirin 75mg (ApexLife Pharma),Cardiovascular,3,0.757,1.576,4.307,0.3214,7,2.25,0.6262,weekly demand std / sqrt(7),0.95,2.73,4.98,9.48,7,REORDER_SOON,HIGH,Stock 3 is below the reorder point 5.0 (lead-time demand 2.2 + safety stock 2.7); stock may not cover the lead time at the upper forecast (3.1 units)
BR005,MED111,Azithromycin 250mg,Antibiotics,4,1.227,2.737,6.389,0.3929,7,2.75,0.5523,weekly demand std / sqrt(7),0.95,2.4,5.15,10.65,7,REORDER_SOON,HIGH,Stock 4 is below the reorder point 5.2 (lead-time demand 2.8 + safety stock 2.4); stock may not cover the lead time at the upper forecast (4.7 units)
BR001,MED187,Fexofenadine 180mg (CureLine Healthcare),Antihistamines,3,1.198,2.967,7.122,0.3214,7,2.25,0.4728,weekly demand std / sqrt(7),0.95,2.06,4.31,8.81,6,REORDER_SOON,HIGH,Stock 3 is below the reorder point 4.3 (lead-time demand 2.2 + safety stock 2.1); stock may not cover the lead time at the upper forecast (4.6 units)
BR002,MED050,Calcium + Vitamin D3 500mg/250IU,Vitamins,4,1.291,3.55,8.431,0.2857,7,2.0,0.8497,weekly demand std / sqrt(7),0.95,3.7,5.7,9.7,6,REORDER_SOON,HIGH,Stock 4 is below the reorder point 5.7 (lead-time demand 2.0 + safety stock 3.7); stock may not cover the lead time at the upper forecast (4.7 units)
BR004,MED061,Diclofenac 50mg (Stellar Formulations),Analgesics,3,1.31,3.678,8.36,0.2857,7,2.0,0.4697,weekly demand std / sqrt(7),0.95,2.04,4.04,8.04,6,REORDER_SOON,HIGH,Stock 3 is below the reorder point 4.0 (lead-time demand 2.0 + safety stock 2.0); stock may not cover the lead time at the upper forecast (4.8 units)
BR004,MED089,Paracetamol 500mg (Aarogya Formulations),Analgesics,4,1.207,2.716,6.208,0.3571,7,2.5,0.5118,weekly demand std / sqrt(7),0.95,2.23,4.73,9.73,6,REORDER_SOON,HIGH,Stock 4 is below the reorder point 4.7 (lead-time demand 2.5 + safety stock 2.2); stock may not cover the lead time at the upper forecast (4.7 units)
BR004,MED106,Amoxicillin + Clavulanic Acid 375mg (Summit Lifesciences),Antibiotics,3,0.752,1.607,4.238,0.25,7,1.75,0.8163,weekly demand std / sqrt(7),0.95,3.55,5.3,8.8,6,REORDER_SOON,HIGH,Stock 3 is below the reorder point 5.3 (lead-time demand 1.8 + safety stock 3.6); stock may not cover the lead time at the upper forecast (3.0 units)
BR001,MED066,Diclofenac 100mg (VitaCure Remedies),Analgesics,4,1.364,3.299,7.88,0.2857,7,2.0,0.5312,weekly demand std / sqrt(7),0.95,2.31,4.31,8.31,5,REORDER_SOON,HIGH,Stock 4 is below the reorder point 4.3 (lead-time demand 2.0 + safety stock 2.3); stock may not cover the lead time at the upper forecast (4.8 units)
BR002,MED483,Clotrimazole Cream 1% (CureLine Healthcare),Dermatological,3,0.799,1.828,4.205,0.2143,7,1.5,0.7424,weekly demand std / sqrt(7),0.95,3.23,4.73,7.73,5,REORDER_SOON,HIGH,Stock 3 is below the reorder point 4.7 (lead-time demand 1.5 + safety stock 3.2); stock may not cover the lead time at the upper forecast (3.1 units)
BR003,MED121,Cefixime 200mg (CureLine Healthcare),Antibiotics,3,0.846,2.079,4.505,0.25,7,1.75,0.4538,weekly demand std / sqrt(7),0.95,1.97,3.72,7.22,5,REORDER_SOON,HIGH,Stock 3 is below the reorder point 3.7 (lead-time demand 1.8 + safety stock 2.0); stock may not cover the lead time at the upper forecast (3.1 units)
BR004,MED162,Cetirizine 10mg (ApexLife Pharma),Antihistamines,3,0.798,1.653,4.368,0.2143,7,1.5,0.5974,weekly demand std / sqrt(7),0.95,2.6,4.1,7.1,5,REORDER_SOON,HIGH,Stock 3 is below the reorder point 4.1 (lead-time demand 1.5 + safety stock 2.6); stock may not cover the lead time at the upper forecast (3.1 units)
BR004,MED408,Ambroxol + Levosalbutamol Syrup 100ml (Summit Lifesciences),Respiratory,4,1.048,2.316,4.976,0.2857,7,2.0,0.5049,weekly demand std / sqrt(7),0.95,2.2,4.2,8.2,5,REORDER_SOON,HIGH,Stock 4 is below the reorder point 4.2 (lead-time demand 2.0 + safety stock 2.2); stock may not cover the lead time at the upper forecast (4.5 units)
BR002,MED481,Calamine Lotion 100ml (TrueLife Remedies),Dermatological,4,1.103,2.485,5.728,0.25,7,1.75,0.5469,weekly demand std / sqrt(7),0.95,2.38,4.13,7.63,4,REORDER_SOON,HIGH,Stock 4 is below the reorder point 4.1 (lead-time demand 1.8 + safety stock 2.4); stock may not cover the lead time at the upper forecast (4.6 units)
BR003,MED484,Clotrimazole Cream 2%,Dermatological,4,1.259,2.385,4.563,0.2143,7,1.5,0.7652,weekly demand std / sqrt(7),0.95,3.33,4.83,7.83,4,REORDER_SOON,HIGH,Stock 4 is below the reorder point 4.8 (lead-time demand 1.5 + safety stock 3.3); stock may not cover the lead time at the upper forecast (4.7 units)
BR004,MED050,Calcium + Vitamin D3 500mg/250IU,Vitamins,4,1.049,2.451,5.392,0.25,7,1.75,0.5523,weekly demand std / sqrt(7),0.95,2.4,4.15,7.65,4,REORDER_SOON,HIGH,Stock 4 is below the reorder point 4.2 (lead-time demand 1.8 + safety stock 2.4); stock may not cover the lead time at the upper forecast (4.5 units)
BR001,MED277,Aspirin 150mg,Cardiovascular,2,0.428,0.935,2.442,0.1071,7,0.75,0.4937,weekly demand std / sqrt(7),0.95,2.15,2.9,4.4,3,REORDER_SOON,HIGH,Stock 2 is below the reorder point 2.9 (lead-time demand 0.8 + safety stock 2.1); stock may not cover the lead time at the upper forecast (2.1 units)
BR001,MED327,Telmisartan 40mg (Aarogya Formulations),Cardiovascular,124,75.911,141.177,306.675,13.8571,7,97.0,7.8669,weekly demand std / sqrt(7),0.95,34.24,131.24,325.24,202,REORDER_SOON,MEDIUM,Stock 124 is below the reorder point 131.2 (lead-time demand 97.0 + safety stock 34.2)
BR005,MED269,Amlodipine 10mg (Stellar Formulations),Cardiovascular,83,65.287,129.002,283.461,10.5357,7,73.75,6.5711,weekly demand std / sqrt(7),0.95,28.6,102.35,249.85,167,REORDER_SOON,MEDIUM,Stock 83 is below the reorder point 102.3 (lead-time demand 73.8 + safety stock 28.6)
BR004,MED327,Telmisartan 40mg (Aarogya Formulations),Cardiovascular,87,60.783,123.403,269.385,9.9643,7,69.75,6.5352,weekly demand std / sqrt(7),0.95,28.44,98.19,237.69,151,REORDER_SOON,MEDIUM,Stock 87 is below the reorder point 98.2 (lead-time demand 69.8 + safety stock 28.4)
BR005,MED301,Losartan 25mg (CarePlus Laboratories),Cardiovascular,80,60.018,125.709,267.312,9.5,7,66.5,6.5511,weekly demand std / sqrt(7),0.95,28.51,95.01,228.01,149,REORDER_SOON,MEDIUM,Stock 80 is below the reorder point 95.0 (lead-time demand 66.5 + safety stock 28.5)
BR002,MED327,Telmisartan 40mg (Aarogya Formulations),Cardiovascular,101,62.337,120.959,269.718,10.1429,7,71.0,7.6666,weekly demand std / sqrt(7),0.95,33.36,104.36,246.36,146,REORDER_SOON,MEDIUM,Stock 101 is below the reorder point 104.4 (lead-time demand 71.0 + safety stock 33.4)
BR003,MED381,Glimepiride + Metformin 1mg/500mg (Zenith BioPharma),Antidiabetic,81,60.414,117.331,249.798,9.2143,7,64.5,6.2338,weekly demand std / sqrt(7),0.95,27.13,91.63,220.63,140,REORDER_SOON,MEDIUM,Stock 81 is below the reorder point 91.6 (lead-time demand 64.5 + safety stock 27.1)
BR001,MED385,Metformin 850mg,Antidiabetic,76,57.702,116.976,250.768,9.1071,7,63.75,4.6367,weekly demand std / sqrt(7),0.95,20.18,83.93,211.43,136,REORDER_SOON,MEDIUM,Stock 76 is below the reorder point 83.9 (lead-time demand 63.8 + safety stock 20.2)
BR005,MED117,Azithromycin 250mg (LifeSpring Pharma),Antibiotics,62,48.276,91.411,205.687,7.5357,7,52.75,6.0561,weekly demand std / sqrt(7),0.95,26.36,79.11,184.61,123,REORDER_SOON,MEDIUM,Stock 62 is below the reorder point 79.1 (lead-time demand 52.8 + safety stock 26.4)
BR003,MED272,Aspirin 75mg (BlueCrest Pharma),Cardiovascular,66,50.798,102.441,217.975,7.4643,7,52.25,5.737,weekly demand std / sqrt(7),0.95,24.97,77.22,181.72,116,REORDER_SOON,MEDIUM,Stock 66 is below the reorder point 77.2 (lead-time demand 52.2 + safety stock 25.0)
BR002,MED301,Losartan 25mg (CarePlus Laboratories),Cardiovascular,71,50.785,103.384,227.064,7.255,7,50.78,6.3363,weekly demand std / sqrt(7),0.95,27.57,78.36,179.93,109,REORDER_SOON,MEDIUM,Stock 71 is below the reorder point 78.4 (lead-time demand 50.8 + safety stock 27.6)
BR003,MED383,Metformin 500mg (Stellar Formulations),Antidiabetic,65,48.065,96.205,207.816,7.0357,7,49.25,3.9619,weekly demand std / sqrt(7),0.95,17.24,66.49,164.99,100,REORDER_SOON,MEDIUM,Stock 65 is below the reorder point 66.5 (lead-time demand 49.2 + safety stock 17.2)
BR003,MED086,Naproxen 500mg (CarePlus Laboratories),Analgesics,56,44.045,90.15,201.808,6.7143,7,47.0,3.1719,weekly demand std / sqrt(7),0.95,13.8,60.8,154.8,99,REORDER_SOON,MEDIUM,Stock 56 is below the reorder point 60.8 (lead-time demand 47.0 + safety stock 13.8)
BR003,MED043,Glimepiride + Metformin 2mg/500mg,Antidiabetic,52,37.017,74.202,164.241,5.4286,7,38.0,3.7236,weekly demand std / sqrt(7),0.95,16.2,54.2,130.2,79,REORDER_SOON,MEDIUM,Stock 52 is below the reorder point 54.2 (lead-time demand 38.0 + safety stock 16.2)
BR003,MED113,Azithromycin 250mg (BlueCrest Pharma),Antibiotics,52,35.824,73.019,156.682,5.5,7,38.5,3.3435,weekly demand std / sqrt(7),0.95,14.55,53.05,130.05,79,REORDER_SOON,MEDIUM,Stock 52 is below the reorder point 53.1 (lead-time demand 38.5 + safety stock 14.6)
BR002,MED392,Metformin 1000mg (LifeSpring Pharma),Antidiabetic,40,28.778,54.704,111.962,4.3929,7,30.75,3.8226,weekly demand std / sqrt(7),0.95,16.64,47.39,108.89,69,REORDER_SOON,MEDIUM,Stock 40 is below the reorder point 47.4 (lead-time demand 30.8 + safety stock 16.6)
BR003,MED139,Mefenamic Acid 500mg,Antipyretics,45,29.72,60.635,132.154,4.5714,7,32.0,4.1145,weekly demand std / sqrt(7),0.95,17.91,49.91,113.91,69,REORDER_SOON,MEDIUM,Stock 45 is below the reorder point 49.9 (lead-time demand 32.0 + safety stock 17.9)
BR002,MED236,Ondansetron 8mg (LifeSpring Pharma),Gastrointestinal,39,25.901,56.599,121.315,4.2857,7,30.0,3.4748,weekly demand std / sqrt(7),0.95,15.12,45.12,105.12,67,REORDER_SOON,MEDIUM,Stock 39 is below the reorder point 45.1 (lead-time demand 30.0 + safety stock 15.1)
BR002,MED459,Multivitamin B-complex+C (Summit Lifesciences),Vitamins,36,23.906,46.937,104.081,3.75,7,26.25,3.7826,weekly demand std / sqrt(7),0.95,16.46,42.71,95.21,60,REORDER_SOON,MEDIUM,Stock 36 is below the reorder point 42.7 (lead-time demand 26.2 + safety stock 16.5)
BR001,MED354,Gliclazide 40mg (Summit Lifesciences),Antidiabetic,35,22.704,45.789,101.481,3.5714,7,25.0,3.1551,weekly demand std / sqrt(7),0.95,13.73,38.73,88.73,54,REORDER_SOON,MEDIUM,Stock 35 is below the reorder point 38.7 (lead-time demand 25.0 + safety stock 13.7)
BR004,MED459,Multivitamin B-complex+C (Summit Lifesciences),Vitamins,37,24.619,49.342,107.762,3.75,7,26.25,2.8011,weekly demand std / sqrt(7),0.95,12.19,38.44,90.94,54,REORDER_SOON,MEDIUM,Stock 37 is below the reorder point 38.4 (lead-time demand 26.2 + safety stock 12.2)
BR005,MED139,Mefenamic Acid 500mg,Antipyretics,56,25.355,45.729,105.996,3.6221,7,25.36,7.6802,weekly demand std / sqrt(7),0.95,33.42,58.78,109.49,54,REORDER_SOON,MEDIUM,Stock 56 is below the reorder point 58.8 (lead-time demand 25.4 + safety stock 33.4)
BR005,MED005,Paracetamol 650mg,Antipyretics,36,21.218,40.71,86.588,3.25,7,22.75,3.5999,weekly demand std / sqrt(7),0.95,15.67,38.42,83.92,48,REORDER_SOON,MEDIUM,Stock 36 is below the reorder point 38.4 (lead-time demand 22.8 + safety stock 15.7)
BR003,MED270,Aspirin 75mg (Aarogya Formulations),Cardiovascular,24,13.017,27.147,59.706,2.3214,7,16.25,2.1154,weekly demand std / sqrt(7),0.95,9.21,25.46,57.96,34,REORDER_SOON,MEDIUM,Stock 24 is below the reorder point 25.5 (lead-time demand 16.2 + safety stock 9.2)
BR002,MED034,Domperidone 10mg,Gastrointestinal,22,11.439,23.447,52.718,2.0357,7,14.25,1.7847,weekly demand std / sqrt(7),0.95,7.77,22.02,50.52,29,REORDER_SOON,MEDIUM,Stock 22 is below the reorder point 22.0 (lead-time demand 14.2 + safety stock 7.8)
BR003,MED280,Aspirin 150mg (TrueLife Remedies),Cardiovascular,20,9.261,20.128,44.517,1.8929,7,13.25,1.9186,weekly demand std / sqrt(7),0.95,8.35,21.6,48.1,29,REORDER_SOON,MEDIUM,Stock 20 is below the reorder point 21.6 (lead-time demand 13.2 + safety stock 8.3)
BR001,MED040,Rosuvastatin 10mg,Cardiovascular,22,7.691,15.553,37.14,1.8929,7,13.25,2.2836,weekly demand std / sqrt(7),0.95,9.94,23.19,49.69,28,REORDER_SOON,MEDIUM,Stock 22 is below the reorder point 23.2 (lead-time demand 13.2 + safety stock 9.9)
BR004,MED314,Rosuvastatin 10mg (BlueCrest Pharma),Cardiovascular,12,4.742,10.8,25.329,1.3929,7,9.75,1.6705,weekly demand std / sqrt(7),0.95,7.27,17.02,36.52,25,REORDER_SOON,MEDIUM,Stock 12 is below the reorder point 17.0 (lead-time demand 9.8 + safety stock 7.3)
BR002,MED344,Gliclazide 80mg (Aarogya Formulations),Antidiabetic,22,8.611,18.514,41.303,1.5714,7,11.0,2.6076,weekly demand std / sqrt(7),0.95,11.35,22.35,44.35,23,REORDER_SOON,MEDIUM,Stock 22 is below the reorder point 22.3 (lead-time demand 11.0 + safety stock 11.3)
BR002,MED249,Pantoprazole 20mg,Gastrointestinal,12,6.146,12.668,28.358,1.3214,7,9.25,1.1098,weekly demand std / sqrt(7),0.95,4.83,14.08,32.58,21,REORDER_SOON,MEDIUM,Stock 12 is below the reorder point 14.1 (lead-time demand 9.2 + safety stock 4.8)
BR002,MED127,Cefixime 100mg (VitaCure Remedies),Antibiotics,12,6.054,12.117,28.465,1.1429,7,8.0,1.467,weekly demand std / sqrt(7),0.95,6.38,14.38,30.38,19,REORDER_SOON,MEDIUM,Stock 12 is below the reorder point 14.4 (lead-time demand 8.0 + safety stock 6.4)
BR001,MED038,Losartan 50mg,Cardiovascular,13,4.668,10.264,23.631,1.1786,7,8.25,1.4105,weekly demand std / sqrt(7),0.95,6.14,14.39,30.89,18,REORDER_SOON,MEDIUM,Stock 13 is below the reorder point 14.4 (lead-time demand 8.2 + safety stock 6.1)
BR001,MED202,Montelukast + Levocetirizine 10mg/5mg (Stellar Formulations),Antihistamines,12,6.115,12.852,29.403,1.1429,7,8.0,1.1941,weekly demand std / sqrt(7),0.95,5.2,13.2,29.2,18,REORDER_SOON,MEDIUM,Stock 12 is below the reorder point 13.2 (lead-time demand 8.0 + safety stock 5.2)
BR002,MED241,ORS Powder 21.8g (Stellar Formulations),Gastrointestinal,12,6.056,12.689,28.547,1.1786,7,8.25,1.0938,weekly demand std / sqrt(7),0.95,4.76,13.01,29.51,18,REORDER_SOON,MEDIUM,Stock 12 is below the reorder point 13.0 (lead-time demand 8.2 + safety stock 4.8)
BR004,MED155,Paracetamol Suspension 250mg/5ml (CureLine Healthcare),Antipyretics,12,4.333,9.564,21.193,1.0714,7,7.5,1.5197,weekly demand std / sqrt(7),0.95,6.61,14.11,29.11,18,REORDER_SOON,MEDIUM,Stock 12 is below the reorder point 14.1 (lead-time demand 7.5 + safety stock 6.6)
BR005,MED349,Gliclazide 40mg,Antidiabetic,12,5.884,12.005,26.527,1.0714,7,7.5,1.4581,weekly demand std / sqrt(7),0.95,6.35,13.85,28.85,17,REORDER_SOON,MEDIUM,Stock 12 is below the reorder point 13.8 (lead-time demand 7.5 + safety stock 6.3)
BR002,MED346,Gliclazide 80mg (CarePlus Laboratories),Antidiabetic,14,5.059,11.253,25.658,0.9643,7,6.75,1.8205,weekly demand std / sqrt(7),0.95,7.92,14.67,28.17,15,REORDER_SOON,MEDIUM,Stock 14 is below the reorder point 14.7 (lead-time demand 6.8 + safety stock 7.9)
BR003,MED285,Atorvastatin 20mg,Cardiovascular,11,4.935,10.836,24.912,0.8929,7,6.25,1.6429,weekly demand std / sqrt(7),0.95,7.15,13.4,25.9,15,REORDER_SOON,MEDIUM,Stock 11 is below the reorder point 13.4 (lead-time demand 6.2 + safety stock 7.1)
BR005,MED205,Domperidone 10mg (BlueCrest Pharma),Gastrointestinal,13,5.332,11.869,26.057,1.0,7,7.0,1.4151,weekly demand std / sqrt(7),0.95,6.16,13.16,27.16,15,REORDER_SOON,MEDIUM,Stock 13 is below the reorder point 13.2 (lead-time demand 7.0 + safety stock 6.2)
BR001,MED152,Paracetamol Suspension 250mg/5ml (Aarogya Formulations),Antipyretics,12,4.832,10.42,23.996,0.9286,7,6.5,1.3888,weekly demand std / sqrt(7),0.95,6.04,12.54,25.54,14,REORDER_SOON,MEDIUM,Stock 12 is below the reorder point 12.5 (lead-time demand 6.5 + safety stock 6.0)
BR001,MED286,Atorvastatin 20mg (BlueCrest Pharma),Cardiovascular,12,5.16,11.287,26.181,0.8929,7,6.25,1.4431,weekly demand std / sqrt(7),0.95,6.28,12.53,25.03,14,REORDER_SOON,MEDIUM,Stock 12 is below the reorder point 12.5 (lead-time demand 6.2 + safety stock 6.3)
BR002,MED305,Losartan 25mg (TrueLife Remedies),Cardiovascular,14,5.199,11.159,27.053,0.9286,7,6.5,1.7436,weekly demand std / sqrt(7),0.95,7.59,14.09,27.09,14,REORDER_SOON,MEDIUM,Stock 14 is below the reorder point 14.1 (lead-time demand 6.5 + safety stock 7.6)
BR003,MED038,Losartan 50mg,Cardiovascular,12,4.798,10.258,24.334,0.8214,7,5.75,1.5647,weekly demand std / sqrt(7),0.95,6.81,12.56,24.06,13,REORDER_SOON,MEDIUM,Stock 12 is below the reorder point 12.6 (lead-time demand 5.8 + safety stock 6.8)
BR005,MED152,Paracetamol Suspension 250mg/5ml (Aarogya Formulations),Antipyretics,11,4.523,9.596,21.03,0.8571,7,6.0,1.2037,weekly demand std / sqrt(7),0.95,5.24,11.24,23.24,13,REORDER_SOON,MEDIUM,Stock 11 is below the reorder point 11.2 (lead-time demand 6.0 + safety stock 5.2)
BR002,MED205,Domperidone 10mg (BlueCrest Pharma),Gastrointestinal,10,4.292,9.059,21.155,0.7857,7,5.5,1.1964,weekly demand std / sqrt(7),0.95,5.21,10.71,21.71,12,REORDER_SOON,MEDIUM,Stock 10 is below the reorder point 10.7 (lead-time demand 5.5 + safety stock 5.2)
BR002,MED402,Sitagliptin 50mg (NovaMed Laboratories),Antidiabetic,12,4.64,9.946,23.219,0.8214,7,5.75,1.4694,weekly demand std / sqrt(7),0.95,6.39,12.14,23.64,12,REORDER_SOON,MEDIUM,Stock 12 is below the reorder point 12.1 (lead-time demand 5.8 + safety stock 6.4)
BR003,MED296,Clopidogrel 75mg (Stellar Formulations),Cardiovascular,6,1.743,3.778,9.612,0.4643,7,3.25,1.6843,weekly demand std / sqrt(7),0.95,7.33,10.58,17.08,12,REORDER_SOON,MEDIUM,Stock 6 is below the reorder point 10.6 (lead-time demand 3.2 + safety stock 7.3)
BR005,MED063,Diclofenac 50mg (VitaCure Remedies),Analgesics,11,4.993,10.937,24.393,0.8214,7,5.75,1.2795,weekly demand std / sqrt(7),0.95,5.57,11.32,22.82,12,REORDER_SOON,MEDIUM,Stock 11 is below the reorder point 11.3 (lead-time demand 5.8 + safety stock 5.6)
BR005,MED186,Fexofenadine 180mg,Antihistamines,10,4.295,9.049,21.135,0.75,7,5.25,1.2653,weekly demand std / sqrt(7),0.95,5.51,10.76,21.26,12,REORDER_SOON,MEDIUM,Stock 10 is below the reorder point 10.8 (lead-time demand 5.2 + safety stock 5.5)
BR005,MED215,Omeprazole 20mg (CarePlus Laboratories),Gastrointestinal,12,5.187,10.61,23.558,0.8214,7,5.75,1.4757,weekly demand std / sqrt(7),0.95,6.42,12.17,23.67,12,REORDER_SOON,MEDIUM,Stock 12 is below the reorder point 12.2 (lead-time demand 5.8 + safety stock 6.4)
BR001,MED322,Rosuvastatin 20mg,Cardiovascular,9,2.446,5.289,12.313,0.6429,7,4.5,1.3398,weekly demand std / sqrt(7),0.95,5.83,10.33,19.33,11,REORDER_SOON,MEDIUM,Stock 9 is below the reorder point 10.3 (lead-time demand 4.5 + safety stock 5.8)
BR002,MED081,Ibuprofen 600mg (NovaMed Laboratories),Analgesics,10,4.035,9.249,20.8,0.7143,7,5.0,1.2244,weekly demand std / sqrt(7),0.95,5.33,10.33,20.33,11,REORDER_SOON,MEDIUM,Stock 10 is below the reorder point 10.3 (lead-time demand 5.0 + safety stock 5.3)
BR001,MED462,Vitamin C Chewable 500mg (ApexLife Pharma),Vitamins,9,2.768,5.441,13.428,0.6786,7,4.75,1.0046,weekly demand std / sqrt(7),0.95,4.37,9.12,18.62,10,REORDER_SOON,MEDIUM,Stock 9 is below the reorder point 9.1 (lead-time demand 4.8 + safety stock 4.4)
BR002,MED384,Metformin 500mg (TrueLife Remedies),Antidiabetic,6,1.402,2.994,6.827,0.5714,7,4.0,0.9019,weekly demand std / sqrt(7),0.95,3.92,7.92,15.92,10,REORDER_SOON,MEDIUM,Stock 6 is below the reorder point 7.9 (lead-time demand 4.0 + safety stock 3.9)
BR003,MED210,Domperidone 10mg (NovaMed Laboratories),Gastrointestinal,6,1.751,3.114,7.251,0.5714,7,4.0,0.7652,weekly demand std / sqrt(7),0.95,3.33,7.33,15.33,10,REORDER_SOON,MEDIUM,Stock 6 is below the reorder point 7.3 (lead-time demand 4.0 + safety stock 3.3)
BR003,MED261,Amlodipine 2.5mg,Cardiovascular,6,1.221,2.919,6.505,0.5714,7,4.0,0.776,weekly demand std / sqrt(7),0.95,3.38,7.38,15.38,10,REORDER_SOON,MEDIUM,Stock 6 is below the reorder point 7.4 (lead-time demand 4.0 + safety stock 3.4)
BR003,MED378,Glimepiride + Metformin 1mg/500mg (Stellar Formulations),Antidiabetic,9,2.712,6.2,14.969,0.6429,7,4.5,1.0429,weekly demand std / sqrt(7),0.95,4.54,9.04,18.04,10,REORDER_SOON,MEDIUM,Stock 9 is below the reorder point 9.0 (lead-time demand 4.5 + safety stock 4.5)
BR004,MED130,Ciprofloxacin 250mg (LifeSpring Pharma),Antibiotics,9,2.729,5.26,11.449,0.6429,7,4.5,1.0667,weekly demand std / sqrt(7),0.95,4.64,9.14,18.14,10,REORDER_SOON,MEDIUM,Stock 9 is below the reorder point 9.1 (lead-time demand 4.5 + safety stock 4.6)
BR004,MED374,Glimepiride + Metformin 2mg/500mg (Stellar Formulations),Antidiabetic,5,1.343,2.903,6.288,0.4643,7,3.25,1.0348,weekly demand std / sqrt(7),0.95,4.5,7.75,14.25,10,REORDER_SOON,MEDIUM,Stock 5 is below the reorder point 7.8 (lead-time demand 3.2 + safety stock 4.5)
BR005,MED080,Ibuprofen 600mg (HealthAxis Pharma),Analgesics,6,2.025,5.023,10.229,0.5714,7,4.0,0.7035,weekly demand std / sqrt(7),0.95,3.06,7.06,15.06,10,REORDER_SOON,MEDIUM,Stock 6 is below the reorder point 7.1 (lead-time demand 4.0 + safety stock 3.1)
BR001,MED347,Gliclazide 80mg (LifeSpring Pharma),Antidiabetic,6,1.175,2.546,7.149,0.3929,7,2.75,1.4242,weekly demand std / sqrt(7),0.95,6.2,8.95,14.45,9,REORDER_SOON,MEDIUM,Stock 6 is below the reorder point 8.9 (lead-time demand 2.8 + safety stock 6.2)
BR001,MED473,Vitamin C Chewable 1000mg (VitaCure Remedies),Vitamins,9,2.918,6.553,15.294,0.5714,7,4.0,1.2951,weekly demand std / sqrt(7),0.95,5.64,9.64,17.64,9,REORDER_SOON,MEDIUM,Stock 9 is below the reorder point 9.6 (lead-time demand 4.0 + safety stock 5.6)
BR003,MED341,Telmisartan 80mg (Stellar Formulations),Cardiovascular,10,3.204,6.861,15.917,0.6071,7,4.25,1.3704,weekly demand std / sqrt(7),0.95,5.96,10.21,18.71,9,REORDER_SOON,MEDIUM,Stock 10 is below the reorder point 10.2 (lead-time demand 4.2 + safety stock 6.0)
BR003,MED405,Sitagliptin 50mg (TrueLife Remedies),Antidiabetic,4,0.958,2.024,5.912,0.3929,7,2.75,0.9377,weekly demand std / sqrt(7),0.95,4.08,6.83,12.33,9,REORDER_SOON,MEDIUM,Stock 4 is below the reorder point 6.8 (lead-time demand 2.8 + safety stock 4.1)
BR005,MED400,Sitagliptin 50mg (Crestview Pharma),Antidiabetic,4,0.712,1.755,5.167,0.3571,7,2.5,1.0559,weekly demand std / sqrt(7),0.95,4.6,7.1,12.1,9,REORDER_SOON,MEDIUM,Stock 4 is below the reorder point 7.1 (lead-time demand 2.5 + safety stock 4.6)
BR001,MED107,Amoxicillin + Clavulanic Acid 375mg (TrueLife Remedies),Antibiotics,6,1.907,4.427,10.692,0.4643,7,3.25,0.97,weekly demand std / sqrt(7),0.95,4.22,7.47,13.97,8,REORDER_SOON,MEDIUM,Stock 6 is below the reorder point 7.5 (lead-time demand 3.2 + safety stock 4.2)
BR003,MED159,Paracetamol Suspension 125mg/5ml (NovaMed Laboratories),Antipyretics,6,2.044,4.441,10.274,0.3929,7,2.75,1.1518,weekly demand std / sqrt(7),0.95,5.01,7.76,13.26,8,REORDER_SOON,MEDIUM,Stock 6 is below the reorder point 7.8 (lead-time demand 2.8 + safety stock 5.0)
BR003,MED226,Ondansetron 4mg (Aarogya Formulations),Gastrointestinal,6,1.532,3.371,7.683,0.4286,7,3.0,1.0866,weekly demand std / sqrt(7),0.95,4.73,7.73,13.73,8,REORDER_SOON,MEDIUM,Stock 6 is below the reorder point 7.7 (lead-time demand 3.0 + safety stock 4.7)
BR004,MED159,Paracetamol Suspension 125mg/5ml (NovaMed Laboratories),Antipyretics,6,2.097,4.77,11.007,0.4643,7,3.25,0.8143,weekly demand std / sqrt(7),0.95,3.54,6.79,13.29,8,REORDER_SOON,MEDIUM,Stock 6 is below the reorder point 6.8 (lead-time demand 3.2 + safety stock 3.5)
BR004,MED291,Atorvastatin 40mg (VitaCure Remedies),Cardiovascular,4,0.706,1.528,4.246,0.3929,7,2.75,0.8439,weekly demand std / sqrt(7),0.95,3.67,6.42,11.92,8,REORDER_SOON,MEDIUM,Stock 4 is below the reorder point 6.4 (lead-time demand 2.8 + safety stock 3.7)
BR004,MED367,Glimepiride 3mg (CureLine Healthcare),Antidiabetic,8,2.22,4.775,11.437,0.5357,7,3.75,0.9808,weekly demand std / sqrt(7),0.95,4.27,8.02,15.52,8,REORDER_SOON,MEDIUM,Stock 8 is below the reorder point 8.0 (lead-time demand 3.8 + safety stock 4.3)
BR004,MED384,Metformin 500mg (TrueLife Remedies),Antidiabetic,4,0.674,1.647,4.732,0.3214,7,2.25,1.062,weekly demand std / sqrt(7),0.95,4.62,6.87,11.37,8,REORDER_SOON,MEDIUM,Stock 4 is below the reorder point 6.9 (lead-time demand 2.2 + safety stock 4.6)
BR005,MED129,Ciprofloxacin 250mg,Antibiotics,6,1.812,4.165,9.869,0.5,7,3.5,0.5887,weekly demand std / sqrt(7),0.95,2.56,6.06,13.06,8,REORDER_SOON,MEDIUM,Stock 6 is below the reorder point 6.1 (lead-time demand 3.5 + safety stock 2.6)
BR001,MED228,Ondansetron 4mg (CarePlus Laboratories),Gastrointestinal,4,0.856,2.015,5.497,0.3571,7,2.5,0.5878,weekly demand std / sqrt(7),0.95,2.56,5.06,10.06,7,REORDER_SOON,MEDIUM,Stock 4 is below the reorder point 5.1 (lead-time demand 2.5 + safety stock 2.6)
BR002,MED035,ORS Powder 21.8g,Gastrointestinal,7,2.056,4.577,9.919,0.4286,7,3.0,1.0208,weekly demand std / sqrt(7),0.95,4.44,7.44,13.44,7,REORDER_SOON,MEDIUM,Stock 7 is below the reorder point 7.4 (lead-time demand 3.0 + safety stock 4.4)
BR002,MED333,Telmisartan 20mg (HealthAxis Pharma),Cardiovascular,4,0.616,1.551,5.046,0.3571,7,2.5,0.7766,weekly demand std / sqrt(7),0.95,3.38,5.88,10.88,7,REORDER_SOON,MEDIUM,Stock 4 is below the reorder point 5.9 (lead-time demand 2.5 + safety stock 3.4)
BR003,MED218,Omeprazole 20mg (LifeSpring Pharma),Gastrointestinal,5,1.475,2.953,7.607,0.3929,7,2.75,0.8435,weekly demand std / sqrt(7),0.95,3.67,6.42,11.92,7,REORDER_SOON,MEDIUM,Stock 5 is below the reorder point 6.4 (lead-time demand 2.8 + safety stock 3.7)
BR003,MED246,Pantoprazole 40mg (CarePlus Laboratories),Gastrointestinal,6,1.834,4.248,9.683,0.4286,7,3.0,0.8388,weekly demand std / sqrt(7),0.95,3.65,6.65,12.65,7,REORDER_SOON,MEDIUM,Stock 6 is below the reorder point 6.7 (lead-time demand 3.0 + safety stock 3.7)
BR003,MED313,Metoprolol 25mg (LifeSpring Pharma),Cardiovascular,5,0.869,1.861,5.032,0.3571,7,2.5,0.9301,weekly demand std / sqrt(7),0.95,4.05,6.55,11.55,7,REORDER_SOON,MEDIUM,Stock 5 is below the reorder point 6.5 (lead-time demand 2.5 + safety stock 4.0)
BR003,MED352,Gliclazide 40mg (NovaMed Laboratories),Antidiabetic,3,0.567,1.058,2.785,0.3214,7,2.25,0.7153,weekly demand std / sqrt(7),0.95,3.11,5.36,9.86,7,REORDER_SOON,MEDIUM,Stock 3 is below the reorder point 5.4 (lead-time demand 2.2 + safety stock 3.1)
BR003,MED421,Montelukast 10mg (LifeSpring Pharma),Respiratory,5,1.303,2.922,7.385,0.4286,7,3.0,0.661,weekly demand std / sqrt(7),0.95,2.88,5.88,11.88,7,REORDER_SOON,MEDIUM,Stock 5 is below the reorder point 5.9 (lead-time demand 3.0 + safety stock 2.9)
BR004,MED393,Metformin 1000mg (TrueLife Remedies),Antidiabetic,6,1.325,2.464,6.586,0.3929,7,2.75,0.9946,weekly demand std / sqrt(7),0.95,4.33,7.08,12.58,7,REORDER_SOON,MEDIUM,Stock 6 is below the reorder point 7.1 (lead-time demand 2.8 + safety stock 4.3)
BR005,MED098,Amoxicillin 250mg (NovaMed Laboratories),Antibiotics,6,2.121,4.822,11.27,0.4286,7,3.0,0.7824,weekly demand std / sqrt(7),0.95,3.4,6.4,12.4,7,REORDER_SOON,MEDIUM,Stock 6 is below the reorder point 6.4 (lead-time demand 3.0 + safety stock 3.4)
BR005,MED112,Azithromycin 250mg (ApexLife Pharma),Antibiotics,6,2.045,4.593,10.687,0.3929,7,2.75,0.8686,weekly demand std / sqrt(7),0.95,3.78,6.53,12.03,7,REORDER_SOON,MEDIUM,Stock 6 is below the reorder point 6.5 (lead-time demand 2.8 + safety stock 3.8)
BR005,MED321,Rosuvastatin 5mg (VitaCure Remedies),Cardiovascular,6,0.941,2.197,6.005,0.3929,7,2.75,0.8916,weekly demand std / sqrt(7),0.95,3.88,6.63,12.13,7,REORDER_SOON,MEDIUM,Stock 6 is below the reorder point 6.6 (lead-time demand 2.8 + safety stock 3.9)
BR005,MED373,Glimepiride + Metformin 2mg/500mg (Aarogya Formulations),Antidiabetic,6,1.151,2.403,6.054,0.4286,7,3.0,0.743,weekly demand std / sqrt(7),0.95,3.23,6.23,12.23,7,REORDER_SOON,MEDIUM,Stock 6 is below the reorder point 6.2 (lead-time demand 3.0 + safety stock 3.2)
BR001,MED149,Paracetamol 650mg (Aarogya Formulations),Antipyretics,5,1.411,3.115,7.126,0.2857,7,2.0,1.069,weekly demand std / sqrt(7),0.95,4.65,6.65,10.65,6,REORDER_SOON,MEDIUM,Stock 5 is below the reorder point 6.7 (lead-time demand 2.0 + safety stock 4.7)
BR002,MED190,Levocetirizine 5mg (Aarogya Formulations),Antihistamines,5,1.487,2.951,7.518,0.3571,7,2.5,0.6005,weekly demand std / sqrt(7),0.95,2.61,5.11,10.11,6,REORDER_SOON,MEDIUM,Stock 5 is below the reorder point 5.1 (lead-time demand 2.5 + safety stock 2.6)
BR002,MED194,Levocetirizine 5mg (NovaMed Laboratories),Antihistamines,6,1.66,3.208,8.101,0.3929,7,2.75,0.8523,weekly demand std / sqrt(7),0.95,3.71,6.46,11.96,6,REORDER_SOON,MEDIUM,Stock 6 is below the reorder point 6.5 (lead-time demand 2.8 + safety stock 3.7)
BR002,MED382,Metformin 500mg (CureLine Healthcare),Antidiabetic,6,1.337,2.658,7.52,0.3571,7,2.5,0.8142,weekly demand std / sqrt(7),0.95,3.54,6.04,11.04,6,REORDER_SOON,MEDIUM,Stock 6 is below the reorder point 6.0 (lead-time demand 2.5 + safety stock 3.5)
BR002,MED393,Metformin 1000mg (TrueLife Remedies),Antidiabetic,6,1.275,2.805,7.657,0.3571,7,2.5,0.9483,weekly demand std / sqrt(7),0.95,4.13,6.63,11.63,6,REORDER_SOON,MEDIUM,Stock 6 is below the reorder point 6.6 (lead-time demand 2.5 + safety stock 4.1)
BR002,MED394,Sitagliptin 100mg (BlueCrest Pharma),Antidiabetic,4,0.697,1.636,3.918,0.2857,7,2.0,0.7868,weekly demand std / sqrt(7),0.95,3.42,5.42,9.42,6,REORDER_SOON,MEDIUM,Stock 4 is below the reorder point 5.4 (lead-time demand 2.0 + safety stock 3.4)
BR003,MED231,Ondansetron 4mg (NovaMed Laboratories),Gastrointestinal,6,1.776,3.41,8.444,0.3571,7,2.5,0.8549,weekly demand std / sqrt(7),0.95,3.72,6.22,11.22,6,REORDER_SOON,MEDIUM,Stock 6 is below the reorder point 6.2 (lead-time demand 2.5 + safety stock 3.7)
BR003,MED334,Telmisartan 20mg (LifeSpring Pharma),Cardiovascular,6,1.007,2.194,5.833,0.3571,7,2.5,0.9401,weekly demand std / sqrt(7),0.95,4.09,6.59,11.59,6,REORDER_SOON,MEDIUM,Stock 6 is below the reorder point 6.6 (lead-time demand 2.5 + safety stock 4.1)
BR003,MED335,Telmisartan 20mg (Summit Lifesciences),Cardiovascular,5,0.881,1.987,5.21,0.3571,7,2.5,0.6935,weekly demand std / sqrt(7),0.95,3.02,5.52,10.52,6,REORDER_SOON,MEDIUM,Stock 5 is below the reorder point 5.5 (lead-time demand 2.5 + safety stock 3.0)
BR004,MED018,Vitamin D3 60000IU,Vitamins,5,1.512,3.195,8.016,0.3571,7,2.5,0.6826,weekly demand std / sqrt(7),0.95,2.97,5.47,10.47,6,REORDER_SOON,MEDIUM,Stock 5 is below the reorder point 5.5 (lead-time demand 2.5 + safety stock 3.0)
BR004,MED062,Diclofenac 50mg (TrueLife Remedies),Analgesics,4,0.808,1.887,4.515,0.3214,7,2.25,0.5805,weekly demand std / sqrt(7),0.95,2.53,4.78,9.28,6,REORDER_SOON,MEDIUM,Stock 4 is below the reorder point 4.8 (lead-time demand 2.2 + safety stock 2.5)
BR004,MED404,Sitagliptin 50mg (Summit Lifesciences),Antidiabetic,4,0.699,1.561,4.981,0.3214,7,2.25,0.7024,weekly demand std / sqrt(7),0.95,3.06,5.31,9.81,6,REORDER_SOON,MEDIUM,Stock 4 is below the reorder point 5.3 (lead-time demand 2.2 + safety stock 3.1)
BR001,MED216,Omeprazole 20mg (CureLine Healthcare),Gastrointestinal,3,0.643,1.488,3.836,0.25,7,1.75,0.4899,weekly demand std / sqrt(7),0.95,2.13,3.88,7.38,5,REORDER_SOON,MEDIUM,Stock 3 is below the reorder point 3.9 (lead-time demand 1.8 + safety stock 2.1)
BR001,MED221,Omeprazole 40mg,Gastrointestinal,3,0.585,1.497,3.878,0.25,7,1.75,0.47,weekly demand std / sqrt(7),0.95,2.05,3.8,7.3,5,REORDER_SOON,MEDIUM,Stock 3 is below the reorder point 3.8 (lead-time demand 1.8 + safety stock 2.0)
BR001,MED225,Omeprazole 40mg (TrueLife Remedies),Gastrointestinal,3,0.64,1.429,3.668,0.2143,7,1.5,0.6421,weekly demand std / sqrt(7),0.95,2.79,4.29,7.29,5,REORDER_SOON,MEDIUM,Stock 3 is below the reorder point 4.3 (lead-time demand 1.5 + safety stock 2.8)
BR001,MED238,Ondansetron 8mg (VitaCure Remedies),Gastrointestinal,4,0.949,1.987,4.754,0.25,7,1.75,0.6545,weekly demand std / sqrt(7),0.95,2.85,4.6,8.1,5,REORDER_SOON,MEDIUM,Stock 4 is below the reorder point 4.6 (lead-time demand 1.8 + safety stock 2.8)
BR001,MED313,Metoprolol 25mg (LifeSpring Pharma),Cardiovascular,5,0.656,1.349,3.559,0.2857,7,2.0,0.7323,weekly demand std / sqrt(7),0.95,3.19,5.19,9.19,5,REORDER_SOON,MEDIUM,Stock 5 is below the reorder point 5.2 (lead-time demand 2.0 + safety stock 3.2)
BR001,MED374,Glimepiride + Metformin 2mg/500mg (Stellar Formulations),Antidiabetic,7,1.343,2.603,6.028,0.2857,7,2.0,1.1678,weekly demand std / sqrt(7),0.95,5.08,7.08,11.08,5,REORDER_SOON,MEDIUM,Stock 7 is below the reorder point 7.1 (lead-time demand 2.0 + safety stock 5.1)
BR003,MED384,Metformin 500mg (TrueLife Remedies),Antidiabetic,5,0.933,2.323,5.807,0.2857,7,2.0,0.7952,weekly demand std / sqrt(7),0.95,3.46,5.46,9.46,5,REORDER_SOON,MEDIUM,Stock 5 is below the reorder point 5.5 (lead-time demand 2.0 + safety stock 3.5)
BR001,MED067,Ibuprofen 400mg (Aarogya Formulations),Analgesics,3,0.54,1.143,2.702,0.1786,7,1.25,0.5749,weekly demand std / sqrt(7),0.95,2.5,3.75,6.25,4,REORDER_SOON,MEDIUM,Stock 3 is below the reorder point 3.8 (lead-time demand 1.2 + safety stock 2.5)
BR002,MED493,Ketoconazole Shampoo 2% (Aarogya Formulations),Dermatological,3,0.687,1.575,3.775,0.2143,7,1.5,0.3598,weekly demand std / sqrt(7),0.95,1.57,3.07,6.07,4,REORDER_SOON,MEDIUM,Stock 3 is below the reorder point 3.1 (lead-time demand 1.5 + safety stock 1.6)
BR003,MED147,Mefenamic Acid 500mg (TrueLife Remedies),Antipyretics,4,0.678,1.698,4.548,0.25,7,1.75,0.5337,weekly demand std / sqrt(7),0.95,2.32,4.07,7.57,4,REORDER_SOON,MEDIUM,Stock 4 is below the reorder point 4.1 (lead-time demand 1.8 + safety stock 2.3)
BR004,MED462,Vitamin C Chewable 500mg (ApexLife Pharma),Vitamins,4,0.831,1.739,4.821,0.1786,7,1.25,0.7583,weekly demand std / sqrt(7),0.95,3.3,4.55,7.05,4,REORDER_SOON,MEDIUM,Stock 4 is below the reorder point 4.5 (lead-time demand 1.2 + safety stock 3.3)
BR005,MED066,Diclofenac 100mg (VitaCure Remedies),Analgesics,4,0.865,1.947,4.461,0.1786,7,1.25,0.7715,weekly demand std / sqrt(7),0.95,3.36,4.61,7.11,4,REORDER_SOON,MEDIUM,Stock 4 is below the reorder point 4.6 (lead-time demand 1.2 + safety stock 3.4)
BR005,MED143,Mefenamic Acid 500mg (LifeSpring Pharma),Antipyretics,3,0.521,1.174,3.114,0.2143,7,1.5,0.4143,weekly demand std / sqrt(7),0.95,1.8,3.3,6.3,4,REORDER_SOON,MEDIUM,Stock 3 is below the reorder point 3.3 (lead-time demand 1.5 + safety stock 1.8)
BR005,MED271,Aspirin 75mg (ApexLife Pharma),Cardiovascular,4,0.518,0.833,2.663,0.25,7,1.75,0.6071,weekly demand std / sqrt(7),0.95,2.64,4.39,7.89,4,REORDER_SOON,MEDIUM,Stock 4 is below the reorder point 4.4 (lead-time demand 1.8 + safety stock 2.6)
BR005,MED394,Sitagliptin 100mg (BlueCrest Pharma),Antidiabetic,3,0.397,0.868,2.067,0.1429,7,1.0,0.7153,weekly demand std / sqrt(7),0.95,3.11,4.11,6.11,4,REORDER_SOON,MEDIUM,Stock 3 is below the reorder point 4.1 (lead-time demand 1.0 + safety stock 3.1)
BR001,MED111,Azithromycin 250mg,Antibiotics,4,0.618,1.232,2.914,0.1786,7,1.25,0.6442,weekly demand std / sqrt(7),0.95,2.8,4.05,6.55,3,REORDER_SOON,MEDIUM,Stock 4 is below the reorder point 4.1 (lead-time demand 1.2 + safety stock 2.8)
BR001,MED335,Telmisartan 20mg (Summit Lifesciences),Cardiovascular,4,0.478,1.1,2.942,0.1429,7,1.0,0.7031,weekly demand std / sqrt(7),0.95,3.06,4.06,6.06,3,REORDER_SOON,MEDIUM,Stock 4 is below the reorder point 4.1 (lead-time demand 1.0 + safety stock 3.1)
BR004,MED231,Ondansetron 4mg (NovaMed Laboratories),Gastrointestinal,4,0.816,1.803,3.885,0.1786,7,1.25,0.713,weekly demand std / sqrt(7),0.95,3.1,4.35,6.85,3,REORDER_SOON,MEDIUM,Stock 4 is below the reorder point 4.4 (lead-time demand 1.2 + safety stock 3.1)
BR005,MED023,Naproxen 250mg,Analgesics,3,0.595,1.312,3.325,0.1786,7,1.25,0.434,weekly demand std / sqrt(7),0.95,1.89,3.14,5.64,3,REORDER_SOON,MEDIUM,Stock 3 is below the reorder point 3.1 (lead-time demand 1.2 + safety stock 1.9)
BR005,MED087,Naproxen 500mg (LifeSpring Pharma),Analgesics,3,0.483,1.163,2.779,0.1429,7,1.0,0.5531,weekly demand std / sqrt(7),0.95,2.41,3.41,5.41,3,REORDER_SOON,MEDIUM,Stock 3 is below the reorder point 3.4 (lead-time demand 1.0 + safety stock 2.4)
BR002,MED103,Amoxicillin + Clavulanic Acid 625mg (Stellar Formulations),Antibiotics,3,0.332,0.756,1.834,0.0714,7,0.5,0.6347,weekly demand std / sqrt(7),0.95,2.76,3.26,4.26,2,REORDER_SOON,MEDIUM,Stock 3 is below the reorder point 3.3 (lead-time demand 0.5 + safety stock 2.8)
BR005,MED212,Loperamide 2mg (BlueCrest Pharma),Gastrointestinal,3,0.55,1.207,2.838,0.1071,7,0.75,0.6319,weekly demand std / sqrt(7),0.95,2.75,3.5,5.0,2,REORDER_SOON,MEDIUM,Stock 3 is below the reorder point 3.5 (lead-time demand 0.8 + safety stock 2.8)
BR001,MED006,Paracetamol Suspension 250mg/5ml,Antipyretics,14,1.661,3.048,8.178,0.3929,7,2.75,0.6249,weekly demand std / sqrt(7),0.95,2.72,5.47,10.97,0,NO_REORDER,LOW,Stock 14 is at or above the reorder point 5.5
BR001,MED008,Fexofenadine 120mg,Antihistamines,23,0.98,2.262,5.007,0.14,7,0.98,0.2844,weekly demand std / sqrt(7),0.95,1.24,2.22,4.18,0,NO_REORDER,LOW,Stock 23 is at or above the reorder point 2.2
BR001,MED010,Ondansetron 4mg,Gastrointestinal,12,0.672,1.483,3.462,0.1786,7,1.25,0.4772,weekly demand std / sqrt(7),0.95,2.08,3.33,5.83,0,NO_REORDER,LOW,Stock 12 is at or above the reorder point 3.3
BR001,MED011,Amlodipine 5mg,Cardiovascular,180,55.463,113.807,247.634,7.9233,7,55.46,3.7418,weekly demand std / sqrt(7),0.95,16.28,71.75,182.67,0,NO_REORDER,LOW,Stock 180 is at or above the reorder point 71.7
BR001,MED012,Atorvastatin 10mg,Cardiovascular,88,32.334,63.778,137.562,4.6191,7,32.33,3.852,weekly demand std / sqrt(7),0.95,16.76,49.1,113.77,0,NO_REORDER,LOW,Stock 88 is at or above the reorder point 49.1
BR001,MED013,Metformin 500mg,Antidiabetic,52,30.772,61.061,141.638,4.9643,7,34.75,3.0267,weekly demand std / sqrt(7),0.95,13.17,47.92,117.42,0,NO_REORDER,LOW,Stock 52 is at or above the reorder point 47.9
BR001,MED014,Glimepiride 2mg,Antidiabetic,35,20.531,42.146,91.286,3.2143,7,22.5,2.513,weekly demand std / sqrt(7),0.95,10.94,33.44,78.44,0,NO_REORDER,LOW,Stock 35 is at or above the reorder point 33.4
BR001,MED015,Ambroxol + Levosalbutamol Syrup 100ml,Respiratory,25,15.333,30.569,64.973,2.3214,7,16.25,1.5729,weekly demand std / sqrt(7),0.95,6.85,23.1,55.6,0,NO_REORDER,LOW,Stock 25 is at or above the reorder point 23.1
BR001,MED016,Salbutamol Inhaler 100mcg,Respiratory,11,0.634,1.461,3.594,0.1071,7,0.75,0.2445,weekly demand std / sqrt(7),0.95,1.06,1.81,3.31,0,NO_REORDER,LOW,Stock 11 is at or above the reorder point 1.8
BR001,MED017,Vitamin C Chewable 500mg,Vitamins,35,8.848,16.549,39.962,1.264,7,8.85,2.2752,weekly demand std / sqrt(7),0.95,9.9,18.75,36.45,0,NO_REORDER,LOW,Stock 35 is at or above the reorder point 18.7
BR001,MED018,Vitamin D3 60000IU,Vitamins,6,1.074,2.197,5.576,0.2857,7,2.0,0.5485,weekly demand std / sqrt(7),0.95,2.39,4.39,8.39,0,NO_REORDER,LOW,Stock 6 is at or above the reorder point 4.4
BR001,MED020,Mupirocin Ointment 2%,Dermatological,25,1.552,3.29,7.713,0.25,7,1.75,0.8771,weekly demand std / sqrt(7),0.95,3.82,5.57,9.07,0,NO_REORDER,LOW,Stock 25 is at or above the reorder point 5.6
BR001,MED021,Ibuprofen 400mg,Analgesics,24,6.444,13.691,31.262,0.9286,7,6.5,1.2361,weekly demand std / sqrt(7),0.95,5.38,11.88,24.88,0,NO_REORDER,LOW,Stock 24 is at or above the reorder point 11.9
BR001,MED022,Aceclofenac + Paracetamol 100mg/325mg,Analgesics,17,3.786,8.736,19.096,0.5714,7,4.0,0.6892,weekly demand std / sqrt(7),0.95,3.0,7.0,15.0,0,NO_REORDER,LOW,Stock 17 is at or above the reorder point 7.0
BR001,MED023,Naproxen 250mg,Analgesics,12,0.506,1.151,2.613,0.0723,7,0.51,0.4098,weekly demand std / sqrt(7),0.95,1.78,2.29,3.3,0,NO_REORDER,LOW,Stock 12 is at or above the reorder point 2.3
BR001,MED024,Cefixime 200mg,Antibiotics,37,7.868,16.244,35.596,1.124,7,7.87,1.3458,weekly demand std / sqrt(7),0.95,5.86,13.72,29.46,0,NO_REORDER,LOW,Stock 37 is at or above the reorder point 13.7
BR001,MED025,Ciprofloxacin 500mg,Antibiotics,10,1.484,3.134,7.301,0.2857,7,2.0,1.1461,weekly demand std / sqrt(7),0.95,4.99,6.99,10.99,0,NO_REORDER,LOW,Stock 10 is at or above the reorder point 7.0
BR001,MED026,Doxycycline 100mg,Antibiotics,19,0.796,1.822,4.474,0.1137,7,0.8,0.713,weekly demand std / sqrt(7),0.95,3.1,3.9,5.49,0,NO_REORDER,LOW,Stock 19 is at or above the reorder point 3.9
BR001,MED027,Amoxicillin + Clavulanic Acid 625mg,Antibiotics,13,3.749,7.804,17.422,0.6429,7,4.5,1.0931,weekly demand std / sqrt(7),0.95,4.76,9.26,18.26,0,NO_REORDER,LOW,Stock 13 is at or above the reorder point 9.3
BR001,MED028,Mefenamic Acid 250mg,Antipyretics,19,1.123,2.29,5.303,0.1604,7,1.12,0.5427,weekly demand std / sqrt(7),0.95,2.36,3.48,5.73,0,NO_REORDER,LOW,Stock 19 is at or above the reorder point 3.5
BR001,MED029,Paracetamol Drops 100mg/ml,Antipyretics,13,1.073,2.167,4.977,0.1533,7,1.07,0.4728,weekly demand std / sqrt(7),0.95,2.06,3.13,5.28,0,NO_REORDER,LOW,Stock 13 is at or above the reorder point 3.1
BR001,MED030,Levocetirizine 5mg,Antihistamines,11,2.332,5.086,12.369,0.4286,7,3.0,0.8584,weekly demand std / sqrt(7),0.95,3.74,6.74,12.74,0,NO_REORDER,LOW,Stock 11 is at or above the reorder point 6.7
BR001,MED031,Montelukast + Levocetirizine 10mg/5mg,Antihistamines,32,14.005,29.005,65.299,2.1429,7,15.0,1.3977,weekly demand std / sqrt(7),0.95,6.08,21.08,51.08,0,NO_REORDER,LOW,Stock 32 is at or above the reorder point 21.1
BR001,MED032,Chlorpheniramine 4mg,Antihistamines,9,1.311,2.914,6.988,0.2143,7,1.5,0.4526,weekly demand std / sqrt(7),0.95,1.97,3.47,6.47,0,NO_REORDER,LOW,Stock 9 is at or above the reorder point 3.5
BR001,MED033,Omeprazole 20mg,Gastrointestinal,54,35.658,73.341,157.592,5.5357,7,38.75,3.0191,weekly demand std / sqrt(7),0.95,13.14,51.89,129.39,0,NO_REORDER,LOW,Stock 54 is at or above the reorder point 51.9
BR001,MED034,Domperidone 10mg,Gastrointestinal,52,19.5,38.269,82.655,2.8214,7,19.75,2.1046,weekly demand std / sqrt(7),0.95,9.16,28.91,68.41,0,NO_REORDER,LOW,Stock 52 is at or above the reorder point 28.9
BR001,MED035,ORS Powder 21.8g,Gastrointestinal,18,4.394,9.3,20.51,0.7143,7,5.0,1.513,weekly demand std / sqrt(7),0.95,6.58,11.58,21.58,0,NO_REORDER,LOW,Stock 18 is at or above the reorder point 11.6
BR001,MED036,Loperamide 2mg,Gastrointestinal,15,0.671,1.421,3.415,0.0959,7,0.67,0.432,weekly demand std / sqrt(7),0.95,1.88,2.55,3.89,0,NO_REORDER,LOW,Stock 15 is at or above the reorder point 2.6
BR001,MED037,Telmisartan 40mg,Cardiovascular,192,70.754,145.097,314.115,10.5714,7,74.0,4.5122,weekly demand std / sqrt(7),0.95,19.64,93.64,241.64,0,NO_REORDER,LOW,Stock 192 is at or above the reorder point 93.6
BR001,MED041,Clopidogrel 75mg,Cardiovascular,10,0.63,1.221,2.683,0.09,7,0.63,0.5705,weekly demand std / sqrt(7),0.95,2.48,3.11,4.37,0,NO_REORDER,LOW,Stock 10 is at or above the reorder point 3.1
BR001,MED042,Aspirin 75mg,Cardiovascular,42,12.447,25.793,59.139,2.2143,7,15.5,1.9743,weekly demand std / sqrt(7),0.95,8.59,24.09,55.09,0,NO_REORDER,LOW,Stock 42 is at or above the reorder point 24.1
BR001,MED043,Glimepiride + Metformin 2mg/500mg,Antidiabetic,81,36.154,71.197,157.056,5.1649,7,36.15,2.9592,weekly demand std / sqrt(7),0.95,12.88,49.03,121.34,0,NO_REORDER,LOW,Stock 81 is at or above the reorder point 49.0
BR001,MED044,Sitagliptin 100mg,Antidiabetic,15,1.705,4.137,8.934,0.25,7,1.75,0.8334,weekly demand std / sqrt(7),0.95,3.63,5.38,8.88,0,NO_REORDER,LOW,Stock 15 is at or above the reorder point 5.4
BR001,MED045,Gliclazide 80mg,Antidiabetic,12,0.714,1.544,3.559,0.102,7,0.71,0.5523,weekly demand std / sqrt(7),0.95,2.4,3.12,4.55,0,NO_REORDER,LOW,Stock 12 is at or above the reorder point 3.1
BR001,MED046,Montelukast 10mg,Respiratory,26,8.381,17.164,37.124,1.3571,7,9.5,1.3894,weekly demand std / sqrt(7),0.95,6.05,15.55,34.55,0,NO_REORDER,LOW,Stock 26 is at or above the reorder point 15.5
BR001,MED047,Budesonide Inhaler 200mcg,Respiratory,15,1.07,2.316,4.965,0.1529,7,1.07,0.3261,weekly demand std / sqrt(7),0.95,1.42,2.49,4.63,0,NO_REORDER,LOW,Stock 15 is at or above the reorder point 2.5
BR001,MED048,Dextromethorphan Syrup 100ml,Respiratory,33,14.88,29.946,62.796,2.1786,7,15.25,1.5203,weekly demand std / sqrt(7),0.95,6.62,21.87,52.37,0,NO_REORDER,LOW,Stock 33 is at or above the reorder point 21.9
BR001,MED050,Calcium + Vitamin D3 500mg/250IU,Vitamins,6,1.517,2.901,7.012,0.3214,7,2.25,0.7658,weekly demand std / sqrt(7),0.95,3.33,5.58,10.08,0,NO_REORDER,LOW,Stock 6 is at or above the reorder point 5.6
BR001,MED051,Iron + Folic Acid 100mg/500mcg,Vitamins,6,0.601,1.25,3.297,0.1071,7,0.75,0.5923,weekly demand std / sqrt(7),0.95,2.58,3.33,4.83,0,NO_REORDER,LOW,Stock 6 is at or above the reorder point 3.3
BR001,MED052,Hydrocortisone Cream 1%,Dermatological,15,1.06,2.16,5.205,0.1786,7,1.25,0.3857,weekly demand std / sqrt(7),0.95,1.68,2.93,5.43,0,NO_REORDER,LOW,Stock 15 is at or above the reorder point 2.9
BR001,MED053,Fusidic Acid Cream 2%,Dermatological,12,0.876,1.767,4.224,0.1429,7,1.0,0.414,weekly demand std / sqrt(7),0.95,1.8,2.8,4.8,0,NO_REORDER,LOW,Stock 12 is at or above the reorder point 2.8
BR001,MED054,Calamine Lotion 100ml,Dermatological,11,0.696,1.443,3.355,0.0994,7,0.7,0.4398,weekly demand std / sqrt(7),0.95,1.91,2.61,4.0,0,NO_REORDER,LOW,Stock 11 is at or above the reorder point 2.6
BR001,MED055,Ketoconazole Shampoo 2%,Dermatological,15,0.942,1.947,4.308,0.1429,7,1.0,0.7489,weekly demand std / sqrt(7),0.95,3.26,4.26,6.26,0,NO_REORDER,LOW,Stock 15 is at or above the reorder point 4.3
BR001,MED056,Aceclofenac + Paracetamol 100mg/325mg (HealthAxis Pharma),Analgesics,8,0.779,1.766,4.083,0.1429,7,1.0,0.465,weekly demand std / sqrt(7),0.95,2.02,3.02,5.02,0,NO_REORDER,LOW,Stock 8 is at or above the reorder point 3.0
BR001,MED057,Aceclofenac + Paracetamol 100mg/325mg (LifeSpring Pharma),Analgesics,13,0.497,1.129,2.795,0.071,7,0.5,0.4728,weekly demand std / sqrt(7),0.95,2.06,2.55,3.55,0,NO_REORDER,LOW,Stock 13 is at or above the reorder point 2.6
BR001,MED058,Aceclofenac + Paracetamol 100mg/325mg (VitaCure Remedies),Analgesics,14,3.455,7.259,16.208,0.5357,7,3.75,1.257,weekly demand std / sqrt(7),0.95,5.47,9.22,16.72,0,NO_REORDER,LOW,Stock 14 is at or above the reorder point 9.2
BR001,MED059,Diclofenac 50mg (Aarogya Formulations),Analgesics,9,0.66,1.415,3.789,0.1071,7,0.75,0.5069,weekly demand std / sqrt(7),0.95,2.21,2.96,4.46,0,NO_REORDER,LOW,Stock 9 is at or above the reorder point 3.0
BR001,MED060,Diclofenac 50mg (CarePlus Laboratories),Analgesics,56,9.544,20.024,43.282,1.3634,7,9.54,1.3854,weekly demand std / sqrt(7),0.95,6.03,15.57,34.66,0,NO_REORDER,LOW,Stock 56 is at or above the reorder point 15.6
BR001,MED061,Diclofenac 50mg (Stellar Formulations),Analgesics,16,0.673,1.393,3.308,0.0961,7,0.67,0.7996,weekly demand std / sqrt(7),0.95,3.48,4.15,5.5,0,NO_REORDER,LOW,Stock 16 is at or above the reorder point 4.2
BR001,MED062,Diclofenac 50mg (TrueLife Remedies),Analgesics,13,0.816,1.84,4.141,0.1786,7,1.25,0.661,weekly demand std / sqrt(7),0.95,2.88,4.13,6.63,0,NO_REORDER,LOW,Stock 13 is at or above the reorder point 4.1
BR001,MED063,Diclofenac 50mg (VitaCure Remedies),Analgesics,26,6.121,13.061,29.308,0.8744,7,6.12,0.7252,weekly demand std / sqrt(7),0.95,3.16,9.28,21.52,0,NO_REORDER,LOW,Stock 26 is at or above the reorder point 9.3
BR001,MED064,Diclofenac 100mg,Analgesics,14,2.817,5.973,13.032,0.75,7,5.25,0.94,weekly demand std / sqrt(7),0.95,4.09,9.34,19.84,0,NO_REORDER,LOW,Stock 14 is at or above the reorder point 9.3
BR001,MED065,Diclofenac 100mg (CureLine Healthcare),Analgesics,12,0.747,1.691,3.696,0.1071,7,0.75,0.617,weekly demand std / sqrt(7),0.95,2.69,3.44,4.94,0,NO_REORDER,LOW,Stock 12 is at or above the reorder point 3.4
BR001,MED068,Ibuprofen 400mg (CureLine Healthcare),Analgesics,7,0.719,1.669,3.776,0.1429,7,1.0,0.6064,weekly demand std / sqrt(7),0.95,2.64,3.64,5.64,0,NO_REORDER,LOW,Stock 7 is at or above the reorder point 3.6
BR001,MED069,Ibuprofen 400mg (HealthAxis Pharma),Analgesics,18,4.411,9.776,22.236,0.6786,7,4.75,1.1567,weekly demand std / sqrt(7),0.95,5.03,9.78,19.28,0,NO_REORDER,LOW,Stock 18 is at or above the reorder point 9.8
BR001,MED070,Ibuprofen 400mg (NovaMed Laboratories),Analgesics,46,8.925,18.819,39.829,1.275,7,8.93,1.4861,weekly demand std / sqrt(7),0.95,6.47,15.39,33.24,0,NO_REORDER,LOW,Stock 46 is at or above the reorder point 15.4
BR001,MED071,Ibuprofen 400mg (Stellar Formulations),Analgesics,27,3.357,6.185,14.642,0.4796,7,3.36,0.5782,weekly demand std / sqrt(7),0.95,2.52,5.87,12.59,0,NO_REORDER,LOW,Stock 27 is at or above the reorder point 5.9
BR001,MED072,Ibuprofen 400mg (VitaCure Remedies),Analgesics,10,0.73,1.716,4.008,0.1429,7,1.0,0.6255,weekly demand std / sqrt(7),0.95,2.72,3.72,5.72,0,NO_REORDER,LOW,Stock 10 is at or above the reorder point 3.7
BR001,MED073,Ibuprofen 200mg,Analgesics,14,6.378,13.77,31.393,1.1786,7,8.25,1.1224,weekly demand std / sqrt(7),0.95,4.88,13.13,29.63,0,NO_REORDER,LOW,Stock 14 is at or above the reorder point 13.1
BR001,MED074,Ibuprofen 200mg (LifeSpring Pharma),Analgesics,8,0.49,1.042,2.678,0.07,7,0.49,0.4811,weekly demand std / sqrt(7),0.95,2.09,2.58,3.56,0,NO_REORDER,LOW,Stock 8 is at or above the reorder point 2.6
BR001,MED075,Ibuprofen 200mg (Summit Lifesciences),Analgesics,11,2.204,4.735,10.1,0.6071,7,4.25,0.8787,weekly demand std / sqrt(7),0.95,3.82,8.07,16.57,0,NO_REORDER,LOW,Stock 11 is at or above the reorder point 8.1
BR001,MED076,Ibuprofen 200mg (TrueLife Remedies),Analgesics,17,7.108,15.042,33.295,1.2143,7,8.5,1.1067,weekly demand std / sqrt(7),0.95,4.82,13.32,30.32,0,NO_REORDER,LOW,Stock 17 is at or above the reorder point 13.3
BR001,MED077,Ibuprofen 200mg (VitaCure Remedies),Analgesics,11,0.678,1.57,4.199,0.1071,7,0.75,0.4818,weekly demand std / sqrt(7),0.95,2.1,2.85,4.35,0,NO_REORDER,LOW,Stock 11 is at or above the reorder point 2.8
BR001,MED079,Ibuprofen 600mg (BlueCrest Pharma),Analgesics,20,5.877,12.307,27.852,0.9286,7,6.5,1.328,weekly demand std / sqrt(7),0.95,5.78,12.28,25.28,0,NO_REORDER,LOW,Stock 20 is at or above the reorder point 12.3
BR001,MED080,Ibuprofen 600mg (HealthAxis Pharma),Analgesics,12,1.109,2.67,5.932,0.1786,7,1.25,0.5077,weekly demand std / sqrt(7),0.95,2.21,3.46,5.96,0,NO_REORDER,LOW,Stock 12 is at or above the reorder point 3.5
BR001,MED081,Ibuprofen 600mg (NovaMed Laboratories),Analgesics,18,6.455,13.128,29.128,1.0714,7,7.5,1.3866,weekly demand std / sqrt(7),0.95,6.03,13.53,28.53,0,NO_REORDER,LOW,Stock 18 is at or above the reorder point 13.5
BR001,MED082,Naproxen 250mg (CureLine Healthcare),Analgesics,40,15.615,29.789,67.866,2.3214,7,16.25,1.6211,weekly demand std / sqrt(7),0.95,7.05,23.3,55.8,0,NO_REORDER,LOW,Stock 40 is at or above the reorder point 23.3
BR001,MED084,Naproxen 250mg (VitaCure Remedies),Analgesics,31,8.073,17.151,38.071,1.25,7,8.75,1.361,weekly demand std / sqrt(7),0.95,5.92,14.67,32.17,0,NO_REORDER,LOW,Stock 31 is at or above the reorder point 14.7
BR001,MED085,Naproxen 500mg,Analgesics,14,0.663,1.446,3.476,0.1071,7,0.75,0.4266,weekly demand std / sqrt(7),0.95,1.86,2.61,4.11,0,NO_REORDER,LOW,Stock 14 is at or above the reorder point 2.6
BR001,MED086,Naproxen 500mg (CarePlus Laboratories),Analgesics,173,61.184,124.606,267.802,9.3214,7,65.25,3.7884,weekly demand std / sqrt(7),0.95,16.49,81.74,212.24,0,NO_REORDER,LOW,Stock 173 is at or above the reorder point 81.7
BR001,MED087,Naproxen 500mg (LifeSpring Pharma),Analgesics,14,0.827,1.946,4.531,0.1429,7,1.0,0.4418,weekly demand std / sqrt(7),0.95,1.92,2.92,4.92,0,NO_REORDER,LOW,Stock 14 is at or above the reorder point 2.9
BR001,MED088,Naproxen 500mg (NovaMed Laboratories),Analgesics,13,0.432,0.925,2.217,0.0617,7,0.43,0.3419,weekly demand std / sqrt(7),0.95,1.49,1.92,2.78,0,NO_REORDER,LOW,Stock 13 is at or above the reorder point 1.9
BR001,MED089,Paracetamol 500mg (Aarogya Formulations),Analgesics,6,1.176,2.479,5.806,0.2857,7,2.0,0.713,weekly demand std / sqrt(7),0.95,3.1,5.1,9.1,0,NO_REORDER,LOW,Stock 6 is at or above the reorder point 5.1
BR001,MED090,Paracetamol 500mg (CarePlus Laboratories),Analgesics,12,3.447,7.614,16.347,0.5357,7,3.75,0.9139,weekly demand std / sqrt(7),0.95,3.98,7.73,15.23,0,NO_REORDER,LOW,Stock 12 is at or above the reorder point 7.7
BR001,MED091,Paracetamol 500mg (HealthAxis Pharma),Analgesics,32,16.525,32.911,73.584,2.6071,7,18.25,1.4796,weekly demand std / sqrt(7),0.95,6.44,24.69,61.19,0,NO_REORDER,LOW,Stock 32 is at or above the reorder point 24.7
BR001,MED092,Paracetamol 500mg (LifeSpring Pharma),Analgesics,10,1.327,2.763,6.777,0.3214,7,2.25,0.9316,weekly demand std / sqrt(7),0.95,4.05,6.3,10.8,0,NO_REORDER,LOW,Stock 10 is at or above the reorder point 6.3
BR001,MED093,Paracetamol 250mg,Analgesics,20,0.852,1.858,4.761,0.1217,7,0.85,0.2016,weekly demand std / sqrt(7),0.95,0.88,1.73,3.43,0,NO_REORDER,LOW,Stock 20 is at or above the reorder point 1.7
BR001,MED094,Paracetamol 250mg (Stellar Formulations),Analgesics,17,2.403,5.376,11.967,0.3929,7,2.75,0.7252,weekly demand std / sqrt(7),0.95,3.16,5.91,11.41,0,NO_REORDER,LOW,Stock 17 is at or above the reorder point 5.9
BR001,MED096,Amoxicillin 250mg (CureLine Healthcare),Antibiotics,12,5.163,10.65,24.112,0.8571,7,6.0,1.1197,weekly demand std / sqrt(7),0.95,4.87,10.87,22.87,0,NO_REORDER,LOW,Stock 12 is at or above the reorder point 10.9
BR001,MED097,Amoxicillin 250mg (LifeSpring Pharma),Antibiotics,18,5.385,11.707,25.346,1.1071,7,7.75,1.4577,weekly demand std / sqrt(7),0.95,6.34,14.09,29.59,0,NO_REORDER,LOW,Stock 18 is at or above the reorder point 14.1
BR001,MED098,Amoxicillin 250mg (NovaMed Laboratories),Antibiotics,20,3.194,6.702,14.427,0.4563,7,3.19,0.8865,weekly demand std / sqrt(7),0.95,3.86,7.05,13.44,0,NO_REORDER,LOW,Stock 20 is at or above the reorder point 7.1
BR001,MED099,Amoxicillin 250mg (Stellar Formulations),Antibiotics,12,0.882,1.806,3.722,0.126,7,0.88,0.432,weekly demand std / sqrt(7),0.95,1.88,2.76,4.53,0,NO_REORDER,LOW,Stock 12 is at or above the reorder point 2.8
BR001,MED100,Amoxicillin 250mg (TrueLife Remedies),Antibiotics,15,1.236,2.679,6.132,0.25,7,1.75,0.4781,weekly demand std / sqrt(7),0.95,2.08,3.83,7.33,0,NO_REORDER,LOW,Stock 15 is at or above the reorder point 3.8
BR001,MED101,Amoxicillin + Clavulanic Acid 625mg (CureLine Healthcare),Antibiotics,9,0.526,1.141,2.656,0.0751,7,0.53,0.2875,weekly demand std / sqrt(7),0.95,1.25,1.78,2.83,0,NO_REORDER,LOW,Stock 9 is at or above the reorder point 1.8
BR001,MED102,Amoxicillin + Clavulanic Acid 625mg (HealthAxis Pharma),Antibiotics,10,2.706,5.344,11.001,0.6071,7,4.25,0.7093,weekly demand std / sqrt(7),0.95,3.09,7.34,15.84,0,NO_REORDER,LOW,Stock 10 is at or above the reorder point 7.3
BR001,MED103,Amoxicillin + Clavulanic Acid 625mg (Stellar Formulations),Antibiotics,8,0.954,1.992,4.635,0.1786,7,1.25,0.6297,weekly demand std / sqrt(7),0.95,2.74,3.99,6.49,0,NO_REORDER,LOW,Stock 8 is at or above the reorder point 4.0
BR001,MED105,Amoxicillin + Clavulanic Acid 375mg (NovaMed Laboratories),Antibiotics,37,17.295,30.401,68.642,2.4707,7,17.3,2.1083,weekly demand std / sqrt(7),0.95,9.18,26.47,61.06,0,NO_REORDER,LOW,Stock 37 is at or above the reorder point 26.5
BR001,MED106,Amoxicillin + Clavulanic Acid 375mg (Summit Lifesciences),Antibiotics,10,1.195,2.481,5.752,0.2143,7,1.5,0.8195,weekly demand std / sqrt(7),0.95,3.57,5.07,8.07,0,NO_REORDER,LOW,Stock 10 is at or above the reorder point 5.1
BR001,MED110,Azithromycin 500mg (VitaCure Remedies),Antibiotics,7,0.415,0.885,2.021,0.0593,7,0.42,0.3706,weekly demand std / sqrt(7),0.95,1.61,2.03,2.86,0,NO_REORDER,LOW,Stock 7 is at or above the reorder point 2.0
BR001,MED112,Azithromycin 250mg (ApexLife Pharma),Antibiotics,16,1.353,2.676,6.486,0.2143,7,1.5,0.8111,weekly demand std / sqrt(7),0.95,3.53,5.03,8.03,0,NO_REORDER,LOW,Stock 16 is at or above the reorder point 5.0
BR001,MED113,Azithromycin 250mg (BlueCrest Pharma),Antibiotics,94,40.265,80.956,174.747,5.8929,7,41.25,2.8646,weekly demand std / sqrt(7),0.95,12.47,53.72,136.22,0,NO_REORDER,LOW,Stock 94 is at or above the reorder point 53.7
BR001,MED114,Azithromycin 250mg (CarePlus Laboratories),Antibiotics,17,2.108,4.273,9.523,0.3214,7,2.25,0.7066,weekly demand std / sqrt(7),0.95,3.08,5.33,9.83,0,NO_REORDER,LOW,Stock 17 is at or above the reorder point 5.3
BR001,MED115,Azithromycin 250mg (CureLine Healthcare),Antibiotics,9,2.045,3.833,9.164,0.2921,7,2.04,0.537,weekly demand std / sqrt(7),0.95,2.34,4.38,8.47,0,NO_REORDER,LOW,Stock 9 is at or above the reorder point 4.4
BR001,MED118,Azithromycin 250mg (NovaMed Laboratories),Antibiotics,6,0.954,1.991,5.147,0.25,7,1.75,0.5713,weekly demand std / sqrt(7),0.95,2.49,4.24,7.74,0,NO_REORDER,LOW,Stock 6 is at or above the reorder point 4.2
BR001,MED119,Azithromycin 250mg (TrueLife Remedies),Antibiotics,14,0.719,1.605,3.787,0.1071,7,0.75,0.4408,weekly demand std / sqrt(7),0.95,1.92,2.67,4.17,0,NO_REORDER,LOW,Stock 14 is at or above the reorder point 2.7
BR001,MED120,Cefixime 200mg (ApexLife Pharma),Antibiotics,10,0.916,1.94,4.158,0.2143,7,1.5,0.6049,weekly demand std / sqrt(7),0.95,2.63,4.13,7.13,0,NO_REORDER,LOW,Stock 10 is at or above the reorder point 4.1
BR001,MED121,Cefixime 200mg (CureLine Healthcare),Antibiotics,5,0.633,1.284,2.784,0.1071,7,0.75,0.3956,weekly demand std / sqrt(7),0.95,1.72,2.47,3.97,0,NO_REORDER,LOW,Stock 5 is at or above the reorder point 2.5
BR001,MED122,Cefixime 200mg (NovaMed Laboratories),Antibiotics,19,4.043,8.621,18.639,0.6071,7,4.25,1.287,weekly demand std / sqrt(7),0.95,5.6,9.85,18.35,0,NO_REORDER,LOW,Stock 19 is at or above the reorder point 9.9
BR001,MED123,Cefixime 200mg (Stellar Formulations),Antibiotics,13,0.899,1.634,3.681,0.1429,7,1.0,0.2431,weekly demand std / sqrt(7),0.95,1.06,2.06,4.06,0,NO_REORDER,LOW,Stock 13 is at or above the reorder point 2.1
BR001,MED124,Cefixime 100mg,Antibiotics,15,0.757,1.449,3.426,0.1081,7,0.76,0.3583,weekly demand std / sqrt(7),0.95,1.56,2.32,3.83,0,NO_REORDER,LOW,Stock 15 is at or above the reorder point 2.3
BR001,MED125,Cefixime 100mg (HealthAxis Pharma),Antibiotics,7,0.972,2.032,3.962,0.2143,7,1.5,0.432,weekly demand std / sqrt(7),0.95,1.88,3.38,6.38,0,NO_REORDER,LOW,Stock 7 is at or above the reorder point 3.4
BR001,MED126,Cefixime 100mg (NovaMed Laboratories),Antibiotics,12,0.576,1.087,2.426,0.0823,7,0.58,0.5049,weekly demand std / sqrt(7),0.95,2.2,2.77,3.93,0,NO_REORDER,LOW,Stock 12 is at or above the reorder point 2.8
BR001,MED127,Cefixime 100mg (VitaCure Remedies),Antibiotics,28,14.096,26.16,57.26,2.2143,7,15.5,1.7532,weekly demand std / sqrt(7),0.95,7.63,23.13,54.13,0,NO_REORDER,LOW,Stock 28 is at or above the reorder point 23.1
BR001,MED128,Ciprofloxacin 500mg (BlueCrest Pharma),Antibiotics,10,0.426,0.94,2.23,0.0609,7,0.43,0.4011,weekly demand std / sqrt(7),0.95,1.75,2.17,3.02,0,NO_REORDER,LOW,Stock 10 is at or above the reorder point 2.2
BR001,MED129,Ciprofloxacin 250mg,Antibiotics,10,0.818,1.701,3.896,0.1169,7,0.82,0.4697,weekly demand std / sqrt(7),0.95,2.04,2.86,4.5,0,NO_REORDER,LOW,Stock 10 is at or above the reorder point 2.9
BR001,MED130,Ciprofloxacin 250mg (LifeSpring Pharma),Antibiotics,29,6.467,13.171,29.856,0.9239,7,6.47,1.319,weekly demand std / sqrt(7),0.95,5.74,12.21,25.14,0,NO_REORDER,LOW,Stock 29 is at or above the reorder point 12.2
BR001,MED131,Doxycycline 100mg (Aarogya Formulations),Antibiotics,17,5.178,10.9,24.908,0.9286,7,6.5,0.8523,weekly demand std / sqrt(7),0.95,3.71,10.21,23.21,0,NO_REORDER,LOW,Stock 17 is at or above the reorder point 10.2
BR001,MED132,Doxycycline 100mg (ApexLife Pharma),Antibiotics,8,0.766,1.578,3.544,0.1094,7,0.77,0.6518,weekly demand std / sqrt(7),0.95,2.84,3.6,5.13,0,NO_REORDER,LOW,Stock 8 is at or above the reorder point 3.6
BR001,MED133,Doxycycline 100mg (HealthAxis Pharma),Antibiotics,6,0.674,1.486,3.179,0.1429,7,1.0,0.4164,weekly demand std / sqrt(7),0.95,1.81,2.81,4.81,0,NO_REORDER,LOW,Stock 6 is at or above the reorder point 2.8
BR001,MED134,Doxycycline 100mg (Summit Lifesciences),Antibiotics,10,1.546,3.411,7.425,0.2857,7,2.0,0.585,weekly demand std / sqrt(7),0.95,2.55,4.55,8.55,0,NO_REORDER,LOW,Stock 10 is at or above the reorder point 4.5
BR001,MED135,Mefenamic Acid 250mg (ApexLife Pharma),Antipyretics,23,4.904,10.5,22.741,0.7006,7,4.9,1.37,weekly demand std / sqrt(7),0.95,5.96,10.87,20.67,0,NO_REORDER,LOW,Stock 23 is at or above the reorder point 10.9
BR001,MED136,Mefenamic Acid 250mg (HealthAxis Pharma),Antipyretics,8,1.14,2.199,5.222,0.2143,7,1.5,0.5372,weekly demand std / sqrt(7),0.95,2.34,3.84,6.84,0,NO_REORDER,LOW,Stock 8 is at or above the reorder point 3.8
BR001,MED137,Mefenamic Acid 250mg (LifeSpring Pharma),Antipyretics,6,1.886,3.735,8.958,0.3571,7,2.5,0.6318,weekly demand std / sqrt(7),0.95,2.75,5.25,10.25,0,NO_REORDER,LOW,Stock 6 is at or above the reorder point 5.2
BR001,MED138,Mefenamic Acid 250mg (NovaMed Laboratories),Antipyretics,16,4.447,9.022,19.917,0.7143,7,5.0,1.2976,weekly demand std / sqrt(7),0.95,5.65,10.65,20.65,0,NO_REORDER,LOW,Stock 16 is at or above the reorder point 10.6
BR001,MED141,Mefenamic Acid 500mg (HealthAxis Pharma),Antipyretics,13,0.858,1.784,4.005,0.1429,7,1.0,0.5231,weekly demand std / sqrt(7),0.95,2.28,3.28,5.28,0,NO_REORDER,LOW,Stock 13 is at or above the reorder point 3.3
BR001,MED143,Mefenamic Acid 500mg (LifeSpring Pharma),Antipyretics,6,0.375,0.859,1.628,0.0536,7,0.38,0.3248,weekly demand std / sqrt(7),0.95,1.41,1.79,2.54,0,NO_REORDER,LOW,Stock 6 is at or above the reorder point 1.8
BR001,MED144,Mefenamic Acid 500mg (NovaMed Laboratories),Antipyretics,28,11.431,20.822,44.815,1.6429,7,11.5,2.8652,weekly demand std / sqrt(7),0.95,12.47,23.97,46.97,0,NO_REORDER,LOW,Stock 28 is at or above the reorder point 24.0
BR001,MED145,Mefenamic Acid 500mg (Stellar Formulations),Antipyretics,11,0.517,1.021,2.194,0.0739,7,0.52,0.2075,weekly demand std / sqrt(7),0.95,0.9,1.42,2.45,0,NO_REORDER,LOW,Stock 11 is at or above the reorder point 1.4
BR001,MED146,Mefenamic Acid 500mg (Summit Lifesciences),Antipyretics,8,0.678,1.377,3.087,0.0969,7,0.68,0.4378,weekly demand std / sqrt(7),0.95,1.91,2.58,3.94,0,NO_REORDER,LOW,Stock 8 is at or above the reorder point 2.6
BR001,MED147,Mefenamic Acid 500mg (TrueLife Remedies),Antipyretics,8,0.743,1.525,3.451,0.1071,7,0.75,0.3292,weekly demand std / sqrt(7),0.95,1.43,2.18,3.68,0,NO_REORDER,LOW,Stock 8 is at or above the reorder point 2.2
BR001,MED148,Mefenamic Acid 500mg (VitaCure Remedies),Antipyretics,17,1.755,2.962,7.747,0.2507,7,1.76,0.7097,weekly demand std / sqrt(7),0.95,3.09,4.84,8.35,0,NO_REORDER,LOW,Stock 17 is at or above the reorder point 4.8
BR001,MED150,Paracetamol 650mg (CarePlus Laboratories),Antipyretics,17,1.136,2.34,5.389,0.1623,7,1.14,0.5256,weekly demand std / sqrt(7),0.95,2.29,3.42,5.7,0,NO_REORDER,LOW,Stock 17 is at or above the reorder point 3.4
BR001,MED153,Paracetamol Suspension 250mg/5ml (BlueCrest Pharma),Antipyretics,7,0.451,0.922,1.867,0.0714,7,0.5,0.3558,weekly demand std / sqrt(7),0.95,1.55,2.05,3.05,0,NO_REORDER,LOW,Stock 7 is at or above the reorder point 2.0
BR001,MED154,Paracetamol Suspension 250mg/5ml (CarePlus Laboratories),Antipyretics,8,1.51,3.088,7.198,0.2857,7,2.0,0.8344,weekly demand std / sqrt(7),0.95,3.63,5.63,9.63,0,NO_REORDER,LOW,Stock 8 is at or above the reorder point 5.6
BR001,MED155,Paracetamol Suspension 250mg/5ml (CureLine Healthcare),Antipyretics,22,8.676,16.161,36.325,1.3929,7,9.75,1.665,weekly demand std / sqrt(7),0.95,7.25,17.0,36.5,0,NO_REORDER,LOW,Stock 22 is at or above the reorder point 17.0
BR001,MED156,Paracetamol Suspension 250mg/5ml (TrueLife Remedies),Antipyretics,14,0.94,2.081,4.204,0.1786,7,1.25,0.578,weekly demand std / sqrt(7),0.95,2.52,3.77,6.27,0,NO_REORDER,LOW,Stock 14 is at or above the reorder point 3.8
BR001,MED157,Paracetamol Suspension 125mg/5ml,Antipyretics,4,0.756,1.616,3.97,0.2143,7,1.5,0.4926,weekly demand std / sqrt(7),0.95,2.14,3.64,6.64,0,NO_REORDER,LOW,Stock 4 is at or above the reorder point 3.6
BR001,MED159,Paracetamol Suspension 125mg/5ml (NovaMed Laboratories),Antipyretics,14,3.063,5.865,13.629,0.5,7,3.5,0.7995,weekly demand std / sqrt(7),0.95,3.48,6.98,13.98,0,NO_REORDER,LOW,Stock 14 is at or above the reorder point 7.0
BR001,MED160,Paracetamol Suspension 125mg/5ml (TrueLife Remedies),Antipyretics,14,2.13,4.294,9.543,0.3929,7,2.75,0.5378,weekly demand std / sqrt(7),0.95,2.34,5.09,10.59,0,NO_REORDER,LOW,Stock 14 is at or above the reorder point 5.1
BR001,MED161,Paracetamol Suspension 125mg/5ml (VitaCure Remedies),Antipyretics,11,0.509,0.984,2.395,0.0727,7,0.51,0.8066,weekly demand std / sqrt(7),0.95,3.51,4.02,5.04,0,NO_REORDER,LOW,Stock 11 is at or above the reorder point 4.0
BR001,MED162,Cetirizine 10mg (ApexLife Pharma),Antihistamines,13,1.019,2.381,6.03,0.1786,7,1.25,0.448,weekly demand std / sqrt(7),0.95,1.95,3.2,5.7,0,NO_REORDER,LOW,Stock 13 is at or above the reorder point 3.2
BR001,MED164,Cetirizine 10mg (LifeSpring Pharma),Antihistamines,13,1.064,2.393,5.694,0.2143,7,1.5,0.5588,weekly demand std / sqrt(7),0.95,2.43,3.93,6.93,0,NO_REORDER,LOW,Stock 13 is at or above the reorder point 3.9
BR001,MED166,Cetirizine 10mg (Summit Lifesciences),Antihistamines,8,1.149,2.435,5.866,0.1786,7,1.25,0.9709,weekly demand std / sqrt(7),0.95,4.23,5.48,7.98,0,NO_REORDER,LOW,Stock 8 is at or above the reorder point 5.5
BR001,MED167,Cetirizine 10mg (TrueLife Remedies),Antihistamines,24,7.164,15.164,35.05,1.1429,7,8.0,1.6477,weekly demand std / sqrt(7),0.95,7.17,15.17,31.17,0,NO_REORDER,LOW,Stock 24 is at or above the reorder point 15.2
BR001,MED168,Cetirizine 5mg,Antihistamines,14,1.404,3.109,7.326,0.3571,7,2.5,0.9735,weekly demand std / sqrt(7),0.95,4.24,6.74,11.74,0,NO_REORDER,LOW,Stock 14 is at or above the reorder point 6.7
BR001,MED169,Cetirizine 5mg (CarePlus Laboratories),Antihistamines,51,18.375,37.087,83.901,2.625,7,18.38,2.2877,weekly demand std / sqrt(7),0.95,9.96,28.33,65.08,0,NO_REORDER,LOW,Stock 51 is at or above the reorder point 28.3
BR001,MED170,Cetirizine 5mg (CureLine Healthcare),Antihistamines,10,0.456,0.883,2.017,0.0651,7,0.46,0.1754,weekly demand std / sqrt(7),0.95,0.76,1.22,2.13,0,NO_REORDER,LOW,Stock 10 is at or above the reorder point 1.2
BR001,MED171,Cetirizine 5mg (Stellar Formulations),Antihistamines,17,3.562,7.473,16.108,0.5089,7,3.56,0.8016,weekly demand std / sqrt(7),0.95,3.49,7.05,14.17,0,NO_REORDER,LOW,Stock 17 is at or above the reorder point 7.1
BR001,MED172,Cetirizine 5mg (Summit Lifesciences),Antihistamines,19,1.11,2.512,6.655,0.1586,7,1.11,0.4185,weekly demand std / sqrt(7),0.95,1.82,2.93,5.15,0,NO_REORDER,LOW,Stock 19 is at or above the reorder point 2.9
BR001,MED174,Cetirizine 5mg (VitaCure Remedies),Antihistamines,16,0.565,1.356,3.026,0.0807,7,0.56,0.4033,weekly demand std / sqrt(7),0.95,1.76,2.32,3.45,0,NO_REORDER,LOW,Stock 16 is at or above the reorder point 2.3
BR001,MED175,Chlorpheniramine 4mg (ApexLife Pharma),Antihistamines,7,0.665,1.472,3.073,0.1071,7,0.75,0.3067,weekly demand std / sqrt(7),0.95,1.33,2.08,3.58,0,NO_REORDER,LOW,Stock 7 is at or above the reorder point 2.1
BR001,MED176,Chlorpheniramine 4mg (BlueCrest Pharma),Antihistamines,43,1.106,1.912,5.306,0.158,7,1.11,0.4718,weekly demand std / sqrt(7),0.95,2.05,3.16,5.37,0,NO_REORDER,LOW,Stock 43 is at or above the reorder point 3.2
BR001,MED177,Chlorpheniramine 4mg (CarePlus Laboratories),Antihistamines,20,1.104,2.35,6.285,0.1577,7,1.1,0.3394,weekly demand std / sqrt(7),0.95,1.48,2.58,4.79,0,NO_REORDER,LOW,Stock 20 is at or above the reorder point 2.6
BR001,MED178,Chlorpheniramine 4mg (HealthAxis Pharma),Antihistamines,20,0.988,2.3,6.731,0.1429,7,1.0,0.5008,weekly demand std / sqrt(7),0.95,2.18,3.18,5.18,0,NO_REORDER,LOW,Stock 20 is at or above the reorder point 3.2
BR001,MED179,Chlorpheniramine 4mg (LifeSpring Pharma),Antihistamines,13,4.026,8.477,19.556,0.7143,7,5.0,0.8361,weekly demand std / sqrt(7),0.95,3.64,8.64,18.64,0,NO_REORDER,LOW,Stock 13 is at or above the reorder point 8.6
BR001,MED180,Chlorpheniramine 4mg (VitaCure Remedies),Antihistamines,11,0.533,1.152,2.379,0.0761,7,0.53,0.3739,weekly demand std / sqrt(7),0.95,1.63,2.16,3.23,0,NO_REORDER,LOW,Stock 11 is at or above the reorder point 2.2
BR001,MED181,Fexofenadine 120mg (ApexLife Pharma),Antihistamines,16,0.769,1.669,4.583,0.1099,7,0.77,0.465,weekly demand std / sqrt(7),0.95,2.02,2.79,4.33,0,NO_REORDER,LOW,Stock 16 is at or above the reorder point 2.8
BR001,MED182,Fexofenadine 120mg (BlueCrest Pharma),Antihistamines,27,6.394,13.409,31.16,0.9134,7,6.39,1.0678,weekly demand std / sqrt(7),0.95,4.65,11.04,23.83,0,NO_REORDER,LOW,Stock 27 is at or above the reorder point 11.0
BR001,MED183,Fexofenadine 120mg (CureLine Healthcare),Antihistamines,17,2.325,4.679,11.67,0.4286,7,3.0,0.78,weekly demand std / sqrt(7),0.95,3.39,6.39,12.39,0,NO_REORDER,LOW,Stock 17 is at or above the reorder point 6.4
BR001,MED184,Fexofenadine 120mg (LifeSpring Pharma),Antihistamines,12,0.789,1.735,4.481,0.1429,7,1.0,0.4528,weekly demand std / sqrt(7),0.95,1.97,2.97,4.97,0,NO_REORDER,LOW,Stock 12 is at or above the reorder point 3.0
BR001,MED185,Fexofenadine 120mg (TrueLife Remedies),Antihistamines,11,0.489,1.044,2.432,0.0699,7,0.49,0.4811,weekly demand std / sqrt(7),0.95,2.09,2.58,3.56,0,NO_REORDER,LOW,Stock 11 is at or above the reorder point 2.6
BR001,MED186,Fexofenadine 180mg,Antihistamines,9,2.511,5.181,13.003,0.4643,7,3.25,1.1797,weekly demand std / sqrt(7),0.95,5.13,8.38,14.88,0,NO_REORDER,LOW,Stock 9 is at or above the reorder point 8.4
BR001,MED188,Fexofenadine 180mg (HealthAxis Pharma),Antihistamines,4,0.613,1.219,3.274,0.2143,7,1.5,0.5005,weekly demand std / sqrt(7),0.95,2.18,3.68,6.68,0,NO_REORDER,LOW,Stock 4 is at or above the reorder point 3.7
BR001,MED189,Fexofenadine 180mg (TrueLife Remedies),Antihistamines,16,0.954,2.138,5.58,0.1786,7,1.25,0.3261,weekly demand std / sqrt(7),0.95,1.42,2.67,5.17,0,NO_REORDER,LOW,Stock 16 is at or above the reorder point 2.7
BR001,MED190,Levocetirizine 5mg (Aarogya Formulations),Antihistamines,13,0.803,1.802,4.802,0.1147,7,0.8,0.5651,weekly demand std / sqrt(7),0.95,2.46,3.26,4.87,0,NO_REORDER,LOW,Stock 13 is at or above the reorder point 3.3
BR001,MED191,Levocetirizine 5mg (BlueCrest Pharma),Antihistamines,23,5.952,11.929,27.502,0.8503,7,5.95,1.1373,weekly demand std / sqrt(7),0.95,4.95,10.9,22.81,0,NO_REORDER,LOW,Stock 23 is at or above the reorder point 10.9
BR001,MED192,Levocetirizine 5mg (CureLine Healthcare),Antihistamines,13,0.483,1.095,2.697,0.069,7,0.48,0.5633,weekly demand std / sqrt(7),0.95,2.45,2.93,3.9,0,NO_REORDER,LOW,Stock 13 is at or above the reorder point 2.9
BR001,MED193,Levocetirizine 5mg (LifeSpring Pharma),Antihistamines,14,1.937,3.617,9.866,0.3929,7,2.75,0.6923,weekly demand std / sqrt(7),0.95,3.01,5.76,11.26,0,NO_REORDER,LOW,Stock 14 is at or above the reorder point 5.8
BR001,MED194,Levocetirizine 5mg (NovaMed Laboratories),Antihistamines,9,2.155,4.566,11.064,0.3929,7,2.75,1.0314,weekly demand std / sqrt(7),0.95,4.49,7.24,12.74,0,NO_REORDER,LOW,Stock 9 is at or above the reorder point 7.2
BR001,MED195,Levocetirizine 5mg (VitaCure Remedies),Antihistamines,18,1.463,3.011,7.959,0.2857,7,2.0,0.591,weekly demand std / sqrt(7),0.95,2.57,4.57,8.57,0,NO_REORDER,LOW,Stock 18 is at or above the reorder point 4.6
BR001,MED196,Levocetirizine 2.5mg,Antihistamines,17,0.57,1.218,2.468,0.0814,7,0.57,0.2817,weekly demand std / sqrt(7),0.95,1.23,1.8,2.94,0,NO_REORDER,LOW,Stock 17 is at or above the reorder point 1.8
BR001,MED197,Levocetirizine 2.5mg (LifeSpring Pharma),Antihistamines,22,7.034,13.927,31.569,1.0714,7,7.5,1.3735,weekly demand std / sqrt(7),0.95,5.98,13.48,28.48,0,NO_REORDER,LOW,Stock 22 is at or above the reorder point 13.5
BR001,MED198,Levocetirizine 2.5mg (Stellar Formulations),Antihistamines,11,0.535,1.224,3.018,0.0764,7,0.54,0.2335,weekly demand std / sqrt(7),0.95,1.02,1.55,2.62,0,NO_REORDER,LOW,Stock 11 is at or above the reorder point 1.6
BR001,MED199,Montelukast + Levocetirizine 10mg/5mg (Aarogya Formulations),Antihistamines,6,0.746,1.609,4.131,0.1786,7,1.25,0.6018,weekly demand std / sqrt(7),0.95,2.62,3.87,6.37,0,NO_REORDER,LOW,Stock 6 is at or above the reorder point 3.9
BR001,MED200,Montelukast + Levocetirizine 10mg/5mg (HealthAxis Pharma),Antihistamines,20,4.466,8.999,20.299,0.638,7,4.47,0.6026,weekly demand std / sqrt(7),0.95,2.62,7.09,16.02,0,NO_REORDER,LOW,Stock 20 is at or above the reorder point 7.1
BR001,MED201,Montelukast + Levocetirizine 10mg/5mg (NovaMed Laboratories),Antihistamines,20,1.673,3.652,9.667,0.2857,7,2.0,0.47,weekly demand std / sqrt(7),0.95,2.05,4.05,8.05,0,NO_REORDER,LOW,Stock 20 is at or above the reorder point 4.0
BR001,MED204,Montelukast + Levocetirizine 10mg/5mg (VitaCure Remedies),Antihistamines,10,1.592,2.906,7.059,0.2857,7,2.0,0.7383,weekly demand std / sqrt(7),0.95,3.21,5.21,9.21,0,NO_REORDER,LOW,Stock 10 is at or above the reorder point 5.2
BR001,MED205,Domperidone 10mg (BlueCrest Pharma),Gastrointestinal,19,5.552,11.202,24.364,0.7931,7,5.55,1.2607,weekly demand std / sqrt(7),0.95,5.49,11.04,22.14,0,NO_REORDER,LOW,Stock 19 is at or above the reorder point 11.0
BR001,MED207,Domperidone 10mg (CureLine Healthcare),Gastrointestinal,25,0.729,1.164,3.106,0.1041,7,0.73,0.7726,weekly demand std / sqrt(7),0.95,3.36,4.09,5.55,0,NO_REORDER,LOW,Stock 25 is at or above the reorder point 4.1
BR001,MED208,Domperidone 10mg (HealthAxis Pharma),Gastrointestinal,12,0.736,1.616,3.487,0.1429,7,1.0,0.3846,weekly demand std / sqrt(7),0.95,1.67,2.67,4.67,0,NO_REORDER,LOW,Stock 12 is at or above the reorder point 2.7
BR001,MED209,Domperidone 10mg (LifeSpring Pharma),Gastrointestinal,16,0.85,1.682,3.929,0.1214,7,0.85,0.3371,weekly demand std / sqrt(7),0.95,1.47,2.32,4.02,0,NO_REORDER,LOW,Stock 16 is at or above the reorder point 2.3
BR001,MED210,Domperidone 10mg (NovaMed Laboratories),Gastrointestinal,13,2.004,4.059,8.622,0.3571,7,2.5,1.0653,weekly demand std / sqrt(7),0.95,4.64,7.14,12.14,0,NO_REORDER,LOW,Stock 13 is at or above the reorder point 7.1
BR001,MED211,Loperamide 2mg (Aarogya Formulations),Gastrointestinal,18,1.096,2.387,5.713,0.2143,7,1.5,0.414,weekly demand std / sqrt(7),0.95,1.8,3.3,6.3,0,NO_REORDER,LOW,Stock 18 is at or above the reorder point 3.3
BR001,MED212,Loperamide 2mg (BlueCrest Pharma),Gastrointestinal,8,0.541,1.194,2.738,0.0773,7,0.54,0.5118,weekly demand std / sqrt(7),0.95,2.23,2.77,3.85,0,NO_REORDER,LOW,Stock 8 is at or above the reorder point 2.8
BR001,MED213,Loperamide 2mg (LifeSpring Pharma),Gastrointestinal,34,0.558,0.886,2.395,0.0797,7,0.56,0.3583,weekly demand std / sqrt(7),0.95,1.56,2.12,3.23,0,NO_REORDER,LOW,Stock 34 is at or above the reorder point 2.1
BR001,MED214,Omeprazole 20mg (Aarogya Formulations),Gastrointestinal,13,0.632,1.353,3.081,0.1071,7,0.75,0.3857,weekly demand std / sqrt(7),0.95,1.68,2.43,3.93,0,NO_REORDER,LOW,Stock 13 is at or above the reorder point 2.4
BR001,MED217,Omeprazole 20mg (HealthAxis Pharma),Gastrointestinal,13,0.424,0.889,2.279,0.0606,7,0.42,0.2635,weekly demand std / sqrt(7),0.95,1.15,1.57,2.42,0,NO_REORDER,LOW,Stock 13 is at or above the reorder point 1.6
BR001,MED218,Omeprazole 20mg (LifeSpring Pharma),Gastrointestinal,10,0.673,1.472,3.552,0.0961,7,0.67,0.5531,weekly demand std / sqrt(7),0.95,2.41,3.08,4.43,0,NO_REORDER,LOW,Stock 10 is at or above the reorder point 3.1
BR001,MED219,Omeprazole 20mg (TrueLife Remedies),Gastrointestinal,35,8.229,16.701,36.704,1.1756,7,8.23,1.7534,weekly demand std / sqrt(7),0.95,7.63,15.86,32.32,0,NO_REORDER,LOW,Stock 35 is at or above the reorder point 15.9
BR001,MED220,Omeprazole 20mg (VitaCure Remedies),Gastrointestinal,14,0.553,1.05,2.641,0.079,7,0.55,0.5014,weekly demand std / sqrt(7),0.95,2.18,2.74,3.84,0,NO_REORDER,LOW,Stock 14 is at or above the reorder point 2.7
BR001,MED222,Omeprazole 40mg (ApexLife Pharma),Gastrointestinal,16,3.901,7.954,17.662,0.6429,7,4.5,0.8229,weekly demand std / sqrt(7),0.95,3.58,8.08,17.08,0,NO_REORDER,LOW,Stock 16 is at or above the reorder point 8.1
BR001,MED223,Omeprazole 40mg (LifeSpring Pharma),Gastrointestinal,20,6.766,12.848,27.343,1.0,7,7.0,1.3306,weekly demand std / sqrt(7),0.95,5.79,12.79,26.79,0,NO_REORDER,LOW,Stock 20 is at or above the reorder point 12.8
BR001,MED224,Omeprazole 40mg (Summit Lifesciences),Gastrointestinal,31,7.767,15.293,33.98,1.1429,7,8.0,1.315,weekly demand std / sqrt(7),0.95,5.72,13.72,29.72,0,NO_REORDER,LOW,Stock 31 is at or above the reorder point 13.7
BR001,MED226,Ondansetron 4mg (Aarogya Formulations),Gastrointestinal,11,3.38,7.19,15.378,0.7857,7,5.5,1.1062,weekly demand std / sqrt(7),0.95,4.81,10.31,21.31,0,NO_REORDER,LOW,Stock 11 is at or above the reorder point 10.3
BR001,MED227,Ondansetron 4mg (BlueCrest Pharma),Gastrointestinal,11,0.432,0.869,2.074,0.0617,7,0.43,0.2635,weekly demand std / sqrt(7),0.95,1.15,1.58,2.44,0,NO_REORDER,LOW,Stock 11 is at or above the reorder point 1.6
BR001,MED229,Ondansetron 4mg (CureLine Healthcare),Gastrointestinal,9,0.572,1.35,3.159,0.1071,7,0.75,0.5237,weekly demand std / sqrt(7),0.95,2.28,3.03,4.53,0,NO_REORDER,LOW,Stock 9 is at or above the reorder point 3.0
BR001,MED230,Ondansetron 4mg (LifeSpring Pharma),Gastrointestinal,10,0.56,1.286,3.133,0.1071,7,0.75,0.3558,weekly demand std / sqrt(7),0.95,1.55,2.3,3.8,0,NO_REORDER,LOW,Stock 10 is at or above the reorder point 2.3
BR001,MED232,Ondansetron 4mg (Stellar Formulations),Gastrointestinal,10,2.323,4.446,8.274,0.6071,7,4.25,0.8573,weekly demand std / sqrt(7),0.95,3.73,7.98,16.48,0,NO_REORDER,LOW,Stock 10 is at or above the reorder point 8.0
BR001,MED233,Ondansetron 4mg (Summit Lifesciences),Gastrointestinal,24,0.708,1.651,3.697,0.1011,7,0.71,0.6518,weekly demand std / sqrt(7),0.95,2.84,3.54,4.96,0,NO_REORDER,LOW,Stock 24 is at or above the reorder point 3.5
BR001,MED234,Ondansetron 4mg (VitaCure Remedies),Gastrointestinal,23,6.921,14.008,30.736,1.0,7,7.0,1.1868,weekly demand std / sqrt(7),0.95,5.16,12.16,26.16,0,NO_REORDER,LOW,Stock 23 is at or above the reorder point 12.2
BR001,MED235,Ondansetron 8mg,Gastrointestinal,12,0.56,1.24,2.876,0.08,7,0.56,0.4753,weekly demand std / sqrt(7),0.95,2.07,2.63,3.75,0,NO_REORDER,LOW,Stock 12 is at or above the reorder point 2.6
BR001,MED236,Ondansetron 8mg (LifeSpring Pharma),Gastrointestinal,74,41.347,87.606,181.437,6.3929,7,44.75,4.4835,weekly demand std / sqrt(7),0.95,19.51,64.26,153.76,0,NO_REORDER,LOW,Stock 74 is at or above the reorder point 64.3
BR001,MED237,Ondansetron 8mg (TrueLife Remedies),Gastrointestinal,6,0.531,1.26,2.83,0.1071,7,0.75,0.3843,weekly demand std / sqrt(7),0.95,1.67,2.42,3.92,0,NO_REORDER,LOW,Stock 6 is at or above the reorder point 2.4
BR001,MED241,ORS Powder 21.8g (Stellar Formulations),Gastrointestinal,20,6.646,13.496,29.314,1.0357,7,7.25,1.2425,weekly demand std / sqrt(7),0.95,5.41,12.66,27.16,0,NO_REORDER,LOW,Stock 20 is at or above the reorder point 12.7
BR001,MED242,ORS Powder 21.8g (Summit Lifesciences),Gastrointestinal,8,0.541,1.194,2.738,0.0773,7,0.54,0.4011,weekly demand std / sqrt(7),0.95,1.75,2.29,3.37,0,NO_REORDER,LOW,Stock 8 is at or above the reorder point 2.3
BR001,MED243,ORS Powder 21.8g (TrueLife Remedies),Gastrointestinal,9,0.992,2.051,4.565,0.1786,7,1.25,0.6691,weekly demand std / sqrt(7),0.95,2.91,4.16,6.66,0,NO_REORDER,LOW,Stock 9 is at or above the reorder point 4.2
BR001,MED244,ORS Powder 21.8g (VitaCure Remedies),Gastrointestinal,11,0.688,1.565,3.583,0.1786,7,1.25,0.6781,weekly demand std / sqrt(7),0.95,2.95,4.2,6.7,0,NO_REORDER,LOW,Stock 11 is at or above the reorder point 4.2
BR001,MED245,Pantoprazole 40mg (BlueCrest Pharma),Gastrointestinal,22,7.286,15.329,34.046,1.2857,7,9.0,1.4058,weekly demand std / sqrt(7),0.95,6.12,15.12,33.12,0,NO_REORDER,LOW,Stock 22 is at or above the reorder point 15.1
BR001,MED246,Pantoprazole 40mg (CarePlus Laboratories),Gastrointestinal,15,0.924,1.907,4.582,0.1429,7,1.0,0.5557,weekly demand std / sqrt(7),0.95,2.42,3.42,5.42,0,NO_REORDER,LOW,Stock 15 is at or above the reorder point 3.4
BR001,MED247,Pantoprazole 40mg (NovaMed Laboratories),Gastrointestinal,25,7.32,14.041,29.378,1.0457,7,7.32,1.7005,weekly demand std / sqrt(7),0.95,7.4,14.72,29.36,0,NO_REORDER,LOW,Stock 25 is at or above the reorder point 14.7
BR001,MED248,Pantoprazole 40mg (TrueLife Remedies),Gastrointestinal,8,0.692,1.39,3.084,0.0989,7,0.69,0.2445,weekly demand std / sqrt(7),0.95,1.06,1.76,3.14,0,NO_REORDER,LOW,Stock 8 is at or above the reorder point 1.8
BR001,MED249,Pantoprazole 20mg,Gastrointestinal,20,6.653,13.405,28.942,1.0,7,7.0,1.527,weekly demand std / sqrt(7),0.95,6.65,13.65,27.65,0,NO_REORDER,LOW,Stock 20 is at or above the reorder point 13.6
BR001,MED250,Pantoprazole 20mg (ApexLife Pharma),Gastrointestinal,14,2.5,5.107,10.567,0.3571,7,2.5,0.9871,weekly demand std / sqrt(7),0.95,4.3,6.8,11.8,0,NO_REORDER,LOW,Stock 14 is at or above the reorder point 6.8
BR001,MED251,Pantoprazole 20mg (BlueCrest Pharma),Gastrointestinal,9,1.013,2.047,4.819,0.1786,7,1.25,0.6148,weekly demand std / sqrt(7),0.95,2.68,3.93,6.43,0,NO_REORDER,LOW,Stock 9 is at or above the reorder point 3.9
BR001,MED252,Pantoprazole 20mg (CarePlus Laboratories),Gastrointestinal,17,1.097,2.339,5.301,0.2143,7,1.5,0.3435,weekly demand std / sqrt(7),0.95,1.5,3.0,6.0,0,NO_REORDER,LOW,Stock 17 is at or above the reorder point 3.0
BR001,MED253,Pantoprazole 20mg (Stellar Formulations),Gastrointestinal,13,1.285,2.542,5.512,0.2857,7,2.0,0.7647,weekly demand std / sqrt(7),0.95,3.33,5.33,9.33,0,NO_REORDER,LOW,Stock 13 is at or above the reorder point 5.3
BR001,MED254,Pantoprazole 20mg (Summit Lifesciences),Gastrointestinal,14,0.865,1.872,4.22,0.1786,7,1.25,0.6847,weekly demand std / sqrt(7),0.95,2.98,4.23,6.73,0,NO_REORDER,LOW,Stock 14 is at or above the reorder point 4.2
BR001,MED255,Pantoprazole 20mg (VitaCure Remedies),Gastrointestinal,19,0.735,1.809,3.917,0.1071,7,0.75,0.4781,weekly demand std / sqrt(7),0.95,2.08,2.83,4.33,0,NO_REORDER,LOW,Stock 19 is at or above the reorder point 2.8
BR001,MED256,Amlodipine 5mg (BlueCrest Pharma),Cardiovascular,31,7.9,16.956,38.984,1.1786,7,8.25,1.4226,weekly demand std / sqrt(7),0.95,6.19,14.44,30.94,0,NO_REORDER,LOW,Stock 31 is at or above the reorder point 14.4
BR001,MED258,Amlodipine 5mg (NovaMed Laboratories),Cardiovascular,8,0.878,1.776,4.601,0.25,7,1.75,0.6464,weekly demand std / sqrt(7),0.95,2.81,4.56,8.06,0,NO_REORDER,LOW,Stock 8 is at or above the reorder point 4.6
BR001,MED259,Amlodipine 5mg (Stellar Formulations),Cardiovascular,17,0.922,2.058,4.883,0.1317,7,0.92,0.727,weekly demand std / sqrt(7),0.95,3.16,4.09,5.93,0,NO_REORDER,LOW,Stock 17 is at or above the reorder point 4.1
BR001,MED260,Amlodipine 5mg (VitaCure Remedies),Cardiovascular,13,0.613,1.296,2.781,0.0876,7,0.61,0.5581,weekly demand std / sqrt(7),0.95,2.43,3.04,4.27,0,NO_REORDER,LOW,Stock 13 is at or above the reorder point 3.0
BR001,MED261,Amlodipine 2.5mg,Cardiovascular,6,0.706,1.458,4.088,0.2857,7,2.0,0.6193,weekly demand std / sqrt(7),0.95,2.7,4.7,8.7,0,NO_REORDER,LOW,Stock 6 is at or above the reorder point 4.7
BR001,MED262,Amlodipine 2.5mg (LifeSpring Pharma),Cardiovascular,25,4.48,9.953,24.366,0.64,7,4.48,1.328,weekly demand std / sqrt(7),0.95,5.78,10.26,19.22,0,NO_REORDER,LOW,Stock 25 is at or above the reorder point 10.3
BR001,MED263,Amlodipine 2.5mg (Stellar Formulations),Cardiovascular,17,2.23,5.498,11.844,0.5,7,3.5,0.8772,weekly demand std / sqrt(7),0.95,3.82,7.32,14.32,0,NO_REORDER,LOW,Stock 17 is at or above the reorder point 7.3
BR001,MED265,Amlodipine 2.5mg (TrueLife Remedies),Cardiovascular,70,20.285,42.453,93.261,2.8979,7,20.28,2.6959,weekly demand std / sqrt(7),0.95,11.73,32.02,72.59,0,NO_REORDER,LOW,Stock 70 is at or above the reorder point 32.0
BR001,MED266,Amlodipine 2.5mg (VitaCure Remedies),Cardiovascular,12,0.857,1.906,4.732,0.1429,7,1.0,0.6498,weekly demand std / sqrt(7),0.95,2.83,3.83,5.83,0,NO_REORDER,LOW,Stock 12 is at or above the reorder point 3.8
BR001,MED267,Amlodipine 10mg,Cardiovascular,7,0.734,1.559,4.05,0.25,7,1.75,0.7629,weekly demand std / sqrt(7),0.95,3.32,5.07,8.57,0,NO_REORDER,LOW,Stock 7 is at or above the reorder point 5.1
BR001,MED268,Amlodipine 10mg (LifeSpring Pharma),Cardiovascular,7,0.5,1.063,2.436,0.1429,7,1.0,0.538,weekly demand std / sqrt(7),0.95,2.34,3.34,5.34,0,NO_REORDER,LOW,Stock 7 is at or above the reorder point 3.3
BR001,MED269,Amlodipine 10mg (Stellar Formulations),Cardiovascular,105,73.141,145.846,313.683,11.75,7,82.25,4.4982,weekly demand std / sqrt(7),0.95,19.58,101.83,266.33,0,NO_REORDER,LOW,Stock 105 is at or above the reorder point 101.8
BR001,MED271,Aspirin 75mg (ApexLife Pharma),Cardiovascular,9,0.743,1.741,4.142,0.1429,7,1.0,0.5902,weekly demand std / sqrt(7),0.95,2.57,3.57,5.57,0,NO_REORDER,LOW,Stock 9 is at or above the reorder point 3.6
BR001,MED273,Aspirin 75mg (CureLine Healthcare),Cardiovascular,20,5.958,11.88,27.702,0.9643,7,6.75,1.2143,weekly demand std / sqrt(7),0.95,5.28,12.03,25.53,0,NO_REORDER,LOW,Stock 20 is at or above the reorder point 12.0
BR001,MED274,Aspirin 75mg (LifeSpring Pharma),Cardiovascular,9,0.59,1.303,3.431,0.1429,7,1.0,0.4753,weekly demand std / sqrt(7),0.95,2.07,3.07,5.07,0,NO_REORDER,LOW,Stock 9 is at or above the reorder point 3.1
BR001,MED275,Aspirin 75mg (NovaMed Laboratories),Cardiovascular,15,0.884,2.011,4.58,0.1263,7,0.88,0.6583,weekly demand std / sqrt(7),0.95,2.86,3.75,5.52,0,NO_REORDER,LOW,Stock 15 is at or above the reorder point 3.7
BR001,MED278,Aspirin 150mg (CarePlus Laboratories),Cardiovascular,28,7.255,15.453,34.914,1.2143,7,8.5,1.2674,weekly demand std / sqrt(7),0.95,5.52,14.02,31.02,0,NO_REORDER,LOW,Stock 28 is at or above the reorder point 14.0
BR001,MED279,Aspirin 150mg (Summit Lifesciences),Cardiovascular,25,1.246,3.062,7.233,0.2143,7,1.5,0.4577,weekly demand std / sqrt(7),0.95,1.99,3.49,6.49,0,NO_REORDER,LOW,Stock 25 is at or above the reorder point 3.5
BR001,MED280,Aspirin 150mg (TrueLife Remedies),Cardiovascular,28,9.65,20.295,45.131,1.7857,7,12.5,1.5992,weekly demand std / sqrt(7),0.95,6.96,19.46,44.46,0,NO_REORDER,LOW,Stock 28 is at or above the reorder point 19.5
BR001,MED281,Atorvastatin 10mg (Aarogya Formulations),Cardiovascular,13,0.876,1.806,3.807,0.1786,7,1.25,0.4937,weekly demand std / sqrt(7),0.95,2.15,3.4,5.9,0,NO_REORDER,LOW,Stock 13 is at or above the reorder point 3.4
BR001,MED282,Atorvastatin 10mg (ApexLife Pharma),Cardiovascular,15,1.63,3.842,9.475,0.3571,7,2.5,1.0433,weekly demand std / sqrt(7),0.95,4.54,7.04,12.04,0,NO_REORDER,LOW,Stock 15 is at or above the reorder point 7.0
BR001,MED284,Atorvastatin 10mg (Summit Lifesciences),Cardiovascular,40,8.232,17.45,40.289,1.176,7,8.23,2.0394,weekly demand std / sqrt(7),0.95,8.88,17.11,33.57,0,NO_REORDER,LOW,Stock 40 is at or above the reorder point 17.1
BR001,MED285,Atorvastatin 20mg,Cardiovascular,20,7.291,15.878,36.196,1.25,7,8.75,1.2286,weekly demand std / sqrt(7),0.95,5.35,14.1,31.6,0,NO_REORDER,LOW,Stock 20 is at or above the reorder point 14.1
BR001,MED287,Atorvastatin 20mg (CarePlus Laboratories),Cardiovascular,22,3.049,5.147,11.503,0.4356,7,3.05,0.9914,weekly demand std / sqrt(7),0.95,4.31,7.36,13.46,0,NO_REORDER,LOW,Stock 22 is at or above the reorder point 7.4
BR001,MED288,Atorvastatin 40mg,Cardiovascular,22,8.61,17.958,41.639,1.5714,7,11.0,1.6254,weekly demand std / sqrt(7),0.95,7.07,18.07,40.07,0,NO_REORDER,LOW,Stock 22 is at or above the reorder point 18.1
BR001,MED289,Atorvastatin 40mg (CureLine Healthcare),Cardiovascular,13,0.965,2.364,5.193,0.1786,7,1.25,0.47,weekly demand std / sqrt(7),0.95,2.05,3.3,5.8,0,NO_REORDER,LOW,Stock 13 is at or above the reorder point 3.3
BR001,MED290,Atorvastatin 40mg (LifeSpring Pharma),Cardiovascular,8,0.674,1.577,3.849,0.1429,7,1.0,0.4681,weekly demand std / sqrt(7),0.95,2.04,3.04,5.04,0,NO_REORDER,LOW,Stock 8 is at or above the reorder point 3.0
BR001,MED291,Atorvastatin 40mg (VitaCure Remedies),Cardiovascular,14,1.027,2.117,5.181,0.25,7,1.75,0.8093,weekly demand std / sqrt(7),0.95,3.52,5.27,8.77,0,NO_REORDER,LOW,Stock 14 is at or above the reorder point 5.3
BR001,MED292,Clopidogrel 75mg (Aarogya Formulations),Cardiovascular,26,8.067,16.709,38.048,1.3571,7,9.5,1.7371,weekly demand std / sqrt(7),0.95,7.56,17.06,36.06,0,NO_REORDER,LOW,Stock 26 is at or above the reorder point 17.1
BR001,MED293,Clopidogrel 75mg (BlueCrest Pharma),Cardiovascular,23,2.847,6.636,12.809,0.5,7,3.5,1.0437,weekly demand std / sqrt(7),0.95,4.54,8.04,15.04,0,NO_REORDER,LOW,Stock 23 is at or above the reorder point 8.0
BR001,MED294,Clopidogrel 75mg (CureLine Healthcare),Cardiovascular,15,1.814,4.069,9.253,0.3929,7,2.75,0.8125,weekly demand std / sqrt(7),0.95,3.54,6.29,11.79,0,NO_REORDER,LOW,Stock 15 is at or above the reorder point 6.3
BR001,MED295,Clopidogrel 75mg (NovaMed Laboratories),Cardiovascular,6,0.496,1.255,2.687,0.0714,7,0.5,1.0566,weekly demand std / sqrt(7),0.95,4.6,5.1,6.1,0,NO_REORDER,LOW,Stock 6 is at or above the reorder point 5.1
BR001,MED296,Clopidogrel 75mg (Stellar Formulations),Cardiovascular,10,1.548,3.726,9.0,0.5357,7,3.75,1.2593,weekly demand std / sqrt(7),0.95,5.48,9.23,16.73,0,NO_REORDER,LOW,Stock 10 is at or above the reorder point 9.2
BR001,MED297,Losartan 50mg (Aarogya Formulations),Cardiovascular,16,0.628,1.362,3.131,0.0897,7,0.63,0.6387,weekly demand std / sqrt(7),0.95,2.78,3.41,4.66,0,NO_REORDER,LOW,Stock 16 is at or above the reorder point 3.4
BR001,MED298,Losartan 50mg (CarePlus Laboratories),Cardiovascular,13,1.469,3.073,8.029,0.3571,7,2.5,0.5312,weekly demand std / sqrt(7),0.95,2.31,4.81,9.81,0,NO_REORDER,LOW,Stock 13 is at or above the reorder point 4.8
BR001,MED299,Losartan 50mg (NovaMed Laboratories),Cardiovascular,120,39.563,80.189,173.252,5.6519,7,39.56,4.0539,weekly demand std / sqrt(7),0.95,17.64,57.21,136.33,0,NO_REORDER,LOW,Stock 120 is at or above the reorder point 57.2
BR001,MED300,Losartan 25mg,Cardiovascular,4,0.43,0.909,2.182,0.0614,7,0.43,0.6457,weekly demand std / sqrt(7),0.95,2.81,3.24,4.1,0,NO_REORDER,LOW,Stock 4 is at or above the reorder point 3.2
BR001,MED301,Losartan 25mg (CarePlus Laboratories),Cardiovascular,96,60.506,114.735,247.193,8.6437,7,60.51,6.1468,weekly demand std / sqrt(7),0.95,26.75,87.26,208.27,0,NO_REORDER,LOW,Stock 96 is at or above the reorder point 87.3
BR001,MED302,Losartan 25mg (HealthAxis Pharma),Cardiovascular,25,7.011,14.046,32.119,1.0016,7,7.01,1.3735,weekly demand std / sqrt(7),0.95,5.98,12.99,27.01,0,NO_REORDER,LOW,Stock 25 is at or above the reorder point 13.0
BR001,MED304,Losartan 25mg (Summit Lifesciences),Cardiovascular,13,1.009,2.336,6.102,0.1786,7,1.25,0.448,weekly demand std / sqrt(7),0.95,1.95,3.2,5.7,0,NO_REORDER,LOW,Stock 13 is at or above the reorder point 3.2
BR001,MED305,Losartan 25mg (TrueLife Remedies),Cardiovascular,32,10.292,21.797,52.346,2.0714,7,14.5,2.0141,weekly demand std / sqrt(7),0.95,8.76,23.26,52.26,0,NO_REORDER,LOW,Stock 32 is at or above the reorder point 23.3
BR001,MED306,Metoprolol 50mg (Aarogya Formulations),Cardiovascular,19,8.051,17.024,39.435,1.3929,7,9.75,1.7867,weekly demand std / sqrt(7),0.95,7.78,17.53,37.03,0,NO_REORDER,LOW,Stock 19 is at or above the reorder point 17.5
BR001,MED307,Metoprolol 50mg (BlueCrest Pharma),Cardiovascular,87,33.958,65.736,147.549,4.8511,7,33.96,4.3067,weekly demand std / sqrt(7),0.95,18.74,52.7,120.62,0,NO_REORDER,LOW,Stock 87 is at or above the reorder point 52.7
BR001,MED308,Metoprolol 50mg (CureLine Healthcare),Cardiovascular,12,1.009,2.342,5.561,0.2143,7,1.5,0.9595,weekly demand std / sqrt(7),0.95,4.18,5.68,8.68,0,NO_REORDER,LOW,Stock 12 is at or above the reorder point 5.7
BR001,MED309,Metoprolol 50mg (NovaMed Laboratories),Cardiovascular,15,0.971,2.166,4.963,0.1387,7,0.97,0.5674,weekly demand std / sqrt(7),0.95,2.47,3.44,5.38,0,NO_REORDER,LOW,Stock 15 is at or above the reorder point 3.4
BR001,MED310,Metoprolol 25mg,Cardiovascular,29,6.996,15.442,35.435,0.9994,7,7.0,1.919,weekly demand std / sqrt(7),0.95,8.35,15.35,29.34,0,NO_REORDER,LOW,Stock 29 is at or above the reorder point 15.3
BR001,MED311,Metoprolol 25mg (CureLine Healthcare),Cardiovascular,47,8.867,18.449,40.798,1.2667,7,8.87,1.6175,weekly demand std / sqrt(7),0.95,7.04,15.91,33.64,0,NO_REORDER,LOW,Stock 47 is at or above the reorder point 15.9
BR001,MED312,Metoprolol 25mg (HealthAxis Pharma),Cardiovascular,10,0.96,2.12,4.852,0.25,7,1.75,0.9557,weekly demand std / sqrt(7),0.95,4.16,5.91,9.41,0,NO_REORDER,LOW,Stock 10 is at or above the reorder point 5.9
BR001,MED314,Rosuvastatin 10mg (BlueCrest Pharma),Cardiovascular,24,9.959,20.445,46.299,1.75,7,12.25,1.9363,weekly demand std / sqrt(7),0.95,8.43,20.68,45.18,0,NO_REORDER,LOW,Stock 24 is at or above the reorder point 20.7
BR001,MED315,Rosuvastatin 10mg (NovaMed Laboratories),Cardiovascular,12,0.753,1.27,3.258,0.1786,7,1.25,0.713,weekly demand std / sqrt(7),0.95,3.1,4.35,6.85,0,NO_REORDER,LOW,Stock 12 is at or above the reorder point 4.4
BR001,MED317,Rosuvastatin 5mg,Cardiovascular,29,1.277,3.113,6.636,0.1824,7,1.28,0.8207,weekly demand std / sqrt(7),0.95,3.57,4.85,7.4,0,NO_REORDER,LOW,Stock 29 is at or above the reorder point 4.8
BR001,MED318,Rosuvastatin 5mg (BlueCrest Pharma),Cardiovascular,8,0.57,1.296,2.792,0.0814,7,0.57,0.6354,weekly demand std / sqrt(7),0.95,2.77,3.34,4.48,0,NO_REORDER,LOW,Stock 8 is at or above the reorder point 3.3
BR001,MED319,Rosuvastatin 5mg (NovaMed Laboratories),Cardiovascular,102,56.515,112.039,243.581,8.0736,7,56.52,5.1716,weekly demand std / sqrt(7),0.95,22.51,79.02,192.05,0,NO_REORDER,LOW,Stock 102 is at or above the reorder point 79.0
BR001,MED320,Rosuvastatin 5mg (Stellar Formulations),Cardiovascular,29,9.187,18.508,43.229,1.6429,7,11.5,1.5962,weekly demand std / sqrt(7),0.95,6.95,18.45,41.45,0,NO_REORDER,LOW,Stock 29 is at or above the reorder point 18.4
BR001,MED321,Rosuvastatin 5mg (VitaCure Remedies),Cardiovascular,9,1.149,2.592,5.974,0.25,7,1.75,0.8351,weekly demand std / sqrt(7),0.95,3.63,5.38,8.88,0,NO_REORDER,LOW,Stock 9 is at or above the reorder point 5.4
BR001,MED323,Rosuvastatin 20mg (NovaMed Laboratories),Cardiovascular,10,2.393,4.967,12.741,0.5,7,3.5,1.0769,weekly demand std / sqrt(7),0.95,4.69,8.19,15.19,0,NO_REORDER,LOW,Stock 10 is at or above the reorder point 8.2
BR001,MED324,Rosuvastatin 20mg (Stellar Formulations),Cardiovascular,24,9.865,20.56,47.351,1.9643,7,13.75,1.4018,weekly demand std / sqrt(7),0.95,6.1,19.85,47.35,0,NO_REORDER,LOW,Stock 24 is at or above the reorder point 19.9
BR001,MED325,Rosuvastatin 20mg (Summit Lifesciences),Cardiovascular,14,0.552,1.105,2.393,0.0789,7,0.55,0.4151,weekly demand std / sqrt(7),0.95,1.81,2.36,3.46,0,NO_REORDER,LOW,Stock 14 is at or above the reorder point 2.4
BR001,MED326,Rosuvastatin 20mg (VitaCure Remedies),Cardiovascular,100,52.681,104.84,225.763,7.5259,7,52.68,4.5735,weekly demand std / sqrt(7),0.95,19.9,72.58,177.95,0,NO_REORDER,LOW,Stock 100 is at or above the reorder point 72.6
BR001,MED328,Telmisartan 40mg (CureLine Healthcare),Cardiovascular,25,0.739,1.317,3.118,0.1056,7,0.74,0.4681,weekly demand std / sqrt(7),0.95,2.04,2.78,4.25,0,NO_REORDER,LOW,Stock 25 is at or above the reorder point 2.8
BR001,MED329,Telmisartan 40mg (NovaMed Laboratories),Cardiovascular,68,27.847,55.191,124.49,3.9781,7,27.85,3.0203,weekly demand std / sqrt(7),0.95,13.14,40.99,96.68,0,NO_REORDER,LOW,Stock 68 is at or above the reorder point 41.0
BR001,MED330,Telmisartan 40mg (Stellar Formulations),Cardiovascular,5,0.472,1.036,2.583,0.1429,7,1.0,0.6954,weekly demand std / sqrt(7),0.95,3.03,4.03,6.03,0,NO_REORDER,LOW,Stock 5 is at or above the reorder point 4.0
BR001,MED331,Telmisartan 40mg (VitaCure Remedies),Cardiovascular,17,1.346,2.989,7.377,0.2857,7,2.0,0.7561,weekly demand std / sqrt(7),0.95,3.29,5.29,9.29,0,NO_REORDER,LOW,Stock 17 is at or above the reorder point 5.3
BR001,MED332,Telmisartan 20mg,Cardiovascular,34,8.537,17.864,39.731,1.25,7,8.75,1.489,weekly demand std / sqrt(7),0.95,6.48,15.23,32.73,0,NO_REORDER,LOW,Stock 34 is at or above the reorder point 15.2
BR001,MED333,Telmisartan 20mg (HealthAxis Pharma),Cardiovascular,11,0.925,2.15,4.797,0.2143,7,1.5,0.8574,weekly demand std / sqrt(7),0.95,3.73,5.23,8.23,0,NO_REORDER,LOW,Stock 11 is at or above the reorder point 5.2
BR001,MED334,Telmisartan 20mg (LifeSpring Pharma),Cardiovascular,14,0.857,2.007,5.4,0.1429,7,1.0,0.746,weekly demand std / sqrt(7),0.95,3.25,4.25,6.25,0,NO_REORDER,LOW,Stock 14 is at or above the reorder point 4.2
BR001,MED336,Telmisartan 80mg,Cardiovascular,15,2.075,4.487,11.232,0.3929,7,2.75,0.7056,weekly demand std / sqrt(7),0.95,3.07,5.82,11.32,0,NO_REORDER,LOW,Stock 15 is at or above the reorder point 5.8
BR001,MED337,Telmisartan 80mg (ApexLife Pharma),Cardiovascular,19,1.376,3.308,8.349,0.2857,7,2.0,0.7795,weekly demand std / sqrt(7),0.95,3.39,5.39,9.39,0,NO_REORDER,LOW,Stock 19 is at or above the reorder point 5.4
BR001,MED338,Telmisartan 80mg (BlueCrest Pharma),Cardiovascular,76,13.282,26.561,58.945,1.8974,7,13.28,2.3005,weekly demand std / sqrt(7),0.95,10.01,23.29,49.86,0,NO_REORDER,LOW,Stock 76 is at or above the reorder point 23.3
BR001,MED339,Telmisartan 80mg (CureLine Healthcare),Cardiovascular,7,0.83,1.79,4.636,0.1786,7,1.25,0.6802,weekly demand std / sqrt(7),0.95,2.96,4.21,6.71,0,NO_REORDER,LOW,Stock 7 is at or above the reorder point 4.2
BR001,MED340,Telmisartan 80mg (NovaMed Laboratories),Cardiovascular,10,1.39,3.147,8.65,0.3571,7,2.5,0.7636,weekly demand std / sqrt(7),0.95,3.32,5.82,10.82,0,NO_REORDER,LOW,Stock 10 is at or above the reorder point 5.8
BR001,MED341,Telmisartan 80mg (Stellar Formulations),Cardiovascular,17,4.342,8.963,21.06,0.6786,7,4.75,1.3445,weekly demand std / sqrt(7),0.95,5.85,10.6,20.1,0,NO_REORDER,LOW,Stock 17 is at or above the reorder point 10.6
BR001,MED342,Telmisartan 80mg (Summit Lifesciences),Cardiovascular,16,3.427,7.369,17.808,0.6071,7,4.25,1.5464,weekly demand std / sqrt(7),0.95,6.73,10.98,19.48,0,NO_REORDER,LOW,Stock 16 is at or above the reorder point 11.0
BR001,MED344,Gliclazide 80mg (Aarogya Formulations),Antidiabetic,43,10.248,22.525,50.628,1.6786,7,11.75,2.6302,weekly demand std / sqrt(7),0.95,11.45,23.2,46.7,0,NO_REORDER,LOW,Stock 43 is at or above the reorder point 23.2
BR001,MED345,Gliclazide 80mg (BlueCrest Pharma),Antidiabetic,11,2.919,5.755,14.26,0.5714,7,4.0,1.097,weekly demand std / sqrt(7),0.95,4.77,8.77,16.77,0,NO_REORDER,LOW,Stock 11 is at or above the reorder point 8.8
BR001,MED346,Gliclazide 80mg (CarePlus Laboratories),Antidiabetic,18,5.824,12.842,29.107,1.25,7,8.75,1.4322,weekly demand std / sqrt(7),0.95,6.23,14.98,32.48,0,NO_REORDER,LOW,Stock 18 is at or above the reorder point 15.0
BR001,MED348,Gliclazide 80mg (TrueLife Remedies),Antidiabetic,20,1.13,2.742,6.555,0.1614,7,1.13,0.3248,weekly demand std / sqrt(7),0.95,1.41,2.54,4.8,0,NO_REORDER,LOW,Stock 20 is at or above the reorder point 2.5
BR001,MED349,Gliclazide 40mg,Antidiabetic,16,4.704,10.355,23.508,0.8571,7,6.0,1.3513,weekly demand std / sqrt(7),0.95,5.88,11.88,23.88,0,NO_REORDER,LOW,Stock 16 is at or above the reorder point 11.9
BR001,MED350,Gliclazide 40mg (BlueCrest Pharma),Antidiabetic,7,0.689,1.373,3.047,0.1429,7,1.0,0.5118,weekly demand std / sqrt(7),0.95,2.23,3.23,5.23,0,NO_REORDER,LOW,Stock 7 is at or above the reorder point 3.2
BR001,MED351,Gliclazide 40mg (Lumina Pharma),Antidiabetic,16,2.022,3.634,9.731,0.4643,7,3.25,1.4143,weekly demand std / sqrt(7),0.95,6.15,9.4,15.9,0,NO_REORDER,LOW,Stock 16 is at or above the reorder point 9.4
BR001,MED352,Gliclazide 40mg (NovaMed Laboratories),Antidiabetic,13,0.6,1.3,2.938,0.0857,7,0.6,0.3305,weekly demand std / sqrt(7),0.95,1.44,2.04,3.24,0,NO_REORDER,LOW,Stock 13 is at or above the reorder point 2.0
BR001,MED353,Gliclazide 40mg (Stellar Formulations),Antidiabetic,20,0.815,1.616,4.433,0.1164,7,0.82,0.3992,weekly demand std / sqrt(7),0.95,1.74,2.55,4.18,0,NO_REORDER,LOW,Stock 20 is at or above the reorder point 2.6
BR001,MED355,Glimepiride 2mg (BlueCrest Pharma),Antidiabetic,19,0.891,1.822,4.447,0.1273,7,0.89,0.5345,weekly demand std / sqrt(7),0.95,2.33,3.22,5.0,0,NO_REORDER,LOW,Stock 19 is at or above the reorder point 3.2
BR001,MED356,Glimepiride 2mg (CarePlus Laboratories),Antidiabetic,12,3.934,8.444,18.016,0.7857,7,5.5,1.074,weekly demand std / sqrt(7),0.95,4.67,10.17,21.17,0,NO_REORDER,LOW,Stock 12 is at or above the reorder point 10.2
BR001,MED358,Glimepiride 2mg (VitaCure Remedies),Antidiabetic,34,8.697,17.243,39.742,1.3571,7,9.5,1.9943,weekly demand std / sqrt(7),0.95,8.68,18.18,37.18,0,NO_REORDER,LOW,Stock 34 is at or above the reorder point 18.2
BR001,MED359,Glimepiride 1mg,Antidiabetic,8,0.444,0.968,2.26,0.0634,7,0.44,0.443,weekly demand std / sqrt(7),0.95,1.93,2.37,3.26,0,NO_REORDER,LOW,Stock 8 is at or above the reorder point 2.4
BR001,MED360,Glimepiride 1mg (CarePlus Laboratories),Antidiabetic,44,12.843,25.255,57.895,2.3214,7,16.25,2.0813,weekly demand std / sqrt(7),0.95,9.06,25.31,57.81,0,NO_REORDER,LOW,Stock 44 is at or above the reorder point 25.3
BR001,MED361,Glimepiride 1mg (CureLine Healthcare),Antidiabetic,30,7.925,16.608,37.994,1.2857,7,9.0,1.2794,weekly demand std / sqrt(7),0.95,5.57,14.57,32.57,0,NO_REORDER,LOW,Stock 30 is at or above the reorder point 14.6
BR001,MED362,Glimepiride 1mg (HealthAxis Pharma),Antidiabetic,20,5.066,10.352,21.714,1.0357,7,7.25,1.3935,weekly demand std / sqrt(7),0.95,6.06,13.31,27.81,0,NO_REORDER,LOW,Stock 20 is at or above the reorder point 13.3
BR001,MED363,Glimepiride 1mg (Summit Lifesciences),Antidiabetic,31,1.267,2.989,7.902,0.181,7,1.27,0.711,weekly demand std / sqrt(7),0.95,3.09,4.36,6.9,0,NO_REORDER,LOW,Stock 31 is at or above the reorder point 4.4
BR001,MED365,Glimepiride 3mg,Antidiabetic,10,0.725,1.522,3.783,0.1429,7,1.0,0.8163,weekly demand std / sqrt(7),0.95,3.55,4.55,6.55,0,NO_REORDER,LOW,Stock 10 is at or above the reorder point 4.6
BR001,MED366,Glimepiride 3mg (ApexLife Pharma),Antidiabetic,34,9.641,19.542,45.604,1.8571,7,13.0,1.6673,weekly demand std / sqrt(7),0.95,7.26,20.26,46.26,0,NO_REORDER,LOW,Stock 34 is at or above the reorder point 20.3
BR001,MED367,Glimepiride 3mg (CureLine Healthcare),Antidiabetic,17,0.906,1.841,5.072,0.1294,7,0.91,0.8346,weekly demand std / sqrt(7),0.95,3.63,4.54,6.35,0,NO_REORDER,LOW,Stock 17 is at or above the reorder point 4.5
BR001,MED368,Glimepiride 3mg (NovaMed Laboratories),Antidiabetic,10,1.151,2.192,5.667,0.25,7,1.75,0.6078,weekly demand std / sqrt(7),0.95,2.65,4.4,7.9,0,NO_REORDER,LOW,Stock 10 is at or above the reorder point 4.4
BR001,MED369,Glimepiride 3mg (Stellar Formulations),Antidiabetic,7,1.471,3.323,8.686,0.4286,7,3.0,0.7372,weekly demand std / sqrt(7),0.95,3.21,6.21,12.21,0,NO_REORDER,LOW,Stock 7 is at or above the reorder point 6.2
BR001,MED370,Glimepiride 3mg (Summit Lifesciences),Antidiabetic,22,3.039,7.021,16.013,0.4643,7,3.25,0.7983,weekly demand std / sqrt(7),0.95,3.47,6.72,13.22,0,NO_REORDER,LOW,Stock 22 is at or above the reorder point 6.7
BR001,MED371,Glimepiride 3mg (TrueLife Remedies),Antidiabetic,3,0.428,0.969,2.827,0.1786,7,1.25,0.3967,weekly demand std / sqrt(7),0.95,1.73,2.98,5.48,0,NO_REORDER,LOW,Stock 3 is at or above the reorder point 3.0
BR001,MED373,Glimepiride + Metformin 2mg/500mg (Aarogya Formulations),Antidiabetic,14,1.041,2.298,5.035,0.2143,7,1.5,0.6332,weekly demand std / sqrt(7),0.95,2.76,4.26,7.26,0,NO_REORDER,LOW,Stock 14 is at or above the reorder point 4.3
BR001,MED375,Glimepiride + Metformin 2mg/500mg (Summit Lifesciences),Antidiabetic,4,0.343,0.64,1.728,0.0714,7,0.5,0.5405,weekly demand std / sqrt(7),0.95,2.35,2.85,3.85,0,NO_REORDER,LOW,Stock 4 is at or above the reorder point 2.9
BR001,MED376,Glimepiride + Metformin 1mg/500mg,Antidiabetic,17,1.534,3.277,8.521,0.3214,7,2.25,1.1046,weekly demand std / sqrt(7),0.95,4.81,7.06,11.56,0,NO_REORDER,LOW,Stock 17 is at or above the reorder point 7.1
BR001,MED377,Glimepiride + Metformin 1mg/500mg (CarePlus Laboratories),Antidiabetic,12,1.605,3.507,8.395,0.4643,7,3.25,1.0931,weekly demand std / sqrt(7),0.95,4.76,8.01,14.51,0,NO_REORDER,LOW,Stock 12 is at or above the reorder point 8.0
BR001,MED379,Glimepiride + Metformin 1mg/500mg (Summit Lifesciences),Antidiabetic,11,2.384,5.018,11.574,0.6071,7,4.25,0.8298,weekly demand std / sqrt(7),0.95,3.61,7.86,16.36,0,NO_REORDER,LOW,Stock 11 is at or above the reorder point 7.9
BR001,MED380,Glimepiride + Metformin 1mg/500mg (VitaCure Remedies),Antidiabetic,33,8.128,16.517,38.155,1.1611,7,8.13,2.7276,weekly demand std / sqrt(7),0.95,11.87,20.0,36.25,0,NO_REORDER,LOW,Stock 33 is at or above the reorder point 20.0
BR001,MED381,Glimepiride + Metformin 1mg/500mg (Zenith BioPharma),Antidiabetic,140,54.873,104.145,225.547,7.839,7,54.87,5.249,weekly demand std / sqrt(7),0.95,22.84,77.72,187.46,0,NO_REORDER,LOW,Stock 140 is at or above the reorder point 77.7
BR001,MED382,Metformin 500mg (CureLine Healthcare),Antidiabetic,11,2.089,3.822,9.494,0.4286,7,3.0,0.7466,weekly demand std / sqrt(7),0.95,3.25,6.25,12.25,0,NO_REORDER,LOW,Stock 11 is at or above the reorder point 6.2
BR001,MED383,Metformin 500mg (Stellar Formulations),Antidiabetic,106,47.016,92.492,206.571,6.75,7,47.25,3.7897,weekly demand std / sqrt(7),0.95,16.49,63.74,158.24,0,NO_REORDER,LOW,Stock 106 is at or above the reorder point 63.7
BR001,MED384,Metformin 500mg (TrueLife Remedies),Antidiabetic,25,0.923,1.842,4.244,0.1319,7,0.92,0.7073,weekly demand std / sqrt(7),0.95,3.08,4.0,5.85,0,NO_REORDER,LOW,Stock 25 is at or above the reorder point 4.0
BR001,MED387,Metformin 850mg (Stellar Formulations),Antidiabetic,17,1.093,2.423,6.195,0.1561,7,1.09,1.1279,weekly demand std / sqrt(7),0.95,4.91,6.0,8.19,0,NO_REORDER,LOW,Stock 17 is at or above the reorder point 6.0
BR001,MED388,Metformin 850mg (VitaCure Remedies),Antidiabetic,18,1.052,2.402,6.148,0.1786,7,1.25,0.5051,weekly demand std / sqrt(7),0.95,2.2,3.45,5.95,0,NO_REORDER,LOW,Stock 18 is at or above the reorder point 3.4
BR001,MED389,Metformin 1000mg,Antidiabetic,24,1.31,3.338,8.415,0.2143,7,1.5,1.0512,weekly demand std / sqrt(7),0.95,4.57,6.07,9.07,0,NO_REORDER,LOW,Stock 24 is at or above the reorder point 6.1
BR001,MED390,Metformin 1000mg (BlueCrest Pharma),Antidiabetic,15,1.777,4.109,9.552,0.2539,7,1.78,0.4378,weekly demand std / sqrt(7),0.95,1.91,3.68,7.24,0,NO_REORDER,LOW,Stock 15 is at or above the reorder point 3.7
BR001,MED391,Metformin 1000mg (HealthAxis Pharma),Antidiabetic,39,8.068,17.352,37.878,1.1526,7,8.07,1.6628,weekly demand std / sqrt(7),0.95,7.24,15.3,31.44,0,NO_REORDER,LOW,Stock 39 is at or above the reorder point 15.3
BR001,MED393,Metformin 1000mg (TrueLife Remedies),Antidiabetic,18,1.327,3.493,8.21,0.2143,7,1.5,1.562,weekly demand std / sqrt(7),0.95,6.8,8.3,11.3,0,NO_REORDER,LOW,Stock 18 is at or above the reorder point 8.3
BR001,MED394,Sitagliptin 100mg (BlueCrest Pharma),Antidiabetic,9,1.263,2.79,6.36,0.2857,7,2.0,0.7934,weekly demand std / sqrt(7),0.95,3.45,5.45,9.45,0,NO_REORDER,LOW,Stock 9 is at or above the reorder point 5.5
BR001,MED395,Sitagliptin 100mg (CarePlus Laboratories),Antidiabetic,27,9.606,20.08,46.44,1.7143,7,12.0,2.1147,weekly demand std / sqrt(7),0.95,9.2,21.2,45.2,0,NO_REORDER,LOW,Stock 27 is at or above the reorder point 21.2
BR001,MED396,Sitagliptin 100mg (HealthAxis Pharma),Antidiabetic,226,70.311,132.102,297.709,11.0357,7,77.25,5.3586,weekly demand std / sqrt(7),0.95,23.32,100.57,255.07,0,NO_REORDER,LOW,Stock 226 is at or above the reorder point 100.6
BR001,MED397,Sitagliptin 50mg,Antidiabetic,31,7.59,15.665,36.029,1.2143,7,8.5,1.9339,weekly demand std / sqrt(7),0.95,8.42,16.92,33.92,0,NO_REORDER,LOW,Stock 31 is at or above the reorder point 16.9
BR001,MED398,Sitagliptin 50mg (ApexLife Pharma),Antidiabetic,19,2.822,6.65,14.215,0.6071,7,4.25,1.4698,weekly demand std / sqrt(7),0.95,6.4,10.65,19.15,0,NO_REORDER,LOW,Stock 19 is at or above the reorder point 10.6
BR001,MED400,Sitagliptin 50mg (Crestview Pharma),Antidiabetic,17,0.88,1.853,4.354,0.1257,7,0.88,1.0879,weekly demand std / sqrt(7),0.95,4.73,5.61,7.37,0,NO_REORDER,LOW,Stock 17 is at or above the reorder point 5.6
BR001,MED401,Sitagliptin 50mg (HealthAxis Pharma),Antidiabetic,15,1.368,3.156,6.826,0.25,7,1.75,0.8355,weekly demand std / sqrt(7),0.95,3.64,5.39,8.89,0,NO_REORDER,LOW,Stock 15 is at or above the reorder point 5.4
BR001,MED402,Sitagliptin 50mg (NovaMed Laboratories),Antidiabetic,23,6.196,12.154,26.394,0.9286,7,6.5,1.6638,weekly demand std / sqrt(7),0.95,7.24,13.74,26.74,0,NO_REORDER,LOW,Stock 23 is at or above the reorder point 13.7
BR001,MED403,Sitagliptin 50mg (Stellar Formulations),Antidiabetic,13,1.068,2.241,5.705,0.25,7,1.75,0.8351,weekly demand std / sqrt(7),0.95,3.63,5.38,8.88,0,NO_REORDER,LOW,Stock 13 is at or above the reorder point 5.4
BR001,MED404,Sitagliptin 50mg (Summit Lifesciences),Antidiabetic,22,1.266,2.664,6.459,0.1809,7,1.27,0.6112,weekly demand std / sqrt(7),0.95,2.66,3.93,6.46,0,NO_REORDER,LOW,Stock 22 is at or above the reorder point 3.9
BR001,MED405,Sitagliptin 50mg (TrueLife Remedies),Antidiabetic,11,1.182,2.559,6.092,0.2143,7,1.5,0.8334,weekly demand std / sqrt(7),0.95,3.63,5.13,8.13,0,NO_REORDER,LOW,Stock 11 is at or above the reorder point 5.1
BR001,MED406,Ambroxol + Levosalbutamol Syrup 100ml (Aarogya Formulations),Respiratory,14,0.751,1.608,3.34,0.1073,7,0.75,0.5872,weekly demand std / sqrt(7),0.95,2.56,3.31,4.81,0,NO_REORDER,LOW,Stock 14 is at or above the reorder point 3.3
BR001,MED407,Ambroxol + Levosalbutamol Syrup 100ml (NovaMed Laboratories),Respiratory,33,9.146,18.892,40.424,1.3929,7,9.75,1.1368,weekly demand std / sqrt(7),0.95,4.95,14.7,34.2,0,NO_REORDER,LOW,Stock 33 is at or above the reorder point 14.7
BR001,MED409,Ambroxol + Levosalbutamol Syrup 100ml (VitaCure Remedies),Respiratory,11,1.073,2.148,4.593,0.2857,7,2.0,0.5475,weekly demand std / sqrt(7),0.95,2.38,4.38,8.38,0,NO_REORDER,LOW,Stock 11 is at or above the reorder point 4.4
BR001,MED410,Ambroxol + Levosalbutamol Syrup 60ml,Respiratory,20,1.841,4.006,9.852,0.3214,7,2.25,0.3925,weekly demand std / sqrt(7),0.95,1.71,3.96,8.46,0,NO_REORDER,LOW,Stock 20 is at or above the reorder point 4.0
BR001,MED411,Ambroxol + Levosalbutamol Syrup 60ml (NovaMed Laboratories),Respiratory,11,5.307,11.15,24.752,0.8929,7,6.25,0.913,weekly demand std / sqrt(7),0.95,3.97,10.22,22.72,0,NO_REORDER,LOW,Stock 11 is at or above the reorder point 10.2
BR001,MED412,Budesonide Inhaler 200mcg (ApexLife Pharma),Respiratory,13,0.925,2.092,4.895,0.1429,7,1.0,0.4268,weekly demand std / sqrt(7),0.95,1.86,2.86,4.86,0,NO_REORDER,LOW,Stock 13 is at or above the reorder point 2.9
BR001,MED413,Budesonide Inhaler 200mcg (BlueCrest Pharma),Respiratory,7,0.749,1.727,3.508,0.1429,7,1.0,0.4744,weekly demand std / sqrt(7),0.95,2.06,3.06,5.06,0,NO_REORDER,LOW,Stock 7 is at or above the reorder point 3.1
BR001,MED414,Budesonide Inhaler 200mcg (VitaCure Remedies),Respiratory,7,0.923,2.137,4.846,0.25,7,1.75,0.6318,weekly demand std / sqrt(7),0.95,2.75,4.5,8.0,0,NO_REORDER,LOW,Stock 7 is at or above the reorder point 4.5
BR001,MED416,Dextromethorphan Syrup 100ml (HealthAxis Pharma),Respiratory,48,9.917,20.826,45.361,1.4286,7,10.0,1.6852,weekly demand std / sqrt(7),0.95,7.33,17.33,37.33,0,NO_REORDER,LOW,Stock 48 is at or above the reorder point 17.3
BR001,MED418,Dextromethorphan Syrup 100ml (Summit Lifesciences),Respiratory,16,1.138,2.488,5.939,0.1786,7,1.25,0.5659,weekly demand std / sqrt(7),0.95,2.46,3.71,6.21,0,NO_REORDER,LOW,Stock 16 is at or above the reorder point 3.7
BR001,MED420,Montelukast 10mg (CureLine Healthcare),Respiratory,23,5.84,12.224,26.174,0.8343,7,5.84,0.7329,weekly demand std / sqrt(7),0.95,3.19,9.03,20.71,0,NO_REORDER,LOW,Stock 23 is at or above the reorder point 9.0
BR001,MED421,Montelukast 10mg (LifeSpring Pharma),Respiratory,13,1.716,3.995,9.093,0.3929,7,2.75,0.6482,weekly demand std / sqrt(7),0.95,2.82,5.57,11.07,0,NO_REORDER,LOW,Stock 13 is at or above the reorder point 5.6
BR001,MED422,Montelukast 10mg (NovaMed Laboratories),Respiratory,14,0.564,1.237,3.121,0.0806,7,0.56,0.3211,weekly demand std / sqrt(7),0.95,1.4,1.96,3.09,0,NO_REORDER,LOW,Stock 14 is at or above the reorder point 2.0
BR001,MED423,Montelukast 10mg (Summit Lifesciences),Respiratory,7,0.771,1.692,4.059,0.1786,7,1.25,0.3583,weekly demand std / sqrt(7),0.95,1.56,2.81,5.31,0,NO_REORDER,LOW,Stock 7 is at or above the reorder point 2.8
BR001,MED424,Montelukast 10mg (TrueLife Remedies),Respiratory,13,0.902,1.979,4.811,0.1429,7,1.0,0.4935,weekly demand std / sqrt(7),0.95,2.15,3.15,5.15,0,NO_REORDER,LOW,Stock 13 is at or above the reorder point 3.1
BR001,MED425,Montelukast 5mg,Respiratory,15,1.779,3.637,7.945,0.3214,7,2.25,0.5734,weekly demand std / sqrt(7),0.95,2.5,4.75,9.25,0,NO_REORDER,LOW,Stock 15 is at or above the reorder point 4.7
BR001,MED426,Montelukast 5mg (CarePlus Laboratories),Respiratory,5,0.443,0.968,2.255,0.0633,7,0.44,0.2123,weekly demand std / sqrt(7),0.95,0.92,1.37,2.25,0,NO_REORDER,LOW,Stock 5 is at or above the reorder point 1.4
BR001,MED427,Montelukast 5mg (NovaMed Laboratories),Respiratory,10,1.02,2.327,5.015,0.1786,7,1.25,0.5475,weekly demand std / sqrt(7),0.95,2.38,3.63,6.13,0,NO_REORDER,LOW,Stock 10 is at or above the reorder point 3.6
BR001,MED428,Montelukast 5mg (Summit Lifesciences),Respiratory,17,0.879,1.98,5.402,0.1256,7,0.88,0.1904,weekly demand std / sqrt(7),0.95,0.83,1.71,3.47,0,NO_REORDER,LOW,Stock 17 is at or above the reorder point 1.7
BR001,MED430,Salbutamol Inhaler 100mcg (Aarogya Formulations),Respiratory,9,0.721,1.583,3.525,0.1071,7,0.75,0.2878,weekly demand std / sqrt(7),0.95,1.25,2.0,3.5,0,NO_REORDER,LOW,Stock 9 is at or above the reorder point 2.0
BR001,MED432,Salbutamol Inhaler 100mcg (Stellar Formulations),Respiratory,63,28.297,57.287,121.935,4.1071,7,28.75,2.5841,weekly demand std / sqrt(7),0.95,11.25,40.0,97.5,0,NO_REORDER,LOW,Stock 63 is at or above the reorder point 40.0
BR001,MED433,Salbutamol Inhaler 100mcg (Summit Lifesciences),Respiratory,10,2.603,5.24,11.233,0.6071,7,4.25,0.6638,weekly demand std / sqrt(7),0.95,2.89,7.14,15.64,0,NO_REORDER,LOW,Stock 10 is at or above the reorder point 7.1
BR001,MED434,Salbutamol Inhaler 100mcg (TrueLife Remedies),Respiratory,9,0.683,1.489,3.33,0.1071,7,0.75,0.2016,weekly demand std / sqrt(7),0.95,0.88,1.63,3.13,0,NO_REORDER,LOW,Stock 9 is at or above the reorder point 1.6
BR001,MED435,Salbutamol Inhaler 100mcg (VitaCure Remedies),Respiratory,27,1.238,2.449,6.07,0.1769,7,1.24,0.3622,weekly demand std / sqrt(7),0.95,1.58,2.81,5.29,0,NO_REORDER,LOW,Stock 27 is at or above the reorder point 2.8
BR001,MED436,Salbutamol Inhaler 200mcg,Respiratory,14,2.895,6.268,14.233,0.4643,7,3.25,0.6852,weekly demand std / sqrt(7),0.95,2.98,6.23,12.73,0,NO_REORDER,LOW,Stock 14 is at or above the reorder point 6.2
BR001,MED437,Salbutamol Inhaler 200mcg (BlueCrest Pharma),Respiratory,11,0.849,1.847,4.166,0.1786,7,1.25,0.4596,weekly demand std / sqrt(7),0.95,2.0,3.25,5.75,0,NO_REORDER,LOW,Stock 11 is at or above the reorder point 3.3
BR001,MED438,Salbutamol Inhaler 200mcg (CarePlus Laboratories),Respiratory,12,0.825,1.789,4.681,0.1429,7,1.0,0.2878,weekly demand std / sqrt(7),0.95,1.25,2.25,4.25,0,NO_REORDER,LOW,Stock 12 is at or above the reorder point 2.3
BR001,MED439,Salbutamol Inhaler 200mcg (HealthAxis Pharma),Respiratory,11,1.03,2.14,5.323,0.25,7,1.75,0.7004,weekly demand std / sqrt(7),0.95,3.05,4.8,8.3,0,NO_REORDER,LOW,Stock 11 is at or above the reorder point 4.8
BR001,MED440,Salbutamol Inhaler 200mcg (Stellar Formulations),Respiratory,25,1.298,2.684,6.681,0.2143,7,1.5,0.5161,weekly demand std / sqrt(7),0.95,2.25,3.75,6.75,0,NO_REORDER,LOW,Stock 25 is at or above the reorder point 3.7
BR001,MED441,Salbutamol Inhaler 200mcg (Summit Lifesciences),Respiratory,19,0.953,2.234,5.742,0.1429,7,1.0,0.2673,weekly demand std / sqrt(7),0.95,1.16,2.16,4.16,0,NO_REORDER,LOW,Stock 19 is at or above the reorder point 2.2
BR001,MED442,Calcium + Vitamin D3 500mg/250IU (Aarogya Formulations),Vitamins,26,0.909,1.816,4.184,0.1299,7,0.91,0.3038,weekly demand std / sqrt(7),0.95,1.32,2.23,4.05,0,NO_REORDER,LOW,Stock 26 is at or above the reorder point 2.2
BR001,MED443,Calcium + Vitamin D3 500mg/250IU (ApexLife Pharma),Vitamins,39,7.282,14.915,31.575,1.0403,7,7.28,1.6468,weekly demand std / sqrt(7),0.95,7.17,14.45,29.01,0,NO_REORDER,LOW,Stock 39 is at or above the reorder point 14.4
BR001,MED444,Calcium + Vitamin D3 500mg/250IU (CureLine Healthcare),Vitamins,17,6.589,13.602,31.52,1.1429,7,8.0,0.9244,weekly demand std / sqrt(7),0.95,4.02,12.02,28.02,0,NO_REORDER,LOW,Stock 17 is at or above the reorder point 12.0
BR001,MED445,Calcium + Vitamin D3 500mg/250IU (HealthAxis Pharma),Vitamins,23,6.884,14.41,32.342,1.1429,7,8.0,1.5014,weekly demand std / sqrt(7),0.95,6.53,14.53,30.53,0,NO_REORDER,LOW,Stock 23 is at or above the reorder point 14.5
BR001,MED446,Calcium + Vitamin D3 500mg/250IU (LifeSpring Pharma),Vitamins,31,8.598,17.627,39.525,1.2857,7,9.0,1.6994,weekly demand std / sqrt(7),0.95,7.4,16.4,34.4,0,NO_REORDER,LOW,Stock 31 is at or above the reorder point 16.4
BR001,MED447,Calcium + Vitamin D3 500mg/250IU (Summit Lifesciences),Vitamins,9,3.242,7.07,17.143,0.6786,7,4.75,0.742,weekly demand std / sqrt(7),0.95,3.23,7.98,17.48,0,NO_REORDER,LOW,Stock 9 is at or above the reorder point 8.0
BR001,MED448,Calcium + Vitamin D3 500mg/250IU (TrueLife Remedies),Vitamins,45,10.486,20.257,48.008,1.6071,7,11.25,1.6047,weekly demand std / sqrt(7),0.95,6.98,18.23,40.73,0,NO_REORDER,LOW,Stock 45 is at or above the reorder point 18.2
BR001,MED450,Iron + Folic Acid 100mg/500mcg (CarePlus Laboratories),Vitamins,11,1.028,2.315,5.959,0.1469,7,1.03,0.6005,weekly demand std / sqrt(7),0.95,2.61,3.64,5.7,0,NO_REORDER,LOW,Stock 11 is at or above the reorder point 3.6
BR001,MED451,Iron + Folic Acid 100mg/500mcg (CureLine Healthcare),Vitamins,13,0.651,1.412,3.44,0.093,7,0.65,0.375,weekly demand std / sqrt(7),0.95,1.63,2.28,3.59,0,NO_REORDER,LOW,Stock 13 is at or above the reorder point 2.3
BR001,MED452,Iron + Folic Acid 100mg/500mcg (HealthAxis Pharma),Vitamins,13,1.932,4.315,9.646,0.3929,7,2.75,0.6352,weekly demand std / sqrt(7),0.95,2.76,5.51,11.01,0,NO_REORDER,LOW,Stock 13 is at or above the reorder point 5.5
BR001,MED453,Iron + Folic Acid 100mg/500mcg (LifeSpring Pharma),Vitamins,8,1.394,3.112,7.51,0.3214,7,2.25,0.5353,weekly demand std / sqrt(7),0.95,2.33,4.58,9.08,0,NO_REORDER,LOW,Stock 8 is at or above the reorder point 4.6
BR001,MED454,Iron + Folic Acid 100mg/500mcg (Stellar Formulations),Vitamins,54,21.993,44.381,98.078,3.1419,7,21.99,2.0026,weekly demand std / sqrt(7),0.95,8.72,30.71,74.69,0,NO_REORDER,LOW,Stock 54 is at or above the reorder point 30.7
BR001,MED455,Iron + Folic Acid 100mg/500mcg (Summit Lifesciences),Vitamins,8,0.724,1.644,3.917,0.1034,7,0.72,0.3706,weekly demand std / sqrt(7),0.95,1.61,2.34,3.78,0,NO_REORDER,LOW,Stock 8 is at or above the reorder point 2.3
BR001,MED456,Iron + Folic Acid 100mg/500mcg (VitaCure Remedies),Vitamins,22,1.064,2.192,4.816,0.152,7,1.06,0.7173,weekly demand std / sqrt(7),0.95,3.12,4.19,6.31,0,NO_REORDER,LOW,Stock 22 is at or above the reorder point 4.2
BR001,MED457,Multivitamin B-complex+C (BlueCrest Pharma),Vitamins,17,2.072,4.802,10.88,0.4286,7,3.0,0.5469,weekly demand std / sqrt(7),0.95,2.38,5.38,11.38,0,NO_REORDER,LOW,Stock 17 is at or above the reorder point 5.4
BR001,MED458,Multivitamin B-complex+C (HealthAxis Pharma),Vitamins,21,1.137,2.455,5.912,0.1624,7,1.14,0.4772,weekly demand std / sqrt(7),0.95,2.08,3.21,5.49,0,NO_REORDER,LOW,Stock 21 is at or above the reorder point 3.2
BR001,MED459,Multivitamin B-complex+C (Summit Lifesciences),Vitamins,88,49.568,96.893,204.944,7.25,7,50.75,3.5194,weekly demand std / sqrt(7),0.95,15.32,66.07,167.57,0,NO_REORDER,LOW,Stock 88 is at or above the reorder point 66.1
BR001,MED461,Vitamin C Chewable 500mg (Aarogya Formulations),Vitamins,44,12.201,24.496,55.937,2.0357,7,14.25,1.9797,weekly demand std / sqrt(7),0.95,8.62,22.87,51.37,0,NO_REORDER,LOW,Stock 44 is at or above the reorder point 22.9
BR001,MED464,Vitamin C Chewable 500mg (TrueLife Remedies),Vitamins,13,0.97,2.005,4.934,0.1786,7,1.25,0.9072,weekly demand std / sqrt(7),0.95,3.95,5.2,7.7,0,NO_REORDER,LOW,Stock 13 is at or above the reorder point 5.2
BR001,MED465,Vitamin C Chewable 1000mg,Vitamins,40,8.974,18.183,41.649,1.282,7,8.97,1.4925,weekly demand std / sqrt(7),0.95,6.5,15.47,33.42,0,NO_REORDER,LOW,Stock 40 is at or above the reorder point 15.5
BR001,MED466,Vitamin C Chewable 1000mg (ApexLife Pharma),Vitamins,59,28.523,55.943,127.378,4.3214,7,30.25,2.6639,weekly demand std / sqrt(7),0.95,11.59,41.84,102.34,0,NO_REORDER,LOW,Stock 59 is at or above the reorder point 41.8
BR001,MED467,Vitamin C Chewable 1000mg (BlueCrest Pharma),Vitamins,19,2.062,4.993,10.943,0.4286,7,3.0,0.617,weekly demand std / sqrt(7),0.95,2.69,5.69,11.69,0,NO_REORDER,LOW,Stock 19 is at or above the reorder point 5.7
BR001,MED468,Vitamin C Chewable 1000mg (CarePlus Laboratories),Vitamins,22,5.707,12.451,27.812,0.8929,7,6.25,1.3191,weekly demand std / sqrt(7),0.95,5.74,11.99,24.49,0,NO_REORDER,LOW,Stock 22 is at or above the reorder point 12.0
BR001,MED469,Vitamin C Chewable 1000mg (CureLine Healthcare),Vitamins,18,2.448,5.32,12.393,0.4643,7,3.25,0.9072,weekly demand std / sqrt(7),0.95,3.95,7.2,13.7,0,NO_REORDER,LOW,Stock 18 is at or above the reorder point 7.2
BR001,MED471,Vitamin C Chewable 1000mg (Summit Lifesciences),Vitamins,12,2.747,5.256,12.652,0.6071,7,4.25,0.8573,weekly demand std / sqrt(7),0.95,3.73,7.98,16.48,0,NO_REORDER,LOW,Stock 12 is at or above the reorder point 8.0
BR001,MED472,Vitamin C Chewable 1000mg (TrueLife Remedies),Vitamins,7,1.379,2.43,6.126,0.25,7,1.75,0.5023,weekly demand std / sqrt(7),0.95,2.19,3.94,7.44,0,NO_REORDER,LOW,Stock 7 is at or above the reorder point 3.9
BR001,MED474,Vitamin D3 60000IU (TrueLife Remedies),Vitamins,13,0.992,2.075,4.942,0.1429,7,1.0,0.435,weekly demand std / sqrt(7),0.95,1.89,2.89,4.89,0,NO_REORDER,LOW,Stock 13 is at or above the reorder point 2.9
BR001,MED475,Vitamin D3 60000IU (VitaCure Remedies),Vitamins,33,0.997,2.562,6.929,0.1424,7,1.0,0.6005,weekly demand std / sqrt(7),0.95,2.61,3.61,5.6,0,NO_REORDER,LOW,Stock 33 is at or above the reorder point 3.6
BR001,MED476,Vitamin D3 1000IU,Vitamins,18,3.32,6.416,13.721,0.4743,7,3.32,0.7868,weekly demand std / sqrt(7),0.95,3.42,6.74,13.38,0,NO_REORDER,LOW,Stock 18 is at or above the reorder point 6.7
BR001,MED478,Calamine Lotion 100ml (CureLine Healthcare),Dermatological,20,1.254,2.449,5.754,0.1791,7,1.25,0.3127,weekly demand std / sqrt(7),0.95,1.36,2.61,5.12,0,NO_REORDER,LOW,Stock 20 is at or above the reorder point 2.6
BR001,MED479,Calamine Lotion 100ml (LifeSpring Pharma),Dermatological,5,0.553,1.135,2.54,0.1071,7,0.75,0.3936,weekly demand std / sqrt(7),0.95,1.71,2.46,3.96,0,NO_REORDER,LOW,Stock 5 is at or above the reorder point 2.5
BR001,MED481,Calamine Lotion 100ml (TrueLife Remedies),Dermatological,14,0.818,1.731,3.926,0.1429,7,1.0,0.3546,weekly demand std / sqrt(7),0.95,1.54,2.54,4.54,0,NO_REORDER,LOW,Stock 14 is at or above the reorder point 2.5
BR001,MED482,Clotrimazole Cream 1% (ApexLife Pharma),Dermatological,16,1.179,2.39,5.922,0.2143,7,1.5,0.5246,weekly demand std / sqrt(7),0.95,2.28,3.78,6.78,0,NO_REORDER,LOW,Stock 16 is at or above the reorder point 3.8
BR001,MED483,Clotrimazole Cream 1% (CureLine Healthcare),Dermatological,9,2.177,4.812,10.62,0.4643,7,3.25,0.414,weekly demand std / sqrt(7),0.95,1.8,5.05,11.55,0,NO_REORDER,LOW,Stock 9 is at or above the reorder point 5.1
BR001,MED484,Clotrimazole Cream 2%,Dermatological,12,1.045,2.29,5.387,0.1786,7,1.25,0.6782,weekly demand std / sqrt(7),0.95,2.95,4.2,6.7,0,NO_REORDER,LOW,Stock 12 is at or above the reorder point 4.2
BR001,MED485,Clotrimazole Cream 2% (Stellar Formulations),Dermatological,9,0.533,1.139,2.498,0.0761,7,0.53,0.2335,weekly demand std / sqrt(7),0.95,1.02,1.55,2.62,0,NO_REORDER,LOW,Stock 9 is at or above the reorder point 1.5
BR001,MED486,Clotrimazole Cream 2% (TrueLife Remedies),Dermatological,7,0.457,0.961,1.992,0.0714,7,0.5,0.2939,weekly demand std / sqrt(7),0.95,1.28,1.78,2.78,0,NO_REORDER,LOW,Stock 7 is at or above the reorder point 1.8
BR001,MED487,Fusidic Acid Cream 2% (ApexLife Pharma),Dermatological,6,1.061,1.92,4.832,0.25,7,1.75,0.5005,weekly demand std / sqrt(7),0.95,2.18,3.93,7.43,0,NO_REORDER,LOW,Stock 6 is at or above the reorder point 3.9
BR001,MED488,Fusidic Acid Cream 2% (BlueCrest Pharma),Dermatological,6,1.23,2.146,4.448,0.2143,7,1.5,0.4557,weekly demand std / sqrt(7),0.95,1.98,3.48,6.48,0,NO_REORDER,LOW,Stock 6 is at or above the reorder point 3.5
BR001,MED489,Fusidic Acid Cream 2% (VitaCure Remedies),Dermatological,13,0.452,1.024,2.324,0.0646,7,0.45,0.1875,weekly demand std / sqrt(7),0.95,0.82,1.27,2.17,0,NO_REORDER,LOW,Stock 13 is at or above the reorder point 1.3
BR001,MED490,Hydrocortisone Cream 1% (CarePlus Laboratories),Dermatological,12,2.412,4.606,10.824,0.3929,7,2.75,1.1587,weekly demand std / sqrt(7),0.95,5.04,7.79,13.29,0,NO_REORDER,LOW,Stock 12 is at or above the reorder point 7.8
BR001,MED492,Hydrocortisone Cream 1% (Summit Lifesciences),Dermatological,16,0.555,1.265,2.524,0.0793,7,0.56,0.2016,weekly demand std / sqrt(7),0.95,0.88,1.43,2.54,0,NO_REORDER,LOW,Stock 16 is at or above the reorder point 1.4
BR001,MED493,Ketoconazole Shampoo 2% (Aarogya Formulations),Dermatological,9,0.657,1.385,2.973,0.0939,7,0.66,0.4557,weekly demand std / sqrt(7),0.95,1.98,2.64,3.95,0,NO_REORDER,LOW,Stock 9 is at or above the reorder point 2.6
BR001,MED494,Ketoconazole Shampoo 2% (LifeSpring Pharma),Dermatological,11,0.901,1.929,4.643,0.2143,7,1.5,0.4378,weekly demand std / sqrt(7),0.95,1.91,3.41,6.41,0,NO_REORDER,LOW,Stock 11 is at or above the reorder point 3.4
BR001,MED495,Ketoconazole Shampoo 2% (VitaCure Remedies),Dermatological,9,1.24,2.535,5.401,0.2143,7,1.5,0.2635,weekly demand std / sqrt(7),0.95,1.15,2.65,5.65,0,NO_REORDER,LOW,Stock 9 is at or above the reorder point 2.6
BR001,MED496,Mupirocin Ointment 2% (ApexLife Pharma),Dermatological,12,1.151,2.299,5.61,0.2857,7,2.0,0.445,weekly demand std / sqrt(7),0.95,1.94,3.94,7.94,0,NO_REORDER,LOW,Stock 12 is at or above the reorder point 3.9
BR001,MED498,Mupirocin Ointment 2% (NovaMed Laboratories),Dermatological,15,0.651,1.18,2.622,0.093,7,0.65,0.3423,weekly demand std / sqrt(7),0.95,1.49,2.14,3.44,0,NO_REORDER,LOW,Stock 15 is at or above the reorder point 2.1
BR001,MED499,Mupirocin Ointment 2% (Summit Lifesciences),Dermatological,10,1.264,2.793,6.319,0.2857,7,2.0,0.5262,weekly demand std / sqrt(7),0.95,2.29,4.29,8.29,0,NO_REORDER,LOW,Stock 10 is at or above the reorder point 4.3
BR001,MED500,Mupirocin Ointment 2% (VitaCure Remedies),Dermatological,17,0.962,2.026,4.526,0.1429,7,1.0,0.2939,weekly demand std / sqrt(7),0.95,1.28,2.28,4.28,0,NO_REORDER,LOW,Stock 17 is at or above the reorder point 2.3
BR002,MED001,Paracetamol 500mg,Analgesics,36,21.433,41.493,93.101,3.1429,7,22.0,1.9452,weekly demand std / sqrt(7),0.95,8.47,30.47,74.47,0,NO_REORDER,LOW,Stock 36 is at or above the reorder point 30.5
BR002,MED004,Azithromycin 500mg,Antibiotics,5,0.52,1.002,2.176,0.0743,7,0.52,0.7354,weekly demand std / sqrt(7),0.95,3.2,3.72,4.76,0,NO_REORDER,LOW,Stock 5 is at or above the reorder point 3.7
BR002,MED006,Paracetamol Suspension 250mg/5ml,Antipyretics,16,1.111,2.439,5.095,0.1587,7,1.11,0.634,weekly demand std / sqrt(7),0.95,2.76,3.87,6.09,0,NO_REORDER,LOW,Stock 16 is at or above the reorder point 3.9
BR002,MED007,Cetirizine 10mg,Antihistamines,53,25.076,48.536,107.292,3.5823,7,25.08,2.3911,weekly demand std / sqrt(7),0.95,10.41,35.48,85.63,0,NO_REORDER,LOW,Stock 53 is at or above the reorder point 35.5
BR002,MED008,Fexofenadine 120mg,Antihistamines,11,0.751,1.367,3.105,0.1786,7,1.25,0.2817,weekly demand std / sqrt(7),0.95,1.23,2.48,4.98,0,NO_REORDER,LOW,Stock 11 is at or above the reorder point 2.5
BR002,MED009,Pantoprazole 40mg,Gastrointestinal,47,18.401,36.032,76.38,2.6287,7,18.4,2.7022,weekly demand std / sqrt(7),0.95,11.76,30.16,66.96,0,NO_REORDER,LOW,Stock 47 is at or above the reorder point 30.2
BR002,MED010,Ondansetron 4mg,Gastrointestinal,7,0.535,1.107,2.612,0.1429,7,1.0,0.4781,weekly demand std / sqrt(7),0.95,2.08,3.08,5.08,0,NO_REORDER,LOW,Stock 7 is at or above the reorder point 3.1
BR002,MED012,Atorvastatin 10mg,Cardiovascular,67,34.906,70.95,155.28,5.1786,7,36.25,2.9837,weekly demand std / sqrt(7),0.95,12.98,49.23,121.73,0,NO_REORDER,LOW,Stock 67 is at or above the reorder point 49.2
BR002,MED014,Glimepiride 2mg,Antidiabetic,44,14.464,29.108,66.367,2.25,7,15.75,2.0899,weekly demand std / sqrt(7),0.95,9.09,24.84,56.34,0,NO_REORDER,LOW,Stock 44 is at or above the reorder point 24.8
BR002,MED016,Salbutamol Inhaler 100mcg,Respiratory,14,0.81,1.851,4.616,0.1157,7,0.81,0.2016,weekly demand std / sqrt(7),0.95,0.88,1.69,3.31,0,NO_REORDER,LOW,Stock 14 is at or above the reorder point 1.7
BR002,MED018,Vitamin D3 60000IU,Vitamins,16,0.763,1.762,3.966,0.109,7,0.76,0.4266,weekly demand std / sqrt(7),0.95,1.86,2.62,4.15,0,NO_REORDER,LOW,Stock 16 is at or above the reorder point 2.6
BR002,MED020,Mupirocin Ointment 2%,Dermatological,13,2.896,6.054,12.929,0.4643,7,3.25,0.5749,weekly demand std / sqrt(7),0.95,2.5,5.75,12.25,0,NO_REORDER,LOW,Stock 13 is at or above the reorder point 5.8
BR002,MED023,Naproxen 250mg,Analgesics,6,0.703,1.65,3.86,0.1786,7,1.25,0.3742,weekly demand std / sqrt(7),0.95,1.63,2.88,5.38,0,NO_REORDER,LOW,Stock 6 is at or above the reorder point 2.9
BR002,MED025,Ciprofloxacin 500mg,Antibiotics,10,2.796,5.939,13.415,0.5,7,3.5,0.7502,weekly demand std / sqrt(7),0.95,3.26,6.76,13.76,0,NO_REORDER,LOW,Stock 10 is at or above the reorder point 6.8
BR002,MED026,Doxycycline 100mg,Antibiotics,7,1.059,2.117,4.627,0.1786,7,1.25,0.504,weekly demand std / sqrt(7),0.95,2.19,3.44,5.94,0,NO_REORDER,LOW,Stock 7 is at or above the reorder point 3.4
BR002,MED028,Mefenamic Acid 250mg,Antipyretics,11,0.611,1.392,2.993,0.0873,7,0.61,0.4132,weekly demand std / sqrt(7),0.95,1.8,2.41,3.63,0,NO_REORDER,LOW,Stock 11 is at or above the reorder point 2.4
BR002,MED029,Paracetamol Drops 100mg/ml,Antipyretics,8,0.782,1.614,3.782,0.1786,7,1.25,0.5051,weekly demand std / sqrt(7),0.95,2.2,3.45,5.95,0,NO_REORDER,LOW,Stock 8 is at or above the reorder point 3.4
BR002,MED032,Chlorpheniramine 4mg,Antihistamines,9,0.708,1.379,3.5,0.1071,7,0.75,0.3558,weekly demand std / sqrt(7),0.95,1.55,2.3,3.8,0,NO_REORDER,LOW,Stock 9 is at or above the reorder point 2.3
BR002,MED033,Omeprazole 20mg,Gastrointestinal,69,34.285,69.523,148.912,5.0714,7,35.5,3.6684,weekly demand std / sqrt(7),0.95,15.96,51.46,122.46,0,NO_REORDER,LOW,Stock 69 is at or above the reorder point 51.5
BR002,MED036,Loperamide 2mg,Gastrointestinal,7,1.123,2.47,5.533,0.3214,7,2.25,0.6241,weekly demand std / sqrt(7),0.95,2.72,4.97,9.47,0,NO_REORDER,LOW,Stock 7 is at or above the reorder point 5.0
BR002,MED037,Telmisartan 40mg,Cardiovascular,209,57.928,114.886,246.605,8.2754,7,57.93,4.7272,weekly demand std / sqrt(7),0.95,20.57,78.5,194.36,0,NO_REORDER,LOW,Stock 209 is at or above the reorder point 78.5
BR002,MED038,Losartan 50mg,Cardiovascular,13,2.244,4.771,11.114,0.3571,7,2.5,1.1392,weekly demand std / sqrt(7),0.95,4.96,7.46,12.46,0,NO_REORDER,LOW,Stock 13 is at or above the reorder point 7.5
BR002,MED039,Metoprolol 50mg,Cardiovascular,25,7.506,15.977,35.646,1.1786,7,8.25,1.6008,weekly demand std / sqrt(7),0.95,6.97,15.22,31.72,0,NO_REORDER,LOW,Stock 25 is at or above the reorder point 15.2
BR002,MED040,Rosuvastatin 10mg,Cardiovascular,31,9.22,18.595,41.616,1.4643,7,10.25,1.7624,weekly demand std / sqrt(7),0.95,7.67,17.92,38.42,0,NO_REORDER,LOW,Stock 31 is at or above the reorder point 17.9
BR002,MED041,Clopidogrel 75mg,Cardiovascular,10,0.71,1.667,3.717,0.1786,7,1.25,0.44,weekly demand std / sqrt(7),0.95,1.91,3.16,5.66,0,NO_REORDER,LOW,Stock 10 is at or above the reorder point 3.2
BR002,MED043,Glimepiride + Metformin 2mg/500mg,Antidiabetic,50,27.066,55.428,125.634,4.25,7,29.75,2.5518,weekly demand std / sqrt(7),0.95,11.11,40.86,100.36,0,NO_REORDER,LOW,Stock 50 is at or above the reorder point 40.9
BR002,MED044,Sitagliptin 100mg,Antidiabetic,12,1.278,2.605,6.712,0.3571,7,2.5,0.9968,weekly demand std / sqrt(7),0.95,4.34,6.84,11.84,0,NO_REORDER,LOW,Stock 12 is at or above the reorder point 6.8
BR002,MED045,Gliclazide 80mg,Antidiabetic,8,0.439,0.903,2.128,0.0627,7,0.44,0.5129,weekly demand std / sqrt(7),0.95,2.23,2.67,3.55,0,NO_REORDER,LOW,Stock 8 is at or above the reorder point 2.7
BR002,MED047,Budesonide Inhaler 200mcg,Respiratory,8,0.537,1.279,2.727,0.1429,7,1.0,0.3846,weekly demand std / sqrt(7),0.95,1.67,2.67,4.67,0,NO_REORDER,LOW,Stock 8 is at or above the reorder point 2.7
BR002,MED049,Multivitamin B-complex+C,Vitamins,35,11.553,23.936,54.201,1.9643,7,13.75,1.7315,weekly demand std / sqrt(7),0.95,7.54,21.29,48.79,0,NO_REORDER,LOW,Stock 35 is at or above the reorder point 21.3
BR002,MED051,Iron + Folic Acid 100mg/500mcg,Vitamins,15,0.546,1.282,3.017,0.078,7,0.55,0.2159,weekly demand std / sqrt(7),0.95,0.94,1.49,2.58,0,NO_REORDER,LOW,Stock 15 is at or above the reorder point 1.5
BR002,MED052,Hydrocortisone Cream 1%,Dermatological,4,0.616,1.301,2.696,0.1429,7,1.0,0.3634,weekly demand std / sqrt(7),0.95,1.58,2.58,4.58,0,NO_REORDER,LOW,Stock 4 is at or above the reorder point 2.6
BR002,MED053,Fusidic Acid Cream 2%,Dermatological,7,0.672,1.407,3.24,0.1429,7,1.0,0.3085,weekly demand std / sqrt(7),0.95,1.34,2.34,4.34,0,NO_REORDER,LOW,Stock 7 is at or above the reorder point 2.3
BR002,MED054,Calamine Lotion 100ml,Dermatological,8,0.49,1.002,2.152,0.07,7,0.49,0.4979,weekly demand std / sqrt(7),0.95,2.17,2.66,3.64,0,NO_REORDER,LOW,Stock 8 is at or above the reorder point 2.7
BR002,MED055,Ketoconazole Shampoo 2%,Dermatological,6,1.477,2.708,6.354,0.3571,7,2.5,0.5749,weekly demand std / sqrt(7),0.95,2.5,5.0,10.0,0,NO_REORDER,LOW,Stock 6 is at or above the reorder point 5.0
BR002,MED056,Aceclofenac + Paracetamol 100mg/325mg (HealthAxis Pharma),Analgesics,7,0.62,1.441,3.324,0.1071,7,0.75,0.3221,weekly demand std / sqrt(7),0.95,1.4,2.15,3.65,0,NO_REORDER,LOW,Stock 7 is at or above the reorder point 2.2
BR002,MED057,Aceclofenac + Paracetamol 100mg/325mg (LifeSpring Pharma),Analgesics,12,0.657,1.462,2.98,0.0939,7,0.66,0.2075,weekly demand std / sqrt(7),0.95,0.9,1.56,2.87,0,NO_REORDER,LOW,Stock 12 is at or above the reorder point 1.6
BR002,MED058,Aceclofenac + Paracetamol 100mg/325mg (VitaCure Remedies),Analgesics,10,3.612,7.983,18.164,0.7143,7,5.0,1.0113,weekly demand std / sqrt(7),0.95,4.4,9.4,19.4,0,NO_REORDER,LOW,Stock 10 is at or above the reorder point 9.4
BR002,MED059,Diclofenac 50mg (Aarogya Formulations),Analgesics,7,0.534,1.198,2.671,0.1071,7,0.75,0.382,weekly demand std / sqrt(7),0.95,1.66,2.41,3.91,0,NO_REORDER,LOW,Stock 7 is at or above the reorder point 2.4
BR002,MED060,Diclofenac 50mg (CarePlus Laboratories),Analgesics,31,7.315,15.362,34.34,1.045,7,7.32,1.4325,weekly demand std / sqrt(7),0.95,6.23,13.55,28.18,0,NO_REORDER,LOW,Stock 31 is at or above the reorder point 13.5
BR002,MED061,Diclofenac 50mg (Stellar Formulations),Analgesics,7,1.243,2.696,5.917,0.3214,7,2.25,0.6394,weekly demand std / sqrt(7),0.95,2.78,5.03,9.53,0,NO_REORDER,LOW,Stock 7 is at or above the reorder point 5.0
BR002,MED062,Diclofenac 50mg (TrueLife Remedies),Analgesics,9,0.502,1.12,2.823,0.1071,7,0.75,0.3166,weekly demand std / sqrt(7),0.95,1.38,2.13,3.63,0,NO_REORDER,LOW,Stock 9 is at or above the reorder point 2.1
BR002,MED064,Diclofenac 100mg,Analgesics,6,2.574,6.011,14.112,0.5,7,3.5,0.5443,weekly demand std / sqrt(7),0.95,2.37,5.87,12.87,0,NO_REORDER,LOW,Stock 6 is at or above the reorder point 5.9
BR002,MED065,Diclofenac 100mg (CureLine Healthcare),Analgesics,7,0.871,1.623,4.168,0.1786,7,1.25,0.5427,weekly demand std / sqrt(7),0.95,2.36,3.61,6.11,0,NO_REORDER,LOW,Stock 7 is at or above the reorder point 3.6
BR002,MED066,Diclofenac 100mg (VitaCure Remedies),Analgesics,8,0.79,1.839,4.375,0.1429,7,1.0,0.5665,weekly demand std / sqrt(7),0.95,2.47,3.47,5.47,0,NO_REORDER,LOW,Stock 8 is at or above the reorder point 3.5
BR002,MED067,Ibuprofen 400mg (Aarogya Formulations),Analgesics,4,0.422,0.929,2.071,0.1071,7,0.75,0.5378,weekly demand std / sqrt(7),0.95,2.34,3.09,4.59,0,NO_REORDER,LOW,Stock 4 is at or above the reorder point 3.1
BR002,MED068,Ibuprofen 400mg (CureLine Healthcare),Analgesics,6,0.514,1.098,2.633,0.0734,7,0.51,0.465,weekly demand std / sqrt(7),0.95,2.02,2.54,3.57,0,NO_REORDER,LOW,Stock 6 is at or above the reorder point 2.5
BR002,MED069,Ibuprofen 400mg (HealthAxis Pharma),Analgesics,8,2.437,5.213,12.372,0.4286,7,3.0,1.1442,weekly demand std / sqrt(7),0.95,4.98,7.98,13.98,0,NO_REORDER,LOW,Stock 8 is at or above the reorder point 8.0
BR002,MED071,Ibuprofen 400mg (Stellar Formulations),Analgesics,16,0.723,1.542,4.048,0.1071,7,0.75,0.4526,weekly demand std / sqrt(7),0.95,1.97,2.72,4.22,0,NO_REORDER,LOW,Stock 16 is at or above the reorder point 2.7
BR002,MED072,Ibuprofen 400mg (VitaCure Remedies),Analgesics,14,0.473,1.126,2.548,0.0676,7,0.47,0.3573,weekly demand std / sqrt(7),0.95,1.56,2.03,2.97,0,NO_REORDER,LOW,Stock 14 is at or above the reorder point 2.0
BR002,MED073,Ibuprofen 200mg,Analgesics,17,4.343,8.863,19.521,0.6204,7,4.34,0.9543,weekly demand std / sqrt(7),0.95,4.15,8.5,17.18,0,NO_REORDER,LOW,Stock 17 is at or above the reorder point 8.5
BR002,MED074,Ibuprofen 200mg (LifeSpring Pharma),Analgesics,6,0.365,0.759,1.901,0.0521,7,0.36,0.479,weekly demand std / sqrt(7),0.95,2.08,2.45,3.18,0,NO_REORDER,LOW,Stock 6 is at or above the reorder point 2.4
BR002,MED075,Ibuprofen 200mg (Summit Lifesciences),Analgesics,14,2.563,5.48,11.539,0.3661,7,2.56,0.6852,weekly demand std / sqrt(7),0.95,2.98,5.54,10.67,0,NO_REORDER,LOW,Stock 14 is at or above the reorder point 5.5
BR002,MED076,Ibuprofen 200mg (TrueLife Remedies),Analgesics,18,4.877,10.313,23.441,0.75,7,5.25,1.1804,weekly demand std / sqrt(7),0.95,5.14,10.39,20.89,0,NO_REORDER,LOW,Stock 18 is at or above the reorder point 10.4
BR002,MED077,Ibuprofen 200mg (VitaCure Remedies),Analgesics,10,0.946,2.167,4.206,0.2143,7,1.5,0.5396,weekly demand std / sqrt(7),0.95,2.35,3.85,6.85,0,NO_REORDER,LOW,Stock 10 is at or above the reorder point 3.8
BR002,MED078,Ibuprofen 600mg,Analgesics,11,4.087,9.029,21.206,0.6786,7,4.75,0.9999,weekly demand std / sqrt(7),0.95,4.35,9.1,18.6,0,NO_REORDER,LOW,Stock 11 is at or above the reorder point 9.1
BR002,MED079,Ibuprofen 600mg (BlueCrest Pharma),Analgesics,10,3.114,6.644,15.561,0.5,7,3.5,1.101,weekly demand std / sqrt(7),0.95,4.79,8.29,15.29,0,NO_REORDER,LOW,Stock 10 is at or above the reorder point 8.3
BR002,MED080,Ibuprofen 600mg (HealthAxis Pharma),Analgesics,11,1.309,2.734,6.401,0.3214,7,2.25,0.5878,weekly demand std / sqrt(7),0.95,2.56,4.81,9.31,0,NO_REORDER,LOW,Stock 11 is at or above the reorder point 4.8
BR002,MED085,Naproxen 500mg,Analgesics,8,0.543,1.066,2.66,0.0776,7,0.54,0.4143,weekly demand std / sqrt(7),0.95,1.8,2.35,3.43,0,NO_REORDER,LOW,Stock 8 is at or above the reorder point 2.3
BR002,MED086,Naproxen 500mg (CarePlus Laboratories),Analgesics,70,41.608,82.981,180.369,5.944,7,41.61,2.5368,weekly demand std / sqrt(7),0.95,11.04,52.65,135.86,0,NO_REORDER,LOW,Stock 70 is at or above the reorder point 52.6
BR002,MED087,Naproxen 500mg (LifeSpring Pharma),Analgesics,17,0.881,2.032,4.298,0.1259,7,0.88,0.2463,weekly demand std / sqrt(7),0.95,1.07,1.95,3.71,0,NO_REORDER,LOW,Stock 17 is at or above the reorder point 2.0
BR002,MED088,Naproxen 500mg (NovaMed Laboratories),Analgesics,8,0.372,0.798,2.105,0.0531,7,0.37,0.252,weekly demand std / sqrt(7),0.95,1.1,1.47,2.21,0,NO_REORDER,LOW,Stock 8 is at or above the reorder point 1.5
BR002,MED089,Paracetamol 500mg (Aarogya Formulations),Analgesics,21,0.957,2.099,5.382,0.1786,7,1.25,0.3715,weekly demand std / sqrt(7),0.95,1.62,2.87,5.37,0,NO_REORDER,LOW,Stock 21 is at or above the reorder point 2.9
BR002,MED090,Paracetamol 500mg (CarePlus Laboratories),Analgesics,9,0.961,2.055,4.517,0.1786,7,1.25,0.6457,weekly demand std / sqrt(7),0.95,2.81,4.06,6.56,0,NO_REORDER,LOW,Stock 9 is at or above the reorder point 4.1
BR002,MED091,Paracetamol 500mg (HealthAxis Pharma),Analgesics,18,8.374,17.562,39.798,1.5714,7,11.0,1.5003,weekly demand std / sqrt(7),0.95,6.53,17.53,39.53,0,NO_REORDER,LOW,Stock 18 is at or above the reorder point 17.5
BR002,MED092,Paracetamol 500mg (LifeSpring Pharma),Analgesics,14,0.92,2.005,4.814,0.1314,7,0.92,0.5833,weekly demand std / sqrt(7),0.95,2.54,3.46,5.3,0,NO_REORDER,LOW,Stock 14 is at or above the reorder point 3.5
BR002,MED093,Paracetamol 250mg,Analgesics,14,0.399,0.967,2.138,0.057,7,0.4,0.3013,weekly demand std / sqrt(7),0.95,1.31,1.71,2.51,0,NO_REORDER,LOW,Stock 14 is at or above the reorder point 1.7
BR002,MED094,Paracetamol 250mg (Stellar Formulations),Analgesics,6,1.28,3.072,7.599,0.25,7,1.75,0.5688,weekly demand std / sqrt(7),0.95,2.48,4.23,7.73,0,NO_REORDER,LOW,Stock 6 is at or above the reorder point 4.2
BR002,MED098,Amoxicillin 250mg (NovaMed Laboratories),Antibiotics,13,3.896,8.056,18.42,0.6429,7,4.5,0.6892,weekly demand std / sqrt(7),0.95,3.0,7.5,16.5,0,NO_REORDER,LOW,Stock 13 is at or above the reorder point 7.5
BR002,MED099,Amoxicillin 250mg (Stellar Formulations),Antibiotics,5,0.585,1.215,2.829,0.1429,7,1.0,0.4718,weekly demand std / sqrt(7),0.95,2.05,3.05,5.05,0,NO_REORDER,LOW,Stock 5 is at or above the reorder point 3.1
BR002,MED100,Amoxicillin 250mg (TrueLife Remedies),Antibiotics,9,0.483,0.977,1.971,0.069,7,0.48,0.5483,weekly demand std / sqrt(7),0.95,2.39,2.87,3.84,0,NO_REORDER,LOW,Stock 9 is at or above the reorder point 2.9
BR002,MED101,Amoxicillin + Clavulanic Acid 625mg (CureLine Healthcare),Antibiotics,9,0.504,1.166,2.667,0.1071,7,0.75,0.435,weekly demand std / sqrt(7),0.95,1.89,2.64,4.14,0,NO_REORDER,LOW,Stock 9 is at or above the reorder point 2.6
BR002,MED102,Amoxicillin + Clavulanic Acid 625mg (HealthAxis Pharma),Antibiotics,15,0.835,1.723,3.805,0.1429,7,1.0,0.5271,weekly demand std / sqrt(7),0.95,2.29,3.29,5.29,0,NO_REORDER,LOW,Stock 15 is at or above the reorder point 3.3
BR002,MED105,Amoxicillin + Clavulanic Acid 375mg (NovaMed Laboratories),Antibiotics,39,17.33,34.553,73.425,2.5,7,17.5,1.9518,weekly demand std / sqrt(7),0.95,8.49,25.99,60.99,0,NO_REORDER,LOW,Stock 39 is at or above the reorder point 26.0
BR002,MED106,Amoxicillin + Clavulanic Acid 375mg (Summit Lifesciences),Antibiotics,7,0.82,1.656,3.841,0.1786,7,1.25,0.5256,weekly demand std / sqrt(7),0.95,2.29,3.54,6.04,0,NO_REORDER,LOW,Stock 7 is at or above the reorder point 3.5
BR002,MED107,Amoxicillin + Clavulanic Acid 375mg (TrueLife Remedies),Antibiotics,8,1.059,2.067,4.627,0.1786,7,1.25,0.9119,weekly demand std / sqrt(7),0.95,3.97,5.22,7.72,0,NO_REORDER,LOW,Stock 8 is at or above the reorder point 5.2
BR002,MED108,Azithromycin 500mg (Aarogya Formulations),Antibiotics,15,3.017,6.517,13.721,0.5,7,3.5,1.0225,weekly demand std / sqrt(7),0.95,4.45,7.95,14.95,0,NO_REORDER,LOW,Stock 15 is at or above the reorder point 7.9
BR002,MED109,Azithromycin 500mg (ApexLife Pharma),Antibiotics,8,1.387,2.857,6.896,0.3929,7,2.75,0.7578,weekly demand std / sqrt(7),0.95,3.3,6.05,11.55,0,NO_REORDER,LOW,Stock 8 is at or above the reorder point 6.0
BR002,MED110,Azithromycin 500mg (VitaCure Remedies),Antibiotics,5,0.358,0.749,1.568,0.0511,7,0.36,0.5649,weekly demand std / sqrt(7),0.95,2.46,2.82,3.53,0,NO_REORDER,LOW,Stock 5 is at or above the reorder point 2.8
BR002,MED111,Azithromycin 250mg,Antibiotics,8,0.951,1.927,4.441,0.1786,7,1.25,0.434,weekly demand std / sqrt(7),0.95,1.89,3.14,5.64,0,NO_REORDER,LOW,Stock 8 is at or above the reorder point 3.1
BR002,MED112,Azithromycin 250mg (ApexLife Pharma),Antibiotics,11,1.149,2.353,5.27,0.1786,7,1.25,0.7091,weekly demand std / sqrt(7),0.95,3.09,4.34,6.84,0,NO_REORDER,LOW,Stock 11 is at or above the reorder point 4.3
BR002,MED114,Azithromycin 250mg (CarePlus Laboratories),Antibiotics,8,2.237,4.496,10.85,0.4643,7,3.25,0.6076,weekly demand std / sqrt(7),0.95,2.64,5.89,12.39,0,NO_REORDER,LOW,Stock 8 is at or above the reorder point 5.9
BR002,MED115,Azithromycin 250mg (CureLine Healthcare),Antibiotics,5,0.611,1.33,3.206,0.2143,7,1.5,0.4172,weekly demand std / sqrt(7),0.95,1.82,3.32,6.32,0,NO_REORDER,LOW,Stock 5 is at or above the reorder point 3.3
BR002,MED118,Azithromycin 250mg (NovaMed Laboratories),Antibiotics,9,0.791,1.598,3.44,0.113,7,0.79,0.4818,weekly demand std / sqrt(7),0.95,2.1,2.89,4.47,0,NO_REORDER,LOW,Stock 9 is at or above the reorder point 2.9
BR002,MED119,Azithromycin 250mg (TrueLife Remedies),Antibiotics,5,0.665,1.37,2.875,0.1429,7,1.0,0.4908,weekly demand std / sqrt(7),0.95,2.14,3.14,5.14,0,NO_REORDER,LOW,Stock 5 is at or above the reorder point 3.1
BR002,MED120,Cefixime 200mg (ApexLife Pharma),Antibiotics,12,2.218,4.756,11.218,0.3571,7,2.5,0.4526,weekly demand std / sqrt(7),0.95,1.97,4.47,9.47,0,NO_REORDER,LOW,Stock 12 is at or above the reorder point 4.5
BR002,MED121,Cefixime 200mg (CureLine Healthcare),Antibiotics,8,0.364,0.745,1.705,0.052,7,0.36,0.3846,weekly demand std / sqrt(7),0.95,1.67,2.04,2.77,0,NO_REORDER,LOW,Stock 8 is at or above the reorder point 2.0
BR002,MED123,Cefixime 200mg (Stellar Formulations),Antibiotics,10,0.435,0.932,2.385,0.0714,7,0.5,0.3423,weekly demand std / sqrt(7),0.95,1.49,1.99,2.99,0,NO_REORDER,LOW,Stock 10 is at or above the reorder point 2.0
BR002,MED124,Cefixime 100mg,Antibiotics,11,0.432,0.935,1.873,0.0617,7,0.43,0.2282,weekly demand std / sqrt(7),0.95,0.99,1.43,2.29,0,NO_REORDER,LOW,Stock 11 is at or above the reorder point 1.4
BR002,MED125,Cefixime 100mg (HealthAxis Pharma),Antibiotics,9,0.907,2.026,4.318,0.1786,7,1.25,0.4044,weekly demand std / sqrt(7),0.95,1.76,3.01,5.51,0,NO_REORDER,LOW,Stock 9 is at or above the reorder point 3.0
BR002,MED126,Cefixime 100mg (NovaMed Laboratories),Antibiotics,3,0.439,0.958,2.331,0.1071,7,0.75,0.4772,weekly demand std / sqrt(7),0.95,2.08,2.83,4.33,0,NO_REORDER,LOW,Stock 3 is at or above the reorder point 2.8
BR002,MED128,Ciprofloxacin 500mg (BlueCrest Pharma),Antibiotics,7,0.502,0.996,2.112,0.0717,7,0.5,0.2673,weekly demand std / sqrt(7),0.95,1.16,1.67,2.67,0,NO_REORDER,LOW,Stock 7 is at or above the reorder point 1.7
BR002,MED129,Ciprofloxacin 250mg,Antibiotics,8,0.907,1.901,4.313,0.1786,7,1.25,0.434,weekly demand std / sqrt(7),0.95,1.89,3.14,5.64,0,NO_REORDER,LOW,Stock 8 is at or above the reorder point 3.1
BR002,MED130,Ciprofloxacin 250mg (LifeSpring Pharma),Antibiotics,18,3.982,8.997,18.645,0.6429,7,4.5,1.2719,weekly demand std / sqrt(7),0.95,5.54,10.04,19.04,0,NO_REORDER,LOW,Stock 18 is at or above the reorder point 10.0
BR002,MED131,Doxycycline 100mg (Aarogya Formulations),Antibiotics,10,2.653,5.584,13.082,0.4643,7,3.25,0.8507,weekly demand std / sqrt(7),0.95,3.7,6.95,13.45,0,NO_REORDER,LOW,Stock 10 is at or above the reorder point 7.0
BR002,MED132,Doxycycline 100mg (ApexLife Pharma),Antibiotics,7,0.633,1.331,3.215,0.1786,7,1.25,0.4955,weekly demand std / sqrt(7),0.95,2.16,3.41,5.91,0,NO_REORDER,LOW,Stock 7 is at or above the reorder point 3.4
BR002,MED133,Doxycycline 100mg (HealthAxis Pharma),Antibiotics,3,0.348,0.677,1.424,0.0497,7,0.35,0.3866,weekly demand std / sqrt(7),0.95,1.68,2.03,2.73,0,NO_REORDER,LOW,Stock 3 is at or above the reorder point 2.0
BR002,MED134,Doxycycline 100mg (Summit Lifesciences),Antibiotics,9,1.745,3.568,8.116,0.25,7,1.75,0.6617,weekly demand std / sqrt(7),0.95,2.88,4.63,8.13,0,NO_REORDER,LOW,Stock 9 is at or above the reorder point 4.6
BR002,MED136,Mefenamic Acid 250mg (HealthAxis Pharma),Antipyretics,16,0.775,1.754,3.756,0.1107,7,0.78,0.3248,weekly demand std / sqrt(7),0.95,1.41,2.19,3.74,0,NO_REORDER,LOW,Stock 16 is at or above the reorder point 2.2
BR002,MED137,Mefenamic Acid 250mg (LifeSpring Pharma),Antipyretics,7,0.491,1.091,2.473,0.1071,7,0.75,0.5787,weekly demand std / sqrt(7),0.95,2.52,3.27,4.77,0,NO_REORDER,LOW,Stock 7 is at or above the reorder point 3.3
BR002,MED138,Mefenamic Acid 250mg (NovaMed Laboratories),Antipyretics,13,3.629,7.686,17.054,0.6429,7,4.5,1.0526,weekly demand std / sqrt(7),0.95,4.58,9.08,18.08,0,NO_REORDER,LOW,Stock 13 is at or above the reorder point 9.1
BR002,MED139,Mefenamic Acid 500mg,Antipyretics,51,21.874,45.139,92.58,3.25,7,22.75,3.2377,weekly demand std / sqrt(7),0.95,14.09,36.84,82.34,0,NO_REORDER,LOW,Stock 51 is at or above the reorder point 36.8
BR002,MED141,Mefenamic Acid 500mg (HealthAxis Pharma),Antipyretics,10,0.918,1.928,4.147,0.1311,7,0.92,0.8245,weekly demand std / sqrt(7),0.95,3.59,4.51,6.34,0,NO_REORDER,LOW,Stock 10 is at or above the reorder point 4.5
BR002,MED143,Mefenamic Acid 500mg (LifeSpring Pharma),Antipyretics,12,0.374,0.696,1.509,0.0534,7,0.37,0.2016,weekly demand std / sqrt(7),0.95,0.88,1.25,2.0,0,NO_REORDER,LOW,Stock 12 is at or above the reorder point 1.3
BR002,MED144,Mefenamic Acid 500mg (NovaMed Laboratories),Antipyretics,25,9.837,18.225,40.683,1.5357,7,10.75,1.9043,weekly demand std / sqrt(7),0.95,8.29,19.04,40.54,0,NO_REORDER,LOW,Stock 25 is at or above the reorder point 19.0
BR002,MED145,Mefenamic Acid 500mg (Stellar Formulations),Antipyretics,14,0.388,0.762,1.694,0.0554,7,0.39,0.3127,weekly demand std / sqrt(7),0.95,1.36,1.75,2.52,0,NO_REORDER,LOW,Stock 14 is at or above the reorder point 1.7
BR002,MED146,Mefenamic Acid 500mg (Summit Lifesciences),Antipyretics,11,0.435,0.937,2.199,0.0621,7,0.44,0.4538,weekly demand std / sqrt(7),0.95,1.97,2.41,3.28,0,NO_REORDER,LOW,Stock 11 is at or above the reorder point 2.4
BR002,MED147,Mefenamic Acid 500mg (TrueLife Remedies),Antipyretics,4,0.384,0.817,1.898,0.0714,7,0.5,0.5547,weekly demand std / sqrt(7),0.95,2.41,2.91,3.91,0,NO_REORDER,LOW,Stock 4 is at or above the reorder point 2.9
BR002,MED148,Mefenamic Acid 500mg (VitaCure Remedies),Antipyretics,13,0.796,1.688,3.96,0.1429,7,1.0,0.6585,weekly demand std / sqrt(7),0.95,2.87,3.87,5.87,0,NO_REORDER,LOW,Stock 13 is at or above the reorder point 3.9
BR002,MED149,Paracetamol 650mg (Aarogya Formulations),Antipyretics,5,1.441,2.987,6.741,0.3214,7,2.25,0.6262,weekly demand std / sqrt(7),0.95,2.73,4.98,9.48,0,NO_REORDER,LOW,Stock 5 is at or above the reorder point 5.0
BR002,MED150,Paracetamol 650mg (CarePlus Laboratories),Antipyretics,15,0.836,1.853,4.049,0.1194,7,0.84,0.5726,weekly demand std / sqrt(7),0.95,2.49,3.33,5.0,0,NO_REORDER,LOW,Stock 15 is at or above the reorder point 3.3
BR002,MED151,Paracetamol Drops 100mg/ml (Aarogya Formulations),Antipyretics,10,1.337,2.772,6.777,0.25,7,1.75,0.5812,weekly demand std / sqrt(7),0.95,2.53,4.28,7.78,0,NO_REORDER,LOW,Stock 10 is at or above the reorder point 4.3
BR002,MED152,Paracetamol Suspension 250mg/5ml (Aarogya Formulations),Antipyretics,17,4.762,8.903,21.096,0.75,7,5.25,0.9681,weekly demand std / sqrt(7),0.95,4.21,9.46,19.96,0,NO_REORDER,LOW,Stock 17 is at or above the reorder point 9.5
BR002,MED153,Paracetamol Suspension 250mg/5ml (BlueCrest Pharma),Antipyretics,3,0.385,0.776,1.991,0.0714,7,0.5,0.3866,weekly demand std / sqrt(7),0.95,1.68,2.18,3.18,0,NO_REORDER,LOW,Stock 3 is at or above the reorder point 2.2
BR002,MED154,Paracetamol Suspension 250mg/5ml (CarePlus Laboratories),Antipyretics,6,1.153,1.876,5.241,0.25,7,1.75,0.6496,weekly demand std / sqrt(7),0.95,2.83,4.58,8.08,0,NO_REORDER,LOW,Stock 6 is at or above the reorder point 4.6
BR002,MED156,Paracetamol Suspension 250mg/5ml (TrueLife Remedies),Antipyretics,8,0.859,1.828,4.627,0.25,7,1.75,0.3956,weekly demand std / sqrt(7),0.95,1.72,3.47,6.97,0,NO_REORDER,LOW,Stock 8 is at or above the reorder point 3.5
BR002,MED157,Paracetamol Suspension 125mg/5ml,Antipyretics,14,0.636,1.282,3.549,0.1071,7,0.75,0.3248,weekly demand std / sqrt(7),0.95,1.41,2.16,3.66,0,NO_REORDER,LOW,Stock 14 is at or above the reorder point 2.2
BR002,MED158,Paracetamol Suspension 125mg/5ml (LifeSpring Pharma),Antipyretics,22,12.127,23.311,47.726,1.8571,7,13.0,1.9587,weekly demand std / sqrt(7),0.95,8.52,21.52,47.52,0,NO_REORDER,LOW,Stock 22 is at or above the reorder point 21.5
BR002,MED159,Paracetamol Suspension 125mg/5ml (NovaMed Laboratories),Antipyretics,11,2.517,5.358,11.258,0.5357,7,3.75,0.934,weekly demand std / sqrt(7),0.95,4.06,7.81,15.31,0,NO_REORDER,LOW,Stock 11 is at or above the reorder point 7.8
BR002,MED160,Paracetamol Suspension 125mg/5ml (TrueLife Remedies),Antipyretics,12,0.557,1.111,2.579,0.0796,7,0.56,0.5674,weekly demand std / sqrt(7),0.95,2.47,3.03,4.14,0,NO_REORDER,LOW,Stock 12 is at or above the reorder point 3.0
BR002,MED161,Paracetamol Suspension 125mg/5ml (VitaCure Remedies),Antipyretics,8,0.829,1.83,4.529,0.25,7,1.75,0.4622,weekly demand std / sqrt(7),0.95,2.01,3.76,7.26,0,NO_REORDER,LOW,Stock 8 is at or above the reorder point 3.8
BR002,MED162,Cetirizine 10mg (ApexLife Pharma),Antihistamines,8,2.287,4.519,11.569,0.4643,7,3.25,0.6141,weekly demand std / sqrt(7),0.95,2.67,5.92,12.42,0,NO_REORDER,LOW,Stock 8 is at or above the reorder point 5.9
BR002,MED163,Cetirizine 10mg (CureLine Healthcare),Antihistamines,23,9.318,18.879,43.929,1.6071,7,11.25,1.6578,weekly demand std / sqrt(7),0.95,7.21,18.46,40.96,0,NO_REORDER,LOW,Stock 23 is at or above the reorder point 18.5
BR002,MED164,Cetirizine 10mg (LifeSpring Pharma),Antihistamines,8,0.849,1.877,4.552,0.1429,7,1.0,0.2939,weekly demand std / sqrt(7),0.95,1.28,2.28,4.28,0,NO_REORDER,LOW,Stock 8 is at or above the reorder point 2.3
BR002,MED166,Cetirizine 10mg (Summit Lifesciences),Antihistamines,14,1.107,2.432,6.555,0.1581,7,1.11,0.5161,weekly demand std / sqrt(7),0.95,2.25,3.35,5.57,0,NO_REORDER,LOW,Stock 14 is at or above the reorder point 3.4
BR002,MED167,Cetirizine 10mg (TrueLife Remedies),Antihistamines,15,5.032,10.265,23.866,0.9643,7,6.75,1.6025,weekly demand std / sqrt(7),0.95,6.97,13.72,27.22,0,NO_REORDER,LOW,Stock 15 is at or above the reorder point 13.7
BR002,MED168,Cetirizine 5mg,Antihistamines,9,0.761,1.583,3.755,0.1087,7,0.76,0.8722,weekly demand std / sqrt(7),0.95,3.8,4.56,6.08,0,NO_REORDER,LOW,Stock 9 is at or above the reorder point 4.6
BR002,MED170,Cetirizine 5mg (CureLine Healthcare),Antihistamines,9,0.385,0.798,1.876,0.055,7,0.38,0.1027,weekly demand std / sqrt(7),0.95,0.45,0.83,1.6,0,NO_REORDER,LOW,Stock 9 is at or above the reorder point 0.8
BR002,MED171,Cetirizine 5mg (Stellar Formulations),Antihistamines,8,3.17,6.461,15.0,0.6071,7,4.25,0.8537,weekly demand std / sqrt(7),0.95,3.72,7.97,16.47,0,NO_REORDER,LOW,Stock 8 is at or above the reorder point 8.0
BR002,MED172,Cetirizine 5mg (Summit Lifesciences),Antihistamines,13,1.398,2.774,7.203,0.3214,7,2.25,0.4818,weekly demand std / sqrt(7),0.95,2.1,4.35,8.85,0,NO_REORDER,LOW,Stock 13 is at or above the reorder point 4.3
BR002,MED173,Cetirizine 5mg (TrueLife Remedies),Antihistamines,65,42.465,83.354,186.445,6.25,7,43.75,3.0859,weekly demand std / sqrt(7),0.95,13.43,57.18,144.68,0,NO_REORDER,LOW,Stock 65 is at or above the reorder point 57.2
BR002,MED174,Cetirizine 5mg (VitaCure Remedies),Antihistamines,10,0.609,1.247,3.014,0.1429,7,1.0,0.3056,weekly demand std / sqrt(7),0.95,1.33,2.33,4.33,0,NO_REORDER,LOW,Stock 10 is at or above the reorder point 2.3
BR002,MED175,Chlorpheniramine 4mg (ApexLife Pharma),Antihistamines,11,0.345,0.685,1.734,0.0493,7,0.34,0.3889,weekly demand std / sqrt(7),0.95,1.69,2.04,2.73,0,NO_REORDER,LOW,Stock 11 is at or above the reorder point 2.0
BR002,MED176,Chlorpheniramine 4mg (BlueCrest Pharma),Antihistamines,34,0.964,2.096,5.263,0.1377,7,0.96,0.2673,weekly demand std / sqrt(7),0.95,1.16,2.13,4.06,0,NO_REORDER,LOW,Stock 34 is at or above the reorder point 2.1
BR002,MED177,Chlorpheniramine 4mg (CarePlus Laboratories),Antihistamines,8,0.914,1.815,3.707,0.1786,7,1.25,0.4772,weekly demand std / sqrt(7),0.95,2.08,3.33,5.83,0,NO_REORDER,LOW,Stock 8 is at or above the reorder point 3.3
BR002,MED178,Chlorpheniramine 4mg (HealthAxis Pharma),Antihistamines,9,0.843,1.76,4.044,0.1429,7,1.0,0.3925,weekly demand std / sqrt(7),0.95,1.71,2.71,4.71,0,NO_REORDER,LOW,Stock 9 is at or above the reorder point 2.7
BR002,MED179,Chlorpheniramine 4mg (LifeSpring Pharma),Antihistamines,13,2.758,5.369,13.255,0.4286,7,3.0,0.47,weekly demand std / sqrt(7),0.95,2.05,5.05,11.05,0,NO_REORDER,LOW,Stock 13 is at or above the reorder point 5.0
BR002,MED180,Chlorpheniramine 4mg (VitaCure Remedies),Antihistamines,14,0.413,0.889,2.141,0.059,7,0.41,0.2568,weekly demand std / sqrt(7),0.95,1.12,1.53,2.36,0,NO_REORDER,LOW,Stock 14 is at or above the reorder point 1.5
BR002,MED181,Fexofenadine 120mg (ApexLife Pharma),Antihistamines,9,0.783,1.657,3.914,0.2143,7,1.5,0.4206,weekly demand std / sqrt(7),0.95,1.83,3.33,6.33,0,NO_REORDER,LOW,Stock 9 is at or above the reorder point 3.3
BR002,MED182,Fexofenadine 120mg (BlueCrest Pharma),Antihistamines,24,1.194,3.095,7.291,0.25,7,1.75,1.1908,weekly demand std / sqrt(7),0.95,5.18,6.93,10.43,0,NO_REORDER,LOW,Stock 24 is at or above the reorder point 6.9
BR002,MED183,Fexofenadine 120mg (CureLine Healthcare),Antihistamines,11,1.079,2.246,5.052,0.2857,7,2.0,0.5246,weekly demand std / sqrt(7),0.95,2.28,4.28,8.28,0,NO_REORDER,LOW,Stock 11 is at or above the reorder point 4.3
BR002,MED184,Fexofenadine 120mg (LifeSpring Pharma),Antihistamines,14,0.465,1.05,2.643,0.0664,7,0.46,0.5649,weekly demand std / sqrt(7),0.95,2.46,2.92,3.85,0,NO_REORDER,LOW,Stock 14 is at or above the reorder point 2.9
BR002,MED185,Fexofenadine 120mg (TrueLife Remedies),Antihistamines,10,0.618,1.279,2.9,0.0883,7,0.62,0.3038,weekly demand std / sqrt(7),0.95,1.32,1.94,3.18,0,NO_REORDER,LOW,Stock 10 is at or above the reorder point 1.9
BR002,MED186,Fexofenadine 180mg,Antihistamines,17,4.483,9.5,23.91,0.8929,7,6.25,1.0667,weekly demand std / sqrt(7),0.95,4.64,10.89,23.39,0,NO_REORDER,LOW,Stock 17 is at or above the reorder point 10.9
BR002,MED187,Fexofenadine 180mg (CureLine Healthcare),Antihistamines,12,0.433,0.94,2.074,0.0619,7,0.43,0.341,weekly demand std / sqrt(7),0.95,1.48,1.92,2.78,0,NO_REORDER,LOW,Stock 12 is at or above the reorder point 1.9
BR002,MED188,Fexofenadine 180mg (HealthAxis Pharma),Antihistamines,12,0.611,1.36,3.15,0.0873,7,0.61,0.2377,weekly demand std / sqrt(7),0.95,1.03,1.65,2.87,0,NO_REORDER,LOW,Stock 12 is at or above the reorder point 1.6
BR002,MED189,Fexofenadine 180mg (TrueLife Remedies),Antihistamines,7,0.683,1.455,3.31,0.1071,7,0.75,0.3261,weekly demand std / sqrt(7),0.95,1.42,2.17,3.67,0,NO_REORDER,LOW,Stock 7 is at or above the reorder point 2.2
BR002,MED191,Levocetirizine 5mg (BlueCrest Pharma),Antihistamines,8,2.653,5.433,13.843,0.4643,7,3.25,0.9784,weekly demand std / sqrt(7),0.95,4.26,7.51,14.01,0,NO_REORDER,LOW,Stock 8 is at or above the reorder point 7.5
BR002,MED192,Levocetirizine 5mg (CureLine Healthcare),Antihistamines,16,1.473,3.024,7.17,0.3214,7,2.25,0.538,weekly demand std / sqrt(7),0.95,2.34,4.59,9.09,0,NO_REORDER,LOW,Stock 16 is at or above the reorder point 4.6
BR002,MED193,Levocetirizine 5mg (LifeSpring Pharma),Antihistamines,10,1.193,2.509,5.779,0.3214,7,2.25,0.5974,weekly demand std / sqrt(7),0.95,2.6,4.85,9.35,0,NO_REORDER,LOW,Stock 10 is at or above the reorder point 4.8
BR002,MED195,Levocetirizine 5mg (VitaCure Remedies),Antihistamines,9,0.542,1.042,2.512,0.1071,7,0.75,0.3508,weekly demand std / sqrt(7),0.95,1.53,2.28,3.78,0,NO_REORDER,LOW,Stock 9 is at or above the reorder point 2.3
BR002,MED196,Levocetirizine 2.5mg,Antihistamines,9,0.585,1.25,3.151,0.0836,7,0.58,0.3056,weekly demand std / sqrt(7),0.95,1.33,1.92,3.09,0,NO_REORDER,LOW,Stock 9 is at or above the reorder point 1.9
BR002,MED197,Levocetirizine 2.5mg (LifeSpring Pharma),Antihistamines,14,3.185,6.839,16.322,0.5,7,3.5,1.0072,weekly demand std / sqrt(7),0.95,4.38,7.88,14.88,0,NO_REORDER,LOW,Stock 14 is at or above the reorder point 7.9
BR002,MED198,Levocetirizine 2.5mg (Stellar Formulations),Antihistamines,13,0.573,1.171,3.102,0.0819,7,0.57,0.2143,weekly demand std / sqrt(7),0.95,0.93,1.51,2.65,0,NO_REORDER,LOW,Stock 13 is at or above the reorder point 1.5
BR002,MED199,Montelukast + Levocetirizine 10mg/5mg (Aarogya Formulations),Antihistamines,9,0.345,0.672,1.516,0.0493,7,0.34,0.3967,weekly demand std / sqrt(7),0.95,1.73,2.07,2.76,0,NO_REORDER,LOW,Stock 9 is at or above the reorder point 2.1
BR002,MED200,Montelukast + Levocetirizine 10mg/5mg (HealthAxis Pharma),Antihistamines,14,2.262,4.453,9.853,0.3231,7,2.26,0.5588,weekly demand std / sqrt(7),0.95,2.43,4.69,9.22,0,NO_REORDER,LOW,Stock 14 is at or above the reorder point 4.7
BR002,MED201,Montelukast + Levocetirizine 10mg/5mg (NovaMed Laboratories),Antihistamines,14,1.266,2.607,6.128,0.3214,7,2.25,0.5419,weekly demand std / sqrt(7),0.95,2.36,4.61,9.11,0,NO_REORDER,LOW,Stock 14 is at or above the reorder point 4.6
BR002,MED202,Montelukast + Levocetirizine 10mg/5mg (Stellar Formulations),Antihistamines,17,1.564,3.323,8.141,0.2857,7,2.0,0.9076,weekly demand std / sqrt(7),0.95,3.95,5.95,9.95,0,NO_REORDER,LOW,Stock 17 is at or above the reorder point 5.9
BR002,MED203,Montelukast + Levocetirizine 10mg/5mg (TrueLife Remedies),Antihistamines,7,0.992,2.139,5.387,0.1786,7,1.25,0.4408,weekly demand std / sqrt(7),0.95,1.92,3.17,5.67,0,NO_REORDER,LOW,Stock 7 is at or above the reorder point 3.2
BR002,MED204,Montelukast + Levocetirizine 10mg/5mg (VitaCure Remedies),Antihistamines,14,1.794,3.748,8.562,0.2563,7,1.79,0.684,weekly demand std / sqrt(7),0.95,2.98,4.77,8.36,0,NO_REORDER,LOW,Stock 14 is at or above the reorder point 4.8
BR002,MED207,Domperidone 10mg (CureLine Healthcare),Gastrointestinal,14,1.368,2.901,6.955,0.3929,7,2.75,0.61,weekly demand std / sqrt(7),0.95,2.65,5.4,10.9,0,NO_REORDER,LOW,Stock 14 is at or above the reorder point 5.4
BR002,MED208,Domperidone 10mg (HealthAxis Pharma),Gastrointestinal,13,0.35,0.824,1.72,0.05,7,0.35,0.4567,weekly demand std / sqrt(7),0.95,1.99,2.34,3.04,0,NO_REORDER,LOW,Stock 13 is at or above the reorder point 2.3
BR002,MED209,Domperidone 10mg (LifeSpring Pharma),Gastrointestinal,13,0.437,0.939,2.146,0.0624,7,0.44,0.3583,weekly demand std / sqrt(7),0.95,1.56,2.0,2.87,0,NO_REORDER,LOW,Stock 13 is at or above the reorder point 2.0
BR002,MED210,Domperidone 10mg (NovaMed Laboratories),Gastrointestinal,8,2.08,4.906,10.778,0.5357,7,3.75,0.7805,weekly demand std / sqrt(7),0.95,3.4,7.15,14.65,0,NO_REORDER,LOW,Stock 8 is at or above the reorder point 7.1
BR002,MED211,Loperamide 2mg (Aarogya Formulations),Gastrointestinal,11,0.578,1.198,2.928,0.1429,7,1.0,0.4235,weekly demand std / sqrt(7),0.95,1.84,2.84,4.84,0,NO_REORDER,LOW,Stock 11 is at or above the reorder point 2.8
BR002,MED212,Loperamide 2mg (BlueCrest Pharma),Gastrointestinal,9,0.474,0.99,2.502,0.1071,7,0.75,0.3586,weekly demand std / sqrt(7),0.95,1.56,2.31,3.81,0,NO_REORDER,LOW,Stock 9 is at or above the reorder point 2.3
BR002,MED213,Loperamide 2mg (LifeSpring Pharma),Gastrointestinal,6,0.495,1.046,2.634,0.1786,7,1.25,0.3197,weekly demand std / sqrt(7),0.95,1.39,2.64,5.14,0,NO_REORDER,LOW,Stock 6 is at or above the reorder point 2.6
BR002,MED214,Omeprazole 20mg (Aarogya Formulations),Gastrointestinal,7,0.444,0.962,2.555,0.1071,7,0.75,0.3956,weekly demand std / sqrt(7),0.95,1.72,2.47,3.97,0,NO_REORDER,LOW,Stock 7 is at or above the reorder point 2.5
BR002,MED215,Omeprazole 20mg (CarePlus Laboratories),Gastrointestinal,13,5.006,10.719,24.026,0.8571,7,6.0,1.0847,weekly demand std / sqrt(7),0.95,4.72,10.72,22.72,0,NO_REORDER,LOW,Stock 13 is at or above the reorder point 10.7
BR002,MED216,Omeprazole 20mg (CureLine Healthcare),Gastrointestinal,4,0.36,0.898,1.977,0.0714,7,0.5,0.6297,weekly demand std / sqrt(7),0.95,2.74,3.24,4.24,0,NO_REORDER,LOW,Stock 4 is at or above the reorder point 3.2
BR002,MED217,Omeprazole 20mg (HealthAxis Pharma),Gastrointestinal,12,0.359,0.768,1.568,0.0513,7,0.36,0.3419,weekly demand std / sqrt(7),0.95,1.49,1.85,2.57,0,NO_REORDER,LOW,Stock 12 is at or above the reorder point 1.8
BR002,MED218,Omeprazole 20mg (LifeSpring Pharma),Gastrointestinal,8,1.183,2.579,5.666,0.25,7,1.75,0.4688,weekly demand std / sqrt(7),0.95,2.04,3.79,7.29,0,NO_REORDER,LOW,Stock 8 is at or above the reorder point 3.8
BR002,MED219,Omeprazole 20mg (TrueLife Remedies),Gastrointestinal,26,6.082,12.97,28.443,0.9286,7,6.5,1.7617,weekly demand std / sqrt(7),0.95,7.67,14.17,27.17,0,NO_REORDER,LOW,Stock 26 is at or above the reorder point 14.2
BR002,MED220,Omeprazole 20mg (VitaCure Remedies),Gastrointestinal,19,0.599,1.062,2.803,0.0856,7,0.6,0.3508,weekly demand std / sqrt(7),0.95,1.53,2.13,3.32,0,NO_REORDER,LOW,Stock 19 is at or above the reorder point 2.1
BR002,MED221,Omeprazole 40mg,Gastrointestinal,5,0.353,0.798,1.712,0.0504,7,0.35,0.441,weekly demand std / sqrt(7),0.95,1.92,2.27,2.98,0,NO_REORDER,LOW,Stock 5 is at or above the reorder point 2.3
BR002,MED222,Omeprazole 40mg (ApexLife Pharma),Gastrointestinal,16,2.688,6.285,13.848,0.3929,7,2.75,0.9377,weekly demand std / sqrt(7),0.95,4.08,6.83,12.33,0,NO_REORDER,LOW,Stock 16 is at or above the reorder point 6.8
BR002,MED223,Omeprazole 40mg (LifeSpring Pharma),Gastrointestinal,12,2.532,5.685,12.914,0.4286,7,3.0,1.3806,weekly demand std / sqrt(7),0.95,6.01,9.01,15.01,0,NO_REORDER,LOW,Stock 12 is at or above the reorder point 9.0
BR002,MED225,Omeprazole 40mg (TrueLife Remedies),Gastrointestinal,8,0.557,1.183,3.117,0.1429,7,1.0,0.4662,weekly demand std / sqrt(7),0.95,2.03,3.03,5.03,0,NO_REORDER,LOW,Stock 8 is at or above the reorder point 3.0
BR002,MED226,Ondansetron 4mg (Aarogya Formulations),Gastrointestinal,13,2.23,5.01,10.669,0.4286,7,3.0,0.7596,weekly demand std / sqrt(7),0.95,3.31,6.31,12.31,0,NO_REORDER,LOW,Stock 13 is at or above the reorder point 6.3
BR002,MED227,Ondansetron 4mg (BlueCrest Pharma),Gastrointestinal,8,0.474,0.943,2.18,0.0714,7,0.5,0.3891,weekly demand std / sqrt(7),0.95,1.69,2.19,3.19,0,NO_REORDER,LOW,Stock 8 is at or above the reorder point 2.2
BR002,MED228,Ondansetron 4mg (CarePlus Laboratories),Gastrointestinal,13,0.489,1.034,2.364,0.0714,7,0.5,0.3667,weekly demand std / sqrt(7),0.95,1.6,2.1,3.1,0,NO_REORDER,LOW,Stock 13 is at or above the reorder point 2.1
BR002,MED229,Ondansetron 4mg (CureLine Healthcare),Gastrointestinal,9,0.419,0.912,2.012,0.0599,7,0.42,0.47,weekly demand std / sqrt(7),0.95,2.05,2.46,3.3,0,NO_REORDER,LOW,Stock 9 is at or above the reorder point 2.5
BR002,MED230,Ondansetron 4mg (LifeSpring Pharma),Gastrointestinal,15,0.377,0.787,1.787,0.0539,7,0.38,0.1519,weekly demand std / sqrt(7),0.95,0.66,1.04,1.79,0,NO_REORDER,LOW,Stock 15 is at or above the reorder point 1.0
BR002,MED232,Ondansetron 4mg (Stellar Formulations),Gastrointestinal,9,0.894,1.934,4.428,0.1429,7,1.0,0.4688,weekly demand std / sqrt(7),0.95,2.04,3.04,5.04,0,NO_REORDER,LOW,Stock 9 is at or above the reorder point 3.0
BR002,MED233,Ondansetron 4mg (Summit Lifesciences),Gastrointestinal,11,1.575,3.231,7.138,0.25,7,1.75,0.4622,weekly demand std / sqrt(7),0.95,2.01,3.76,7.26,0,NO_REORDER,LOW,Stock 11 is at or above the reorder point 3.8
BR002,MED235,Ondansetron 8mg,Gastrointestinal,23,0.624,1.274,3.433,0.1429,7,1.0,0.3071,weekly demand std / sqrt(7),0.95,1.34,2.34,4.34,0,NO_REORDER,LOW,Stock 23 is at or above the reorder point 2.3
BR002,MED237,Ondansetron 8mg (TrueLife Remedies),Gastrointestinal,17,0.631,1.216,3.093,0.1071,7,0.75,0.4025,weekly demand std / sqrt(7),0.95,1.75,2.5,4.0,0,NO_REORDER,LOW,Stock 17 is at or above the reorder point 2.5
BR002,MED238,Ondansetron 8mg (VitaCure Remedies),Gastrointestinal,15,0.638,1.239,2.643,0.0911,7,0.64,0.5688,weekly demand std / sqrt(7),0.95,2.48,3.11,4.39,0,NO_REORDER,LOW,Stock 15 is at or above the reorder point 3.1
BR002,MED239,ORS Powder 21.8g (HealthAxis Pharma),Gastrointestinal,61,32.058,69.023,148.09,4.9286,7,34.5,3.197,weekly demand std / sqrt(7),0.95,13.91,48.41,117.41,0,NO_REORDER,LOW,Stock 61 is at or above the reorder point 48.4
BR002,MED240,ORS Powder 21.8g (LifeSpring Pharma),Gastrointestinal,8,1.028,1.988,4.299,0.25,7,1.75,0.6847,weekly demand std / sqrt(7),0.95,2.98,4.73,8.23,0,NO_REORDER,LOW,Stock 8 is at or above the reorder point 4.7
BR002,MED242,ORS Powder 21.8g (Summit Lifesciences),Gastrointestinal,4,0.537,1.056,2.488,0.1786,7,1.25,0.3573,weekly demand std / sqrt(7),0.95,1.56,2.81,5.31,0,NO_REORDER,LOW,Stock 4 is at or above the reorder point 2.8
BR002,MED243,ORS Powder 21.8g (TrueLife Remedies),Gastrointestinal,8,0.753,1.574,3.684,0.1076,7,0.75,0.4538,weekly demand std / sqrt(7),0.95,1.97,2.73,4.23,0,NO_REORDER,LOW,Stock 8 is at or above the reorder point 2.7
BR002,MED244,ORS Powder 21.8g (VitaCure Remedies),Gastrointestinal,12,0.443,0.949,2.128,0.0633,7,0.44,0.3474,weekly demand std / sqrt(7),0.95,1.51,1.95,2.84,0,NO_REORDER,LOW,Stock 12 is at or above the reorder point 2.0
BR002,MED245,Pantoprazole 40mg (BlueCrest Pharma),Gastrointestinal,19,4.706,9.851,19.728,0.6723,7,4.71,1.1711,weekly demand std / sqrt(7),0.95,5.1,9.8,19.21,0,NO_REORDER,LOW,Stock 19 is at or above the reorder point 9.8
BR002,MED246,Pantoprazole 40mg (CarePlus Laboratories),Gastrointestinal,9,1.034,2.153,5.05,0.2143,7,1.5,0.5262,weekly demand std / sqrt(7),0.95,2.29,3.79,6.79,0,NO_REORDER,LOW,Stock 9 is at or above the reorder point 3.8
BR002,MED247,Pantoprazole 40mg (NovaMed Laboratories),Gastrointestinal,19,2.702,6.336,13.492,0.3929,7,2.75,0.8016,weekly demand std / sqrt(7),0.95,3.49,6.24,11.74,0,NO_REORDER,LOW,Stock 19 is at or above the reorder point 6.2
BR002,MED248,Pantoprazole 40mg (TrueLife Remedies),Gastrointestinal,14,0.515,0.985,2.678,0.0736,7,0.52,0.2738,weekly demand std / sqrt(7),0.95,1.19,1.71,2.74,0,NO_REORDER,LOW,Stock 14 is at or above the reorder point 1.7
BR002,MED250,Pantoprazole 20mg (ApexLife Pharma),Gastrointestinal,13,0.864,2.007,4.27,0.1234,7,0.86,0.6761,weekly demand std / sqrt(7),0.95,2.94,3.81,5.53,0,NO_REORDER,LOW,Stock 13 is at or above the reorder point 3.8
BR002,MED252,Pantoprazole 20mg (CarePlus Laboratories),Gastrointestinal,11,0.679,1.385,3.202,0.1786,7,1.25,0.2939,weekly demand std / sqrt(7),0.95,1.28,2.53,5.03,0,NO_REORDER,LOW,Stock 11 is at or above the reorder point 2.5
BR002,MED253,Pantoprazole 20mg (Stellar Formulations),Gastrointestinal,5,0.468,1.102,2.609,0.1786,7,1.25,0.4577,weekly demand std / sqrt(7),0.95,1.99,3.24,5.74,0,NO_REORDER,LOW,Stock 5 is at or above the reorder point 3.2
BR002,MED254,Pantoprazole 20mg (Summit Lifesciences),Gastrointestinal,6,0.709,1.766,3.471,0.2143,7,1.5,0.7264,weekly demand std / sqrt(7),0.95,3.16,4.66,7.66,0,NO_REORDER,LOW,Stock 6 is at or above the reorder point 4.7
BR002,MED255,Pantoprazole 20mg (VitaCure Remedies),Gastrointestinal,16,0.371,0.82,1.896,0.053,7,0.37,0.3573,weekly demand std / sqrt(7),0.95,1.56,1.93,2.67,0,NO_REORDER,LOW,Stock 16 is at or above the reorder point 1.9
BR002,MED257,Amlodipine 5mg (LifeSpring Pharma),Cardiovascular,31,6.585,14.281,30.545,0.9407,7,6.58,2.5201,weekly demand std / sqrt(7),0.95,10.97,17.55,30.72,0,NO_REORDER,LOW,Stock 31 is at or above the reorder point 17.6
BR002,MED258,Amlodipine 5mg (NovaMed Laboratories),Cardiovascular,10,0.995,2.046,5.402,0.3214,7,2.25,0.6683,weekly demand std / sqrt(7),0.95,2.91,5.16,9.66,0,NO_REORDER,LOW,Stock 10 is at or above the reorder point 5.2
BR002,MED259,Amlodipine 5mg (Stellar Formulations),Cardiovascular,15,1.446,3.602,8.172,0.2143,7,1.5,0.7952,weekly demand std / sqrt(7),0.95,3.46,4.96,7.96,0,NO_REORDER,LOW,Stock 15 is at or above the reorder point 5.0
BR002,MED260,Amlodipine 5mg (VitaCure Remedies),Cardiovascular,12,0.82,1.596,4.554,0.25,7,1.75,0.532,weekly demand std / sqrt(7),0.95,2.32,4.07,7.57,0,NO_REORDER,LOW,Stock 12 is at or above the reorder point 4.1
BR002,MED261,Amlodipine 2.5mg,Cardiovascular,9,0.755,1.681,3.96,0.1429,7,1.0,0.5749,weekly demand std / sqrt(7),0.95,2.5,3.5,5.5,0,NO_REORDER,LOW,Stock 9 is at or above the reorder point 3.5
BR002,MED262,Amlodipine 2.5mg (LifeSpring Pharma),Cardiovascular,16,1.666,3.651,8.95,0.3571,7,2.5,0.9119,weekly demand std / sqrt(7),0.95,3.97,6.47,11.47,0,NO_REORDER,LOW,Stock 16 is at or above the reorder point 6.5
BR002,MED263,Amlodipine 2.5mg (Stellar Formulations),Cardiovascular,14,1.372,3.118,8.045,0.3214,7,2.25,0.9415,weekly demand std / sqrt(7),0.95,4.1,6.35,10.85,0,NO_REORDER,LOW,Stock 14 is at or above the reorder point 6.3
BR002,MED264,Amlodipine 2.5mg (Summit Lifesciences),Cardiovascular,37,8.823,19.075,42.135,1.4286,7,10.0,1.6038,weekly demand std / sqrt(7),0.95,6.98,16.98,36.98,0,NO_REORDER,LOW,Stock 37 is at or above the reorder point 17.0
BR002,MED266,Amlodipine 2.5mg (VitaCure Remedies),Cardiovascular,17,0.707,1.723,3.694,0.101,7,0.71,0.4164,weekly demand std / sqrt(7),0.95,1.81,2.52,3.93,0,NO_REORDER,LOW,Stock 17 is at or above the reorder point 2.5
BR002,MED267,Amlodipine 10mg,Cardiovascular,9,0.731,1.55,3.365,0.2143,7,1.5,0.746,weekly demand std / sqrt(7),0.95,3.25,4.75,7.75,0,NO_REORDER,LOW,Stock 9 is at or above the reorder point 4.7
BR002,MED268,Amlodipine 10mg (LifeSpring Pharma),Cardiovascular,4,0.402,0.884,2.094,0.1071,7,0.75,0.4245,weekly demand std / sqrt(7),0.95,1.85,2.6,4.1,0,NO_REORDER,LOW,Stock 4 is at or above the reorder point 2.6
BR002,MED269,Amlodipine 10mg (Stellar Formulations),Cardiovascular,92,55.058,108.432,232.818,8.25,7,57.75,5.1122,weekly demand std / sqrt(7),0.95,22.25,80.0,195.5,0,NO_REORDER,LOW,Stock 92 is at or above the reorder point 80.0
BR002,MED270,Aspirin 75mg (Aarogya Formulations),Cardiovascular,26,7.539,15.616,35.097,1.2143,7,8.5,1.9535,weekly demand std / sqrt(7),0.95,8.5,17.0,34.0,0,NO_REORDER,LOW,Stock 26 is at or above the reorder point 17.0
BR002,MED271,Aspirin 75mg (ApexLife Pharma),Cardiovascular,8,0.751,1.733,4.282,0.1429,7,1.0,0.489,weekly demand std / sqrt(7),0.95,2.13,3.13,5.13,0,NO_REORDER,LOW,Stock 8 is at or above the reorder point 3.1
BR002,MED272,Aspirin 75mg (BlueCrest Pharma),Cardiovascular,69,32.189,65.662,141.98,4.75,7,33.25,4.1505,weekly demand std / sqrt(7),0.95,18.06,51.31,117.81,0,NO_REORDER,LOW,Stock 69 is at or above the reorder point 51.3
BR002,MED273,Aspirin 75mg (CureLine Healthcare),Cardiovascular,23,3.695,7.285,15.785,0.5279,7,3.69,1.7923,weekly demand std / sqrt(7),0.95,7.8,11.49,18.88,0,NO_REORDER,LOW,Stock 23 is at or above the reorder point 11.5
BR002,MED274,Aspirin 75mg (LifeSpring Pharma),Cardiovascular,15,0.66,1.423,3.257,0.1429,7,1.0,0.3261,weekly demand std / sqrt(7),0.95,1.42,2.42,4.42,0,NO_REORDER,LOW,Stock 15 is at or above the reorder point 2.4
BR002,MED275,Aspirin 75mg (NovaMed Laboratories),Cardiovascular,7,0.66,1.491,3.586,0.1429,7,1.0,0.434,weekly demand std / sqrt(7),0.95,1.89,2.89,4.89,0,NO_REORDER,LOW,Stock 7 is at or above the reorder point 2.9
BR002,MED276,Aspirin 75mg (Stellar Formulations),Cardiovascular,56,12.123,24.905,53.306,1.7319,7,12.12,1.9448,weekly demand std / sqrt(7),0.95,8.46,20.59,44.83,0,NO_REORDER,LOW,Stock 56 is at or above the reorder point 20.6
BR002,MED277,Aspirin 150mg,Cardiovascular,6,0.655,1.601,4.18,0.2143,7,1.5,0.3583,weekly demand std / sqrt(7),0.95,1.56,3.06,6.06,0,NO_REORDER,LOW,Stock 6 is at or above the reorder point 3.1
BR002,MED278,Aspirin 150mg (CarePlus Laboratories),Cardiovascular,18,4.551,9.868,23.61,0.75,7,5.25,1.2794,weekly demand std / sqrt(7),0.95,5.57,10.82,21.32,0,NO_REORDER,LOW,Stock 18 is at or above the reorder point 10.8
BR002,MED280,Aspirin 150mg (TrueLife Remedies),Cardiovascular,25,5.61,12.477,26.874,0.8014,7,5.61,1.4958,weekly demand std / sqrt(7),0.95,6.51,12.12,23.34,0,NO_REORDER,LOW,Stock 25 is at or above the reorder point 12.1
BR002,MED281,Atorvastatin 10mg (Aarogya Formulations),Cardiovascular,5,0.515,1.055,2.487,0.1071,7,0.75,0.5983,weekly demand std / sqrt(7),0.95,2.6,3.35,4.85,0,NO_REORDER,LOW,Stock 5 is at or above the reorder point 3.4
BR002,MED282,Atorvastatin 10mg (ApexLife Pharma),Cardiovascular,9,1.896,4.189,10.573,0.5357,7,3.75,0.8319,weekly demand std / sqrt(7),0.95,3.62,7.37,14.87,0,NO_REORDER,LOW,Stock 9 is at or above the reorder point 7.4
BR002,MED284,Atorvastatin 10mg (Summit Lifesciences),Cardiovascular,42,8.081,16.949,36.675,1.1544,7,8.08,1.6852,weekly demand std / sqrt(7),0.95,7.33,15.41,31.58,0,NO_REORDER,LOW,Stock 42 is at or above the reorder point 15.4
BR002,MED286,Atorvastatin 20mg (BlueCrest Pharma),Cardiovascular,17,3.834,7.912,18.016,0.6071,7,4.25,1.4734,weekly demand std / sqrt(7),0.95,6.41,10.66,19.16,0,NO_REORDER,LOW,Stock 17 is at or above the reorder point 10.7
BR002,MED287,Atorvastatin 20mg (CarePlus Laboratories),Cardiovascular,18,5.306,10.688,24.939,0.7857,7,5.5,1.1677,weekly demand std / sqrt(7),0.95,5.08,10.58,21.58,0,NO_REORDER,LOW,Stock 18 is at or above the reorder point 10.6
BR002,MED289,Atorvastatin 40mg (CureLine Healthcare),Cardiovascular,12,0.603,1.428,3.079,0.0861,7,0.6,0.5659,weekly demand std / sqrt(7),0.95,2.46,3.07,4.27,0,NO_REORDER,LOW,Stock 12 is at or above the reorder point 3.1
BR002,MED290,Atorvastatin 40mg (LifeSpring Pharma),Cardiovascular,17,0.626,1.332,3.855,0.1071,7,0.75,0.4567,weekly demand std / sqrt(7),0.95,1.99,2.74,4.24,0,NO_REORDER,LOW,Stock 17 is at or above the reorder point 2.7
BR002,MED291,Atorvastatin 40mg (VitaCure Remedies),Cardiovascular,9,0.651,1.56,3.81,0.093,7,0.65,0.6163,weekly demand std / sqrt(7),0.95,2.68,3.33,4.63,0,NO_REORDER,LOW,Stock 9 is at or above the reorder point 3.3
BR002,MED292,Clopidogrel 75mg (Aarogya Formulations),Cardiovascular,18,6.274,13.517,30.113,1.0357,7,7.25,1.8426,weekly demand std / sqrt(7),0.95,8.02,15.27,29.77,0,NO_REORDER,LOW,Stock 18 is at or above the reorder point 15.3
BR002,MED293,Clopidogrel 75mg (BlueCrest Pharma),Cardiovascular,12,0.785,1.841,4.495,0.2143,7,1.5,1.0798,weekly demand std / sqrt(7),0.95,4.7,6.2,9.2,0,NO_REORDER,LOW,Stock 12 is at or above the reorder point 6.2
BR002,MED294,Clopidogrel 75mg (CureLine Healthcare),Cardiovascular,30,0.713,1.493,3.786,0.1019,7,0.71,0.6583,weekly demand std / sqrt(7),0.95,2.86,3.58,5.0,0,NO_REORDER,LOW,Stock 30 is at or above the reorder point 3.6
BR002,MED295,Clopidogrel 75mg (NovaMed Laboratories),Cardiovascular,9,1.124,2.385,5.546,0.3929,7,2.75,0.6617,weekly demand std / sqrt(7),0.95,2.88,5.63,11.13,0,NO_REORDER,LOW,Stock 9 is at or above the reorder point 5.6
BR002,MED296,Clopidogrel 75mg (Stellar Formulations),Cardiovascular,7,1.286,2.763,7.396,0.3571,7,2.5,0.9293,weekly demand std / sqrt(7),0.95,4.04,6.54,11.54,0,NO_REORDER,LOW,Stock 7 is at or above the reorder point 6.5
BR002,MED297,Losartan 50mg (Aarogya Formulations),Cardiovascular,12,0.639,1.465,3.308,0.1071,7,0.75,0.5626,weekly demand std / sqrt(7),0.95,2.45,3.2,4.7,0,NO_REORDER,LOW,Stock 12 is at or above the reorder point 3.2
BR002,MED298,Losartan 50mg (CarePlus Laboratories),Cardiovascular,12,1.028,2.236,5.68,0.3214,7,2.25,0.6076,weekly demand std / sqrt(7),0.95,2.64,4.89,9.39,0,NO_REORDER,LOW,Stock 12 is at or above the reorder point 4.9
BR002,MED300,Losartan 25mg,Cardiovascular,9,0.697,1.462,3.875,0.1071,7,0.75,0.6226,weekly demand std / sqrt(7),0.95,2.71,3.46,4.96,0,NO_REORDER,LOW,Stock 9 is at or above the reorder point 3.5
BR002,MED302,Losartan 25mg (HealthAxis Pharma),Cardiovascular,11,2.027,4.894,9.434,0.5,7,3.5,1.2293,weekly demand std / sqrt(7),0.95,5.35,8.85,15.85,0,NO_REORDER,LOW,Stock 11 is at or above the reorder point 8.8
BR002,MED303,Losartan 25mg (NovaMed Laboratories),Cardiovascular,11,0.694,1.517,3.544,0.1071,7,0.75,0.6226,weekly demand std / sqrt(7),0.95,2.71,3.46,4.96,0,NO_REORDER,LOW,Stock 11 is at or above the reorder point 3.5
BR002,MED304,Losartan 25mg (Summit Lifesciences),Cardiovascular,8,0.656,1.446,3.73,0.1071,7,0.75,0.4557,weekly demand std / sqrt(7),0.95,1.98,2.73,4.23,0,NO_REORDER,LOW,Stock 8 is at or above the reorder point 2.7
BR002,MED307,Metoprolol 50mg (BlueCrest Pharma),Cardiovascular,41,20.538,42.475,93.612,3.2143,7,22.5,2.4156,weekly demand std / sqrt(7),0.95,10.51,33.01,78.01,0,NO_REORDER,LOW,Stock 41 is at or above the reorder point 33.0
BR002,MED308,Metoprolol 50mg (CureLine Healthcare),Cardiovascular,24,4.871,9.68,20.6,0.6959,7,4.87,1.0674,weekly demand std / sqrt(7),0.95,4.65,9.52,19.26,0,NO_REORDER,LOW,Stock 24 is at or above the reorder point 9.5
BR002,MED309,Metoprolol 50mg (NovaMed Laboratories),Cardiovascular,13,1.111,2.589,6.082,0.2857,7,2.0,0.5659,weekly demand std / sqrt(7),0.95,2.46,4.46,8.46,0,NO_REORDER,LOW,Stock 13 is at or above the reorder point 4.5
BR002,MED311,Metoprolol 25mg (CureLine Healthcare),Cardiovascular,42,7.628,16.784,32.142,1.0897,7,7.63,1.4049,weekly demand std / sqrt(7),0.95,6.11,13.74,29.0,0,NO_REORDER,LOW,Stock 42 is at or above the reorder point 13.7
BR002,MED312,Metoprolol 25mg (HealthAxis Pharma),Cardiovascular,25,1.551,3.135,8.928,0.3214,7,2.25,0.4398,weekly demand std / sqrt(7),0.95,1.91,4.16,8.66,0,NO_REORDER,LOW,Stock 25 is at or above the reorder point 4.2
BR002,MED313,Metoprolol 25mg (LifeSpring Pharma),Cardiovascular,7,1.111,2.625,5.898,0.2143,7,1.5,0.5229,weekly demand std / sqrt(7),0.95,2.28,3.78,6.78,0,NO_REORDER,LOW,Stock 7 is at or above the reorder point 3.8
BR002,MED314,Rosuvastatin 10mg (BlueCrest Pharma),Cardiovascular,31,7.081,14.516,33.542,1.0116,7,7.08,1.5992,weekly demand std / sqrt(7),0.95,6.96,14.04,28.2,0,NO_REORDER,LOW,Stock 31 is at or above the reorder point 14.0
BR002,MED315,Rosuvastatin 10mg (NovaMed Laboratories),Cardiovascular,21,0.547,1.255,3.179,0.0781,7,0.55,0.4132,weekly demand std / sqrt(7),0.95,1.8,2.35,3.44,0,NO_REORDER,LOW,Stock 21 is at or above the reorder point 2.3
BR002,MED317,Rosuvastatin 5mg,Cardiovascular,20,0.724,1.699,3.952,0.1034,7,0.72,0.9324,weekly demand std / sqrt(7),0.95,4.06,4.78,6.23,0,NO_REORDER,LOW,Stock 20 is at or above the reorder point 4.8
BR002,MED318,Rosuvastatin 5mg (BlueCrest Pharma),Cardiovascular,11,0.53,1.141,2.54,0.1071,7,0.75,0.5101,weekly demand std / sqrt(7),0.95,2.22,2.97,4.47,0,NO_REORDER,LOW,Stock 11 is at or above the reorder point 3.0
BR002,MED319,Rosuvastatin 5mg (NovaMed Laboratories),Cardiovascular,95,41.2,83.762,181.83,5.8929,7,41.25,3.9286,weekly demand std / sqrt(7),0.95,17.1,58.35,140.85,0,NO_REORDER,LOW,Stock 95 is at or above the reorder point 58.3
BR002,MED320,Rosuvastatin 5mg (Stellar Formulations),Cardiovascular,28,7.819,15.881,36.424,1.3214,7,9.25,1.8783,weekly demand std / sqrt(7),0.95,8.17,17.42,35.92,0,NO_REORDER,LOW,Stock 28 is at or above the reorder point 17.4
BR002,MED321,Rosuvastatin 5mg (VitaCure Remedies),Cardiovascular,14,0.752,1.803,3.181,0.1429,7,1.0,0.482,weekly demand std / sqrt(7),0.95,2.1,3.1,5.1,0,NO_REORDER,LOW,Stock 14 is at or above the reorder point 3.1
BR002,MED323,Rosuvastatin 20mg (NovaMed Laboratories),Cardiovascular,19,1.21,2.551,6.247,0.2143,7,1.5,0.5947,weekly demand std / sqrt(7),0.95,2.59,4.09,7.09,0,NO_REORDER,LOW,Stock 19 is at or above the reorder point 4.1
BR002,MED325,Rosuvastatin 20mg (Summit Lifesciences),Cardiovascular,15,1.05,2.507,5.96,0.1786,7,1.25,0.382,weekly demand std / sqrt(7),0.95,1.66,2.91,5.41,0,NO_REORDER,LOW,Stock 15 is at or above the reorder point 2.9
BR002,MED328,Telmisartan 40mg (CureLine Healthcare),Cardiovascular,9,0.619,1.487,3.512,0.1429,7,1.0,0.6839,weekly demand std / sqrt(7),0.95,2.98,3.98,5.98,0,NO_REORDER,LOW,Stock 9 is at or above the reorder point 4.0
BR002,MED329,Telmisartan 40mg (NovaMed Laboratories),Cardiovascular,57,24.885,52.009,115.045,3.7143,7,26.0,2.4377,weekly demand std / sqrt(7),0.95,10.61,36.61,88.61,0,NO_REORDER,LOW,Stock 57 is at or above the reorder point 36.6
BR002,MED330,Telmisartan 40mg (Stellar Formulations),Cardiovascular,11,1.356,2.715,6.415,0.2857,7,2.0,0.5998,weekly demand std / sqrt(7),0.95,2.61,4.61,8.61,0,NO_REORDER,LOW,Stock 11 is at or above the reorder point 4.6
BR002,MED331,Telmisartan 40mg (VitaCure Remedies),Cardiovascular,10,0.738,1.546,4.242,0.1071,7,0.75,0.7402,weekly demand std / sqrt(7),0.95,3.22,3.97,5.47,0,NO_REORDER,LOW,Stock 10 is at or above the reorder point 4.0
BR002,MED334,Telmisartan 20mg (LifeSpring Pharma),Cardiovascular,15,1.184,2.767,6.296,0.2143,7,1.5,0.4772,weekly demand std / sqrt(7),0.95,2.08,3.58,6.58,0,NO_REORDER,LOW,Stock 15 is at or above the reorder point 3.6
BR002,MED335,Telmisartan 20mg (Summit Lifesciences),Cardiovascular,7,0.958,2.231,5.342,0.2143,7,1.5,0.5146,weekly demand std / sqrt(7),0.95,2.24,3.74,6.74,0,NO_REORDER,LOW,Stock 7 is at or above the reorder point 3.7
BR002,MED336,Telmisartan 80mg,Cardiovascular,10,1.211,2.881,6.94,0.3571,7,2.5,0.6255,weekly demand std / sqrt(7),0.95,2.72,5.22,10.22,0,NO_REORDER,LOW,Stock 10 is at or above the reorder point 5.2
BR002,MED337,Telmisartan 80mg (ApexLife Pharma),Cardiovascular,11,1.009,2.316,5.575,0.2143,7,1.5,0.8557,weekly demand std / sqrt(7),0.95,3.72,5.22,8.22,0,NO_REORDER,LOW,Stock 11 is at or above the reorder point 5.2
BR002,MED338,Telmisartan 80mg (BlueCrest Pharma),Cardiovascular,59,13.27,26.892,59.212,2.0357,7,14.25,1.7701,weekly demand std / sqrt(7),0.95,7.7,21.95,50.45,0,NO_REORDER,LOW,Stock 59 is at or above the reorder point 22.0
BR002,MED339,Telmisartan 80mg (CureLine Healthcare),Cardiovascular,12,0.692,1.486,3.962,0.0989,7,0.69,0.5604,weekly demand std / sqrt(7),0.95,2.44,3.13,4.51,0,NO_REORDER,LOW,Stock 12 is at or above the reorder point 3.1
BR002,MED340,Telmisartan 80mg (NovaMed Laboratories),Cardiovascular,7,1.119,2.707,6.359,0.25,7,1.75,0.693,weekly demand std / sqrt(7),0.95,3.02,4.77,8.27,0,NO_REORDER,LOW,Stock 7 is at or above the reorder point 4.8
BR002,MED342,Telmisartan 80mg (Summit Lifesciences),Cardiovascular,16,4.356,9.818,22.795,0.7857,7,5.5,1.4186,weekly demand std / sqrt(7),0.95,6.17,11.67,22.67,0,NO_REORDER,LOW,Stock 16 is at or above the reorder point 11.7
BR002,MED343,Telmisartan 80mg (TrueLife Remedies),Cardiovascular,11,2.45,5.515,12.904,0.5714,7,4.0,1.126,weekly demand std / sqrt(7),0.95,4.9,8.9,16.9,0,NO_REORDER,LOW,Stock 11 is at or above the reorder point 8.9
BR002,MED345,Gliclazide 80mg (BlueCrest Pharma),Antidiabetic,16,1.716,4.391,9.049,0.25,7,1.75,0.767,weekly demand std / sqrt(7),0.95,3.34,5.09,8.59,0,NO_REORDER,LOW,Stock 16 is at or above the reorder point 5.1
BR002,MED347,Gliclazide 80mg (LifeSpring Pharma),Antidiabetic,12,2.757,5.639,13.241,0.5,7,3.5,0.7508,weekly demand std / sqrt(7),0.95,3.27,6.77,13.77,0,NO_REORDER,LOW,Stock 12 is at or above the reorder point 6.8
BR002,MED348,Gliclazide 80mg (TrueLife Remedies),Antidiabetic,11,0.421,0.9,2.202,0.0601,7,0.42,0.4307,weekly demand std / sqrt(7),0.95,1.87,2.3,3.14,0,NO_REORDER,LOW,Stock 11 is at or above the reorder point 2.3
BR002,MED349,Gliclazide 40mg,Antidiabetic,17,2.384,5.43,11.966,0.3571,7,2.5,1.0756,weekly demand std / sqrt(7),0.95,4.68,7.18,12.18,0,NO_REORDER,LOW,Stock 17 is at or above the reorder point 7.2
BR002,MED350,Gliclazide 40mg (BlueCrest Pharma),Antidiabetic,6,0.493,1.007,2.467,0.1071,7,0.75,0.5189,weekly demand std / sqrt(7),0.95,2.26,3.01,4.51,0,NO_REORDER,LOW,Stock 6 is at or above the reorder point 3.0
BR002,MED351,Gliclazide 40mg (Lumina Pharma),Antidiabetic,14,1.523,2.8,7.104,0.3571,7,2.5,1.22,weekly demand std / sqrt(7),0.95,5.31,7.81,12.81,0,NO_REORDER,LOW,Stock 14 is at or above the reorder point 7.8
BR002,MED352,Gliclazide 40mg (NovaMed Laboratories),Antidiabetic,17,0.58,1.174,2.875,0.0829,7,0.58,0.1231,weekly demand std / sqrt(7),0.95,0.54,1.12,2.28,0,NO_REORDER,LOW,Stock 17 is at or above the reorder point 1.1
BR002,MED353,Gliclazide 40mg (Stellar Formulations),Antidiabetic,13,0.885,2.039,4.263,0.1264,7,0.88,0.4964,weekly demand std / sqrt(7),0.95,2.16,3.05,4.82,0,NO_REORDER,LOW,Stock 13 is at or above the reorder point 3.0
BR002,MED354,Gliclazide 40mg (Summit Lifesciences),Antidiabetic,48,18.299,38.317,83.939,2.7143,7,19.0,2.7964,weekly demand std / sqrt(7),0.95,12.17,31.17,69.17,0,NO_REORDER,LOW,Stock 48 is at or above the reorder point 31.2
BR002,MED355,Glimepiride 2mg (BlueCrest Pharma),Antidiabetic,14,1.168,2.047,5.52,0.3571,7,2.5,0.7565,weekly demand std / sqrt(7),0.95,3.29,5.79,10.79,0,NO_REORDER,LOW,Stock 14 is at or above the reorder point 5.8
BR002,MED356,Glimepiride 2mg (CarePlus Laboratories),Antidiabetic,23,3.917,9.952,18.662,0.5596,7,3.92,1.2091,weekly demand std / sqrt(7),0.95,5.26,9.18,17.01,0,NO_REORDER,LOW,Stock 23 is at or above the reorder point 9.2
BR002,MED357,Glimepiride 2mg (Stellar Formulations),Antidiabetic,16,4.738,10.523,23.881,0.8571,7,6.0,1.4742,weekly demand std / sqrt(7),0.95,6.42,12.42,24.42,0,NO_REORDER,LOW,Stock 16 is at or above the reorder point 12.4
BR002,MED358,Glimepiride 2mg (VitaCure Remedies),Antidiabetic,29,8.604,18.074,40.992,1.5,7,10.5,1.8486,weekly demand std / sqrt(7),0.95,8.04,18.54,39.54,0,NO_REORDER,LOW,Stock 29 is at or above the reorder point 18.5
BR002,MED359,Glimepiride 1mg,Antidiabetic,9,0.412,0.878,1.994,0.0589,7,0.41,0.6064,weekly demand std / sqrt(7),0.95,2.64,3.05,3.87,0,NO_REORDER,LOW,Stock 9 is at or above the reorder point 3.1
BR002,MED360,Glimepiride 1mg (CarePlus Laboratories),Antidiabetic,20,5.985,12.695,29.836,1.4286,7,10.0,1.74,weekly demand std / sqrt(7),0.95,7.57,17.57,37.57,0,NO_REORDER,LOW,Stock 20 is at or above the reorder point 17.6
BR002,MED363,Glimepiride 1mg (Summit Lifesciences),Antidiabetic,20,1.172,2.851,7.271,0.25,7,1.75,1.0492,weekly demand std / sqrt(7),0.95,4.57,6.32,9.82,0,NO_REORDER,LOW,Stock 20 is at or above the reorder point 6.3
BR002,MED364,Glimepiride 1mg (TrueLife Remedies),Antidiabetic,37,9.037,18.216,37.644,1.3571,7,9.5,1.6257,weekly demand std / sqrt(7),0.95,7.07,16.57,35.57,0,NO_REORDER,LOW,Stock 37 is at or above the reorder point 16.6
BR002,MED365,Glimepiride 3mg,Antidiabetic,10,0.92,2.025,4.599,0.1429,7,1.0,0.763,weekly demand std / sqrt(7),0.95,3.32,4.32,6.32,0,NO_REORDER,LOW,Stock 10 is at or above the reorder point 4.3
BR002,MED366,Glimepiride 3mg (ApexLife Pharma),Antidiabetic,32,7.609,17.181,37.924,1.6071,7,11.25,1.855,weekly demand std / sqrt(7),0.95,8.07,19.32,41.82,0,NO_REORDER,LOW,Stock 32 is at or above the reorder point 19.3
BR002,MED367,Glimepiride 3mg (CureLine Healthcare),Antidiabetic,19,1.258,2.77,6.063,0.25,7,1.75,0.8282,weekly demand std / sqrt(7),0.95,3.6,5.35,8.85,0,NO_REORDER,LOW,Stock 19 is at or above the reorder point 5.4
BR002,MED368,Glimepiride 3mg (NovaMed Laboratories),Antidiabetic,24,1.039,2.565,6.261,0.1484,7,1.04,0.5298,weekly demand std / sqrt(7),0.95,2.31,3.34,5.42,0,NO_REORDER,LOW,Stock 24 is at or above the reorder point 3.3
BR002,MED369,Glimepiride 3mg (Stellar Formulations),Antidiabetic,11,3.934,8.657,20.507,0.7857,7,5.5,0.9813,weekly demand std / sqrt(7),0.95,4.27,9.77,20.77,0,NO_REORDER,LOW,Stock 11 is at or above the reorder point 9.8
BR002,MED370,Glimepiride 3mg (Summit Lifesciences),Antidiabetic,13,1.05,2.007,4.562,0.25,7,1.75,0.9201,weekly demand std / sqrt(7),0.95,4.0,5.75,9.25,0,NO_REORDER,LOW,Stock 13 is at or above the reorder point 5.8
BR002,MED371,Glimepiride 3mg (TrueLife Remedies),Antidiabetic,5,0.517,1.243,2.716,0.0739,7,0.52,0.3583,weekly demand std / sqrt(7),0.95,1.56,2.08,3.11,0,NO_REORDER,LOW,Stock 5 is at or above the reorder point 2.1
BR002,MED372,Glimepiride 3mg (VitaCure Remedies),Antidiabetic,9,2.403,5.071,12.006,0.4286,7,3.0,0.9753,weekly demand std / sqrt(7),0.95,4.24,7.24,13.24,0,NO_REORDER,LOW,Stock 9 is at or above the reorder point 7.2
BR002,MED373,Glimepiride + Metformin 2mg/500mg (Aarogya Formulations),Antidiabetic,9,0.695,1.588,3.671,0.0993,7,0.7,0.4718,weekly demand std / sqrt(7),0.95,2.05,2.75,4.14,0,NO_REORDER,LOW,Stock 9 is at or above the reorder point 2.7
BR002,MED374,Glimepiride + Metformin 2mg/500mg (Stellar Formulations),Antidiabetic,12,2.201,4.44,9.577,0.4286,7,3.0,1.0501,weekly demand std / sqrt(7),0.95,4.57,7.57,13.57,0,NO_REORDER,LOW,Stock 12 is at or above the reorder point 7.6
BR002,MED375,Glimepiride + Metformin 2mg/500mg (Summit Lifesciences),Antidiabetic,7,0.855,1.966,4.637,0.1786,7,1.25,0.489,weekly demand std / sqrt(7),0.95,2.13,3.38,5.88,0,NO_REORDER,LOW,Stock 7 is at or above the reorder point 3.4
BR002,MED376,Glimepiride + Metformin 1mg/500mg,Antidiabetic,22,1.437,3.875,8.517,0.2053,7,1.44,0.7402,weekly demand std / sqrt(7),0.95,3.22,4.66,7.53,0,NO_REORDER,LOW,Stock 22 is at or above the reorder point 4.7
BR002,MED377,Glimepiride + Metformin 1mg/500mg (CarePlus Laboratories),Antidiabetic,8,0.973,2.245,5.321,0.3214,7,2.25,0.6826,weekly demand std / sqrt(7),0.95,2.97,5.22,9.72,0,NO_REORDER,LOW,Stock 8 is at or above the reorder point 5.2
BR002,MED378,Glimepiride + Metformin 1mg/500mg (Stellar Formulations),Antidiabetic,17,1.998,4.56,10.569,0.5357,7,3.75,0.7372,weekly demand std / sqrt(7),0.95,3.21,6.96,14.46,0,NO_REORDER,LOW,Stock 17 is at or above the reorder point 7.0
BR002,MED379,Glimepiride + Metformin 1mg/500mg (Summit Lifesciences),Antidiabetic,14,1.868,4.072,9.417,0.5,7,3.5,0.7784,weekly demand std / sqrt(7),0.95,3.39,6.89,13.89,0,NO_REORDER,LOW,Stock 14 is at or above the reorder point 6.9
BR002,MED380,Glimepiride + Metformin 1mg/500mg (VitaCure Remedies),Antidiabetic,41,8.587,18.471,39.943,1.2267,7,8.59,1.7501,weekly demand std / sqrt(7),0.95,7.62,16.2,33.38,0,NO_REORDER,LOW,Stock 41 is at or above the reorder point 16.2
BR002,MED385,Metformin 850mg,Antidiabetic,72,42.471,87.689,185.306,6.5,7,45.5,5.4784,weekly demand std / sqrt(7),0.95,23.84,69.34,160.34,0,NO_REORDER,LOW,Stock 72 is at or above the reorder point 69.3
BR002,MED386,Metformin 850mg (CureLine Healthcare),Antidiabetic,13,4.532,9.968,23.268,0.9643,7,6.75,1.2401,weekly demand std / sqrt(7),0.95,5.4,12.15,25.65,0,NO_REORDER,LOW,Stock 13 is at or above the reorder point 12.1
BR002,MED387,Metformin 850mg (Stellar Formulations),Antidiabetic,8,0.75,1.591,3.558,0.1786,7,1.25,0.4899,weekly demand std / sqrt(7),0.95,2.13,3.38,5.88,0,NO_REORDER,LOW,Stock 8 is at or above the reorder point 3.4
BR002,MED388,Metformin 850mg (VitaCure Remedies),Antidiabetic,10,0.582,1.297,3.308,0.0831,7,0.58,0.6724,weekly demand std / sqrt(7),0.95,2.93,3.51,4.67,0,NO_REORDER,LOW,Stock 10 is at or above the reorder point 3.5
BR002,MED389,Metformin 1000mg,Antidiabetic,15,1.298,2.936,6.625,0.1854,7,1.3,0.686,weekly demand std / sqrt(7),0.95,2.99,4.28,6.88,0,NO_REORDER,LOW,Stock 15 is at or above the reorder point 4.3
BR002,MED395,Sitagliptin 100mg (CarePlus Laboratories),Antidiabetic,32,7.792,16.915,36.807,1.1786,7,8.25,1.3691,weekly demand std / sqrt(7),0.95,5.96,14.21,30.71,0,NO_REORDER,LOW,Stock 32 is at or above the reorder point 14.2
BR002,MED396,Sitagliptin 100mg (HealthAxis Pharma),Antidiabetic,87,53.754,106.904,228.673,8.25,7,57.75,4.3655,weekly demand std / sqrt(7),0.95,19.0,76.75,192.25,0,NO_REORDER,LOW,Stock 87 is at or above the reorder point 76.7
BR002,MED397,Sitagliptin 50mg,Antidiabetic,34,4.488,11.065,21.546,0.6411,7,4.49,1.5659,weekly demand std / sqrt(7),0.95,6.81,11.3,20.28,0,NO_REORDER,LOW,Stock 34 is at or above the reorder point 11.3
BR002,MED399,Sitagliptin 50mg (BlueCrest Pharma),Antidiabetic,56,16.941,34.656,75.709,2.4643,7,17.25,2.6143,weekly demand std / sqrt(7),0.95,11.38,28.63,63.13,0,NO_REORDER,LOW,Stock 56 is at or above the reorder point 28.6
BR002,MED400,Sitagliptin 50mg (Crestview Pharma),Antidiabetic,9,0.809,1.744,3.797,0.2143,7,1.5,0.6523,weekly demand std / sqrt(7),0.95,2.84,4.34,7.34,0,NO_REORDER,LOW,Stock 9 is at or above the reorder point 4.3
BR002,MED401,Sitagliptin 50mg (HealthAxis Pharma),Antidiabetic,17,0.7,1.601,3.761,0.1,7,0.7,0.3595,weekly demand std / sqrt(7),0.95,1.56,2.26,3.66,0,NO_REORDER,LOW,Stock 17 is at or above the reorder point 2.3
BR002,MED403,Sitagliptin 50mg (Stellar Formulations),Antidiabetic,10,2.101,4.694,11.469,0.3929,7,2.75,0.5674,weekly demand std / sqrt(7),0.95,2.47,5.22,10.72,0,NO_REORDER,LOW,Stock 10 is at or above the reorder point 5.2
BR002,MED404,Sitagliptin 50mg (Summit Lifesciences),Antidiabetic,17,0.708,1.595,3.76,0.1011,7,0.71,0.5945,weekly demand std / sqrt(7),0.95,2.59,3.3,4.71,0,NO_REORDER,LOW,Stock 17 is at or above the reorder point 3.3
BR002,MED405,Sitagliptin 50mg (TrueLife Remedies),Antidiabetic,11,0.421,0.9,2.202,0.0601,7,0.42,0.5237,weekly demand std / sqrt(7),0.95,2.28,2.7,3.54,0,NO_REORDER,LOW,Stock 11 is at or above the reorder point 2.7
BR002,MED406,Ambroxol + Levosalbutamol Syrup 100ml (Aarogya Formulations),Respiratory,10,0.491,1.061,2.657,0.0701,7,0.49,0.4079,weekly demand std / sqrt(7),0.95,1.78,2.27,3.25,0,NO_REORDER,LOW,Stock 10 is at or above the reorder point 2.3
BR002,MED407,Ambroxol + Levosalbutamol Syrup 100ml (NovaMed Laboratories),Respiratory,31,7.184,14.75,33.47,1.0357,7,7.25,1.0624,weekly demand std / sqrt(7),0.95,4.62,11.87,26.37,0,NO_REORDER,LOW,Stock 31 is at or above the reorder point 11.9
BR002,MED408,Ambroxol + Levosalbutamol Syrup 100ml (Summit Lifesciences),Respiratory,9,0.852,1.717,4.083,0.1786,7,1.25,0.5848,weekly demand std / sqrt(7),0.95,2.54,3.79,6.29,0,NO_REORDER,LOW,Stock 9 is at or above the reorder point 3.8
BR002,MED409,Ambroxol + Levosalbutamol Syrup 100ml (VitaCure Remedies),Respiratory,13,0.732,1.652,3.361,0.1786,7,1.25,0.3071,weekly demand std / sqrt(7),0.95,1.34,2.59,5.09,0,NO_REORDER,LOW,Stock 13 is at or above the reorder point 2.6
BR002,MED410,Ambroxol + Levosalbutamol Syrup 60ml,Respiratory,18,0.798,1.909,4.732,0.1429,7,1.0,0.2431,weekly demand std / sqrt(7),0.95,1.06,2.06,4.06,0,NO_REORDER,LOW,Stock 18 is at or above the reorder point 2.1
BR002,MED411,Ambroxol + Levosalbutamol Syrup 60ml (NovaMed Laboratories),Respiratory,17,4.899,9.415,22.144,0.75,7,5.25,0.9306,weekly demand std / sqrt(7),0.95,4.05,9.3,19.8,0,NO_REORDER,LOW,Stock 17 is at or above the reorder point 9.3
BR002,MED412,Budesonide Inhaler 200mcg (ApexLife Pharma),Respiratory,11,0.712,1.423,3.668,0.1429,7,1.0,0.4098,weekly demand std / sqrt(7),0.95,1.78,2.78,4.78,0,NO_REORDER,LOW,Stock 11 is at or above the reorder point 2.8
BR002,MED413,Budesonide Inhaler 200mcg (BlueCrest Pharma),Respiratory,7,0.381,0.824,1.809,0.0544,7,0.38,0.3056,weekly demand std / sqrt(7),0.95,1.33,1.71,2.47,0,NO_REORDER,LOW,Stock 7 is at or above the reorder point 1.7
BR002,MED414,Budesonide Inhaler 200mcg (VitaCure Remedies),Respiratory,12,0.703,1.545,3.622,0.1429,7,1.0,0.3595,weekly demand std / sqrt(7),0.95,1.56,2.56,4.56,0,NO_REORDER,LOW,Stock 12 is at or above the reorder point 2.6
BR002,MED416,Dextromethorphan Syrup 100ml (HealthAxis Pharma),Respiratory,22,6.733,13.943,30.095,1.0,7,7.0,1.0745,weekly demand std / sqrt(7),0.95,4.68,11.68,25.68,0,NO_REORDER,LOW,Stock 22 is at or above the reorder point 11.7
BR002,MED417,Dextromethorphan Syrup 100ml (LifeSpring Pharma),Respiratory,5,1.742,3.754,8.376,0.3214,7,2.25,0.39,weekly demand std / sqrt(7),0.95,1.7,3.95,8.45,0,NO_REORDER,LOW,Stock 5 is at or above the reorder point 3.9
BR002,MED418,Dextromethorphan Syrup 100ml (Summit Lifesciences),Respiratory,10,0.996,2.19,4.762,0.1786,7,1.25,0.4185,weekly demand std / sqrt(7),0.95,1.82,3.07,5.57,0,NO_REORDER,LOW,Stock 10 is at or above the reorder point 3.1
BR002,MED419,Dextromethorphan Syrup 100ml (TrueLife Remedies),Respiratory,3,0.418,0.74,2.312,0.0714,7,0.5,0.2781,weekly demand std / sqrt(7),0.95,1.21,1.71,2.71,0,NO_REORDER,LOW,Stock 3 is at or above the reorder point 1.7
BR002,MED421,Montelukast 10mg (LifeSpring Pharma),Respiratory,6,1.156,2.596,6.101,0.25,7,1.75,0.5256,weekly demand std / sqrt(7),0.95,2.29,4.04,7.54,0,NO_REORDER,LOW,Stock 6 is at or above the reorder point 4.0
BR002,MED422,Montelukast 10mg (NovaMed Laboratories),Respiratory,21,0.497,1.047,2.904,0.071,7,0.5,0.2875,weekly demand std / sqrt(7),0.95,1.25,1.75,2.74,0,NO_REORDER,LOW,Stock 21 is at or above the reorder point 1.7
BR002,MED423,Montelukast 10mg (Summit Lifesciences),Respiratory,18,0.884,2.172,4.973,0.1429,7,1.0,0.2335,weekly demand std / sqrt(7),0.95,1.02,2.02,4.02,0,NO_REORDER,LOW,Stock 18 is at or above the reorder point 2.0
BR002,MED424,Montelukast 10mg (TrueLife Remedies),Respiratory,18,1.102,2.3,6.069,0.1574,7,1.1,0.2449,weekly demand std / sqrt(7),0.95,1.07,2.17,4.37,0,NO_REORDER,LOW,Stock 18 is at or above the reorder point 2.2
BR002,MED425,Montelukast 5mg,Respiratory,5,0.813,1.716,4.055,0.2857,7,2.0,0.4596,weekly demand std / sqrt(7),0.95,2.0,4.0,8.0,0,NO_REORDER,LOW,Stock 5 is at or above the reorder point 4.0
BR002,MED426,Montelukast 5mg (CarePlus Laboratories),Respiratory,10,0.583,1.185,3.024,0.1071,7,0.75,0.2016,weekly demand std / sqrt(7),0.95,0.88,1.63,3.13,0,NO_REORDER,LOW,Stock 10 is at or above the reorder point 1.6
BR002,MED427,Montelukast 5mg (NovaMed Laboratories),Respiratory,16,1.162,2.586,6.215,0.2143,7,1.5,0.3432,weekly demand std / sqrt(7),0.95,1.49,2.99,5.99,0,NO_REORDER,LOW,Stock 16 is at or above the reorder point 3.0
BR002,MED428,Montelukast 5mg (Summit Lifesciences),Respiratory,11,1.241,2.761,5.849,0.2143,7,1.5,0.3583,weekly demand std / sqrt(7),0.95,1.56,3.06,6.06,0,NO_REORDER,LOW,Stock 11 is at or above the reorder point 3.1
BR002,MED429,Montelukast 5mg (TrueLife Remedies),Respiratory,9,4.206,9.562,21.684,0.75,7,5.25,0.7611,weekly demand std / sqrt(7),0.95,3.31,8.56,19.06,0,NO_REORDER,LOW,Stock 9 is at or above the reorder point 8.6
BR002,MED430,Salbutamol Inhaler 100mcg (Aarogya Formulations),Respiratory,7,0.352,0.745,1.601,0.0503,7,0.35,0.2335,weekly demand std / sqrt(7),0.95,1.02,1.37,2.07,0,NO_REORDER,LOW,Stock 7 is at or above the reorder point 1.4
BR002,MED431,Salbutamol Inhaler 100mcg (ApexLife Pharma),Respiratory,10,2.942,5.514,12.835,0.6429,7,4.5,0.7722,weekly demand std / sqrt(7),0.95,3.36,7.86,16.86,0,NO_REORDER,LOW,Stock 10 is at or above the reorder point 7.9
BR002,MED432,Salbutamol Inhaler 100mcg (Stellar Formulations),Respiratory,30,15.849,31.619,70.656,2.4286,7,17.0,2.0145,weekly demand std / sqrt(7),0.95,8.77,25.77,59.77,0,NO_REORDER,LOW,Stock 30 is at or above the reorder point 25.8
BR002,MED433,Salbutamol Inhaler 100mcg (Summit Lifesciences),Respiratory,6,1.181,2.699,6.65,0.25,7,1.75,0.4068,weekly demand std / sqrt(7),0.95,1.77,3.52,7.02,0,NO_REORDER,LOW,Stock 6 is at or above the reorder point 3.5
BR002,MED434,Salbutamol Inhaler 100mcg (TrueLife Remedies),Respiratory,12,0.668,1.471,3.613,0.0954,7,0.67,0.2568,weekly demand std / sqrt(7),0.95,1.12,1.79,3.12,0,NO_REORDER,LOW,Stock 12 is at or above the reorder point 1.8
BR002,MED435,Salbutamol Inhaler 100mcg (VitaCure Remedies),Respiratory,11,0.822,1.711,4.092,0.1786,7,1.25,0.3777,weekly demand std / sqrt(7),0.95,1.64,2.89,5.39,0,NO_REORDER,LOW,Stock 11 is at or above the reorder point 2.9
BR002,MED436,Salbutamol Inhaler 200mcg,Respiratory,8,2.401,4.706,11.652,0.5,7,3.5,0.6903,weekly demand std / sqrt(7),0.95,3.0,6.5,13.5,0,NO_REORDER,LOW,Stock 8 is at or above the reorder point 6.5
BR002,MED437,Salbutamol Inhaler 200mcg (BlueCrest Pharma),Respiratory,8,0.391,0.829,1.913,0.0559,7,0.39,0.3248,weekly demand std / sqrt(7),0.95,1.41,1.8,2.59,0,NO_REORDER,LOW,Stock 8 is at or above the reorder point 1.8
BR002,MED438,Salbutamol Inhaler 200mcg (CarePlus Laboratories),Respiratory,8,0.367,0.722,1.851,0.0524,7,0.37,0.1231,weekly demand std / sqrt(7),0.95,0.54,0.9,1.64,0,NO_REORDER,LOW,Stock 8 is at or above the reorder point 0.9
BR002,MED439,Salbutamol Inhaler 200mcg (HealthAxis Pharma),Respiratory,6,1.706,3.448,8.632,0.4643,7,3.25,0.5863,weekly demand std / sqrt(7),0.95,2.55,5.8,12.3,0,NO_REORDER,LOW,Stock 6 is at or above the reorder point 5.8
BR002,MED440,Salbutamol Inhaler 200mcg (Stellar Formulations),Respiratory,17,0.606,1.401,3.429,0.0866,7,0.61,0.3634,weekly demand std / sqrt(7),0.95,1.58,2.19,3.4,0,NO_REORDER,LOW,Stock 17 is at or above the reorder point 2.2
BR002,MED441,Salbutamol Inhaler 200mcg (Summit Lifesciences),Respiratory,8,0.555,1.161,2.744,0.0793,7,0.56,0.3067,weekly demand std / sqrt(7),0.95,1.33,1.89,3.0,0,NO_REORDER,LOW,Stock 8 is at or above the reorder point 1.9
BR002,MED442,Calcium + Vitamin D3 500mg/250IU (Aarogya Formulations),Vitamins,10,0.754,1.79,4.152,0.1077,7,0.75,0.4744,weekly demand std / sqrt(7),0.95,2.06,2.82,4.33,0,NO_REORDER,LOW,Stock 10 is at or above the reorder point 2.8
BR002,MED443,Calcium + Vitamin D3 500mg/250IU (ApexLife Pharma),Vitamins,18,5.095,11.073,24.625,1.0714,7,7.5,0.9635,weekly demand std / sqrt(7),0.95,4.19,11.69,26.69,0,NO_REORDER,LOW,Stock 18 is at or above the reorder point 11.7
BR002,MED444,Calcium + Vitamin D3 500mg/250IU (CureLine Healthcare),Vitamins,19,4.686,10.036,21.369,0.6694,7,4.69,1.208,weekly demand std / sqrt(7),0.95,5.26,9.94,19.32,0,NO_REORDER,LOW,Stock 19 is at or above the reorder point 9.9
BR002,MED445,Calcium + Vitamin D3 500mg/250IU (HealthAxis Pharma),Vitamins,19,6.598,13.643,31.93,1.1429,7,8.0,1.2647,weekly demand std / sqrt(7),0.95,5.5,13.5,29.5,0,NO_REORDER,LOW,Stock 19 is at or above the reorder point 13.5
BR002,MED446,Calcium + Vitamin D3 500mg/250IU (LifeSpring Pharma),Vitamins,21,7.198,15.314,35.004,1.4643,7,10.25,1.704,weekly demand std / sqrt(7),0.95,7.42,17.67,38.17,0,NO_REORDER,LOW,Stock 21 is at or above the reorder point 17.7
BR002,MED447,Calcium + Vitamin D3 500mg/250IU (Summit Lifesciences),Vitamins,7,1.294,2.55,6.465,0.2857,7,2.0,0.7923,weekly demand std / sqrt(7),0.95,3.45,5.45,9.45,0,NO_REORDER,LOW,Stock 7 is at or above the reorder point 5.4
BR002,MED448,Calcium + Vitamin D3 500mg/250IU (TrueLife Remedies),Vitamins,40,7.444,15.465,33.566,1.0634,7,7.44,1.1426,weekly demand std / sqrt(7),0.95,4.97,12.42,27.3,0,NO_REORDER,LOW,Stock 40 is at or above the reorder point 12.4
BR002,MED449,Iron + Folic Acid 100mg/500mcg (BlueCrest Pharma),Vitamins,13,0.538,1.242,3.262,0.0769,7,0.54,0.4728,weekly demand std / sqrt(7),0.95,2.06,2.6,3.67,0,NO_REORDER,LOW,Stock 13 is at or above the reorder point 2.6
BR002,MED450,Iron + Folic Acid 100mg/500mcg (CarePlus Laboratories),Vitamins,12,1.629,3.906,8.613,0.3571,7,2.5,0.6735,weekly demand std / sqrt(7),0.95,2.93,5.43,10.43,0,NO_REORDER,LOW,Stock 12 is at or above the reorder point 5.4
BR002,MED451,Iron + Folic Acid 100mg/500mcg (CureLine Healthcare),Vitamins,13,0.688,1.571,3.883,0.0983,7,0.69,0.2875,weekly demand std / sqrt(7),0.95,1.25,1.94,3.32,0,NO_REORDER,LOW,Stock 13 is at or above the reorder point 1.9
BR002,MED452,Iron + Folic Acid 100mg/500mcg (HealthAxis Pharma),Vitamins,19,1.05,1.974,5.467,0.15,7,1.05,0.5005,weekly demand std / sqrt(7),0.95,2.18,3.23,5.33,0,NO_REORDER,LOW,Stock 19 is at or above the reorder point 3.2
BR002,MED453,Iron + Folic Acid 100mg/500mcg (LifeSpring Pharma),Vitamins,12,1.568,3.448,7.651,0.3929,7,2.75,0.634,weekly demand std / sqrt(7),0.95,2.76,5.51,11.01,0,NO_REORDER,LOW,Stock 12 is at or above the reorder point 5.5
BR002,MED455,Iron + Folic Acid 100mg/500mcg (Summit Lifesciences),Vitamins,7,0.881,1.832,4.419,0.2143,7,1.5,0.3694,weekly demand std / sqrt(7),0.95,1.61,3.11,6.11,0,NO_REORDER,LOW,Stock 7 is at or above the reorder point 3.1
BR002,MED456,Iron + Folic Acid 100mg/500mcg (VitaCure Remedies),Vitamins,7,1.792,3.734,8.515,0.3571,7,2.5,0.6071,weekly demand std / sqrt(7),0.95,2.64,5.14,10.14,0,NO_REORDER,LOW,Stock 7 is at or above the reorder point 5.1
BR002,MED457,Multivitamin B-complex+C (BlueCrest Pharma),Vitamins,16,0.445,1.036,2.674,0.0636,7,0.44,0.5312,weekly demand std / sqrt(7),0.95,2.31,2.76,3.65,0,NO_REORDER,LOW,Stock 16 is at or above the reorder point 2.8
BR002,MED458,Multivitamin B-complex+C (HealthAxis Pharma),Vitamins,10,0.584,1.196,2.915,0.0834,7,0.58,0.373,weekly demand std / sqrt(7),0.95,1.62,2.21,3.38,0,NO_REORDER,LOW,Stock 10 is at or above the reorder point 2.2
BR002,MED460,Multivitamin B-complex+C (TrueLife Remedies),Vitamins,18,5.027,11.419,24.933,0.8929,7,6.25,1.2298,weekly demand std / sqrt(7),0.95,5.35,11.6,24.1,0,NO_REORDER,LOW,Stock 18 is at or above the reorder point 11.6
BR002,MED461,Vitamin C Chewable 500mg (Aarogya Formulations),Vitamins,35,12.537,25.231,56.539,2.0714,7,14.5,1.5793,weekly demand std / sqrt(7),0.95,6.87,21.37,50.37,0,NO_REORDER,LOW,Stock 35 is at or above the reorder point 21.4
BR002,MED462,Vitamin C Chewable 500mg (ApexLife Pharma),Vitamins,15,2.661,5.722,12.048,0.3929,7,2.75,0.6974,weekly demand std / sqrt(7),0.95,3.04,5.79,11.29,0,NO_REORDER,LOW,Stock 15 is at or above the reorder point 5.8
BR002,MED463,Vitamin C Chewable 500mg (HealthAxis Pharma),Vitamins,11,2.048,4.527,10.712,0.3929,7,2.75,1.0215,weekly demand std / sqrt(7),0.95,4.45,7.2,12.7,0,NO_REORDER,LOW,Stock 11 is at or above the reorder point 7.2
BR002,MED464,Vitamin C Chewable 500mg (TrueLife Remedies),Vitamins,11,0.51,1.145,2.714,0.0729,7,0.51,0.3903,weekly demand std / sqrt(7),0.95,1.7,2.21,3.23,0,NO_REORDER,LOW,Stock 11 is at or above the reorder point 2.2
BR002,MED467,Vitamin C Chewable 1000mg (BlueCrest Pharma),Vitamins,16,0.982,2.067,4.995,0.1786,7,1.25,0.6781,weekly demand std / sqrt(7),0.95,2.95,4.2,6.7,0,NO_REORDER,LOW,Stock 16 is at or above the reorder point 4.2
BR002,MED469,Vitamin C Chewable 1000mg (CureLine Healthcare),Vitamins,11,0.998,2.027,5.105,0.25,7,1.75,0.5969,weekly demand std / sqrt(7),0.95,2.6,4.35,7.85,0,NO_REORDER,LOW,Stock 11 is at or above the reorder point 4.3
BR002,MED470,Vitamin C Chewable 1000mg (NovaMed Laboratories),Vitamins,13,3.503,7.282,16.217,0.6071,7,4.25,0.9618,weekly demand std / sqrt(7),0.95,4.19,8.44,16.94,0,NO_REORDER,LOW,Stock 13 is at or above the reorder point 8.4
BR002,MED471,Vitamin C Chewable 1000mg (Summit Lifesciences),Vitamins,19,1.227,2.594,6.317,0.1753,7,1.23,0.604,weekly demand std / sqrt(7),0.95,2.63,3.86,6.31,0,NO_REORDER,LOW,Stock 19 is at or above the reorder point 3.9
BR002,MED472,Vitamin C Chewable 1000mg (TrueLife Remedies),Vitamins,11,0.647,1.749,3.611,0.1786,7,1.25,0.465,weekly demand std / sqrt(7),0.95,2.02,3.27,5.77,0,NO_REORDER,LOW,Stock 11 is at or above the reorder point 3.3
BR002,MED473,Vitamin C Chewable 1000mg (VitaCure Remedies),Vitamins,9,2.823,5.535,14.08,0.4643,7,3.25,1.0526,weekly demand std / sqrt(7),0.95,4.58,7.83,14.33,0,NO_REORDER,LOW,Stock 9 is at or above the reorder point 7.8
BR002,MED474,Vitamin D3 60000IU (TrueLife Remedies),Vitamins,10,0.424,0.877,2.128,0.0606,7,0.42,0.3583,weekly demand std / sqrt(7),0.95,1.56,1.98,2.83,0,NO_REORDER,LOW,Stock 10 is at or above the reorder point 2.0
BR002,MED475,Vitamin D3 60000IU (VitaCure Remedies),Vitamins,22,0.694,1.559,3.995,0.0991,7,0.69,0.447,weekly demand std / sqrt(7),0.95,1.95,2.64,4.03,0,NO_REORDER,LOW,Stock 22 is at or above the reorder point 2.6
BR002,MED476,Vitamin D3 1000IU,Vitamins,13,2.554,5.356,12.425,0.4643,7,3.25,0.8397,weekly demand std / sqrt(7),0.95,3.65,6.9,13.4,0,NO_REORDER,LOW,Stock 13 is at or above the reorder point 6.9
BR002,MED477,Vitamin D3 1000IU (Summit Lifesciences),Vitamins,8,0.755,1.694,4.11,0.1079,7,0.76,0.4892,weekly demand std / sqrt(7),0.95,2.13,2.88,4.39,0,NO_REORDER,LOW,Stock 8 is at or above the reorder point 2.9
BR002,MED478,Calamine Lotion 100ml (CureLine Healthcare),Dermatological,7,0.976,1.916,4.506,0.1786,7,1.25,0.3328,weekly demand std / sqrt(7),0.95,1.45,2.7,5.2,0,NO_REORDER,LOW,Stock 7 is at or above the reorder point 2.7
BR002,MED479,Calamine Lotion 100ml (LifeSpring Pharma),Dermatological,17,0.449,0.731,1.462,0.0641,7,0.45,0.2606,weekly demand std / sqrt(7),0.95,1.13,1.58,2.48,0,NO_REORDER,LOW,Stock 17 is at or above the reorder point 1.6
BR002,MED482,Clotrimazole Cream 1% (ApexLife Pharma),Dermatological,11,0.914,2.01,4.495,0.2143,7,1.5,0.6763,weekly demand std / sqrt(7),0.95,2.94,4.44,7.44,0,NO_REORDER,LOW,Stock 11 is at or above the reorder point 4.4
BR002,MED485,Clotrimazole Cream 2% (Stellar Formulations),Dermatological,7,0.367,0.787,1.695,0.0524,7,0.37,0.1858,weekly demand std / sqrt(7),0.95,0.81,1.18,1.91,0,NO_REORDER,LOW,Stock 7 is at or above the reorder point 1.2
BR002,MED487,Fusidic Acid Cream 2% (ApexLife Pharma),Dermatological,10,0.661,1.352,3.374,0.0944,7,0.66,0.4003,weekly demand std / sqrt(7),0.95,1.74,2.4,3.72,0,NO_REORDER,LOW,Stock 10 is at or above the reorder point 2.4
BR002,MED489,Fusidic Acid Cream 2% (VitaCure Remedies),Dermatological,7,0.583,1.049,1.641,0.0833,7,0.58,0.3341,weekly demand std / sqrt(7),0.95,1.45,2.04,3.2,0,NO_REORDER,LOW,Stock 7 is at or above the reorder point 2.0
BR002,MED491,Hydrocortisone Cream 1% (CureLine Healthcare),Dermatological,9,2.324,4.865,11.15,0.3929,7,2.75,0.941,weekly demand std / sqrt(7),0.95,4.1,6.85,12.35,0,NO_REORDER,LOW,Stock 9 is at or above the reorder point 6.8
BR002,MED492,Hydrocortisone Cream 1% (Summit Lifesciences),Dermatological,14,0.394,0.91,1.686,0.0563,7,0.39,0.1231,weekly demand std / sqrt(7),0.95,0.54,0.93,1.72,0,NO_REORDER,LOW,Stock 14 is at or above the reorder point 0.9
BR002,MED494,Ketoconazole Shampoo 2% (LifeSpring Pharma),Dermatological,11,0.703,1.402,3.575,0.1004,7,0.7,0.3113,weekly demand std / sqrt(7),0.95,1.35,2.06,3.46,0,NO_REORDER,LOW,Stock 11 is at or above the reorder point 2.1
BR002,MED495,Ketoconazole Shampoo 2% (VitaCure Remedies),Dermatological,5,0.529,1.055,2.382,0.1071,7,0.75,0.3127,weekly demand std / sqrt(7),0.95,1.36,2.11,3.61,0,NO_REORDER,LOW,Stock 5 is at or above the reorder point 2.1
BR002,MED496,Mupirocin Ointment 2% (ApexLife Pharma),Dermatological,8,0.791,1.638,3.707,0.2143,7,1.5,0.3854,weekly demand std / sqrt(7),0.95,1.68,3.18,6.18,0,NO_REORDER,LOW,Stock 8 is at or above the reorder point 3.2
BR002,MED498,Mupirocin Ointment 2% (NovaMed Laboratories),Dermatological,16,0.376,0.692,1.45,0.0537,7,0.38,0.2159,weekly demand std / sqrt(7),0.95,0.94,1.32,2.07,0,NO_REORDER,LOW,Stock 16 is at or above the reorder point 1.3
BR002,MED499,Mupirocin Ointment 2% (Summit Lifesciences),Dermatological,8,0.49,1.004,2.16,0.07,7,0.49,0.4068,weekly demand std / sqrt(7),0.95,1.77,2.26,3.24,0,NO_REORDER,LOW,Stock 8 is at or above the reorder point 2.3
BR002,MED500,Mupirocin Ointment 2% (VitaCure Remedies),Dermatological,3,0.416,0.896,1.862,0.1071,7,0.75,0.4183,weekly demand std / sqrt(7),0.95,1.82,2.57,4.07,0,NO_REORDER,LOW,Stock 3 is at or above the reorder point 2.6
BR003,MED001,Paracetamol 500mg,Analgesics,75,38.229,75.802,166.924,5.4613,7,38.23,2.7437,weekly demand std / sqrt(7),0.95,11.94,50.17,126.63,0,NO_REORDER,LOW,Stock 75 is at or above the reorder point 50.2
BR003,MED002,Diclofenac 50mg,Analgesics,19,4.42,9.231,20.656,0.7857,7,5.5,0.8277,weekly demand std / sqrt(7),0.95,3.6,9.1,20.1,0,NO_REORDER,LOW,Stock 19 is at or above the reorder point 9.1
BR003,MED003,Amoxicillin 500mg,Antibiotics,12,2.317,4.379,10.503,0.4286,7,3.0,0.8481,weekly demand std / sqrt(7),0.95,3.69,6.69,12.69,0,NO_REORDER,LOW,Stock 12 is at or above the reorder point 6.7
BR003,MED004,Azithromycin 500mg,Antibiotics,12,1.512,3.319,7.634,0.3214,7,2.25,0.7197,weekly demand std / sqrt(7),0.95,3.13,5.38,9.88,0,NO_REORDER,LOW,Stock 12 is at or above the reorder point 5.4
BR003,MED005,Paracetamol 650mg,Antipyretics,54,26.133,50.161,107.226,3.8214,7,26.75,2.94,weekly demand std / sqrt(7),0.95,12.79,39.54,93.04,0,NO_REORDER,LOW,Stock 54 is at or above the reorder point 39.5
BR003,MED006,Paracetamol Suspension 250mg/5ml,Antipyretics,10,0.767,1.663,3.496,0.1429,7,1.0,0.727,weekly demand std / sqrt(7),0.95,3.16,4.16,6.16,0,NO_REORDER,LOW,Stock 10 is at or above the reorder point 4.2
BR003,MED007,Cetirizine 10mg,Antihistamines,61,28.372,54.281,129.191,4.0531,7,28.37,3.4702,weekly demand std / sqrt(7),0.95,15.1,43.47,100.22,0,NO_REORDER,LOW,Stock 61 is at or above the reorder point 43.5
BR003,MED008,Fexofenadine 120mg,Antihistamines,14,0.558,1.308,3.472,0.0797,7,0.56,0.3221,weekly demand std / sqrt(7),0.95,1.4,1.96,3.08,0,NO_REORDER,LOW,Stock 14 is at or above the reorder point 2.0
BR003,MED009,Pantoprazole 40mg,Gastrointestinal,87,27.556,54.993,122.049,3.9366,7,27.56,4.2051,weekly demand std / sqrt(7),0.95,18.3,45.86,100.97,0,NO_REORDER,LOW,Stock 87 is at or above the reorder point 45.9
BR003,MED010,Ondansetron 4mg,Gastrointestinal,6,0.672,1.684,3.967,0.25,7,1.75,0.5483,weekly demand std / sqrt(7),0.95,2.39,4.14,7.64,0,NO_REORDER,LOW,Stock 6 is at or above the reorder point 4.1
BR003,MED011,Amlodipine 5mg,Cardiovascular,140,66.595,129.976,280.498,9.6786,7,67.75,4.2352,weekly demand std / sqrt(7),0.95,18.43,86.18,221.68,0,NO_REORDER,LOW,Stock 140 is at or above the reorder point 86.2
BR003,MED012,Atorvastatin 10mg,Cardiovascular,55,33.371,67.904,148.895,5.1071,7,35.75,2.7463,weekly demand std / sqrt(7),0.95,11.95,47.7,119.2,0,NO_REORDER,LOW,Stock 55 is at or above the reorder point 47.7
BR003,MED013,Metformin 500mg,Antidiabetic,47,27.579,59.159,126.766,4.3214,7,30.25,3.2144,weekly demand std / sqrt(7),0.95,13.99,44.24,104.74,0,NO_REORDER,LOW,Stock 47 is at or above the reorder point 44.2
BR003,MED014,Glimepiride 2mg,Antidiabetic,39,17.267,36.648,80.27,2.6786,7,18.75,2.3696,weekly demand std / sqrt(7),0.95,10.31,29.06,66.56,0,NO_REORDER,LOW,Stock 39 is at or above the reorder point 29.1
BR003,MED015,Ambroxol + Levosalbutamol Syrup 100ml,Respiratory,43,17.186,35.641,76.277,2.5714,7,18.0,2.0345,weekly demand std / sqrt(7),0.95,8.85,26.85,62.85,0,NO_REORDER,LOW,Stock 43 is at or above the reorder point 26.9
BR003,MED016,Salbutamol Inhaler 100mcg,Respiratory,16,0.498,1.178,2.743,0.0711,7,0.5,0.3197,weekly demand std / sqrt(7),0.95,1.39,1.89,2.89,0,NO_REORDER,LOW,Stock 16 is at or above the reorder point 1.9
BR003,MED017,Vitamin C Chewable 500mg,Vitamins,33,11.043,22.83,50.102,1.9286,7,13.5,1.459,weekly demand std / sqrt(7),0.95,6.35,19.85,46.85,0,NO_REORDER,LOW,Stock 33 is at or above the reorder point 19.8
BR003,MED018,Vitamin D3 60000IU,Vitamins,10,3.034,6.383,14.646,0.5357,7,3.75,0.604,weekly demand std / sqrt(7),0.95,2.63,6.38,13.88,0,NO_REORDER,LOW,Stock 10 is at or above the reorder point 6.4
BR003,MED019,Clotrimazole Cream 1%,Dermatological,16,5.492,11.442,24.61,0.9643,7,6.75,1.2232,weekly demand std / sqrt(7),0.95,5.32,12.07,25.57,0,NO_REORDER,LOW,Stock 16 is at or above the reorder point 12.1
BR003,MED020,Mupirocin Ointment 2%,Dermatological,17,2.344,5.045,12.105,0.5,7,3.5,0.7257,weekly demand std / sqrt(7),0.95,3.16,6.66,13.66,0,NO_REORDER,LOW,Stock 17 is at or above the reorder point 6.7
BR003,MED021,Ibuprofen 400mg,Analgesics,19,7.966,17.148,39.838,1.5714,7,11.0,1.4453,weekly demand std / sqrt(7),0.95,6.29,17.29,39.29,0,NO_REORDER,LOW,Stock 19 is at or above the reorder point 17.3
BR003,MED022,Aceclofenac + Paracetamol 100mg/325mg,Analgesics,13,3.291,6.871,16.242,0.5357,7,3.75,0.8911,weekly demand std / sqrt(7),0.95,3.88,7.63,15.13,0,NO_REORDER,LOW,Stock 13 is at or above the reorder point 7.6
BR003,MED023,Naproxen 250mg,Analgesics,7,0.636,1.497,3.482,0.1429,7,1.0,0.4266,weekly demand std / sqrt(7),0.95,1.86,2.86,4.86,0,NO_REORDER,LOW,Stock 7 is at or above the reorder point 2.9
BR003,MED024,Cefixime 200mg,Antibiotics,35,7.103,15.112,31.987,1.0147,7,7.1,1.3402,weekly demand std / sqrt(7),0.95,5.83,12.94,27.14,0,NO_REORDER,LOW,Stock 35 is at or above the reorder point 12.9
BR003,MED025,Ciprofloxacin 500mg,Antibiotics,10,2.367,5.489,11.965,0.5714,7,4.0,1.0547,weekly demand std / sqrt(7),0.95,4.59,8.59,16.59,0,NO_REORDER,LOW,Stock 10 is at or above the reorder point 8.6
BR003,MED026,Doxycycline 100mg,Antibiotics,18,1.569,3.34,7.816,0.3214,7,2.25,0.5298,weekly demand std / sqrt(7),0.95,2.31,4.56,9.06,0,NO_REORDER,LOW,Stock 18 is at or above the reorder point 4.6
BR003,MED027,Amoxicillin + Clavulanic Acid 625mg,Antibiotics,10,3.553,7.615,17.242,0.6786,7,4.75,1.1613,weekly demand std / sqrt(7),0.95,5.05,9.8,19.3,0,NO_REORDER,LOW,Stock 10 is at or above the reorder point 9.8
BR003,MED028,Mefenamic Acid 250mg,Antipyretics,10,1.419,3.035,7.025,0.2857,7,2.0,0.4728,weekly demand std / sqrt(7),0.95,2.06,4.06,8.06,0,NO_REORDER,LOW,Stock 10 is at or above the reorder point 4.1
BR003,MED029,Paracetamol Drops 100mg/ml,Antipyretics,13,0.885,1.885,4.078,0.1786,7,1.25,0.5586,weekly demand std / sqrt(7),0.95,2.43,3.68,6.18,0,NO_REORDER,LOW,Stock 13 is at or above the reorder point 3.7
BR003,MED030,Levocetirizine 5mg,Antihistamines,16,3.581,6.858,15.723,0.5116,7,3.58,0.8136,weekly demand std / sqrt(7),0.95,3.54,7.12,14.28,0,NO_REORDER,LOW,Stock 16 is at or above the reorder point 7.1
BR003,MED032,Chlorpheniramine 4mg,Antihistamines,14,0.673,1.58,4.038,0.0961,7,0.67,0.4937,weekly demand std / sqrt(7),0.95,2.15,2.82,4.17,0,NO_REORDER,LOW,Stock 14 is at or above the reorder point 2.8
BR003,MED033,Omeprazole 20mg,Gastrointestinal,99,34.981,69.034,145.436,4.9973,7,34.98,6.0685,weekly demand std / sqrt(7),0.95,26.41,61.39,131.35,0,NO_REORDER,LOW,Stock 99 is at or above the reorder point 61.4
BR003,MED034,Domperidone 10mg,Gastrointestinal,85,17.522,35.827,75.249,2.5031,7,17.52,3.0201,weekly demand std / sqrt(7),0.95,13.14,30.67,65.71,0,NO_REORDER,LOW,Stock 85 is at or above the reorder point 30.7
BR003,MED035,ORS Powder 21.8g,Gastrointestinal,17,4.237,8.624,18.976,0.6429,7,4.5,0.7934,weekly demand std / sqrt(7),0.95,3.45,7.95,16.95,0,NO_REORDER,LOW,Stock 17 is at or above the reorder point 8.0
BR003,MED036,Loperamide 2mg,Gastrointestinal,16,0.72,1.571,3.291,0.1071,7,0.75,0.3706,weekly demand std / sqrt(7),0.95,1.61,2.36,3.86,0,NO_REORDER,LOW,Stock 16 is at or above the reorder point 2.4
BR003,MED037,Telmisartan 40mg,Cardiovascular,259,74.607,147.406,318.844,10.8214,7,75.75,4.1752,weekly demand std / sqrt(7),0.95,18.17,93.92,245.42,0,NO_REORDER,LOW,Stock 259 is at or above the reorder point 93.9
BR003,MED039,Metoprolol 50mg,Cardiovascular,23,8.186,17.626,39.831,1.4286,7,10.0,2.5585,weekly demand std / sqrt(7),0.95,11.13,21.13,41.13,0,NO_REORDER,LOW,Stock 23 is at or above the reorder point 21.1
BR003,MED040,Rosuvastatin 10mg,Cardiovascular,24,9.823,19.85,46.868,1.9286,7,13.5,2.1849,weekly demand std / sqrt(7),0.95,9.51,23.01,50.01,0,NO_REORDER,LOW,Stock 24 is at or above the reorder point 23.0
BR003,MED041,Clopidogrel 75mg,Cardiovascular,6,0.64,1.445,3.84,0.1429,7,1.0,0.4662,weekly demand std / sqrt(7),0.95,2.03,3.03,5.03,0,NO_REORDER,LOW,Stock 6 is at or above the reorder point 3.0
BR003,MED042,Aspirin 75mg,Cardiovascular,33,16.059,31.827,71.511,2.5714,7,18.0,1.9198,weekly demand std / sqrt(7),0.95,8.35,26.35,62.35,0,NO_REORDER,LOW,Stock 33 is at or above the reorder point 26.4
BR003,MED044,Sitagliptin 100mg,Antidiabetic,11,1.355,3.063,7.159,0.3929,7,2.75,0.9259,weekly demand std / sqrt(7),0.95,4.03,6.78,12.28,0,NO_REORDER,LOW,Stock 11 is at or above the reorder point 6.8
BR003,MED045,Gliclazide 80mg,Antidiabetic,21,1.647,3.799,9.017,0.3929,7,2.75,0.6112,weekly demand std / sqrt(7),0.95,2.66,5.41,10.91,0,NO_REORDER,LOW,Stock 21 is at or above the reorder point 5.4
BR003,MED046,Montelukast 10mg,Respiratory,48,8.512,17.994,37.305,1.216,7,8.51,1.3091,weekly demand std / sqrt(7),0.95,5.7,14.21,31.23,0,NO_REORDER,LOW,Stock 48 is at or above the reorder point 14.2
BR003,MED047,Budesonide Inhaler 200mcg,Respiratory,13,0.606,1.189,2.867,0.0866,7,0.61,0.2844,weekly demand std / sqrt(7),0.95,1.24,1.84,3.06,0,NO_REORDER,LOW,Stock 13 is at or above the reorder point 1.8
BR003,MED048,Dextromethorphan Syrup 100ml,Respiratory,31,10.179,21.686,45.845,1.5357,7,10.75,1.4186,weekly demand std / sqrt(7),0.95,6.17,16.92,38.42,0,NO_REORDER,LOW,Stock 31 is at or above the reorder point 16.9
BR003,MED049,Multivitamin B-complex+C,Vitamins,26,9.28,18.814,41.473,1.5714,7,11.0,2.1175,weekly demand std / sqrt(7),0.95,9.22,20.22,42.22,0,NO_REORDER,LOW,Stock 26 is at or above the reorder point 20.2
BR003,MED050,Calcium + Vitamin D3 500mg/250IU,Vitamins,7,1.787,3.747,8.931,0.3214,7,2.25,0.8282,weekly demand std / sqrt(7),0.95,3.6,5.85,10.35,0,NO_REORDER,LOW,Stock 7 is at or above the reorder point 5.9
BR003,MED051,Iron + Folic Acid 100mg/500mcg,Vitamins,15,0.831,1.78,3.89,0.1187,7,0.83,0.5016,weekly demand std / sqrt(7),0.95,2.18,3.01,4.68,0,NO_REORDER,LOW,Stock 15 is at or above the reorder point 3.0
BR003,MED052,Hydrocortisone Cream 1%,Dermatological,9,0.659,1.432,3.388,0.1429,7,1.0,0.4044,weekly demand std / sqrt(7),0.95,1.76,2.76,4.76,0,NO_REORDER,LOW,Stock 9 is at or above the reorder point 2.8
BR003,MED053,Fusidic Acid Cream 2%,Dermatological,12,0.772,1.57,3.527,0.1103,7,0.77,0.3706,weekly demand std / sqrt(7),0.95,1.61,2.38,3.93,0,NO_REORDER,LOW,Stock 12 is at or above the reorder point 2.4
BR003,MED054,Calamine Lotion 100ml,Dermatological,10,0.881,1.843,4.174,0.1429,7,1.0,0.5231,weekly demand std / sqrt(7),0.95,2.28,3.28,5.28,0,NO_REORDER,LOW,Stock 10 is at or above the reorder point 3.3
BR003,MED055,Ketoconazole Shampoo 2%,Dermatological,10,1.18,2.544,5.621,0.2857,7,2.0,0.5523,weekly demand std / sqrt(7),0.95,2.4,4.4,8.4,0,NO_REORDER,LOW,Stock 10 is at or above the reorder point 4.4
BR003,MED056,Aceclofenac + Paracetamol 100mg/325mg (HealthAxis Pharma),Analgesics,15,0.683,1.501,3.581,0.0976,7,0.68,0.4937,weekly demand std / sqrt(7),0.95,2.15,2.83,4.2,0,NO_REORDER,LOW,Stock 15 is at or above the reorder point 2.8
BR003,MED057,Aceclofenac + Paracetamol 100mg/325mg (LifeSpring Pharma),Analgesics,13,0.475,1.137,2.65,0.0679,7,0.48,0.2863,weekly demand std / sqrt(7),0.95,1.25,1.72,2.67,0,NO_REORDER,LOW,Stock 13 is at or above the reorder point 1.7
BR003,MED059,Diclofenac 50mg (Aarogya Formulations),Analgesics,6,0.608,1.264,3.137,0.1071,7,0.75,0.4279,weekly demand std / sqrt(7),0.95,1.86,2.61,4.11,0,NO_REORDER,LOW,Stock 6 is at or above the reorder point 2.6
BR003,MED060,Diclofenac 50mg (CarePlus Laboratories),Analgesics,29,12.276,24.921,53.424,1.9643,7,13.75,1.5672,weekly demand std / sqrt(7),0.95,6.82,20.57,48.07,0,NO_REORDER,LOW,Stock 29 is at or above the reorder point 20.6
BR003,MED061,Diclofenac 50mg (Stellar Formulations),Analgesics,6,1.379,2.907,6.69,0.3571,7,2.5,0.6141,weekly demand std / sqrt(7),0.95,2.67,5.17,10.17,0,NO_REORDER,LOW,Stock 6 is at or above the reorder point 5.2
BR003,MED062,Diclofenac 50mg (TrueLife Remedies),Analgesics,22,0.81,1.859,4.128,0.1157,7,0.81,0.441,weekly demand std / sqrt(7),0.95,1.92,2.73,4.35,0,NO_REORDER,LOW,Stock 22 is at or above the reorder point 2.7
BR003,MED064,Diclofenac 100mg,Analgesics,8,2.527,5.237,12.865,0.4643,7,3.25,0.743,weekly demand std / sqrt(7),0.95,3.23,6.48,12.98,0,NO_REORDER,LOW,Stock 8 is at or above the reorder point 6.5
BR003,MED065,Diclofenac 100mg (CureLine Healthcare),Analgesics,10,1.087,2.388,5.332,0.2143,7,1.5,0.665,weekly demand std / sqrt(7),0.95,2.89,4.39,7.39,0,NO_REORDER,LOW,Stock 10 is at or above the reorder point 4.4
BR003,MED066,Diclofenac 100mg (VitaCure Remedies),Analgesics,11,1.331,2.994,6.442,0.2143,7,1.5,0.5262,weekly demand std / sqrt(7),0.95,2.29,3.79,6.79,0,NO_REORDER,LOW,Stock 11 is at or above the reorder point 3.8
BR003,MED067,Ibuprofen 400mg (Aarogya Formulations),Analgesics,4,0.509,1.037,2.788,0.0727,7,0.51,0.482,weekly demand std / sqrt(7),0.95,2.1,2.61,3.62,0,NO_REORDER,LOW,Stock 4 is at or above the reorder point 2.6
BR003,MED068,Ibuprofen 400mg (CureLine Healthcare),Analgesics,7,0.561,1.336,3.001,0.1071,7,0.75,0.657,weekly demand std / sqrt(7),0.95,2.86,3.61,5.11,0,NO_REORDER,LOW,Stock 7 is at or above the reorder point 3.6
BR003,MED069,Ibuprofen 400mg (HealthAxis Pharma),Analgesics,23,7.137,14.554,32.977,1.1786,7,8.25,1.3064,weekly demand std / sqrt(7),0.95,5.69,13.94,30.44,0,NO_REORDER,LOW,Stock 23 is at or above the reorder point 13.9
BR003,MED070,Ibuprofen 400mg (NovaMed Laboratories),Analgesics,20,8.473,17.579,39.566,1.4643,7,10.25,1.2619,weekly demand std / sqrt(7),0.95,5.49,15.74,36.24,0,NO_REORDER,LOW,Stock 20 is at or above the reorder point 15.7
BR003,MED071,Ibuprofen 400mg (Stellar Formulations),Analgesics,26,1.689,3.905,8.552,0.3214,7,2.25,0.596,weekly demand std / sqrt(7),0.95,2.59,4.84,9.34,0,NO_REORDER,LOW,Stock 26 is at or above the reorder point 4.8
BR003,MED072,Ibuprofen 400mg (VitaCure Remedies),Analgesics,16,0.568,1.372,2.968,0.0811,7,0.57,0.6482,weekly demand std / sqrt(7),0.95,2.82,3.39,4.53,0,NO_REORDER,LOW,Stock 16 is at or above the reorder point 3.4
BR003,MED074,Ibuprofen 200mg (LifeSpring Pharma),Analgesics,6,0.658,1.436,3.754,0.1071,7,0.75,0.4046,weekly demand std / sqrt(7),0.95,1.76,2.51,4.01,0,NO_REORDER,LOW,Stock 6 is at or above the reorder point 2.5
BR003,MED075,Ibuprofen 200mg (Summit Lifesciences),Analgesics,21,3.261,6.201,15.309,0.5357,7,3.75,1.1075,weekly demand std / sqrt(7),0.95,4.82,8.57,16.07,0,NO_REORDER,LOW,Stock 21 is at or above the reorder point 8.6
BR003,MED076,Ibuprofen 200mg (TrueLife Remedies),Analgesics,17,6.916,14.652,32.788,1.2143,7,8.5,1.3949,weekly demand std / sqrt(7),0.95,6.07,14.57,31.57,0,NO_REORDER,LOW,Stock 17 is at or above the reorder point 14.6
BR003,MED077,Ibuprofen 200mg (VitaCure Remedies),Analgesics,20,1.101,2.325,5.591,0.2143,7,1.5,0.4098,weekly demand std / sqrt(7),0.95,1.78,3.28,6.28,0,NO_REORDER,LOW,Stock 20 is at or above the reorder point 3.3
BR003,MED078,Ibuprofen 600mg,Analgesics,21,6.733,13.613,30.736,0.9643,7,6.75,1.7564,weekly demand std / sqrt(7),0.95,7.64,14.39,27.89,0,NO_REORDER,LOW,Stock 21 is at or above the reorder point 14.4
BR003,MED079,Ibuprofen 600mg (BlueCrest Pharma),Analgesics,20,9.101,19.052,42.938,1.6429,7,11.5,1.2774,weekly demand std / sqrt(7),0.95,5.56,17.06,40.06,0,NO_REORDER,LOW,Stock 20 is at or above the reorder point 17.1
BR003,MED080,Ibuprofen 600mg (HealthAxis Pharma),Analgesics,9,1.841,3.872,8.988,0.3214,7,2.25,0.6163,weekly demand std / sqrt(7),0.95,2.68,4.93,9.43,0,NO_REORDER,LOW,Stock 9 is at or above the reorder point 4.9
BR003,MED082,Naproxen 250mg (CureLine Healthcare),Analgesics,61,19.313,40.491,88.783,2.759,7,19.31,1.5901,weekly demand std / sqrt(7),0.95,6.92,26.23,64.86,0,NO_REORDER,LOW,Stock 61 is at or above the reorder point 26.2
BR003,MED083,Naproxen 250mg (HealthAxis Pharma),Analgesics,14,2.106,4.508,10.487,0.4286,7,3.0,0.933,weekly demand std / sqrt(7),0.95,4.06,7.06,13.06,0,NO_REORDER,LOW,Stock 14 is at or above the reorder point 7.1
BR003,MED084,Naproxen 250mg (VitaCure Remedies),Analgesics,35,8.386,17.316,38.822,1.198,7,8.39,1.489,weekly demand std / sqrt(7),0.95,6.48,14.87,31.64,0,NO_REORDER,LOW,Stock 35 is at or above the reorder point 14.9
BR003,MED085,Naproxen 500mg,Analgesics,4,0.606,1.323,2.67,0.1786,7,1.25,0.593,weekly demand std / sqrt(7),0.95,2.58,3.83,6.33,0,NO_REORDER,LOW,Stock 4 is at or above the reorder point 3.8
BR003,MED087,Naproxen 500mg (LifeSpring Pharma),Analgesics,10,0.757,1.617,4.306,0.1429,7,1.0,0.5604,weekly demand std / sqrt(7),0.95,2.44,3.44,5.44,0,NO_REORDER,LOW,Stock 10 is at or above the reorder point 3.4
BR003,MED088,Naproxen 500mg (NovaMed Laboratories),Analgesics,26,0.641,1.517,3.82,0.0916,7,0.64,0.2635,weekly demand std / sqrt(7),0.95,1.15,1.79,3.07,0,NO_REORDER,LOW,Stock 26 is at or above the reorder point 1.8
BR003,MED089,Paracetamol 500mg (Aarogya Formulations),Analgesics,14,0.561,1.258,3.239,0.0801,7,0.56,0.6304,weekly demand std / sqrt(7),0.95,2.74,3.3,4.43,0,NO_REORDER,LOW,Stock 14 is at or above the reorder point 3.3
BR003,MED091,Paracetamol 500mg (HealthAxis Pharma),Analgesics,50,22.455,46.339,98.143,3.25,7,22.75,1.9352,weekly demand std / sqrt(7),0.95,8.42,31.17,76.67,0,NO_REORDER,LOW,Stock 50 is at or above the reorder point 31.2
BR003,MED092,Paracetamol 500mg (LifeSpring Pharma),Analgesics,8,0.778,1.627,3.993,0.1429,7,1.0,0.9003,weekly demand std / sqrt(7),0.95,3.92,4.92,6.92,0,NO_REORDER,LOW,Stock 8 is at or above the reorder point 4.9
BR003,MED093,Paracetamol 250mg,Analgesics,10,0.679,1.542,4.04,0.1071,7,0.75,0.5093,weekly demand std / sqrt(7),0.95,2.22,2.97,4.47,0,NO_REORDER,LOW,Stock 10 is at or above the reorder point 3.0
BR003,MED094,Paracetamol 250mg (Stellar Formulations),Analgesics,14,1.118,2.591,6.503,0.1786,7,1.25,0.532,weekly demand std / sqrt(7),0.95,2.32,3.57,6.07,0,NO_REORDER,LOW,Stock 14 is at or above the reorder point 3.6
BR003,MED095,Amoxicillin 250mg,Antibiotics,14,1.954,4.062,8.476,0.2791,7,1.95,0.9695,weekly demand std / sqrt(7),0.95,4.22,6.17,10.08,0,NO_REORDER,LOW,Stock 14 is at or above the reorder point 6.2
BR003,MED097,Amoxicillin 250mg (LifeSpring Pharma),Antibiotics,25,5.875,11.771,25.995,0.8393,7,5.88,1.2084,weekly demand std / sqrt(7),0.95,5.26,11.13,22.88,0,NO_REORDER,LOW,Stock 25 is at or above the reorder point 11.1
BR003,MED099,Amoxicillin 250mg (Stellar Formulations),Antibiotics,7,0.963,1.809,4.011,0.1786,7,1.25,0.2939,weekly demand std / sqrt(7),0.95,1.28,2.53,5.03,0,NO_REORDER,LOW,Stock 7 is at or above the reorder point 2.5
BR003,MED100,Amoxicillin 250mg (TrueLife Remedies),Antibiotics,13,0.599,1.162,2.335,0.0856,7,0.6,0.4307,weekly demand std / sqrt(7),0.95,1.87,2.47,3.67,0,NO_REORDER,LOW,Stock 13 is at or above the reorder point 2.5
BR003,MED101,Amoxicillin + Clavulanic Acid 625mg (CureLine Healthcare),Antibiotics,5,0.638,1.22,2.875,0.1786,7,1.25,0.4299,weekly demand std / sqrt(7),0.95,1.87,3.12,5.62,0,NO_REORDER,LOW,Stock 5 is at or above the reorder point 3.1
BR003,MED102,Amoxicillin + Clavulanic Acid 625mg (HealthAxis Pharma),Antibiotics,19,1.016,2.194,4.961,0.1786,7,1.25,0.5765,weekly demand std / sqrt(7),0.95,2.51,3.76,6.26,0,NO_REORDER,LOW,Stock 19 is at or above the reorder point 3.8
BR003,MED103,Amoxicillin + Clavulanic Acid 625mg (Stellar Formulations),Antibiotics,10,1.295,2.919,6.834,0.2857,7,2.0,0.5947,weekly demand std / sqrt(7),0.95,2.59,4.59,8.59,0,NO_REORDER,LOW,Stock 10 is at or above the reorder point 4.6
BR003,MED105,Amoxicillin + Clavulanic Acid 375mg (NovaMed Laboratories),Antibiotics,49,20.499,41.396,88.402,3.0714,7,21.5,2.5657,weekly demand std / sqrt(7),0.95,11.17,32.67,75.67,0,NO_REORDER,LOW,Stock 49 is at or above the reorder point 32.7
BR003,MED106,Amoxicillin + Clavulanic Acid 375mg (Summit Lifesciences),Antibiotics,13,1.87,3.929,8.176,0.3929,7,2.75,0.7185,weekly demand std / sqrt(7),0.95,3.13,5.88,11.38,0,NO_REORDER,LOW,Stock 13 is at or above the reorder point 5.9
BR003,MED108,Azithromycin 500mg (Aarogya Formulations),Antibiotics,18,3.337,6.84,14.817,0.5357,7,3.75,1.1673,weekly demand std / sqrt(7),0.95,5.08,8.83,16.33,0,NO_REORDER,LOW,Stock 18 is at or above the reorder point 8.8
BR003,MED109,Azithromycin 500mg (ApexLife Pharma),Antibiotics,12,1.707,3.934,8.712,0.3929,7,2.75,0.7978,weekly demand std / sqrt(7),0.95,3.47,6.22,11.72,0,NO_REORDER,LOW,Stock 12 is at or above the reorder point 6.2
BR003,MED110,Azithromycin 500mg (VitaCure Remedies),Antibiotics,8,0.494,1.078,2.547,0.1071,7,0.75,0.388,weekly demand std / sqrt(7),0.95,1.69,2.44,3.94,0,NO_REORDER,LOW,Stock 8 is at or above the reorder point 2.4
BR003,MED111,Azithromycin 250mg,Antibiotics,14,0.637,1.353,2.48,0.091,7,0.64,0.4605,weekly demand std / sqrt(7),0.95,2.0,2.64,3.92,0,NO_REORDER,LOW,Stock 14 is at or above the reorder point 2.6
BR003,MED112,Azithromycin 250mg (ApexLife Pharma),Antibiotics,14,1.39,2.948,6.832,0.3214,7,2.25,0.6409,weekly demand std / sqrt(7),0.95,2.79,5.04,9.54,0,NO_REORDER,LOW,Stock 14 is at or above the reorder point 5.0
BR003,MED114,Azithromycin 250mg (CarePlus Laboratories),Antibiotics,16,1.588,3.246,7.512,0.2857,7,2.0,0.7507,weekly demand std / sqrt(7),0.95,3.27,5.27,9.27,0,NO_REORDER,LOW,Stock 16 is at or above the reorder point 5.3
BR003,MED115,Azithromycin 250mg (CureLine Healthcare),Antibiotics,7,1.552,3.392,8.192,0.3571,7,2.5,0.8175,weekly demand std / sqrt(7),0.95,3.56,6.06,11.06,0,NO_REORDER,LOW,Stock 7 is at or above the reorder point 6.1
BR003,MED117,Azithromycin 250mg (LifeSpring Pharma),Antibiotics,98,39.496,84.622,183.912,6.1071,7,42.75,3.9858,weekly demand std / sqrt(7),0.95,17.35,60.1,145.6,0,NO_REORDER,LOW,Stock 98 is at or above the reorder point 60.1
BR003,MED118,Azithromycin 250mg (NovaMed Laboratories),Antibiotics,14,0.95,2.06,4.193,0.1786,7,1.25,0.3956,weekly demand std / sqrt(7),0.95,1.72,2.97,5.47,0,NO_REORDER,LOW,Stock 14 is at or above the reorder point 3.0
BR003,MED119,Azithromycin 250mg (TrueLife Remedies),Antibiotics,9,0.413,0.872,1.664,0.059,7,0.41,0.7407,weekly demand std / sqrt(7),0.95,3.22,3.64,4.46,0,NO_REORDER,LOW,Stock 9 is at or above the reorder point 3.6
BR003,MED120,Cefixime 200mg (ApexLife Pharma),Antibiotics,12,1.214,2.461,4.788,0.1734,7,1.21,0.5974,weekly demand std / sqrt(7),0.95,2.6,3.81,6.24,0,NO_REORDER,LOW,Stock 12 is at or above the reorder point 3.8
BR003,MED122,Cefixime 200mg (NovaMed Laboratories),Antibiotics,15,2.343,4.927,10.648,0.3929,7,2.75,0.8397,weekly demand std / sqrt(7),0.95,3.65,6.4,11.9,0,NO_REORDER,LOW,Stock 15 is at or above the reorder point 6.4
BR003,MED123,Cefixime 200mg (Stellar Formulations),Antibiotics,9,0.413,0.872,1.664,0.059,7,0.41,0.382,weekly demand std / sqrt(7),0.95,1.66,2.08,2.9,0,NO_REORDER,LOW,Stock 9 is at or above the reorder point 2.1
BR003,MED124,Cefixime 100mg,Antibiotics,11,0.459,1.108,1.99,0.0714,7,0.5,0.3423,weekly demand std / sqrt(7),0.95,1.49,1.99,2.99,0,NO_REORDER,LOW,Stock 11 is at or above the reorder point 2.0
BR003,MED125,Cefixime 100mg (HealthAxis Pharma),Antibiotics,18,1.06,2.256,5.042,0.1786,7,1.25,0.4217,weekly demand std / sqrt(7),0.95,1.84,3.09,5.59,0,NO_REORDER,LOW,Stock 18 is at or above the reorder point 3.1
BR003,MED126,Cefixime 100mg (NovaMed Laboratories),Antibiotics,11,0.485,1.085,2.106,0.0714,7,0.5,0.4988,weekly demand std / sqrt(7),0.95,2.17,2.67,3.67,0,NO_REORDER,LOW,Stock 11 is at or above the reorder point 2.7
BR003,MED128,Ciprofloxacin 500mg (BlueCrest Pharma),Antibiotics,15,0.562,1.291,2.702,0.0803,7,0.56,0.3846,weekly demand std / sqrt(7),0.95,1.67,2.24,3.36,0,NO_REORDER,LOW,Stock 15 is at or above the reorder point 2.2
BR003,MED129,Ciprofloxacin 250mg,Antibiotics,8,0.478,1.033,2.048,0.0714,7,0.5,0.8557,weekly demand std / sqrt(7),0.95,3.72,4.22,5.22,0,NO_REORDER,LOW,Stock 8 is at or above the reorder point 4.2
BR003,MED130,Ciprofloxacin 250mg (LifeSpring Pharma),Antibiotics,16,7.271,14.646,33.018,1.4286,7,10.0,1.2792,weekly demand std / sqrt(7),0.95,5.57,15.57,35.57,0,NO_REORDER,LOW,Stock 16 is at or above the reorder point 15.6
BR003,MED131,Doxycycline 100mg (Aarogya Formulations),Antibiotics,14,4.647,9.651,20.806,0.8571,7,6.0,0.6696,weekly demand std / sqrt(7),0.95,2.91,8.91,20.91,0,NO_REORDER,LOW,Stock 14 is at or above the reorder point 8.9
BR003,MED132,Doxycycline 100mg (ApexLife Pharma),Antibiotics,11,0.816,1.667,3.238,0.1166,7,0.82,0.7584,weekly demand std / sqrt(7),0.95,3.3,4.12,5.75,0,NO_REORDER,LOW,Stock 11 is at or above the reorder point 4.1
BR003,MED133,Doxycycline 100mg (HealthAxis Pharma),Antibiotics,5,0.539,1.018,2.437,0.077,7,0.54,0.39,weekly demand std / sqrt(7),0.95,1.7,2.24,3.31,0,NO_REORDER,LOW,Stock 5 is at or above the reorder point 2.2
BR003,MED134,Doxycycline 100mg (Summit Lifesciences),Antibiotics,8,1.948,4.091,9.73,0.3571,7,2.5,0.7323,weekly demand std / sqrt(7),0.95,3.19,5.69,10.69,0,NO_REORDER,LOW,Stock 8 is at or above the reorder point 5.7
BR003,MED135,Mefenamic Acid 250mg (ApexLife Pharma),Antipyretics,22,5.678,11.968,25.963,0.8571,7,6.0,1.3093,weekly demand std / sqrt(7),0.95,5.7,11.7,23.7,0,NO_REORDER,LOW,Stock 22 is at or above the reorder point 11.7
BR003,MED136,Mefenamic Acid 250mg (HealthAxis Pharma),Antipyretics,16,0.942,1.91,4.582,0.1346,7,0.94,0.4276,weekly demand std / sqrt(7),0.95,1.86,2.8,4.69,0,NO_REORDER,LOW,Stock 16 is at or above the reorder point 2.8
BR003,MED137,Mefenamic Acid 250mg (LifeSpring Pharma),Antipyretics,10,0.914,1.835,4.395,0.2143,7,1.5,0.4681,weekly demand std / sqrt(7),0.95,2.04,3.54,6.54,0,NO_REORDER,LOW,Stock 10 is at or above the reorder point 3.5
BR003,MED138,Mefenamic Acid 250mg (NovaMed Laboratories),Antipyretics,10,4.507,9.303,20.638,0.8214,7,5.75,0.7658,weekly demand std / sqrt(7),0.95,3.33,9.08,20.58,0,NO_REORDER,LOW,Stock 10 is at or above the reorder point 9.1
BR003,MED140,Mefenamic Acid 500mg (CureLine Healthcare),Antipyretics,19,4.632,9.635,20.207,0.6786,7,4.75,0.983,weekly demand std / sqrt(7),0.95,4.28,9.03,18.53,0,NO_REORDER,LOW,Stock 19 is at or above the reorder point 9.0
BR003,MED141,Mefenamic Acid 500mg (HealthAxis Pharma),Antipyretics,12,1.349,2.97,6.822,0.25,7,1.75,0.5069,weekly demand std / sqrt(7),0.95,2.21,3.96,7.46,0,NO_REORDER,LOW,Stock 12 is at or above the reorder point 4.0
BR003,MED143,Mefenamic Acid 500mg (LifeSpring Pharma),Antipyretics,10,0.394,0.761,1.701,0.0563,7,0.39,0.2123,weekly demand std / sqrt(7),0.95,0.92,1.32,2.11,0,NO_REORDER,LOW,Stock 10 is at or above the reorder point 1.3
BR003,MED145,Mefenamic Acid 500mg (Stellar Formulations),Antipyretics,14,0.537,1.113,2.464,0.0767,7,0.54,0.2409,weekly demand std / sqrt(7),0.95,1.05,1.59,2.66,0,NO_REORDER,LOW,Stock 14 is at or above the reorder point 1.6
BR003,MED146,Mefenamic Acid 500mg (Summit Lifesciences),Antipyretics,7,0.675,1.397,3.115,0.1429,7,1.0,0.4279,weekly demand std / sqrt(7),0.95,1.86,2.86,4.86,0,NO_REORDER,LOW,Stock 7 is at or above the reorder point 2.9
BR003,MED148,Mefenamic Acid 500mg (VitaCure Remedies),Antipyretics,15,1.345,2.806,6.493,0.2857,7,2.0,0.6892,weekly demand std / sqrt(7),0.95,3.0,5.0,9.0,0,NO_REORDER,LOW,Stock 15 is at or above the reorder point 5.0
BR003,MED149,Paracetamol 650mg (Aarogya Formulations),Antipyretics,6,0.875,1.848,4.234,0.2143,7,1.5,0.5982,weekly demand std / sqrt(7),0.95,2.6,4.1,7.1,0,NO_REORDER,LOW,Stock 6 is at or above the reorder point 4.1
BR003,MED150,Paracetamol 650mg (CarePlus Laboratories),Antipyretics,24,1.026,2.266,4.717,0.1466,7,1.03,0.5974,weekly demand std / sqrt(7),0.95,2.6,3.63,5.68,0,NO_REORDER,LOW,Stock 24 is at or above the reorder point 3.6
BR003,MED151,Paracetamol Drops 100mg/ml (Aarogya Formulations),Antipyretics,10,3.119,6.774,15.488,0.5714,7,4.0,0.9981,weekly demand std / sqrt(7),0.95,4.34,8.34,16.34,0,NO_REORDER,LOW,Stock 10 is at or above the reorder point 8.3
BR003,MED152,Paracetamol Suspension 250mg/5ml (Aarogya Formulations),Antipyretics,32,7.253,13.989,31.811,1.0361,7,7.25,1.1106,weekly demand std / sqrt(7),0.95,4.83,12.09,26.59,0,NO_REORDER,LOW,Stock 32 is at or above the reorder point 12.1
BR003,MED153,Paracetamol Suspension 250mg/5ml (BlueCrest Pharma),Antipyretics,10,0.394,0.761,1.701,0.0563,7,0.39,0.2656,weekly demand std / sqrt(7),0.95,1.16,1.55,2.34,0,NO_REORDER,LOW,Stock 10 is at or above the reorder point 1.5
BR003,MED156,Paracetamol Suspension 250mg/5ml (TrueLife Remedies),Antipyretics,13,0.493,1.043,2.251,0.0704,7,0.49,0.4046,weekly demand std / sqrt(7),0.95,1.76,2.25,3.24,0,NO_REORDER,LOW,Stock 13 is at or above the reorder point 2.3
BR003,MED157,Paracetamol Suspension 125mg/5ml,Antipyretics,11,0.61,1.278,2.722,0.0871,7,0.61,0.3809,weekly demand std / sqrt(7),0.95,1.66,2.27,3.49,0,NO_REORDER,LOW,Stock 11 is at or above the reorder point 2.3
BR003,MED160,Paracetamol Suspension 125mg/5ml (TrueLife Remedies),Antipyretics,14,0.844,1.904,4.075,0.1429,7,1.0,0.444,weekly demand std / sqrt(7),0.95,1.93,2.93,4.93,0,NO_REORDER,LOW,Stock 14 is at or above the reorder point 2.9
BR003,MED161,Paracetamol Suspension 125mg/5ml (VitaCure Remedies),Antipyretics,13,0.853,1.834,4.057,0.1786,7,1.25,0.537,weekly demand std / sqrt(7),0.95,2.34,3.59,6.09,0,NO_REORDER,LOW,Stock 13 is at or above the reorder point 3.6
BR003,MED162,Cetirizine 10mg (ApexLife Pharma),Antihistamines,7,1.671,3.878,9.016,0.5,7,3.5,0.6255,weekly demand std / sqrt(7),0.95,2.72,6.22,13.22,0,NO_REORDER,LOW,Stock 7 is at or above the reorder point 6.2
BR003,MED163,Cetirizine 10mg (CureLine Healthcare),Antihistamines,43,13.044,27.073,59.3,1.8634,7,13.04,1.8923,weekly demand std / sqrt(7),0.95,8.24,21.28,47.37,0,NO_REORDER,LOW,Stock 43 is at or above the reorder point 21.3
BR003,MED164,Cetirizine 10mg (LifeSpring Pharma),Antihistamines,25,2.459,5.021,10.03,0.3513,7,2.46,0.5312,weekly demand std / sqrt(7),0.95,2.31,4.77,9.69,0,NO_REORDER,LOW,Stock 25 is at or above the reorder point 4.8
BR003,MED165,Cetirizine 10mg (Stellar Formulations),Antihistamines,16,5.553,11.933,27.124,1.0,7,7.0,1.2799,weekly demand std / sqrt(7),0.95,5.57,12.57,26.57,0,NO_REORDER,LOW,Stock 16 is at or above the reorder point 12.6
BR003,MED166,Cetirizine 10mg (Summit Lifesciences),Antihistamines,10,1.681,3.78,8.033,0.2857,7,2.0,0.6407,weekly demand std / sqrt(7),0.95,2.79,4.79,8.79,0,NO_REORDER,LOW,Stock 10 is at or above the reorder point 4.8
BR003,MED167,Cetirizine 10mg (TrueLife Remedies),Antihistamines,30,9.811,19.342,43.696,1.4643,7,10.25,1.4504,weekly demand std / sqrt(7),0.95,6.31,16.56,37.06,0,NO_REORDER,LOW,Stock 30 is at or above the reorder point 16.6
BR003,MED168,Cetirizine 5mg,Antihistamines,8,0.692,1.552,3.58,0.1071,7,0.75,0.7601,weekly demand std / sqrt(7),0.95,3.31,4.06,5.56,0,NO_REORDER,LOW,Stock 8 is at or above the reorder point 4.1
BR003,MED170,Cetirizine 5mg (CureLine Healthcare),Antihistamines,7,0.427,0.887,1.922,0.061,7,0.43,0.1944,weekly demand std / sqrt(7),0.95,0.85,1.27,2.13,0,NO_REORDER,LOW,Stock 7 is at or above the reorder point 1.3
BR003,MED172,Cetirizine 5mg (Summit Lifesciences),Antihistamines,18,1.052,2.401,5.983,0.1503,7,1.05,0.4266,weekly demand std / sqrt(7),0.95,1.86,2.91,5.01,0,NO_REORDER,LOW,Stock 18 is at or above the reorder point 2.9
BR003,MED174,Cetirizine 5mg (VitaCure Remedies),Antihistamines,22,0.983,2.338,5.019,0.1429,7,1.0,0.2863,weekly demand std / sqrt(7),0.95,1.25,2.25,4.25,0,NO_REORDER,LOW,Stock 22 is at or above the reorder point 2.2
BR003,MED175,Chlorpheniramine 4mg (ApexLife Pharma),Antihistamines,11,0.817,1.77,4.008,0.1429,7,1.0,0.1834,weekly demand std / sqrt(7),0.95,0.8,1.8,3.8,0,NO_REORDER,LOW,Stock 11 is at or above the reorder point 1.8
BR003,MED176,Chlorpheniramine 4mg (BlueCrest Pharma),Antihistamines,40,1.016,1.922,5.425,0.1451,7,1.02,0.4536,weekly demand std / sqrt(7),0.95,1.97,2.99,5.02,0,NO_REORDER,LOW,Stock 40 is at or above the reorder point 3.0
BR003,MED177,Chlorpheniramine 4mg (CarePlus Laboratories),Antihistamines,11,1.392,3.006,6.735,0.2143,7,1.5,0.4526,weekly demand std / sqrt(7),0.95,1.97,3.47,6.47,0,NO_REORDER,LOW,Stock 11 is at or above the reorder point 3.5
BR003,MED178,Chlorpheniramine 4mg (HealthAxis Pharma),Antihistamines,9,0.982,2.169,4.992,0.1786,7,1.25,0.5765,weekly demand std / sqrt(7),0.95,2.51,3.76,6.26,0,NO_REORDER,LOW,Stock 9 is at or above the reorder point 3.8
BR003,MED179,Chlorpheniramine 4mg (LifeSpring Pharma),Antihistamines,8,3.055,6.648,15.932,0.5714,7,4.0,0.7732,weekly demand std / sqrt(7),0.95,3.36,7.36,15.36,0,NO_REORDER,LOW,Stock 8 is at or above the reorder point 7.4
BR003,MED180,Chlorpheniramine 4mg (VitaCure Remedies),Antihistamines,12,0.461,0.998,2.275,0.0659,7,0.46,0.2656,weekly demand std / sqrt(7),0.95,1.16,1.62,2.54,0,NO_REORDER,LOW,Stock 12 is at or above the reorder point 1.6
BR003,MED181,Fexofenadine 120mg (ApexLife Pharma),Antihistamines,13,0.729,1.664,4.384,0.1041,7,0.73,0.3992,weekly demand std / sqrt(7),0.95,1.74,2.47,3.92,0,NO_REORDER,LOW,Stock 13 is at or above the reorder point 2.5
BR003,MED182,Fexofenadine 120mg (BlueCrest Pharma),Antihistamines,14,4.534,9.805,23.433,0.75,7,5.25,1.053,weekly demand std / sqrt(7),0.95,4.58,9.83,20.33,0,NO_REORDER,LOW,Stock 14 is at or above the reorder point 9.8
BR003,MED184,Fexofenadine 120mg (LifeSpring Pharma),Antihistamines,16,0.731,1.565,4.242,0.1071,7,0.75,0.5347,weekly demand std / sqrt(7),0.95,2.33,3.08,4.58,0,NO_REORDER,LOW,Stock 16 is at or above the reorder point 3.1
BR003,MED185,Fexofenadine 120mg (TrueLife Remedies),Antihistamines,8,0.741,1.57,3.628,0.1071,7,0.75,0.298,weekly demand std / sqrt(7),0.95,1.3,2.05,3.55,0,NO_REORDER,LOW,Stock 8 is at or above the reorder point 2.0
BR003,MED187,Fexofenadine 180mg (CureLine Healthcare),Antihistamines,6,0.916,1.974,4.73,0.2857,7,2.0,0.6319,weekly demand std / sqrt(7),0.95,2.75,4.75,8.75,0,NO_REORDER,LOW,Stock 6 is at or above the reorder point 4.8
BR003,MED188,Fexofenadine 180mg (HealthAxis Pharma),Antihistamines,6,0.629,1.445,3.308,0.1429,7,1.0,0.4079,weekly demand std / sqrt(7),0.95,1.78,2.78,4.78,0,NO_REORDER,LOW,Stock 6 is at or above the reorder point 2.8
BR003,MED189,Fexofenadine 180mg (TrueLife Remedies),Antihistamines,14,0.795,1.809,4.52,0.1136,7,0.8,0.432,weekly demand std / sqrt(7),0.95,1.88,2.67,4.26,0,NO_REORDER,LOW,Stock 14 is at or above the reorder point 2.7
BR003,MED190,Levocetirizine 5mg (Aarogya Formulations),Antihistamines,20,1.559,3.613,9.355,0.2857,7,2.0,0.6212,weekly demand std / sqrt(7),0.95,2.7,4.7,8.7,0,NO_REORDER,LOW,Stock 20 is at or above the reorder point 4.7
BR003,MED192,Levocetirizine 5mg (CureLine Healthcare),Antihistamines,11,1.21,2.679,5.851,0.2857,7,2.0,0.4662,weekly demand std / sqrt(7),0.95,2.03,4.03,8.03,0,NO_REORDER,LOW,Stock 11 is at or above the reorder point 4.0
BR003,MED193,Levocetirizine 5mg (LifeSpring Pharma),Antihistamines,21,1.166,2.649,6.032,0.1786,7,1.25,0.5878,weekly demand std / sqrt(7),0.95,2.56,3.81,6.31,0,NO_REORDER,LOW,Stock 21 is at or above the reorder point 3.8
BR003,MED194,Levocetirizine 5mg (NovaMed Laboratories),Antihistamines,8,3.499,7.448,18.05,0.6071,7,4.25,0.7629,weekly demand std / sqrt(7),0.95,3.32,7.57,16.07,0,NO_REORDER,LOW,Stock 8 is at or above the reorder point 7.6
BR003,MED195,Levocetirizine 5mg (VitaCure Remedies),Antihistamines,9,0.802,2.019,5.453,0.3571,7,2.5,0.5633,weekly demand std / sqrt(7),0.95,2.45,4.95,9.95,0,NO_REORDER,LOW,Stock 9 is at or above the reorder point 5.0
BR003,MED196,Levocetirizine 2.5mg,Antihistamines,9,0.518,1.161,2.411,0.074,7,0.52,0.4447,weekly demand std / sqrt(7),0.95,1.94,2.45,3.49,0,NO_REORDER,LOW,Stock 9 is at or above the reorder point 2.5
BR003,MED197,Levocetirizine 2.5mg (LifeSpring Pharma),Antihistamines,28,8.925,17.582,40.63,1.4286,7,10.0,1.5874,weekly demand std / sqrt(7),0.95,6.91,16.91,36.91,0,NO_REORDER,LOW,Stock 28 is at or above the reorder point 16.9
BR003,MED198,Levocetirizine 2.5mg (Stellar Formulations),Antihistamines,6,0.533,1.114,2.619,0.0761,7,0.53,0.2878,weekly demand std / sqrt(7),0.95,1.25,1.79,2.85,0,NO_REORDER,LOW,Stock 6 is at or above the reorder point 1.8
BR003,MED199,Montelukast + Levocetirizine 10mg/5mg (Aarogya Formulations),Antihistamines,6,0.752,1.527,3.638,0.1786,7,1.25,0.5555,weekly demand std / sqrt(7),0.95,2.42,3.67,6.17,0,NO_REORDER,LOW,Stock 6 is at or above the reorder point 3.7
BR003,MED201,Montelukast + Levocetirizine 10mg/5mg (NovaMed Laboratories),Antihistamines,15,1.449,3.065,7.211,0.2857,7,2.0,0.5008,weekly demand std / sqrt(7),0.95,2.18,4.18,8.18,0,NO_REORDER,LOW,Stock 15 is at or above the reorder point 4.2
BR003,MED203,Montelukast + Levocetirizine 10mg/5mg (TrueLife Remedies),Antihistamines,7,1.255,2.787,6.368,0.2857,7,2.0,0.5008,weekly demand std / sqrt(7),0.95,2.18,4.18,8.18,0,NO_REORDER,LOW,Stock 7 is at or above the reorder point 4.2
BR003,MED204,Montelukast + Levocetirizine 10mg/5mg (VitaCure Remedies),Antihistamines,10,2.081,4.056,8.992,0.2973,7,2.08,0.5189,weekly demand std / sqrt(7),0.95,2.26,4.34,8.5,0,NO_REORDER,LOW,Stock 10 is at or above the reorder point 4.3
BR003,MED205,Domperidone 10mg (BlueCrest Pharma),Gastrointestinal,20,3.586,8.096,16.562,0.5123,7,3.59,1.0678,weekly demand std / sqrt(7),0.95,4.65,8.23,15.4,0,NO_REORDER,LOW,Stock 20 is at or above the reorder point 8.2
BR003,MED206,Domperidone 10mg (CarePlus Laboratories),Gastrointestinal,39,7.831,14.863,30.99,1.1187,7,7.83,2.6343,weekly demand std / sqrt(7),0.95,11.46,19.3,34.96,0,NO_REORDER,LOW,Stock 39 is at or above the reorder point 19.3
BR003,MED207,Domperidone 10mg (CureLine Healthcare),Gastrointestinal,12,0.904,1.965,4.365,0.25,7,1.75,0.6866,weekly demand std / sqrt(7),0.95,2.99,4.74,8.24,0,NO_REORDER,LOW,Stock 12 is at or above the reorder point 4.7
BR003,MED208,Domperidone 10mg (HealthAxis Pharma),Gastrointestinal,7,0.494,1.156,2.548,0.0714,7,0.5,0.435,weekly demand std / sqrt(7),0.95,1.89,2.39,3.39,0,NO_REORDER,LOW,Stock 7 is at or above the reorder point 2.4
BR003,MED209,Domperidone 10mg (LifeSpring Pharma),Gastrointestinal,10,0.92,1.972,4.471,0.1429,7,1.0,0.4838,weekly demand std / sqrt(7),0.95,2.11,3.11,5.11,0,NO_REORDER,LOW,Stock 10 is at or above the reorder point 3.1
BR003,MED211,Loperamide 2mg (Aarogya Formulations),Gastrointestinal,9,0.636,1.455,3.117,0.0909,7,0.64,0.5014,weekly demand std / sqrt(7),0.95,2.18,2.82,4.09,0,NO_REORDER,LOW,Stock 9 is at or above the reorder point 2.8
BR003,MED212,Loperamide 2mg (BlueCrest Pharma),Gastrointestinal,26,0.744,1.378,3.005,0.1063,7,0.74,0.3558,weekly demand std / sqrt(7),0.95,1.55,2.29,3.78,0,NO_REORDER,LOW,Stock 26 is at or above the reorder point 2.3
BR003,MED213,Loperamide 2mg (LifeSpring Pharma),Gastrointestinal,14,0.705,1.543,3.263,0.1071,7,0.75,0.3846,weekly demand std / sqrt(7),0.95,1.67,2.42,3.92,0,NO_REORDER,LOW,Stock 14 is at or above the reorder point 2.4
BR003,MED214,Omeprazole 20mg (Aarogya Formulations),Gastrointestinal,8,0.421,1.03,2.238,0.0601,7,0.42,0.4979,weekly demand std / sqrt(7),0.95,2.17,2.59,3.43,0,NO_REORDER,LOW,Stock 8 is at or above the reorder point 2.6
BR003,MED215,Omeprazole 20mg (CarePlus Laboratories),Gastrointestinal,23,6.262,13.637,29.049,0.8946,7,6.26,1.3223,weekly demand std / sqrt(7),0.95,5.75,12.02,24.54,0,NO_REORDER,LOW,Stock 23 is at or above the reorder point 12.0
BR003,MED216,Omeprazole 20mg (CureLine Healthcare),Gastrointestinal,5,0.707,1.644,3.604,0.1786,7,1.25,0.5118,weekly demand std / sqrt(7),0.95,2.23,3.48,5.98,0,NO_REORDER,LOW,Stock 5 is at or above the reorder point 3.5
BR003,MED217,Omeprazole 20mg (HealthAxis Pharma),Gastrointestinal,22,0.709,1.54,3.107,0.1013,7,0.71,0.3889,weekly demand std / sqrt(7),0.95,1.69,2.4,3.82,0,NO_REORDER,LOW,Stock 22 is at or above the reorder point 2.4
BR003,MED219,Omeprazole 20mg (TrueLife Remedies),Gastrointestinal,16,6.448,13.508,29.006,1.1786,7,8.25,1.426,weekly demand std / sqrt(7),0.95,6.21,14.46,30.96,0,NO_REORDER,LOW,Stock 16 is at or above the reorder point 14.5
BR003,MED220,Omeprazole 20mg (VitaCure Remedies),Gastrointestinal,22,0.987,2.239,5.223,0.2143,7,1.5,0.4718,weekly demand std / sqrt(7),0.95,2.05,3.55,6.55,0,NO_REORDER,LOW,Stock 22 is at or above the reorder point 3.6
BR003,MED221,Omeprazole 40mg,Gastrointestinal,7,0.435,1.013,2.32,0.0621,7,0.44,0.4937,weekly demand std / sqrt(7),0.95,2.15,2.58,3.45,0,NO_REORDER,LOW,Stock 7 is at or above the reorder point 2.6
BR003,MED222,Omeprazole 40mg (ApexLife Pharma),Gastrointestinal,16,4.699,10.071,21.462,0.6786,7,4.75,1.1368,weekly demand std / sqrt(7),0.95,4.95,9.7,19.2,0,NO_REORDER,LOW,Stock 16 is at or above the reorder point 9.7
BR003,MED223,Omeprazole 40mg (LifeSpring Pharma),Gastrointestinal,11,3.887,8.441,18.923,0.6429,7,4.5,1.3509,weekly demand std / sqrt(7),0.95,5.88,10.38,19.38,0,NO_REORDER,LOW,Stock 11 is at or above the reorder point 10.4
BR003,MED224,Omeprazole 40mg (Summit Lifesciences),Gastrointestinal,26,6.186,13.281,28.483,0.8929,7,6.25,1.2282,weekly demand std / sqrt(7),0.95,5.35,11.6,24.1,0,NO_REORDER,LOW,Stock 26 is at or above the reorder point 11.6
BR003,MED225,Omeprazole 40mg (TrueLife Remedies),Gastrointestinal,13,0.575,1.311,2.775,0.1071,7,0.75,0.4772,weekly demand std / sqrt(7),0.95,2.08,2.83,4.33,0,NO_REORDER,LOW,Stock 13 is at or above the reorder point 2.8
BR003,MED227,Ondansetron 4mg (BlueCrest Pharma),Gastrointestinal,6,0.457,1.104,2.479,0.0714,7,0.5,0.2673,weekly demand std / sqrt(7),0.95,1.16,1.66,2.66,0,NO_REORDER,LOW,Stock 6 is at or above the reorder point 1.7
BR003,MED228,Ondansetron 4mg (CarePlus Laboratories),Gastrointestinal,16,0.62,1.377,2.986,0.0886,7,0.62,0.5805,weekly demand std / sqrt(7),0.95,2.53,3.15,4.39,0,NO_REORDER,LOW,Stock 16 is at or above the reorder point 3.1
BR003,MED229,Ondansetron 4mg (CureLine Healthcare),Gastrointestinal,24,0.575,1.252,2.993,0.0821,7,0.57,0.3583,weekly demand std / sqrt(7),0.95,1.56,2.13,3.28,0,NO_REORDER,LOW,Stock 24 is at or above the reorder point 2.1
BR003,MED230,Ondansetron 4mg (LifeSpring Pharma),Gastrointestinal,10,0.493,1.245,2.978,0.1071,7,0.75,0.3394,weekly demand std / sqrt(7),0.95,1.48,2.23,3.73,0,NO_REORDER,LOW,Stock 10 is at or above the reorder point 2.2
BR003,MED232,Ondansetron 4mg (Stellar Formulations),Gastrointestinal,16,1.013,2.153,4.69,0.2143,7,1.5,0.5789,weekly demand std / sqrt(7),0.95,2.52,4.02,7.02,0,NO_REORDER,LOW,Stock 16 is at or above the reorder point 4.0
BR003,MED233,Ondansetron 4mg (Summit Lifesciences),Gastrointestinal,17,1.06,2.394,4.229,0.1514,7,1.06,0.4266,weekly demand std / sqrt(7),0.95,1.86,2.92,5.04,0,NO_REORDER,LOW,Stock 17 is at or above the reorder point 2.9
BR003,MED234,Ondansetron 4mg (VitaCure Remedies),Gastrointestinal,32,7.601,16.409,35.842,1.1786,7,8.25,1.1824,weekly demand std / sqrt(7),0.95,5.15,13.4,29.9,0,NO_REORDER,LOW,Stock 32 is at or above the reorder point 13.4
BR003,MED235,Ondansetron 8mg,Gastrointestinal,20,0.694,1.49,3.198,0.1071,7,0.75,0.3027,weekly demand std / sqrt(7),0.95,1.32,2.07,3.57,0,NO_REORDER,LOW,Stock 20 is at or above the reorder point 2.1
BR003,MED236,Ondansetron 8mg (LifeSpring Pharma),Gastrointestinal,61,33.571,68.57,147.26,5.2143,7,36.5,4.1984,weekly demand std / sqrt(7),0.95,18.27,54.77,127.77,0,NO_REORDER,LOW,Stock 61 is at or above the reorder point 54.8
BR003,MED237,Ondansetron 8mg (TrueLife Remedies),Gastrointestinal,14,0.644,1.217,2.416,0.092,7,0.64,0.5312,weekly demand std / sqrt(7),0.95,2.31,2.96,4.24,0,NO_REORDER,LOW,Stock 14 is at or above the reorder point 3.0
BR003,MED238,Ondansetron 8mg (VitaCure Remedies),Gastrointestinal,8,2.227,5.0,10.324,0.4643,7,3.25,0.6387,weekly demand std / sqrt(7),0.95,2.78,6.03,12.53,0,NO_REORDER,LOW,Stock 8 is at or above the reorder point 6.0
BR003,MED239,ORS Powder 21.8g (HealthAxis Pharma),Gastrointestinal,61,35.76,73.879,157.441,5.5357,7,38.75,4.9384,weekly demand std / sqrt(7),0.95,21.49,60.24,137.74,0,NO_REORDER,LOW,Stock 61 is at or above the reorder point 60.2
BR003,MED240,ORS Powder 21.8g (LifeSpring Pharma),Gastrointestinal,8,1.012,2.126,4.813,0.2143,7,1.5,0.7777,weekly demand std / sqrt(7),0.95,3.38,4.88,7.88,0,NO_REORDER,LOW,Stock 8 is at or above the reorder point 4.9
BR003,MED241,ORS Powder 21.8g (Stellar Formulations),Gastrointestinal,43,8.122,16.606,34.079,1.1603,7,8.12,1.4481,weekly demand std / sqrt(7),0.95,6.3,14.42,30.67,0,NO_REORDER,LOW,Stock 43 is at or above the reorder point 14.4
BR003,MED242,ORS Powder 21.8g (Summit Lifesciences),Gastrointestinal,4,0.518,1.218,2.508,0.1786,7,1.25,0.4772,weekly demand std / sqrt(7),0.95,2.08,3.33,5.83,0,NO_REORDER,LOW,Stock 4 is at or above the reorder point 3.3
BR003,MED243,ORS Powder 21.8g (TrueLife Remedies),Gastrointestinal,10,0.671,1.447,3.482,0.0959,7,0.67,0.5212,weekly demand std / sqrt(7),0.95,2.27,2.94,4.28,0,NO_REORDER,LOW,Stock 10 is at or above the reorder point 2.9
BR003,MED244,ORS Powder 21.8g (VitaCure Remedies),Gastrointestinal,15,0.697,1.511,3.023,0.0996,7,0.7,0.5093,weekly demand std / sqrt(7),0.95,2.22,2.91,4.31,0,NO_REORDER,LOW,Stock 15 is at or above the reorder point 2.9
BR003,MED247,Pantoprazole 40mg (NovaMed Laboratories),Gastrointestinal,17,6.28,12.979,28.145,1.0357,7,7.25,0.9736,weekly demand std / sqrt(7),0.95,4.24,11.49,25.99,0,NO_REORDER,LOW,Stock 17 is at or above the reorder point 11.5
BR003,MED248,Pantoprazole 40mg (TrueLife Remedies),Gastrointestinal,17,0.457,0.913,2.081,0.0653,7,0.46,0.3739,weekly demand std / sqrt(7),0.95,1.63,2.08,3.0,0,NO_REORDER,LOW,Stock 17 is at or above the reorder point 2.1
BR003,MED249,Pantoprazole 20mg,Gastrointestinal,18,6.465,13.606,29.74,1.1071,7,7.75,1.1759,weekly demand std / sqrt(7),0.95,5.12,12.87,28.37,0,NO_REORDER,LOW,Stock 18 is at or above the reorder point 12.9
BR003,MED252,Pantoprazole 20mg (CarePlus Laboratories),Gastrointestinal,13,0.783,1.668,3.752,0.1119,7,0.78,0.5312,weekly demand std / sqrt(7),0.95,2.31,3.09,4.66,0,NO_REORDER,LOW,Stock 13 is at or above the reorder point 3.1
BR003,MED253,Pantoprazole 20mg (Stellar Formulations),Gastrointestinal,6,1.346,2.296,6.191,0.4286,7,3.0,0.6249,weekly demand std / sqrt(7),0.95,2.72,5.72,11.72,0,NO_REORDER,LOW,Stock 6 is at or above the reorder point 5.7
BR003,MED254,Pantoprazole 20mg (Summit Lifesciences),Gastrointestinal,9,0.447,1.095,2.28,0.0639,7,0.45,0.7705,weekly demand std / sqrt(7),0.95,3.35,3.8,4.69,0,NO_REORDER,LOW,Stock 9 is at or above the reorder point 3.8
BR003,MED255,Pantoprazole 20mg (VitaCure Remedies),Gastrointestinal,21,0.789,1.691,3.609,0.1127,7,0.79,0.3071,weekly demand std / sqrt(7),0.95,1.34,2.13,3.7,0,NO_REORDER,LOW,Stock 21 is at or above the reorder point 2.1
BR003,MED256,Amlodipine 5mg (BlueCrest Pharma),Cardiovascular,32,9.321,19.665,43.835,1.7143,7,12.0,2.1734,weekly demand std / sqrt(7),0.95,9.46,21.46,45.46,0,NO_REORDER,LOW,Stock 32 is at or above the reorder point 21.5
BR003,MED257,Amlodipine 5mg (LifeSpring Pharma),Cardiovascular,34,8.546,17.366,39.415,1.2209,7,8.55,1.6538,weekly demand std / sqrt(7),0.95,7.2,15.74,32.83,0,NO_REORDER,LOW,Stock 34 is at or above the reorder point 15.7
BR003,MED258,Amlodipine 5mg (NovaMed Laboratories),Cardiovascular,25,2.596,5.846,12.594,0.3709,7,2.6,0.6942,weekly demand std / sqrt(7),0.95,3.02,5.62,10.81,0,NO_REORDER,LOW,Stock 25 is at or above the reorder point 5.6
BR003,MED259,Amlodipine 5mg (Stellar Formulations),Cardiovascular,16,1.327,3.076,7.239,0.3214,7,2.25,0.7066,weekly demand std / sqrt(7),0.95,3.08,5.33,9.83,0,NO_REORDER,LOW,Stock 16 is at or above the reorder point 5.3
BR003,MED260,Amlodipine 5mg (VitaCure Remedies),Cardiovascular,10,1.026,2.176,5.223,0.3214,7,2.25,0.6055,weekly demand std / sqrt(7),0.95,2.63,4.88,9.38,0,NO_REORDER,LOW,Stock 10 is at or above the reorder point 4.9
BR003,MED262,Amlodipine 2.5mg (LifeSpring Pharma),Cardiovascular,27,5.367,11.612,26.154,0.7857,7,5.5,1.2657,weekly demand std / sqrt(7),0.95,5.51,11.01,22.01,0,NO_REORDER,LOW,Stock 27 is at or above the reorder point 11.0
BR003,MED263,Amlodipine 2.5mg (Stellar Formulations),Cardiovascular,15,3.035,6.538,16.152,0.7143,7,5.0,0.8811,weekly demand std / sqrt(7),0.95,3.83,8.83,18.83,0,NO_REORDER,LOW,Stock 15 is at or above the reorder point 8.8
BR003,MED264,Amlodipine 2.5mg (Summit Lifesciences),Cardiovascular,30,9.919,19.705,44.366,1.6786,7,11.75,1.3385,weekly demand std / sqrt(7),0.95,5.83,17.58,41.08,0,NO_REORDER,LOW,Stock 30 is at or above the reorder point 17.6
BR003,MED265,Amlodipine 2.5mg (TrueLife Remedies),Cardiovascular,53,24.86,49.595,108.603,3.5714,7,25.0,3.1077,weekly demand std / sqrt(7),0.95,13.52,38.52,88.52,0,NO_REORDER,LOW,Stock 53 is at or above the reorder point 38.5
BR003,MED266,Amlodipine 2.5mg (VitaCure Remedies),Cardiovascular,7,0.67,1.38,3.202,0.1071,7,0.75,0.8767,weekly demand std / sqrt(7),0.95,3.82,4.57,6.07,0,NO_REORDER,LOW,Stock 7 is at or above the reorder point 4.6
BR003,MED267,Amlodipine 10mg,Cardiovascular,21,1.38,3.165,7.245,0.1971,7,1.38,0.5443,weekly demand std / sqrt(7),0.95,2.37,3.75,6.51,0,NO_REORDER,LOW,Stock 21 is at or above the reorder point 3.7
BR003,MED268,Amlodipine 10mg (LifeSpring Pharma),Cardiovascular,4,0.507,1.111,2.698,0.1429,7,1.0,0.6049,weekly demand std / sqrt(7),0.95,2.63,3.63,5.63,0,NO_REORDER,LOW,Stock 4 is at or above the reorder point 3.6
BR003,MED271,Aspirin 75mg (ApexLife Pharma),Cardiovascular,12,0.485,1.05,2.313,0.0693,7,0.48,0.5121,weekly demand std / sqrt(7),0.95,2.23,2.71,3.68,0,NO_REORDER,LOW,Stock 12 is at or above the reorder point 2.7
BR003,MED273,Aspirin 75mg (CureLine Healthcare),Cardiovascular,13,4.617,10.235,22.8,0.7857,7,5.5,1.2493,weekly demand std / sqrt(7),0.95,5.44,10.94,21.94,0,NO_REORDER,LOW,Stock 13 is at or above the reorder point 10.9
BR003,MED274,Aspirin 75mg (LifeSpring Pharma),Cardiovascular,13,0.453,1.077,2.297,0.0647,7,0.45,0.6157,weekly demand std / sqrt(7),0.95,2.68,3.13,4.04,0,NO_REORDER,LOW,Stock 13 is at or above the reorder point 3.1
BR003,MED275,Aspirin 75mg (NovaMed Laboratories),Cardiovascular,9,0.844,1.501,3.673,0.1429,7,1.0,0.7354,weekly demand std / sqrt(7),0.95,3.2,4.2,6.2,0,NO_REORDER,LOW,Stock 9 is at or above the reorder point 4.2
BR003,MED276,Aspirin 75mg (Stellar Formulations),Cardiovascular,65,11.296,24.638,53.604,1.6137,7,11.3,1.9664,weekly demand std / sqrt(7),0.95,8.56,19.85,42.45,0,NO_REORDER,LOW,Stock 65 is at or above the reorder point 19.9
BR003,MED277,Aspirin 150mg,Cardiovascular,6,0.5,1.172,2.671,0.0714,7,0.5,0.5231,weekly demand std / sqrt(7),0.95,2.28,2.78,3.78,0,NO_REORDER,LOW,Stock 6 is at or above the reorder point 2.8
BR003,MED279,Aspirin 150mg (Summit Lifesciences),Cardiovascular,7,0.695,1.447,3.989,0.1786,7,1.25,0.8925,weekly demand std / sqrt(7),0.95,3.88,5.13,7.63,0,NO_REORDER,LOW,Stock 7 is at or above the reorder point 5.1
BR003,MED281,Atorvastatin 10mg (Aarogya Formulations),Cardiovascular,13,0.697,1.575,3.976,0.0996,7,0.7,0.5118,weekly demand std / sqrt(7),0.95,2.23,2.92,4.32,0,NO_REORDER,LOW,Stock 13 is at or above the reorder point 2.9
BR003,MED282,Atorvastatin 10mg (ApexLife Pharma),Cardiovascular,10,1.876,4.366,9.94,0.5357,7,3.75,0.9278,weekly demand std / sqrt(7),0.95,4.04,7.79,15.29,0,NO_REORDER,LOW,Stock 10 is at or above the reorder point 7.8
BR003,MED283,Atorvastatin 10mg (LifeSpring Pharma),Cardiovascular,28,9.895,20.666,47.408,2.0357,7,14.25,2.1752,weekly demand std / sqrt(7),0.95,9.47,23.72,52.22,0,NO_REORDER,LOW,Stock 28 is at or above the reorder point 23.7
BR003,MED284,Atorvastatin 10mg (Summit Lifesciences),Cardiovascular,27,9.299,18.922,42.515,1.6071,7,11.25,1.5809,weekly demand std / sqrt(7),0.95,6.88,18.13,40.63,0,NO_REORDER,LOW,Stock 27 is at or above the reorder point 18.1
BR003,MED286,Atorvastatin 20mg (BlueCrest Pharma),Cardiovascular,24,7.058,15.045,33.032,1.0714,7,7.5,1.6744,weekly demand std / sqrt(7),0.95,7.29,14.79,29.79,0,NO_REORDER,LOW,Stock 24 is at or above the reorder point 14.8
BR003,MED287,Atorvastatin 20mg (CarePlus Laboratories),Cardiovascular,24,1.919,4.492,9.494,0.2857,7,2.0,0.8564,weekly demand std / sqrt(7),0.95,3.73,5.73,9.73,0,NO_REORDER,LOW,Stock 24 is at or above the reorder point 5.7
BR003,MED289,Atorvastatin 40mg (CureLine Healthcare),Cardiovascular,22,0.742,1.544,3.577,0.106,7,0.74,0.3891,weekly demand std / sqrt(7),0.95,1.69,2.44,3.92,0,NO_REORDER,LOW,Stock 22 is at or above the reorder point 2.4
BR003,MED290,Atorvastatin 40mg (LifeSpring Pharma),Cardiovascular,8,0.432,0.929,2.263,0.0617,7,0.43,0.5453,weekly demand std / sqrt(7),0.95,2.37,2.81,3.67,0,NO_REORDER,LOW,Stock 8 is at or above the reorder point 2.8
BR003,MED291,Atorvastatin 40mg (VitaCure Remedies),Cardiovascular,18,0.619,1.383,2.712,0.0884,7,0.62,0.5705,weekly demand std / sqrt(7),0.95,2.48,3.1,4.34,0,NO_REORDER,LOW,Stock 18 is at or above the reorder point 3.1
BR003,MED292,Clopidogrel 75mg (Aarogya Formulations),Cardiovascular,25,8.64,18.057,40.717,1.5,7,10.5,1.7704,weekly demand std / sqrt(7),0.95,7.7,18.2,39.2,0,NO_REORDER,LOW,Stock 25 is at or above the reorder point 18.2
BR003,MED293,Clopidogrel 75mg (BlueCrest Pharma),Cardiovascular,20,3.616,8.669,19.201,0.6786,7,4.75,0.9713,weekly demand std / sqrt(7),0.95,4.23,8.98,18.48,0,NO_REORDER,LOW,Stock 20 is at or above the reorder point 9.0
BR003,MED294,Clopidogrel 75mg (CureLine Healthcare),Cardiovascular,22,0.792,1.743,4.061,0.1131,7,0.79,1.228,weekly demand std / sqrt(7),0.95,5.34,6.14,7.72,0,NO_REORDER,LOW,Stock 22 is at or above the reorder point 6.1
BR003,MED295,Clopidogrel 75mg (NovaMed Laboratories),Cardiovascular,12,0.79,1.742,4.069,0.1129,7,0.79,0.7692,weekly demand std / sqrt(7),0.95,3.35,4.14,5.72,0,NO_REORDER,LOW,Stock 12 is at or above the reorder point 4.1
BR003,MED297,Losartan 50mg (Aarogya Formulations),Cardiovascular,13,1.939,4.162,8.4,0.2857,7,2.0,0.6112,weekly demand std / sqrt(7),0.95,2.66,4.66,8.66,0,NO_REORDER,LOW,Stock 13 is at or above the reorder point 4.7
BR003,MED298,Losartan 50mg (CarePlus Laboratories),Cardiovascular,9,0.924,1.946,4.731,0.25,7,1.75,0.6375,weekly demand std / sqrt(7),0.95,2.77,4.52,8.02,0,NO_REORDER,LOW,Stock 9 is at or above the reorder point 4.5
BR003,MED299,Losartan 50mg (NovaMed Laboratories),Cardiovascular,122,43.196,81.841,173.233,6.1709,7,43.2,4.1491,weekly demand std / sqrt(7),0.95,18.06,61.25,147.64,0,NO_REORDER,LOW,Stock 122 is at or above the reorder point 61.3
BR003,MED300,Losartan 25mg,Cardiovascular,11,0.904,2.285,5.043,0.2143,7,1.5,0.5347,weekly demand std / sqrt(7),0.95,2.33,3.83,6.83,0,NO_REORDER,LOW,Stock 11 is at or above the reorder point 3.8
BR003,MED301,Losartan 25mg (CarePlus Laboratories),Cardiovascular,163,61.948,125.68,268.866,9.1071,7,63.75,5.4407,weekly demand std / sqrt(7),0.95,23.68,87.43,214.93,0,NO_REORDER,LOW,Stock 163 is at or above the reorder point 87.4
BR003,MED303,Losartan 25mg (NovaMed Laboratories),Cardiovascular,10,0.684,1.483,3.564,0.1071,7,0.75,0.4979,weekly demand std / sqrt(7),0.95,2.17,2.92,4.42,0,NO_REORDER,LOW,Stock 10 is at or above the reorder point 2.9
BR003,MED304,Losartan 25mg (Summit Lifesciences),Cardiovascular,7,0.686,1.513,3.643,0.1429,7,1.0,0.4299,weekly demand std / sqrt(7),0.95,1.87,2.87,4.87,0,NO_REORDER,LOW,Stock 7 is at or above the reorder point 2.9
BR003,MED305,Losartan 25mg (TrueLife Remedies),Cardiovascular,47,9.942,21.686,46.976,1.5,7,10.5,2.4102,weekly demand std / sqrt(7),0.95,10.49,20.99,41.99,0,NO_REORDER,LOW,Stock 47 is at or above the reorder point 21.0
BR003,MED307,Metoprolol 50mg (BlueCrest Pharma),Cardiovascular,58,29.85,60.27,130.209,4.3571,7,30.5,3.6129,weekly demand std / sqrt(7),0.95,15.72,46.22,107.22,0,NO_REORDER,LOW,Stock 58 is at or above the reorder point 46.2
BR003,MED308,Metoprolol 50mg (CureLine Healthcare),Cardiovascular,20,1.657,4.08,9.154,0.3929,7,2.75,0.6482,weekly demand std / sqrt(7),0.95,2.82,5.57,11.07,0,NO_REORDER,LOW,Stock 20 is at or above the reorder point 5.6
BR003,MED309,Metoprolol 50mg (NovaMed Laboratories),Cardiovascular,15,1.38,2.644,6.307,0.25,7,1.75,0.6756,weekly demand std / sqrt(7),0.95,2.94,4.69,8.19,0,NO_REORDER,LOW,Stock 15 is at or above the reorder point 4.7
BR003,MED310,Metoprolol 25mg,Cardiovascular,37,9.38,19.877,43.571,1.6786,7,11.75,2.1859,weekly demand std / sqrt(7),0.95,9.51,21.26,44.76,0,NO_REORDER,LOW,Stock 37 is at or above the reorder point 21.3
BR003,MED312,Metoprolol 25mg (HealthAxis Pharma),Cardiovascular,16,2.136,4.886,10.588,0.5357,7,3.75,1.1465,weekly demand std / sqrt(7),0.95,4.99,8.74,16.24,0,NO_REORDER,LOW,Stock 16 is at or above the reorder point 8.7
BR003,MED314,Rosuvastatin 10mg (BlueCrest Pharma),Cardiovascular,30,6.541,14.789,31.042,0.9344,7,6.54,1.4649,weekly demand std / sqrt(7),0.95,6.38,12.92,26.0,0,NO_REORDER,LOW,Stock 30 is at or above the reorder point 12.9
BR003,MED315,Rosuvastatin 10mg (NovaMed Laboratories),Cardiovascular,34,0.742,1.42,4.171,0.106,7,0.74,0.2817,weekly demand std / sqrt(7),0.95,1.23,1.97,3.45,0,NO_REORDER,LOW,Stock 34 is at or above the reorder point 2.0
BR003,MED316,Rosuvastatin 10mg (Summit Lifesciences),Cardiovascular,40,8.938,19.601,42.973,1.3571,7,9.5,2.1638,weekly demand std / sqrt(7),0.95,9.42,18.92,37.92,0,NO_REORDER,LOW,Stock 40 is at or above the reorder point 18.9
BR003,MED317,Rosuvastatin 5mg,Cardiovascular,16,3.108,6.481,15.37,0.6786,7,4.75,1.207,weekly demand std / sqrt(7),0.95,5.25,10.0,19.5,0,NO_REORDER,LOW,Stock 16 is at or above the reorder point 10.0
BR003,MED318,Rosuvastatin 5mg (BlueCrest Pharma),Cardiovascular,12,0.905,1.913,4.804,0.1429,7,1.0,0.5734,weekly demand std / sqrt(7),0.95,2.5,3.5,5.5,0,NO_REORDER,LOW,Stock 12 is at or above the reorder point 3.5
BR003,MED320,Rosuvastatin 5mg (Stellar Formulations),Cardiovascular,26,10.202,21.749,48.741,1.9286,7,13.5,1.9055,weekly demand std / sqrt(7),0.95,8.29,21.79,48.79,0,NO_REORDER,LOW,Stock 26 is at or above the reorder point 21.8
BR003,MED321,Rosuvastatin 5mg (VitaCure Remedies),Cardiovascular,9,0.961,2.145,4.934,0.1786,7,1.25,0.7091,weekly demand std / sqrt(7),0.95,3.09,4.34,6.84,0,NO_REORDER,LOW,Stock 9 is at or above the reorder point 4.3
BR003,MED322,Rosuvastatin 20mg,Cardiovascular,17,3.657,8.753,21.322,0.8214,7,5.75,1.6356,weekly demand std / sqrt(7),0.95,7.12,12.87,24.37,0,NO_REORDER,LOW,Stock 17 is at or above the reorder point 12.9
BR003,MED323,Rosuvastatin 20mg (NovaMed Laboratories),Cardiovascular,17,1.259,2.269,7.326,0.2857,7,2.0,1.8741,weekly demand std / sqrt(7),0.95,8.16,10.16,14.16,0,NO_REORDER,LOW,Stock 17 is at or above the reorder point 10.2
BR003,MED325,Rosuvastatin 20mg (Summit Lifesciences),Cardiovascular,10,0.748,1.574,3.906,0.1429,7,1.0,0.4605,weekly demand std / sqrt(7),0.95,2.0,3.0,5.0,0,NO_REORDER,LOW,Stock 10 is at or above the reorder point 3.0
BR003,MED327,Telmisartan 40mg (Aarogya Formulations),Cardiovascular,145,74.983,145.173,314.89,12.75,7,89.25,8.4056,weekly demand std / sqrt(7),0.95,36.58,125.83,304.33,0,NO_REORDER,LOW,Stock 145 is at or above the reorder point 125.8
BR003,MED328,Telmisartan 40mg (CureLine Healthcare),Cardiovascular,36,0.828,2.267,5.612,0.1183,7,0.83,0.4378,weekly demand std / sqrt(7),0.95,1.91,2.73,4.39,0,NO_REORDER,LOW,Stock 36 is at or above the reorder point 2.7
BR003,MED329,Telmisartan 40mg (NovaMed Laboratories),Cardiovascular,66,31.11,62.787,142.192,4.5357,7,31.75,3.1137,weekly demand std / sqrt(7),0.95,13.55,45.3,108.8,0,NO_REORDER,LOW,Stock 66 is at or above the reorder point 45.3
BR003,MED330,Telmisartan 40mg (Stellar Formulations),Cardiovascular,6,0.577,1.336,3.479,0.1786,7,1.25,0.6212,weekly demand std / sqrt(7),0.95,2.7,3.95,6.45,0,NO_REORDER,LOW,Stock 6 is at or above the reorder point 4.0
BR003,MED331,Telmisartan 40mg (VitaCure Remedies),Cardiovascular,23,0.742,1.544,3.609,0.106,7,0.74,0.8717,weekly demand std / sqrt(7),0.95,3.79,4.54,6.02,0,NO_REORDER,LOW,Stock 23 is at or above the reorder point 4.5
BR003,MED333,Telmisartan 20mg (HealthAxis Pharma),Cardiovascular,15,1.934,3.842,9.642,0.4643,7,3.25,0.742,weekly demand std / sqrt(7),0.95,3.23,6.48,12.98,0,NO_REORDER,LOW,Stock 15 is at or above the reorder point 6.5
BR003,MED336,Telmisartan 80mg,Cardiovascular,15,0.719,1.653,4.276,0.1071,7,0.75,0.9471,weekly demand std / sqrt(7),0.95,4.12,4.87,6.37,0,NO_REORDER,LOW,Stock 15 is at or above the reorder point 4.9
BR003,MED337,Telmisartan 80mg (ApexLife Pharma),Cardiovascular,21,2.767,5.971,13.025,0.4286,7,3.0,1.089,weekly demand std / sqrt(7),0.95,4.74,7.74,13.74,0,NO_REORDER,LOW,Stock 21 is at or above the reorder point 7.7
BR003,MED338,Telmisartan 80mg (BlueCrest Pharma),Cardiovascular,26,8.733,17.812,40.545,1.4643,7,10.25,2.4005,weekly demand std / sqrt(7),0.95,10.45,20.7,41.2,0,NO_REORDER,LOW,Stock 26 is at or above the reorder point 20.7
BR003,MED339,Telmisartan 80mg (CureLine Healthcare),Cardiovascular,15,1.611,3.66,9.256,0.4286,7,3.0,0.5549,weekly demand std / sqrt(7),0.95,2.41,5.41,11.41,0,NO_REORDER,LOW,Stock 15 is at or above the reorder point 5.4
BR003,MED340,Telmisartan 80mg (NovaMed Laboratories),Cardiovascular,16,0.743,1.735,4.368,0.1071,7,0.75,0.8964,weekly demand std / sqrt(7),0.95,3.9,4.65,6.15,0,NO_REORDER,LOW,Stock 16 is at or above the reorder point 4.7
BR003,MED343,Telmisartan 80mg (TrueLife Remedies),Cardiovascular,36,8.685,18.885,40.608,1.3214,7,9.25,1.4568,weekly demand std / sqrt(7),0.95,6.34,15.59,34.09,0,NO_REORDER,LOW,Stock 36 is at or above the reorder point 15.6
BR003,MED344,Gliclazide 80mg (Aarogya Formulations),Antidiabetic,47,13.322,29.328,63.539,2.1429,7,15.0,2.1897,weekly demand std / sqrt(7),0.95,9.53,24.53,54.53,0,NO_REORDER,LOW,Stock 47 is at or above the reorder point 24.5
BR003,MED345,Gliclazide 80mg (BlueCrest Pharma),Antidiabetic,9,1.222,2.551,6.488,0.2857,7,2.0,0.78,weekly demand std / sqrt(7),0.95,3.39,5.39,9.39,0,NO_REORDER,LOW,Stock 9 is at or above the reorder point 5.4
BR003,MED346,Gliclazide 80mg (CarePlus Laboratories),Antidiabetic,18,3.282,7.78,17.196,0.5357,7,3.75,1.5163,weekly demand std / sqrt(7),0.95,6.6,10.35,17.85,0,NO_REORDER,LOW,Stock 18 is at or above the reorder point 10.3
BR003,MED347,Gliclazide 80mg (LifeSpring Pharma),Antidiabetic,13,3.232,6.691,15.942,0.6071,7,4.25,0.9076,weekly demand std / sqrt(7),0.95,3.95,8.2,16.7,0,NO_REORDER,LOW,Stock 13 is at or above the reorder point 8.2
BR003,MED348,Gliclazide 80mg (TrueLife Remedies),Antidiabetic,10,1.098,2.39,6.231,0.25,7,1.75,0.5649,weekly demand std / sqrt(7),0.95,2.46,4.21,7.71,0,NO_REORDER,LOW,Stock 10 is at or above the reorder point 4.2
BR003,MED350,Gliclazide 40mg (BlueCrest Pharma),Antidiabetic,9,0.99,2.049,4.98,0.1786,7,1.25,0.3843,weekly demand std / sqrt(7),0.95,1.67,2.92,5.42,0,NO_REORDER,LOW,Stock 9 is at or above the reorder point 2.9
BR003,MED351,Gliclazide 40mg (Lumina Pharma),Antidiabetic,16,2.551,5.446,12.175,0.5714,7,4.0,1.3027,weekly demand std / sqrt(7),0.95,5.67,9.67,17.67,0,NO_REORDER,LOW,Stock 16 is at or above the reorder point 9.7
BR003,MED353,Gliclazide 40mg (Stellar Formulations),Antidiabetic,12,1.045,2.254,6.121,0.1493,7,1.04,0.5983,weekly demand std / sqrt(7),0.95,2.6,3.65,5.74,0,NO_REORDER,LOW,Stock 12 is at or above the reorder point 3.6
BR003,MED355,Glimepiride 2mg (BlueCrest Pharma),Antidiabetic,10,1.02,2.224,5.321,0.1786,7,1.25,0.8706,weekly demand std / sqrt(7),0.95,3.79,5.04,7.54,0,NO_REORDER,LOW,Stock 10 is at or above the reorder point 5.0
BR003,MED356,Glimepiride 2mg (CarePlus Laboratories),Antidiabetic,23,5.662,11.347,24.174,0.8089,7,5.66,1.2876,weekly demand std / sqrt(7),0.95,5.6,11.27,22.59,0,NO_REORDER,LOW,Stock 23 is at or above the reorder point 11.3
BR003,MED357,Glimepiride 2mg (Stellar Formulations),Antidiabetic,40,7.8,16.75,35.419,1.1143,7,7.8,1.6399,weekly demand std / sqrt(7),0.95,7.14,14.94,30.54,0,NO_REORDER,LOW,Stock 40 is at or above the reorder point 14.9
BR003,MED358,Glimepiride 2mg (VitaCure Remedies),Antidiabetic,23,6.426,12.73,29.095,1.0,7,7.0,2.2177,weekly demand std / sqrt(7),0.95,9.65,16.65,30.65,0,NO_REORDER,LOW,Stock 23 is at or above the reorder point 16.7
BR003,MED359,Glimepiride 1mg,Antidiabetic,17,0.623,1.376,2.867,0.089,7,0.62,0.3013,weekly demand std / sqrt(7),0.95,1.31,1.93,3.18,0,NO_REORDER,LOW,Stock 17 is at or above the reorder point 1.9
BR003,MED361,Glimepiride 1mg (CureLine Healthcare),Antidiabetic,20,6.936,15.16,33.521,1.2143,7,8.5,1.709,weekly demand std / sqrt(7),0.95,7.44,15.94,32.94,0,NO_REORDER,LOW,Stock 20 is at or above the reorder point 15.9
BR003,MED363,Glimepiride 1mg (Summit Lifesciences),Antidiabetic,21,1.871,4.395,10.736,0.4643,7,3.25,0.8965,weekly demand std / sqrt(7),0.95,3.9,7.15,13.65,0,NO_REORDER,LOW,Stock 21 is at or above the reorder point 7.2
BR003,MED364,Glimepiride 1mg (TrueLife Remedies),Antidiabetic,28,6.096,13.149,27.912,0.8709,7,6.1,1.9479,weekly demand std / sqrt(7),0.95,8.48,14.57,26.77,0,NO_REORDER,LOW,Stock 28 is at or above the reorder point 14.6
BR003,MED365,Glimepiride 3mg,Antidiabetic,8,0.732,1.668,4.246,0.1046,7,0.73,0.4662,weekly demand std / sqrt(7),0.95,2.03,2.76,4.22,0,NO_REORDER,LOW,Stock 8 is at or above the reorder point 2.8
BR003,MED366,Glimepiride 3mg (ApexLife Pharma),Antidiabetic,29,8.497,17.971,40.125,1.3929,7,9.75,1.9418,weekly demand std / sqrt(7),0.95,8.45,18.2,37.7,0,NO_REORDER,LOW,Stock 29 is at or above the reorder point 18.2
BR003,MED367,Glimepiride 3mg (CureLine Healthcare),Antidiabetic,19,3.311,7.165,14.518,0.5714,7,4.0,1.2372,weekly demand std / sqrt(7),0.95,5.38,9.38,17.38,0,NO_REORDER,LOW,Stock 19 is at or above the reorder point 9.4
BR003,MED368,Glimepiride 3mg (NovaMed Laboratories),Antidiabetic,18,0.776,1.752,3.871,0.1109,7,0.78,0.4979,weekly demand std / sqrt(7),0.95,2.17,2.94,4.49,0,NO_REORDER,LOW,Stock 18 is at or above the reorder point 2.9
BR003,MED369,Glimepiride 3mg (Stellar Formulations),Antidiabetic,10,2.346,4.726,11.229,0.4286,7,3.0,1.1127,weekly demand std / sqrt(7),0.95,4.84,7.84,13.84,0,NO_REORDER,LOW,Stock 10 is at or above the reorder point 7.8
BR003,MED371,Glimepiride 3mg (TrueLife Remedies),Antidiabetic,18,0.539,1.132,2.359,0.077,7,0.54,0.2568,weekly demand std / sqrt(7),0.95,1.12,1.66,2.73,0,NO_REORDER,LOW,Stock 18 is at or above the reorder point 1.7
BR003,MED372,Glimepiride 3mg (VitaCure Remedies),Antidiabetic,21,1.452,3.568,8.7,0.2074,7,1.45,1.2204,weekly demand std / sqrt(7),0.95,5.31,6.76,9.67,0,NO_REORDER,LOW,Stock 21 is at or above the reorder point 6.8
BR003,MED373,Glimepiride + Metformin 2mg/500mg (Aarogya Formulations),Antidiabetic,8,0.915,1.868,4.445,0.1429,7,1.0,0.5443,weekly demand std / sqrt(7),0.95,2.37,3.37,5.37,0,NO_REORDER,LOW,Stock 8 is at or above the reorder point 3.4
BR003,MED375,Glimepiride + Metformin 2mg/500mg (Summit Lifesciences),Antidiabetic,5,0.526,1.139,2.618,0.0751,7,0.53,0.5163,weekly demand std / sqrt(7),0.95,2.25,2.77,3.82,0,NO_REORDER,LOW,Stock 5 is at or above the reorder point 2.8
BR003,MED376,Glimepiride + Metformin 1mg/500mg,Antidiabetic,18,2.395,5.683,12.657,0.3929,7,2.75,1.1055,weekly demand std / sqrt(7),0.95,4.81,7.56,13.06,0,NO_REORDER,LOW,Stock 18 is at or above the reorder point 7.6
BR003,MED377,Glimepiride + Metformin 1mg/500mg (CarePlus Laboratories),Antidiabetic,18,2.151,4.647,10.736,0.5357,7,3.75,1.047,weekly demand std / sqrt(7),0.95,4.56,8.31,15.81,0,NO_REORDER,LOW,Stock 18 is at or above the reorder point 8.3
BR003,MED379,Glimepiride + Metformin 1mg/500mg (Summit Lifesciences),Antidiabetic,9,1.212,2.538,6.362,0.2857,7,2.0,0.8811,weekly demand std / sqrt(7),0.95,3.83,5.83,9.83,0,NO_REORDER,LOW,Stock 9 is at or above the reorder point 5.8
BR003,MED380,Glimepiride + Metformin 1mg/500mg (VitaCure Remedies),Antidiabetic,35,17.276,34.911,76.518,2.7857,7,19.5,2.4315,weekly demand std / sqrt(7),0.95,10.58,30.08,69.08,0,NO_REORDER,LOW,Stock 35 is at or above the reorder point 30.1
BR003,MED382,Metformin 500mg (CureLine Healthcare),Antidiabetic,9,1.894,4.275,10.436,0.5357,7,3.75,1.0822,weekly demand std / sqrt(7),0.95,4.71,8.46,15.96,0,NO_REORDER,LOW,Stock 9 is at or above the reorder point 8.5
BR003,MED385,Metformin 850mg,Antidiabetic,99,66.108,127.318,281.568,9.9286,7,69.5,5.4973,weekly demand std / sqrt(7),0.95,23.92,93.42,232.42,0,NO_REORDER,LOW,Stock 99 is at or above the reorder point 93.4
BR003,MED387,Metformin 850mg (Stellar Formulations),Antidiabetic,8,1.014,2.348,5.933,0.2857,7,2.0,0.9739,weekly demand std / sqrt(7),0.95,4.24,6.24,10.24,0,NO_REORDER,LOW,Stock 8 is at or above the reorder point 6.2
BR003,MED388,Metformin 850mg (VitaCure Remedies),Antidiabetic,7,0.931,1.658,3.511,0.1429,7,1.0,0.6407,weekly demand std / sqrt(7),0.95,2.79,3.79,5.79,0,NO_REORDER,LOW,Stock 7 is at or above the reorder point 3.8
BR003,MED389,Metformin 1000mg,Antidiabetic,18,1.973,4.709,9.893,0.3571,7,2.5,0.9759,weekly demand std / sqrt(7),0.95,4.25,6.75,11.75,0,NO_REORDER,LOW,Stock 18 is at or above the reorder point 6.7
BR003,MED390,Metformin 1000mg (BlueCrest Pharma),Antidiabetic,13,1.504,3.509,8.27,0.3929,7,2.75,1.0142,weekly demand std / sqrt(7),0.95,4.41,7.16,12.66,0,NO_REORDER,LOW,Stock 13 is at or above the reorder point 7.2
BR003,MED393,Metformin 1000mg (TrueLife Remedies),Antidiabetic,13,2.092,4.395,10.246,0.4286,7,3.0,0.9709,weekly demand std / sqrt(7),0.95,4.23,7.23,13.23,0,NO_REORDER,LOW,Stock 13 is at or above the reorder point 7.2
BR003,MED394,Sitagliptin 100mg (BlueCrest Pharma),Antidiabetic,15,0.856,1.962,4.636,0.1223,7,0.86,0.6134,weekly demand std / sqrt(7),0.95,2.67,3.53,5.24,0,NO_REORDER,LOW,Stock 15 is at or above the reorder point 3.5
BR003,MED395,Sitagliptin 100mg (CarePlus Laboratories),Antidiabetic,49,11.792,24.49,53.814,1.8214,7,12.75,1.9014,weekly demand std / sqrt(7),0.95,8.27,21.02,46.52,0,NO_REORDER,LOW,Stock 49 is at or above the reorder point 21.0
BR003,MED396,Sitagliptin 100mg (HealthAxis Pharma),Antidiabetic,175,61.281,124.57,267.12,8.7544,7,61.28,4.4078,weekly demand std / sqrt(7),0.95,19.18,80.46,203.03,0,NO_REORDER,LOW,Stock 175 is at or above the reorder point 80.5
BR003,MED398,Sitagliptin 50mg (ApexLife Pharma),Antidiabetic,9,3.055,7.089,16.643,0.6429,7,4.5,0.9932,weekly demand std / sqrt(7),0.95,4.32,8.82,17.82,0,NO_REORDER,LOW,Stock 9 is at or above the reorder point 8.8
BR003,MED399,Sitagliptin 50mg (BlueCrest Pharma),Antidiabetic,30,12.888,25.542,56.757,2.1786,7,15.25,2.1174,weekly demand std / sqrt(7),0.95,9.21,24.46,54.96,0,NO_REORDER,LOW,Stock 30 is at or above the reorder point 24.5
BR003,MED400,Sitagliptin 50mg (Crestview Pharma),Antidiabetic,7,1.379,3.345,7.846,0.4286,7,3.0,0.8547,weekly demand std / sqrt(7),0.95,3.72,6.72,12.72,0,NO_REORDER,LOW,Stock 7 is at or above the reorder point 6.7
BR003,MED401,Sitagliptin 50mg (HealthAxis Pharma),Antidiabetic,18,0.947,2.023,4.888,0.1353,7,0.95,0.604,weekly demand std / sqrt(7),0.95,2.63,3.58,5.47,0,NO_REORDER,LOW,Stock 18 is at or above the reorder point 3.6
BR003,MED403,Sitagliptin 50mg (Stellar Formulations),Antidiabetic,9,1.3,2.606,6.718,0.2857,7,2.0,0.8796,weekly demand std / sqrt(7),0.95,3.83,5.83,9.83,0,NO_REORDER,LOW,Stock 9 is at or above the reorder point 5.8
BR003,MED404,Sitagliptin 50mg (Summit Lifesciences),Antidiabetic,10,1.268,2.231,5.446,0.25,7,1.75,0.8651,weekly demand std / sqrt(7),0.95,3.76,5.51,9.01,0,NO_REORDER,LOW,Stock 10 is at or above the reorder point 5.5
BR003,MED406,Ambroxol + Levosalbutamol Syrup 100ml (Aarogya Formulations),Respiratory,15,1.712,3.751,8.699,0.25,7,1.75,0.4044,weekly demand std / sqrt(7),0.95,1.76,3.51,7.01,0,NO_REORDER,LOW,Stock 15 is at or above the reorder point 3.5
BR003,MED407,Ambroxol + Levosalbutamol Syrup 100ml (NovaMed Laboratories),Respiratory,15,5.937,12.326,27.54,1.0714,7,7.5,0.9968,weekly demand std / sqrt(7),0.95,4.34,11.84,26.84,0,NO_REORDER,LOW,Stock 15 is at or above the reorder point 11.8
BR003,MED408,Ambroxol + Levosalbutamol Syrup 100ml (Summit Lifesciences),Respiratory,5,1.0,2.342,5.65,0.2857,7,2.0,0.4688,weekly demand std / sqrt(7),0.95,2.04,4.04,8.04,0,NO_REORDER,LOW,Stock 5 is at or above the reorder point 4.0
BR003,MED409,Ambroxol + Levosalbutamol Syrup 100ml (VitaCure Remedies),Respiratory,9,0.898,1.849,4.554,0.1429,7,1.0,0.5118,weekly demand std / sqrt(7),0.95,2.23,3.23,5.23,0,NO_REORDER,LOW,Stock 9 is at or above the reorder point 3.2
BR003,MED410,Ambroxol + Levosalbutamol Syrup 60ml,Respiratory,15,1.321,2.772,6.709,0.2857,7,2.0,0.4046,weekly demand std / sqrt(7),0.95,1.76,3.76,7.76,0,NO_REORDER,LOW,Stock 15 is at or above the reorder point 3.8
BR003,MED412,Budesonide Inhaler 200mcg (ApexLife Pharma),Respiratory,14,1.423,3.245,6.933,0.25,7,1.75,0.5665,weekly demand std / sqrt(7),0.95,2.47,4.22,7.72,0,NO_REORDER,LOW,Stock 14 is at or above the reorder point 4.2
BR003,MED413,Budesonide Inhaler 200mcg (BlueCrest Pharma),Respiratory,8,1.026,2.121,5.072,0.1786,7,1.25,0.4206,weekly demand std / sqrt(7),0.95,1.83,3.08,5.58,0,NO_REORDER,LOW,Stock 8 is at or above the reorder point 3.1
BR003,MED414,Budesonide Inhaler 200mcg (VitaCure Remedies),Respiratory,25,0.996,1.892,5.509,0.1423,7,1.0,0.2844,weekly demand std / sqrt(7),0.95,1.24,2.23,4.23,0,NO_REORDER,LOW,Stock 25 is at or above the reorder point 2.2
BR003,MED415,Budesonide Inhaler 100mcg,Respiratory,7,2.204,5.001,11.018,0.3929,7,2.75,0.448,weekly demand std / sqrt(7),0.95,1.95,4.7,10.2,0,NO_REORDER,LOW,Stock 7 is at or above the reorder point 4.7
BR003,MED416,Dextromethorphan Syrup 100ml (HealthAxis Pharma),Respiratory,36,8.993,18.584,39.595,1.2857,7,9.0,1.2523,weekly demand std / sqrt(7),0.95,5.45,14.45,32.45,0,NO_REORDER,LOW,Stock 36 is at or above the reorder point 14.5
BR003,MED417,Dextromethorphan Syrup 100ml (LifeSpring Pharma),Respiratory,12,0.882,2.055,4.195,0.1429,7,1.0,0.3739,weekly demand std / sqrt(7),0.95,1.63,2.63,4.63,0,NO_REORDER,LOW,Stock 12 is at or above the reorder point 2.6
BR003,MED418,Dextromethorphan Syrup 100ml (Summit Lifesciences),Respiratory,24,0.85,1.615,4.688,0.1214,7,0.85,0.4605,weekly demand std / sqrt(7),0.95,2.0,2.85,4.55,0,NO_REORDER,LOW,Stock 24 is at or above the reorder point 2.9
BR003,MED419,Dextromethorphan Syrup 100ml (TrueLife Remedies),Respiratory,9,0.662,1.375,2.927,0.1071,7,0.75,0.2606,weekly demand std / sqrt(7),0.95,1.13,1.88,3.38,0,NO_REORDER,LOW,Stock 9 is at or above the reorder point 1.9
BR003,MED420,Montelukast 10mg (CureLine Healthcare),Respiratory,14,5.159,10.532,24.548,0.7857,7,5.5,0.7745,weekly demand std / sqrt(7),0.95,3.37,8.87,19.87,0,NO_REORDER,LOW,Stock 14 is at or above the reorder point 8.9
BR003,MED422,Montelukast 10mg (NovaMed Laboratories),Respiratory,19,0.694,1.543,3.781,0.0991,7,0.69,0.4003,weekly demand std / sqrt(7),0.95,1.74,2.44,3.82,0,NO_REORDER,LOW,Stock 19 is at or above the reorder point 2.4
BR003,MED423,Montelukast 10mg (Summit Lifesciences),Respiratory,13,0.817,1.892,3.999,0.1429,7,1.0,0.3419,weekly demand std / sqrt(7),0.95,1.49,2.49,4.49,0,NO_REORDER,LOW,Stock 13 is at or above the reorder point 2.5
BR003,MED424,Montelukast 10mg (TrueLife Remedies),Respiratory,9,1.132,2.423,5.515,0.2143,7,1.5,0.5339,weekly demand std / sqrt(7),0.95,2.32,3.82,6.82,0,NO_REORDER,LOW,Stock 9 is at or above the reorder point 3.8
BR003,MED425,Montelukast 5mg,Respiratory,12,1.818,4.429,10.34,0.3929,7,2.75,0.537,weekly demand std / sqrt(7),0.95,2.34,5.09,10.59,0,NO_REORDER,LOW,Stock 12 is at or above the reorder point 5.1
BR003,MED426,Montelukast 5mg (CarePlus Laboratories),Respiratory,9,0.508,1.157,2.392,0.0726,7,0.51,0.2817,weekly demand std / sqrt(7),0.95,1.23,1.73,2.75,0,NO_REORDER,LOW,Stock 9 is at or above the reorder point 1.7
BR003,MED427,Montelukast 5mg (NovaMed Laboratories),Respiratory,4,0.701,1.307,3.279,0.2143,7,1.5,0.5626,weekly demand std / sqrt(7),0.95,2.45,3.95,6.95,0,NO_REORDER,LOW,Stock 4 is at or above the reorder point 3.9
BR003,MED428,Montelukast 5mg (Summit Lifesciences),Respiratory,11,0.673,1.491,3.284,0.1071,7,0.75,0.3071,weekly demand std / sqrt(7),0.95,1.34,2.09,3.59,0,NO_REORDER,LOW,Stock 11 is at or above the reorder point 2.1
BR003,MED429,Montelukast 5mg (TrueLife Remedies),Respiratory,21,4.055,8.013,18.045,0.5793,7,4.06,0.5872,weekly demand std / sqrt(7),0.95,2.56,6.61,14.72,0,NO_REORDER,LOW,Stock 21 is at or above the reorder point 6.6
BR003,MED430,Salbutamol Inhaler 100mcg (Aarogya Formulations),Respiratory,5,0.492,1.092,2.425,0.1071,7,0.75,0.2635,weekly demand std / sqrt(7),0.95,1.15,1.9,3.4,0,NO_REORDER,LOW,Stock 5 is at or above the reorder point 1.9
BR003,MED432,Salbutamol Inhaler 100mcg (Stellar Formulations),Respiratory,56,19.566,41.511,88.445,2.7951,7,19.57,2.093,weekly demand std / sqrt(7),0.95,9.11,28.67,67.81,0,NO_REORDER,LOW,Stock 56 is at or above the reorder point 28.7
BR003,MED433,Salbutamol Inhaler 100mcg (Summit Lifesciences),Respiratory,16,0.633,1.249,2.993,0.0904,7,0.63,0.3595,weekly demand std / sqrt(7),0.95,1.56,2.2,3.46,0,NO_REORDER,LOW,Stock 16 is at or above the reorder point 2.2
BR003,MED434,Salbutamol Inhaler 100mcg (TrueLife Remedies),Respiratory,12,0.495,1.102,2.309,0.0707,7,0.5,0.2016,weekly demand std / sqrt(7),0.95,0.88,1.37,2.36,0,NO_REORDER,LOW,Stock 12 is at or above the reorder point 1.4
BR003,MED435,Salbutamol Inhaler 100mcg (VitaCure Remedies),Respiratory,14,2.352,5.2,11.489,0.3929,7,2.75,0.5902,weekly demand std / sqrt(7),0.95,2.57,5.32,10.82,0,NO_REORDER,LOW,Stock 14 is at or above the reorder point 5.3
BR003,MED436,Salbutamol Inhaler 200mcg,Respiratory,12,2.784,5.503,12.447,0.4286,7,3.0,0.7029,weekly demand std / sqrt(7),0.95,3.06,6.06,12.06,0,NO_REORDER,LOW,Stock 12 is at or above the reorder point 6.1
BR003,MED437,Salbutamol Inhaler 200mcg (BlueCrest Pharma),Respiratory,9,0.54,1.145,2.519,0.0771,7,0.54,0.2623,weekly demand std / sqrt(7),0.95,1.14,1.68,2.76,0,NO_REORDER,LOW,Stock 9 is at or above the reorder point 1.7
BR003,MED438,Salbutamol Inhaler 200mcg (CarePlus Laboratories),Respiratory,9,0.503,1.145,2.4,0.0719,7,0.5,0.2668,weekly demand std / sqrt(7),0.95,1.16,1.66,2.67,0,NO_REORDER,LOW,Stock 9 is at or above the reorder point 1.7
BR003,MED439,Salbutamol Inhaler 200mcg (HealthAxis Pharma),Respiratory,7,1.963,4.092,9.296,0.4286,7,3.0,0.5069,weekly demand std / sqrt(7),0.95,2.21,5.21,11.21,0,NO_REORDER,LOW,Stock 7 is at or above the reorder point 5.2
BR003,MED440,Salbutamol Inhaler 200mcg (Stellar Formulations),Respiratory,18,1.116,2.592,6.317,0.1786,7,1.25,0.4744,weekly demand std / sqrt(7),0.95,2.06,3.31,5.81,0,NO_REORDER,LOW,Stock 18 is at or above the reorder point 3.3
BR003,MED441,Salbutamol Inhaler 200mcg (Summit Lifesciences),Respiratory,15,0.458,1.081,2.25,0.0654,7,0.46,0.3067,weekly demand std / sqrt(7),0.95,1.33,1.79,2.71,0,NO_REORDER,LOW,Stock 15 is at or above the reorder point 1.8
BR003,MED442,Calcium + Vitamin D3 500mg/250IU (Aarogya Formulations),Vitamins,17,1.008,2.185,5.059,0.144,7,1.01,0.4206,weekly demand std / sqrt(7),0.95,1.83,2.84,4.85,0,NO_REORDER,LOW,Stock 17 is at or above the reorder point 2.8
BR003,MED443,Calcium + Vitamin D3 500mg/250IU (ApexLife Pharma),Vitamins,16,7.856,16.213,35.602,1.3214,7,9.25,0.9443,weekly demand std / sqrt(7),0.95,4.11,13.36,31.86,0,NO_REORDER,LOW,Stock 16 is at or above the reorder point 13.4
BR003,MED444,Calcium + Vitamin D3 500mg/250IU (CureLine Healthcare),Vitamins,16,5.709,12.119,27.648,0.9286,7,6.5,1.1267,weekly demand std / sqrt(7),0.95,4.9,11.4,24.4,0,NO_REORDER,LOW,Stock 16 is at or above the reorder point 11.4
BR003,MED445,Calcium + Vitamin D3 500mg/250IU (HealthAxis Pharma),Vitamins,16,7.303,15.17,33.372,1.25,7,8.75,0.9933,weekly demand std / sqrt(7),0.95,4.32,13.07,30.57,0,NO_REORDER,LOW,Stock 16 is at or above the reorder point 13.1
BR003,MED446,Calcium + Vitamin D3 500mg/250IU (LifeSpring Pharma),Vitamins,27,8.589,17.924,39.248,1.3571,7,9.5,1.8206,weekly demand std / sqrt(7),0.95,7.92,17.42,36.42,0,NO_REORDER,LOW,Stock 27 is at or above the reorder point 17.4
BR003,MED447,Calcium + Vitamin D3 500mg/250IU (Summit Lifesciences),Vitamins,15,4.289,8.464,21.008,0.6786,7,4.75,0.9391,weekly demand std / sqrt(7),0.95,4.09,8.84,18.34,0,NO_REORDER,LOW,Stock 15 is at or above the reorder point 8.8
BR003,MED448,Calcium + Vitamin D3 500mg/250IU (TrueLife Remedies),Vitamins,48,9.313,19.822,41.783,1.3304,7,9.31,1.7403,weekly demand std / sqrt(7),0.95,7.57,16.89,35.51,0,NO_REORDER,LOW,Stock 48 is at or above the reorder point 16.9
BR003,MED449,Iron + Folic Acid 100mg/500mcg (BlueCrest Pharma),Vitamins,18,0.986,2.261,5.407,0.1409,7,0.99,0.5118,weekly demand std / sqrt(7),0.95,2.23,3.21,5.19,0,NO_REORDER,LOW,Stock 18 is at or above the reorder point 3.2
BR003,MED450,Iron + Folic Acid 100mg/500mcg (CarePlus Laboratories),Vitamins,11,0.971,2.355,5.503,0.2143,7,1.5,0.6691,weekly demand std / sqrt(7),0.95,2.91,4.41,7.41,0,NO_REORDER,LOW,Stock 11 is at or above the reorder point 4.4
BR003,MED451,Iron + Folic Acid 100mg/500mcg (CureLine Healthcare),Vitamins,13,0.744,1.728,4.162,0.1063,7,0.74,0.4132,weekly demand std / sqrt(7),0.95,1.8,2.54,4.03,0,NO_REORDER,LOW,Stock 13 is at or above the reorder point 2.5
BR003,MED452,Iron + Folic Acid 100mg/500mcg (HealthAxis Pharma),Vitamins,10,1.942,4.218,9.936,0.3571,7,2.5,0.7783,weekly demand std / sqrt(7),0.95,3.39,5.89,10.89,0,NO_REORDER,LOW,Stock 10 is at or above the reorder point 5.9
BR003,MED453,Iron + Folic Acid 100mg/500mcg (LifeSpring Pharma),Vitamins,11,0.85,1.924,4.87,0.1429,7,1.0,0.4662,weekly demand std / sqrt(7),0.95,2.03,3.03,5.03,0,NO_REORDER,LOW,Stock 11 is at or above the reorder point 3.0
BR003,MED455,Iron + Folic Acid 100mg/500mcg (Summit Lifesciences),Vitamins,17,1.188,2.492,6.146,0.2143,7,1.5,0.3742,weekly demand std / sqrt(7),0.95,1.63,3.13,6.13,0,NO_REORDER,LOW,Stock 17 is at or above the reorder point 3.1
BR003,MED456,Iron + Folic Acid 100mg/500mcg (VitaCure Remedies),Vitamins,9,1.707,4.119,9.376,0.5357,7,3.75,0.8485,weekly demand std / sqrt(7),0.95,3.69,7.44,14.94,0,NO_REORDER,LOW,Stock 9 is at or above the reorder point 7.4
BR003,MED457,Multivitamin B-complex+C (BlueCrest Pharma),Vitamins,19,0.913,2.043,5.064,0.1304,7,0.91,0.4728,weekly demand std / sqrt(7),0.95,2.06,2.97,4.8,0,NO_REORDER,LOW,Stock 19 is at or above the reorder point 3.0
BR003,MED458,Multivitamin B-complex+C (HealthAxis Pharma),Vitamins,7,1.014,2.491,5.306,0.2857,7,2.0,0.6443,weekly demand std / sqrt(7),0.95,2.8,4.8,8.8,0,NO_REORDER,LOW,Stock 7 is at or above the reorder point 4.8
BR003,MED459,Multivitamin B-complex+C (Summit Lifesciences),Vitamins,66,38.595,78.361,162.298,5.6786,7,39.75,3.1709,weekly demand std / sqrt(7),0.95,13.8,53.55,133.05,0,NO_REORDER,LOW,Stock 66 is at or above the reorder point 53.5
BR003,MED461,Vitamin C Chewable 500mg (Aarogya Formulations),Vitamins,52,18.899,36.125,83.464,2.7143,7,19.0,2.0666,weekly demand std / sqrt(7),0.95,8.99,27.99,65.99,0,NO_REORDER,LOW,Stock 52 is at or above the reorder point 28.0
BR003,MED462,Vitamin C Chewable 500mg (ApexLife Pharma),Vitamins,16,3.234,6.682,15.216,0.4643,7,3.25,0.9043,weekly demand std / sqrt(7),0.95,3.94,7.19,13.69,0,NO_REORDER,LOW,Stock 16 is at or above the reorder point 7.2
BR003,MED464,Vitamin C Chewable 500mg (TrueLife Remedies),Vitamins,8,1.732,3.545,8.518,0.3571,7,2.5,0.7035,weekly demand std / sqrt(7),0.95,3.06,5.56,10.56,0,NO_REORDER,LOW,Stock 8 is at or above the reorder point 5.6
BR003,MED467,Vitamin C Chewable 1000mg (BlueCrest Pharma),Vitamins,17,2.686,5.546,12.354,0.3929,7,2.75,0.8573,weekly demand std / sqrt(7),0.95,3.73,6.48,11.98,0,NO_REORDER,LOW,Stock 17 is at or above the reorder point 6.5
BR003,MED468,Vitamin C Chewable 1000mg (CarePlus Laboratories),Vitamins,29,8.701,17.013,39.785,1.3929,7,9.75,1.5369,weekly demand std / sqrt(7),0.95,6.69,16.44,35.94,0,NO_REORDER,LOW,Stock 29 is at or above the reorder point 16.4
BR003,MED469,Vitamin C Chewable 1000mg (CureLine Healthcare),Vitamins,16,2.523,5.824,12.271,0.4643,7,3.25,0.7408,weekly demand std / sqrt(7),0.95,3.22,6.47,12.97,0,NO_REORDER,LOW,Stock 16 is at or above the reorder point 6.5
BR003,MED471,Vitamin C Chewable 1000mg (Summit Lifesciences),Vitamins,18,4.906,10.496,22.524,0.7009,7,4.91,0.8382,weekly demand std / sqrt(7),0.95,3.65,8.55,18.37,0,NO_REORDER,LOW,Stock 18 is at or above the reorder point 8.6
BR003,MED472,Vitamin C Chewable 1000mg (TrueLife Remedies),Vitamins,27,0.9,2.101,5.257,0.1286,7,0.9,0.3967,weekly demand std / sqrt(7),0.95,1.73,2.63,4.43,0,NO_REORDER,LOW,Stock 27 is at or above the reorder point 2.6
BR003,MED473,Vitamin C Chewable 1000mg (VitaCure Remedies),Vitamins,14,5.283,11.455,26.975,0.9286,7,6.5,1.1989,weekly demand std / sqrt(7),0.95,5.22,11.72,24.72,0,NO_REORDER,LOW,Stock 14 is at or above the reorder point 11.7
BR003,MED474,Vitamin D3 60000IU (TrueLife Remedies),Vitamins,20,1.076,2.289,5.165,0.1537,7,1.08,0.3419,weekly demand std / sqrt(7),0.95,1.49,2.56,4.72,0,NO_REORDER,LOW,Stock 20 is at or above the reorder point 2.6
BR003,MED475,Vitamin D3 60000IU (VitaCure Remedies),Vitamins,18,2.79,6.123,12.759,0.4286,7,3.0,0.7412,weekly demand std / sqrt(7),0.95,3.23,6.23,12.23,0,NO_REORDER,LOW,Stock 18 is at or above the reorder point 6.2
BR003,MED476,Vitamin D3 1000IU,Vitamins,16,4.078,9.692,20.181,0.75,7,5.25,0.9967,weekly demand std / sqrt(7),0.95,4.34,9.59,20.09,0,NO_REORDER,LOW,Stock 16 is at or above the reorder point 9.6
BR003,MED477,Vitamin D3 1000IU (Summit Lifesciences),Vitamins,9,1.553,3.526,8.016,0.3571,7,2.5,0.8371,weekly demand std / sqrt(7),0.95,3.64,6.14,11.14,0,NO_REORDER,LOW,Stock 9 is at or above the reorder point 6.1
BR003,MED478,Calamine Lotion 100ml (CureLine Healthcare),Dermatological,23,0.98,2.027,4.965,0.14,7,0.98,0.4818,weekly demand std / sqrt(7),0.95,2.1,3.08,5.04,0,NO_REORDER,LOW,Stock 23 is at or above the reorder point 3.1
BR003,MED479,Calamine Lotion 100ml (LifeSpring Pharma),Dermatological,5,0.997,1.965,4.284,0.2143,7,1.5,0.3989,weekly demand std / sqrt(7),0.95,1.74,3.24,6.24,0,NO_REORDER,LOW,Stock 5 is at or above the reorder point 3.2
BR003,MED481,Calamine Lotion 100ml (TrueLife Remedies),Dermatological,19,1.457,2.852,6.715,0.2143,7,1.5,0.3085,weekly demand std / sqrt(7),0.95,1.34,2.84,5.84,0,NO_REORDER,LOW,Stock 19 is at or above the reorder point 2.8
BR003,MED482,Clotrimazole Cream 1% (ApexLife Pharma),Dermatological,11,0.846,1.827,3.843,0.1786,7,1.25,0.6585,weekly demand std / sqrt(7),0.95,2.87,4.12,6.62,0,NO_REORDER,LOW,Stock 11 is at or above the reorder point 4.1
BR003,MED485,Clotrimazole Cream 2% (Stellar Formulations),Dermatological,9,0.41,0.887,1.895,0.0586,7,0.41,0.2075,weekly demand std / sqrt(7),0.95,0.9,1.31,2.13,0,NO_REORDER,LOW,Stock 9 is at or above the reorder point 1.3
BR003,MED486,Clotrimazole Cream 2% (TrueLife Remedies),Dermatological,5,0.549,1.132,2.466,0.1071,7,0.75,0.2844,weekly demand std / sqrt(7),0.95,1.24,1.99,3.49,0,NO_REORDER,LOW,Stock 5 is at or above the reorder point 2.0
BR003,MED487,Fusidic Acid Cream 2% (ApexLife Pharma),Dermatological,16,0.84,1.745,3.781,0.1429,7,1.0,0.445,weekly demand std / sqrt(7),0.95,1.94,2.94,4.94,0,NO_REORDER,LOW,Stock 16 is at or above the reorder point 2.9
BR003,MED488,Fusidic Acid Cream 2% (BlueCrest Pharma),Dermatological,5,0.445,0.902,1.965,0.0714,7,0.5,0.3903,weekly demand std / sqrt(7),0.95,1.7,2.2,3.2,0,NO_REORDER,LOW,Stock 5 is at or above the reorder point 2.2
BR003,MED489,Fusidic Acid Cream 2% (VitaCure Remedies),Dermatological,11,0.783,1.761,3.973,0.1786,7,1.25,0.3583,weekly demand std / sqrt(7),0.95,1.56,2.81,5.31,0,NO_REORDER,LOW,Stock 11 is at or above the reorder point 2.8
BR003,MED491,Hydrocortisone Cream 1% (CureLine Healthcare),Dermatological,10,2.806,6.68,13.679,0.5714,7,4.0,0.913,weekly demand std / sqrt(7),0.95,3.97,7.97,15.97,0,NO_REORDER,LOW,Stock 10 is at or above the reorder point 8.0
BR003,MED492,Hydrocortisone Cream 1% (Summit Lifesciences),Dermatological,11,0.923,1.863,4.22,0.1786,7,1.25,0.3071,weekly demand std / sqrt(7),0.95,1.34,2.59,5.09,0,NO_REORDER,LOW,Stock 11 is at or above the reorder point 2.6
BR003,MED493,Ketoconazole Shampoo 2% (Aarogya Formulations),Dermatological,6,0.845,1.631,3.755,0.2143,7,1.5,0.8412,weekly demand std / sqrt(7),0.95,3.66,5.16,8.16,0,NO_REORDER,LOW,Stock 6 is at or above the reorder point 5.2
BR003,MED494,Ketoconazole Shampoo 2% (LifeSpring Pharma),Dermatological,7,1.019,2.297,4.957,0.2857,7,2.0,0.4538,weekly demand std / sqrt(7),0.95,1.97,3.97,7.97,0,NO_REORDER,LOW,Stock 7 is at or above the reorder point 4.0
BR003,MED495,Ketoconazole Shampoo 2% (VitaCure Remedies),Dermatological,11,0.581,1.334,3.102,0.1071,7,0.75,0.3706,weekly demand std / sqrt(7),0.95,1.61,2.36,3.86,0,NO_REORDER,LOW,Stock 11 is at or above the reorder point 2.4
BR003,MED496,Mupirocin Ointment 2% (ApexLife Pharma),Dermatological,22,0.741,1.68,4.21,0.1059,7,0.74,0.4266,weekly demand std / sqrt(7),0.95,1.86,2.6,4.08,0,NO_REORDER,LOW,Stock 22 is at or above the reorder point 2.6
BR003,MED497,Mupirocin Ointment 2% (CarePlus Laboratories),Dermatological,12,2.598,5.253,11.644,0.4286,7,3.0,0.6443,weekly demand std / sqrt(7),0.95,2.8,5.8,11.8,0,NO_REORDER,LOW,Stock 12 is at or above the reorder point 5.8
BR003,MED498,Mupirocin Ointment 2% (NovaMed Laboratories),Dermatological,23,0.842,1.676,4.197,0.1203,7,0.84,0.3038,weekly demand std / sqrt(7),0.95,1.32,2.16,3.85,0,NO_REORDER,LOW,Stock 23 is at or above the reorder point 2.2
BR003,MED499,Mupirocin Ointment 2% (Summit Lifesciences),Dermatological,16,1.49,3.17,7.199,0.2857,7,2.0,0.4557,weekly demand std / sqrt(7),0.95,1.98,3.98,7.98,0,NO_REORDER,LOW,Stock 16 is at or above the reorder point 4.0
BR003,MED500,Mupirocin Ointment 2% (VitaCure Remedies),Dermatological,7,0.58,1.237,2.729,0.1071,7,0.75,0.3595,weekly demand std / sqrt(7),0.95,1.56,2.31,3.81,0,NO_REORDER,LOW,Stock 7 is at or above the reorder point 2.3
BR004,MED001,Paracetamol 500mg,Analgesics,70,23.866,51.186,104.162,3.4094,7,23.87,2.2382,weekly demand std / sqrt(7),0.95,9.74,33.61,81.34,0,NO_REORDER,LOW,Stock 70 is at or above the reorder point 33.6
BR004,MED002,Diclofenac 50mg,Analgesics,16,2.892,6.39,14.669,0.4131,7,2.89,0.7153,weekly demand std / sqrt(7),0.95,3.11,6.0,11.79,0,NO_REORDER,LOW,Stock 16 is at or above the reorder point 6.0
BR004,MED003,Amoxicillin 500mg,Antibiotics,12,1.993,4.429,9.548,0.3571,7,2.5,0.7617,weekly demand std / sqrt(7),0.95,3.31,5.81,10.81,0,NO_REORDER,LOW,Stock 12 is at or above the reorder point 5.8
BR004,MED004,Azithromycin 500mg,Antibiotics,5,0.987,1.881,4.5,0.2857,7,2.0,0.5969,weekly demand std / sqrt(7),0.95,2.6,4.6,8.6,0,NO_REORDER,LOW,Stock 5 is at or above the reorder point 4.6
BR004,MED006,Paracetamol Suspension 250mg/5ml,Antipyretics,15,1.077,2.245,5.164,0.1539,7,1.08,0.5682,weekly demand std / sqrt(7),0.95,2.47,3.55,5.7,0,NO_REORDER,LOW,Stock 15 is at or above the reorder point 3.5
BR004,MED007,Cetirizine 10mg,Antihistamines,76,24.992,51.157,109.474,3.5703,7,24.99,3.0289,weekly demand std / sqrt(7),0.95,13.18,38.17,88.16,0,NO_REORDER,LOW,Stock 76 is at or above the reorder point 38.2
BR004,MED008,Fexofenadine 120mg,Antihistamines,8,0.358,0.684,1.683,0.0511,7,0.36,0.3419,weekly demand std / sqrt(7),0.95,1.49,1.85,2.56,0,NO_REORDER,LOW,Stock 8 is at or above the reorder point 1.8
BR004,MED009,Pantoprazole 40mg,Gastrointestinal,36,19.271,39.584,84.38,3.0357,7,21.25,2.9341,weekly demand std / sqrt(7),0.95,12.77,34.02,76.52,0,NO_REORDER,LOW,Stock 36 is at or above the reorder point 34.0
BR004,MED010,Ondansetron 4mg,Gastrointestinal,8,0.471,1.079,2.475,0.0714,7,0.5,0.4783,weekly demand std / sqrt(7),0.95,2.08,2.58,3.58,0,NO_REORDER,LOW,Stock 8 is at or above the reorder point 2.6
BR004,MED011,Amlodipine 5mg,Cardiovascular,137,50.594,99.059,208.213,7.2277,7,50.59,3.8304,weekly demand std / sqrt(7),0.95,16.67,67.26,168.45,0,NO_REORDER,LOW,Stock 137 is at or above the reorder point 67.3
BR004,MED012,Atorvastatin 10mg,Cardiovascular,128,28.429,59.351,131.915,4.0613,7,28.43,3.6821,weekly demand std / sqrt(7),0.95,16.02,44.45,101.31,0,NO_REORDER,LOW,Stock 128 is at or above the reorder point 44.5
BR004,MED013,Metformin 500mg,Antidiabetic,42,19.628,38.039,85.36,3.0357,7,21.25,2.9224,weekly demand std / sqrt(7),0.95,12.72,33.97,76.47,0,NO_REORDER,LOW,Stock 42 is at or above the reorder point 34.0
BR004,MED014,Glimepiride 2mg,Antidiabetic,34,10.839,23.426,50.656,1.9643,7,13.75,2.8401,weekly demand std / sqrt(7),0.95,12.36,26.11,53.61,0,NO_REORDER,LOW,Stock 34 is at or above the reorder point 26.1
BR004,MED016,Salbutamol Inhaler 100mcg,Respiratory,15,0.76,1.684,4.149,0.1086,7,0.76,0.2219,weekly demand std / sqrt(7),0.95,0.97,1.73,3.25,0,NO_REORDER,LOW,Stock 15 is at or above the reorder point 1.7
BR004,MED017,Vitamin C Chewable 500mg,Vitamins,46,11.552,22.723,51.75,1.7857,7,12.5,1.7212,weekly demand std / sqrt(7),0.95,7.49,19.99,44.99,0,NO_REORDER,LOW,Stock 46 is at or above the reorder point 20.0
BR004,MED020,Mupirocin Ointment 2%,Dermatological,12,1.446,2.796,6.847,0.3214,7,2.25,0.5982,weekly demand std / sqrt(7),0.95,2.6,4.85,9.35,0,NO_REORDER,LOW,Stock 12 is at or above the reorder point 4.9
BR004,MED021,Ibuprofen 400mg,Analgesics,12,2.048,4.629,10.382,0.3929,7,2.75,1.1904,weekly demand std / sqrt(7),0.95,5.18,7.93,13.43,0,NO_REORDER,LOW,Stock 12 is at or above the reorder point 7.9
BR004,MED022,Aceclofenac + Paracetamol 100mg/325mg,Analgesics,10,3.037,6.779,15.605,0.5,7,3.5,0.6768,weekly demand std / sqrt(7),0.95,2.95,6.45,13.45,0,NO_REORDER,LOW,Stock 10 is at or above the reorder point 6.4
BR004,MED023,Naproxen 250mg,Analgesics,8,0.871,1.911,4.418,0.1429,7,1.0,0.414,weekly demand std / sqrt(7),0.95,1.8,2.8,4.8,0,NO_REORDER,LOW,Stock 8 is at or above the reorder point 2.8
BR004,MED026,Doxycycline 100mg,Antibiotics,15,0.473,1.087,2.292,0.0676,7,0.47,0.6018,weekly demand std / sqrt(7),0.95,2.62,3.09,4.04,0,NO_REORDER,LOW,Stock 15 is at or above the reorder point 3.1
BR004,MED027,Amoxicillin + Clavulanic Acid 625mg,Antibiotics,14,3.931,7.913,18.547,0.6786,7,4.75,1.1415,weekly demand std / sqrt(7),0.95,4.97,9.72,19.22,0,NO_REORDER,LOW,Stock 14 is at or above the reorder point 9.7
BR004,MED028,Mefenamic Acid 250mg,Antipyretics,8,0.577,1.189,2.832,0.0824,7,0.58,0.373,weekly demand std / sqrt(7),0.95,1.62,2.2,3.35,0,NO_REORDER,LOW,Stock 8 is at or above the reorder point 2.2
BR004,MED029,Paracetamol Drops 100mg/ml,Antipyretics,15,0.998,2.132,4.998,0.1429,7,1.0,0.3536,weekly demand std / sqrt(7),0.95,1.54,2.54,4.54,0,NO_REORDER,LOW,Stock 15 is at or above the reorder point 2.5
BR004,MED030,Levocetirizine 5mg,Antihistamines,13,1.835,3.979,8.964,0.3929,7,2.75,0.9617,weekly demand std / sqrt(7),0.95,4.19,6.94,12.44,0,NO_REORDER,LOW,Stock 13 is at or above the reorder point 6.9
BR004,MED032,Chlorpheniramine 4mg,Antihistamines,9,1.026,2.348,5.346,0.1786,7,1.25,0.2781,weekly demand std / sqrt(7),0.95,1.21,2.46,4.96,0,NO_REORDER,LOW,Stock 9 is at or above the reorder point 2.5
BR004,MED034,Domperidone 10mg,Gastrointestinal,66,16.988,35.207,74.933,2.4269,7,16.99,2.2095,weekly demand std / sqrt(7),0.95,9.62,26.6,60.58,0,NO_REORDER,LOW,Stock 66 is at or above the reorder point 26.6
BR004,MED036,Loperamide 2mg,Gastrointestinal,13,0.455,1.016,2.381,0.065,7,0.46,0.3067,weekly demand std / sqrt(7),0.95,1.33,1.79,2.7,0,NO_REORDER,LOW,Stock 13 is at or above the reorder point 1.8
BR004,MED037,Telmisartan 40mg,Cardiovascular,167,58.395,117.205,261.013,8.3571,7,58.5,4.7325,weekly demand std / sqrt(7),0.95,20.6,79.1,196.1,0,NO_REORDER,LOW,Stock 167 is at or above the reorder point 79.1
BR004,MED038,Losartan 50mg,Cardiovascular,14,1.518,3.116,7.719,0.3214,7,2.25,0.9874,weekly demand std / sqrt(7),0.95,4.3,6.55,11.05,0,NO_REORDER,LOW,Stock 14 is at or above the reorder point 6.5
BR004,MED039,Metoprolol 50mg,Cardiovascular,27,6.564,14.263,32.798,0.9377,7,6.56,1.4444,weekly demand std / sqrt(7),0.95,6.29,12.85,25.98,0,NO_REORDER,LOW,Stock 27 is at or above the reorder point 12.8
BR004,MED041,Clopidogrel 75mg,Cardiovascular,12,0.542,1.277,2.925,0.0774,7,0.54,0.5231,weekly demand std / sqrt(7),0.95,2.28,2.82,3.9,0,NO_REORDER,LOW,Stock 12 is at or above the reorder point 2.8
BR004,MED043,Glimepiride + Metformin 2mg/500mg,Antidiabetic,56,26.095,52.532,117.594,4.0357,7,28.25,3.531,weekly demand std / sqrt(7),0.95,15.37,43.62,100.12,0,NO_REORDER,LOW,Stock 56 is at or above the reorder point 43.6
BR004,MED044,Sitagliptin 100mg,Antidiabetic,14,1.774,4.227,10.082,0.3929,7,2.75,0.8181,weekly demand std / sqrt(7),0.95,3.56,6.31,11.81,0,NO_REORDER,LOW,Stock 14 is at or above the reorder point 6.3
BR004,MED045,Gliclazide 80mg,Antidiabetic,24,1.174,2.7,6.259,0.1677,7,1.17,0.3889,weekly demand std / sqrt(7),0.95,1.69,2.87,5.21,0,NO_REORDER,LOW,Stock 24 is at or above the reorder point 2.9
BR004,MED046,Montelukast 10mg,Respiratory,25,6.701,13.584,30.11,1.0,7,7.0,1.0043,weekly demand std / sqrt(7),0.95,4.37,11.37,25.37,0,NO_REORDER,LOW,Stock 25 is at or above the reorder point 11.4
BR004,MED047,Budesonide Inhaler 200mcg,Respiratory,14,0.758,1.71,4.434,0.1083,7,0.76,0.3038,weekly demand std / sqrt(7),0.95,1.32,2.08,3.6,0,NO_REORDER,LOW,Stock 14 is at or above the reorder point 2.1
BR004,MED048,Dextromethorphan Syrup 100ml,Respiratory,17,8.019,16.283,35.402,1.3571,7,9.5,1.5192,weekly demand std / sqrt(7),0.95,6.61,16.11,35.11,0,NO_REORDER,LOW,Stock 17 is at or above the reorder point 16.1
BR004,MED049,Multivitamin B-complex+C,Vitamins,25,8.648,17.706,38.825,1.4643,7,10.25,1.362,weekly demand std / sqrt(7),0.95,5.93,16.18,36.68,0,NO_REORDER,LOW,Stock 25 is at or above the reorder point 16.2
BR004,MED051,Iron + Folic Acid 100mg/500mcg,Vitamins,8,0.915,1.993,5.052,0.1429,7,1.0,0.2863,weekly demand std / sqrt(7),0.95,1.25,2.25,4.25,0,NO_REORDER,LOW,Stock 8 is at or above the reorder point 2.2
BR004,MED052,Hydrocortisone Cream 1%,Dermatological,10,0.357,0.794,1.63,0.051,7,0.36,0.3432,weekly demand std / sqrt(7),0.95,1.49,1.85,2.56,0,NO_REORDER,LOW,Stock 10 is at or above the reorder point 1.9
BR004,MED053,Fusidic Acid Cream 2%,Dermatological,9,0.778,1.504,3.654,0.1111,7,0.78,0.4838,weekly demand std / sqrt(7),0.95,2.11,2.88,4.44,0,NO_REORDER,LOW,Stock 9 is at or above the reorder point 2.9
BR004,MED054,Calamine Lotion 100ml,Dermatological,5,0.631,1.33,3.074,0.1429,7,1.0,0.3691,weekly demand std / sqrt(7),0.95,1.61,2.61,4.61,0,NO_REORDER,LOW,Stock 5 is at or above the reorder point 2.6
BR004,MED055,Ketoconazole Shampoo 2%,Dermatological,6,1.172,2.434,5.63,0.3214,7,2.25,0.4818,weekly demand std / sqrt(7),0.95,2.1,4.35,8.85,0,NO_REORDER,LOW,Stock 6 is at or above the reorder point 4.3
BR004,MED056,Aceclofenac + Paracetamol 100mg/325mg (HealthAxis Pharma),Analgesics,10,0.454,0.944,2.44,0.0649,7,0.45,0.4744,weekly demand std / sqrt(7),0.95,2.06,2.52,3.43,0,NO_REORDER,LOW,Stock 10 is at or above the reorder point 2.5
BR004,MED057,Aceclofenac + Paracetamol 100mg/325mg (LifeSpring Pharma),Analgesics,21,0.41,1.022,2.821,0.0586,7,0.41,0.2016,weekly demand std / sqrt(7),0.95,0.88,1.29,2.11,0,NO_REORDER,LOW,Stock 21 is at or above the reorder point 1.3
BR004,MED059,Diclofenac 50mg (Aarogya Formulations),Analgesics,5,0.886,1.933,4.661,0.2143,7,1.5,0.469,weekly demand std / sqrt(7),0.95,2.04,3.54,6.54,0,NO_REORDER,LOW,Stock 5 is at or above the reorder point 3.5
BR004,MED060,Diclofenac 50mg (CarePlus Laboratories),Analgesics,30,6.731,15.139,33.156,0.9643,7,6.75,1.551,weekly demand std / sqrt(7),0.95,6.75,13.5,27.0,0,NO_REORDER,LOW,Stock 30 is at or above the reorder point 13.5
BR004,MED063,Diclofenac 50mg (VitaCure Remedies),Analgesics,9,3.249,6.556,16.484,0.5714,7,4.0,0.873,weekly demand std / sqrt(7),0.95,3.8,7.8,15.8,0,NO_REORDER,LOW,Stock 9 is at or above the reorder point 7.8
BR004,MED064,Diclofenac 100mg,Analgesics,9,2.674,6.261,14.08,0.4286,7,3.0,0.665,weekly demand std / sqrt(7),0.95,2.89,5.89,11.89,0,NO_REORDER,LOW,Stock 9 is at or above the reorder point 5.9
BR004,MED065,Diclofenac 100mg (CureLine Healthcare),Analgesics,12,1.379,3.172,7.217,0.2143,7,1.5,0.5555,weekly demand std / sqrt(7),0.95,2.42,3.92,6.92,0,NO_REORDER,LOW,Stock 12 is at or above the reorder point 3.9
BR004,MED066,Diclofenac 100mg (VitaCure Remedies),Analgesics,19,1.047,2.063,4.039,0.1496,7,1.05,0.3384,weekly demand std / sqrt(7),0.95,1.47,2.52,4.61,0,NO_REORDER,LOW,Stock 19 is at or above the reorder point 2.5
BR004,MED067,Ibuprofen 400mg (Aarogya Formulations),Analgesics,4,0.406,0.864,1.973,0.0714,7,0.5,0.3067,weekly demand std / sqrt(7),0.95,1.33,1.83,2.83,0,NO_REORDER,LOW,Stock 4 is at or above the reorder point 1.8
BR004,MED068,Ibuprofen 400mg (CureLine Healthcare),Analgesics,8,0.637,1.537,3.449,0.1786,7,1.25,0.3634,weekly demand std / sqrt(7),0.95,1.58,2.83,5.33,0,NO_REORDER,LOW,Stock 8 is at or above the reorder point 2.8
BR004,MED070,Ibuprofen 400mg (NovaMed Laboratories),Analgesics,19,5.365,11.382,25.707,0.8571,7,6.0,1.251,weekly demand std / sqrt(7),0.95,5.44,11.44,23.44,0,NO_REORDER,LOW,Stock 19 is at or above the reorder point 11.4
BR004,MED071,Ibuprofen 400mg (Stellar Formulations),Analgesics,17,1.723,3.732,7.794,0.2857,7,2.0,0.5271,weekly demand std / sqrt(7),0.95,2.29,4.29,8.29,0,NO_REORDER,LOW,Stock 17 is at or above the reorder point 4.3
BR004,MED072,Ibuprofen 400mg (VitaCure Remedies),Analgesics,10,0.745,1.672,3.787,0.1786,7,1.25,0.5523,weekly demand std / sqrt(7),0.95,2.4,3.65,6.15,0,NO_REORDER,LOW,Stock 10 is at or above the reorder point 3.7
BR004,MED073,Ibuprofen 200mg,Analgesics,19,5.37,10.823,25.198,0.7857,7,5.5,1.1879,weekly demand std / sqrt(7),0.95,5.17,10.67,21.67,0,NO_REORDER,LOW,Stock 19 is at or above the reorder point 10.7
BR004,MED074,Ibuprofen 200mg (LifeSpring Pharma),Analgesics,4,0.454,0.968,2.122,0.1071,7,0.75,0.2635,weekly demand std / sqrt(7),0.95,1.15,1.9,3.4,0,NO_REORDER,LOW,Stock 4 is at or above the reorder point 1.9
BR004,MED075,Ibuprofen 200mg (Summit Lifesciences),Analgesics,13,4.024,8.2,19.212,0.5749,7,4.02,0.8964,weekly demand std / sqrt(7),0.95,3.9,7.92,15.97,0,NO_REORDER,LOW,Stock 13 is at or above the reorder point 7.9
BR004,MED076,Ibuprofen 200mg (TrueLife Remedies),Analgesics,20,4.492,8.526,18.999,0.6417,7,4.49,0.7173,weekly demand std / sqrt(7),0.95,3.12,7.61,16.6,0,NO_REORDER,LOW,Stock 20 is at or above the reorder point 7.6
BR004,MED077,Ibuprofen 200mg (VitaCure Remedies),Analgesics,14,1.318,3.243,6.83,0.25,7,1.75,0.3432,weekly demand std / sqrt(7),0.95,1.49,3.24,6.74,0,NO_REORDER,LOW,Stock 14 is at or above the reorder point 3.2
BR004,MED078,Ibuprofen 600mg,Analgesics,15,6.347,13.472,29.936,1.0714,7,7.5,1.2103,weekly demand std / sqrt(7),0.95,5.27,12.77,27.77,0,NO_REORDER,LOW,Stock 15 is at or above the reorder point 12.8
BR004,MED080,Ibuprofen 600mg (HealthAxis Pharma),Analgesics,8,1.246,2.847,6.526,0.2143,7,1.5,0.4268,weekly demand std / sqrt(7),0.95,1.86,3.36,6.36,0,NO_REORDER,LOW,Stock 8 is at or above the reorder point 3.4
BR004,MED081,Ibuprofen 600mg (NovaMed Laboratories),Analgesics,23,5.698,12.401,26.417,0.8571,7,6.0,1.4641,weekly demand std / sqrt(7),0.95,6.37,12.37,24.37,0,NO_REORDER,LOW,Stock 23 is at or above the reorder point 12.4
BR004,MED082,Naproxen 250mg (CureLine Healthcare),Analgesics,44,9.862,21.704,46.743,1.5,7,10.5,1.6895,weekly demand std / sqrt(7),0.95,7.35,17.85,38.85,0,NO_REORDER,LOW,Stock 44 is at or above the reorder point 17.9
BR004,MED083,Naproxen 250mg (HealthAxis Pharma),Analgesics,13,3.28,6.613,14.561,0.6071,7,4.25,0.7353,weekly demand std / sqrt(7),0.95,3.2,7.45,15.95,0,NO_REORDER,LOW,Stock 13 is at or above the reorder point 7.4
BR004,MED084,Naproxen 250mg (VitaCure Remedies),Analgesics,21,6.238,13.078,29.083,1.0,7,7.0,1.233,weekly demand std / sqrt(7),0.95,5.37,12.37,26.37,0,NO_REORDER,LOW,Stock 21 is at or above the reorder point 12.4
BR004,MED085,Naproxen 500mg,Analgesics,6,0.69,1.591,3.893,0.1786,7,1.25,0.2878,weekly demand std / sqrt(7),0.95,1.25,2.5,5.0,0,NO_REORDER,LOW,Stock 6 is at or above the reorder point 2.5
BR004,MED086,Naproxen 500mg (CarePlus Laboratories),Analgesics,148,43.665,91.555,185.422,6.2379,7,43.66,3.6304,weekly demand std / sqrt(7),0.95,15.8,59.46,146.79,0,NO_REORDER,LOW,Stock 148 is at or above the reorder point 59.5
BR004,MED087,Naproxen 500mg (LifeSpring Pharma),Analgesics,11,0.575,1.304,2.787,0.1429,7,1.0,0.2445,weekly demand std / sqrt(7),0.95,1.06,2.06,4.06,0,NO_REORDER,LOW,Stock 11 is at or above the reorder point 2.1
BR004,MED088,Naproxen 500mg (NovaMed Laboratories),Analgesics,16,0.382,0.872,2.122,0.0546,7,0.38,0.2316,weekly demand std / sqrt(7),0.95,1.01,1.39,2.15,0,NO_REORDER,LOW,Stock 16 is at or above the reorder point 1.4
BR004,MED091,Paracetamol 500mg (HealthAxis Pharma),Analgesics,25,11.795,24.878,53.42,1.8571,7,13.0,1.4261,weekly demand std / sqrt(7),0.95,6.21,19.21,45.21,0,NO_REORDER,LOW,Stock 25 is at or above the reorder point 19.2
BR004,MED092,Paracetamol 500mg (LifeSpring Pharma),Analgesics,7,1.538,3.347,7.566,0.4286,7,3.0,0.8277,weekly demand std / sqrt(7),0.95,3.6,6.6,12.6,0,NO_REORDER,LOW,Stock 7 is at or above the reorder point 6.6
BR004,MED093,Paracetamol 250mg,Analgesics,18,0.426,0.943,2.322,0.0609,7,0.43,0.2685,weekly demand std / sqrt(7),0.95,1.17,1.59,2.45,0,NO_REORDER,LOW,Stock 18 is at or above the reorder point 1.6
BR004,MED094,Paracetamol 250mg (Stellar Formulations),Analgesics,9,0.615,1.295,3.265,0.1071,7,0.75,0.4596,weekly demand std / sqrt(7),0.95,2.0,2.75,4.25,0,NO_REORDER,LOW,Stock 9 is at or above the reorder point 2.8
BR004,MED095,Amoxicillin 250mg,Antibiotics,7,2.119,4.646,11.157,0.3929,7,2.75,0.9682,weekly demand std / sqrt(7),0.95,4.21,6.96,12.46,0,NO_REORDER,LOW,Stock 7 is at or above the reorder point 7.0
BR004,MED096,Amoxicillin 250mg (CureLine Healthcare),Antibiotics,15,4.617,9.381,21.163,0.8214,7,5.75,1.1956,weekly demand std / sqrt(7),0.95,5.2,10.95,22.45,0,NO_REORDER,LOW,Stock 15 is at or above the reorder point 11.0
BR004,MED098,Amoxicillin 250mg (NovaMed Laboratories),Antibiotics,13,1.64,3.631,7.083,0.4286,7,3.0,1.0328,weekly demand std / sqrt(7),0.95,4.49,7.49,13.49,0,NO_REORDER,LOW,Stock 13 is at or above the reorder point 7.5
BR004,MED099,Amoxicillin 250mg (Stellar Formulations),Antibiotics,9,0.498,0.94,1.912,0.0711,7,0.5,0.3715,weekly demand std / sqrt(7),0.95,1.62,2.11,3.11,0,NO_REORDER,LOW,Stock 9 is at or above the reorder point 2.1
BR004,MED100,Amoxicillin 250mg (TrueLife Remedies),Antibiotics,5,0.483,1.02,2.176,0.1071,7,0.75,0.3753,weekly demand std / sqrt(7),0.95,1.63,2.38,3.88,0,NO_REORDER,LOW,Stock 5 is at or above the reorder point 2.4
BR004,MED101,Amoxicillin + Clavulanic Acid 625mg (CureLine Healthcare),Antibiotics,4,0.489,1.019,2.277,0.1429,7,1.0,0.2875,weekly demand std / sqrt(7),0.95,1.25,2.25,4.25,0,NO_REORDER,LOW,Stock 4 is at or above the reorder point 2.3
BR004,MED102,Amoxicillin + Clavulanic Acid 625mg (HealthAxis Pharma),Antibiotics,21,0.889,1.826,3.942,0.127,7,0.89,0.593,weekly demand std / sqrt(7),0.95,2.58,3.47,5.25,0,NO_REORDER,LOW,Stock 21 is at or above the reorder point 3.5
BR004,MED103,Amoxicillin + Clavulanic Acid 625mg (Stellar Formulations),Antibiotics,13,1.132,2.634,6.2,0.2857,7,2.0,0.4185,weekly demand std / sqrt(7),0.95,1.82,3.82,7.82,0,NO_REORDER,LOW,Stock 13 is at or above the reorder point 3.8
BR004,MED104,Amoxicillin + Clavulanic Acid 375mg,Antibiotics,26,13.981,28.622,60.537,2.1071,7,14.75,2.5124,weekly demand std / sqrt(7),0.95,10.93,25.68,55.18,0,NO_REORDER,LOW,Stock 26 is at or above the reorder point 25.7
BR004,MED105,Amoxicillin + Clavulanic Acid 375mg (NovaMed Laboratories),Antibiotics,63,12.054,25.877,53.687,1.7857,7,12.5,2.4495,weekly demand std / sqrt(7),0.95,10.66,23.16,48.16,0,NO_REORDER,LOW,Stock 63 is at or above the reorder point 23.2
BR004,MED107,Amoxicillin + Clavulanic Acid 375mg (TrueLife Remedies),Antibiotics,6,1.966,4.496,10.622,0.3929,7,2.75,0.532,weekly demand std / sqrt(7),0.95,2.32,5.07,10.57,0,NO_REORDER,LOW,Stock 6 is at or above the reorder point 5.1
BR004,MED109,Azithromycin 500mg (ApexLife Pharma),Antibiotics,10,1.86,4.115,8.592,0.2857,7,2.0,0.6325,weekly demand std / sqrt(7),0.95,2.75,4.75,8.75,0,NO_REORDER,LOW,Stock 10 is at or above the reorder point 4.8
BR004,MED110,Azithromycin 500mg (VitaCure Remedies),Antibiotics,7,0.503,1.076,2.257,0.1071,7,0.75,0.4574,weekly demand std / sqrt(7),0.95,1.99,2.74,4.24,0,NO_REORDER,LOW,Stock 7 is at or above the reorder point 2.7
BR004,MED111,Azithromycin 250mg,Antibiotics,9,0.493,0.997,2.098,0.0714,7,0.5,0.6235,weekly demand std / sqrt(7),0.95,2.71,3.21,4.21,0,NO_REORDER,LOW,Stock 9 is at or above the reorder point 3.2
BR004,MED112,Azithromycin 250mg (ApexLife Pharma),Antibiotics,10,0.764,1.284,3.346,0.1091,7,0.76,0.6839,weekly demand std / sqrt(7),0.95,2.98,3.74,5.27,0,NO_REORDER,LOW,Stock 10 is at or above the reorder point 3.7
BR004,MED113,Azithromycin 250mg (BlueCrest Pharma),Antibiotics,46,24.149,51.328,107.67,3.7143,7,26.0,3.276,weekly demand std / sqrt(7),0.95,14.26,40.26,92.26,0,NO_REORDER,LOW,Stock 46 is at or above the reorder point 40.3
BR004,MED114,Azithromycin 250mg (CarePlus Laboratories),Antibiotics,11,1.039,2.266,5.194,0.2143,7,1.5,0.5531,weekly demand std / sqrt(7),0.95,2.41,3.91,6.91,0,NO_REORDER,LOW,Stock 11 is at or above the reorder point 3.9
BR004,MED115,Azithromycin 250mg (CureLine Healthcare),Antibiotics,8,0.648,1.397,2.99,0.1429,7,1.0,0.3706,weekly demand std / sqrt(7),0.95,1.61,2.61,4.61,0,NO_REORDER,LOW,Stock 8 is at or above the reorder point 2.6
BR004,MED116,Azithromycin 250mg (HealthAxis Pharma),Antibiotics,11,1.038,1.917,4.249,0.1483,7,1.04,0.7029,weekly demand std / sqrt(7),0.95,3.06,4.1,6.17,0,NO_REORDER,LOW,Stock 11 is at or above the reorder point 4.1
BR004,MED117,Azithromycin 250mg (LifeSpring Pharma),Antibiotics,58,26.443,49.665,107.878,3.7776,7,26.44,4.3082,weekly demand std / sqrt(7),0.95,18.75,45.19,98.08,0,NO_REORDER,LOW,Stock 58 is at or above the reorder point 45.2
BR004,MED118,Azithromycin 250mg (NovaMed Laboratories),Antibiotics,11,0.859,1.897,3.665,0.1786,7,1.25,0.4068,weekly demand std / sqrt(7),0.95,1.77,3.02,5.52,0,NO_REORDER,LOW,Stock 11 is at or above the reorder point 3.0
BR004,MED119,Azithromycin 250mg (TrueLife Remedies),Antibiotics,6,0.611,1.196,2.799,0.1071,7,0.75,0.4398,weekly demand std / sqrt(7),0.95,1.91,2.66,4.16,0,NO_REORDER,LOW,Stock 6 is at or above the reorder point 2.7
BR004,MED120,Cefixime 200mg (ApexLife Pharma),Antibiotics,11,0.988,2.184,5.194,0.2143,7,1.5,0.5765,weekly demand std / sqrt(7),0.95,2.51,4.01,7.01,0,NO_REORDER,LOW,Stock 11 is at or above the reorder point 4.0
BR004,MED121,Cefixime 200mg (CureLine Healthcare),Antibiotics,7,0.653,1.286,2.593,0.0933,7,0.65,0.4143,weekly demand std / sqrt(7),0.95,1.8,2.46,3.76,0,NO_REORDER,LOW,Stock 7 is at or above the reorder point 2.5
BR004,MED122,Cefixime 200mg (NovaMed Laboratories),Antibiotics,16,2.535,5.391,11.603,0.3621,7,2.54,0.9027,weekly demand std / sqrt(7),0.95,3.93,6.46,11.53,0,NO_REORDER,LOW,Stock 16 is at or above the reorder point 6.5
BR004,MED123,Cefixime 200mg (Stellar Formulations),Antibiotics,8,0.36,0.734,1.688,0.0514,7,0.36,0.2282,weekly demand std / sqrt(7),0.95,0.99,1.35,2.07,0,NO_REORDER,LOW,Stock 8 is at or above the reorder point 1.4
BR004,MED124,Cefixime 100mg,Antibiotics,6,0.496,1.02,1.903,0.0714,7,0.5,0.4368,weekly demand std / sqrt(7),0.95,1.9,2.4,3.4,0,NO_REORDER,LOW,Stock 6 is at or above the reorder point 2.4
BR004,MED125,Cefixime 100mg (HealthAxis Pharma),Antibiotics,11,0.357,0.807,1.76,0.051,7,0.36,0.3013,weekly demand std / sqrt(7),0.95,1.31,1.67,2.38,0,NO_REORDER,LOW,Stock 11 is at or above the reorder point 1.7
BR004,MED126,Cefixime 100mg (NovaMed Laboratories),Antibiotics,12,0.5,1.017,1.686,0.0714,7,0.5,0.3586,weekly demand std / sqrt(7),0.95,1.56,2.06,3.06,0,NO_REORDER,LOW,Stock 12 is at or above the reorder point 2.1
BR004,MED128,Ciprofloxacin 500mg (BlueCrest Pharma),Antibiotics,14,0.396,0.98,2.015,0.0566,7,0.4,0.3013,weekly demand std / sqrt(7),0.95,1.31,1.71,2.5,0,NO_REORDER,LOW,Stock 14 is at or above the reorder point 1.7
BR004,MED129,Ciprofloxacin 250mg,Antibiotics,5,0.815,1.829,3.927,0.1786,7,1.25,0.4979,weekly demand std / sqrt(7),0.95,2.17,3.42,5.92,0,NO_REORDER,LOW,Stock 5 is at or above the reorder point 3.4
BR004,MED131,Doxycycline 100mg (Aarogya Formulations),Antibiotics,14,3.607,7.489,17.217,0.5714,7,4.0,0.9255,weekly demand std / sqrt(7),0.95,4.03,8.03,16.03,0,NO_REORDER,LOW,Stock 14 is at or above the reorder point 8.0
BR004,MED132,Doxycycline 100mg (ApexLife Pharma),Antibiotics,11,0.673,1.607,3.409,0.1786,7,1.25,0.5547,weekly demand std / sqrt(7),0.95,2.41,3.66,6.16,0,NO_REORDER,LOW,Stock 11 is at or above the reorder point 3.7
BR004,MED133,Doxycycline 100mg (HealthAxis Pharma),Antibiotics,3,0.657,1.343,3.552,0.1786,7,1.25,0.3419,weekly demand std / sqrt(7),0.95,1.49,2.74,5.24,0,NO_REORDER,LOW,Stock 3 is at or above the reorder point 2.7
BR004,MED134,Doxycycline 100mg (Summit Lifesciences),Antibiotics,5,1.452,2.747,6.025,0.2143,7,1.5,0.6523,weekly demand std / sqrt(7),0.95,2.84,4.34,7.34,0,NO_REORDER,LOW,Stock 5 is at or above the reorder point 4.3
BR004,MED135,Mefenamic Acid 250mg (ApexLife Pharma),Antipyretics,9,3.79,7.982,17.246,0.7143,7,5.0,0.8465,weekly demand std / sqrt(7),0.95,3.68,8.68,18.68,0,NO_REORDER,LOW,Stock 9 is at or above the reorder point 8.7
BR004,MED136,Mefenamic Acid 250mg (HealthAxis Pharma),Antipyretics,11,0.988,2.068,4.639,0.1786,7,1.25,0.4718,weekly demand std / sqrt(7),0.95,2.05,3.3,5.8,0,NO_REORDER,LOW,Stock 11 is at or above the reorder point 3.3
BR004,MED138,Mefenamic Acid 250mg (NovaMed Laboratories),Antipyretics,23,5.076,10.438,23.31,0.7251,7,5.08,0.9437,weekly demand std / sqrt(7),0.95,4.11,9.18,19.33,0,NO_REORDER,LOW,Stock 23 is at or above the reorder point 9.2
BR004,MED140,Mefenamic Acid 500mg (CureLine Healthcare),Antipyretics,8,2.93,5.725,13.743,0.5357,7,3.75,0.8455,weekly demand std / sqrt(7),0.95,3.68,7.43,14.93,0,NO_REORDER,LOW,Stock 8 is at or above the reorder point 7.4
BR004,MED141,Mefenamic Acid 500mg (HealthAxis Pharma),Antipyretics,9,0.622,1.282,2.623,0.1071,7,0.75,0.5923,weekly demand std / sqrt(7),0.95,2.58,3.33,4.83,0,NO_REORDER,LOW,Stock 9 is at or above the reorder point 3.3
BR004,MED143,Mefenamic Acid 500mg (LifeSpring Pharma),Antipyretics,11,0.487,1.075,2.024,0.0714,7,0.5,0.1944,weekly demand std / sqrt(7),0.95,0.85,1.35,2.35,0,NO_REORDER,LOW,Stock 11 is at or above the reorder point 1.3
BR004,MED144,Mefenamic Acid 500mg (NovaMed Laboratories),Antipyretics,28,10.981,21.217,44.982,1.6071,7,11.25,2.3538,weekly demand std / sqrt(7),0.95,10.24,21.49,43.99,0,NO_REORDER,LOW,Stock 28 is at or above the reorder point 21.5
BR004,MED145,Mefenamic Acid 500mg (Stellar Formulations),Antipyretics,7,0.512,1.1,2.379,0.1071,7,0.75,0.4299,weekly demand std / sqrt(7),0.95,1.87,2.62,4.12,0,NO_REORDER,LOW,Stock 7 is at or above the reorder point 2.6
BR004,MED146,Mefenamic Acid 500mg (Summit Lifesciences),Antipyretics,8,0.502,1.054,2.516,0.1071,7,0.75,0.5229,weekly demand std / sqrt(7),0.95,2.28,3.03,4.53,0,NO_REORDER,LOW,Stock 8 is at or above the reorder point 3.0
BR004,MED147,Mefenamic Acid 500mg (TrueLife Remedies),Antipyretics,9,0.682,1.2,2.905,0.0974,7,0.68,0.5271,weekly demand std / sqrt(7),0.95,2.29,2.98,4.34,0,NO_REORDER,LOW,Stock 9 is at or above the reorder point 3.0
BR004,MED148,Mefenamic Acid 500mg (VitaCure Remedies),Antipyretics,21,1.149,2.187,5.194,0.1641,7,1.15,0.5405,weekly demand std / sqrt(7),0.95,2.35,3.5,5.8,0,NO_REORDER,LOW,Stock 21 is at or above the reorder point 3.5
BR004,MED149,Paracetamol 650mg (Aarogya Formulations),Antipyretics,6,0.711,1.575,3.382,0.1786,7,1.25,0.7147,weekly demand std / sqrt(7),0.95,3.11,4.36,6.86,0,NO_REORDER,LOW,Stock 6 is at or above the reorder point 4.4
BR004,MED150,Paracetamol 650mg (CarePlus Laboratories),Antipyretics,11,0.71,1.632,3.235,0.1786,7,1.25,0.6026,weekly demand std / sqrt(7),0.95,2.62,3.87,6.37,0,NO_REORDER,LOW,Stock 11 is at or above the reorder point 3.9
BR004,MED151,Paracetamol Drops 100mg/ml (Aarogya Formulations),Antipyretics,9,1.708,3.456,7.969,0.3571,7,2.5,0.7647,weekly demand std / sqrt(7),0.95,3.33,5.83,10.83,0,NO_REORDER,LOW,Stock 9 is at or above the reorder point 5.8
BR004,MED152,Paracetamol Suspension 250mg/5ml (Aarogya Formulations),Antipyretics,24,2.067,3.952,10.151,0.3214,7,2.25,0.8564,weekly demand std / sqrt(7),0.95,3.73,5.98,10.48,0,NO_REORDER,LOW,Stock 24 is at or above the reorder point 6.0
BR004,MED153,Paracetamol Suspension 250mg/5ml (BlueCrest Pharma),Antipyretics,4,0.471,1.027,2.234,0.0673,7,0.47,0.4151,weekly demand std / sqrt(7),0.95,1.81,2.28,3.22,0,NO_REORDER,LOW,Stock 4 is at or above the reorder point 2.3
BR004,MED154,Paracetamol Suspension 250mg/5ml (CarePlus Laboratories),Antipyretics,12,1.321,2.625,5.929,0.1887,7,1.32,0.7029,weekly demand std / sqrt(7),0.95,3.06,4.38,7.02,0,NO_REORDER,LOW,Stock 12 is at or above the reorder point 4.4
BR004,MED156,Paracetamol Suspension 250mg/5ml (TrueLife Remedies),Antipyretics,10,0.521,1.017,2.401,0.0744,7,0.52,0.3967,weekly demand std / sqrt(7),0.95,1.73,2.25,3.29,0,NO_REORDER,LOW,Stock 10 is at or above the reorder point 2.2
BR004,MED157,Paracetamol Suspension 125mg/5ml,Antipyretics,10,0.519,0.961,2.109,0.0741,7,0.52,0.441,weekly demand std / sqrt(7),0.95,1.92,2.44,3.48,0,NO_REORDER,LOW,Stock 10 is at or above the reorder point 2.4
BR004,MED160,Paracetamol Suspension 125mg/5ml (TrueLife Remedies),Antipyretics,8,1.042,1.967,4.274,0.1489,7,1.04,0.5372,weekly demand std / sqrt(7),0.95,2.34,3.38,5.46,0,NO_REORDER,LOW,Stock 8 is at or above the reorder point 3.4
BR004,MED161,Paracetamol Suspension 125mg/5ml (VitaCure Remedies),Antipyretics,5,0.938,2.22,5.362,0.2857,7,2.0,0.6256,weekly demand std / sqrt(7),0.95,2.72,4.72,8.72,0,NO_REORDER,LOW,Stock 5 is at or above the reorder point 4.7
BR004,MED164,Cetirizine 10mg (LifeSpring Pharma),Antihistamines,9,1.305,2.664,6.478,0.25,7,1.75,0.4596,weekly demand std / sqrt(7),0.95,2.0,3.75,7.25,0,NO_REORDER,LOW,Stock 9 is at or above the reorder point 3.8
BR004,MED165,Cetirizine 10mg (Stellar Formulations),Antihistamines,13,3.952,7.672,19.692,0.5714,7,4.0,1.1229,weekly demand std / sqrt(7),0.95,4.89,8.89,16.89,0,NO_REORDER,LOW,Stock 13 is at or above the reorder point 8.9
BR004,MED166,Cetirizine 10mg (Summit Lifesciences),Antihistamines,9,1.184,2.45,5.825,0.2857,7,2.0,0.7636,weekly demand std / sqrt(7),0.95,3.32,5.32,9.32,0,NO_REORDER,LOW,Stock 9 is at or above the reorder point 5.3
BR004,MED168,Cetirizine 5mg,Antihistamines,5,1.1,2.472,5.95,0.25,7,1.75,0.6228,weekly demand std / sqrt(7),0.95,2.71,4.46,7.96,0,NO_REORDER,LOW,Stock 5 is at or above the reorder point 4.5
BR004,MED170,Cetirizine 5mg (CureLine Healthcare),Antihistamines,5,0.321,0.687,1.333,0.0459,7,0.32,0.2463,weekly demand std / sqrt(7),0.95,1.07,1.39,2.03,0,NO_REORDER,LOW,Stock 5 is at or above the reorder point 1.4
BR004,MED172,Cetirizine 5mg (Summit Lifesciences),Antihistamines,15,0.797,1.723,4.38,0.1139,7,0.8,0.4781,weekly demand std / sqrt(7),0.95,2.08,2.88,4.47,0,NO_REORDER,LOW,Stock 15 is at or above the reorder point 2.9
BR004,MED173,Cetirizine 5mg (TrueLife Remedies),Antihistamines,71,36.247,72.9,164.97,5.25,7,36.75,2.4495,weekly demand std / sqrt(7),0.95,10.66,47.41,120.91,0,NO_REORDER,LOW,Stock 71 is at or above the reorder point 47.4
BR004,MED174,Cetirizine 5mg (VitaCure Remedies),Antihistamines,11,0.474,0.966,2.225,0.0714,7,0.5,0.2817,weekly demand std / sqrt(7),0.95,1.23,1.73,2.73,0,NO_REORDER,LOW,Stock 11 is at or above the reorder point 1.7
BR004,MED175,Chlorpheniramine 4mg (ApexLife Pharma),Antihistamines,13,0.363,0.953,2.064,0.0519,7,0.36,0.2377,weekly demand std / sqrt(7),0.95,1.03,1.4,2.12,0,NO_REORDER,LOW,Stock 13 is at or above the reorder point 1.4
BR004,MED176,Chlorpheniramine 4mg (BlueCrest Pharma),Antihistamines,35,0.726,1.195,4.392,0.1429,7,1.0,0.4235,weekly demand std / sqrt(7),0.95,1.84,2.84,4.84,0,NO_REORDER,LOW,Stock 35 is at or above the reorder point 2.8
BR004,MED177,Chlorpheniramine 4mg (CarePlus Laboratories),Antihistamines,15,0.386,0.984,2.09,0.0551,7,0.39,0.3891,weekly demand std / sqrt(7),0.95,1.69,2.08,2.85,0,NO_REORDER,LOW,Stock 15 is at or above the reorder point 2.1
BR004,MED178,Chlorpheniramine 4mg (HealthAxis Pharma),Antihistamines,10,1.165,2.459,5.722,0.1786,7,1.25,0.596,weekly demand std / sqrt(7),0.95,2.59,3.84,6.34,0,NO_REORDER,LOW,Stock 10 is at or above the reorder point 3.8
BR004,MED179,Chlorpheniramine 4mg (LifeSpring Pharma),Antihistamines,14,1.556,3.757,7.81,0.25,7,1.75,0.5969,weekly demand std / sqrt(7),0.95,2.6,4.35,7.85,0,NO_REORDER,LOW,Stock 14 is at or above the reorder point 4.3
BR004,MED180,Chlorpheniramine 4mg (VitaCure Remedies),Antihistamines,10,0.392,0.808,2.081,0.056,7,0.39,0.2781,weekly demand std / sqrt(7),0.95,1.21,1.6,2.39,0,NO_REORDER,LOW,Stock 10 is at or above the reorder point 1.6
BR004,MED181,Fexofenadine 120mg (ApexLife Pharma),Antihistamines,11,1.316,2.837,6.606,0.3214,7,2.25,0.5189,weekly demand std / sqrt(7),0.95,2.26,4.51,9.01,0,NO_REORDER,LOW,Stock 11 is at or above the reorder point 4.5
BR004,MED182,Fexofenadine 120mg (BlueCrest Pharma),Antihistamines,25,5.334,11.448,25.717,0.762,7,5.33,0.9391,weekly demand std / sqrt(7),0.95,4.09,9.42,20.09,0,NO_REORDER,LOW,Stock 25 is at or above the reorder point 9.4
BR004,MED183,Fexofenadine 120mg (CureLine Healthcare),Antihistamines,15,1.093,2.418,6.023,0.25,7,1.75,0.6545,weekly demand std / sqrt(7),0.95,2.85,4.6,8.1,0,NO_REORDER,LOW,Stock 15 is at or above the reorder point 4.6
BR004,MED184,Fexofenadine 120mg (LifeSpring Pharma),Antihistamines,19,0.526,1.294,3.06,0.0751,7,0.53,0.447,weekly demand std / sqrt(7),0.95,1.95,2.47,3.52,0,NO_REORDER,LOW,Stock 19 is at or above the reorder point 2.5
BR004,MED185,Fexofenadine 120mg (TrueLife Remedies),Antihistamines,16,0.389,1.098,2.128,0.0556,7,0.39,0.1944,weekly demand std / sqrt(7),0.95,0.85,1.24,2.01,0,NO_REORDER,LOW,Stock 16 is at or above the reorder point 1.2
BR004,MED187,Fexofenadine 180mg (CureLine Healthcare),Antihistamines,11,0.357,0.738,1.779,0.051,7,0.36,0.617,weekly demand std / sqrt(7),0.95,2.69,3.04,3.76,0,NO_REORDER,LOW,Stock 11 is at or above the reorder point 3.0
BR004,MED188,Fexofenadine 180mg (HealthAxis Pharma),Antihistamines,3,0.47,1.007,2.444,0.1071,7,0.75,0.4044,weekly demand std / sqrt(7),0.95,1.76,2.51,4.01,0,NO_REORDER,LOW,Stock 3 is at or above the reorder point 2.5
BR004,MED189,Fexofenadine 180mg (TrueLife Remedies),Antihistamines,15,0.641,1.467,3.327,0.0916,7,0.64,0.3248,weekly demand std / sqrt(7),0.95,1.41,2.05,3.34,0,NO_REORDER,LOW,Stock 15 is at or above the reorder point 2.1
BR004,MED190,Levocetirizine 5mg (Aarogya Formulations),Antihistamines,14,0.937,2.239,4.673,0.1429,7,1.0,0.6947,weekly demand std / sqrt(7),0.95,3.02,4.02,6.02,0,NO_REORDER,LOW,Stock 14 is at or above the reorder point 4.0
BR004,MED192,Levocetirizine 5mg (CureLine Healthcare),Antihistamines,7,0.613,1.362,2.93,0.0876,7,0.61,0.3435,weekly demand std / sqrt(7),0.95,1.5,2.11,3.33,0,NO_REORDER,LOW,Stock 7 is at or above the reorder point 2.1
BR004,MED193,Levocetirizine 5mg (LifeSpring Pharma),Antihistamines,19,1.293,2.899,7.03,0.1847,7,1.29,0.3261,weekly demand std / sqrt(7),0.95,1.42,2.71,5.3,0,NO_REORDER,LOW,Stock 19 is at or above the reorder point 2.7
BR004,MED195,Levocetirizine 5mg (VitaCure Remedies),Antihistamines,13,0.741,1.705,4.361,0.1059,7,0.74,0.3583,weekly demand std / sqrt(7),0.95,1.56,2.3,3.78,0,NO_REORDER,LOW,Stock 13 is at or above the reorder point 2.3
BR004,MED196,Levocetirizine 2.5mg,Antihistamines,15,0.386,0.984,2.09,0.0551,7,0.39,0.2606,weekly demand std / sqrt(7),0.95,1.13,1.52,2.29,0,NO_REORDER,LOW,Stock 15 is at or above the reorder point 1.5
BR004,MED197,Levocetirizine 2.5mg (LifeSpring Pharma),Antihistamines,19,5.173,10.336,23.252,0.739,7,5.17,1.0854,weekly demand std / sqrt(7),0.95,4.72,9.9,20.24,0,NO_REORDER,LOW,Stock 19 is at or above the reorder point 9.9
BR004,MED198,Levocetirizine 2.5mg (Stellar Formulations),Antihistamines,11,0.552,1.209,3.071,0.1071,7,0.75,0.2635,weekly demand std / sqrt(7),0.95,1.15,1.9,3.4,0,NO_REORDER,LOW,Stock 11 is at or above the reorder point 1.9
BR004,MED199,Montelukast + Levocetirizine 10mg/5mg (Aarogya Formulations),Antihistamines,10,0.402,0.837,2.05,0.0574,7,0.4,0.2656,weekly demand std / sqrt(7),0.95,1.16,1.56,2.36,0,NO_REORDER,LOW,Stock 10 is at or above the reorder point 1.6
BR004,MED200,Montelukast + Levocetirizine 10mg/5mg (HealthAxis Pharma),Antihistamines,15,3.772,7.736,17.21,0.5714,7,4.0,0.8772,weekly demand std / sqrt(7),0.95,3.82,7.82,15.82,0,NO_REORDER,LOW,Stock 15 is at or above the reorder point 7.8
BR004,MED201,Montelukast + Levocetirizine 10mg/5mg (NovaMed Laboratories),Antihistamines,17,1.327,3.004,7.491,0.2143,7,1.5,0.6262,weekly demand std / sqrt(7),0.95,2.73,4.23,7.23,0,NO_REORDER,LOW,Stock 17 is at or above the reorder point 4.2
BR004,MED203,Montelukast + Levocetirizine 10mg/5mg (TrueLife Remedies),Antihistamines,10,0.806,1.611,4.357,0.1429,7,1.0,0.538,weekly demand std / sqrt(7),0.95,2.34,3.34,5.34,0,NO_REORDER,LOW,Stock 10 is at or above the reorder point 3.3
BR004,MED204,Montelukast + Levocetirizine 10mg/5mg (VitaCure Remedies),Antihistamines,12,1.874,4.171,9.893,0.3571,7,2.5,0.5833,weekly demand std / sqrt(7),0.95,2.54,5.04,10.04,0,NO_REORDER,LOW,Stock 12 is at or above the reorder point 5.0
BR004,MED205,Domperidone 10mg (BlueCrest Pharma),Gastrointestinal,15,4.544,9.545,20.958,0.7143,7,5.0,1.2664,weekly demand std / sqrt(7),0.95,5.51,10.51,20.51,0,NO_REORDER,LOW,Stock 15 is at or above the reorder point 10.5
BR004,MED206,Domperidone 10mg (CarePlus Laboratories),Gastrointestinal,23,7.226,14.17,31.747,1.3214,7,9.25,1.2986,weekly demand std / sqrt(7),0.95,5.65,14.9,33.4,0,NO_REORDER,LOW,Stock 23 is at or above the reorder point 14.9
BR004,MED207,Domperidone 10mg (CureLine Healthcare),Gastrointestinal,14,1.153,2.514,5.491,0.2143,7,1.5,0.78,weekly demand std / sqrt(7),0.95,3.39,4.89,7.89,0,NO_REORDER,LOW,Stock 14 is at or above the reorder point 4.9
BR004,MED208,Domperidone 10mg (HealthAxis Pharma),Gastrointestinal,11,0.475,1.177,2.456,0.0679,7,0.48,0.3238,weekly demand std / sqrt(7),0.95,1.41,1.88,2.83,0,NO_REORDER,LOW,Stock 11 is at or above the reorder point 1.9
BR004,MED209,Domperidone 10mg (LifeSpring Pharma),Gastrointestinal,9,0.459,1.073,2.538,0.0714,7,0.5,0.5118,weekly demand std / sqrt(7),0.95,2.23,2.73,3.73,0,NO_REORDER,LOW,Stock 9 is at or above the reorder point 2.7
BR004,MED210,Domperidone 10mg (NovaMed Laboratories),Gastrointestinal,8,1.412,3.074,7.196,0.3214,7,2.25,0.7366,weekly demand std / sqrt(7),0.95,3.21,5.46,9.96,0,NO_REORDER,LOW,Stock 8 is at or above the reorder point 5.5
BR004,MED211,Loperamide 2mg (Aarogya Formulations),Gastrointestinal,14,0.925,1.963,4.386,0.1429,7,1.0,0.3197,weekly demand std / sqrt(7),0.95,1.39,2.39,4.39,0,NO_REORDER,LOW,Stock 14 is at or above the reorder point 2.4
BR004,MED212,Loperamide 2mg (BlueCrest Pharma),Gastrointestinal,7,0.634,1.529,2.935,0.2143,7,1.5,0.5501,weekly demand std / sqrt(7),0.95,2.39,3.89,6.89,0,NO_REORDER,LOW,Stock 7 is at or above the reorder point 3.9
BR004,MED213,Loperamide 2mg (LifeSpring Pharma),Gastrointestinal,5,0.526,1.236,3.114,0.1429,7,1.0,0.4596,weekly demand std / sqrt(7),0.95,2.0,3.0,5.0,0,NO_REORDER,LOW,Stock 5 is at or above the reorder point 3.0
BR004,MED214,Omeprazole 20mg (Aarogya Formulations),Gastrointestinal,8,0.443,1.109,2.762,0.1071,7,0.75,0.3221,weekly demand std / sqrt(7),0.95,1.4,2.15,3.65,0,NO_REORDER,LOW,Stock 8 is at or above the reorder point 2.2
BR004,MED215,Omeprazole 20mg (CarePlus Laboratories),Gastrointestinal,17,3.576,7.296,15.365,0.5109,7,3.58,1.4979,weekly demand std / sqrt(7),0.95,6.52,10.09,17.25,0,NO_REORDER,LOW,Stock 17 is at or above the reorder point 10.1
BR004,MED216,Omeprazole 20mg (CureLine Healthcare),Gastrointestinal,9,0.425,1.043,2.406,0.0607,7,0.42,0.3371,weekly demand std / sqrt(7),0.95,1.47,1.89,2.74,0,NO_REORDER,LOW,Stock 9 is at or above the reorder point 1.9
BR004,MED217,Omeprazole 20mg (HealthAxis Pharma),Gastrointestinal,12,0.378,0.746,1.805,0.054,7,0.38,0.3013,weekly demand std / sqrt(7),0.95,1.31,1.69,2.45,0,NO_REORDER,LOW,Stock 12 is at or above the reorder point 1.7
BR004,MED218,Omeprazole 20mg (LifeSpring Pharma),Gastrointestinal,9,0.776,1.58,3.671,0.1109,7,0.78,0.7372,weekly demand std / sqrt(7),0.95,3.21,3.98,5.54,0,NO_REORDER,LOW,Stock 9 is at or above the reorder point 4.0
BR004,MED219,Omeprazole 20mg (TrueLife Remedies),Gastrointestinal,18,6.401,13.406,30.31,1.4643,7,10.25,1.208,weekly demand std / sqrt(7),0.95,5.26,15.51,36.01,0,NO_REORDER,LOW,Stock 18 is at or above the reorder point 15.5
BR004,MED220,Omeprazole 20mg (VitaCure Remedies),Gastrointestinal,13,0.471,1.042,2.392,0.0673,7,0.47,0.3753,weekly demand std / sqrt(7),0.95,1.63,2.1,3.05,0,NO_REORDER,LOW,Stock 13 is at or above the reorder point 2.1
BR004,MED222,Omeprazole 40mg (ApexLife Pharma),Gastrointestinal,14,4.275,9.161,20.562,0.7143,7,5.0,1.0866,weekly demand std / sqrt(7),0.95,4.73,9.73,19.73,0,NO_REORDER,LOW,Stock 14 is at or above the reorder point 9.7
BR004,MED223,Omeprazole 40mg (LifeSpring Pharma),Gastrointestinal,17,4.313,8.582,18.478,0.6161,7,4.31,1.0938,weekly demand std / sqrt(7),0.95,4.76,9.07,17.7,0,NO_REORDER,LOW,Stock 17 is at or above the reorder point 9.1
BR004,MED224,Omeprazole 40mg (Summit Lifesciences),Gastrointestinal,10,2.992,6.568,14.657,0.5,7,3.5,1.0403,weekly demand std / sqrt(7),0.95,4.53,8.03,15.03,0,NO_REORDER,LOW,Stock 10 is at or above the reorder point 8.0
BR004,MED225,Omeprazole 40mg (TrueLife Remedies),Gastrointestinal,6,0.699,1.412,2.95,0.2143,7,1.5,0.5657,weekly demand std / sqrt(7),0.95,2.46,3.96,6.96,0,NO_REORDER,LOW,Stock 6 is at or above the reorder point 4.0
BR004,MED226,Ondansetron 4mg (Aarogya Formulations),Gastrointestinal,11,1.709,3.155,6.817,0.25,7,1.75,0.9811,weekly demand std / sqrt(7),0.95,4.27,6.02,9.52,0,NO_REORDER,LOW,Stock 11 is at or above the reorder point 6.0
BR004,MED227,Ondansetron 4mg (BlueCrest Pharma),Gastrointestinal,12,0.378,0.746,1.805,0.054,7,0.38,0.2377,weekly demand std / sqrt(7),0.95,1.03,1.41,2.17,0,NO_REORDER,LOW,Stock 12 is at or above the reorder point 1.4
BR004,MED228,Ondansetron 4mg (CarePlus Laboratories),Gastrointestinal,22,0.886,1.859,4.279,0.1266,7,0.89,0.3248,weekly demand std / sqrt(7),0.95,1.41,2.3,4.07,0,NO_REORDER,LOW,Stock 22 is at or above the reorder point 2.3
BR004,MED229,Ondansetron 4mg (CureLine Healthcare),Gastrointestinal,15,0.593,1.293,2.97,0.0847,7,0.59,0.3305,weekly demand std / sqrt(7),0.95,1.44,2.03,3.22,0,NO_REORDER,LOW,Stock 15 is at or above the reorder point 2.0
BR004,MED230,Ondansetron 4mg (LifeSpring Pharma),Gastrointestinal,11,0.717,1.572,3.651,0.1024,7,0.72,0.2199,weekly demand std / sqrt(7),0.95,0.96,1.67,3.11,0,NO_REORDER,LOW,Stock 11 is at or above the reorder point 1.7
BR004,MED232,Ondansetron 4mg (Stellar Formulations),Gastrointestinal,9,0.755,1.789,4.081,0.2143,7,1.5,0.6585,weekly demand std / sqrt(7),0.95,2.87,4.37,7.37,0,NO_REORDER,LOW,Stock 9 is at or above the reorder point 4.4
BR004,MED233,Ondansetron 4mg (Summit Lifesciences),Gastrointestinal,16,0.994,2.213,4.562,0.1786,7,1.25,0.3989,weekly demand std / sqrt(7),0.95,1.74,2.99,5.49,0,NO_REORDER,LOW,Stock 16 is at or above the reorder point 3.0
BR004,MED234,Ondansetron 4mg (VitaCure Remedies),Gastrointestinal,22,6.665,13.82,30.413,1.1429,7,8.0,1.3193,weekly demand std / sqrt(7),0.95,5.74,13.74,29.74,0,NO_REORDER,LOW,Stock 22 is at or above the reorder point 13.7
BR004,MED235,Ondansetron 8mg,Gastrointestinal,7,0.822,1.806,3.947,0.1786,7,1.25,0.6228,weekly demand std / sqrt(7),0.95,2.71,3.96,6.46,0,NO_REORDER,LOW,Stock 7 is at or above the reorder point 4.0
BR004,MED236,Ondansetron 8mg (LifeSpring Pharma),Gastrointestinal,87,34.443,71.465,155.487,4.9286,7,34.5,3.3722,weekly demand std / sqrt(7),0.95,14.68,49.18,118.18,0,NO_REORDER,LOW,Stock 87 is at or above the reorder point 49.2
BR004,MED237,Ondansetron 8mg (TrueLife Remedies),Gastrointestinal,10,0.434,1.06,2.472,0.062,7,0.43,0.4276,weekly demand std / sqrt(7),0.95,1.86,2.29,3.16,0,NO_REORDER,LOW,Stock 10 is at or above the reorder point 2.3
BR004,MED240,ORS Powder 21.8g (LifeSpring Pharma),Gastrointestinal,9,1.326,2.865,7.515,0.3571,7,2.5,0.7596,weekly demand std / sqrt(7),0.95,3.31,5.81,10.81,0,NO_REORDER,LOW,Stock 9 is at or above the reorder point 5.8
BR004,MED241,ORS Powder 21.8g (Stellar Formulations),Gastrointestinal,30,10.431,21.461,47.478,1.8929,7,13.25,1.8881,weekly demand std / sqrt(7),0.95,8.22,21.47,47.97,0,NO_REORDER,LOW,Stock 30 is at or above the reorder point 21.5
BR004,MED242,ORS Powder 21.8g (Summit Lifesciences),Gastrointestinal,8,0.407,0.965,2.25,0.0581,7,0.41,0.3248,weekly demand std / sqrt(7),0.95,1.41,1.82,2.63,0,NO_REORDER,LOW,Stock 8 is at or above the reorder point 1.8
BR004,MED243,ORS Powder 21.8g (TrueLife Remedies),Gastrointestinal,14,0.48,0.992,2.247,0.0686,7,0.48,0.5161,weekly demand std / sqrt(7),0.95,2.25,2.73,3.69,0,NO_REORDER,LOW,Stock 14 is at or above the reorder point 2.7
BR004,MED244,ORS Powder 21.8g (VitaCure Remedies),Gastrointestinal,9,0.766,1.728,3.963,0.1429,7,1.0,0.7087,weekly demand std / sqrt(7),0.95,3.08,4.08,6.08,0,NO_REORDER,LOW,Stock 9 is at or above the reorder point 4.1
BR004,MED246,Pantoprazole 40mg (CarePlus Laboratories),Gastrointestinal,12,0.984,1.95,4.563,0.1429,7,1.0,0.5782,weekly demand std / sqrt(7),0.95,2.52,3.52,5.52,0,NO_REORDER,LOW,Stock 12 is at or above the reorder point 3.5
BR004,MED247,Pantoprazole 40mg (NovaMed Laboratories),Gastrointestinal,21,5.684,11.388,26.067,0.812,7,5.68,0.8852,weekly demand std / sqrt(7),0.95,3.85,9.54,20.9,0,NO_REORDER,LOW,Stock 21 is at or above the reorder point 9.5
BR004,MED248,Pantoprazole 40mg (TrueLife Remedies),Gastrointestinal,7,0.653,1.416,3.096,0.1071,7,0.75,0.2431,weekly demand std / sqrt(7),0.95,1.06,1.81,3.31,0,NO_REORDER,LOW,Stock 7 is at or above the reorder point 1.8
BR004,MED249,Pantoprazole 20mg,Gastrointestinal,17,5.111,11.416,26.349,1.25,7,8.75,1.4832,weekly demand std / sqrt(7),0.95,6.45,15.2,32.7,0,NO_REORDER,LOW,Stock 17 is at or above the reorder point 15.2
BR004,MED250,Pantoprazole 20mg (ApexLife Pharma),Gastrointestinal,12,1.427,3.164,7.805,0.3571,7,2.5,0.7383,weekly demand std / sqrt(7),0.95,3.21,5.71,10.71,0,NO_REORDER,LOW,Stock 12 is at or above the reorder point 5.7
BR004,MED251,Pantoprazole 20mg (BlueCrest Pharma),Gastrointestinal,13,0.754,1.562,3.809,0.1077,7,0.75,0.5665,weekly demand std / sqrt(7),0.95,2.47,3.22,4.73,0,NO_REORDER,LOW,Stock 13 is at or above the reorder point 3.2
BR004,MED252,Pantoprazole 20mg (CarePlus Laboratories),Gastrointestinal,12,0.471,1.044,2.377,0.0673,7,0.47,0.4046,weekly demand std / sqrt(7),0.95,1.76,2.23,3.17,0,NO_REORDER,LOW,Stock 12 is at or above the reorder point 2.2
BR004,MED253,Pantoprazole 20mg (Stellar Formulations),Gastrointestinal,13,0.577,1.227,2.786,0.1071,7,0.75,0.3655,weekly demand std / sqrt(7),0.95,1.59,2.34,3.84,0,NO_REORDER,LOW,Stock 13 is at or above the reorder point 2.3
BR004,MED254,Pantoprazole 20mg (Summit Lifesciences),Gastrointestinal,6,0.49,0.994,1.989,0.07,7,0.49,0.7647,weekly demand std / sqrt(7),0.95,3.33,3.82,4.8,0,NO_REORDER,LOW,Stock 6 is at or above the reorder point 3.8
BR004,MED255,Pantoprazole 20mg (VitaCure Remedies),Gastrointestinal,31,0.586,1.268,3.169,0.0837,7,0.59,0.3573,weekly demand std / sqrt(7),0.95,1.56,2.14,3.31,0,NO_REORDER,LOW,Stock 31 is at or above the reorder point 2.1
BR004,MED258,Amlodipine 5mg (NovaMed Laboratories),Cardiovascular,12,0.574,1.286,3.015,0.1071,7,0.75,0.7066,weekly demand std / sqrt(7),0.95,3.08,3.83,5.33,0,NO_REORDER,LOW,Stock 12 is at or above the reorder point 3.8
BR004,MED259,Amlodipine 5mg (Stellar Formulations),Cardiovascular,12,0.53,1.248,3.081,0.0757,7,0.53,0.6228,weekly demand std / sqrt(7),0.95,2.71,3.24,4.3,0,NO_REORDER,LOW,Stock 12 is at or above the reorder point 3.2
BR004,MED260,Amlodipine 5mg (VitaCure Remedies),Cardiovascular,11,0.546,1.16,2.623,0.078,7,0.55,0.3992,weekly demand std / sqrt(7),0.95,1.74,2.28,3.38,0,NO_REORDER,LOW,Stock 11 is at or above the reorder point 2.3
BR004,MED261,Amlodipine 2.5mg,Cardiovascular,9,0.666,1.484,3.906,0.1071,7,0.75,0.7118,weekly demand std / sqrt(7),0.95,3.1,3.85,5.35,0,NO_REORDER,LOW,Stock 9 is at or above the reorder point 3.8
BR004,MED262,Amlodipine 2.5mg (LifeSpring Pharma),Cardiovascular,20,1.177,2.838,6.488,0.25,7,1.75,0.8584,weekly demand std / sqrt(7),0.95,3.74,5.49,8.99,0,NO_REORDER,LOW,Stock 20 is at or above the reorder point 5.5
BR004,MED264,Amlodipine 2.5mg (Summit Lifesciences),Cardiovascular,32,9.113,18.773,41.737,1.5,7,10.5,1.7136,weekly demand std / sqrt(7),0.95,7.46,17.96,38.96,0,NO_REORDER,LOW,Stock 32 is at or above the reorder point 18.0
BR004,MED265,Amlodipine 2.5mg (TrueLife Remedies),Cardiovascular,68,15.444,31.702,68.872,2.2857,7,16.0,2.4984,weekly demand std / sqrt(7),0.95,10.87,26.87,58.87,0,NO_REORDER,LOW,Stock 68 is at or above the reorder point 26.9
BR004,MED266,Amlodipine 2.5mg (VitaCure Remedies),Cardiovascular,5,0.383,0.82,2.046,0.1071,7,0.75,0.7171,weekly demand std / sqrt(7),0.95,3.12,3.87,5.37,0,NO_REORDER,LOW,Stock 5 is at or above the reorder point 3.9
BR004,MED267,Amlodipine 10mg,Cardiovascular,15,0.884,2.002,4.638,0.1263,7,0.88,0.3573,weekly demand std / sqrt(7),0.95,1.56,2.44,4.21,0,NO_REORDER,LOW,Stock 15 is at or above the reorder point 2.4
BR004,MED268,Amlodipine 10mg (LifeSpring Pharma),Cardiovascular,11,0.546,1.16,2.623,0.078,7,0.55,0.4565,weekly demand std / sqrt(7),0.95,1.99,2.53,3.62,0,NO_REORDER,LOW,Stock 11 is at or above the reorder point 2.5
BR004,MED270,Aspirin 75mg (Aarogya Formulations),Cardiovascular,34,9.379,19.789,42.586,1.5,7,10.5,1.6345,weekly demand std / sqrt(7),0.95,7.11,17.61,38.61,0,NO_REORDER,LOW,Stock 34 is at or above the reorder point 17.6
BR004,MED272,Aspirin 75mg (BlueCrest Pharma),Cardiovascular,62,28.557,56.3,122.651,4.1071,7,28.75,4.1422,weekly demand std / sqrt(7),0.95,18.03,46.78,104.28,0,NO_REORDER,LOW,Stock 62 is at or above the reorder point 46.8
BR004,MED273,Aspirin 75mg (CureLine Healthcare),Cardiovascular,19,2.408,4.951,10.993,0.3571,7,2.5,1.176,weekly demand std / sqrt(7),0.95,5.12,7.62,12.62,0,NO_REORDER,LOW,Stock 19 is at or above the reorder point 7.6
BR004,MED274,Aspirin 75mg (LifeSpring Pharma),Cardiovascular,18,0.452,1.013,2.285,0.0646,7,0.45,0.2685,weekly demand std / sqrt(7),0.95,1.17,1.62,2.52,0,NO_REORDER,LOW,Stock 18 is at or above the reorder point 1.6
BR004,MED275,Aspirin 75mg (NovaMed Laboratories),Cardiovascular,25,0.761,1.675,3.195,0.1087,7,0.76,0.2377,weekly demand std / sqrt(7),0.95,1.03,1.8,3.32,0,NO_REORDER,LOW,Stock 25 is at or above the reorder point 1.8
BR004,MED276,Aspirin 75mg (Stellar Formulations),Cardiovascular,58,10.284,22.263,48.257,1.4691,7,10.28,1.8292,weekly demand std / sqrt(7),0.95,7.96,18.24,38.81,0,NO_REORDER,LOW,Stock 58 is at or above the reorder point 18.2
BR004,MED277,Aspirin 150mg,Cardiovascular,7,0.532,1.053,2.731,0.076,7,0.53,0.3583,weekly demand std / sqrt(7),0.95,1.56,2.09,3.16,0,NO_REORDER,LOW,Stock 7 is at or above the reorder point 2.1
BR004,MED278,Aspirin 150mg (CarePlus Laboratories),Cardiovascular,22,5.633,11.407,25.225,0.8047,7,5.63,0.9918,weekly demand std / sqrt(7),0.95,4.32,9.95,21.22,0,NO_REORDER,LOW,Stock 22 is at or above the reorder point 9.9
BR004,MED279,Aspirin 150mg (Summit Lifesciences),Cardiovascular,19,0.7,1.679,3.128,0.1,7,0.7,0.3846,weekly demand std / sqrt(7),0.95,1.67,2.37,3.77,0,NO_REORDER,LOW,Stock 19 is at or above the reorder point 2.4
BR004,MED280,Aspirin 150mg (TrueLife Remedies),Cardiovascular,16,6.549,14.302,32.932,1.1786,7,8.25,1.6345,weekly demand std / sqrt(7),0.95,7.11,15.36,31.86,0,NO_REORDER,LOW,Stock 16 is at or above the reorder point 15.4
BR004,MED281,Atorvastatin 10mg (Aarogya Formulations),Cardiovascular,8,0.698,1.561,3.97,0.2143,7,1.5,0.7056,weekly demand std / sqrt(7),0.95,3.07,4.57,7.57,0,NO_REORDER,LOW,Stock 8 is at or above the reorder point 4.6
BR004,MED282,Atorvastatin 10mg (ApexLife Pharma),Cardiovascular,17,1.752,4.691,10.775,0.3571,7,2.5,0.776,weekly demand std / sqrt(7),0.95,3.38,5.88,10.88,0,NO_REORDER,LOW,Stock 17 is at or above the reorder point 5.9
BR004,MED283,Atorvastatin 10mg (LifeSpring Pharma),Cardiovascular,14,3.861,8.091,18.806,0.6786,7,4.75,1.5266,weekly demand std / sqrt(7),0.95,6.64,11.39,20.89,0,NO_REORDER,LOW,Stock 14 is at or above the reorder point 11.4
BR004,MED284,Atorvastatin 10mg (Summit Lifesciences),Cardiovascular,36,8.068,17.95,38.782,1.1526,7,8.07,2.0077,weekly demand std / sqrt(7),0.95,8.74,16.81,32.94,0,NO_REORDER,LOW,Stock 36 is at or above the reorder point 16.8
BR004,MED285,Atorvastatin 20mg,Cardiovascular,11,2.656,5.624,12.288,0.5714,7,4.0,1.2008,weekly demand std / sqrt(7),0.95,5.23,9.23,17.23,0,NO_REORDER,LOW,Stock 11 is at or above the reorder point 9.2
BR004,MED287,Atorvastatin 20mg (CarePlus Laboratories),Cardiovascular,21,3.583,7.568,15.611,0.5119,7,3.58,1.1138,weekly demand std / sqrt(7),0.95,4.85,8.43,15.6,0,NO_REORDER,LOW,Stock 21 is at or above the reorder point 8.4
BR004,MED288,Atorvastatin 40mg,Cardiovascular,29,6.318,13.599,30.602,0.9026,7,6.32,1.7791,weekly demand std / sqrt(7),0.95,7.74,14.06,26.7,0,NO_REORDER,LOW,Stock 29 is at or above the reorder point 14.1
BR004,MED289,Atorvastatin 40mg (CureLine Healthcare),Cardiovascular,6,0.727,1.299,3.935,0.3214,7,2.25,0.6552,weekly demand std / sqrt(7),0.95,2.85,5.1,9.6,0,NO_REORDER,LOW,Stock 6 is at or above the reorder point 5.1
BR004,MED290,Atorvastatin 40mg (LifeSpring Pharma),Cardiovascular,5,0.401,0.768,1.804,0.0573,7,0.4,0.44,weekly demand std / sqrt(7),0.95,1.91,2.32,3.12,0,NO_REORDER,LOW,Stock 5 is at or above the reorder point 2.3
BR004,MED292,Clopidogrel 75mg (Aarogya Formulations),Cardiovascular,24,6.103,12.847,29.865,0.8719,7,6.1,1.467,weekly demand std / sqrt(7),0.95,6.38,12.49,24.69,0,NO_REORDER,LOW,Stock 24 is at or above the reorder point 12.5
BR004,MED293,Clopidogrel 75mg (BlueCrest Pharma),Cardiovascular,22,1.139,2.835,6.217,0.1627,7,1.14,0.6249,weekly demand std / sqrt(7),0.95,2.72,3.86,6.14,0,NO_REORDER,LOW,Stock 22 is at or above the reorder point 3.9
BR004,MED294,Clopidogrel 75mg (CureLine Healthcare),Cardiovascular,29,1.147,2.617,6.389,0.2143,7,1.5,0.5049,weekly demand std / sqrt(7),0.95,2.2,3.7,6.7,0,NO_REORDER,LOW,Stock 29 is at or above the reorder point 3.7
BR004,MED295,Clopidogrel 75mg (NovaMed Laboratories),Cardiovascular,10,0.786,1.673,4.212,0.1429,7,1.0,0.8138,weekly demand std / sqrt(7),0.95,3.54,4.54,6.54,0,NO_REORDER,LOW,Stock 10 is at or above the reorder point 4.5
BR004,MED296,Clopidogrel 75mg (Stellar Formulations),Cardiovascular,20,1.228,2.872,7.146,0.1754,7,1.23,0.5427,weekly demand std / sqrt(7),0.95,2.36,3.59,6.05,0,NO_REORDER,LOW,Stock 20 is at or above the reorder point 3.6
BR004,MED297,Losartan 50mg (Aarogya Formulations),Cardiovascular,13,0.581,1.455,3.338,0.083,7,0.58,0.5887,weekly demand std / sqrt(7),0.95,2.56,3.14,4.31,0,NO_REORDER,LOW,Stock 13 is at or above the reorder point 3.1
BR004,MED298,Losartan 50mg (CarePlus Laboratories),Cardiovascular,11,0.803,1.65,4.251,0.1429,7,1.0,0.6496,weekly demand std / sqrt(7),0.95,2.83,3.83,5.83,0,NO_REORDER,LOW,Stock 11 is at or above the reorder point 3.8
BR004,MED299,Losartan 50mg (NovaMed Laboratories),Cardiovascular,56,35.189,69.98,154.72,5.2143,7,36.5,3.1595,weekly demand std / sqrt(7),0.95,13.75,50.25,123.25,0,NO_REORDER,LOW,Stock 56 is at or above the reorder point 50.2
BR004,MED300,Losartan 25mg,Cardiovascular,6,0.483,1.088,2.399,0.1071,7,0.75,0.4728,weekly demand std / sqrt(7),0.95,2.06,2.81,4.31,0,NO_REORDER,LOW,Stock 6 is at or above the reorder point 2.8
BR004,MED302,Losartan 25mg (HealthAxis Pharma),Cardiovascular,21,6.009,12.371,26.681,1.0714,7,7.5,1.7673,weekly demand std / sqrt(7),0.95,7.69,15.19,30.19,0,NO_REORDER,LOW,Stock 21 is at or above the reorder point 15.2
BR004,MED303,Losartan 25mg (NovaMed Laboratories),Cardiovascular,18,0.699,1.47,3.785,0.0999,7,0.7,0.4528,weekly demand std / sqrt(7),0.95,1.97,2.67,4.07,0,NO_REORDER,LOW,Stock 18 is at or above the reorder point 2.7
BR004,MED304,Losartan 25mg (Summit Lifesciences),Cardiovascular,8,0.673,1.495,3.761,0.1429,7,1.0,0.4132,weekly demand std / sqrt(7),0.95,1.8,2.8,4.8,0,NO_REORDER,LOW,Stock 8 is at or above the reorder point 2.8
BR004,MED305,Losartan 25mg (TrueLife Remedies),Cardiovascular,20,5.799,12.709,28.959,0.8929,7,6.25,1.529,weekly demand std / sqrt(7),0.95,6.65,12.9,25.4,0,NO_REORDER,LOW,Stock 20 is at or above the reorder point 12.9
BR004,MED307,Metoprolol 50mg (BlueCrest Pharma),Cardiovascular,63,19.584,41.082,91.021,2.7977,7,19.58,3.0345,weekly demand std / sqrt(7),0.95,13.21,32.79,71.96,0,NO_REORDER,LOW,Stock 63 is at or above the reorder point 32.8
BR004,MED308,Metoprolol 50mg (CureLine Healthcare),Cardiovascular,8,1.228,2.519,6.719,0.4286,7,3.0,1.0566,weekly demand std / sqrt(7),0.95,4.6,7.6,13.6,0,NO_REORDER,LOW,Stock 8 is at or above the reorder point 7.6
BR004,MED309,Metoprolol 50mg (NovaMed Laboratories),Cardiovascular,13,0.493,1.23,2.763,0.0704,7,0.49,0.538,weekly demand std / sqrt(7),0.95,2.34,2.83,3.82,0,NO_REORDER,LOW,Stock 13 is at or above the reorder point 2.8
BR004,MED310,Metoprolol 25mg,Cardiovascular,17,5.919,13.22,29.727,1.0714,7,7.5,0.9843,weekly demand std / sqrt(7),0.95,4.28,11.78,26.78,0,NO_REORDER,LOW,Stock 17 is at or above the reorder point 11.8
BR004,MED312,Metoprolol 25mg (HealthAxis Pharma),Cardiovascular,12,0.911,2.131,4.973,0.2857,7,2.0,0.8022,weekly demand std / sqrt(7),0.95,3.49,5.49,9.49,0,NO_REORDER,LOW,Stock 12 is at or above the reorder point 5.5
BR004,MED313,Metoprolol 25mg (LifeSpring Pharma),Cardiovascular,6,0.735,1.771,4.516,0.25,7,1.75,0.6235,weekly demand std / sqrt(7),0.95,2.71,4.46,7.96,0,NO_REORDER,LOW,Stock 6 is at or above the reorder point 4.5
BR004,MED315,Rosuvastatin 10mg (NovaMed Laboratories),Cardiovascular,7,0.448,1.074,2.499,0.1071,7,0.75,0.448,weekly demand std / sqrt(7),0.95,1.95,2.7,4.2,0,NO_REORDER,LOW,Stock 7 is at or above the reorder point 2.7
BR004,MED317,Rosuvastatin 5mg,Cardiovascular,13,0.56,1.295,2.694,0.08,7,0.56,0.6163,weekly demand std / sqrt(7),0.95,2.68,3.24,4.36,0,NO_REORDER,LOW,Stock 13 is at or above the reorder point 3.2
BR004,MED318,Rosuvastatin 5mg (BlueCrest Pharma),Cardiovascular,21,0.445,1.1,2.394,0.0636,7,0.44,0.2685,weekly demand std / sqrt(7),0.95,1.17,1.61,2.5,0,NO_REORDER,LOW,Stock 21 is at or above the reorder point 1.6
BR004,MED319,Rosuvastatin 5mg (NovaMed Laboratories),Cardiovascular,91,38.881,75.928,167.008,5.5544,7,38.88,3.6646,weekly demand std / sqrt(7),0.95,15.95,54.83,132.59,0,NO_REORDER,LOW,Stock 91 is at or above the reorder point 54.8
BR004,MED321,Rosuvastatin 5mg (VitaCure Remedies),Cardiovascular,14,0.662,1.397,3.825,0.1071,7,0.75,0.9438,weekly demand std / sqrt(7),0.95,4.11,4.86,6.36,0,NO_REORDER,LOW,Stock 14 is at or above the reorder point 4.9
BR004,MED322,Rosuvastatin 20mg,Cardiovascular,25,4.849,9.729,19.648,0.6927,7,4.85,1.1629,weekly demand std / sqrt(7),0.95,5.06,9.91,19.61,0,NO_REORDER,LOW,Stock 25 is at or above the reorder point 9.9
BR004,MED323,Rosuvastatin 20mg (NovaMed Laboratories),Cardiovascular,7,1.343,2.944,7.513,0.4286,7,3.0,0.8964,weekly demand std / sqrt(7),0.95,3.9,6.9,12.9,0,NO_REORDER,LOW,Stock 7 is at or above the reorder point 6.9
BR004,MED325,Rosuvastatin 20mg (Summit Lifesciences),Cardiovascular,11,0.668,1.357,3.074,0.0954,7,0.67,0.3248,weekly demand std / sqrt(7),0.95,1.41,2.08,3.42,0,NO_REORDER,LOW,Stock 11 is at or above the reorder point 2.1
BR004,MED328,Telmisartan 40mg (CureLine Healthcare),Cardiovascular,11,0.738,1.628,3.829,0.1054,7,0.74,0.4538,weekly demand std / sqrt(7),0.95,1.97,2.71,4.19,0,NO_REORDER,LOW,Stock 11 is at or above the reorder point 2.7
BR004,MED329,Telmisartan 40mg (NovaMed Laboratories),Cardiovascular,41,18.799,36.376,79.968,2.75,7,19.25,3.3176,weekly demand std / sqrt(7),0.95,14.44,33.69,72.19,0,NO_REORDER,LOW,Stock 41 is at or above the reorder point 33.7
BR004,MED330,Telmisartan 40mg (Stellar Formulations),Cardiovascular,7,0.517,0.975,3.166,0.0739,7,0.52,0.7093,weekly demand std / sqrt(7),0.95,3.09,3.6,4.64,0,NO_REORDER,LOW,Stock 7 is at or above the reorder point 3.6
BR004,MED331,Telmisartan 40mg (VitaCure Remedies),Cardiovascular,13,1.578,3.261,7.882,0.3929,7,2.75,0.6228,weekly demand std / sqrt(7),0.95,2.71,5.46,10.96,0,NO_REORDER,LOW,Stock 13 is at or above the reorder point 5.5
BR004,MED332,Telmisartan 20mg,Cardiovascular,23,9.359,18.909,43.582,1.8571,7,13.0,2.0206,weekly demand std / sqrt(7),0.95,8.79,21.79,47.79,0,NO_REORDER,LOW,Stock 23 is at or above the reorder point 21.8
BR004,MED333,Telmisartan 20mg (HealthAxis Pharma),Cardiovascular,9,0.495,0.99,1.985,0.0707,7,0.5,0.6864,weekly demand std / sqrt(7),0.95,2.99,3.48,4.47,0,NO_REORDER,LOW,Stock 9 is at or above the reorder point 3.5
BR004,MED334,Telmisartan 20mg (LifeSpring Pharma),Cardiovascular,8,0.546,1.085,2.494,0.078,7,0.55,0.6457,weekly demand std / sqrt(7),0.95,2.81,3.36,4.45,0,NO_REORDER,LOW,Stock 8 is at or above the reorder point 3.4
BR004,MED335,Telmisartan 20mg (Summit Lifesciences),Cardiovascular,5,0.486,1.004,2.472,0.0694,7,0.49,0.6255,weekly demand std / sqrt(7),0.95,2.72,3.21,4.18,0,NO_REORDER,LOW,Stock 5 is at or above the reorder point 3.2
BR004,MED336,Telmisartan 80mg,Cardiovascular,13,0.587,1.311,3.284,0.0839,7,0.59,0.7408,weekly demand std / sqrt(7),0.95,3.22,3.81,4.98,0,NO_REORDER,LOW,Stock 13 is at or above the reorder point 3.8
BR004,MED337,Telmisartan 80mg (ApexLife Pharma),Cardiovascular,16,1.018,2.471,5.584,0.1786,7,1.25,0.767,weekly demand std / sqrt(7),0.95,3.34,4.59,7.09,0,NO_REORDER,LOW,Stock 16 is at or above the reorder point 4.6
BR004,MED338,Telmisartan 80mg (BlueCrest Pharma),Cardiovascular,38,10.055,20.802,47.669,1.8571,7,13.0,2.3159,weekly demand std / sqrt(7),0.95,10.08,23.08,49.08,0,NO_REORDER,LOW,Stock 38 is at or above the reorder point 23.1
BR004,MED339,Telmisartan 80mg (CureLine Healthcare),Cardiovascular,6,0.83,1.738,4.733,0.2857,7,2.0,0.6319,weekly demand std / sqrt(7),0.95,2.75,4.75,8.75,0,NO_REORDER,LOW,Stock 6 is at or above the reorder point 4.8
BR004,MED340,Telmisartan 80mg (NovaMed Laboratories),Cardiovascular,11,1.105,2.159,5.047,0.2857,7,2.0,0.6518,weekly demand std / sqrt(7),0.95,2.84,4.84,8.84,0,NO_REORDER,LOW,Stock 11 is at or above the reorder point 4.8
BR004,MED343,Telmisartan 80mg (TrueLife Remedies),Cardiovascular,17,6.503,14.456,33.176,1.1786,7,8.25,1.6434,weekly demand std / sqrt(7),0.95,7.15,15.4,31.9,0,NO_REORDER,LOW,Stock 17 is at or above the reorder point 15.4
BR004,MED344,Gliclazide 80mg (Aarogya Formulations),Antidiabetic,33,8.911,19.249,41.302,1.3214,7,9.25,2.0778,weekly demand std / sqrt(7),0.95,9.04,18.29,36.79,0,NO_REORDER,LOW,Stock 33 is at or above the reorder point 18.3
BR004,MED345,Gliclazide 80mg (BlueCrest Pharma),Antidiabetic,12,1.024,2.236,5.641,0.2143,7,1.5,0.6235,weekly demand std / sqrt(7),0.95,2.71,4.21,7.21,0,NO_REORDER,LOW,Stock 12 is at or above the reorder point 4.2
BR004,MED346,Gliclazide 80mg (CarePlus Laboratories),Antidiabetic,14,2.599,5.647,13.085,0.5,7,3.5,1.2318,weekly demand std / sqrt(7),0.95,5.36,8.86,15.86,0,NO_REORDER,LOW,Stock 14 is at or above the reorder point 8.9
BR004,MED347,Gliclazide 80mg (LifeSpring Pharma),Antidiabetic,13,2.13,4.507,10.247,0.5357,7,3.75,1.0305,weekly demand std / sqrt(7),0.95,4.48,8.23,15.73,0,NO_REORDER,LOW,Stock 13 is at or above the reorder point 8.2
BR004,MED348,Gliclazide 80mg (TrueLife Remedies),Antidiabetic,16,0.457,1.059,2.29,0.0653,7,0.46,0.2463,weekly demand std / sqrt(7),0.95,1.07,1.53,2.44,0,NO_REORDER,LOW,Stock 16 is at or above the reorder point 1.5
BR004,MED349,Gliclazide 40mg,Antidiabetic,12,3.536,7.205,16.699,0.6786,7,4.75,1.426,weekly demand std / sqrt(7),0.95,6.21,10.96,20.46,0,NO_REORDER,LOW,Stock 12 is at or above the reorder point 11.0
BR004,MED350,Gliclazide 40mg (BlueCrest Pharma),Antidiabetic,9,0.487,0.904,1.888,0.0696,7,0.49,0.8165,weekly demand std / sqrt(7),0.95,3.55,4.04,5.01,0,NO_REORDER,LOW,Stock 9 is at or above the reorder point 4.0
BR004,MED351,Gliclazide 40mg (Lumina Pharma),Antidiabetic,13,2.93,5.993,13.031,0.5,7,3.5,1.0753,weekly demand std / sqrt(7),0.95,4.68,8.18,15.18,0,NO_REORDER,LOW,Stock 13 is at or above the reorder point 8.2
BR004,MED352,Gliclazide 40mg (NovaMed Laboratories),Antidiabetic,15,0.82,1.724,4.191,0.1171,7,0.82,0.1858,weekly demand std / sqrt(7),0.95,0.81,1.63,3.27,0,NO_REORDER,LOW,Stock 15 is at or above the reorder point 1.6
BR004,MED353,Gliclazide 40mg (Stellar Formulations),Antidiabetic,11,0.682,1.301,3.323,0.0974,7,0.68,0.3583,weekly demand std / sqrt(7),0.95,1.56,2.24,3.61,0,NO_REORDER,LOW,Stock 11 is at or above the reorder point 2.2
BR004,MED355,Glimepiride 2mg (BlueCrest Pharma),Antidiabetic,8,1.246,2.455,5.558,0.3929,7,2.75,0.8787,weekly demand std / sqrt(7),0.95,3.82,6.57,12.07,0,NO_REORDER,LOW,Stock 8 is at or above the reorder point 6.6
BR004,MED356,Glimepiride 2mg (CarePlus Laboratories),Antidiabetic,14,2.223,4.331,9.913,0.3929,7,2.75,0.9888,weekly demand std / sqrt(7),0.95,4.3,7.05,12.55,0,NO_REORDER,LOW,Stock 14 is at or above the reorder point 7.1
BR004,MED358,Glimepiride 2mg (VitaCure Remedies),Antidiabetic,21,6.495,13.074,30.238,1.1429,7,8.0,1.5043,weekly demand std / sqrt(7),0.95,6.55,14.55,30.55,0,NO_REORDER,LOW,Stock 21 is at or above the reorder point 14.5
BR004,MED359,Glimepiride 1mg,Antidiabetic,7,0.474,0.891,1.872,0.0677,7,0.47,0.388,weekly demand std / sqrt(7),0.95,1.69,2.16,3.11,0,NO_REORDER,LOW,Stock 7 is at or above the reorder point 2.2
BR004,MED360,Glimepiride 1mg (CarePlus Laboratories),Antidiabetic,18,7.525,15.835,38.068,1.5,7,10.5,1.6074,weekly demand std / sqrt(7),0.95,7.0,17.5,38.5,0,NO_REORDER,LOW,Stock 18 is at or above the reorder point 17.5
BR004,MED361,Glimepiride 1mg (CureLine Healthcare),Antidiabetic,19,5.986,12.047,27.61,1.0357,7,7.25,1.5832,weekly demand std / sqrt(7),0.95,6.89,14.14,28.64,0,NO_REORDER,LOW,Stock 19 is at or above the reorder point 14.1
BR004,MED362,Glimepiride 1mg (HealthAxis Pharma),Antidiabetic,13,2.481,4.644,9.431,0.6071,7,4.25,1.4504,weekly demand std / sqrt(7),0.95,6.31,10.56,19.06,0,NO_REORDER,LOW,Stock 13 is at or above the reorder point 10.6
BR004,MED363,Glimepiride 1mg (Summit Lifesciences),Antidiabetic,6,0.677,1.447,3.864,0.25,7,1.75,0.8532,weekly demand std / sqrt(7),0.95,3.71,5.46,8.96,0,NO_REORDER,LOW,Stock 6 is at or above the reorder point 5.5
BR004,MED364,Glimepiride 1mg (TrueLife Remedies),Antidiabetic,25,5.743,11.854,26.9,0.8204,7,5.74,1.6757,weekly demand std / sqrt(7),0.95,7.29,13.04,24.52,0,NO_REORDER,LOW,Stock 25 is at or above the reorder point 13.0
BR004,MED365,Glimepiride 3mg,Antidiabetic,17,0.712,1.85,3.763,0.1017,7,0.71,0.382,weekly demand std / sqrt(7),0.95,1.66,2.37,3.8,0,NO_REORDER,LOW,Stock 17 is at or above the reorder point 2.4
BR004,MED366,Glimepiride 3mg (ApexLife Pharma),Antidiabetic,25,5.94,12.433,28.845,0.8486,7,5.94,1.7601,weekly demand std / sqrt(7),0.95,7.66,13.6,25.48,0,NO_REORDER,LOW,Stock 25 is at or above the reorder point 13.6
BR004,MED368,Glimepiride 3mg (NovaMed Laboratories),Antidiabetic,11,0.668,1.253,2.908,0.1786,7,1.25,0.4718,weekly demand std / sqrt(7),0.95,2.05,3.3,5.8,0,NO_REORDER,LOW,Stock 11 is at or above the reorder point 3.3
BR004,MED369,Glimepiride 3mg (Stellar Formulations),Antidiabetic,25,1.324,2.816,6.873,0.1891,7,1.32,0.6592,weekly demand std / sqrt(7),0.95,2.87,4.19,6.84,0,NO_REORDER,LOW,Stock 25 is at or above the reorder point 4.2
BR004,MED370,Glimepiride 3mg (Summit Lifesciences),Antidiabetic,8,0.685,1.34,3.445,0.1071,7,0.75,0.7878,weekly demand std / sqrt(7),0.95,3.43,4.18,5.68,0,NO_REORDER,LOW,Stock 8 is at or above the reorder point 4.2
BR004,MED371,Glimepiride 3mg (TrueLife Remedies),Antidiabetic,15,0.454,0.969,2.219,0.0649,7,0.45,0.0741,weekly demand std / sqrt(7),0.95,0.32,0.78,1.68,0,NO_REORDER,LOW,Stock 15 is at or above the reorder point 0.8
BR004,MED373,Glimepiride + Metformin 2mg/500mg (Aarogya Formulations),Antidiabetic,17,1.092,2.515,5.841,0.1786,7,1.25,0.5093,weekly demand std / sqrt(7),0.95,2.22,3.47,5.97,0,NO_REORDER,LOW,Stock 17 is at or above the reorder point 3.5
BR004,MED375,Glimepiride + Metformin 2mg/500mg (Summit Lifesciences),Antidiabetic,10,0.536,1.18,2.433,0.1071,7,0.75,0.5863,weekly demand std / sqrt(7),0.95,2.55,3.3,4.8,0,NO_REORDER,LOW,Stock 10 is at or above the reorder point 3.3
BR004,MED376,Glimepiride + Metformin 1mg/500mg,Antidiabetic,11,1.67,3.381,7.78,0.4286,7,3.0,0.9802,weekly demand std / sqrt(7),0.95,4.27,7.27,13.27,0,NO_REORDER,LOW,Stock 11 is at or above the reorder point 7.3
BR004,MED377,Glimepiride + Metformin 1mg/500mg (CarePlus Laboratories),Antidiabetic,14,1.532,3.266,8.452,0.3214,7,2.25,0.6049,weekly demand std / sqrt(7),0.95,2.63,4.88,9.38,0,NO_REORDER,LOW,Stock 14 is at or above the reorder point 4.9
BR004,MED378,Glimepiride + Metformin 1mg/500mg (Stellar Formulations),Antidiabetic,9,1.115,2.361,6.248,0.2857,7,2.0,0.8696,weekly demand std / sqrt(7),0.95,3.78,5.78,9.78,0,NO_REORDER,LOW,Stock 9 is at or above the reorder point 5.8
BR004,MED379,Glimepiride + Metformin 1mg/500mg (Summit Lifesciences),Antidiabetic,18,0.938,2.171,5.058,0.134,7,0.94,0.684,weekly demand std / sqrt(7),0.95,2.98,3.91,5.79,0,NO_REORDER,LOW,Stock 18 is at or above the reorder point 3.9
BR004,MED381,Glimepiride + Metformin 1mg/500mg (Zenith BioPharma),Antidiabetic,80,46.074,87.793,199.731,6.582,7,46.07,2.8512,weekly demand std / sqrt(7),0.95,12.41,58.48,150.63,0,NO_REORDER,LOW,Stock 80 is at or above the reorder point 58.5
BR004,MED382,Metformin 500mg (CureLine Healthcare),Antidiabetic,14,0.988,2.359,5.011,0.1411,7,0.99,0.6112,weekly demand std / sqrt(7),0.95,2.66,3.65,5.62,0,NO_REORDER,LOW,Stock 14 is at or above the reorder point 3.6
BR004,MED383,Metformin 500mg (Stellar Formulations),Antidiabetic,71,33.185,70.004,153.778,4.9286,7,34.5,3.7583,weekly demand std / sqrt(7),0.95,16.36,50.86,119.86,0,NO_REORDER,LOW,Stock 71 is at or above the reorder point 50.9
BR004,MED386,Metformin 850mg (CureLine Healthcare),Antidiabetic,10,2.595,5.179,12.204,0.6071,7,4.25,0.7412,weekly demand std / sqrt(7),0.95,3.23,7.48,15.98,0,NO_REORDER,LOW,Stock 10 is at or above the reorder point 7.5
BR004,MED387,Metformin 850mg (Stellar Formulations),Antidiabetic,11,1.025,2.199,5.287,0.2143,7,1.5,0.4378,weekly demand std / sqrt(7),0.95,1.91,3.41,6.41,0,NO_REORDER,LOW,Stock 11 is at or above the reorder point 3.4
BR004,MED388,Metformin 850mg (VitaCure Remedies),Antidiabetic,6,0.867,1.998,5.416,0.2857,7,2.0,0.6263,weekly demand std / sqrt(7),0.95,2.73,4.73,8.73,0,NO_REORDER,LOW,Stock 6 is at or above the reorder point 4.7
BR004,MED389,Metformin 1000mg,Antidiabetic,15,0.833,1.749,3.99,0.119,7,0.83,0.6394,weekly demand std / sqrt(7),0.95,2.78,3.62,5.28,0,NO_REORDER,LOW,Stock 15 is at or above the reorder point 3.6
BR004,MED390,Metformin 1000mg (BlueCrest Pharma),Antidiabetic,13,1.347,3.105,7.373,0.2857,7,2.0,0.7659,weekly demand std / sqrt(7),0.95,3.33,5.33,9.33,0,NO_REORDER,LOW,Stock 13 is at or above the reorder point 5.3
BR004,MED391,Metformin 1000mg (HealthAxis Pharma),Antidiabetic,14,4.841,10.424,25.444,0.9286,7,6.5,1.1967,weekly demand std / sqrt(7),0.95,5.21,11.71,24.71,0,NO_REORDER,LOW,Stock 14 is at or above the reorder point 11.7
BR004,MED392,Metformin 1000mg (LifeSpring Pharma),Antidiabetic,55,18.639,40.284,88.817,2.6786,7,18.75,3.2933,weekly demand std / sqrt(7),0.95,14.33,33.08,70.58,0,NO_REORDER,LOW,Stock 55 is at or above the reorder point 33.1
BR004,MED394,Sitagliptin 100mg (BlueCrest Pharma),Antidiabetic,9,0.582,1.115,2.438,0.0831,7,0.58,0.6134,weekly demand std / sqrt(7),0.95,2.67,3.25,4.42,0,NO_REORDER,LOW,Stock 9 is at or above the reorder point 3.3
BR004,MED395,Sitagliptin 100mg (CarePlus Laboratories),Antidiabetic,47,8.702,19.176,41.836,1.25,7,8.75,1.329,weekly demand std / sqrt(7),0.95,5.78,14.53,32.03,0,NO_REORDER,LOW,Stock 47 is at or above the reorder point 14.5
BR004,MED396,Sitagliptin 100mg (HealthAxis Pharma),Antidiabetic,95,40.947,82.59,178.902,5.8929,7,41.25,4.398,weekly demand std / sqrt(7),0.95,19.14,60.39,142.89,0,NO_REORDER,LOW,Stock 95 is at or above the reorder point 60.4
BR004,MED397,Sitagliptin 50mg,Antidiabetic,15,3.476,7.547,15.101,0.6071,7,4.25,1.3009,weekly demand std / sqrt(7),0.95,5.66,9.91,18.41,0,NO_REORDER,LOW,Stock 15 is at or above the reorder point 9.9
BR004,MED398,Sitagliptin 50mg (ApexLife Pharma),Antidiabetic,10,2.975,5.933,14.534,0.6071,7,4.25,0.7686,weekly demand std / sqrt(7),0.95,3.34,7.59,16.09,0,NO_REORDER,LOW,Stock 10 is at or above the reorder point 7.6
BR004,MED399,Sitagliptin 50mg (BlueCrest Pharma),Antidiabetic,21,6.886,14.557,33.86,1.25,7,8.75,2.1008,weekly demand std / sqrt(7),0.95,9.14,17.89,35.39,0,NO_REORDER,LOW,Stock 21 is at or above the reorder point 17.9
BR004,MED400,Sitagliptin 50mg (Crestview Pharma),Antidiabetic,22,2.974,6.762,12.962,0.4249,7,2.97,0.5014,weekly demand std / sqrt(7),0.95,2.18,5.16,11.1,0,NO_REORDER,LOW,Stock 22 is at or above the reorder point 5.2
BR004,MED401,Sitagliptin 50mg (HealthAxis Pharma),Antidiabetic,5,0.483,0.801,1.982,0.0714,7,0.5,0.5586,weekly demand std / sqrt(7),0.95,2.43,2.93,3.93,0,NO_REORDER,LOW,Stock 5 is at or above the reorder point 2.9
BR004,MED402,Sitagliptin 50mg (NovaMed Laboratories),Antidiabetic,24,5.862,11.168,26.587,0.8374,7,5.86,1.5453,weekly demand std / sqrt(7),0.95,6.72,12.59,24.31,0,NO_REORDER,LOW,Stock 24 is at or above the reorder point 12.6
BR004,MED403,Sitagliptin 50mg (Stellar Formulations),Antidiabetic,11,1.268,2.52,6.349,0.2857,7,2.0,0.8245,weekly demand std / sqrt(7),0.95,3.59,5.59,9.59,0,NO_REORDER,LOW,Stock 11 is at or above the reorder point 5.6
BR004,MED405,Sitagliptin 50mg (TrueLife Remedies),Antidiabetic,13,0.683,1.495,3.719,0.0976,7,0.68,0.6531,weekly demand std / sqrt(7),0.95,2.84,3.53,4.89,0,NO_REORDER,LOW,Stock 13 is at or above the reorder point 3.5
BR004,MED406,Ambroxol + Levosalbutamol Syrup 100ml (Aarogya Formulations),Respiratory,6,0.643,1.305,3.25,0.1429,7,1.0,0.4408,weekly demand std / sqrt(7),0.95,1.92,2.92,4.92,0,NO_REORDER,LOW,Stock 6 is at or above the reorder point 2.9
BR004,MED407,Ambroxol + Levosalbutamol Syrup 100ml (NovaMed Laboratories),Respiratory,12,3.853,7.815,19.099,0.6429,7,4.5,0.9196,weekly demand std / sqrt(7),0.95,4.0,8.5,17.5,0,NO_REORDER,LOW,Stock 12 is at or above the reorder point 8.5
BR004,MED409,Ambroxol + Levosalbutamol Syrup 100ml (VitaCure Remedies),Respiratory,10,0.493,1.097,2.697,0.0704,7,0.49,0.2844,weekly demand std / sqrt(7),0.95,1.24,1.73,2.72,0,NO_REORDER,LOW,Stock 10 is at or above the reorder point 1.7
BR004,MED410,Ambroxol + Levosalbutamol Syrup 60ml,Respiratory,9,0.722,1.512,3.63,0.1071,7,0.75,0.3152,weekly demand std / sqrt(7),0.95,1.37,2.12,3.62,0,NO_REORDER,LOW,Stock 9 is at or above the reorder point 2.1
BR004,MED411,Ambroxol + Levosalbutamol Syrup 60ml (NovaMed Laboratories),Respiratory,10,3.686,7.475,17.329,0.6429,7,4.5,1.0653,weekly demand std / sqrt(7),0.95,4.64,9.14,18.14,0,NO_REORDER,LOW,Stock 10 is at or above the reorder point 9.1
BR004,MED412,Budesonide Inhaler 200mcg (ApexLife Pharma),Respiratory,9,0.729,1.637,3.73,0.1786,7,1.25,0.3857,weekly demand std / sqrt(7),0.95,1.68,2.93,5.43,0,NO_REORDER,LOW,Stock 9 is at or above the reorder point 2.9
BR004,MED413,Budesonide Inhaler 200mcg (BlueCrest Pharma),Respiratory,10,0.481,1.002,2.4,0.0714,7,0.5,0.388,weekly demand std / sqrt(7),0.95,1.69,2.19,3.19,0,NO_REORDER,LOW,Stock 10 is at or above the reorder point 2.2
BR004,MED414,Budesonide Inhaler 200mcg (VitaCure Remedies),Respiratory,9,1.155,2.528,5.679,0.3214,7,2.25,0.3777,weekly demand std / sqrt(7),0.95,1.64,3.89,8.39,0,NO_REORDER,LOW,Stock 9 is at or above the reorder point 3.9
BR004,MED416,Dextromethorphan Syrup 100ml (HealthAxis Pharma),Respiratory,16,5.323,11.271,25.405,0.8571,7,6.0,1.1338,weekly demand std / sqrt(7),0.95,4.93,10.93,22.93,0,NO_REORDER,LOW,Stock 16 is at or above the reorder point 10.9
BR004,MED417,Dextromethorphan Syrup 100ml (LifeSpring Pharma),Respiratory,7,0.903,2.043,4.578,0.2143,7,1.5,0.4266,weekly demand std / sqrt(7),0.95,1.86,3.36,6.36,0,NO_REORDER,LOW,Stock 7 is at or above the reorder point 3.4
BR004,MED418,Dextromethorphan Syrup 100ml (Summit Lifesciences),Respiratory,10,0.785,1.694,4.521,0.1429,7,1.0,0.5396,weekly demand std / sqrt(7),0.95,2.35,3.35,5.35,0,NO_REORDER,LOW,Stock 10 is at or above the reorder point 3.3
BR004,MED419,Dextromethorphan Syrup 100ml (TrueLife Remedies),Respiratory,8,0.666,1.453,3.334,0.1429,7,1.0,0.2199,weekly demand std / sqrt(7),0.95,0.96,1.96,3.96,0,NO_REORDER,LOW,Stock 8 is at or above the reorder point 2.0
BR004,MED420,Montelukast 10mg (CureLine Healthcare),Respiratory,9,1.858,3.814,8.999,0.3214,7,2.25,0.6464,weekly demand std / sqrt(7),0.95,2.81,5.06,9.56,0,NO_REORDER,LOW,Stock 9 is at or above the reorder point 5.1
BR004,MED421,Montelukast 10mg (LifeSpring Pharma),Respiratory,9,0.792,1.797,4.243,0.1429,7,1.0,0.4268,weekly demand std / sqrt(7),0.95,1.86,2.86,4.86,0,NO_REORDER,LOW,Stock 9 is at or above the reorder point 2.9
BR004,MED422,Montelukast 10mg (NovaMed Laboratories),Respiratory,11,0.377,0.769,1.908,0.0539,7,0.38,0.3967,weekly demand std / sqrt(7),0.95,1.73,2.1,2.86,0,NO_REORDER,LOW,Stock 11 is at or above the reorder point 2.1
BR004,MED423,Montelukast 10mg (Summit Lifesciences),Respiratory,9,0.55,1.185,2.863,0.0786,7,0.55,0.3694,weekly demand std / sqrt(7),0.95,1.61,2.16,3.26,0,NO_REORDER,LOW,Stock 9 is at or above the reorder point 2.2
BR004,MED424,Montelukast 10mg (TrueLife Remedies),Respiratory,17,0.708,1.422,3.121,0.1011,7,0.71,0.3067,weekly demand std / sqrt(7),0.95,1.33,2.04,3.46,0,NO_REORDER,LOW,Stock 17 is at or above the reorder point 2.0
BR004,MED425,Montelukast 5mg,Respiratory,16,0.911,2.063,5.135,0.1301,7,0.91,0.2199,weekly demand std / sqrt(7),0.95,0.96,1.87,3.69,0,NO_REORDER,LOW,Stock 16 is at or above the reorder point 1.9
BR004,MED426,Montelukast 5mg (CarePlus Laboratories),Respiratory,4,0.257,0.471,1.314,0.0367,7,0.26,0.1858,weekly demand std / sqrt(7),0.95,0.81,1.07,1.58,0,NO_REORDER,LOW,Stock 4 is at or above the reorder point 1.1
BR004,MED428,Montelukast 5mg (Summit Lifesciences),Respiratory,12,0.726,1.606,3.89,0.1429,7,1.0,0.3056,weekly demand std / sqrt(7),0.95,1.33,2.33,4.33,0,NO_REORDER,LOW,Stock 12 is at or above the reorder point 2.3
BR004,MED429,Montelukast 5mg (TrueLife Remedies),Respiratory,7,2.752,5.555,14.009,0.4643,7,3.25,0.7118,weekly demand std / sqrt(7),0.95,3.1,6.35,12.85,0,NO_REORDER,LOW,Stock 7 is at or above the reorder point 6.3
BR004,MED430,Salbutamol Inhaler 100mcg (Aarogya Formulations),Respiratory,4,0.432,0.842,1.972,0.1071,7,0.75,0.2123,weekly demand std / sqrt(7),0.95,0.92,1.67,3.17,0,NO_REORDER,LOW,Stock 4 is at or above the reorder point 1.7
BR004,MED431,Salbutamol Inhaler 100mcg (ApexLife Pharma),Respiratory,9,1.831,3.701,7.286,0.4643,7,3.25,0.8835,weekly demand std / sqrt(7),0.95,3.85,7.1,13.6,0,NO_REORDER,LOW,Stock 9 is at or above the reorder point 7.1
BR004,MED432,Salbutamol Inhaler 100mcg (Stellar Formulations),Respiratory,31,14.877,28.345,62.628,2.3214,7,16.25,1.7187,weekly demand std / sqrt(7),0.95,7.48,23.73,56.23,0,NO_REORDER,LOW,Stock 31 is at or above the reorder point 23.7
BR004,MED433,Salbutamol Inhaler 100mcg (Summit Lifesciences),Respiratory,14,0.789,1.577,4.191,0.1127,7,0.79,0.441,weekly demand std / sqrt(7),0.95,1.92,2.71,4.29,0,NO_REORDER,LOW,Stock 14 is at or above the reorder point 2.7
BR004,MED434,Salbutamol Inhaler 100mcg (TrueLife Remedies),Respiratory,8,0.692,1.51,3.604,0.1429,7,1.0,0.1624,weekly demand std / sqrt(7),0.95,0.71,1.71,3.71,0,NO_REORDER,LOW,Stock 8 is at or above the reorder point 1.7
BR004,MED435,Salbutamol Inhaler 100mcg (VitaCure Remedies),Respiratory,21,1.022,2.543,6.457,0.2143,7,1.5,0.39,weekly demand std / sqrt(7),0.95,1.7,3.2,6.2,0,NO_REORDER,LOW,Stock 21 is at or above the reorder point 3.2
BR004,MED436,Salbutamol Inhaler 200mcg,Respiratory,8,1.377,2.884,6.383,0.2857,7,2.0,0.6186,weekly demand std / sqrt(7),0.95,2.69,4.69,8.69,0,NO_REORDER,LOW,Stock 8 is at or above the reorder point 4.7
BR004,MED437,Salbutamol Inhaler 200mcg (BlueCrest Pharma),Respiratory,9,0.776,1.657,3.81,0.1786,7,1.25,0.4044,weekly demand std / sqrt(7),0.95,1.76,3.01,5.51,0,NO_REORDER,LOW,Stock 9 is at or above the reorder point 3.0
BR004,MED438,Salbutamol Inhaler 200mcg (CarePlus Laboratories),Respiratory,8,0.375,0.732,1.88,0.0536,7,0.38,0.1858,weekly demand std / sqrt(7),0.95,0.81,1.18,1.93,0,NO_REORDER,LOW,Stock 8 is at or above the reorder point 1.2
BR004,MED439,Salbutamol Inhaler 200mcg (HealthAxis Pharma),Respiratory,12,0.783,1.855,4.311,0.1429,7,1.0,0.4847,weekly demand std / sqrt(7),0.95,2.11,3.11,5.11,0,NO_REORDER,LOW,Stock 12 is at or above the reorder point 3.1
BR004,MED440,Salbutamol Inhaler 200mcg (Stellar Formulations),Respiratory,15,1.116,2.511,6.212,0.2143,7,1.5,0.5008,weekly demand std / sqrt(7),0.95,2.18,3.68,6.68,0,NO_REORDER,LOW,Stock 15 is at or above the reorder point 3.7
BR004,MED441,Salbutamol Inhaler 200mcg (Summit Lifesciences),Respiratory,9,0.624,1.361,3.108,0.1071,7,0.75,0.2377,weekly demand std / sqrt(7),0.95,1.03,1.78,3.28,0,NO_REORDER,LOW,Stock 9 is at or above the reorder point 1.8
BR004,MED442,Calcium + Vitamin D3 500mg/250IU (Aarogya Formulations),Vitamins,11,0.519,1.281,2.958,0.0741,7,0.52,0.4901,weekly demand std / sqrt(7),0.95,2.13,2.65,3.69,0,NO_REORDER,LOW,Stock 11 is at or above the reorder point 2.7
BR004,MED443,Calcium + Vitamin D3 500mg/250IU (ApexLife Pharma),Vitamins,14,5.547,11.739,26.458,0.8929,7,6.25,1.1275,weekly demand std / sqrt(7),0.95,4.91,11.16,23.66,0,NO_REORDER,LOW,Stock 14 is at or above the reorder point 11.2
BR004,MED445,Calcium + Vitamin D3 500mg/250IU (HealthAxis Pharma),Vitamins,20,4.949,10.114,22.675,0.75,7,5.25,1.176,weekly demand std / sqrt(7),0.95,5.12,10.37,20.87,0,NO_REORDER,LOW,Stock 20 is at or above the reorder point 10.4
BR004,MED446,Calcium + Vitamin D3 500mg/250IU (LifeSpring Pharma),Vitamins,21,7.096,14.504,33.306,1.1786,7,8.25,1.4967,weekly demand std / sqrt(7),0.95,6.51,14.76,31.26,0,NO_REORDER,LOW,Stock 21 is at or above the reorder point 14.8
BR004,MED447,Calcium + Vitamin D3 500mg/250IU (Summit Lifesciences),Vitamins,13,2.164,4.912,10.653,0.3571,7,2.5,0.8049,weekly demand std / sqrt(7),0.95,3.5,6.0,11.0,0,NO_REORDER,LOW,Stock 13 is at or above the reorder point 6.0
BR004,MED448,Calcium + Vitamin D3 500mg/250IU (TrueLife Remedies),Vitamins,30,6.834,14.919,32.998,0.9763,7,6.83,1.927,weekly demand std / sqrt(7),0.95,8.39,15.22,28.89,0,NO_REORDER,LOW,Stock 30 is at or above the reorder point 15.2
BR004,MED450,Iron + Folic Acid 100mg/500mcg (CarePlus Laboratories),Vitamins,6,0.808,1.755,4.9,0.1786,7,1.25,0.5659,weekly demand std / sqrt(7),0.95,2.46,3.71,6.21,0,NO_REORDER,LOW,Stock 6 is at or above the reorder point 3.7
BR004,MED451,Iron + Folic Acid 100mg/500mcg (CureLine Healthcare),Vitamins,9,0.52,0.98,2.523,0.0743,7,0.52,0.3038,weekly demand std / sqrt(7),0.95,1.32,1.84,2.88,0,NO_REORDER,LOW,Stock 9 is at or above the reorder point 1.8
BR004,MED452,Iron + Folic Acid 100mg/500mcg (HealthAxis Pharma),Vitamins,8,1.585,3.61,8.868,0.2857,7,2.0,0.7536,weekly demand std / sqrt(7),0.95,3.28,5.28,9.28,0,NO_REORDER,LOW,Stock 8 is at or above the reorder point 5.3
BR004,MED453,Iron + Folic Acid 100mg/500mcg (LifeSpring Pharma),Vitamins,20,0.81,2.072,4.169,0.1157,7,0.81,0.5757,weekly demand std / sqrt(7),0.95,2.51,3.32,4.94,0,NO_REORDER,LOW,Stock 20 is at or above the reorder point 3.3
BR004,MED454,Iron + Folic Acid 100mg/500mcg (Stellar Formulations),Vitamins,44,18.201,38.077,83.199,2.7143,7,19.0,2.4449,weekly demand std / sqrt(7),0.95,10.64,29.64,67.64,0,NO_REORDER,LOW,Stock 44 is at or above the reorder point 29.6
BR004,MED455,Iron + Folic Acid 100mg/500mcg (Summit Lifesciences),Vitamins,9,0.52,0.98,2.523,0.0743,7,0.52,0.3573,weekly demand std / sqrt(7),0.95,1.56,2.08,3.12,0,NO_REORDER,LOW,Stock 9 is at or above the reorder point 2.1
BR004,MED456,Iron + Folic Acid 100mg/500mcg (VitaCure Remedies),Vitamins,14,1.792,4.059,9.039,0.3214,7,2.25,0.7912,weekly demand std / sqrt(7),0.95,3.44,5.69,10.19,0,NO_REORDER,LOW,Stock 14 is at or above the reorder point 5.7
BR004,MED457,Multivitamin B-complex+C (BlueCrest Pharma),Vitamins,9,0.756,1.664,4.048,0.108,7,0.76,0.5337,weekly demand std / sqrt(7),0.95,2.32,3.08,4.59,0,NO_REORDER,LOW,Stock 9 is at or above the reorder point 3.1
BR004,MED458,Multivitamin B-complex+C (HealthAxis Pharma),Vitamins,5,0.612,1.204,2.765,0.0874,7,0.61,0.6545,weekly demand std / sqrt(7),0.95,2.85,3.46,4.68,0,NO_REORDER,LOW,Stock 5 is at or above the reorder point 3.5
BR004,MED460,Multivitamin B-complex+C (TrueLife Remedies),Vitamins,21,4.922,8.59,19.566,0.7031,7,4.92,1.5011,weekly demand std / sqrt(7),0.95,6.53,11.45,21.3,0,NO_REORDER,LOW,Stock 21 is at or above the reorder point 11.5
BR004,MED461,Vitamin C Chewable 500mg (Aarogya Formulations),Vitamins,29,10.546,21.385,50.153,1.8214,7,12.75,2.0384,weekly demand std / sqrt(7),0.95,8.87,21.62,47.12,0,NO_REORDER,LOW,Stock 29 is at or above the reorder point 21.6
BR004,MED463,Vitamin C Chewable 500mg (HealthAxis Pharma),Vitamins,12,1.214,2.624,6.49,0.2143,7,1.5,0.5271,weekly demand std / sqrt(7),0.95,2.29,3.79,6.79,0,NO_REORDER,LOW,Stock 12 is at or above the reorder point 3.8
BR004,MED464,Vitamin C Chewable 500mg (TrueLife Remedies),Vitamins,14,0.558,1.348,2.732,0.0797,7,0.56,0.413,weekly demand std / sqrt(7),0.95,1.8,2.36,3.47,0,NO_REORDER,LOW,Stock 14 is at or above the reorder point 2.4
BR004,MED466,Vitamin C Chewable 1000mg (ApexLife Pharma),Vitamins,69,19.592,39.078,85.773,2.7989,7,19.59,2.0521,weekly demand std / sqrt(7),0.95,8.93,28.52,67.71,0,NO_REORDER,LOW,Stock 69 is at or above the reorder point 28.5
BR004,MED467,Vitamin C Chewable 1000mg (BlueCrest Pharma),Vitamins,16,1.122,2.431,5.523,0.1603,7,1.12,0.6808,weekly demand std / sqrt(7),0.95,2.96,4.08,6.33,0,NO_REORDER,LOW,Stock 16 is at or above the reorder point 4.1
BR004,MED469,Vitamin C Chewable 1000mg (CureLine Healthcare),Vitamins,15,1.852,3.75,8.841,0.3214,7,2.25,0.8656,weekly demand std / sqrt(7),0.95,3.77,6.02,10.52,0,NO_REORDER,LOW,Stock 15 is at or above the reorder point 6.0
BR004,MED470,Vitamin C Chewable 1000mg (NovaMed Laboratories),Vitamins,13,4.248,9.547,22.515,0.8214,7,5.75,1.328,weekly demand std / sqrt(7),0.95,5.78,11.53,23.03,0,NO_REORDER,LOW,Stock 13 is at or above the reorder point 11.5
BR004,MED471,Vitamin C Chewable 1000mg (Summit Lifesciences),Vitamins,15,1.3,2.871,7.002,0.2143,7,1.5,0.7444,weekly demand std / sqrt(7),0.95,3.24,4.74,7.74,0,NO_REORDER,LOW,Stock 15 is at or above the reorder point 4.7
BR004,MED472,Vitamin C Chewable 1000mg (TrueLife Remedies),Vitamins,10,0.881,1.91,4.933,0.1429,7,1.0,0.5049,weekly demand std / sqrt(7),0.95,2.2,3.2,5.2,0,NO_REORDER,LOW,Stock 10 is at or above the reorder point 3.2
BR004,MED473,Vitamin C Chewable 1000mg (VitaCure Remedies),Vitamins,19,4.307,8.953,19.063,0.6153,7,4.31,0.9517,weekly demand std / sqrt(7),0.95,4.14,8.45,17.06,0,NO_REORDER,LOW,Stock 19 is at or above the reorder point 8.4
BR004,MED474,Vitamin D3 60000IU (TrueLife Remedies),Vitamins,14,0.48,1.082,2.381,0.0686,7,0.48,0.2781,weekly demand std / sqrt(7),0.95,1.21,1.69,2.65,0,NO_REORDER,LOW,Stock 14 is at or above the reorder point 1.7
BR004,MED475,Vitamin D3 60000IU (VitaCure Remedies),Vitamins,12,1.643,3.622,8.068,0.3214,7,2.25,0.7636,weekly demand std / sqrt(7),0.95,3.32,5.57,10.07,0,NO_REORDER,LOW,Stock 12 is at or above the reorder point 5.6
BR004,MED477,Vitamin D3 1000IU (Summit Lifesciences),Vitamins,11,0.653,1.437,3.882,0.0933,7,0.65,0.5812,weekly demand std / sqrt(7),0.95,2.53,3.18,4.49,0,NO_REORDER,LOW,Stock 11 is at or above the reorder point 3.2
BR004,MED478,Calamine Lotion 100ml (CureLine Healthcare),Dermatological,10,0.898,1.98,4.549,0.2143,7,1.5,0.3753,weekly demand std / sqrt(7),0.95,1.63,3.13,6.13,0,NO_REORDER,LOW,Stock 10 is at or above the reorder point 3.1
BR004,MED479,Calamine Lotion 100ml (LifeSpring Pharma),Dermatological,9,0.402,0.875,2.042,0.0574,7,0.4,0.2184,weekly demand std / sqrt(7),0.95,0.95,1.35,2.16,0,NO_REORDER,LOW,Stock 9 is at or above the reorder point 1.4
BR004,MED481,Calamine Lotion 100ml (TrueLife Remedies),Dermatological,8,0.584,1.271,2.863,0.1071,7,0.75,0.3265,weekly demand std / sqrt(7),0.95,1.42,2.17,3.67,0,NO_REORDER,LOW,Stock 8 is at or above the reorder point 2.2
BR004,MED482,Clotrimazole Cream 1% (ApexLife Pharma),Dermatological,13,0.793,1.567,3.788,0.1429,7,1.0,0.5034,weekly demand std / sqrt(7),0.95,2.19,3.19,5.19,0,NO_REORDER,LOW,Stock 13 is at or above the reorder point 3.2
BR004,MED483,Clotrimazole Cream 1% (CureLine Healthcare),Dermatological,11,1.299,2.598,5.963,0.25,7,1.75,0.569,weekly demand std / sqrt(7),0.95,2.48,4.23,7.73,0,NO_REORDER,LOW,Stock 11 is at or above the reorder point 4.2
BR004,MED484,Clotrimazole Cream 2%,Dermatological,5,0.972,2.131,4.734,0.25,7,1.75,0.518,weekly demand std / sqrt(7),0.95,2.25,4.0,7.5,0,NO_REORDER,LOW,Stock 5 is at or above the reorder point 4.0
BR004,MED485,Clotrimazole Cream 2% (Stellar Formulations),Dermatological,12,0.502,1.046,2.536,0.0717,7,0.5,0.171,weekly demand std / sqrt(7),0.95,0.74,1.25,2.25,0,NO_REORDER,LOW,Stock 12 is at or above the reorder point 1.2
BR004,MED486,Clotrimazole Cream 2% (TrueLife Remedies),Dermatological,8,0.947,1.916,4.525,0.1786,7,1.25,0.2844,weekly demand std / sqrt(7),0.95,1.24,2.49,4.99,0,NO_REORDER,LOW,Stock 8 is at or above the reorder point 2.5
BR004,MED487,Fusidic Acid Cream 2% (ApexLife Pharma),Dermatological,6,0.536,0.976,2.168,0.0766,7,0.54,0.3691,weekly demand std / sqrt(7),0.95,1.61,2.14,3.21,0,NO_REORDER,LOW,Stock 6 is at or above the reorder point 2.1
BR004,MED489,Fusidic Acid Cream 2% (VitaCure Remedies),Dermatological,20,0.356,0.889,2.04,0.0509,7,0.36,0.2335,weekly demand std / sqrt(7),0.95,1.02,1.37,2.08,0,NO_REORDER,LOW,Stock 20 is at or above the reorder point 1.4
BR004,MED490,Hydrocortisone Cream 1% (CarePlus Laboratories),Dermatological,10,2.348,4.67,10.223,0.3929,7,2.75,1.1442,weekly demand std / sqrt(7),0.95,4.98,7.73,13.23,0,NO_REORDER,LOW,Stock 10 is at or above the reorder point 7.7
BR004,MED491,Hydrocortisone Cream 1% (CureLine Healthcare),Dermatological,9,2.444,4.84,11.432,0.4286,7,3.0,0.9119,weekly demand std / sqrt(7),0.95,3.97,6.97,12.97,0,NO_REORDER,LOW,Stock 9 is at or above the reorder point 7.0
BR004,MED492,Hydrocortisone Cream 1% (Summit Lifesciences),Dermatological,6,0.537,1.153,2.502,0.1071,7,0.75,0.2075,weekly demand std / sqrt(7),0.95,0.9,1.65,3.15,0,NO_REORDER,LOW,Stock 6 is at or above the reorder point 1.7
BR004,MED493,Ketoconazole Shampoo 2% (Aarogya Formulations),Dermatological,4,0.72,1.455,3.517,0.2143,7,1.5,0.4299,weekly demand std / sqrt(7),0.95,1.87,3.37,6.37,0,NO_REORDER,LOW,Stock 4 is at or above the reorder point 3.4
BR004,MED494,Ketoconazole Shampoo 2% (LifeSpring Pharma),Dermatological,9,0.347,0.759,1.591,0.0496,7,0.35,0.538,weekly demand std / sqrt(7),0.95,2.34,2.69,3.38,0,NO_REORDER,LOW,Stock 9 is at or above the reorder point 2.7
BR004,MED495,Ketoconazole Shampoo 2% (VitaCure Remedies),Dermatological,4,0.645,1.364,2.923,0.1786,7,1.25,0.4185,weekly demand std / sqrt(7),0.95,1.82,3.07,5.57,0,NO_REORDER,LOW,Stock 4 is at or above the reorder point 3.1
BR004,MED496,Mupirocin Ointment 2% (ApexLife Pharma),Dermatological,13,0.488,1.065,2.458,0.0714,7,0.5,0.3857,weekly demand std / sqrt(7),0.95,1.68,2.18,3.18,0,NO_REORDER,LOW,Stock 13 is at or above the reorder point 2.2
BR004,MED497,Mupirocin Ointment 2% (CarePlus Laboratories),Dermatological,6,1.228,2.26,5.324,0.2143,7,1.5,0.7542,weekly demand std / sqrt(7),0.95,3.28,4.78,7.78,0,NO_REORDER,LOW,Stock 6 is at or above the reorder point 4.8
BR004,MED498,Mupirocin Ointment 2% (NovaMed Laboratories),Dermatological,11,0.531,1.065,2.53,0.0759,7,0.53,0.4151,weekly demand std / sqrt(7),0.95,1.81,2.34,3.4,0,NO_REORDER,LOW,Stock 11 is at or above the reorder point 2.3
BR004,MED499,Mupirocin Ointment 2% (Summit Lifesciences),Dermatological,9,1.002,2.126,5.109,0.25,7,1.75,0.4774,weekly demand std / sqrt(7),0.95,2.08,3.83,7.33,0,NO_REORDER,LOW,Stock 9 is at or above the reorder point 3.8
BR004,MED500,Mupirocin Ointment 2% (VitaCure Remedies),Dermatological,3,0.347,0.764,1.573,0.0714,7,0.5,0.4408,weekly demand std / sqrt(7),0.95,1.92,2.42,3.42,0,NO_REORDER,LOW,Stock 3 is at or above the reorder point 2.4
BR005,MED002,Diclofenac 50mg,Analgesics,14,2.81,6.279,12.336,0.5,7,3.5,0.9757,weekly demand std / sqrt(7),0.95,4.25,7.75,14.75,0,NO_REORDER,LOW,Stock 14 is at or above the reorder point 7.7
BR005,MED003,Amoxicillin 500mg,Antibiotics,22,3.392,6.226,13.693,0.4846,7,3.39,0.9082,weekly demand std / sqrt(7),0.95,3.95,7.34,14.13,0,NO_REORDER,LOW,Stock 22 is at or above the reorder point 7.3
BR005,MED006,Paracetamol Suspension 250mg/5ml,Antipyretics,16,0.886,1.711,3.965,0.1266,7,0.89,0.7252,weekly demand std / sqrt(7),0.95,3.16,4.04,5.81,0,NO_REORDER,LOW,Stock 16 is at or above the reorder point 4.0
BR005,MED007,Cetirizine 10mg,Antihistamines,81,40.313,78.533,170.002,5.759,7,40.31,2.6181,weekly demand std / sqrt(7),0.95,11.39,51.71,132.33,0,NO_REORDER,LOW,Stock 81 is at or above the reorder point 51.7
BR005,MED008,Fexofenadine 120mg,Antihistamines,15,0.493,1.153,2.774,0.0704,7,0.49,0.2123,weekly demand std / sqrt(7),0.95,0.92,1.42,2.4,0,NO_REORDER,LOW,Stock 15 is at or above the reorder point 1.4
BR005,MED009,Pantoprazole 40mg,Gastrointestinal,103,29.529,59.603,131.385,4.2184,7,29.53,2.9272,weekly demand std / sqrt(7),0.95,12.74,42.27,101.33,0,NO_REORDER,LOW,Stock 103 is at or above the reorder point 42.3
BR005,MED010,Ondansetron 4mg,Gastrointestinal,6,0.708,1.489,3.396,0.1429,7,1.0,0.5427,weekly demand std / sqrt(7),0.95,2.36,3.36,5.36,0,NO_REORDER,LOW,Stock 6 is at or above the reorder point 3.4
BR005,MED011,Amlodipine 5mg,Cardiovascular,102,59.544,119.692,261.242,9.1786,7,64.25,5.2481,weekly demand std / sqrt(7),0.95,22.84,87.09,215.59,0,NO_REORDER,LOW,Stock 102 is at or above the reorder point 87.1
BR005,MED012,Atorvastatin 10mg,Cardiovascular,90,44.4,87.963,194.552,6.3429,7,44.4,3.2374,weekly demand std / sqrt(7),0.95,14.09,58.49,147.29,0,NO_REORDER,LOW,Stock 90 is at or above the reorder point 58.5
BR005,MED013,Metformin 500mg,Antidiabetic,58,30.829,62.439,134.402,4.6071,7,32.25,2.4919,weekly demand std / sqrt(7),0.95,10.84,43.09,107.59,0,NO_REORDER,LOW,Stock 58 is at or above the reorder point 43.1
BR005,MED014,Glimepiride 2mg,Antidiabetic,50,25.361,51.126,117.429,3.9286,7,27.5,2.6077,weekly demand std / sqrt(7),0.95,11.35,38.85,93.85,0,NO_REORDER,LOW,Stock 50 is at or above the reorder point 38.8
BR005,MED015,Ambroxol + Levosalbutamol Syrup 100ml,Respiratory,51,16.386,32.82,69.932,2.3409,7,16.39,1.4733,weekly demand std / sqrt(7),0.95,6.41,22.8,55.57,0,NO_REORDER,LOW,Stock 51 is at or above the reorder point 22.8
BR005,MED016,Salbutamol Inhaler 100mcg,Respiratory,13,0.599,1.258,2.957,0.0856,7,0.6,0.3371,weekly demand std / sqrt(7),0.95,1.47,2.07,3.26,0,NO_REORDER,LOW,Stock 13 is at or above the reorder point 2.1
BR005,MED017,Vitamin C Chewable 500mg,Vitamins,81,14.169,28.011,58.281,2.0357,7,14.25,2.0318,weekly demand std / sqrt(7),0.95,8.84,23.09,51.59,0,NO_REORDER,LOW,Stock 81 is at or above the reorder point 23.1
BR005,MED018,Vitamin D3 60000IU,Vitamins,6,1.78,3.924,10.313,0.3929,7,2.75,0.6638,weekly demand std / sqrt(7),0.95,2.89,5.64,11.14,0,NO_REORDER,LOW,Stock 6 is at or above the reorder point 5.6
BR005,MED020,Mupirocin Ointment 2%,Dermatological,26,1.177,2.283,5.365,0.1681,7,1.18,0.6332,weekly demand std / sqrt(7),0.95,2.76,3.93,6.29,0,NO_REORDER,LOW,Stock 26 is at or above the reorder point 3.9
BR005,MED021,Ibuprofen 400mg,Analgesics,19,5.533,12.18,28.097,0.8929,7,6.25,1.0254,weekly demand std / sqrt(7),0.95,4.46,10.71,23.21,0,NO_REORDER,LOW,Stock 19 is at or above the reorder point 10.7
BR005,MED025,Ciprofloxacin 500mg,Antibiotics,15,3.653,7.016,16.314,0.5714,7,4.0,1.0446,weekly demand std / sqrt(7),0.95,4.55,8.55,16.55,0,NO_REORDER,LOW,Stock 15 is at or above the reorder point 8.5
BR005,MED026,Doxycycline 100mg,Antibiotics,11,2.601,5.783,13.437,0.4643,7,3.25,0.5969,weekly demand std / sqrt(7),0.95,2.6,5.85,12.35,0,NO_REORDER,LOW,Stock 11 is at or above the reorder point 5.8
BR005,MED028,Mefenamic Acid 250mg,Antipyretics,34,0.687,1.394,3.155,0.0981,7,0.69,0.4753,weekly demand std / sqrt(7),0.95,2.07,2.76,4.13,0,NO_REORDER,LOW,Stock 34 is at or above the reorder point 2.8
BR005,MED029,Paracetamol Drops 100mg/ml,Antipyretics,12,1.634,3.606,7.456,0.2857,7,2.0,0.4378,weekly demand std / sqrt(7),0.95,1.91,3.91,7.91,0,NO_REORDER,LOW,Stock 12 is at or above the reorder point 3.9
BR005,MED030,Levocetirizine 5mg,Antihistamines,9,3.117,6.713,16.289,0.7143,7,5.0,0.7353,weekly demand std / sqrt(7),0.95,3.2,8.2,18.2,0,NO_REORDER,LOW,Stock 9 is at or above the reorder point 8.2
BR005,MED031,Montelukast + Levocetirizine 10mg/5mg,Antihistamines,26,12.522,25.73,55.806,1.8929,7,13.25,1.445,weekly demand std / sqrt(7),0.95,6.29,19.54,46.04,0,NO_REORDER,LOW,Stock 26 is at or above the reorder point 19.5
BR005,MED032,Chlorpheniramine 4mg,Antihistamines,22,1.036,2.172,5.546,0.1786,7,1.25,0.4143,weekly demand std / sqrt(7),0.95,1.8,3.05,5.55,0,NO_REORDER,LOW,Stock 22 is at or above the reorder point 3.1
BR005,MED033,Omeprazole 20mg,Gastrointestinal,118,41.75,83.14,179.434,5.9643,7,41.75,4.9117,weekly demand std / sqrt(7),0.95,21.38,63.13,146.63,0,NO_REORDER,LOW,Stock 118 is at or above the reorder point 63.1
BR005,MED036,Loperamide 2mg,Gastrointestinal,13,0.912,1.848,4.264,0.1303,7,0.91,0.4046,weekly demand std / sqrt(7),0.95,1.76,2.67,4.5,0,NO_REORDER,LOW,Stock 13 is at or above the reorder point 2.7
BR005,MED037,Telmisartan 40mg,Cardiovascular,246,68.787,139.11,300.025,10.3214,7,72.25,6.3683,weekly demand std / sqrt(7),0.95,27.71,99.96,244.46,0,NO_REORDER,LOW,Stock 246 is at or above the reorder point 100.0
BR005,MED038,Losartan 50mg,Cardiovascular,17,6.164,12.807,29.656,1.0357,7,7.25,1.274,weekly demand std / sqrt(7),0.95,5.54,12.79,27.29,0,NO_REORDER,LOW,Stock 17 is at or above the reorder point 12.8
BR005,MED039,Metoprolol 50mg,Cardiovascular,35,9.756,20.474,45.411,1.6071,7,11.25,1.9576,weekly demand std / sqrt(7),0.95,8.52,19.77,42.27,0,NO_REORDER,LOW,Stock 35 is at or above the reorder point 19.8
BR005,MED041,Clopidogrel 75mg,Cardiovascular,21,0.612,1.272,3.166,0.0874,7,0.61,0.3238,weekly demand std / sqrt(7),0.95,1.41,2.02,3.25,0,NO_REORDER,LOW,Stock 21 is at or above the reorder point 2.0
BR005,MED042,Aspirin 75mg,Cardiovascular,43,10.192,22.307,49.969,1.8929,7,13.25,1.1719,weekly demand std / sqrt(7),0.95,5.1,18.35,44.85,0,NO_REORDER,LOW,Stock 43 is at or above the reorder point 18.4
BR005,MED043,Glimepiride + Metformin 2mg/500mg,Antidiabetic,56,35.191,72.041,160.257,5.5,7,38.5,3.1763,weekly demand std / sqrt(7),0.95,13.82,52.32,129.32,0,NO_REORDER,LOW,Stock 56 is at or above the reorder point 52.3
BR005,MED044,Sitagliptin 100mg,Antidiabetic,32,1.537,3.473,9.624,0.2857,7,2.0,0.7466,weekly demand std / sqrt(7),0.95,3.25,5.25,9.25,0,NO_REORDER,LOW,Stock 32 is at or above the reorder point 5.2
BR005,MED045,Gliclazide 80mg,Antidiabetic,14,1.163,2.748,6.087,0.2143,7,1.5,0.4979,weekly demand std / sqrt(7),0.95,2.17,3.67,6.67,0,NO_REORDER,LOW,Stock 14 is at or above the reorder point 3.7
BR005,MED046,Montelukast 10mg,Respiratory,34,13.048,25.185,53.616,1.864,7,13.05,1.2626,weekly demand std / sqrt(7),0.95,5.49,18.54,44.64,0,NO_REORDER,LOW,Stock 34 is at or above the reorder point 18.5
BR005,MED047,Budesonide Inhaler 200mcg,Respiratory,10,0.549,1.249,2.744,0.0784,7,0.55,0.5705,weekly demand std / sqrt(7),0.95,2.48,3.03,4.13,0,NO_REORDER,LOW,Stock 10 is at or above the reorder point 3.0
BR005,MED049,Multivitamin B-complex+C,Vitamins,31,10.919,22.546,49.626,1.9643,7,13.75,1.8337,weekly demand std / sqrt(7),0.95,7.98,21.73,49.23,0,NO_REORDER,LOW,Stock 31 is at or above the reorder point 21.7
BR005,MED050,Calcium + Vitamin D3 500mg/250IU,Vitamins,12,1.447,3.386,7.434,0.2857,7,2.0,0.7444,weekly demand std / sqrt(7),0.95,3.24,5.24,9.24,0,NO_REORDER,LOW,Stock 12 is at or above the reorder point 5.2
BR005,MED051,Iron + Folic Acid 100mg/500mcg,Vitamins,14,0.725,1.65,4.352,0.1429,7,1.0,0.3866,weekly demand std / sqrt(7),0.95,1.68,2.68,4.68,0,NO_REORDER,LOW,Stock 14 is at or above the reorder point 2.7
BR005,MED052,Hydrocortisone Cream 1%,Dermatological,18,0.47,0.982,2.008,0.0671,7,0.47,0.2875,weekly demand std / sqrt(7),0.95,1.25,1.72,2.66,0,NO_REORDER,LOW,Stock 18 is at or above the reorder point 1.7
BR005,MED053,Fusidic Acid Cream 2%,Dermatological,13,0.677,1.429,3.089,0.1071,7,0.75,0.4744,weekly demand std / sqrt(7),0.95,2.06,2.81,4.31,0,NO_REORDER,LOW,Stock 13 is at or above the reorder point 2.8
BR005,MED054,Calamine Lotion 100ml,Dermatological,10,0.388,0.86,1.804,0.0554,7,0.39,0.4398,weekly demand std / sqrt(7),0.95,1.91,2.3,3.08,0,NO_REORDER,LOW,Stock 10 is at or above the reorder point 2.3
BR005,MED055,Ketoconazole Shampoo 2%,Dermatological,14,1.398,2.829,6.894,0.3214,7,2.25,0.8163,weekly demand std / sqrt(7),0.95,3.55,5.8,10.3,0,NO_REORDER,LOW,Stock 14 is at or above the reorder point 5.8
BR005,MED056,Aceclofenac + Paracetamol 100mg/325mg (HealthAxis Pharma),Analgesics,8,0.556,1.185,2.74,0.0794,7,0.56,0.4979,weekly demand std / sqrt(7),0.95,2.17,2.72,3.83,0,NO_REORDER,LOW,Stock 8 is at or above the reorder point 2.7
BR005,MED057,Aceclofenac + Paracetamol 100mg/325mg (LifeSpring Pharma),Analgesics,26,0.567,1.537,3.381,0.081,7,0.57,0.2656,weekly demand std / sqrt(7),0.95,1.16,1.72,2.86,0,NO_REORDER,LOW,Stock 26 is at or above the reorder point 1.7
BR005,MED058,Aceclofenac + Paracetamol 100mg/325mg (VitaCure Remedies),Analgesics,20,4.569,9.486,21.218,0.6786,7,4.75,1.1298,weekly demand std / sqrt(7),0.95,4.92,9.67,19.17,0,NO_REORDER,LOW,Stock 20 is at or above the reorder point 9.7
BR005,MED059,Diclofenac 50mg (Aarogya Formulations),Analgesics,22,0.573,1.268,2.956,0.0819,7,0.57,0.3221,weekly demand std / sqrt(7),0.95,1.4,1.97,3.12,0,NO_REORDER,LOW,Stock 22 is at or above the reorder point 2.0
BR005,MED060,Diclofenac 50mg (CarePlus Laboratories),Analgesics,26,6.811,14.142,32.283,0.973,7,6.81,2.0321,weekly demand std / sqrt(7),0.95,8.84,15.65,29.28,0,NO_REORDER,LOW,Stock 26 is at or above the reorder point 15.7
BR005,MED061,Diclofenac 50mg (Stellar Formulations),Analgesics,8,1.27,2.571,6.057,0.2857,7,2.0,0.5705,weekly demand std / sqrt(7),0.95,2.48,4.48,8.48,0,NO_REORDER,LOW,Stock 8 is at or above the reorder point 4.5
BR005,MED062,Diclofenac 50mg (TrueLife Remedies),Analgesics,11,1.249,2.84,6.715,0.3571,7,2.5,0.4838,weekly demand std / sqrt(7),0.95,2.11,4.61,9.61,0,NO_REORDER,LOW,Stock 11 is at or above the reorder point 4.6
BR005,MED064,Diclofenac 100mg,Analgesics,12,0.926,2.053,4.418,0.1786,7,1.25,0.7952,weekly demand std / sqrt(7),0.95,3.46,4.71,7.21,0,NO_REORDER,LOW,Stock 12 is at or above the reorder point 4.7
BR005,MED065,Diclofenac 100mg (CureLine Healthcare),Analgesics,14,0.668,1.643,3.692,0.1429,7,1.0,0.4631,weekly demand std / sqrt(7),0.95,2.02,3.02,5.02,0,NO_REORDER,LOW,Stock 14 is at or above the reorder point 3.0
BR005,MED067,Ibuprofen 400mg (Aarogya Formulations),Analgesics,17,0.755,1.664,4.367,0.1079,7,0.76,0.4368,weekly demand std / sqrt(7),0.95,1.9,2.66,4.17,0,NO_REORDER,LOW,Stock 17 is at or above the reorder point 2.7
BR005,MED068,Ibuprofen 400mg (CureLine Healthcare),Analgesics,16,1.638,3.497,7.371,0.2857,7,2.0,0.4622,weekly demand std / sqrt(7),0.95,2.01,4.01,8.01,0,NO_REORDER,LOW,Stock 16 is at or above the reorder point 4.0
BR005,MED069,Ibuprofen 400mg (HealthAxis Pharma),Analgesics,20,6.914,14.503,32.704,1.1429,7,8.0,1.1518,weekly demand std / sqrt(7),0.95,5.01,13.01,29.01,0,NO_REORDER,LOW,Stock 20 is at or above the reorder point 13.0
BR005,MED070,Ibuprofen 400mg (NovaMed Laboratories),Analgesics,42,8.465,18.323,39.017,1.2093,7,8.46,1.1579,weekly demand std / sqrt(7),0.95,5.04,13.5,30.43,0,NO_REORDER,LOW,Stock 42 is at or above the reorder point 13.5
BR005,MED071,Ibuprofen 400mg (Stellar Formulations),Analgesics,15,1.365,3.07,7.415,0.2143,7,1.5,0.7085,weekly demand std / sqrt(7),0.95,3.08,4.58,7.58,0,NO_REORDER,LOW,Stock 15 is at or above the reorder point 4.6
BR005,MED072,Ibuprofen 400mg (VitaCure Remedies),Analgesics,16,0.664,1.405,3.702,0.0949,7,0.66,0.5659,weekly demand std / sqrt(7),0.95,2.46,3.13,4.45,0,NO_REORDER,LOW,Stock 16 is at or above the reorder point 3.1
BR005,MED074,Ibuprofen 200mg (LifeSpring Pharma),Analgesics,11,1.169,2.669,5.634,0.1786,7,1.25,0.3067,weekly demand std / sqrt(7),0.95,1.33,2.58,5.08,0,NO_REORDER,LOW,Stock 11 is at or above the reorder point 2.6
BR005,MED075,Ibuprofen 200mg (Summit Lifesciences),Analgesics,11,3.756,8.181,18.282,0.6071,7,4.25,0.9461,weekly demand std / sqrt(7),0.95,4.12,8.37,16.87,0,NO_REORDER,LOW,Stock 11 is at or above the reorder point 8.4
BR005,MED076,Ibuprofen 200mg (TrueLife Remedies),Analgesics,12,4.772,10.244,23.513,0.8214,7,5.75,1.4223,weekly demand std / sqrt(7),0.95,6.19,11.94,23.44,0,NO_REORDER,LOW,Stock 12 is at or above the reorder point 11.9
BR005,MED077,Ibuprofen 200mg (VitaCure Remedies),Analgesics,10,1.408,3.132,7.258,0.25,7,1.75,0.634,weekly demand std / sqrt(7),0.95,2.76,4.51,8.01,0,NO_REORDER,LOW,Stock 10 is at or above the reorder point 4.5
BR005,MED078,Ibuprofen 600mg,Analgesics,15,6.454,13.523,29.887,1.0714,7,7.5,1.2626,weekly demand std / sqrt(7),0.95,5.49,12.99,27.99,0,NO_REORDER,LOW,Stock 15 is at or above the reorder point 13.0
BR005,MED079,Ibuprofen 600mg (BlueCrest Pharma),Analgesics,26,6.926,14.538,31.628,1.0357,7,7.25,1.3201,weekly demand std / sqrt(7),0.95,5.74,12.99,27.49,0,NO_REORDER,LOW,Stock 26 is at or above the reorder point 13.0
BR005,MED081,Ibuprofen 600mg (NovaMed Laboratories),Analgesics,30,6.987,15.415,34.586,1.0,7,7.0,0.9139,weekly demand std / sqrt(7),0.95,3.98,10.98,24.98,0,NO_REORDER,LOW,Stock 30 is at or above the reorder point 11.0
BR005,MED082,Naproxen 250mg (CureLine Healthcare),Analgesics,37,13.609,28.668,62.551,2.1429,7,15.0,1.7015,weekly demand std / sqrt(7),0.95,7.4,22.4,52.4,0,NO_REORDER,LOW,Stock 37 is at or above the reorder point 22.4
BR005,MED083,Naproxen 250mg (HealthAxis Pharma),Analgesics,12,5.09,11.163,25.579,0.8929,7,6.25,1.1272,weekly demand std / sqrt(7),0.95,4.91,11.16,23.66,0,NO_REORDER,LOW,Stock 12 is at or above the reorder point 11.2
BR005,MED084,Naproxen 250mg (VitaCure Remedies),Analgesics,25,8.805,18.283,40.33,1.5,7,10.5,1.5315,weekly demand std / sqrt(7),0.95,6.66,17.16,38.16,0,NO_REORDER,LOW,Stock 25 is at or above the reorder point 17.2
BR005,MED085,Naproxen 500mg,Analgesics,7,0.52,1.313,3.095,0.0743,7,0.52,0.4596,weekly demand std / sqrt(7),0.95,2.0,2.52,3.56,0,NO_REORDER,LOW,Stock 7 is at or above the reorder point 2.5
BR005,MED086,Naproxen 500mg (CarePlus Laboratories),Analgesics,132,57.607,110.532,253.002,8.3571,7,58.5,4.6827,weekly demand std / sqrt(7),0.95,20.38,78.88,195.88,0,NO_REORDER,LOW,Stock 132 is at or above the reorder point 78.9
BR005,MED088,Naproxen 500mg (NovaMed Laboratories),Analgesics,19,0.665,1.605,3.555,0.095,7,0.66,0.1944,weekly demand std / sqrt(7),0.95,0.85,1.51,2.84,0,NO_REORDER,LOW,Stock 19 is at or above the reorder point 1.5
BR005,MED089,Paracetamol 500mg (Aarogya Formulations),Analgesics,23,0.531,1.105,2.532,0.0759,7,0.53,0.4847,weekly demand std / sqrt(7),0.95,2.11,2.64,3.7,0,NO_REORDER,LOW,Stock 23 is at or above the reorder point 2.6
BR005,MED090,Paracetamol 500mg (CarePlus Laboratories),Analgesics,12,2.073,4.979,10.572,0.2961,7,2.07,0.643,weekly demand std / sqrt(7),0.95,2.8,4.87,9.02,0,NO_REORDER,LOW,Stock 12 is at or above the reorder point 4.9
BR005,MED091,Paracetamol 500mg (HealthAxis Pharma),Analgesics,27,13.908,28.07,63.67,2.25,7,15.75,2.2073,weekly demand std / sqrt(7),0.95,9.61,25.36,56.86,0,NO_REORDER,LOW,Stock 27 is at or above the reorder point 25.4
BR005,MED093,Paracetamol 250mg,Analgesics,16,0.383,0.827,2.078,0.0547,7,0.38,0.2395,weekly demand std / sqrt(7),0.95,1.04,1.43,2.19,0,NO_REORDER,LOW,Stock 16 is at or above the reorder point 1.4
BR005,MED094,Paracetamol 250mg (Stellar Formulations),Analgesics,8,0.999,2.305,5.207,0.1786,7,1.25,0.6735,weekly demand std / sqrt(7),0.95,2.93,4.18,6.68,0,NO_REORDER,LOW,Stock 8 is at or above the reorder point 4.2
BR005,MED095,Amoxicillin 250mg,Antibiotics,14,4.073,8.109,18.851,0.7143,7,5.0,0.9106,weekly demand std / sqrt(7),0.95,3.96,8.96,18.96,0,NO_REORDER,LOW,Stock 14 is at or above the reorder point 9.0
BR005,MED096,Amoxicillin 250mg (CureLine Healthcare),Antibiotics,12,3.527,7.225,16.157,0.6071,7,4.25,1.2708,weekly demand std / sqrt(7),0.95,5.53,9.78,18.28,0,NO_REORDER,LOW,Stock 12 is at or above the reorder point 9.8
BR005,MED097,Amoxicillin 250mg (LifeSpring Pharma),Antibiotics,30,6.526,13.943,30.49,0.9643,7,6.75,1.3816,weekly demand std / sqrt(7),0.95,6.01,12.76,26.26,0,NO_REORDER,LOW,Stock 30 is at or above the reorder point 12.8
BR005,MED099,Amoxicillin 250mg (Stellar Formulations),Antibiotics,11,0.477,0.958,1.976,0.0681,7,0.48,0.5557,weekly demand std / sqrt(7),0.95,2.42,2.9,3.85,0,NO_REORDER,LOW,Stock 11 is at or above the reorder point 2.9
BR005,MED101,Amoxicillin + Clavulanic Acid 625mg (CureLine Healthcare),Antibiotics,4,0.327,0.673,1.667,0.0467,7,0.33,0.2817,weekly demand std / sqrt(7),0.95,1.23,1.55,2.21,0,NO_REORDER,LOW,Stock 4 is at or above the reorder point 1.6
BR005,MED102,Amoxicillin + Clavulanic Acid 625mg (HealthAxis Pharma),Antibiotics,22,1.443,2.824,6.181,0.2061,7,1.44,0.5246,weekly demand std / sqrt(7),0.95,2.28,3.73,6.61,0,NO_REORDER,LOW,Stock 22 is at or above the reorder point 3.7
BR005,MED103,Amoxicillin + Clavulanic Acid 625mg (Stellar Formulations),Antibiotics,9,1.277,2.675,6.124,0.25,7,1.75,0.7407,weekly demand std / sqrt(7),0.95,3.22,4.97,8.47,0,NO_REORDER,LOW,Stock 9 is at or above the reorder point 5.0
BR005,MED105,Amoxicillin + Clavulanic Acid 375mg (NovaMed Laboratories),Antibiotics,44,20.432,37.346,87.59,2.9643,7,20.75,2.6418,weekly demand std / sqrt(7),0.95,11.5,32.25,73.75,0,NO_REORDER,LOW,Stock 44 is at or above the reorder point 32.2
BR005,MED106,Amoxicillin + Clavulanic Acid 375mg (Summit Lifesciences),Antibiotics,6,0.924,1.992,4.399,0.2143,7,1.5,0.6808,weekly demand std / sqrt(7),0.95,2.96,4.46,7.46,0,NO_REORDER,LOW,Stock 6 is at or above the reorder point 4.5
BR005,MED107,Amoxicillin + Clavulanic Acid 375mg (TrueLife Remedies),Antibiotics,16,4.033,8.402,18.358,0.6786,7,4.75,1.006,weekly demand std / sqrt(7),0.95,4.38,9.13,18.63,0,NO_REORDER,LOW,Stock 16 is at or above the reorder point 9.1
BR005,MED108,Azithromycin 500mg (Aarogya Formulations),Antibiotics,25,6.598,13.617,30.073,0.9643,7,6.75,1.484,weekly demand std / sqrt(7),0.95,6.46,13.21,26.71,0,NO_REORDER,LOW,Stock 25 is at or above the reorder point 13.2
BR005,MED110,Azithromycin 500mg (VitaCure Remedies),Antibiotics,10,0.625,1.198,2.714,0.0893,7,0.62,0.3536,weekly demand std / sqrt(7),0.95,1.54,2.16,3.41,0,NO_REORDER,LOW,Stock 10 is at or above the reorder point 2.2
BR005,MED113,Azithromycin 250mg (BlueCrest Pharma),Antibiotics,71,35.218,70.591,151.996,5.2143,7,36.5,3.8914,weekly demand std / sqrt(7),0.95,16.93,53.43,126.43,0,NO_REORDER,LOW,Stock 71 is at or above the reorder point 53.4
BR005,MED114,Azithromycin 250mg (CarePlus Laboratories),Antibiotics,16,1.711,3.622,7.534,0.2857,7,2.0,0.8955,weekly demand std / sqrt(7),0.95,3.9,5.9,9.9,0,NO_REORDER,LOW,Stock 16 is at or above the reorder point 5.9
BR005,MED115,Azithromycin 250mg (CureLine Healthcare),Antibiotics,12,0.605,1.192,2.758,0.0864,7,0.6,0.7923,weekly demand std / sqrt(7),0.95,3.45,4.05,5.26,0,NO_REORDER,LOW,Stock 12 is at or above the reorder point 4.1
BR005,MED116,Azithromycin 250mg (HealthAxis Pharma),Antibiotics,14,3.161,6.665,15.18,0.5357,7,3.75,0.8111,weekly demand std / sqrt(7),0.95,3.53,7.28,14.78,0,NO_REORDER,LOW,Stock 14 is at or above the reorder point 7.3
BR005,MED118,Azithromycin 250mg (NovaMed Laboratories),Antibiotics,13,0.851,1.801,3.851,0.1786,7,1.25,0.532,weekly demand std / sqrt(7),0.95,2.32,3.57,6.07,0,NO_REORDER,LOW,Stock 13 is at or above the reorder point 3.6
BR005,MED119,Azithromycin 250mg (TrueLife Remedies),Antibiotics,14,0.941,1.882,4.388,0.1344,7,0.94,0.4808,weekly demand std / sqrt(7),0.95,2.09,3.03,4.92,0,NO_REORDER,LOW,Stock 14 is at or above the reorder point 3.0
BR005,MED120,Cefixime 200mg (ApexLife Pharma),Antibiotics,7,1.664,3.621,8.175,0.3214,7,2.25,0.6583,weekly demand std / sqrt(7),0.95,2.86,5.11,9.61,0,NO_REORDER,LOW,Stock 7 is at or above the reorder point 5.1
BR005,MED121,Cefixime 200mg (CureLine Healthcare),Antibiotics,17,0.692,1.479,3.439,0.0989,7,0.69,0.4506,weekly demand std / sqrt(7),0.95,1.96,2.65,4.04,0,NO_REORDER,LOW,Stock 17 is at or above the reorder point 2.7
BR005,MED122,Cefixime 200mg (NovaMed Laboratories),Antibiotics,12,4.936,10.085,22.067,0.8929,7,6.25,1.1901,weekly demand std / sqrt(7),0.95,5.18,11.43,23.93,0,NO_REORDER,LOW,Stock 12 is at or above the reorder point 11.4
BR005,MED123,Cefixime 200mg (Stellar Formulations),Antibiotics,16,0.397,0.819,2.168,0.0567,7,0.4,0.1858,weekly demand std / sqrt(7),0.95,0.81,1.21,2.0,0,NO_REORDER,LOW,Stock 16 is at or above the reorder point 1.2
BR005,MED124,Cefixime 100mg,Antibiotics,21,0.563,1.099,3.059,0.0804,7,0.56,0.2431,weekly demand std / sqrt(7),0.95,1.06,1.62,2.75,0,NO_REORDER,LOW,Stock 21 is at or above the reorder point 1.6
BR005,MED125,Cefixime 100mg (HealthAxis Pharma),Antibiotics,6,2.031,4.668,10.581,0.4286,7,3.0,0.6671,weekly demand std / sqrt(7),0.95,2.9,5.9,11.9,0,NO_REORDER,LOW,Stock 6 is at or above the reorder point 5.9
BR005,MED126,Cefixime 100mg (NovaMed Laboratories),Antibiotics,7,0.61,1.272,3.021,0.1429,7,1.0,0.4526,weekly demand std / sqrt(7),0.95,1.97,2.97,4.97,0,NO_REORDER,LOW,Stock 7 is at or above the reorder point 3.0
BR005,MED128,Ciprofloxacin 500mg (BlueCrest Pharma),Antibiotics,6,0.632,1.335,2.99,0.1786,7,1.25,0.3127,weekly demand std / sqrt(7),0.95,1.36,2.61,5.11,0,NO_REORDER,LOW,Stock 6 is at or above the reorder point 2.6
BR005,MED130,Ciprofloxacin 250mg (LifeSpring Pharma),Antibiotics,28,8.779,17.842,37.887,1.5,7,10.5,1.2593,weekly demand std / sqrt(7),0.95,5.48,15.98,36.98,0,NO_REORDER,LOW,Stock 28 is at or above the reorder point 16.0
BR005,MED131,Doxycycline 100mg (Aarogya Formulations),Antibiotics,13,3.791,7.965,17.643,0.6429,7,4.5,1.2154,weekly demand std / sqrt(7),0.95,5.29,9.79,18.79,0,NO_REORDER,LOW,Stock 13 is at or above the reorder point 9.8
BR005,MED132,Doxycycline 100mg (ApexLife Pharma),Antibiotics,9,1.504,3.451,7.426,0.3571,7,2.5,0.6186,weekly demand std / sqrt(7),0.95,2.69,5.19,10.19,0,NO_REORDER,LOW,Stock 9 is at or above the reorder point 5.2
BR005,MED133,Doxycycline 100mg (HealthAxis Pharma),Antibiotics,7,0.648,1.38,2.747,0.0926,7,0.65,0.2282,weekly demand std / sqrt(7),0.95,0.99,1.64,2.94,0,NO_REORDER,LOW,Stock 7 is at or above the reorder point 1.6
BR005,MED134,Doxycycline 100mg (Summit Lifesciences),Antibiotics,10,2.746,5.798,13.412,0.4643,7,3.25,0.6756,weekly demand std / sqrt(7),0.95,2.94,6.19,12.69,0,NO_REORDER,LOW,Stock 10 is at or above the reorder point 6.2
BR005,MED136,Mefenamic Acid 250mg (HealthAxis Pharma),Antipyretics,9,1.218,2.298,4.944,0.25,7,1.75,0.6064,weekly demand std / sqrt(7),0.95,2.64,4.39,7.89,0,NO_REORDER,LOW,Stock 9 is at or above the reorder point 4.4
BR005,MED137,Mefenamic Acid 250mg (LifeSpring Pharma),Antipyretics,11,1.378,2.813,6.67,0.25,7,1.75,0.7676,weekly demand std / sqrt(7),0.95,3.34,5.09,8.59,0,NO_REORDER,LOW,Stock 11 is at or above the reorder point 5.1
BR005,MED138,Mefenamic Acid 250mg (NovaMed Laboratories),Antipyretics,25,6.606,13.712,28.409,1.0,7,7.0,1.3396,weekly demand std / sqrt(7),0.95,5.83,12.83,26.83,0,NO_REORDER,LOW,Stock 25 is at or above the reorder point 12.8
BR005,MED141,Mefenamic Acid 500mg (HealthAxis Pharma),Antipyretics,11,1.881,3.79,8.247,0.3214,7,2.25,0.5588,weekly demand std / sqrt(7),0.95,2.43,4.68,9.18,0,NO_REORDER,LOW,Stock 11 is at or above the reorder point 4.7
BR005,MED142,Mefenamic Acid 500mg (Kavach Healthcare),Antipyretics,33,18.138,35.683,77.988,2.7143,7,19.0,2.4712,weekly demand std / sqrt(7),0.95,10.75,29.75,67.75,0,NO_REORDER,LOW,Stock 33 is at or above the reorder point 29.8
BR005,MED144,Mefenamic Acid 500mg (NovaMed Laboratories),Antipyretics,35,15.645,28.969,67.336,2.3929,7,16.75,2.6353,weekly demand std / sqrt(7),0.95,11.47,28.22,61.72,0,NO_REORDER,LOW,Stock 35 is at or above the reorder point 28.2
BR005,MED145,Mefenamic Acid 500mg (Stellar Formulations),Antipyretics,18,0.399,0.76,1.731,0.057,7,0.4,0.2817,weekly demand std / sqrt(7),0.95,1.23,1.62,2.42,0,NO_REORDER,LOW,Stock 18 is at or above the reorder point 1.6
BR005,MED146,Mefenamic Acid 500mg (Summit Lifesciences),Antipyretics,6,0.575,1.105,2.344,0.0821,7,0.57,0.5246,weekly demand std / sqrt(7),0.95,2.28,2.86,4.01,0,NO_REORDER,LOW,Stock 6 is at or above the reorder point 2.9
BR005,MED147,Mefenamic Acid 500mg (TrueLife Remedies),Antipyretics,15,0.951,1.925,4.118,0.1429,7,1.0,0.2623,weekly demand std / sqrt(7),0.95,1.14,2.14,4.14,0,NO_REORDER,LOW,Stock 15 is at or above the reorder point 2.1
BR005,MED148,Mefenamic Acid 500mg (VitaCure Remedies),Antipyretics,17,1.722,3.459,7.48,0.4643,7,3.25,0.8207,weekly demand std / sqrt(7),0.95,3.57,6.82,13.32,0,NO_REORDER,LOW,Stock 17 is at or above the reorder point 6.8
BR005,MED149,Paracetamol 650mg (Aarogya Formulations),Antipyretics,8,1.699,3.505,8.11,0.3571,7,2.5,0.6802,weekly demand std / sqrt(7),0.95,2.96,5.46,10.46,0,NO_REORDER,LOW,Stock 8 is at or above the reorder point 5.5
BR005,MED150,Paracetamol 650mg (CarePlus Laboratories),Antipyretics,15,1.316,3.004,6.709,0.3214,7,2.25,0.5077,weekly demand std / sqrt(7),0.95,2.21,4.46,8.96,0,NO_REORDER,LOW,Stock 15 is at or above the reorder point 4.5
BR005,MED151,Paracetamol Drops 100mg/ml (Aarogya Formulations),Antipyretics,12,2.128,4.446,10.464,0.3929,7,2.75,0.5459,weekly demand std / sqrt(7),0.95,2.38,5.13,10.63,0,NO_REORDER,LOW,Stock 12 is at or above the reorder point 5.1
BR005,MED153,Paracetamol Suspension 250mg/5ml (BlueCrest Pharma),Antipyretics,4,0.597,1.284,2.776,0.1071,7,0.75,0.3071,weekly demand std / sqrt(7),0.95,1.34,2.09,3.59,0,NO_REORDER,LOW,Stock 4 is at or above the reorder point 2.1
BR005,MED154,Paracetamol Suspension 250mg/5ml (CarePlus Laboratories),Antipyretics,12,3.108,6.129,14.609,0.5714,7,4.0,1.0458,weekly demand std / sqrt(7),0.95,4.55,8.55,16.55,0,NO_REORDER,LOW,Stock 12 is at or above the reorder point 8.6
BR005,MED156,Paracetamol Suspension 250mg/5ml (TrueLife Remedies),Antipyretics,11,1.064,2.207,5.227,0.3214,7,2.25,0.7097,weekly demand std / sqrt(7),0.95,3.09,5.34,9.84,0,NO_REORDER,LOW,Stock 11 is at or above the reorder point 5.3
BR005,MED157,Paracetamol Suspension 125mg/5ml,Antipyretics,18,0.691,1.705,4.118,0.1071,7,0.75,0.4003,weekly demand std / sqrt(7),0.95,1.74,2.49,3.99,0,NO_REORDER,LOW,Stock 18 is at or above the reorder point 2.5
BR005,MED158,Paracetamol Suspension 125mg/5ml (LifeSpring Pharma),Antipyretics,44,15.56,28.669,63.558,2.2229,7,15.56,1.8462,weekly demand std / sqrt(7),0.95,8.03,23.59,54.71,0,NO_REORDER,LOW,Stock 44 is at or above the reorder point 23.6
BR005,MED159,Paracetamol Suspension 125mg/5ml (NovaMed Laboratories),Antipyretics,10,2.338,4.769,11.229,0.3929,7,2.75,1.2004,weekly demand std / sqrt(7),0.95,5.22,7.97,13.47,0,NO_REORDER,LOW,Stock 10 is at or above the reorder point 8.0
BR005,MED160,Paracetamol Suspension 125mg/5ml (TrueLife Remedies),Antipyretics,27,1.183,2.155,4.584,0.169,7,1.18,0.7601,weekly demand std / sqrt(7),0.95,3.31,4.49,6.86,0,NO_REORDER,LOW,Stock 27 is at or above the reorder point 4.5
BR005,MED162,Cetirizine 10mg (ApexLife Pharma),Antihistamines,8,1.355,2.837,6.621,0.2857,7,2.0,0.604,weekly demand std / sqrt(7),0.95,2.63,4.63,8.63,0,NO_REORDER,LOW,Stock 8 is at or above the reorder point 4.6
BR005,MED163,Cetirizine 10mg (CureLine Healthcare),Antihistamines,24,10.299,19.223,45.461,1.5714,7,11.0,1.9538,weekly demand std / sqrt(7),0.95,8.5,19.5,41.5,0,NO_REORDER,LOW,Stock 24 is at or above the reorder point 19.5
BR005,MED164,Cetirizine 10mg (LifeSpring Pharma),Antihistamines,7,1.072,2.232,5.61,0.1786,7,1.25,0.5077,weekly demand std / sqrt(7),0.95,2.21,3.46,5.96,0,NO_REORDER,LOW,Stock 7 is at or above the reorder point 3.5
BR005,MED165,Cetirizine 10mg (Stellar Formulations),Antihistamines,29,5.184,10.126,23.163,0.7406,7,5.18,1.0806,weekly demand std / sqrt(7),0.95,4.7,9.89,20.25,0,NO_REORDER,LOW,Stock 29 is at or above the reorder point 9.9
BR005,MED166,Cetirizine 10mg (Summit Lifesciences),Antihistamines,15,2.8,5.654,13.286,0.4643,7,3.25,0.518,weekly demand std / sqrt(7),0.95,2.25,5.5,12.0,0,NO_REORDER,LOW,Stock 15 is at or above the reorder point 5.5
BR005,MED167,Cetirizine 10mg (TrueLife Remedies),Antihistamines,33,11.091,21.074,48.706,1.6786,7,11.75,1.3406,weekly demand std / sqrt(7),0.95,5.83,17.58,41.08,0,NO_REORDER,LOW,Stock 33 is at or above the reorder point 17.6
BR005,MED168,Cetirizine 5mg,Antihistamines,7,1.366,3.008,6.535,0.2857,7,2.0,0.6304,weekly demand std / sqrt(7),0.95,2.74,4.74,8.74,0,NO_REORDER,LOW,Stock 7 is at or above the reorder point 4.7
BR005,MED169,Cetirizine 5mg (CarePlus Laboratories),Antihistamines,30,19.725,39.75,91.505,2.9643,7,20.75,1.5549,weekly demand std / sqrt(7),0.95,6.77,27.52,69.02,0,NO_REORDER,LOW,Stock 30 is at or above the reorder point 27.5
BR005,MED170,Cetirizine 5mg (CureLine Healthcare),Antihistamines,5,0.443,0.852,1.911,0.0633,7,0.44,0.2738,weekly demand std / sqrt(7),0.95,1.19,1.63,2.52,0,NO_REORDER,LOW,Stock 5 is at or above the reorder point 1.6
BR005,MED172,Cetirizine 5mg (Summit Lifesciences),Antihistamines,17,0.773,1.774,4.622,0.1104,7,0.77,0.4718,weekly demand std / sqrt(7),0.95,2.05,2.83,4.37,0,NO_REORDER,LOW,Stock 17 is at or above the reorder point 2.8
BR005,MED174,Cetirizine 5mg (VitaCure Remedies),Antihistamines,17,0.892,2.001,5.189,0.1274,7,0.89,0.2016,weekly demand std / sqrt(7),0.95,0.88,1.77,3.55,0,NO_REORDER,LOW,Stock 17 is at or above the reorder point 1.8
BR005,MED175,Chlorpheniramine 4mg (ApexLife Pharma),Antihistamines,7,0.518,1.165,2.595,0.074,7,0.52,0.3474,weekly demand std / sqrt(7),0.95,1.51,2.03,3.07,0,NO_REORDER,LOW,Stock 7 is at or above the reorder point 2.0
BR005,MED176,Chlorpheniramine 4mg (BlueCrest Pharma),Antihistamines,40,1.029,2.292,4.996,0.147,7,1.03,0.435,weekly demand std / sqrt(7),0.95,1.89,2.92,4.98,0,NO_REORDER,LOW,Stock 40 is at or above the reorder point 2.9
BR005,MED177,Chlorpheniramine 4mg (CarePlus Laboratories),Antihistamines,16,0.975,2.114,5.334,0.1393,7,0.98,0.4266,weekly demand std / sqrt(7),0.95,1.86,2.83,4.78,0,NO_REORDER,LOW,Stock 16 is at or above the reorder point 2.8
BR005,MED178,Chlorpheniramine 4mg (HealthAxis Pharma),Antihistamines,25,0.886,1.934,4.761,0.1266,7,0.89,0.4497,weekly demand std / sqrt(7),0.95,1.96,2.84,4.61,0,NO_REORDER,LOW,Stock 25 is at or above the reorder point 2.8
BR005,MED180,Chlorpheniramine 4mg (VitaCure Remedies),Antihistamines,9,0.489,1.088,2.359,0.0714,7,0.5,0.3056,weekly demand std / sqrt(7),0.95,1.33,1.83,2.83,0,NO_REORDER,LOW,Stock 9 is at or above the reorder point 1.8
BR005,MED181,Fexofenadine 120mg (ApexLife Pharma),Antihistamines,17,0.948,2.129,5.3,0.1429,7,1.0,0.5347,weekly demand std / sqrt(7),0.95,2.33,3.33,5.33,0,NO_REORDER,LOW,Stock 17 is at or above the reorder point 3.3
BR005,MED182,Fexofenadine 120mg (BlueCrest Pharma),Antihistamines,30,6.984,14.424,32.652,0.9977,7,6.98,1.186,weekly demand std / sqrt(7),0.95,5.16,12.15,26.11,0,NO_REORDER,LOW,Stock 30 is at or above the reorder point 12.1
BR005,MED183,Fexofenadine 120mg (CureLine Healthcare),Antihistamines,18,3.064,6.237,13.131,0.4377,7,3.06,0.5757,weekly demand std / sqrt(7),0.95,2.51,5.57,11.7,0,NO_REORDER,LOW,Stock 18 is at or above the reorder point 5.6
BR005,MED184,Fexofenadine 120mg (LifeSpring Pharma),Antihistamines,12,2.125,4.677,11.337,0.3929,7,2.75,0.5751,weekly demand std / sqrt(7),0.95,2.5,5.25,10.75,0,NO_REORDER,LOW,Stock 12 is at or above the reorder point 5.3
BR005,MED185,Fexofenadine 120mg (TrueLife Remedies),Antihistamines,10,0.726,1.585,3.716,0.1071,7,0.75,0.4279,weekly demand std / sqrt(7),0.95,1.86,2.61,4.11,0,NO_REORDER,LOW,Stock 10 is at or above the reorder point 2.6
BR005,MED188,Fexofenadine 180mg (HealthAxis Pharma),Antihistamines,7,0.43,0.931,2.225,0.0614,7,0.43,0.3251,weekly demand std / sqrt(7),0.95,1.41,1.84,2.7,0,NO_REORDER,LOW,Stock 7 is at or above the reorder point 1.8
BR005,MED189,Fexofenadine 180mg (TrueLife Remedies),Antihistamines,8,1.004,2.241,5.251,0.1786,7,1.25,0.4631,weekly demand std / sqrt(7),0.95,2.02,3.27,5.77,0,NO_REORDER,LOW,Stock 8 is at or above the reorder point 3.3
BR005,MED190,Levocetirizine 5mg (Aarogya Formulations),Antihistamines,18,1.42,2.939,7.667,0.25,7,1.75,0.6903,weekly demand std / sqrt(7),0.95,3.0,4.75,8.25,0,NO_REORDER,LOW,Stock 18 is at or above the reorder point 4.8
BR005,MED191,Levocetirizine 5mg (BlueCrest Pharma),Antihistamines,16,4.188,9.025,20.44,0.6429,7,4.5,0.9838,weekly demand std / sqrt(7),0.95,4.28,8.78,17.78,0,NO_REORDER,LOW,Stock 16 is at or above the reorder point 8.8
BR005,MED192,Levocetirizine 5mg (CureLine Healthcare),Antihistamines,15,1.062,2.238,5.589,0.1517,7,1.06,0.441,weekly demand std / sqrt(7),0.95,1.92,2.98,5.11,0,NO_REORDER,LOW,Stock 15 is at or above the reorder point 3.0
BR005,MED193,Levocetirizine 5mg (LifeSpring Pharma),Antihistamines,13,0.792,1.77,4.047,0.1429,7,1.0,0.4901,weekly demand std / sqrt(7),0.95,2.13,3.13,5.13,0,NO_REORDER,LOW,Stock 13 is at or above the reorder point 3.1
BR005,MED194,Levocetirizine 5mg (NovaMed Laboratories),Antihistamines,15,3.167,6.313,14.403,0.4524,7,3.17,0.7596,weekly demand std / sqrt(7),0.95,3.31,6.47,12.81,0,NO_REORDER,LOW,Stock 15 is at or above the reorder point 6.5
BR005,MED195,Levocetirizine 5mg (VitaCure Remedies),Antihistamines,10,0.529,1.163,2.738,0.0756,7,0.53,0.465,weekly demand std / sqrt(7),0.95,2.02,2.55,3.61,0,NO_REORDER,LOW,Stock 10 is at or above the reorder point 2.6
BR005,MED196,Levocetirizine 2.5mg,Antihistamines,14,0.905,2.082,5.215,0.1429,7,1.0,0.3248,weekly demand std / sqrt(7),0.95,1.41,2.41,4.41,0,NO_REORDER,LOW,Stock 14 is at or above the reorder point 2.4
BR005,MED197,Levocetirizine 2.5mg (LifeSpring Pharma),Antihistamines,20,7.308,14.983,34.064,1.2143,7,8.5,0.9971,weekly demand std / sqrt(7),0.95,4.34,12.84,29.84,0,NO_REORDER,LOW,Stock 20 is at or above the reorder point 12.8
BR005,MED198,Levocetirizine 2.5mg (Stellar Formulations),Antihistamines,14,0.433,1.079,2.444,0.0619,7,0.43,0.1944,weekly demand std / sqrt(7),0.95,0.85,1.28,2.15,0,NO_REORDER,LOW,Stock 14 is at or above the reorder point 1.3
BR005,MED199,Montelukast + Levocetirizine 10mg/5mg (Aarogya Formulations),Antihistamines,22,0.739,1.554,4.553,0.1056,7,0.74,0.39,weekly demand std / sqrt(7),0.95,1.7,2.44,3.91,0,NO_REORDER,LOW,Stock 22 is at or above the reorder point 2.4
BR005,MED200,Montelukast + Levocetirizine 10mg/5mg (HealthAxis Pharma),Antihistamines,14,3.561,7.66,18.127,0.7143,7,5.0,0.7325,weekly demand std / sqrt(7),0.95,3.19,8.19,18.19,0,NO_REORDER,LOW,Stock 14 is at or above the reorder point 8.2
BR005,MED201,Montelukast + Levocetirizine 10mg/5mg (NovaMed Laboratories),Antihistamines,18,0.963,2.08,6.134,0.1429,7,1.0,0.5863,weekly demand std / sqrt(7),0.95,2.55,3.55,5.55,0,NO_REORDER,LOW,Stock 18 is at or above the reorder point 3.6
BR005,MED202,Montelukast + Levocetirizine 10mg/5mg (Stellar Formulations),Antihistamines,22,6.863,13.412,31.215,0.9804,7,6.86,1.1678,weekly demand std / sqrt(7),0.95,5.08,11.95,25.67,0,NO_REORDER,LOW,Stock 22 is at or above the reorder point 11.9
BR005,MED203,Montelukast + Levocetirizine 10mg/5mg (TrueLife Remedies),Antihistamines,11,0.595,1.331,3.176,0.1071,7,0.75,0.6498,weekly demand std / sqrt(7),0.95,2.83,3.58,5.08,0,NO_REORDER,LOW,Stock 11 is at or above the reorder point 3.6
BR005,MED204,Montelukast + Levocetirizine 10mg/5mg (VitaCure Remedies),Antihistamines,22,1.575,3.659,8.844,0.25,7,1.75,1.0272,weekly demand std / sqrt(7),0.95,4.47,6.22,9.72,0,NO_REORDER,LOW,Stock 22 is at or above the reorder point 6.2
BR005,MED207,Domperidone 10mg (CureLine Healthcare),Gastrointestinal,17,1.506,3.379,7.732,0.3571,7,2.5,0.578,weekly demand std / sqrt(7),0.95,2.52,5.02,10.02,0,NO_REORDER,LOW,Stock 17 is at or above the reorder point 5.0
BR005,MED208,Domperidone 10mg (HealthAxis Pharma),Gastrointestinal,10,0.533,1.223,3.074,0.1071,7,0.75,0.4447,weekly demand std / sqrt(7),0.95,1.94,2.69,4.19,0,NO_REORDER,LOW,Stock 10 is at or above the reorder point 2.7
BR005,MED209,Domperidone 10mg (LifeSpring Pharma),Gastrointestinal,11,1.14,2.663,5.869,0.2857,7,2.0,0.6585,weekly demand std / sqrt(7),0.95,2.87,4.87,8.87,0,NO_REORDER,LOW,Stock 11 is at or above the reorder point 4.9
BR005,MED210,Domperidone 10mg (NovaMed Laboratories),Gastrointestinal,16,1.697,3.648,7.78,0.3929,7,2.75,0.9293,weekly demand std / sqrt(7),0.95,4.04,6.79,12.29,0,NO_REORDER,LOW,Stock 16 is at or above the reorder point 6.8
BR005,MED211,Loperamide 2mg (Aarogya Formulations),Gastrointestinal,15,0.542,1.259,3.524,0.0774,7,0.54,0.3846,weekly demand std / sqrt(7),0.95,1.67,2.22,3.3,0,NO_REORDER,LOW,Stock 15 is at or above the reorder point 2.2
BR005,MED213,Loperamide 2mg (LifeSpring Pharma),Gastrointestinal,9,0.564,1.284,2.959,0.1071,7,0.75,0.4577,weekly demand std / sqrt(7),0.95,1.99,2.74,4.24,0,NO_REORDER,LOW,Stock 9 is at or above the reorder point 2.7
BR005,MED214,Omeprazole 20mg (Aarogya Formulations),Gastrointestinal,9,0.626,1.394,3.153,0.1071,7,0.75,0.4526,weekly demand std / sqrt(7),0.95,1.97,2.72,4.22,0,NO_REORDER,LOW,Stock 9 is at or above the reorder point 2.7
BR005,MED216,Omeprazole 20mg (CureLine Healthcare),Gastrointestinal,10,0.522,1.2,2.749,0.0746,7,0.52,0.5547,weekly demand std / sqrt(7),0.95,2.41,2.94,3.98,0,NO_REORDER,LOW,Stock 10 is at or above the reorder point 2.9
BR005,MED217,Omeprazole 20mg (HealthAxis Pharma),Gastrointestinal,11,0.943,1.961,4.521,0.1786,7,1.25,0.5396,weekly demand std / sqrt(7),0.95,2.35,3.6,6.1,0,NO_REORDER,LOW,Stock 11 is at or above the reorder point 3.6
BR005,MED218,Omeprazole 20mg (LifeSpring Pharma),Gastrointestinal,12,0.948,2.107,4.619,0.1786,7,1.25,0.7294,weekly demand std / sqrt(7),0.95,3.17,4.42,6.92,0,NO_REORDER,LOW,Stock 12 is at or above the reorder point 4.4
BR005,MED220,Omeprazole 20mg (VitaCure Remedies),Gastrointestinal,12,0.842,1.957,4.076,0.25,7,1.75,0.4818,weekly demand std / sqrt(7),0.95,2.1,3.85,7.35,0,NO_REORDER,LOW,Stock 12 is at or above the reorder point 3.8
BR005,MED221,Omeprazole 40mg,Gastrointestinal,9,0.766,1.586,3.784,0.1094,7,0.77,0.6597,weekly demand std / sqrt(7),0.95,2.87,3.64,5.17,0,NO_REORDER,LOW,Stock 9 is at or above the reorder point 3.6
BR005,MED223,Omeprazole 40mg (LifeSpring Pharma),Gastrointestinal,21,7.607,15.619,33.954,1.3929,7,9.75,1.6503,weekly demand std / sqrt(7),0.95,7.18,16.93,36.43,0,NO_REORDER,LOW,Stock 21 is at or above the reorder point 16.9
BR005,MED224,Omeprazole 40mg (Summit Lifesciences),Gastrointestinal,20,7.729,16.59,36.774,1.6786,7,11.75,1.8785,weekly demand std / sqrt(7),0.95,8.18,19.93,43.43,0,NO_REORDER,LOW,Stock 20 is at or above the reorder point 19.9
BR005,MED225,Omeprazole 40mg (TrueLife Remedies),Gastrointestinal,7,0.753,1.837,3.899,0.2143,7,1.5,0.5887,weekly demand std / sqrt(7),0.95,2.56,4.06,7.06,0,NO_REORDER,LOW,Stock 7 is at or above the reorder point 4.1
BR005,MED226,Ondansetron 4mg (Aarogya Formulations),Gastrointestinal,15,2.835,6.481,14.214,0.5357,7,3.75,1.1046,weekly demand std / sqrt(7),0.95,4.81,8.56,16.06,0,NO_REORDER,LOW,Stock 15 is at or above the reorder point 8.6
BR005,MED227,Ondansetron 4mg (BlueCrest Pharma),Gastrointestinal,12,0.68,1.497,3.366,0.1071,7,0.75,0.2159,weekly demand std / sqrt(7),0.95,0.94,1.69,3.19,0,NO_REORDER,LOW,Stock 12 is at or above the reorder point 1.7
BR005,MED228,Ondansetron 4mg (CarePlus Laboratories),Gastrointestinal,12,1.143,2.599,5.464,0.3571,7,2.5,0.7353,weekly demand std / sqrt(7),0.95,3.2,5.7,10.7,0,NO_REORDER,LOW,Stock 12 is at or above the reorder point 5.7
BR005,MED229,Ondansetron 4mg (CureLine Healthcare),Gastrointestinal,19,0.845,1.694,4.099,0.1207,7,0.84,0.6277,weekly demand std / sqrt(7),0.95,2.73,3.58,5.27,0,NO_REORDER,LOW,Stock 19 is at or above the reorder point 3.6
BR005,MED230,Ondansetron 4mg (LifeSpring Pharma),Gastrointestinal,10,0.773,1.768,4.202,0.2143,7,1.5,0.382,weekly demand std / sqrt(7),0.95,1.66,3.16,6.16,0,NO_REORDER,LOW,Stock 10 is at or above the reorder point 3.2
BR005,MED231,Ondansetron 4mg (NovaMed Laboratories),Gastrointestinal,6,1.585,3.368,8.568,0.3571,7,2.5,0.6375,weekly demand std / sqrt(7),0.95,2.77,5.27,10.27,0,NO_REORDER,LOW,Stock 6 is at or above the reorder point 5.3
BR005,MED232,Ondansetron 4mg (Stellar Formulations),Gastrointestinal,11,0.504,1.161,2.664,0.072,7,0.5,0.8277,weekly demand std / sqrt(7),0.95,3.6,4.11,5.11,0,NO_REORDER,LOW,Stock 11 is at or above the reorder point 4.1
BR005,MED233,Ondansetron 4mg (Summit Lifesciences),Gastrointestinal,11,0.729,1.627,3.634,0.1786,7,1.25,0.5353,weekly demand std / sqrt(7),0.95,2.33,3.58,6.08,0,NO_REORDER,LOW,Stock 11 is at or above the reorder point 3.6
BR005,MED234,Ondansetron 4mg (VitaCure Remedies),Gastrointestinal,35,9.276,19.27,41.581,1.4643,7,10.25,1.5793,weekly demand std / sqrt(7),0.95,6.87,17.12,37.62,0,NO_REORDER,LOW,Stock 35 is at or above the reorder point 17.1
BR005,MED235,Ondansetron 8mg,Gastrointestinal,19,0.685,1.491,3.643,0.0979,7,0.68,0.6064,weekly demand std / sqrt(7),0.95,2.64,3.32,4.69,0,NO_REORDER,LOW,Stock 19 is at or above the reorder point 3.3
BR005,MED236,Ondansetron 8mg (LifeSpring Pharma),Gastrointestinal,117,47.686,96.881,212.163,7.1786,7,50.25,3.1622,weekly demand std / sqrt(7),0.95,13.76,64.01,164.51,0,NO_REORDER,LOW,Stock 117 is at or above the reorder point 64.0
BR005,MED237,Ondansetron 8mg (TrueLife Remedies),Gastrointestinal,8,0.701,1.628,3.61,0.1786,7,1.25,0.6523,weekly demand std / sqrt(7),0.95,2.84,4.09,6.59,0,NO_REORDER,LOW,Stock 8 is at or above the reorder point 4.1
BR005,MED238,Ondansetron 8mg (VitaCure Remedies),Gastrointestinal,14,1.97,4.22,9.374,0.3571,7,2.5,0.5271,weekly demand std / sqrt(7),0.95,2.29,4.79,9.79,0,NO_REORDER,LOW,Stock 14 is at or above the reorder point 4.8
BR005,MED241,ORS Powder 21.8g (Stellar Formulations),Gastrointestinal,39,9.154,19.084,41.509,1.4286,7,10.0,1.5529,weekly demand std / sqrt(7),0.95,6.76,16.76,36.76,0,NO_REORDER,LOW,Stock 39 is at or above the reorder point 16.8
BR005,MED242,ORS Powder 21.8g (Summit Lifesciences),Gastrointestinal,13,0.433,0.865,2.127,0.0619,7,0.43,0.4033,weekly demand std / sqrt(7),0.95,1.76,2.19,3.05,0,NO_REORDER,LOW,Stock 13 is at or above the reorder point 2.2
BR005,MED243,ORS Powder 21.8g (TrueLife Remedies),Gastrointestinal,20,0.95,2.075,4.922,0.1429,7,1.0,0.2781,weekly demand std / sqrt(7),0.95,1.21,2.21,4.21,0,NO_REORDER,LOW,Stock 20 is at or above the reorder point 2.2
BR005,MED244,ORS Powder 21.8g (VitaCure Remedies),Gastrointestinal,15,0.946,1.894,4.222,0.1351,7,0.95,0.4919,weekly demand std / sqrt(7),0.95,2.14,3.09,4.98,0,NO_REORDER,LOW,Stock 15 is at or above the reorder point 3.1
BR005,MED246,Pantoprazole 40mg (CarePlus Laboratories),Gastrointestinal,12,2.195,4.682,10.432,0.5,7,3.5,0.7049,weekly demand std / sqrt(7),0.95,3.07,6.57,13.57,0,NO_REORDER,LOW,Stock 12 is at or above the reorder point 6.6
BR005,MED247,Pantoprazole 40mg (NovaMed Laboratories),Gastrointestinal,30,6.969,14.907,32.861,1.0357,7,7.25,1.0966,weekly demand std / sqrt(7),0.95,4.77,12.02,26.52,0,NO_REORDER,LOW,Stock 30 is at or above the reorder point 12.0
BR005,MED248,Pantoprazole 40mg (TrueLife Remedies),Gastrointestinal,11,0.626,1.408,3.275,0.1071,7,0.75,0.1624,weekly demand std / sqrt(7),0.95,0.71,1.46,2.96,0,NO_REORDER,LOW,Stock 11 is at or above the reorder point 1.5
BR005,MED249,Pantoprazole 20mg,Gastrointestinal,29,7.527,15.998,34.596,1.2143,7,8.5,1.5575,weekly demand std / sqrt(7),0.95,6.78,15.28,32.28,0,NO_REORDER,LOW,Stock 29 is at or above the reorder point 15.3
BR005,MED250,Pantoprazole 20mg (ApexLife Pharma),Gastrointestinal,10,2.707,5.713,12.369,0.5,7,3.5,0.434,weekly demand std / sqrt(7),0.95,1.89,5.39,12.39,0,NO_REORDER,LOW,Stock 10 is at or above the reorder point 5.4
BR005,MED251,Pantoprazole 20mg (BlueCrest Pharma),Gastrointestinal,5,0.96,1.949,4.486,0.25,7,1.75,0.6332,weekly demand std / sqrt(7),0.95,2.76,4.51,8.01,0,NO_REORDER,LOW,Stock 5 is at or above the reorder point 4.5
BR005,MED252,Pantoprazole 20mg (CarePlus Laboratories),Gastrointestinal,8,0.974,2.195,4.452,0.2857,7,2.0,0.6235,weekly demand std / sqrt(7),0.95,2.71,4.71,8.71,0,NO_REORDER,LOW,Stock 8 is at or above the reorder point 4.7
BR005,MED253,Pantoprazole 20mg (Stellar Formulations),Gastrointestinal,9,0.713,1.591,3.733,0.1429,7,1.0,0.5765,weekly demand std / sqrt(7),0.95,2.51,3.51,5.51,0,NO_REORDER,LOW,Stock 9 is at or above the reorder point 3.5
BR005,MED255,Pantoprazole 20mg (VitaCure Remedies),Gastrointestinal,11,1.132,2.161,4.346,0.1786,7,1.25,0.6205,weekly demand std / sqrt(7),0.95,2.7,3.95,6.45,0,NO_REORDER,LOW,Stock 11 is at or above the reorder point 4.0
BR005,MED256,Amlodipine 5mg (BlueCrest Pharma),Cardiovascular,30,7.586,16.623,37.544,1.1429,7,8.0,1.9039,weekly demand std / sqrt(7),0.95,8.29,16.29,32.29,0,NO_REORDER,LOW,Stock 30 is at or above the reorder point 16.3
BR005,MED257,Amlodipine 5mg (LifeSpring Pharma),Cardiovascular,31,6.997,15.365,33.247,0.9996,7,7.0,1.5087,weekly demand std / sqrt(7),0.95,6.57,13.56,27.56,0,NO_REORDER,LOW,Stock 31 is at or above the reorder point 13.6
BR005,MED258,Amlodipine 5mg (NovaMed Laboratories),Cardiovascular,17,1.211,2.62,6.084,0.2143,7,1.5,0.8547,weekly demand std / sqrt(7),0.95,3.72,5.22,8.22,0,NO_REORDER,LOW,Stock 17 is at or above the reorder point 5.2
BR005,MED259,Amlodipine 5mg (Stellar Formulations),Cardiovascular,11,0.825,1.813,4.128,0.1786,7,1.25,0.8319,weekly demand std / sqrt(7),0.95,3.62,4.87,7.37,0,NO_REORDER,LOW,Stock 11 is at or above the reorder point 4.9
BR005,MED260,Amlodipine 5mg (VitaCure Remedies),Cardiovascular,21,0.425,1.01,2.575,0.0607,7,0.42,0.0741,weekly demand std / sqrt(7),0.95,0.32,0.75,1.6,0,NO_REORDER,LOW,Stock 21 is at or above the reorder point 0.7
BR005,MED261,Amlodipine 2.5mg,Cardiovascular,13,0.434,0.968,2.23,0.062,7,0.43,0.5093,weekly demand std / sqrt(7),0.95,2.22,2.65,3.52,0,NO_REORDER,LOW,Stock 13 is at or above the reorder point 2.7
BR005,MED262,Amlodipine 2.5mg (LifeSpring Pharma),Cardiovascular,20,5.252,11.27,23.296,0.8214,7,5.75,1.3107,weekly demand std / sqrt(7),0.95,5.7,11.45,22.95,0,NO_REORDER,LOW,Stock 20 is at or above the reorder point 11.5
BR005,MED263,Amlodipine 2.5mg (Stellar Formulations),Cardiovascular,19,2.479,5.334,11.997,0.4643,7,3.25,0.9576,weekly demand std / sqrt(7),0.95,4.17,7.42,13.92,0,NO_REORDER,LOW,Stock 19 is at or above the reorder point 7.4
BR005,MED264,Amlodipine 2.5mg (Summit Lifesciences),Cardiovascular,37,8.915,19.388,44.345,1.8571,7,13.0,1.6919,weekly demand std / sqrt(7),0.95,7.36,20.36,46.36,0,NO_REORDER,LOW,Stock 37 is at or above the reorder point 20.4
BR005,MED265,Amlodipine 2.5mg (TrueLife Remedies),Cardiovascular,80,29.967,59.356,126.174,4.281,7,29.97,3.3911,weekly demand std / sqrt(7),0.95,14.76,44.72,104.66,0,NO_REORDER,LOW,Stock 80 is at or above the reorder point 44.7
BR005,MED266,Amlodipine 2.5mg (VitaCure Remedies),Cardiovascular,21,0.863,2.201,5.383,0.1429,7,1.0,0.4368,weekly demand std / sqrt(7),0.95,1.9,2.9,4.9,0,NO_REORDER,LOW,Stock 21 is at or above the reorder point 2.9
BR005,MED267,Amlodipine 10mg,Cardiovascular,11,0.958,1.633,4.42,0.2857,7,2.0,0.8049,weekly demand std / sqrt(7),0.95,3.5,5.5,9.5,0,NO_REORDER,LOW,Stock 11 is at or above the reorder point 5.5
BR005,MED268,Amlodipine 10mg (LifeSpring Pharma),Cardiovascular,20,1.092,2.228,4.962,0.156,7,1.09,0.4901,weekly demand std / sqrt(7),0.95,2.13,3.22,5.41,0,NO_REORDER,LOW,Stock 20 is at or above the reorder point 3.2
BR005,MED270,Aspirin 75mg (Aarogya Formulations),Cardiovascular,34,10.956,23.565,52.789,2.0357,7,14.25,1.6421,weekly demand std / sqrt(7),0.95,7.15,21.4,49.9,0,NO_REORDER,LOW,Stock 34 is at or above the reorder point 21.4
BR005,MED273,Aspirin 75mg (CureLine Healthcare),Cardiovascular,24,6.297,12.955,30.019,0.8996,7,6.3,1.4628,weekly demand std / sqrt(7),0.95,6.37,12.66,25.26,0,NO_REORDER,LOW,Stock 24 is at or above the reorder point 12.7
BR005,MED274,Aspirin 75mg (LifeSpring Pharma),Cardiovascular,11,0.511,1.286,3.122,0.1071,7,0.75,0.4307,weekly demand std / sqrt(7),0.95,1.87,2.62,4.12,0,NO_REORDER,LOW,Stock 11 is at or above the reorder point 2.6
BR005,MED275,Aspirin 75mg (NovaMed Laboratories),Cardiovascular,12,1.465,2.325,6.963,0.3214,7,2.25,0.7331,weekly demand std / sqrt(7),0.95,3.19,5.44,9.94,0,NO_REORDER,LOW,Stock 12 is at or above the reorder point 5.4
BR005,MED276,Aspirin 75mg (Stellar Formulations),Cardiovascular,65,11.593,23.971,51.397,1.6561,7,11.59,3.2967,weekly demand std / sqrt(7),0.95,14.35,25.94,49.13,0,NO_REORDER,LOW,Stock 65 is at or above the reorder point 25.9
BR005,MED277,Aspirin 150mg,Cardiovascular,4,0.344,0.551,1.676,0.0491,7,0.34,0.341,weekly demand std / sqrt(7),0.95,1.48,1.83,2.52,0,NO_REORDER,LOW,Stock 4 is at or above the reorder point 1.8
BR005,MED278,Aspirin 150mg (CarePlus Laboratories),Cardiovascular,23,7.265,14.277,33.227,1.0379,7,7.26,1.6256,weekly demand std / sqrt(7),0.95,7.07,14.34,28.87,0,NO_REORDER,LOW,Stock 23 is at or above the reorder point 14.3
BR005,MED279,Aspirin 150mg (Summit Lifesciences),Cardiovascular,26,1.165,2.371,5.795,0.2143,7,1.5,0.5604,weekly demand std / sqrt(7),0.95,2.44,3.94,6.94,0,NO_REORDER,LOW,Stock 26 is at or above the reorder point 3.9
BR005,MED280,Aspirin 150mg (TrueLife Remedies),Cardiovascular,22,7.112,13.987,32.502,1.3929,7,9.75,1.6354,weekly demand std / sqrt(7),0.95,7.12,16.87,36.37,0,NO_REORDER,LOW,Stock 22 is at or above the reorder point 16.9
BR005,MED281,Atorvastatin 10mg (Aarogya Formulations),Cardiovascular,9,0.926,2.134,5.229,0.2143,7,1.5,0.5982,weekly demand std / sqrt(7),0.95,2.6,4.1,7.1,0,NO_REORDER,LOW,Stock 9 is at or above the reorder point 4.1
BR005,MED282,Atorvastatin 10mg (ApexLife Pharma),Cardiovascular,11,1.628,3.602,8.591,0.4286,7,3.0,0.97,weekly demand std / sqrt(7),0.95,4.22,7.22,13.22,0,NO_REORDER,LOW,Stock 11 is at or above the reorder point 7.2
BR005,MED283,Atorvastatin 10mg (LifeSpring Pharma),Cardiovascular,31,7.642,16.0,36.933,1.1071,7,7.75,1.9253,weekly demand std / sqrt(7),0.95,8.38,16.13,31.63,0,NO_REORDER,LOW,Stock 31 is at or above the reorder point 16.1
BR005,MED284,Atorvastatin 10mg (Summit Lifesciences),Cardiovascular,43,9.863,20.739,45.821,1.409,7,9.86,1.5092,weekly demand std / sqrt(7),0.95,6.57,16.43,36.16,0,NO_REORDER,LOW,Stock 43 is at or above the reorder point 16.4
BR005,MED285,Atorvastatin 20mg,Cardiovascular,26,7.076,14.352,32.569,1.4286,7,10.0,1.5421,weekly demand std / sqrt(7),0.95,6.71,16.71,36.71,0,NO_REORDER,LOW,Stock 26 is at or above the reorder point 16.7
BR005,MED287,Atorvastatin 20mg (CarePlus Laboratories),Cardiovascular,10,3.391,7.467,16.746,0.6429,7,4.5,1.1625,weekly demand std / sqrt(7),0.95,5.06,9.56,18.56,0,NO_REORDER,LOW,Stock 10 is at or above the reorder point 9.6
BR005,MED288,Atorvastatin 40mg,Cardiovascular,20,6.64,13.642,34.266,1.3929,7,9.75,1.5163,weekly demand std / sqrt(7),0.95,6.6,16.35,35.85,0,NO_REORDER,LOW,Stock 20 is at or above the reorder point 16.3
BR005,MED289,Atorvastatin 40mg (CureLine Healthcare),Cardiovascular,20,0.899,2.206,4.941,0.1284,7,0.9,0.4697,weekly demand std / sqrt(7),0.95,2.04,2.94,4.74,0,NO_REORDER,LOW,Stock 20 is at or above the reorder point 2.9
BR005,MED290,Atorvastatin 40mg (LifeSpring Pharma),Cardiovascular,4,0.474,1.057,2.578,0.1429,7,1.0,0.4164,weekly demand std / sqrt(7),0.95,1.81,2.81,4.81,0,NO_REORDER,LOW,Stock 4 is at or above the reorder point 2.8
BR005,MED291,Atorvastatin 40mg (VitaCure Remedies),Cardiovascular,14,0.858,2.022,5.352,0.1429,7,1.0,0.7868,weekly demand std / sqrt(7),0.95,3.42,4.42,6.42,0,NO_REORDER,LOW,Stock 14 is at or above the reorder point 4.4
BR005,MED292,Clopidogrel 75mg (Aarogya Formulations),Cardiovascular,39,9.476,20.226,45.485,1.5357,7,10.75,1.6405,weekly demand std / sqrt(7),0.95,7.14,17.89,39.39,0,NO_REORDER,LOW,Stock 39 is at or above the reorder point 17.9
BR005,MED293,Clopidogrel 75mg (BlueCrest Pharma),Cardiovascular,19,1.251,2.59,6.94,0.1787,7,1.25,1.4967,weekly demand std / sqrt(7),0.95,6.51,7.76,10.27,0,NO_REORDER,LOW,Stock 19 is at or above the reorder point 7.8
BR005,MED294,Clopidogrel 75mg (CureLine Healthcare),Cardiovascular,17,2.047,4.888,11.455,0.4643,7,3.25,0.9811,weekly demand std / sqrt(7),0.95,4.27,7.52,14.02,0,NO_REORDER,LOW,Stock 17 is at or above the reorder point 7.5
BR005,MED295,Clopidogrel 75mg (NovaMed Laboratories),Cardiovascular,9,0.859,1.925,4.704,0.25,7,1.75,0.8745,weekly demand std / sqrt(7),0.95,3.81,5.56,9.06,0,NO_REORDER,LOW,Stock 9 is at or above the reorder point 5.6
BR005,MED296,Clopidogrel 75mg (Stellar Formulations),Cardiovascular,17,1.589,3.768,9.967,0.5,7,3.5,0.8547,weekly demand std / sqrt(7),0.95,3.72,7.22,14.22,0,NO_REORDER,LOW,Stock 17 is at or above the reorder point 7.2
BR005,MED297,Losartan 50mg (Aarogya Formulations),Cardiovascular,15,0.913,1.547,4.718,0.1304,7,0.91,0.7004,weekly demand std / sqrt(7),0.95,3.05,3.96,5.79,0,NO_REORDER,LOW,Stock 15 is at or above the reorder point 4.0
BR005,MED298,Losartan 50mg (CarePlus Laboratories),Cardiovascular,17,1.158,2.355,6.57,0.1786,7,1.25,0.6018,weekly demand std / sqrt(7),0.95,2.62,3.87,6.37,0,NO_REORDER,LOW,Stock 17 is at or above the reorder point 3.9
BR005,MED299,Losartan 50mg (NovaMed Laboratories),Cardiovascular,70,41.413,85.659,185.75,6.2857,7,44.0,3.7079,weekly demand std / sqrt(7),0.95,16.14,60.14,148.14,0,NO_REORDER,LOW,Stock 70 is at or above the reorder point 60.1
BR005,MED300,Losartan 25mg,Cardiovascular,9,0.677,1.398,3.821,0.1071,7,0.75,0.4802,weekly demand std / sqrt(7),0.95,2.09,2.84,4.34,0,NO_REORDER,LOW,Stock 9 is at or above the reorder point 2.8
BR005,MED302,Losartan 25mg (HealthAxis Pharma),Cardiovascular,18,6.283,13.3,30.186,1.0714,7,7.5,1.4501,weekly demand std / sqrt(7),0.95,6.31,13.81,28.81,0,NO_REORDER,LOW,Stock 18 is at or above the reorder point 13.8
BR005,MED303,Losartan 25mg (NovaMed Laboratories),Cardiovascular,18,1.105,2.487,6.578,0.1579,7,1.1,0.5229,weekly demand std / sqrt(7),0.95,2.28,3.38,5.59,0,NO_REORDER,LOW,Stock 18 is at or above the reorder point 3.4
BR005,MED304,Losartan 25mg (Summit Lifesciences),Cardiovascular,14,0.676,1.407,3.448,0.0966,7,0.68,0.5008,weekly demand std / sqrt(7),0.95,2.18,2.86,4.21,0,NO_REORDER,LOW,Stock 14 is at or above the reorder point 2.9
BR005,MED305,Losartan 25mg (TrueLife Remedies),Cardiovascular,28,13.316,27.171,60.442,2.3214,7,16.25,1.9529,weekly demand std / sqrt(7),0.95,8.5,24.75,57.25,0,NO_REORDER,LOW,Stock 28 is at or above the reorder point 24.7
BR005,MED307,Metoprolol 50mg (BlueCrest Pharma),Cardiovascular,91,28.466,57.214,122.008,4.0666,7,28.47,2.7727,weekly demand std / sqrt(7),0.95,12.07,40.53,97.46,0,NO_REORDER,LOW,Stock 91 is at or above the reorder point 40.5
BR005,MED308,Metoprolol 50mg (CureLine Healthcare),Cardiovascular,16,1.301,3.052,7.272,0.2143,7,1.5,1.1062,weekly demand std / sqrt(7),0.95,4.81,6.31,9.31,0,NO_REORDER,LOW,Stock 16 is at or above the reorder point 6.3
BR005,MED309,Metoprolol 50mg (NovaMed Laboratories),Cardiovascular,11,1.365,2.667,6.468,0.4643,7,3.25,0.7087,weekly demand std / sqrt(7),0.95,3.08,6.33,12.83,0,NO_REORDER,LOW,Stock 11 is at or above the reorder point 6.3
BR005,MED310,Metoprolol 25mg,Cardiovascular,28,8.814,18.089,41.377,1.5,7,10.5,2.4326,weekly demand std / sqrt(7),0.95,10.59,21.09,42.09,0,NO_REORDER,LOW,Stock 28 is at or above the reorder point 21.1
BR005,MED312,Metoprolol 25mg (HealthAxis Pharma),Cardiovascular,28,0.764,1.868,4.392,0.1091,7,0.76,0.8365,weekly demand std / sqrt(7),0.95,3.64,4.4,5.93,0,NO_REORDER,LOW,Stock 28 is at or above the reorder point 4.4
BR005,MED313,Metoprolol 25mg (LifeSpring Pharma),Cardiovascular,18,0.437,0.893,2.243,0.0624,7,0.44,0.6249,weekly demand std / sqrt(7),0.95,2.72,3.16,4.03,0,NO_REORDER,LOW,Stock 18 is at or above the reorder point 3.2
BR005,MED314,Rosuvastatin 10mg (BlueCrest Pharma),Cardiovascular,40,9.532,20.437,45.152,1.4286,7,10.0,1.8602,weekly demand std / sqrt(7),0.95,8.1,18.1,38.1,0,NO_REORDER,LOW,Stock 40 is at or above the reorder point 18.1
BR005,MED315,Rosuvastatin 10mg (NovaMed Laboratories),Cardiovascular,15,0.448,0.906,2.193,0.064,7,0.45,0.4025,weekly demand std / sqrt(7),0.95,1.75,2.2,3.1,0,NO_REORDER,LOW,Stock 15 is at or above the reorder point 2.2
BR005,MED316,Rosuvastatin 10mg (Summit Lifesciences),Cardiovascular,28,9.408,18.827,42.463,1.6071,7,11.25,1.5929,weekly demand std / sqrt(7),0.95,6.93,18.18,40.68,0,NO_REORDER,LOW,Stock 28 is at or above the reorder point 18.2
BR005,MED317,Rosuvastatin 5mg,Cardiovascular,18,1.928,4.248,10.888,0.3929,7,2.75,0.6042,weekly demand std / sqrt(7),0.95,2.63,5.38,10.88,0,NO_REORDER,LOW,Stock 18 is at or above the reorder point 5.4
BR005,MED318,Rosuvastatin 5mg (BlueCrest Pharma),Cardiovascular,14,0.74,1.644,4.12,0.1057,7,0.74,0.6018,weekly demand std / sqrt(7),0.95,2.62,3.36,4.84,0,NO_REORDER,LOW,Stock 14 is at or above the reorder point 3.4
BR005,MED320,Rosuvastatin 5mg (Stellar Formulations),Cardiovascular,29,7.286,15.773,34.555,1.0714,7,7.5,1.4346,weekly demand std / sqrt(7),0.95,6.24,13.74,28.74,0,NO_REORDER,LOW,Stock 29 is at or above the reorder point 13.7
BR005,MED322,Rosuvastatin 20mg,Cardiovascular,12,5.713,12.964,29.695,1.0,7,7.0,0.9608,weekly demand std / sqrt(7),0.95,4.18,11.18,25.18,0,NO_REORDER,LOW,Stock 12 is at or above the reorder point 11.2
BR005,MED323,Rosuvastatin 20mg (NovaMed Laboratories),Cardiovascular,16,0.858,1.889,4.212,0.1429,7,1.0,0.793,weekly demand std / sqrt(7),0.95,3.45,4.45,6.45,0,NO_REORDER,LOW,Stock 16 is at or above the reorder point 4.5
BR005,MED324,Rosuvastatin 20mg (Stellar Formulations),Cardiovascular,28,7.453,16.031,36.52,1.2143,7,8.5,1.7896,weekly demand std / sqrt(7),0.95,7.79,16.29,33.29,0,NO_REORDER,LOW,Stock 28 is at or above the reorder point 16.3
BR005,MED325,Rosuvastatin 20mg (Summit Lifesciences),Cardiovascular,32,0.911,2.3,5.135,0.1301,7,0.91,0.252,weekly demand std / sqrt(7),0.95,1.1,2.01,3.83,0,NO_REORDER,LOW,Stock 32 is at or above the reorder point 2.0
BR005,MED327,Telmisartan 40mg (Aarogya Formulations),Cardiovascular,146,76.083,145.151,313.559,12.4286,7,87.0,6.6326,weekly demand std / sqrt(7),0.95,28.86,115.86,289.86,0,NO_REORDER,LOW,Stock 146 is at or above the reorder point 115.9
BR005,MED328,Telmisartan 40mg (CureLine Healthcare),Cardiovascular,19,0.638,1.572,3.433,0.0911,7,0.64,0.7676,weekly demand std / sqrt(7),0.95,3.34,3.98,5.25,0,NO_REORDER,LOW,Stock 19 is at or above the reorder point 4.0
BR005,MED329,Telmisartan 40mg (NovaMed Laboratories),Cardiovascular,36,13.744,28.356,62.845,2.3929,7,16.75,3.3428,weekly demand std / sqrt(7),0.95,14.55,31.3,64.8,0,NO_REORDER,LOW,Stock 36 is at or above the reorder point 31.3
BR005,MED330,Telmisartan 40mg (Stellar Formulations),Cardiovascular,18,0.593,1.337,3.568,0.0847,7,0.59,0.8181,weekly demand std / sqrt(7),0.95,3.56,4.15,5.34,0,NO_REORDER,LOW,Stock 18 is at or above the reorder point 4.2
BR005,MED331,Telmisartan 40mg (VitaCure Remedies),Cardiovascular,18,1.712,3.947,9.286,0.3571,7,2.5,0.8429,weekly demand std / sqrt(7),0.95,3.67,6.17,11.17,0,NO_REORDER,LOW,Stock 18 is at or above the reorder point 6.2
BR005,MED332,Telmisartan 20mg,Cardiovascular,30,9.873,20.207,46.605,1.9643,7,13.75,2.7298,weekly demand std / sqrt(7),0.95,11.88,25.63,53.13,0,NO_REORDER,LOW,Stock 30 is at or above the reorder point 25.6
BR005,MED333,Telmisartan 20mg (HealthAxis Pharma),Cardiovascular,14,0.742,1.649,3.826,0.106,7,0.74,0.6157,weekly demand std / sqrt(7),0.95,2.68,3.42,4.91,0,NO_REORDER,LOW,Stock 14 is at or above the reorder point 3.4
BR005,MED334,Telmisartan 20mg (LifeSpring Pharma),Cardiovascular,7,0.592,1.25,2.855,0.1786,7,1.25,0.775,weekly demand std / sqrt(7),0.95,3.37,4.62,7.12,0,NO_REORDER,LOW,Stock 7 is at or above the reorder point 4.6
BR005,MED336,Telmisartan 80mg,Cardiovascular,17,1.294,2.996,7.066,0.25,7,1.75,0.8245,weekly demand std / sqrt(7),0.95,3.59,5.34,8.84,0,NO_REORDER,LOW,Stock 17 is at or above the reorder point 5.3
BR005,MED337,Telmisartan 80mg (ApexLife Pharma),Cardiovascular,21,1.693,3.446,9.512,0.5357,7,3.75,1.0159,weekly demand std / sqrt(7),0.95,4.42,8.17,15.67,0,NO_REORDER,LOW,Stock 21 is at or above the reorder point 8.2
BR005,MED338,Telmisartan 80mg (BlueCrest Pharma),Cardiovascular,23,7.91,17.075,38.764,1.3929,7,9.75,1.6657,weekly demand std / sqrt(7),0.95,7.25,17.0,36.5,0,NO_REORDER,LOW,Stock 23 is at or above the reorder point 17.0
BR005,MED339,Telmisartan 80mg (CureLine Healthcare),Cardiovascular,11,1.785,3.673,8.713,0.4286,7,3.0,0.6656,weekly demand std / sqrt(7),0.95,2.9,5.9,11.9,0,NO_REORDER,LOW,Stock 11 is at or above the reorder point 5.9
BR005,MED340,Telmisartan 80mg (NovaMed Laboratories),Cardiovascular,8,2.18,4.696,11.854,0.5,7,3.5,0.6583,weekly demand std / sqrt(7),0.95,2.86,6.36,13.36,0,NO_REORDER,LOW,Stock 8 is at or above the reorder point 6.4
BR005,MED342,Telmisartan 80mg (Summit Lifesciences),Cardiovascular,14,2.627,5.305,12.437,0.4643,7,3.25,1.2705,weekly demand std / sqrt(7),0.95,5.53,8.78,15.28,0,NO_REORDER,LOW,Stock 14 is at or above the reorder point 8.8
BR005,MED343,Telmisartan 80mg (TrueLife Remedies),Cardiovascular,26,6.379,13.909,31.071,0.9113,7,6.38,1.5378,weekly demand std / sqrt(7),0.95,6.69,13.07,25.83,0,NO_REORDER,LOW,Stock 26 is at or above the reorder point 13.1
BR005,MED344,Gliclazide 80mg (Aarogya Formulations),Antidiabetic,36,14.214,27.789,60.239,2.1786,7,15.25,2.6967,weekly demand std / sqrt(7),0.95,11.74,26.99,57.49,0,NO_REORDER,LOW,Stock 36 is at or above the reorder point 27.0
BR005,MED346,Gliclazide 80mg (CarePlus Laboratories),Antidiabetic,27,5.846,12.467,26.587,0.8351,7,5.85,1.6528,weekly demand std / sqrt(7),0.95,7.19,13.04,24.73,0,NO_REORDER,LOW,Stock 27 is at or above the reorder point 13.0
BR005,MED347,Gliclazide 80mg (LifeSpring Pharma),Antidiabetic,15,0.575,1.181,2.873,0.0821,7,0.57,1.0038,weekly demand std / sqrt(7),0.95,4.37,4.94,6.09,0,NO_REORDER,LOW,Stock 15 is at or above the reorder point 4.9
BR005,MED348,Gliclazide 80mg (TrueLife Remedies),Antidiabetic,12,0.603,1.283,2.957,0.0861,7,0.6,0.3739,weekly demand std / sqrt(7),0.95,1.63,2.23,3.44,0,NO_REORDER,LOW,Stock 12 is at or above the reorder point 2.2
BR005,MED350,Gliclazide 40mg (BlueCrest Pharma),Antidiabetic,17,0.674,1.486,3.787,0.0963,7,0.67,0.3573,weekly demand std / sqrt(7),0.95,1.56,2.23,3.58,0,NO_REORDER,LOW,Stock 17 is at or above the reorder point 2.2
BR005,MED351,Gliclazide 40mg (Lumina Pharma),Antidiabetic,17,3.209,6.339,14.922,0.6071,7,4.25,1.4658,weekly demand std / sqrt(7),0.95,6.38,10.63,19.13,0,NO_REORDER,LOW,Stock 17 is at or above the reorder point 10.6
BR005,MED352,Gliclazide 40mg (NovaMed Laboratories),Antidiabetic,14,0.579,1.21,3.035,0.0827,7,0.58,0.2568,weekly demand std / sqrt(7),0.95,1.12,1.7,2.85,0,NO_REORDER,LOW,Stock 14 is at or above the reorder point 1.7
BR005,MED353,Gliclazide 40mg (Stellar Formulations),Antidiabetic,6,0.787,1.767,4.863,0.1429,7,1.0,0.5923,weekly demand std / sqrt(7),0.95,2.58,3.58,5.58,0,NO_REORDER,LOW,Stock 6 is at or above the reorder point 3.6
BR005,MED354,Gliclazide 40mg (Summit Lifesciences),Antidiabetic,53,21.429,43.353,91.401,3.0613,7,21.43,2.8677,weekly demand std / sqrt(7),0.95,12.48,33.91,76.77,0,NO_REORDER,LOW,Stock 53 is at or above the reorder point 33.9
BR005,MED355,Glimepiride 2mg (BlueCrest Pharma),Antidiabetic,19,1.249,3.255,7.715,0.1784,7,1.25,0.6638,weekly demand std / sqrt(7),0.95,2.89,4.14,6.64,0,NO_REORDER,LOW,Stock 19 is at or above the reorder point 4.1
BR005,MED357,Glimepiride 2mg (Stellar Formulations),Antidiabetic,30,10.921,21.837,46.772,1.8571,7,13.0,1.5845,weekly demand std / sqrt(7),0.95,6.9,19.9,45.9,0,NO_REORDER,LOW,Stock 30 is at or above the reorder point 19.9
BR005,MED358,Glimepiride 2mg (VitaCure Remedies),Antidiabetic,37,10.206,22.132,48.664,1.7143,7,12.0,1.7549,weekly demand std / sqrt(7),0.95,7.64,19.64,43.64,0,NO_REORDER,LOW,Stock 37 is at or above the reorder point 19.6
BR005,MED359,Glimepiride 1mg,Antidiabetic,11,1.105,2.556,5.428,0.2857,7,2.0,0.4151,weekly demand std / sqrt(7),0.95,1.81,3.81,7.81,0,NO_REORDER,LOW,Stock 11 is at or above the reorder point 3.8
BR005,MED360,Glimepiride 1mg (CarePlus Laboratories),Antidiabetic,30,9.649,19.783,44.939,1.6786,7,11.75,2.2626,weekly demand std / sqrt(7),0.95,9.85,21.6,45.1,0,NO_REORDER,LOW,Stock 30 is at or above the reorder point 21.6
BR005,MED361,Glimepiride 1mg (CureLine Healthcare),Antidiabetic,23,8.144,17.023,39.163,1.5357,7,10.75,1.7305,weekly demand std / sqrt(7),0.95,7.53,18.28,39.78,0,NO_REORDER,LOW,Stock 23 is at or above the reorder point 18.3
BR005,MED362,Glimepiride 1mg (HealthAxis Pharma),Antidiabetic,17,6.048,12.91,29.343,1.0714,7,7.5,0.9423,weekly demand std / sqrt(7),0.95,4.1,11.6,26.6,0,NO_REORDER,LOW,Stock 17 is at or above the reorder point 11.6
BR005,MED363,Glimepiride 1mg (Summit Lifesciences),Antidiabetic,16,3.765,8.363,18.575,0.7143,7,5.0,1.1427,weekly demand std / sqrt(7),0.95,4.97,9.97,19.97,0,NO_REORDER,LOW,Stock 16 is at or above the reorder point 10.0
BR005,MED365,Glimepiride 3mg,Antidiabetic,14,1.16,2.586,6.081,0.1786,7,1.25,0.7501,weekly demand std / sqrt(7),0.95,3.26,4.51,7.01,0,NO_REORDER,LOW,Stock 14 is at or above the reorder point 4.5
BR005,MED366,Glimepiride 3mg (ApexLife Pharma),Antidiabetic,18,8.168,17.89,41.265,1.5714,7,11.0,1.431,weekly demand std / sqrt(7),0.95,6.23,17.23,39.23,0,NO_REORDER,LOW,Stock 18 is at or above the reorder point 17.2
BR005,MED367,Glimepiride 3mg (CureLine Healthcare),Antidiabetic,19,3.323,7.12,15.125,0.5714,7,4.0,0.9004,weekly demand std / sqrt(7),0.95,3.92,7.92,15.92,0,NO_REORDER,LOW,Stock 19 is at or above the reorder point 7.9
BR005,MED368,Glimepiride 3mg (NovaMed Laboratories),Antidiabetic,20,0.619,1.489,4.156,0.0884,7,0.62,0.5212,weekly demand std / sqrt(7),0.95,2.27,2.89,4.13,0,NO_REORDER,LOW,Stock 20 is at or above the reorder point 2.9
BR005,MED369,Glimepiride 3mg (Stellar Formulations),Antidiabetic,14,1.404,3.142,7.375,0.2857,7,2.0,0.7584,weekly demand std / sqrt(7),0.95,3.3,5.3,9.3,0,NO_REORDER,LOW,Stock 14 is at or above the reorder point 5.3
BR005,MED370,Glimepiride 3mg (Summit Lifesciences),Antidiabetic,14,1.068,2.356,5.209,0.1786,7,1.25,0.7715,weekly demand std / sqrt(7),0.95,3.36,4.61,7.11,0,NO_REORDER,LOW,Stock 14 is at or above the reorder point 4.6
BR005,MED371,Glimepiride 3mg (TrueLife Remedies),Antidiabetic,4,0.66,1.47,3.624,0.1786,7,1.25,0.3341,weekly demand std / sqrt(7),0.95,1.45,2.7,5.2,0,NO_REORDER,LOW,Stock 4 is at or above the reorder point 2.7
BR005,MED372,Glimepiride 3mg (VitaCure Remedies),Antidiabetic,12,0.654,1.451,3.42,0.1071,7,0.75,1.0646,weekly demand std / sqrt(7),0.95,4.63,5.38,6.88,0,NO_REORDER,LOW,Stock 12 is at or above the reorder point 5.4
BR005,MED374,Glimepiride + Metformin 2mg/500mg (Stellar Formulations),Antidiabetic,10,3.547,8.328,17.783,0.75,7,5.25,1.0323,weekly demand std / sqrt(7),0.95,4.49,9.74,20.24,0,NO_REORDER,LOW,Stock 10 is at or above the reorder point 9.7
BR005,MED375,Glimepiride + Metformin 2mg/500mg (Summit Lifesciences),Antidiabetic,4,0.452,1.069,2.322,0.1429,7,1.0,0.6464,weekly demand std / sqrt(7),0.95,2.81,3.81,5.81,0,NO_REORDER,LOW,Stock 4 is at or above the reorder point 3.8
BR005,MED376,Glimepiride + Metformin 1mg/500mg,Antidiabetic,15,1.402,2.889,6.969,0.2857,7,2.0,1.1576,weekly demand std / sqrt(7),0.95,5.04,7.04,11.04,0,NO_REORDER,LOW,Stock 15 is at or above the reorder point 7.0
BR005,MED377,Glimepiride + Metformin 1mg/500mg (CarePlus Laboratories),Antidiabetic,9,1.339,3.095,6.924,0.4286,7,3.0,0.8574,weekly demand std / sqrt(7),0.95,3.73,6.73,12.73,0,NO_REORDER,LOW,Stock 9 is at or above the reorder point 6.7
BR005,MED378,Glimepiride + Metformin 1mg/500mg (Stellar Formulations),Antidiabetic,16,4.271,9.333,20.413,0.8214,7,5.75,1.1264,weekly demand std / sqrt(7),0.95,4.9,10.65,22.15,0,NO_REORDER,LOW,Stock 16 is at or above the reorder point 10.7
BR005,MED379,Glimepiride + Metformin 1mg/500mg (Summit Lifesciences),Antidiabetic,9,1.249,2.747,7.291,0.3214,7,2.25,0.8158,weekly demand std / sqrt(7),0.95,3.55,5.8,10.3,0,NO_REORDER,LOW,Stock 9 is at or above the reorder point 5.8
BR005,MED380,Glimepiride + Metformin 1mg/500mg (VitaCure Remedies),Antidiabetic,45,9.632,20.556,45.296,1.4286,7,10.0,1.8484,weekly demand std / sqrt(7),0.95,8.04,18.04,38.04,0,NO_REORDER,LOW,Stock 45 is at or above the reorder point 18.0
BR005,MED382,Metformin 500mg (CureLine Healthcare),Antidiabetic,8,1.188,2.705,5.743,0.25,7,1.75,0.8328,weekly demand std / sqrt(7),0.95,3.62,5.37,8.87,0,NO_REORDER,LOW,Stock 8 is at or above the reorder point 5.4
BR005,MED383,Metformin 500mg (Stellar Formulations),Antidiabetic,97,52.52,104.889,229.301,7.6786,7,53.75,4.7219,weekly demand std / sqrt(7),0.95,20.55,74.3,181.8,0,NO_REORDER,LOW,Stock 97 is at or above the reorder point 74.3
BR005,MED384,Metformin 500mg (TrueLife Remedies),Antidiabetic,10,1.212,2.779,7.215,0.3214,7,2.25,0.8071,weekly demand std / sqrt(7),0.95,3.51,5.76,10.26,0,NO_REORDER,LOW,Stock 10 is at or above the reorder point 5.8
BR005,MED386,Metformin 850mg (CureLine Healthcare),Antidiabetic,17,4.692,9.157,22.134,0.8929,7,6.25,1.1511,weekly demand std / sqrt(7),0.95,5.01,11.26,23.76,0,NO_REORDER,LOW,Stock 17 is at or above the reorder point 11.3
BR005,MED387,Metformin 850mg (Stellar Formulations),Antidiabetic,6,0.715,1.72,4.08,0.2143,7,1.5,0.6241,weekly demand std / sqrt(7),0.95,2.72,4.22,7.22,0,NO_REORDER,LOW,Stock 6 is at or above the reorder point 4.2
BR005,MED388,Metformin 850mg (VitaCure Remedies),Antidiabetic,9,1.229,2.659,6.309,0.4643,7,3.25,0.8293,weekly demand std / sqrt(7),0.95,3.61,6.86,13.36,0,NO_REORDER,LOW,Stock 9 is at or above the reorder point 6.9
BR005,MED389,Metformin 1000mg,Antidiabetic,17,1.502,3.407,7.991,0.25,7,1.75,0.7252,weekly demand std / sqrt(7),0.95,3.16,4.91,8.41,0,NO_REORDER,LOW,Stock 17 is at or above the reorder point 4.9
BR005,MED390,Metformin 1000mg (BlueCrest Pharma),Antidiabetic,14,1.875,3.947,8.639,0.4643,7,3.25,1.2343,weekly demand std / sqrt(7),0.95,5.37,8.62,15.12,0,NO_REORDER,LOW,Stock 14 is at or above the reorder point 8.6
BR005,MED392,Metformin 1000mg (LifeSpring Pharma),Antidiabetic,87,35.985,70.938,152.527,5.1407,7,35.98,4.1491,weekly demand std / sqrt(7),0.95,18.06,54.04,126.01,0,NO_REORDER,LOW,Stock 87 is at or above the reorder point 54.0
BR005,MED393,Metformin 1000mg (TrueLife Remedies),Antidiabetic,21,2.323,5.829,12.908,0.5,7,3.5,0.9909,weekly demand std / sqrt(7),0.95,4.31,7.81,14.81,0,NO_REORDER,LOW,Stock 21 is at or above the reorder point 7.8
BR005,MED395,Sitagliptin 100mg (CarePlus Laboratories),Antidiabetic,31,8.343,17.784,39.425,1.4286,7,10.0,1.8587,weekly demand std / sqrt(7),0.95,8.09,18.09,38.09,0,NO_REORDER,LOW,Stock 31 is at or above the reorder point 18.1
BR005,MED396,Sitagliptin 100mg (HealthAxis Pharma),Antidiabetic,139,60.634,123.392,261.688,8.662,7,60.63,5.6144,weekly demand std / sqrt(7),0.95,24.43,85.07,206.34,0,NO_REORDER,LOW,Stock 139 is at or above the reorder point 85.1
BR005,MED397,Sitagliptin 50mg,Antidiabetic,21,6.817,13.969,30.402,0.9739,7,6.82,1.5153,weekly demand std / sqrt(7),0.95,6.59,13.41,27.05,0,NO_REORDER,LOW,Stock 21 is at or above the reorder point 13.4
BR005,MED398,Sitagliptin 50mg (ApexLife Pharma),Antidiabetic,24,4.85,10.514,23.259,0.7143,7,5.0,0.7093,weekly demand std / sqrt(7),0.95,3.09,8.09,18.09,0,NO_REORDER,LOW,Stock 24 is at or above the reorder point 8.1
BR005,MED399,Sitagliptin 50mg (BlueCrest Pharma),Antidiabetic,54,19.317,40.064,85.399,2.8214,7,19.75,2.0002,weekly demand std / sqrt(7),0.95,8.7,28.45,67.95,0,NO_REORDER,LOW,Stock 54 is at or above the reorder point 28.5
BR005,MED401,Sitagliptin 50mg (HealthAxis Pharma),Antidiabetic,13,1.068,2.315,5.176,0.1786,7,1.25,0.6241,weekly demand std / sqrt(7),0.95,2.72,3.97,6.47,0,NO_REORDER,LOW,Stock 13 is at or above the reorder point 4.0
BR005,MED403,Sitagliptin 50mg (Stellar Formulations),Antidiabetic,18,0.661,1.542,3.86,0.0944,7,0.66,0.9641,weekly demand std / sqrt(7),0.95,4.2,4.86,6.18,0,NO_REORDER,LOW,Stock 18 is at or above the reorder point 4.9
BR005,MED404,Sitagliptin 50mg (Summit Lifesciences),Antidiabetic,11,2.127,4.287,10.566,0.4643,7,3.25,0.9531,weekly demand std / sqrt(7),0.95,4.15,7.4,13.9,0,NO_REORDER,LOW,Stock 11 is at or above the reorder point 7.4
BR005,MED405,Sitagliptin 50mg (TrueLife Remedies),Antidiabetic,12,1.455,3.236,7.283,0.25,7,1.75,0.8265,weekly demand std / sqrt(7),0.95,3.6,5.35,8.85,0,NO_REORDER,LOW,Stock 12 is at or above the reorder point 5.3
BR005,MED406,Ambroxol + Levosalbutamol Syrup 100ml (Aarogya Formulations),Respiratory,9,1.156,2.581,6.113,0.25,7,1.75,0.5189,weekly demand std / sqrt(7),0.95,2.26,4.01,7.51,0,NO_REORDER,LOW,Stock 9 is at or above the reorder point 4.0
BR005,MED407,Ambroxol + Levosalbutamol Syrup 100ml (NovaMed Laboratories),Respiratory,25,6.903,13.938,30.871,0.9861,7,6.9,0.8094,weekly demand std / sqrt(7),0.95,3.52,10.43,24.23,0,NO_REORDER,LOW,Stock 25 is at or above the reorder point 10.4
BR005,MED408,Ambroxol + Levosalbutamol Syrup 100ml (Summit Lifesciences),Respiratory,6,1.133,2.574,5.844,0.2857,7,2.0,0.5146,weekly demand std / sqrt(7),0.95,2.24,4.24,8.24,0,NO_REORDER,LOW,Stock 6 is at or above the reorder point 4.2
BR005,MED409,Ambroxol + Levosalbutamol Syrup 100ml (VitaCure Remedies),Respiratory,9,0.921,2.109,4.65,0.2143,7,1.5,0.413,weekly demand std / sqrt(7),0.95,1.8,3.3,6.3,0,NO_REORDER,LOW,Stock 9 is at or above the reorder point 3.3
BR005,MED410,Ambroxol + Levosalbutamol Syrup 60ml,Respiratory,16,0.946,2.17,4.901,0.1429,7,1.0,0.5419,weekly demand std / sqrt(7),0.95,2.36,3.36,5.36,0,NO_REORDER,LOW,Stock 16 is at or above the reorder point 3.4
BR005,MED411,Ambroxol + Levosalbutamol Syrup 60ml (NovaMed Laboratories),Respiratory,24,6.659,13.774,29.892,0.9643,7,6.75,0.9866,weekly demand std / sqrt(7),0.95,4.29,11.04,24.54,0,NO_REORDER,LOW,Stock 24 is at or above the reorder point 11.0
BR005,MED412,Budesonide Inhaler 200mcg (ApexLife Pharma),Respiratory,15,1.0,2.262,5.554,0.1429,7,1.0,0.5378,weekly demand std / sqrt(7),0.95,2.34,3.34,5.34,0,NO_REORDER,LOW,Stock 15 is at or above the reorder point 3.3
BR005,MED413,Budesonide Inhaler 200mcg (BlueCrest Pharma),Respiratory,11,0.708,1.53,3.833,0.1429,7,1.0,0.2878,weekly demand std / sqrt(7),0.95,1.25,2.25,4.25,0,NO_REORDER,LOW,Stock 11 is at or above the reorder point 2.3
BR005,MED414,Budesonide Inhaler 200mcg (VitaCure Remedies),Respiratory,18,1.109,2.401,6.248,0.1786,7,1.25,0.3691,weekly demand std / sqrt(7),0.95,1.61,2.86,5.36,0,NO_REORDER,LOW,Stock 18 is at or above the reorder point 2.9
BR005,MED415,Budesonide Inhaler 100mcg,Respiratory,9,1.11,2.394,5.594,0.2143,7,1.5,0.5204,weekly demand std / sqrt(7),0.95,2.26,3.76,6.76,0,NO_REORDER,LOW,Stock 9 is at or above the reorder point 3.8
BR005,MED416,Dextromethorphan Syrup 100ml (HealthAxis Pharma),Respiratory,15,6.223,12.486,28.216,1.1071,7,7.75,1.3101,weekly demand std / sqrt(7),0.95,5.7,13.45,28.95,0,NO_REORDER,LOW,Stock 15 is at or above the reorder point 13.5
BR005,MED417,Dextromethorphan Syrup 100ml (LifeSpring Pharma),Respiratory,16,1.053,2.25,5.136,0.1786,7,1.25,0.5651,weekly demand std / sqrt(7),0.95,2.46,3.71,6.21,0,NO_REORDER,LOW,Stock 16 is at or above the reorder point 3.7
BR005,MED418,Dextromethorphan Syrup 100ml (Summit Lifesciences),Respiratory,24,1.028,1.838,4.187,0.1469,7,1.03,0.3384,weekly demand std / sqrt(7),0.95,1.47,2.5,4.56,0,NO_REORDER,LOW,Stock 24 is at or above the reorder point 2.5
BR005,MED419,Dextromethorphan Syrup 100ml (TrueLife Remedies),Respiratory,10,0.809,1.9,4.467,0.1429,7,1.0,0.4368,weekly demand std / sqrt(7),0.95,1.9,2.9,4.9,0,NO_REORDER,LOW,Stock 10 is at or above the reorder point 2.9
BR005,MED420,Montelukast 10mg (CureLine Healthcare),Respiratory,15,3.634,7.005,15.735,0.6786,7,4.75,0.7924,weekly demand std / sqrt(7),0.95,3.45,8.2,17.7,0,NO_REORDER,LOW,Stock 15 is at or above the reorder point 8.2
BR005,MED421,Montelukast 10mg (LifeSpring Pharma),Respiratory,18,1.446,3.087,7.665,0.25,7,1.75,0.4567,weekly demand std / sqrt(7),0.95,1.99,3.74,7.24,0,NO_REORDER,LOW,Stock 18 is at or above the reorder point 3.7
BR005,MED422,Montelukast 10mg (NovaMed Laboratories),Respiratory,11,0.647,1.458,3.571,0.0924,7,0.65,0.3341,weekly demand std / sqrt(7),0.95,1.45,2.1,3.4,0,NO_REORDER,LOW,Stock 11 is at or above the reorder point 2.1
BR005,MED423,Montelukast 10mg (Summit Lifesciences),Respiratory,6,0.591,1.29,2.695,0.1071,7,0.75,0.3067,weekly demand std / sqrt(7),0.95,1.33,2.08,3.58,0,NO_REORDER,LOW,Stock 6 is at or above the reorder point 2.1
BR005,MED424,Montelukast 10mg (TrueLife Remedies),Respiratory,11,1.788,3.83,8.487,0.3929,7,2.75,0.4783,weekly demand std / sqrt(7),0.95,2.08,4.83,10.33,0,NO_REORDER,LOW,Stock 11 is at or above the reorder point 4.8
BR005,MED425,Montelukast 5mg,Respiratory,20,0.601,1.223,3.265,0.0859,7,0.6,0.4596,weekly demand std / sqrt(7),0.95,2.0,2.6,3.8,0,NO_REORDER,LOW,Stock 20 is at or above the reorder point 2.6
BR005,MED426,Montelukast 5mg (CarePlus Laboratories),Respiratory,3,0.458,0.863,2.169,0.1429,7,1.0,0.2656,weekly demand std / sqrt(7),0.95,1.16,2.16,4.16,0,NO_REORDER,LOW,Stock 3 is at or above the reorder point 2.2
BR005,MED428,Montelukast 5mg (Summit Lifesciences),Respiratory,13,0.992,2.323,5.486,0.1786,7,1.25,0.4408,weekly demand std / sqrt(7),0.95,1.92,3.17,5.67,0,NO_REORDER,LOW,Stock 13 is at or above the reorder point 3.2
BR005,MED429,Montelukast 5mg (TrueLife Remedies),Respiratory,22,5.565,11.177,23.976,0.795,7,5.56,0.9981,weekly demand std / sqrt(7),0.95,4.34,9.91,21.04,0,NO_REORDER,LOW,Stock 22 is at or above the reorder point 9.9
BR005,MED430,Salbutamol Inhaler 100mcg (Aarogya Formulations),Respiratory,8,0.427,0.844,1.99,0.061,7,0.43,0.2568,weekly demand std / sqrt(7),0.95,1.12,1.54,2.4,0,NO_REORDER,LOW,Stock 8 is at or above the reorder point 1.5
BR005,MED431,Salbutamol Inhaler 100mcg (ApexLife Pharma),Respiratory,20,3.578,7.665,16.339,0.5111,7,3.58,0.5665,weekly demand std / sqrt(7),0.95,2.47,6.04,13.2,0,NO_REORDER,LOW,Stock 20 is at or above the reorder point 6.0
BR005,MED432,Salbutamol Inhaler 100mcg (Stellar Formulations),Respiratory,59,17.937,38.863,82.394,2.5624,7,17.94,2.1049,weekly demand std / sqrt(7),0.95,9.16,27.1,62.97,0,NO_REORDER,LOW,Stock 59 is at or above the reorder point 27.1
BR005,MED433,Salbutamol Inhaler 100mcg (Summit Lifesciences),Respiratory,5,0.787,1.931,4.605,0.25,7,1.75,0.4988,weekly demand std / sqrt(7),0.95,2.17,3.92,7.42,0,NO_REORDER,LOW,Stock 5 is at or above the reorder point 3.9
BR005,MED434,Salbutamol Inhaler 100mcg (TrueLife Remedies),Respiratory,11,0.626,1.471,3.245,0.1071,7,0.75,0.2635,weekly demand std / sqrt(7),0.95,1.15,1.9,3.4,0,NO_REORDER,LOW,Stock 11 is at or above the reorder point 1.9
BR005,MED435,Salbutamol Inhaler 100mcg (VitaCure Remedies),Respiratory,13,0.991,2.209,5.713,0.1786,7,1.25,0.5969,weekly demand std / sqrt(7),0.95,2.6,3.85,6.35,0,NO_REORDER,LOW,Stock 13 is at or above the reorder point 3.8
BR005,MED436,Salbutamol Inhaler 200mcg,Respiratory,13,2.688,5.718,12.43,0.3929,7,2.75,0.6049,weekly demand std / sqrt(7),0.95,2.63,5.38,10.88,0,NO_REORDER,LOW,Stock 13 is at or above the reorder point 5.4
BR005,MED437,Salbutamol Inhaler 200mcg (BlueCrest Pharma),Respiratory,14,0.685,1.647,4.208,0.1071,7,0.75,0.2635,weekly demand std / sqrt(7),0.95,1.15,1.9,3.4,0,NO_REORDER,LOW,Stock 14 is at or above the reorder point 1.9
BR005,MED438,Salbutamol Inhaler 200mcg (CarePlus Laboratories),Respiratory,11,0.424,0.915,1.992,0.0606,7,0.42,0.1944,weekly demand std / sqrt(7),0.95,0.85,1.27,2.12,0,NO_REORDER,LOW,Stock 11 is at or above the reorder point 1.3
BR005,MED439,Salbutamol Inhaler 200mcg (HealthAxis Pharma),Respiratory,9,1.923,4.036,8.932,0.3214,7,2.25,0.5573,weekly demand std / sqrt(7),0.95,2.43,4.68,9.18,0,NO_REORDER,LOW,Stock 9 is at or above the reorder point 4.7
BR005,MED440,Salbutamol Inhaler 200mcg (Stellar Formulations),Respiratory,13,1.752,4.205,9.168,0.3929,7,2.75,0.5649,weekly demand std / sqrt(7),0.95,2.46,5.21,10.71,0,NO_REORDER,LOW,Stock 13 is at or above the reorder point 5.2
BR005,MED441,Salbutamol Inhaler 200mcg (Summit Lifesciences),Respiratory,10,0.459,1.075,2.431,0.0656,7,0.46,0.388,weekly demand std / sqrt(7),0.95,1.69,2.15,3.07,0,NO_REORDER,LOW,Stock 10 is at or above the reorder point 2.1
BR005,MED442,Calcium + Vitamin D3 500mg/250IU (Aarogya Formulations),Vitamins,10,0.886,1.981,4.668,0.1429,7,1.0,0.434,weekly demand std / sqrt(7),0.95,1.89,2.89,4.89,0,NO_REORDER,LOW,Stock 10 is at or above the reorder point 2.9
BR005,MED443,Calcium + Vitamin D3 500mg/250IU (ApexLife Pharma),Vitamins,26,6.367,13.861,30.068,0.9096,7,6.37,1.2729,weekly demand std / sqrt(7),0.95,5.54,11.91,24.64,0,NO_REORDER,LOW,Stock 26 is at or above the reorder point 11.9
BR005,MED444,Calcium + Vitamin D3 500mg/250IU (CureLine Healthcare),Vitamins,25,7.269,15.005,33.688,1.0384,7,7.27,1.3231,weekly demand std / sqrt(7),0.95,5.76,13.03,27.56,0,NO_REORDER,LOW,Stock 25 is at or above the reorder point 13.0
BR005,MED446,Calcium + Vitamin D3 500mg/250IU (LifeSpring Pharma),Vitamins,45,9.729,21.014,45.641,1.5,7,10.5,1.8285,weekly demand std / sqrt(7),0.95,7.96,18.46,39.46,0,NO_REORDER,LOW,Stock 45 is at or above the reorder point 18.5
BR005,MED447,Calcium + Vitamin D3 500mg/250IU (Summit Lifesciences),Vitamins,11,2.732,5.936,13.283,0.5,7,3.5,0.752,weekly demand std / sqrt(7),0.95,3.27,6.77,13.77,0,NO_REORDER,LOW,Stock 11 is at or above the reorder point 6.8
BR005,MED449,Iron + Folic Acid 100mg/500mcg (BlueCrest Pharma),Vitamins,11,1.228,2.2,6.13,0.2143,7,1.5,0.6193,weekly demand std / sqrt(7),0.95,2.7,4.2,7.2,0,NO_REORDER,LOW,Stock 11 is at or above the reorder point 4.2
BR005,MED450,Iron + Folic Acid 100mg/500mcg (CarePlus Laboratories),Vitamins,15,1.597,3.699,7.709,0.3571,7,2.5,0.6049,weekly demand std / sqrt(7),0.95,2.63,5.13,10.13,0,NO_REORDER,LOW,Stock 15 is at or above the reorder point 5.1
BR005,MED451,Iron + Folic Acid 100mg/500mcg (CureLine Healthcare),Vitamins,24,0.951,2.067,5.042,0.1359,7,0.95,0.2668,weekly demand std / sqrt(7),0.95,1.16,2.11,4.01,0,NO_REORDER,LOW,Stock 24 is at or above the reorder point 2.1
BR005,MED452,Iron + Folic Acid 100mg/500mcg (HealthAxis Pharma),Vitamins,13,1.139,2.456,5.019,0.2143,7,1.5,0.8705,weekly demand std / sqrt(7),0.95,3.79,5.29,8.29,0,NO_REORDER,LOW,Stock 13 is at or above the reorder point 5.3
BR005,MED453,Iron + Folic Acid 100mg/500mcg (LifeSpring Pharma),Vitamins,32,1.075,2.374,6.001,0.1536,7,1.08,0.4206,weekly demand std / sqrt(7),0.95,1.83,2.91,5.06,0,NO_REORDER,LOW,Stock 32 is at or above the reorder point 2.9
BR005,MED454,Iron + Folic Acid 100mg/500mcg (Stellar Formulations),Vitamins,44,22.827,44.592,100.177,3.3929,7,23.75,3.0663,weekly demand std / sqrt(7),0.95,13.34,37.09,84.59,0,NO_REORDER,LOW,Stock 44 is at or above the reorder point 37.1
BR005,MED455,Iron + Folic Acid 100mg/500mcg (Summit Lifesciences),Vitamins,16,0.522,1.037,2.53,0.0746,7,0.52,0.3038,weekly demand std / sqrt(7),0.95,1.32,1.84,2.89,0,NO_REORDER,LOW,Stock 16 is at or above the reorder point 1.8
BR005,MED456,Iron + Folic Acid 100mg/500mcg (VitaCure Remedies),Vitamins,11,2.98,5.96,13.814,0.6429,7,4.5,0.719,weekly demand std / sqrt(7),0.95,3.13,7.63,16.63,0,NO_REORDER,LOW,Stock 11 is at or above the reorder point 7.6
BR005,MED457,Multivitamin B-complex+C (BlueCrest Pharma),Vitamins,13,1.623,2.849,6.214,0.4286,7,3.0,0.8282,weekly demand std / sqrt(7),0.95,3.6,6.6,12.6,0,NO_REORDER,LOW,Stock 13 is at or above the reorder point 6.6
BR005,MED458,Multivitamin B-complex+C (HealthAxis Pharma),Vitamins,17,1.272,2.725,6.916,0.2143,7,1.5,0.375,weekly demand std / sqrt(7),0.95,1.63,3.13,6.13,0,NO_REORDER,LOW,Stock 17 is at or above the reorder point 3.1
BR005,MED461,Vitamin C Chewable 500mg (Aarogya Formulations),Vitamins,29,13.527,28.197,60.574,2.2143,7,15.5,1.6628,weekly demand std / sqrt(7),0.95,7.24,22.74,53.74,0,NO_REORDER,LOW,Stock 29 is at or above the reorder point 22.7
BR005,MED462,Vitamin C Chewable 500mg (ApexLife Pharma),Vitamins,9,2.885,6.204,14.594,0.5357,7,3.75,0.8245,weekly demand std / sqrt(7),0.95,3.59,7.34,14.84,0,NO_REORDER,LOW,Stock 9 is at or above the reorder point 7.3
BR005,MED464,Vitamin C Chewable 500mg (TrueLife Remedies),Vitamins,8,0.878,1.952,4.605,0.1786,7,1.25,0.6585,weekly demand std / sqrt(7),0.95,2.87,4.12,6.62,0,NO_REORDER,LOW,Stock 8 is at or above the reorder point 4.1
BR005,MED465,Vitamin C Chewable 1000mg,Vitamins,27,5.994,12.998,27.241,0.8563,7,5.99,1.4316,weekly demand std / sqrt(7),0.95,6.23,12.22,24.21,0,NO_REORDER,LOW,Stock 27 is at or above the reorder point 12.2
BR005,MED467,Vitamin C Chewable 1000mg (BlueCrest Pharma),Vitamins,11,1.738,3.972,8.684,0.4643,7,3.25,0.6847,weekly demand std / sqrt(7),0.95,2.98,6.23,12.73,0,NO_REORDER,LOW,Stock 11 is at or above the reorder point 6.2
BR005,MED469,Vitamin C Chewable 1000mg (CureLine Healthcare),Vitamins,25,1.49,3.023,7.376,0.25,7,1.75,0.7502,weekly demand std / sqrt(7),0.95,3.26,5.01,8.51,0,NO_REORDER,LOW,Stock 25 is at or above the reorder point 5.0
BR005,MED471,Vitamin C Chewable 1000mg (Summit Lifesciences),Vitamins,16,2.478,5.441,12.45,0.3571,7,2.5,0.6042,weekly demand std / sqrt(7),0.95,2.63,5.13,10.13,0,NO_REORDER,LOW,Stock 16 is at or above the reorder point 5.1
BR005,MED472,Vitamin C Chewable 1000mg (TrueLife Remedies),Vitamins,19,1.173,2.576,6.515,0.1676,7,1.17,0.5312,weekly demand std / sqrt(7),0.95,2.31,3.48,5.83,0,NO_REORDER,LOW,Stock 19 is at or above the reorder point 3.5
BR005,MED473,Vitamin C Chewable 1000mg (VitaCure Remedies),Vitamins,19,5.458,10.73,25.693,0.8571,7,6.0,1.4571,weekly demand std / sqrt(7),0.95,6.34,12.34,24.34,0,NO_REORDER,LOW,Stock 19 is at or above the reorder point 12.3
BR005,MED474,Vitamin D3 60000IU (TrueLife Remedies),Vitamins,25,0.925,1.987,5.672,0.1429,7,1.0,0.3251,weekly demand std / sqrt(7),0.95,1.41,2.41,4.41,0,NO_REORDER,LOW,Stock 25 is at or above the reorder point 2.4
BR005,MED475,Vitamin D3 60000IU (VitaCure Remedies),Vitamins,15,3.03,6.162,13.048,0.4329,7,3.03,0.7659,weekly demand std / sqrt(7),0.95,3.33,6.36,12.42,0,NO_REORDER,LOW,Stock 15 is at or above the reorder point 6.4
BR005,MED476,Vitamin D3 1000IU,Vitamins,17,3.105,6.136,13.353,0.4643,7,3.25,1.0208,weekly demand std / sqrt(7),0.95,4.44,7.69,14.19,0,NO_REORDER,LOW,Stock 17 is at or above the reorder point 7.7
BR005,MED477,Vitamin D3 1000IU (Summit Lifesciences),Vitamins,10,1.848,4.356,9.554,0.5,7,3.5,0.9866,weekly demand std / sqrt(7),0.95,4.29,7.79,14.79,0,NO_REORDER,LOW,Stock 10 is at or above the reorder point 7.8
BR005,MED478,Calamine Lotion 100ml (CureLine Healthcare),Dermatological,10,0.687,1.426,3.262,0.0981,7,0.69,0.3989,weekly demand std / sqrt(7),0.95,1.74,2.42,3.8,0,NO_REORDER,LOW,Stock 10 is at or above the reorder point 2.4
BR005,MED479,Calamine Lotion 100ml (LifeSpring Pharma),Dermatological,9,0.684,1.404,3.111,0.0977,7,0.68,0.4217,weekly demand std / sqrt(7),0.95,1.84,2.52,3.89,0,NO_REORDER,LOW,Stock 9 is at or above the reorder point 2.5
BR005,MED480,Calamine Lotion 100ml (Stellar Formulations),Dermatological,12,3.095,5.769,13.878,0.6429,7,4.5,0.7995,weekly demand std / sqrt(7),0.95,3.48,7.98,16.98,0,NO_REORDER,LOW,Stock 12 is at or above the reorder point 8.0
BR005,MED481,Calamine Lotion 100ml (TrueLife Remedies),Dermatological,22,0.811,1.478,3.726,0.1159,7,0.81,0.3843,weekly demand std / sqrt(7),0.95,1.67,2.48,4.11,0,NO_REORDER,LOW,Stock 22 is at or above the reorder point 2.5
BR005,MED482,Clotrimazole Cream 1% (ApexLife Pharma),Dermatological,11,1.323,2.726,6.182,0.2857,7,2.0,0.4838,weekly demand std / sqrt(7),0.95,2.11,4.11,8.11,0,NO_REORDER,LOW,Stock 11 is at or above the reorder point 4.1
BR005,MED483,Clotrimazole Cream 1% (CureLine Healthcare),Dermatological,10,3.277,6.483,14.853,0.6071,7,4.25,0.7555,weekly demand std / sqrt(7),0.95,3.29,7.54,16.04,0,NO_REORDER,LOW,Stock 10 is at or above the reorder point 7.5
BR005,MED484,Clotrimazole Cream 2%,Dermatological,10,1.171,2.338,5.453,0.2143,7,1.5,0.591,weekly demand std / sqrt(7),0.95,2.57,4.07,7.07,0,NO_REORDER,LOW,Stock 10 is at or above the reorder point 4.1
BR005,MED485,Clotrimazole Cream 2% (Stellar Formulations),Dermatological,13,0.442,0.956,1.912,0.0631,7,0.44,0.2431,weekly demand std / sqrt(7),0.95,1.06,1.5,2.38,0,NO_REORDER,LOW,Stock 13 is at or above the reorder point 1.5
BR005,MED486,Clotrimazole Cream 2% (TrueLife Remedies),Dermatological,13,0.514,1.097,2.51,0.0734,7,0.51,0.2863,weekly demand std / sqrt(7),0.95,1.25,1.76,2.79,0,NO_REORDER,LOW,Stock 13 is at or above the reorder point 1.8
BR005,MED487,Fusidic Acid Cream 2% (ApexLife Pharma),Dermatological,10,0.911,2.325,4.527,0.1786,7,1.25,0.5289,weekly demand std / sqrt(7),0.95,2.3,3.55,6.05,0,NO_REORDER,LOW,Stock 10 is at or above the reorder point 3.6
BR005,MED488,Fusidic Acid Cream 2% (BlueCrest Pharma),Dermatological,3,0.482,1.013,2.42,0.1429,7,1.0,0.444,weekly demand std / sqrt(7),0.95,1.93,2.93,4.93,0,NO_REORDER,LOW,Stock 3 is at or above the reorder point 2.9
BR005,MED489,Fusidic Acid Cream 2% (VitaCure Remedies),Dermatological,19,0.427,0.679,1.655,0.061,7,0.43,0.1944,weekly demand std / sqrt(7),0.95,0.85,1.27,2.13,0,NO_REORDER,LOW,Stock 19 is at or above the reorder point 1.3
BR005,MED490,Hydrocortisone Cream 1% (CarePlus Laboratories),Dermatological,10,2.365,4.856,10.885,0.3929,7,2.75,0.8911,weekly demand std / sqrt(7),0.95,3.88,6.63,12.13,0,NO_REORDER,LOW,Stock 10 is at or above the reorder point 6.6
BR005,MED492,Hydrocortisone Cream 1% (Summit Lifesciences),Dermatological,10,0.396,0.872,1.804,0.0566,7,0.4,0.1779,weekly demand std / sqrt(7),0.95,0.77,1.17,1.96,0,NO_REORDER,LOW,Stock 10 is at or above the reorder point 1.2
BR005,MED493,Ketoconazole Shampoo 2% (Aarogya Formulations),Dermatological,12,0.951,2.043,4.466,0.1429,7,1.0,0.4926,weekly demand std / sqrt(7),0.95,2.14,3.14,5.14,0,NO_REORDER,LOW,Stock 12 is at or above the reorder point 3.1
BR005,MED494,Ketoconazole Shampoo 2% (LifeSpring Pharma),Dermatological,9,1.041,2.245,4.711,0.2143,7,1.5,0.5549,weekly demand std / sqrt(7),0.95,2.41,3.91,6.91,0,NO_REORDER,LOW,Stock 9 is at or above the reorder point 3.9
BR005,MED495,Ketoconazole Shampoo 2% (VitaCure Remedies),Dermatological,8,1.047,2.055,4.082,0.2143,7,1.5,0.3956,weekly demand std / sqrt(7),0.95,1.72,3.22,6.22,0,NO_REORDER,LOW,Stock 8 is at or above the reorder point 3.2
BR005,MED496,Mupirocin Ointment 2% (ApexLife Pharma),Dermatological,13,1.716,3.309,7.552,0.3214,7,2.25,0.5604,weekly demand std / sqrt(7),0.95,2.44,4.69,9.19,0,NO_REORDER,LOW,Stock 13 is at or above the reorder point 4.7
BR005,MED498,Mupirocin Ointment 2% (NovaMed Laboratories),Dermatological,28,0.744,1.457,2.783,0.1063,7,0.74,0.2377,weekly demand std / sqrt(7),0.95,1.03,1.78,3.27,0,NO_REORDER,LOW,Stock 28 is at or above the reorder point 1.8
BR005,MED499,Mupirocin Ointment 2% (Summit Lifesciences),Dermatological,14,0.57,1.211,2.806,0.0814,7,0.57,0.6055,weekly demand std / sqrt(7),0.95,2.63,3.2,4.34,0,NO_REORDER,LOW,Stock 14 is at or above the reorder point 3.2
BR005,MED500,Mupirocin Ointment 2% (VitaCure Remedies),Dermatological,11,0.557,1.069,2.375,0.0796,7,0.56,0.5557,weekly demand std / sqrt(7),0.95,2.42,2.98,4.09,0,NO_REORDER,LOW,Stock 11 is at or above the reorder point 3.0
