branch_id,medicine_id,medicine_name,category,current_inventory_units,forecast_7d,forecast_14d,forecast_30d,forecast_upper_7d,recent_daily_demand,expected_daily_demand,days_of_cover,days_of_cover_at_upper_forecast,stockout_days_last_28d,stockout_days_last_90d,stockout_event_count,historical_stockout_rate,demand_cv_weekly,base_risk_level,risk_level,risk_score,primary_reason,secondary_reason
BR001,MED283,Atorvastatin 10mg (LifeSpring Pharma),Cardiovascular,0,5.879,11.792,28.152,11.373,1.1071,1.1071,0.0,0.0,1,1,10,0.02466,0.48,CRITICAL,CRITICAL,100.0,Out of stock with expected demand of 1.11 units/day (7-day forecast 5.9 units),
BR001,MED419,Dextromethorphan Syrup 100ml (TrueLife Remedies),Respiratory,0,1.931,3.653,8.77,5.379,0.4286,0.4286,0.0,0.0,2,2,1,0.00274,1.115,CRITICAL,CRITICAL,100.0,Out of stock with expected demand of 0.43 units/day (7-day forecast 1.9 units),highly variable weekly demand (CV 1.11)
BR002,MED031,Montelukast + Levocetirizine 10mg/5mg,Antihistamines,0,6.807,13.987,31.796,17.126,1.3929,1.3929,0.0,0.0,2,2,5,0.01233,0.519,CRITICAL,CRITICAL,100.0,Out of stock with expected demand of 1.39 units/day (7-day forecast 6.8 units),
BR002,MED251,Pantoprazole 20mg (BlueCrest Pharma),Gastrointestinal,0,1.526,2.85,6.97,4.975,0.3929,0.3929,0.0,0.0,4,4,3,0.01507,1.168,CRITICAL,CRITICAL,100.0,Out of stock with expected demand of 0.39 units/day (7-day forecast 1.5 units),"stockout history: 4 days in the last 28, out of stock on 1.5% of all days observed; highly variable weekly demand (CV 1.17)"
BR002,MED362,Glimepiride 1mg (HealthAxis Pharma),Antidiabetic,0,1.788,4.468,11.123,5.236,0.4643,0.4643,0.0,0.0,9,9,6,0.01918,0.747,CRITICAL,CRITICAL,100.0,Out of stock with expected demand of 0.46 units/day (7-day forecast 1.8 units),"stockout history: 9 days in the last 28, out of stock on 1.9% of all days observed"
BR003,MED104,Amoxicillin + Clavulanic Acid 375mg,Antibiotics,0,21.498,44.537,93.175,31.817,2.6429,3.0711,0.0,0.0,7,7,7,0.04384,0.294,CRITICAL,CRITICAL,100.0,Out of stock with expected demand of 3.07 units/day (7-day forecast 21.5 units),"stockout history: 7 days in the last 28, out of stock on 4.4% of all days observed"
BR003,MED127,Cefixime 100mg (VitaCure Remedies),Antibiotics,0,16.091,32.206,68.531,26.41,2.2143,2.2987,0.0,0.0,5,5,6,0.02329,0.399,CRITICAL,CRITICAL,100.0,Out of stock with expected demand of 2.30 units/day (7-day forecast 16.1 units),"stockout history: 5 days in the last 28, out of stock on 2.3% of all days observed"
BR003,MED251,Pantoprazole 20mg (BlueCrest Pharma),Gastrointestinal,0,0.981,2.223,4.757,3.279,0.2143,0.2143,0.0,0.0,10,10,1,0.0137,0.918,CRITICAL,CRITICAL,100.0,Out of stock with expected demand of 0.21 units/day (7-day forecast 1.0 units),"stockout history: 10 days in the last 28, out of stock on 1.4% of all days observed"
BR003,MED302,Losartan 25mg (HealthAxis Pharma),Cardiovascular,0,7.766,15.698,35.485,18.085,1.6071,1.6071,0.0,0.0,1,2,8,0.02877,0.723,CRITICAL,CRITICAL,100.0,Out of stock with expected demand of 1.61 units/day (7-day forecast 7.8 units),"stockout history: 1 days in the last 28, out of stock on 2.9% of all days observed"
BR004,MED005,Paracetamol 650mg,Antipyretics,0,21.633,43.218,88.848,31.952,3.4643,3.4643,0.0,0.0,4,12,26,0.06164,0.198,CRITICAL,CRITICAL,100.0,Out of stock with expected demand of 3.46 units/day (7-day forecast 21.6 units),"stockout history: 4 days in the last 28, out of stock on 6.2% of all days observed"
BR004,MED069,Ibuprofen 400mg (HealthAxis Pharma),Analgesics,0,4.627,10.274,22.274,10.12,0.9643,0.9643,0.0,0.0,1,1,6,0.0137,0.486,CRITICAL,CRITICAL,100.0,Out of stock with expected demand of 0.96 units/day (7-day forecast 4.6 units),
BR004,MED090,Paracetamol 500mg (CarePlus Laboratories),Analgesics,0,2.058,4.902,10.981,5.506,0.4643,0.4643,0.0,0.0,3,5,3,0.01096,0.554,CRITICAL,CRITICAL,100.0,Out of stock with expected demand of 0.46 units/day (7-day forecast 2.1 units),"stockout history: 3 days in the last 28, out of stock on 1.1% of all days observed"
BR004,MED108,Azithromycin 500mg (Aarogya Formulations),Antibiotics,0,3.841,8.48,18.325,9.334,0.8214,0.8214,0.0,0.0,3,5,9,0.0274,0.463,CRITICAL,CRITICAL,100.0,Out of stock with expected demand of 0.82 units/day (7-day forecast 3.8 units),"stockout history: 3 days in the last 28, out of stock on 2.7% of all days observed"
BR004,MED202,Montelukast + Levocetirizine 10mg/5mg (Stellar Formulations),Antihistamines,0,3.421,8.052,15.858,8.915,0.75,0.75,0.0,0.0,3,8,5,0.02466,0.612,CRITICAL,CRITICAL,100.0,Out of stock with expected demand of 0.75 units/day (7-day forecast 3.4 units),"stockout history: 3 days in the last 28, out of stock on 2.5% of all days observed"
BR004,MED221,Omeprazole 40mg,Gastrointestinal,0,0.695,1.418,4.028,2.993,0.25,0.25,0.0,0.0,3,3,4,0.02329,1.163,CRITICAL,CRITICAL,100.0,Out of stock with expected demand of 0.25 units/day (7-day forecast 0.7 units),"stockout history: 3 days in the last 28, out of stock on 2.3% of all days observed; highly variable weekly demand (CV 1.16)"
BR004,MED286,Atorvastatin 20mg (BlueCrest Pharma),Cardiovascular,0,2.574,6.661,15.063,8.067,0.75,0.75,0.0,0.0,2,2,6,0.02192,0.69,CRITICAL,CRITICAL,100.0,Out of stock with expected demand of 0.75 units/day (7-day forecast 2.6 units),
BR004,MED415,Budesonide Inhaler 100mcg,Respiratory,0,2.156,4.279,9.488,7.65,0.4643,0.4643,0.0,0.0,1,1,7,0.01644,0.822,CRITICAL,CRITICAL,100.0,Out of stock with expected demand of 0.46 units/day (7-day forecast 2.2 units),
BR005,MED100,Amoxicillin 250mg (TrueLife Remedies),Antibiotics,0,0.717,2.029,4.66,3.015,0.3214,0.3214,0.0,0.0,2,2,3,0.00959,1.172,CRITICAL,CRITICAL,100.0,Out of stock with expected demand of 0.32 units/day (7-day forecast 0.7 units),highly variable weekly demand (CV 1.17)
BR005,MED402,Sitagliptin 50mg (NovaMed Laboratories),Antidiabetic,0,3.313,6.557,15.655,8.807,0.7857,0.7857,0.0,0.0,1,2,8,0.02055,0.578,CRITICAL,CRITICAL,100.0,Out of stock with expected demand of 0.79 units/day (7-day forecast 3.3 units),
BR001,MED005,Paracetamol 650mg,Antipyretics,1,22.853,49.689,96.804,33.172,3.7857,3.7857,0.26,0.21,2,2,25,0.07945,0.28,CRITICAL,CRITICAL,98.1,0.3 days of cover: 1 units in stock at expected demand of 3.79 units/day,"stockout history: 2 days in the last 28, out of stock on 7.9% of all days observed; 7-day forecast (22.9) exceeds current stock (1)"
BR003,MED142,Mefenamic Acid 500mg (Kavach Healthcare),Antipyretics,2,17.914,35.105,74.452,28.233,2.8571,2.8571,0.7,0.5,0,2,22,0.07123,0.297,CRITICAL,CRITICAL,95.0,0.7 days of cover: 2 units in stock at expected demand of 2.86 units/day,"stockout history: 0 days in the last 28, out of stock on 7.1% of all days observed; 7-day forecast (17.9) exceeds current stock (2)"
BR004,MED139,Mefenamic Acid 500mg,Antipyretics,3,23.204,46.864,93.897,33.522,3.8214,3.8214,0.79,0.63,2,6,21,0.05616,0.528,CRITICAL,CRITICAL,94.4,0.8 days of cover: 3 units in stock at expected demand of 3.82 units/day,"stockout history: 2 days in the last 28, out of stock on 5.6% of all days observed; 7-day forecast (23.2) exceeds current stock (3)"
BR003,MED186,Fexofenadine 180mg,Antihistamines,1,5.496,11.363,24.88,10.989,1.0714,1.0714,0.93,0.64,0,0,3,0.00959,0.423,CRITICAL,CRITICAL,93.3,0.9 days of cover: 1 units in stock at expected demand of 1.07 units/day,7-day forecast (5.5) exceeds current stock (1)
BR003,MED191,Levocetirizine 5mg (BlueCrest Pharma),Antihistamines,1,3.712,7.747,17.145,9.205,0.8214,0.8214,1.22,0.76,0,0,4,0.01096,0.559,CRITICAL,CRITICAL,91.3,1.2 days of cover: 1 units in stock at expected demand of 0.82 units/day,7-day forecast (3.7) exceeds current stock (1)
BR004,MED191,Levocetirizine 5mg (BlueCrest Pharma),Antihistamines,1,4.123,8.831,19.653,9.616,0.8214,0.8214,1.22,0.73,0,0,6,0.04384,0.562,CRITICAL,CRITICAL,91.3,1.2 days of cover: 1 units in stock at expected demand of 0.82 units/day,"stockout history: 0 days in the last 28, out of stock on 4.4% of all days observed; 7-day forecast (4.1) exceeds current stock (1)"
BR005,MED326,Rosuvastatin 20mg (VitaCure Remedies),Cardiovascular,12,59.764,120.921,253.632,70.083,9.6429,9.6429,1.24,1.2,0,1,13,0.05479,0.281,CRITICAL,CRITICAL,91.1,1.2 days of cover: 12 units in stock at expected demand of 9.64 units/day,"stockout history: 0 days in the last 28, out of stock on 5.5% of all days observed; 7-day forecast (59.8) exceeds current stock (12)"
BR001,MED392,Metformin 1000mg (LifeSpring Pharma),Antidiabetic,5,22.733,48.392,102.85,33.052,3.75,3.75,1.33,1.06,0,0,1,0.00137,0.286,CRITICAL,CRITICAL,90.5,1.3 days of cover: 5 units in stock at expected demand of 3.75 units/day,7-day forecast (22.7) exceeds current stock (5)
BR001,MED163,Cetirizine 10mg (CureLine Healthcare),Antihistamines,3,13.37,27.049,62.141,23.689,2.2143,2.2143,1.35,0.89,0,0,9,0.03973,0.298,CRITICAL,CRITICAL,90.3,1.4 days of cover: 3 units in stock at expected demand of 2.21 units/day,"stockout history: 0 days in the last 28, out of stock on 4.0% of all days observed; 7-day forecast (13.4) exceeds current stock (3)"
BR004,MED169,Cetirizine 5mg (CarePlus Laboratories),Antihistamines,3,12.458,26.722,58.84,22.777,2.1071,2.1071,1.42,0.92,0,2,16,0.05479,0.279,CRITICAL,CRITICAL,89.8,1.4 days of cover: 3 units in stock at expected demand of 2.11 units/day,"stockout history: 0 days in the last 28, out of stock on 5.5% of all days observed; 7-day forecast (12.5) exceeds current stock (3)"
BR002,MED288,Atorvastatin 40mg,Cardiovascular,3,8.354,19.248,43.41,18.673,1.9286,1.9286,1.56,1.12,0,0,7,0.03562,0.784,CRITICAL,CRITICAL,88.9,1.6 days of cover: 3 units in stock at expected demand of 1.93 units/day,"stockout history: 0 days in the last 28, out of stock on 3.6% of all days observed; 7-day forecast (8.4) exceeds current stock (3)"
BR005,MED135,Mefenamic Acid 250mg (ApexLife Pharma),Antipyretics,2,5.632,11.656,26.42,11.125,1.25,1.25,1.6,1.26,0,3,5,0.02603,0.481,CRITICAL,CRITICAL,88.6,1.6 days of cover: 2 units in stock at expected demand of 1.25 units/day,"stockout history: 0 days in the last 28, out of stock on 2.6% of all days observed; 7-day forecast (5.6) exceeds current stock (2)"
BR003,MED354,Gliclazide 40mg (Summit Lifesciences),Antidiabetic,8,30.352,60.74,129.642,40.671,4.7143,4.7143,1.7,1.38,0,0,3,0.01096,0.338,CRITICAL,CRITICAL,87.9,1.7 days of cover: 8 units in stock at expected demand of 4.71 units/day,7-day forecast (30.4) exceeds current stock (8)
BR005,MED468,Vitamin C Chewable 1000mg (CarePlus Laboratories),Vitamins,2,5.494,11.462,26.91,10.988,1.1071,1.1071,1.81,1.27,0,0,4,0.01918,0.488,CRITICAL,CRITICAL,87.1,1.8 days of cover: 2 units in stock at expected demand of 1.11 units/day,7-day forecast (5.5) exceeds current stock (2)
BR004,MED324,Rosuvastatin 20mg (Stellar Formulations),Cardiovascular,5,10.835,25.646,51.545,21.154,2.6786,2.6786,1.87,1.65,1,1,3,0.01781,0.595,CRITICAL,CRITICAL,86.7,1.9 days of cover: 5 units in stock at expected demand of 2.68 units/day,7-day forecast (10.8) exceeds current stock (5)
BR001,MED158,Paracetamol Suspension 125mg/5ml (LifeSpring Pharma),Antipyretics,5,15.124,29.04,62.865,25.443,2.4286,2.4286,2.06,1.38,0,1,14,0.03973,0.327,CRITICAL,CRITICAL,85.3,2.1 days of cover: 5 units in stock at expected demand of 2.43 units/day,"stockout history: 0 days in the last 28, out of stock on 4.0% of all days observed; 7-day forecast (15.1) exceeds current stock (5)"
BR003,MED090,Paracetamol 500mg (CarePlus Laboratories),Analgesics,1,1.206,3.251,7.785,4.654,0.4643,0.4643,2.15,1.5,0,3,6,0.01781,0.683,CRITICAL,CRITICAL,84.6,2.2 days of cover: 1 units in stock at expected demand of 0.46 units/day,7-day forecast (1.2) exceeds current stock (1)
BR004,MED263,Amlodipine 2.5mg (Stellar Formulations),Cardiovascular,1,1.244,2.886,6.787,4.692,0.4643,0.4643,2.15,1.49,0,0,3,0.01096,1.002,CRITICAL,CRITICAL,84.6,2.2 days of cover: 1 units in stock at expected demand of 0.46 units/day,7-day forecast (1.2) exceeds current stock (1); highly variable weekly demand (CV 1.00)
BR003,MED402,Sitagliptin 50mg (NovaMed Laboratories),Antidiabetic,4,6.165,15.151,34.41,11.658,1.7857,1.7857,2.24,2.4,1,1,5,0.00685,0.57,CRITICAL,CRITICAL,84.0,2.2 days of cover: 4 units in stock at expected demand of 1.79 units/day,7-day forecast (6.2) exceeds current stock (4)
BR001,MED039,Metoprolol 50mg,Cardiovascular,4,7.845,17.7,40.016,18.164,1.6429,1.6429,2.43,1.54,0,0,1,0.00137,0.504,CRITICAL,CRITICAL,82.6,2.4 days of cover: 4 units in stock at expected demand of 1.64 units/day,7-day forecast (7.8) exceeds current stock (4)
BR003,MED269,Amlodipine 10mg (Stellar Formulations),Cardiovascular,27,65.064,135.939,285.204,75.383,11.0,11.0,2.45,2.51,0,0,2,0.01781,0.178,CRITICAL,CRITICAL,82.5,2.5 days of cover: 27 units in stock at expected demand of 11.00 units/day,7-day forecast (65.1) exceeds current stock (27)
BR005,MED239,ORS Powder 21.8g (HealthAxis Pharma),Gastrointestinal,17,42.279,85.845,185.988,52.598,6.5714,6.5714,2.59,2.26,0,3,3,0.01644,0.287,CRITICAL,CRITICAL,81.5,2.6 days of cover: 17 units in stock at expected demand of 6.57 units/day,7-day forecast (42.3) exceeds current stock (17)
BR004,MED171,Cetirizine 5mg (Stellar Formulations),Antihistamines,2,3.143,7.506,16.391,8.637,0.75,0.75,2.67,1.62,0,1,3,0.00959,0.682,CRITICAL,CRITICAL,81.0,2.7 days of cover: 2 units in stock at expected demand of 0.75 units/day,7-day forecast (3.1) exceeds current stock (2)
BR003,MED319,Rosuvastatin 5mg (NovaMed Laboratories),Cardiovascular,19,45.904,90.91,204.65,56.222,7.1071,7.1071,2.67,2.37,0,2,7,0.02192,0.257,CRITICAL,CRITICAL,80.9,2.7 days of cover: 19 units in stock at expected demand of 7.11 units/day,7-day forecast (45.9) exceeds current stock (19)
BR001,MED001,Paracetamol 500mg,Analgesics,15,35.106,72.119,155.188,45.425,5.5714,5.5714,2.69,2.31,0,0,6,0.02055,0.199,CRITICAL,CRITICAL,80.8,2.7 days of cover: 15 units in stock at expected demand of 5.57 units/day,7-day forecast (35.1) exceeds current stock (15)
BR002,MED279,Aspirin 150mg (Summit Lifesciences),Cardiovascular,1,0.505,1.161,3.409,2.151,0.3571,0.3571,2.8,3.25,0,0,0,0.0,1.152,CRITICAL,CRITICAL,80.0,2.8 days of cover: 1 units in stock at expected demand of 0.36 units/day,highly variable weekly demand (CV 1.15)
BR005,MED127,Cefixime 100mg (VitaCure Remedies),Antibiotics,10,21.198,41.943,90.229,31.516,3.4286,3.4286,2.92,2.22,0,1,9,0.04521,0.326,CRITICAL,CRITICAL,79.2,2.9 days of cover: 10 units in stock at expected demand of 3.43 units/day,"stockout history: 0 days in the last 28, out of stock on 4.5% of all days observed; 7-day forecast (21.2) exceeds current stock (10)"
BR003,MED158,Paracetamol Suspension 125mg/5ml (LifeSpring Pharma),Antipyretics,7,14.553,31.291,64.782,24.872,2.3929,2.3929,2.93,1.97,0,0,8,0.02329,0.299,CRITICAL,CRITICAL,79.1,2.9 days of cover: 7 units in stock at expected demand of 2.39 units/day,7-day forecast (14.6) exceeds current stock (7)
BR003,MED391,Metformin 1000mg (HealthAxis Pharma),Antidiabetic,3,4.435,10.02,22.506,9.929,1.0,1.0,3.0,2.12,0,6,17,0.07534,0.639,HIGH,HIGH,78.6,3.0 days of cover: 3 units in stock at expected demand of 1.00 units/day,"stockout history: 0 days in the last 28, out of stock on 7.5% of all days observed; 7-day forecast (4.4) exceeds current stock (3)"
BR001,MED408,Ambroxol + Levosalbutamol Syrup 100ml (Summit Lifesciences),Respiratory,2,2.813,6.003,13.363,8.306,0.6429,0.6429,3.11,1.69,0,0,1,0.00274,1.001,HIGH,HIGH,77.8,3.1 days of cover: 2 units in stock at expected demand of 0.64 units/day,7-day forecast (2.8) exceeds current stock (2); highly variable weekly demand (CV 1.00)
BR004,MED137,Mefenamic Acid 250mg (LifeSpring Pharma),Antipyretics,1,0.623,1.758,4.002,2.27,0.3214,0.3214,3.11,3.08,0,0,0,0.0,1.054,HIGH,HIGH,77.8,3.1 days of cover: 1 units in stock at expected demand of 0.32 units/day,highly variable weekly demand (CV 1.05)
BR002,MED465,Vitamin C Chewable 1000mg,Vitamins,4,5.569,12.108,27.507,11.062,1.25,1.25,3.2,2.53,3,3,5,0.0137,0.598,HIGH,HIGH,77.1,3.2 days of cover: 4 units in stock at expected demand of 1.25 units/day,"stockout history: 3 days in the last 28, out of stock on 1.4% of all days observed; 7-day forecast (5.6) exceeds current stock (4)"
BR005,MED460,Multivitamin B-complex+C (TrueLife Remedies),Vitamins,4,6.248,13.251,30.595,11.742,1.25,1.25,3.2,2.38,0,0,5,0.02603,0.576,HIGH,HIGH,77.1,3.2 days of cover: 4 units in stock at expected demand of 1.25 units/day,"stockout history: 0 days in the last 28, out of stock on 2.6% of all days observed; 7-day forecast (6.2) exceeds current stock (4)"
BR003,MED431,Salbutamol Inhaler 100mcg (ApexLife Pharma),Respiratory,3,5.032,10.644,23.562,10.525,0.9286,0.9286,3.23,2.0,0,7,7,0.03151,0.711,HIGH,HIGH,76.9,3.2 days of cover: 3 units in stock at expected demand of 0.93 units/day,"stockout history: 0 days in the last 28, out of stock on 3.2% of all days observed; 7-day forecast (5.0) exceeds current stock (3)"
BR003,MED245,Pantoprazole 40mg (BlueCrest Pharma),Gastrointestinal,3,4.576,9.425,20.848,10.07,0.8929,0.8929,3.36,2.09,0,3,7,0.02466,0.725,HIGH,HIGH,76.0,3.4 days of cover: 3 units in stock at expected demand of 0.89 units/day,7-day forecast (4.6) exceeds current stock (3)
BR005,MED341,Telmisartan 80mg (Stellar Formulations),Cardiovascular,3,4.382,10.043,23.036,9.876,0.8929,0.8929,3.36,2.13,0,2,5,0.02055,0.729,HIGH,HIGH,76.0,3.4 days of cover: 3 units in stock at expected demand of 0.89 units/day,7-day forecast (4.4) exceeds current stock (3)
BR003,MED155,Paracetamol Suspension 250mg/5ml (CureLine Healthcare),Antipyretics,7,11.222,23.62,47.445,21.54,2.0714,2.0714,3.38,2.27,1,1,10,0.02877,0.248,HIGH,HIGH,75.9,3.4 days of cover: 7 units in stock at expected demand of 2.07 units/day,"stockout history: 1 days in the last 28, out of stock on 2.9% of all days observed; 7-day forecast (11.2) exceeds current stock (7)"
BR005,MED173,Cetirizine 5mg (TrueLife Remedies),Antihistamines,27,49.924,101.249,228.098,60.243,7.75,7.75,3.48,3.14,0,2,6,0.02192,0.234,HIGH,HIGH,75.1,3.5 days of cover: 27 units in stock at expected demand of 7.75 units/day,7-day forecast (49.9) exceeds current stock (27)
BR001,MED477,Vitamin D3 1000IU (Summit Lifesciences),Vitamins,2,2.162,5.333,12.97,7.655,0.5714,0.5714,3.5,1.83,0,0,3,0.00959,1.312,HIGH,HIGH,75.0,3.5 days of cover: 2 units in stock at expected demand of 0.57 units/day,7-day forecast (2.2) exceeds current stock (2); highly variable weekly demand (CV 1.31)
BR002,MED155,Paracetamol Suspension 250mg/5ml (CureLine Healthcare),Antipyretics,4,5.534,11.767,27.928,11.027,1.1429,1.1429,3.5,2.54,2,6,17,0.05205,0.382,HIGH,HIGH,75.0,3.5 days of cover: 4 units in stock at expected demand of 1.14 units/day,"stockout history: 2 days in the last 28, out of stock on 5.2% of all days observed; 7-day forecast (5.5) exceeds current stock (4)"
BR004,MED326,Rosuvastatin 20mg (VitaCure Remedies),Cardiovascular,20,35.686,73.039,154.988,46.005,5.5714,5.5714,3.59,3.04,0,0,11,0.04658,0.296,HIGH,HIGH,74.4,3.6 days of cover: 20 units in stock at expected demand of 5.57 units/day,"stockout history: 0 days in the last 28, out of stock on 4.7% of all days observed; 7-day forecast (35.7) exceeds current stock (20)"
BR005,MED206,Domperidone 10mg (CarePlus Laboratories),Gastrointestinal,6,7.39,15.753,33.839,17.709,1.6429,1.6429,3.65,2.37,0,0,4,0.00959,0.456,HIGH,HIGH,73.9,3.7 days of cover: 6 units in stock at expected demand of 1.64 units/day,7-day forecast (7.4) exceeds current stock (6)
BR003,MED411,Ambroxol + Levosalbutamol Syrup 60ml (NovaMed Laboratories),Respiratory,5,6.842,15.307,33.335,17.161,1.3571,1.3571,3.68,2.04,0,9,5,0.02192,0.501,HIGH,HIGH,73.7,3.7 days of cover: 5 units in stock at expected demand of 1.36 units/day,7-day forecast (6.8) exceeds current stock (5)
BR002,MED383,Metformin 500mg (Stellar Formulations),Antidiabetic,29,48.588,97.93,213.816,58.907,7.6429,7.6429,3.79,3.45,0,0,4,0.01233,0.236,HIGH,HIGH,72.9,3.8 days of cover: 29 units in stock at expected demand of 7.64 units/day,7-day forecast (48.6) exceeds current stock (29)
BR005,MED381,Glimepiride + Metformin 1mg/500mg (Zenith BioPharma),Antidiabetic,39,63.298,125.51,264.481,73.617,10.1786,10.1786,3.83,3.71,1,4,14,0.05068,0.296,HIGH,HIGH,72.6,3.8 days of cover: 39 units in stock at expected demand of 10.18 units/day,"stockout history: 1 days in the last 28, out of stock on 5.1% of all days observed; 7-day forecast (63.3) exceeds current stock (39)"
BR001,MED117,Azithromycin 250mg (LifeSpring Pharma),Antibiotics,24,40.382,80.6,177.669,50.701,6.2143,6.2143,3.86,3.31,0,0,1,0.00274,0.193,HIGH,HIGH,72.4,3.9 days of cover: 24 units in stock at expected demand of 6.21 units/day,7-day forecast (40.4) exceeds current stock (24)
BR002,MED024,Cefixime 200mg,Antibiotics,4,4.465,9.723,21.669,9.959,1.0357,1.0357,3.86,2.81,0,1,1,0.00137,0.578,HIGH,HIGH,72.4,3.9 days of cover: 4 units in stock at expected demand of 1.04 units/day,7-day forecast (4.5) exceeds current stock (4)
BR004,MED186,Fexofenadine 180mg,Antihistamines,4,4.323,10.308,22.019,9.817,1.0357,1.0357,3.86,2.85,1,1,11,0.06027,0.568,HIGH,HIGH,72.4,3.9 days of cover: 4 units in stock at expected demand of 1.04 units/day,"stockout history: 1 days in the last 28, out of stock on 6.0% of all days observed; 7-day forecast (4.3) exceeds current stock (4)"
BR003,MED466,Vitamin C Chewable 1000mg (ApexLife Pharma),Vitamins,19,31.817,63.995,143.324,42.136,4.8929,4.8929,3.88,3.16,0,0,7,0.0137,0.33,HIGH,HIGH,72.3,3.9 days of cover: 19 units in stock at expected demand of 4.89 units/day,7-day forecast (31.8) exceeds current stock (19)
BR005,MED219,Omeprazole 20mg (TrueLife Remedies),Gastrointestinal,6,7.032,15.489,34.278,17.351,1.5357,1.5357,3.91,2.42,0,0,0,0.0,0.333,HIGH,HIGH,72.1,3.9 days of cover: 6 units in stock at expected demand of 1.54 units/day,7-day forecast (7.0) exceeds current stock (6)
BR004,MED257,Amlodipine 5mg (LifeSpring Pharma),Cardiovascular,6,6.767,15.626,34.526,17.086,1.5,1.5,4.0,2.46,0,1,6,0.00822,0.615,HIGH,HIGH,71.4,4.0 days of cover: 6 units in stock at expected demand of 1.50 units/day,7-day forecast (6.8) exceeds current stock (6)
BR004,MED269,Amlodipine 10mg (Stellar Formulations),Cardiovascular,38,58.139,119.81,256.607,68.458,9.3929,9.3929,4.05,3.89,0,0,6,0.01918,0.264,HIGH,HIGH,71.1,4.0 days of cover: 38 units in stock at expected demand of 9.39 units/day,7-day forecast (58.1) exceeds current stock (38)
BR005,MED272,Aspirin 75mg (BlueCrest Pharma),Cardiovascular,29,45.696,93.767,205.578,56.015,7.1786,7.1786,4.04,3.62,1,1,4,0.02603,0.373,HIGH,HIGH,71.1,4.0 days of cover: 29 units in stock at expected demand of 7.18 units/day,"stockout history: 1 days in the last 28, out of stock on 2.6% of all days observed; 7-day forecast (45.7) exceeds current stock (29)"
BR004,MED042,Aspirin 75mg,Cardiovascular,8,9.423,20.915,46.104,19.742,1.9286,1.9286,4.15,2.84,0,0,1,0.00685,0.471,HIGH,HIGH,70.4,4.1 days of cover: 8 units in stock at expected demand of 1.93 units/day,7-day forecast (9.4) exceeds current stock (8)
BR005,MED319,Rosuvastatin 5mg (NovaMed Laboratories),Cardiovascular,34,53.71,105.733,220.672,64.029,8.0,8.0,4.25,3.72,0,7,9,0.05205,0.299,HIGH,HIGH,69.6,4.2 days of cover: 34 units in stock at expected demand of 8.00 units/day,"stockout history: 0 days in the last 28, out of stock on 5.2% of all days observed; 7-day forecast (53.7) exceeds current stock (34)"
BR002,MED497,Mupirocin Ointment 2% (CarePlus Laboratories),Dermatological,2,1.686,3.525,9.231,5.134,0.4643,0.4643,4.31,2.73,3,5,5,0.0137,0.613,HIGH,HIGH,69.2,4.3 days of cover: 2 units in stock at expected demand of 0.46 units/day,"stockout history: 3 days in the last 28, out of stock on 1.4% of all days observed"
BR002,MED015,Ambroxol + Levosalbutamol Syrup 100ml,Respiratory,9,13.152,28.339,55.697,23.471,2.0357,2.0357,4.42,2.68,0,0,2,0.01233,0.461,HIGH,HIGH,68.4,4.4 days of cover: 9 units in stock at expected demand of 2.04 units/day,7-day forecast (13.2) exceeds current stock (9)
BR002,MED082,Naproxen 250mg (CureLine Healthcare),Analgesics,10,11.945,25.439,57.735,22.264,2.25,2.25,4.44,3.14,1,1,5,0.03288,0.392,HIGH,HIGH,68.3,4.4 days of cover: 10 units in stock at expected demand of 2.25 units/day,"stockout history: 1 days in the last 28, out of stock on 3.3% of all days observed; 7-day forecast (11.9) exceeds current stock (10)"
BR001,MED239,ORS Powder 21.8g (HealthAxis Pharma),Gastrointestinal,29,42.002,85.42,176.893,52.321,6.4643,6.4643,4.49,3.88,0,0,3,0.00959,0.257,HIGH,HIGH,68.0,4.5 days of cover: 29 units in stock at expected demand of 6.46 units/day,7-day forecast (42.0) exceeds current stock (29)
BR003,MED362,Glimepiride 1mg (HealthAxis Pharma),Antidiabetic,4,3.629,8.262,19.83,9.123,0.8929,0.8929,4.48,3.07,0,0,6,0.03151,0.591,HIGH,HIGH,68.0,4.5 days of cover: 4 units in stock at expected demand of 0.89 units/day,"stockout history: 0 days in the last 28, out of stock on 3.2% of all days observed"
BR005,MED245,Pantoprazole 40mg (BlueCrest Pharma),Gastrointestinal,5,5.486,11.59,25.662,10.979,1.1071,1.1071,4.52,3.19,0,0,9,0.03425,0.558,HIGH,HIGH,67.7,4.5 days of cover: 5 units in stock at expected demand of 1.11 units/day,"stockout history: 0 days in the last 28, out of stock on 3.4% of all days observed; 7-day forecast (5.5) exceeds current stock (5)"
BR003,MED169,Cetirizine 5mg (CarePlus Laboratories),Antihistamines,12,16.581,33.71,73.983,26.9,2.6429,2.6429,4.54,3.12,0,0,12,0.05479,0.31,HIGH,HIGH,67.6,4.5 days of cover: 12 units in stock at expected demand of 2.64 units/day,"stockout history: 0 days in the last 28, out of stock on 5.5% of all days observed; 7-day forecast (16.6) exceeds current stock (12)"
BR001,MED007,Cetirizine 10mg,Antihistamines,22,32.402,64.033,140.705,42.721,4.7857,4.7857,4.6,3.6,0,2,11,0.04932,0.131,HIGH,HIGH,67.2,4.6 days of cover: 22 units in stock at expected demand of 4.79 units/day,"stockout history: 0 days in the last 28, out of stock on 4.9% of all days observed; 7-day forecast (32.4) exceeds current stock (22)"
BR005,MED459,Multivitamin B-complex+C (Summit Lifesciences),Vitamins,32,44.185,91.318,192.036,54.504,6.9643,6.9643,4.59,4.11,0,0,2,0.01507,0.319,HIGH,HIGH,67.2,4.6 days of cover: 32 units in stock at expected demand of 6.96 units/day,7-day forecast (44.2) exceeds current stock (32)
BR001,MED206,Domperidone 10mg (CarePlus Laboratories),Gastrointestinal,8,8.178,17.902,38.754,18.496,1.7143,1.7143,4.67,3.03,0,0,7,0.01918,0.547,HIGH,HIGH,66.7,4.7 days of cover: 8 units in stock at expected demand of 1.71 units/day,7-day forecast (8.2) exceeds current stock (8)
BR001,MED231,Ondansetron 4mg (NovaMed Laboratories),Gastrointestinal,3,2.057,4.672,8.945,5.505,0.6429,0.6429,4.67,3.81,1,3,9,0.02466,0.697,HIGH,HIGH,66.7,4.7 days of cover: 3 units in stock at expected demand of 0.64 units/day,
BR002,MED231,Ondansetron 4mg (NovaMed Laboratories),Gastrointestinal,1,0.696,1.77,3.688,2.994,0.2143,0.2143,4.67,2.34,0,0,9,0.04247,0.799,HIGH,HIGH,66.7,4.7 days of cover: 1 units in stock at expected demand of 0.21 units/day,"stockout history: 0 days in the last 28, out of stock on 4.2% of all days observed"
BR002,MED306,Metoprolol 50mg (Aarogya Formulations),Cardiovascular,4,3.954,9.346,21.904,9.447,0.8571,0.8571,4.67,2.96,0,1,9,0.02466,0.625,HIGH,HIGH,66.7,4.7 days of cover: 4 units in stock at expected demand of 0.86 units/day,
BR004,MED449,Iron + Folic Acid 100mg/500mcg (BlueCrest Pharma),Vitamins,2,1.071,2.712,5.738,4.52,0.4286,0.4286,4.67,3.1,0,0,0,0.0,1.14,HIGH,HIGH,66.7,4.7 days of cover: 2 units in stock at expected demand of 0.43 units/day,highly variable weekly demand (CV 1.14)
BR004,MED488,Fusidic Acid Cream 2% (BlueCrest Pharma),Dermatological,1,0.415,0.968,2.747,2.062,0.2143,0.2143,4.67,3.39,0,0,0,0.0,0.997,HIGH,HIGH,66.7,4.7 days of cover: 1 units in stock at expected demand of 0.21 units/day,
BR001,MED399,Sitagliptin 50mg (BlueCrest Pharma),Antidiabetic,11,13.931,26.091,58.728,24.25,2.3214,2.3214,4.74,3.18,0,2,6,0.0137,0.538,HIGH,HIGH,66.2,4.7 days of cover: 11 units in stock at expected demand of 2.32 units/day,7-day forecast (13.9) exceeds current stock (11)
BR003,MED392,Metformin 1000mg (LifeSpring Pharma),Antidiabetic,19,24.457,52.127,110.427,34.775,4.0,4.0,4.75,3.82,0,0,4,0.01644,0.273,HIGH,HIGH,66.1,4.8 days of cover: 19 units in stock at expected demand of 4.00 units/day,7-day forecast (24.5) exceeds current stock (19)
BR001,MED104,Amoxicillin + Clavulanic Acid 375mg,Antibiotics,12,14.23,32.375,67.237,24.549,2.4643,2.4643,4.87,3.42,1,1,7,0.0274,0.3,HIGH,HIGH,65.2,4.9 days of cover: 12 units in stock at expected demand of 2.46 units/day,"stockout history: 1 days in the last 28, out of stock on 2.7% of all days observed; 7-day forecast (14.2) exceeds current stock (12)"
BR004,MED079,Ibuprofen 600mg (BlueCrest Pharma),Analgesics,4,3.997,9.075,21.188,9.491,0.8214,0.8214,4.87,2.95,0,0,7,0.01918,0.499,HIGH,HIGH,65.2,4.9 days of cover: 4 units in stock at expected demand of 0.82 units/day,
BR001,MED257,Amlodipine 5mg (LifeSpring Pharma),Cardiovascular,7,7.031,15.758,35.986,17.35,1.4286,1.4286,4.9,2.82,0,0,3,0.01644,0.532,HIGH,HIGH,65.0,4.9 days of cover: 7 units in stock at expected demand of 1.43 units/day,7-day forecast (7.0) exceeds current stock (7)
BR001,MED449,Iron + Folic Acid 100mg/500mcg (BlueCrest Pharma),Vitamins,3,2.241,4.916,12.022,7.734,0.6071,0.6071,4.94,2.72,0,0,1,0.00137,1.103,HIGH,HIGH,64.7,4.9 days of cover: 3 units in stock at expected demand of 0.61 units/day,highly variable weekly demand (CV 1.10)
BR002,MED021,Ibuprofen 400mg,Analgesics,5,4.839,11.439,24.509,10.333,1.0,1.0,5.0,3.39,0,2,4,0.01644,0.538,HIGH,HIGH,64.3,5.0 days of cover: 5 units in stock at expected demand of 1.00 units/day,
BR004,MED035,ORS Powder 21.8g,Gastrointestinal,5,4.188,10.218,20.572,9.682,1.0,1.0,5.0,3.61,0,1,5,0.01507,0.511,HIGH,HIGH,64.3,5.0 days of cover: 5 units in stock at expected demand of 1.00 units/day,
BR002,MED005,Paracetamol 650mg,Antipyretics,17,21.669,39.809,92.813,31.987,3.3929,3.3929,5.01,3.72,0,7,24,0.07534,0.292,HIGH,HIGH,64.2,5.0 days of cover: 17 units in stock at expected demand of 3.39 units/day,"stockout history: 0 days in the last 28, out of stock on 7.5% of all days observed; 7-day forecast (21.7) exceeds current stock (17)"
BR001,MED165,Cetirizine 10mg (Stellar Formulations),Antihistamines,4,4.216,9.4,20.518,9.71,0.7857,0.7857,5.09,2.88,0,0,4,0.0137,0.499,HIGH,HIGH,63.6,5.1 days of cover: 4 units in stock at expected demand of 0.79 units/day,7-day forecast (4.2) exceeds current stock (4)
BR003,MED342,Telmisartan 80mg (Summit Lifesciences),Cardiovascular,4,2.128,5.66,14.028,7.622,0.7857,0.7857,5.09,3.67,2,2,7,0.03014,0.745,HIGH,HIGH,63.6,5.1 days of cover: 4 units in stock at expected demand of 0.79 units/day,"stockout history: 2 days in the last 28, out of stock on 3.0% of all days observed"
BR004,MED372,Glimepiride 3mg (VitaCure Remedies),Antidiabetic,2,0.722,1.571,3.898,3.021,0.3929,0.3929,5.09,4.63,0,0,0,0.0,0.886,HIGH,HIGH,63.6,5.1 days of cover: 2 units in stock at expected demand of 0.39 units/day,
BR003,MED326,Rosuvastatin 20mg (VitaCure Remedies),Cardiovascular,44,58.218,115.242,252.931,68.537,8.5714,8.5714,5.13,4.49,0,1,8,0.01918,0.18,HIGH,HIGH,63.3,5.1 days of cover: 44 units in stock at expected demand of 8.57 units/day,7-day forecast (58.2) exceeds current stock (44)
BR004,MED380,Glimepiride + Metformin 1mg/500mg (VitaCure Remedies),Antidiabetic,7,6.36,13.967,32.745,16.679,1.3571,1.3571,5.16,2.94,0,0,1,0.00137,0.49,HIGH,HIGH,63.2,5.2 days of cover: 7 units in stock at expected demand of 1.36 units/day,
BR003,MED173,Cetirizine 5mg (TrueLife Remedies),Antihistamines,33,42.673,85.481,192.285,52.992,6.2857,6.2857,5.25,4.36,0,10,7,0.03425,0.253,HIGH,HIGH,62.5,5.2 days of cover: 33 units in stock at expected demand of 6.29 units/day,"stockout history: 0 days in the last 28, out of stock on 3.4% of all days observed; 7-day forecast (42.7) exceeds current stock (33)"
BR003,MED200,Montelukast + Levocetirizine 10mg/5mg (HealthAxis Pharma),Antihistamines,3,2.545,5.85,15.095,8.039,0.5714,0.5714,5.25,2.61,0,4,3,0.00959,0.529,HIGH,HIGH,62.5,5.2 days of cover: 3 units in stock at expected demand of 0.57 units/day,
BR005,MED448,Calcium + Vitamin D3 500mg/250IU (TrueLife Remedies),Vitamins,9,8.722,17.107,40.693,19.041,1.7143,1.7143,5.25,3.31,0,10,5,0.02603,0.496,HIGH,HIGH,62.5,5.2 days of cover: 9 units in stock at expected demand of 1.71 units/day,"stockout history: 0 days in the last 28, out of stock on 2.6% of all days observed"
BR004,MED033,Omeprazole 20mg,Gastrointestinal,25,30.526,62.452,130.501,40.845,4.6786,4.6786,5.34,4.28,0,0,2,0.02466,0.286,HIGH,HIGH,61.8,5.3 days of cover: 25 units in stock at expected demand of 4.68 units/day,7-day forecast (30.5) exceeds current stock (25)
BR001,MED095,Amoxicillin 250mg,Antibiotics,5,4.093,8.998,19.662,9.586,0.9286,0.9286,5.38,3.65,0,0,5,0.01918,0.511,HIGH,HIGH,61.5,5.4 days of cover: 5 units in stock at expected demand of 0.93 units/day,
BR002,MED117,Azithromycin 250mg (LifeSpring Pharma),Antibiotics,24,29.261,59.657,122.994,39.58,4.4286,4.4286,5.42,4.24,0,0,1,0.00137,0.205,HIGH,HIGH,61.3,5.4 days of cover: 24 units in stock at expected demand of 4.43 units/day,7-day forecast (29.3) exceeds current stock (24)
BR004,MED239,ORS Powder 21.8g (HealthAxis Pharma),Gastrointestinal,25,27.896,57.212,125.221,38.215,4.5714,4.5714,5.47,4.58,0,0,2,0.01233,0.292,HIGH,HIGH,60.9,5.5 days of cover: 25 units in stock at expected demand of 4.57 units/day,7-day forecast (27.9) exceeds current stock (25)
BR001,MED109,Azithromycin 500mg (ApexLife Pharma),Antibiotics,6,3.536,9.164,19.674,9.03,1.0714,1.0714,5.6,4.65,4,5,5,0.01507,0.702,HIGH,HIGH,60.0,5.6 days of cover: 6 units in stock at expected demand of 1.07 units/day,"stockout history: 4 days in the last 28, out of stock on 1.5% of all days observed"
BR002,MED390,Metformin 1000mg (BlueCrest Pharma),Antidiabetic,2,0.632,1.79,4.385,2.279,0.3571,0.3571,5.6,6.14,0,0,0,0.0,1.121,HIGH,HIGH,60.0,5.6 days of cover: 2 units in stock at expected demand of 0.36 units/day,highly variable weekly demand (CV 1.12)
BR002,MED486,Clotrimazole Cream 2% (TrueLife Remedies),Dermatological,1,0.449,1.128,2.697,2.095,0.1786,0.1786,5.6,3.34,0,0,0,0.0,1.412,HIGH,HIGH,60.0,5.6 days of cover: 1 units in stock at expected demand of 0.18 units/day,highly variable weekly demand (CV 1.41)
BR003,MED058,Aceclofenac + Paracetamol 100mg/325mg (VitaCure Remedies),Analgesics,6,5.522,11.807,25.815,11.016,1.0714,1.0714,5.6,3.81,0,0,0,0.0,0.538,HIGH,HIGH,60.0,5.6 days of cover: 6 units in stock at expected demand of 1.07 units/day,
BR003,MED463,Vitamin C Chewable 500mg (HealthAxis Pharma),Vitamins,5,4.176,9.64,22.687,9.67,0.8929,0.8929,5.6,3.62,0,3,4,0.01781,0.738,HIGH,HIGH,60.0,5.6 days of cover: 5 units in stock at expected demand of 0.89 units/day,
BR005,MED092,Paracetamol 500mg (LifeSpring Pharma),Analgesics,3,2.168,4.951,11.467,7.662,0.5357,0.5357,5.6,2.74,0,0,0,0.0,0.748,HIGH,HIGH,60.0,5.6 days of cover: 3 units in stock at expected demand of 0.54 units/day,
BR004,MED142,Mefenamic Acid 500mg (Kavach Healthcare),Antipyretics,14,15.497,30.262,67.797,25.815,2.4643,2.4643,5.68,3.8,0,2,13,0.04658,0.364,HIGH,HIGH,59.4,5.7 days of cover: 14 units in stock at expected demand of 2.46 units/day,"stockout history: 0 days in the last 28, out of stock on 4.7% of all days observed; 7-day forecast (15.5) exceeds current stock (14)"
BR005,MED040,Rosuvastatin 10mg,Cardiovascular,10,8.675,17.899,41.215,18.993,1.75,1.75,5.71,3.69,0,3,7,0.02877,0.436,HIGH,HIGH,59.2,5.7 days of cover: 10 units in stock at expected demand of 1.75 units/day,"stockout history: 0 days in the last 28, out of stock on 2.9% of all days observed"
BR004,MED167,Cetirizine 10mg (TrueLife Remedies),Antihistamines,9,8.372,17.491,38.436,18.691,1.5714,1.5714,5.73,3.37,0,0,9,0.03425,0.415,HIGH,HIGH,59.1,5.7 days of cover: 9 units in stock at expected demand of 1.57 units/day,"stockout history: 0 days in the last 28, out of stock on 3.4% of all days observed"
BR002,MED070,Ibuprofen 400mg (NovaMed Laboratories),Analgesics,8,6.253,12.556,29.478,11.747,1.3929,1.3929,5.74,4.77,1,1,3,0.00548,0.665,HIGH,HIGH,59.0,5.7 days of cover: 8 units in stock at expected demand of 1.39 units/day,
BR002,MED113,Azithromycin 250mg (BlueCrest Pharma),Antibiotics,25,29.403,61.198,131.297,39.722,4.3571,4.3571,5.74,4.41,5,10,3,0.01507,0.238,HIGH,HIGH,59.0,5.7 days of cover: 25 units in stock at expected demand of 4.36 units/day,"stockout history: 5 days in the last 28, out of stock on 1.5% of all days observed; 7-day forecast (29.4) exceeds current stock (25)"
BR005,MED356,Glimepiride 2mg (CarePlus Laboratories),Antidiabetic,5,3.845,8.726,20.991,9.339,0.8571,0.8571,5.83,3.75,0,0,3,0.02055,0.66,HIGH,HIGH,58.3,5.8 days of cover: 5 units in stock at expected demand of 0.86 units/day,
BR005,MED048,Dextromethorphan Syrup 100ml,Respiratory,9,8.552,18.433,37.864,18.871,1.5357,1.5357,5.86,3.34,0,0,6,0.02192,0.38,HIGH,HIGH,58.1,5.9 days of cover: 9 units in stock at expected demand of 1.54 units/day,
BR005,MED306,Metoprolol 50mg (Aarogya Formulations),Cardiovascular,9,7.639,17.013,38.062,17.957,1.5357,1.5357,5.86,3.51,0,0,4,0.01507,0.628,HIGH,HIGH,58.1,5.9 days of cover: 9 units in stock at expected demand of 1.54 units/day,
BR002,MED030,Levocetirizine 5mg,Antihistamines,4,3.159,7.482,16.449,8.653,0.6786,0.6786,5.89,3.24,0,0,7,0.0274,0.646,HIGH,HIGH,57.9,5.9 days of cover: 4 units in stock at expected demand of 0.68 units/day,"stockout history: 0 days in the last 28, out of stock on 2.7% of all days observed"
BR002,MED285,Atorvastatin 20mg,Cardiovascular,4,2.344,5.665,13.713,7.838,0.6786,0.6786,5.89,3.57,0,1,5,0.01096,0.639,HIGH,HIGH,57.9,5.9 days of cover: 4 units in stock at expected demand of 0.68 units/day,
BR003,MED386,Metformin 850mg (CureLine Healthcare),Antidiabetic,4,2.597,6.157,15.374,8.091,0.6786,0.6786,5.89,3.46,0,5,8,0.03973,0.632,HIGH,HIGH,57.9,5.9 days of cover: 4 units in stock at expected demand of 0.68 units/day,"stockout history: 0 days in the last 28, out of stock on 4.0% of all days observed"
BR002,MED415,Budesonide Inhaler 100mcg,Respiratory,3,1.968,4.936,11.784,5.416,0.5,0.5,6.0,3.88,0,0,4,0.02192,0.905,HIGH,HIGH,57.1,6.0 days of cover: 3 units in stock at expected demand of 0.50 units/day,
BR005,MED027,Amoxicillin + Clavulanic Acid 625mg,Antibiotics,6,4.763,10.855,23.753,10.257,1.0,1.0,6.0,4.09,0,0,2,0.00274,0.389,HIGH,HIGH,57.1,6.0 days of cover: 6 units in stock at expected demand of 1.00 units/day,
BR003,MED081,Ibuprofen 600mg (NovaMed Laboratories),Analgesics,8,6.777,14.961,33.819,17.095,1.3214,1.3214,6.05,3.28,0,0,1,0.00685,0.376,HIGH,HIGH,56.8,6.1 days of cover: 8 units in stock at expected demand of 1.32 units/day,
BR001,MED003,Amoxicillin 500mg,Antibiotics,5,4.261,8.723,20.348,9.755,0.8214,0.8214,6.09,3.59,0,1,2,0.00822,0.394,HIGH,HIGH,56.5,6.1 days of cover: 5 units in stock at expected demand of 0.82 units/day,
BR004,MED301,Losartan 25mg (CarePlus Laboratories),Cardiovascular,41,43.348,89.725,201.498,53.667,6.6786,6.6786,6.14,5.35,0,1,8,0.03151,0.306,HIGH,HIGH,56.1,6.1 days of cover: 41 units in stock at expected demand of 6.68 units/day,"stockout history: 0 days in the last 28, out of stock on 3.2% of all days observed; 7-day forecast (43.3) exceeds current stock (41)"
BR005,MED385,Metformin 850mg,Antidiabetic,49,54.143,108.213,232.691,64.462,7.9643,7.9643,6.15,5.32,0,7,4,0.01781,0.299,HIGH,HIGH,56.1,6.2 days of cover: 49 units in stock at expected demand of 7.96 units/day,7-day forecast (54.1) exceeds current stock (49)
BR003,MED454,Iron + Folic Acid 100mg/500mcg (Stellar Formulations),Vitamins,21,22.167,44.431,95.994,32.486,3.3929,3.3929,6.19,4.53,0,0,3,0.02055,0.247,HIGH,HIGH,55.8,6.2 days of cover: 21 units in stock at expected demand of 3.39 units/day,7-day forecast (22.2) exceeds current stock (21)
BR001,MED139,Mefenamic Acid 500mg,Antipyretics,30,31.323,59.389,133.672,41.642,4.8214,4.8214,6.22,5.04,0,3,15,0.05342,0.574,HIGH,HIGH,55.6,6.2 days of cover: 30 units in stock at expected demand of 4.82 units/day,"stockout history: 0 days in the last 28, out of stock on 5.3% of all days observed; 7-day forecast (31.3) exceeds current stock (30)"
BR002,MED122,Cefixime 200mg (NovaMed Laboratories),Antibiotics,4,2.804,6.417,13.972,8.298,0.6429,0.6429,6.22,3.37,0,0,5,0.0137,0.738,HIGH,HIGH,55.6,6.2 days of cover: 4 units in stock at expected demand of 0.64 units/day,
BR004,MED306,Metoprolol 50mg (Aarogya Formulations),Cardiovascular,4,2.059,5.24,13.38,5.507,0.6429,0.6429,6.22,5.08,0,0,12,0.05479,0.529,HIGH,HIGH,55.6,6.2 days of cover: 4 units in stock at expected demand of 0.64 units/day,"stockout history: 0 days in the last 28, out of stock on 5.5% of all days observed"
BR005,MED140,Mefenamic Acid 500mg (CureLine Healthcare),Antipyretics,4,2.409,4.92,11.86,7.902,0.6429,0.6429,6.22,3.54,0,3,5,0.0137,0.491,HIGH,HIGH,55.6,6.2 days of cover: 4 units in stock at expected demand of 0.64 units/day,
BR005,MED335,Telmisartan 20mg (Summit Lifesciences),Cardiovascular,2,0.738,1.961,4.377,3.036,0.3214,0.3214,6.22,4.61,0,0,2,0.01096,1.11,HIGH,HIGH,55.6,6.2 days of cover: 2 units in stock at expected demand of 0.32 units/day,highly variable weekly demand (CV 1.11)
BR002,MED011,Amlodipine 5mg,Cardiovascular,58,57.783,116.661,252.341,68.102,9.2143,9.2143,6.29,5.96,0,2,9,0.02466,0.172,HIGH,HIGH,55.0,6.3 days of cover: 58 units in stock at expected demand of 9.21 units/day,
BR003,MED031,Montelukast + Levocetirizine 10mg/5mg,Antihistamines,14,13.408,28.653,67.152,23.727,2.2143,2.2143,6.32,4.13,2,3,9,0.01781,0.46,HIGH,HIGH,54.8,6.3 days of cover: 14 units in stock at expected demand of 2.21 units/day,
BR004,MED316,Rosuvastatin 10mg (Summit Lifesciences),Cardiovascular,12,7.394,16.298,37.13,17.712,1.8929,1.8929,6.34,4.74,1,1,5,0.00822,0.644,HIGH,HIGH,54.7,6.3 days of cover: 12 units in stock at expected demand of 1.89 units/day,
BR005,MED445,Calcium + Vitamin D3 500mg/250IU (HealthAxis Pharma),Vitamins,10,7.755,17.425,36.895,18.074,1.5714,1.5714,6.36,3.87,0,0,0,0.0,0.579,HIGH,HIGH,54.5,6.4 days of cover: 10 units in stock at expected demand of 1.57 units/day,
BR004,MED311,Metoprolol 25mg (CureLine Healthcare),Cardiovascular,8,5.702,13.447,30.768,11.195,1.25,1.25,6.4,5.0,0,0,6,0.01644,0.602,HIGH,HIGH,54.3,6.4 days of cover: 8 units in stock at expected demand of 1.25 units/day,
BR002,MED361,Glimepiride 1mg (CureLine Healthcare),Antidiabetic,11,7.169,16.514,37.325,17.487,1.7143,1.7143,6.42,4.4,2,2,4,0.01096,0.657,HIGH,HIGH,54.2,6.4 days of cover: 11 units in stock at expected demand of 1.71 units/day,
BR001,MED203,Montelukast + Levocetirizine 10mg/5mg (TrueLife Remedies),Antihistamines,3,1.4,3.134,8.464,4.849,0.4643,0.4643,6.46,4.33,5,5,4,0.01644,1.194,HIGH,HIGH,53.8,6.5 days of cover: 3 units in stock at expected demand of 0.46 units/day,"stockout history: 5 days in the last 28, out of stock on 1.6% of all days observed; highly variable weekly demand (CV 1.19)"
BR004,MED024,Cefixime 200mg,Antibiotics,6,4.518,9.091,21.11,10.012,0.9286,0.9286,6.46,4.19,0,0,1,0.00411,0.459,HIGH,HIGH,53.8,6.5 days of cover: 6 units in stock at expected demand of 0.93 units/day,
BR005,MED427,Montelukast 5mg (NovaMed Laboratories),Respiratory,3,1.768,4.006,10.389,5.216,0.4643,0.4643,6.46,4.03,0,1,2,0.00411,0.725,HIGH,HIGH,53.8,6.5 days of cover: 3 units in stock at expected demand of 0.46 units/day,
BR002,MED454,Iron + Folic Acid 100mg/500mcg (Stellar Formulations),Vitamins,13,11.077,23.043,50.242,21.396,2.0,2.0,6.5,4.25,0,0,3,0.00959,0.358,HIGH,HIGH,53.6,6.5 days of cover: 13 units in stock at expected demand of 2.00 units/day,
BR004,MED385,Metformin 850mg,Antidiabetic,40,41.765,84.31,186.782,52.083,6.1429,6.1429,6.51,5.38,0,0,6,0.01233,0.24,HIGH,HIGH,53.5,6.5 days of cover: 40 units in stock at expected demand of 6.14 units/day,7-day forecast (41.8) exceeds current stock (40)
BR004,MED015,Ambroxol + Levosalbutamol Syrup 100ml,Respiratory,11,10.884,22.691,47.893,21.203,1.6786,1.6786,6.55,3.63,0,0,1,0.00274,0.421,HIGH,HIGH,53.2,6.6 days of cover: 11 units in stock at expected demand of 1.68 units/day,
BR003,MED483,Clotrimazole Cream 1% (CureLine Healthcare),Dermatological,4,2.989,6.484,13.744,8.483,0.6071,0.6071,6.59,3.3,0,0,3,0.00685,0.504,HIGH,HIGH,52.9,6.6 days of cover: 4 units in stock at expected demand of 0.61 units/day,
BR004,MED480,Calamine Lotion 100ml (Stellar Formulations),Dermatological,4,2.852,6.288,13.778,8.346,0.6071,0.6071,6.59,3.35,0,0,9,0.03425,0.523,HIGH,HIGH,52.9,6.6 days of cover: 4 units in stock at expected demand of 0.61 units/day,"stockout history: 0 days in the last 28, out of stock on 3.4% of all days observed"
BR001,MED173,Cetirizine 5mg (TrueLife Remedies),Antihistamines,44,44.227,90.491,207.877,54.546,6.6429,6.6429,6.62,5.65,0,0,3,0.00959,0.181,HIGH,HIGH,52.7,6.6 days of cover: 44 units in stock at expected demand of 6.64 units/day,7-day forecast (44.2) exceeds current stock (44)
BR001,MED491,Hydrocortisone Cream 1% (CureLine Healthcare),Dermatological,5,3.829,8.027,17.546,9.323,0.75,0.75,6.67,3.75,0,3,2,0.00685,0.419,HIGH,HIGH,52.4,6.7 days of cover: 5 units in stock at expected demand of 0.75 units/day,
BR002,MED480,Calamine Lotion 100ml (Stellar Formulations),Dermatological,5,2.999,6.463,14.156,8.492,0.75,0.75,6.67,4.12,1,4,8,0.02603,0.665,HIGH,HIGH,52.4,6.7 days of cover: 5 units in stock at expected demand of 0.75 units/day,"stockout history: 1 days in the last 28, out of stock on 2.6% of all days observed"
BR001,MED140,Mefenamic Acid 500mg (CureLine Healthcare),Antipyretics,6,4.45,9.293,20.19,9.944,0.8929,0.8929,6.72,4.22,0,0,6,0.01507,0.66,HIGH,HIGH,52.0,6.7 days of cover: 6 units in stock at expected demand of 0.89 units/day,
BR002,MED265,Amlodipine 2.5mg (TrueLife Remedies),Cardiovascular,19,17.061,35.444,78.433,27.38,2.8214,2.8214,6.73,4.86,0,0,2,0.00822,0.39,HIGH,HIGH,51.9,6.7 days of cover: 19 units in stock at expected demand of 2.82 units/day,
BR005,MED391,Metformin 1000mg (HealthAxis Pharma),Antidiabetic,8,5.432,12.036,28.888,10.925,1.1786,1.1786,6.79,5.13,0,2,6,0.02603,0.503,HIGH,HIGH,51.5,6.8 days of cover: 8 units in stock at expected demand of 1.18 units/day,"stockout history: 0 days in the last 28, out of stock on 2.6% of all days observed"
BR001,MED276,Aspirin 75mg (Stellar Formulations),Cardiovascular,15,10.66,24.224,54.899,20.979,2.1429,2.1429,7.0,5.01,0,0,1,0.00137,0.403,MEDIUM,HIGH,50.0,7.0 days of cover: 15 units in stock at expected demand of 2.14 units/day,escalated from MEDIUM because of only 5.0 days of cover at the upper forecast
BR001,MED386,Metformin 850mg (CureLine Healthcare),Antidiabetic,7,3.507,8.882,17.772,9.001,1.0,1.0,7.0,5.44,5,6,8,0.02603,0.502,MEDIUM,HIGH,50.0,7.0 days of cover: 7 units in stock at expected demand of 1.00 units/day,escalated from MEDIUM because of stockout history (5 days in the last 28; out of stock on 2.6% of all days observed) and only 5.4 days of cover at the upper forecast
BR002,MED084,Naproxen 250mg (VitaCure Remedies),Analgesics,10,7.014,15.5,33.779,17.333,1.4286,1.4286,7.0,4.04,0,0,0,0.0,0.538,MEDIUM,HIGH,50.0,7.0 days of cover: 10 units in stock at expected demand of 1.43 units/day,escalated from MEDIUM because of only 4.0 days of cover at the upper forecast
BR002,MED316,Rosuvastatin 10mg (Summit Lifesciences),Cardiovascular,9,6.166,14.148,32.77,11.66,1.2857,1.2857,7.0,5.4,0,0,2,0.00411,0.569,HIGH,HIGH,50.0,7.0 days of cover: 9 units in stock at expected demand of 1.29 units/day,
BR002,MED326,Rosuvastatin 20mg (VitaCure Remedies),Cardiovascular,54,50.048,100.941,228.828,60.367,7.7143,7.7143,7.0,6.26,0,2,11,0.03014,0.221,MEDIUM,HIGH,50.0,7.0 days of cover: 54 units in stock at expected demand of 7.71 units/day,escalated from MEDIUM because of stockout history (0 days in the last 28; out of stock on 3.0% of all days observed) and only 6.3 days of cover at the upper forecast
BR002,MED488,Fusidic Acid Cream 2% (BlueCrest Pharma),Dermatological,2,1.111,2.716,6.525,4.559,0.2857,0.2857,7.0,3.07,0,0,3,0.01507,1.198,MEDIUM,HIGH,50.0,7.0 days of cover: 2 units in stock at expected demand of 0.29 units/day,escalated from MEDIUM because of only 3.1 days of cover at the upper forecast; highly variable weekly demand (CV 1.20)
BR004,MED031,Montelukast + Levocetirizine 10mg/5mg,Antihistamines,13,11.836,25.166,54.488,22.155,1.8571,1.8571,7.0,4.11,0,3,9,0.02466,0.401,MEDIUM,HIGH,50.0,7.0 days of cover: 13 units in stock at expected demand of 1.86 units/day,escalated from MEDIUM because of only 4.1 days of cover at the upper forecast
BR004,MED194,Levocetirizine 5mg (NovaMed Laboratories),Antihistamines,2,0.846,2.172,4.893,3.144,0.2857,0.2857,7.0,4.45,0,0,4,0.01781,0.893,MEDIUM,HIGH,50.0,7.0 days of cover: 2 units in stock at expected demand of 0.29 units/day,escalated from MEDIUM because of only 4.5 days of cover at the upper forecast
BR004,MED238,Ondansetron 8mg (VitaCure Remedies),Gastrointestinal,2,0.811,1.568,4.531,3.109,0.2857,0.2857,7.0,4.5,1,1,2,0.00685,1.091,MEDIUM,HIGH,50.0,7.0 days of cover: 2 units in stock at expected demand of 0.29 units/day,escalated from MEDIUM because of only 4.5 days of cover at the upper forecast; highly variable weekly demand (CV 1.09)
BR005,MED073,Ibuprofen 200mg,Analgesics,6,4.585,9.996,22.283,10.079,0.8571,0.8571,7.0,4.17,0,0,0,0.0,0.556,MEDIUM,HIGH,50.0,7.0 days of cover: 6 units in stock at expected demand of 0.86 units/day,escalated from MEDIUM because of only 4.2 days of cover at the upper forecast
BR005,MED187,Fexofenadine 180mg (CureLine Healthcare),Antihistamines,3,1.796,4.397,9.65,5.245,0.4286,0.4286,7.0,4.0,0,0,2,0.00959,0.932,MEDIUM,HIGH,50.0,7.0 days of cover: 3 units in stock at expected demand of 0.43 units/day,escalated from MEDIUM because of only 4.0 days of cover at the upper forecast
BR005,MED491,Hydrocortisone Cream 1% (CureLine Healthcare),Dermatological,6,4.697,9.77,21.736,10.191,0.8571,0.8571,7.0,4.12,0,0,3,0.00548,0.412,MEDIUM,HIGH,50.0,7.0 days of cover: 6 units in stock at expected demand of 0.86 units/day,escalated from MEDIUM because of only 4.1 days of cover at the upper forecast
BR005,MED155,Paracetamol Suspension 250mg/5ml (CureLine Healthcare),Antipyretics,11,8.695,18.728,37.428,19.014,1.5357,1.5357,7.16,4.05,0,1,16,0.05616,0.433,MEDIUM,HIGH,48.8,7.2 days of cover: 11 units in stock at expected demand of 1.54 units/day,escalated from MEDIUM because of stockout history (0 days in the last 28; out of stock on 5.6% of all days observed) and only 4.0 days of cover at the upper forecast
BR003,MED397,Sitagliptin 50mg,Antidiabetic,9,5.815,12.975,30.135,11.309,1.25,1.25,7.2,5.57,0,0,2,0.00274,0.61,MEDIUM,HIGH,48.6,7.2 days of cover: 9 units in stock at expected demand of 1.25 units/day,escalated from MEDIUM because of only 5.6 days of cover at the upper forecast
BR002,MED299,Losartan 50mg (NovaMed Laboratories),Cardiovascular,34,31.064,62.028,135.345,41.383,4.6786,4.6786,7.27,5.75,0,4,6,0.03288,0.237,MEDIUM,HIGH,48.1,7.3 days of cover: 34 units in stock at expected demand of 4.68 units/day,escalated from MEDIUM because of stockout history (0 days in the last 28; out of stock on 3.3% of all days observed) and only 5.8 days of cover at the upper forecast
BR003,MED154,Paracetamol Suspension 250mg/5ml (CarePlus Laboratories),Antipyretics,7,4.406,9.673,18.97,9.9,0.9643,0.9643,7.26,4.95,5,5,10,0.04795,0.592,MEDIUM,HIGH,48.1,7.3 days of cover: 7 units in stock at expected demand of 0.96 units/day,escalated from MEDIUM because of stockout history (5 days in the last 28; out of stock on 4.8% of all days observed) and only 4.9 days of cover at the upper forecast
BR002,MED224,Omeprazole 40mg (Summit Lifesciences),Gastrointestinal,6,3.996,8.113,18.152,9.49,0.8214,0.8214,7.3,4.43,0,1,4,0.01096,0.425,MEDIUM,HIGH,47.8,7.3 days of cover: 6 units in stock at expected demand of 0.82 units/day,escalated from MEDIUM because of only 4.4 days of cover at the upper forecast
BR004,MED019,Clotrimazole Cream 1%,Dermatological,6,4.395,9.026,18.254,9.889,0.8214,0.8214,7.3,4.25,1,9,6,0.01781,0.389,MEDIUM,HIGH,47.8,7.3 days of cover: 6 units in stock at expected demand of 0.82 units/day,escalated from MEDIUM because of only 4.2 days of cover at the upper forecast
BR004,MED465,Vitamin C Chewable 1000mg,Vitamins,6,4.059,8.971,20.844,9.553,0.8214,0.8214,7.3,4.4,0,0,2,0.01644,0.464,MEDIUM,HIGH,47.8,7.3 days of cover: 6 units in stock at expected demand of 0.82 units/day,escalated from MEDIUM because of only 4.4 days of cover at the upper forecast
BR002,MED017,Vitamin C Chewable 500mg,Vitamins,11,7.327,16.192,35.851,17.645,1.5,1.5,7.33,4.36,0,0,3,0.01096,0.382,MEDIUM,HIGH,47.6,7.3 days of cover: 11 units in stock at expected demand of 1.50 units/day,escalated from MEDIUM because of only 4.4 days of cover at the upper forecast
BR002,MED310,Metoprolol 25mg,Cardiovascular,10,7.087,15.213,33.902,17.406,1.3571,1.3571,7.37,4.02,0,0,2,0.02192,0.429,MEDIUM,HIGH,47.4,7.4 days of cover: 10 units in stock at expected demand of 1.36 units/day,escalated from MEDIUM because of only 4.0 days of cover at the upper forecast
BR002,MED341,Telmisartan 80mg (Stellar Formulations),Cardiovascular,5,2.174,5.469,13.176,7.667,0.6786,0.6786,7.37,4.57,0,0,4,0.01096,0.728,MEDIUM,HIGH,47.4,7.4 days of cover: 5 units in stock at expected demand of 0.68 units/day,escalated from MEDIUM because of only 4.6 days of cover at the upper forecast
BR003,MED116,Azithromycin 250mg (HealthAxis Pharma),Antibiotics,5,3.047,6.817,14.823,8.541,0.6786,0.6786,7.37,4.1,0,0,5,0.01781,0.474,MEDIUM,HIGH,47.4,7.4 days of cover: 5 units in stock at expected demand of 0.68 units/day,escalated from MEDIUM because of only 4.1 days of cover at the upper forecast
BR005,MED034,Domperidone 10mg,Gastrointestinal,25,21.108,42.728,93.604,31.426,3.3571,3.3571,7.45,5.57,0,0,1,0.00137,0.28,MEDIUM,HIGH,46.8,7.4 days of cover: 25 units in stock at expected demand of 3.36 units/day,escalated from MEDIUM because of only 5.6 days of cover at the upper forecast
BR001,MED272,Aspirin 75mg (BlueCrest Pharma),Cardiovascular,49,44.215,91.409,204.654,54.534,6.5714,6.5714,7.46,6.29,0,0,5,0.01918,0.241,MEDIUM,HIGH,46.7,7.5 days of cover: 49 units in stock at expected demand of 6.57 units/day,escalated from MEDIUM because of only 6.3 days of cover at the upper forecast
BR004,MED444,Calcium + Vitamin D3 500mg/250IU (CureLine Healthcare),Vitamins,8,5.124,11.367,26.129,10.618,1.0714,1.0714,7.47,5.27,0,0,1,0.00548,0.525,MEDIUM,HIGH,46.7,7.5 days of cover: 8 units in stock at expected demand of 1.07 units/day,escalated from MEDIUM because of only 5.3 days of cover at the upper forecast
BR005,MED286,Atorvastatin 20mg (BlueCrest Pharma),Cardiovascular,7,4.672,10.644,24.566,10.166,0.9286,0.9286,7.54,4.82,0,4,2,0.00685,0.545,MEDIUM,HIGH,46.2,7.5 days of cover: 7 units in stock at expected demand of 0.93 units/day,escalated from MEDIUM because of only 4.8 days of cover at the upper forecast
BR002,MED381,Glimepiride + Metformin 1mg/500mg (Zenith BioPharma),Antidiabetic,59,51.237,102.423,219.344,61.556,7.7857,7.7857,7.58,6.71,2,3,16,0.05753,0.264,MEDIUM,HIGH,45.9,7.6 days of cover: 59 units in stock at expected demand of 7.79 units/day,escalated from MEDIUM because of stockout history (2 days in the last 28; out of stock on 5.8% of all days observed) and only 6.7 days of cover at the upper forecast
BR002,MED022,Aceclofenac + Paracetamol 100mg/325mg,Analgesics,6,4.321,9.73,20.622,9.814,0.7857,0.7857,7.64,4.28,0,8,6,0.03014,0.57,MEDIUM,HIGH,45.5,7.6 days of cover: 6 units in stock at expected demand of 0.79 units/day,escalated from MEDIUM because of stockout history (0 days in the last 28; out of stock on 3.0% of all days observed) and only 4.3 days of cover at the upper forecast
BR002,MED027,Amoxicillin + Clavulanic Acid 625mg,Antibiotics,6,3.691,7.718,17.977,9.184,0.7857,0.7857,7.64,4.57,0,4,3,0.00822,0.52,MEDIUM,HIGH,45.5,7.6 days of cover: 6 units in stock at expected demand of 0.79 units/day,escalated from MEDIUM because of only 4.6 days of cover at the upper forecast
BR002,MED484,Clotrimazole Cream 2%,Dermatological,3,1.769,3.993,9.802,5.217,0.3929,0.3929,7.64,4.03,0,0,5,0.01233,0.929,MEDIUM,HIGH,45.5,7.6 days of cover: 3 units in stock at expected demand of 0.39 units/day,escalated from MEDIUM because of only 4.0 days of cover at the upper forecast
BR004,MED427,Montelukast 5mg (NovaMed Laboratories),Respiratory,3,1.734,3.394,8.451,5.182,0.3929,0.3929,7.64,4.05,0,0,2,0.00685,1.265,MEDIUM,HIGH,45.5,7.6 days of cover: 3 units in stock at expected demand of 0.39 units/day,escalated from MEDIUM because of only 4.1 days of cover at the upper forecast; highly variable weekly demand (CV 1.26)
BR005,MED109,Azithromycin 500mg (ApexLife Pharma),Antibiotics,3,1.428,3.375,8.009,4.876,0.3929,0.3929,7.64,4.31,0,0,3,0.01507,0.617,MEDIUM,HIGH,45.5,7.6 days of cover: 3 units in stock at expected demand of 0.39 units/day,escalated from MEDIUM because of only 4.3 days of cover at the upper forecast
BR005,MED161,Paracetamol Suspension 125mg/5ml (VitaCure Remedies),Antipyretics,3,1.49,3.461,8.36,4.938,0.3929,0.3929,7.64,4.25,0,0,1,0.00137,0.839,MEDIUM,HIGH,45.5,7.6 days of cover: 3 units in stock at expected demand of 0.39 units/day,escalated from MEDIUM because of only 4.3 days of cover at the upper forecast
BR005,MED364,Glimepiride 1mg (TrueLife Remedies),Antidiabetic,14,9.282,20.56,46.301,19.601,1.8214,1.8214,7.69,5.0,0,0,1,0.00548,0.523,MEDIUM,HIGH,45.1,7.7 days of cover: 14 units in stock at expected demand of 1.82 units/day,escalated from MEDIUM because of only 5.0 days of cover at the upper forecast
BR001,MED372,Glimepiride 3mg (VitaCure Remedies),Antidiabetic,5,2.217,5.251,13.072,7.711,0.6429,0.6429,7.78,4.54,0,0,1,0.00274,1.286,MEDIUM,HIGH,44.4,7.8 days of cover: 5 units in stock at expected demand of 0.64 units/day,escalated from MEDIUM because of only 4.5 days of cover at the upper forecast; highly variable weekly demand (CV 1.29)
BR002,MED063,Diclofenac 50mg (VitaCure Remedies),Analgesics,5,2.387,5.498,12.15,7.881,0.6429,0.6429,7.78,4.44,2,7,11,0.05342,0.785,MEDIUM,HIGH,44.4,7.8 days of cover: 5 units in stock at expected demand of 0.64 units/day,escalated from MEDIUM because of stockout history (2 days in the last 28; out of stock on 5.3% of all days observed) and only 4.4 days of cover at the upper forecast
BR002,MED116,Azithromycin 250mg (HealthAxis Pharma),Antibiotics,5,2.441,4.975,11.698,7.935,0.6429,0.6429,7.78,4.41,2,2,4,0.01233,0.658,MEDIUM,HIGH,44.4,7.8 days of cover: 5 units in stock at expected demand of 0.64 units/day,escalated from MEDIUM because of only 4.4 days of cover at the upper forecast
BR001,MED009,Pantoprazole 40mg,Gastrointestinal,31,24.034,48.613,111.556,34.353,3.9286,3.9286,7.89,6.32,0,0,1,0.01644,0.338,MEDIUM,HIGH,43.6,7.9 days of cover: 31 units in stock at expected demand of 3.93 units/day,escalated from MEDIUM because of only 6.3 days of cover at the upper forecast
BR001,MED049,Multivitamin B-complex+C,Vitamins,10,6.997,14.625,32.92,17.316,1.25,1.25,8.0,4.04,0,0,2,0.01233,0.521,MEDIUM,HIGH,42.9,8.0 days of cover: 10 units in stock at expected demand of 1.25 units/day,escalated from MEDIUM because of only 4.0 days of cover at the upper forecast
BR001,MED417,Dextromethorphan Syrup 100ml (LifeSpring Pharma),Respiratory,4,1.63,3.431,8.262,5.078,0.5,0.5,8.0,5.51,0,0,0,0.0,0.76,MEDIUM,HIGH,42.9,8.0 days of cover: 4 units in stock at expected demand of 0.50 units/day,escalated from MEDIUM because of only 5.5 days of cover at the upper forecast
BR001,MED429,Montelukast 5mg (TrueLife Remedies),Respiratory,4,2.384,5.229,12.174,7.878,0.5,0.5,8.0,3.55,0,3,3,0.01507,0.615,MEDIUM,HIGH,42.9,8.0 days of cover: 4 units in stock at expected demand of 0.50 units/day,escalated from MEDIUM because of only 3.6 days of cover at the upper forecast
BR003,MED063,Diclofenac 50mg (VitaCure Remedies),Analgesics,8,5.188,11.518,25.369,10.682,1.0,1.0,8.0,5.24,0,3,5,0.02329,0.616,MEDIUM,HIGH,42.9,8.0 days of cover: 8 units in stock at expected demand of 1.00 units/day,escalated from MEDIUM because of only 5.2 days of cover at the upper forecast
BR004,MED476,Vitamin D3 1000IU,Vitamins,4,2.075,5.108,11.338,5.523,0.5,0.5,8.0,5.07,0,0,4,0.01096,0.774,MEDIUM,HIGH,42.9,8.0 days of cover: 4 units in stock at expected demand of 0.50 units/day,escalated from MEDIUM because of only 5.1 days of cover at the upper forecast
BR004,MED158,Paracetamol Suspension 125mg/5ml (LifeSpring Pharma),Antipyretics,14,11.217,21.939,45.174,21.536,1.7143,1.7143,8.17,4.55,2,4,14,0.05205,0.395,MEDIUM,HIGH,41.7,8.2 days of cover: 14 units in stock at expected demand of 1.71 units/day,escalated from MEDIUM because of stockout history (2 days in the last 28; out of stock on 5.2% of all days observed) and only 4.6 days of cover at the upper forecast
BR004,MED342,Telmisartan 80mg (Summit Lifesciences),Cardiovascular,7,3.439,7.343,17.291,8.932,0.8571,0.8571,8.17,5.49,2,3,6,0.02466,0.787,MEDIUM,HIGH,41.7,8.2 days of cover: 7 units in stock at expected demand of 0.86 units/day,escalated from MEDIUM because of only 5.5 days of cover at the upper forecast
BR001,MED142,Mefenamic Acid 500mg (Kavach Healthcare),Antipyretics,24,18.775,37.492,82.229,29.094,2.9286,2.9286,8.2,5.77,0,2,17,0.06027,0.305,MEDIUM,HIGH,41.5,8.2 days of cover: 24 units in stock at expected demand of 2.93 units/day,escalated from MEDIUM because of stockout history (0 days in the last 28; out of stock on 6.0% of all days observed) and only 5.8 days of cover at the upper forecast
BR004,MED058,Aceclofenac + Paracetamol 100mg/325mg (VitaCure Remedies),Analgesics,5,2.912,6.354,15.03,8.406,0.6071,0.6071,8.24,4.16,0,7,3,0.01096,0.668,MEDIUM,HIGH,41.2,8.2 days of cover: 5 units in stock at expected demand of 0.61 units/day,escalated from MEDIUM because of only 4.2 days of cover at the upper forecast
BR005,MED345,Gliclazide 80mg (BlueCrest Pharma),Antidiabetic,5,1.982,4.634,11.382,5.43,0.6071,0.6071,8.24,6.45,0,0,1,0.00137,0.832,MEDIUM,HIGH,41.2,8.2 days of cover: 5 units in stock at expected demand of 0.61 units/day,escalated from MEDIUM because of only 6.4 days of cover at the upper forecast
BR005,MED463,Vitamin C Chewable 500mg (HealthAxis Pharma),Vitamins,5,1.64,3.972,8.781,5.088,0.6071,0.6071,8.24,6.88,1,1,1,0.00137,0.793,MEDIUM,HIGH,41.2,8.2 days of cover: 5 units in stock at expected demand of 0.61 units/day,escalated from MEDIUM because of only 6.9 days of cover at the upper forecast
BR002,MED013,Metformin 500mg,Antidiabetic,35,28.61,59.945,124.223,38.929,4.2143,4.2143,8.31,6.29,7,11,28,0.10274,0.269,MEDIUM,HIGH,40.7,8.3 days of cover: 35 units in stock at expected demand of 4.21 units/day,escalated from MEDIUM because of stockout history (7 days in the last 28; out of stock on 10.3% of all days observed) and only 6.3 days of cover at the upper forecast
BR005,MED001,Paracetamol 500mg,Analgesics,39,30.054,61.816,134.552,40.373,4.6786,4.6786,8.34,6.76,0,0,4,0.00685,0.199,MEDIUM,HIGH,40.5,8.3 days of cover: 39 units in stock at expected demand of 4.68 units/day,escalated from MEDIUM because of only 6.8 days of cover at the upper forecast
BR001,MED385,Metformin 850mg,Antidiabetic,76,57.702,116.976,250.768,68.021,9.1071,9.1071,8.35,7.82,0,0,7,0.03151,0.21,MEDIUM,HIGH,40.4,8.3 days of cover: 76 units in stock at expected demand of 9.11 units/day,escalated from MEDIUM because of stockout history (0 days in the last 28; out of stock on 3.2% of all days observed)
BR003,MED086,Naproxen 500mg (CarePlus Laboratories),Analgesics,56,44.045,90.15,201.808,54.364,6.7143,6.7143,8.34,7.21,0,0,4,0.02877,0.162,MEDIUM,HIGH,40.4,8.3 days of cover: 56 units in stock at expected demand of 6.71 units/day,escalated from MEDIUM because of stockout history (0 days in the last 28; out of stock on 2.9% of all days observed)
BR001,MED083,Naproxen 250mg (HealthAxis Pharma),Analgesics,6,3.893,8.909,18.782,9.386,0.7143,0.7143,8.4,4.47,0,0,2,0.00685,0.823,MEDIUM,HIGH,40.0,8.4 days of cover: 6 units in stock at expected demand of 0.71 units/day,escalated from MEDIUM because of only 4.5 days of cover at the upper forecast
BR001,MED240,ORS Powder 21.8g (LifeSpring Pharma),Gastrointestinal,3,0.828,2.086,5.223,3.127,0.3571,0.3571,8.4,6.72,0,0,0,0.0,1.08,MEDIUM,HIGH,40.0,8.4 days of cover: 3 units in stock at expected demand of 0.36 units/day,escalated from MEDIUM because of only 6.7 days of cover at the upper forecast; highly variable weekly demand (CV 1.08)
BR003,MED370,Glimepiride 3mg (Summit Lifesciences),Antidiabetic,3,0.788,1.699,4.681,3.086,0.3571,0.3571,8.4,6.8,0,1,1,0.00137,1.257,MEDIUM,HIGH,40.0,8.4 days of cover: 3 units in stock at expected demand of 0.36 units/day,escalated from MEDIUM because of only 6.8 days of cover at the upper forecast; highly variable weekly demand (CV 1.26)
BR003,MED278,Aspirin 150mg (CarePlus Laboratories),Cardiovascular,13,7.745,17.389,38.213,18.064,1.5357,1.5357,8.47,5.04,0,0,10,0.04247,0.709,MEDIUM,HIGH,39.5,8.5 days of cover: 13 units in stock at expected demand of 1.54 units/day,escalated from MEDIUM because of stockout history (0 days in the last 28; out of stock on 4.2% of all days observed) and only 5.0 days of cover at the upper forecast
BR003,MED288,Atorvastatin 40mg,Cardiovascular,13,6.51,13.606,32.75,16.828,1.5357,1.5357,8.47,5.41,2,2,3,0.00548,0.457,MEDIUM,HIGH,39.5,8.5 days of cover: 13 units in stock at expected demand of 1.54 units/day,escalated from MEDIUM because of only 5.4 days of cover at the upper forecast
BR001,MED480,Calamine Lotion 100ml (Stellar Formulations),Dermatological,7,4.413,9.413,19.794,9.906,0.8214,0.8214,8.52,4.95,0,0,11,0.03836,0.385,MEDIUM,HIGH,39.1,8.5 days of cover: 7 units in stock at expected demand of 0.82 units/day,escalated from MEDIUM because of stockout history (0 days in the last 28; out of stock on 3.8% of all days observed) and only 4.9 days of cover at the upper forecast
BR002,MED332,Telmisartan 20mg,Cardiovascular,11,6.377,14.837,33.427,16.696,1.2857,1.2857,8.56,4.61,0,0,4,0.01096,0.533,MEDIUM,HIGH,38.9,8.6 days of cover: 11 units in stock at expected demand of 1.29 units/day,escalated from MEDIUM because of only 4.6 days of cover at the upper forecast
BR005,MED466,Vitamin C Chewable 1000mg (ApexLife Pharma),Vitamins,29,21.968,43.895,97.126,32.286,3.3929,3.3929,8.55,6.29,0,0,3,0.00959,0.264,MEDIUM,HIGH,38.9,8.5 days of cover: 29 units in stock at expected demand of 3.39 units/day,escalated from MEDIUM because of only 6.3 days of cover at the upper forecast
BR002,MED169,Cetirizine 5mg (CarePlus Laboratories),Antihistamines,23,17.189,35.971,82.975,27.508,2.6786,2.6786,8.59,5.85,1,1,14,0.04521,0.259,MEDIUM,HIGH,38.7,8.6 days of cover: 23 units in stock at expected demand of 2.68 units/day,escalated from MEDIUM because of stockout history (1 days in the last 28; out of stock on 4.5% of all days observed) and only 5.9 days of cover at the upper forecast
BR001,MED108,Azithromycin 500mg (Aarogya Formulations),Antibiotics,8,4.719,10.007,22.107,10.213,0.9286,0.9286,8.62,5.48,0,0,4,0.01096,0.534,MEDIUM,HIGH,38.5,8.6 days of cover: 8 units in stock at expected demand of 0.93 units/day,escalated from MEDIUM because of only 5.5 days of cover at the upper forecast
BR002,MED019,Clotrimazole Cream 1%,Dermatological,8,4.806,9.881,22.533,10.3,0.9286,0.9286,8.62,5.44,0,0,4,0.01507,0.449,MEDIUM,HIGH,38.5,8.6 days of cover: 8 units in stock at expected demand of 0.93 units/day,escalated from MEDIUM because of only 5.4 days of cover at the upper forecast
BR002,MED104,Amoxicillin + Clavulanic Acid 375mg,Antibiotics,16,11.825,25.235,53.408,22.144,1.8571,1.8571,8.62,5.06,0,0,4,0.02055,0.369,MEDIUM,HIGH,38.5,8.6 days of cover: 16 units in stock at expected demand of 1.86 units/day,escalated from MEDIUM because of only 5.1 days of cover at the upper forecast
BR002,MED234,Ondansetron 4mg (VitaCure Remedies),Gastrointestinal,8,5.007,10.679,24.115,10.5,0.9286,0.9286,8.62,5.33,0,0,0,0.0,0.493,MEDIUM,HIGH,38.5,8.6 days of cover: 8 units in stock at expected demand of 0.93 units/day,escalated from MEDIUM because of only 5.3 days of cover at the upper forecast
BR003,MED250,Pantoprazole 20mg (ApexLife Pharma),Gastrointestinal,4,1.748,3.694,8.595,5.196,0.4643,0.4643,8.62,5.39,0,3,6,0.02603,0.696,MEDIUM,HIGH,38.5,8.6 days of cover: 4 units in stock at expected demand of 0.46 units/day,escalated from MEDIUM because of stockout history (0 days in the last 28; out of stock on 2.6% of all days observed) and only 5.4 days of cover at the upper forecast
BR005,MED179,Chlorpheniramine 4mg (LifeSpring Pharma),Antihistamines,4,1.244,2.396,7.109,4.692,0.4643,0.4643,8.62,5.97,0,0,0,0.0,1.015,MEDIUM,HIGH,38.5,8.6 days of cover: 4 units in stock at expected demand of 0.46 units/day,escalated from MEDIUM because of only 6.0 days of cover at the upper forecast; highly variable weekly demand (CV 1.01)
BR005,MED254,Pantoprazole 20mg (Summit Lifesciences),Gastrointestinal,4,1.73,3.849,8.678,5.178,0.4643,0.4643,8.62,5.41,0,0,2,0.00685,0.808,MEDIUM,HIGH,38.5,8.6 days of cover: 4 units in stock at expected demand of 0.46 units/day,escalated from MEDIUM because of only 5.4 days of cover at the upper forecast
BR002,MED324,Rosuvastatin 20mg (Stellar Formulations),Cardiovascular,17,9.086,19.415,44.792,19.404,1.9643,1.9643,8.65,6.13,0,0,1,0.00137,0.375,MEDIUM,HIGH,38.2,8.7 days of cover: 17 units in stock at expected demand of 1.96 units/day,escalated from MEDIUM because of only 6.1 days of cover at the upper forecast
BR003,MED073,Ibuprofen 200mg,Analgesics,14,8.574,17.693,40.48,18.893,1.6071,1.6071,8.71,5.19,0,0,1,0.00548,0.432,MEDIUM,HIGH,37.8,8.7 days of cover: 14 units in stock at expected demand of 1.61 units/day,escalated from MEDIUM because of only 5.2 days of cover at the upper forecast
BR004,MED327,Telmisartan 40mg (Aarogya Formulations),Cardiovascular,87,60.783,123.403,269.385,71.102,9.9643,9.9643,8.73,8.57,1,1,22,0.07534,0.292,MEDIUM,HIGH,37.6,8.7 days of cover: 87 units in stock at expected demand of 9.96 units/day,escalated from MEDIUM because of stockout history (1 days in the last 28; out of stock on 7.5% of all days observed)
BR003,MED107,Amoxicillin + Clavulanic Acid 375mg (TrueLife Remedies),Antibiotics,5,1.593,3.255,6.861,5.041,0.5714,0.5714,8.75,6.94,2,2,4,0.01233,0.756,MEDIUM,HIGH,37.5,8.8 days of cover: 5 units in stock at expected demand of 0.57 units/day,escalated from MEDIUM because of only 6.9 days of cover at the upper forecast
BR003,MED381,Glimepiride + Metformin 1mg/500mg (Zenith BioPharma),Antidiabetic,81,60.414,117.331,249.798,70.733,9.2143,9.2143,8.79,8.02,1,8,16,0.05753,0.309,MEDIUM,HIGH,37.2,8.8 days of cover: 81 units in stock at expected demand of 9.21 units/day,escalated from MEDIUM because of stockout history (1 days in the last 28; out of stock on 5.8% of all days observed)
BR003,MED360,Glimepiride 1mg (CarePlus Laboratories),Antidiabetic,17,10.426,22.369,48.612,20.745,1.9286,1.9286,8.81,5.74,0,0,2,0.00685,0.501,MEDIUM,HIGH,37.0,8.8 days of cover: 17 units in stock at expected demand of 1.93 units/day,escalated from MEDIUM because of only 5.7 days of cover at the upper forecast
BR001,MED316,Rosuvastatin 10mg (Summit Lifesciences),Cardiovascular,12,7.027,15.884,36.047,17.346,1.3571,1.3571,8.84,4.84,0,0,4,0.01096,0.555,MEDIUM,HIGH,36.8,8.8 days of cover: 12 units in stock at expected demand of 1.36 units/day,escalated from MEDIUM because of only 4.8 days of cover at the upper forecast
BR001,MED378,Glimepiride + Metformin 1mg/500mg (Stellar Formulations),Antidiabetic,6,2.798,6.792,15.935,8.292,0.6786,0.6786,8.84,5.07,0,0,1,0.00822,0.767,MEDIUM,HIGH,36.8,8.8 days of cover: 6 units in stock at expected demand of 0.68 units/day,escalated from MEDIUM because of only 5.1 days of cover at the upper forecast
BR003,MED306,Metoprolol 50mg (Aarogya Formulations),Cardiovascular,13,6.377,13.452,31.147,16.696,1.4643,1.4643,8.88,5.45,2,5,10,0.03562,0.425,MEDIUM,HIGH,36.6,8.9 days of cover: 13 units in stock at expected demand of 1.46 units/day,escalated from MEDIUM because of stockout history (2 days in the last 28; out of stock on 3.6% of all days observed) and only 5.5 days of cover at the upper forecast
BR002,MED466,Vitamin C Chewable 1000mg (ApexLife Pharma),Vitamins,27,18.843,39.008,85.587,29.161,3.0357,3.0357,8.89,6.48,0,1,6,0.01918,0.285,MEDIUM,HIGH,36.5,8.9 days of cover: 27 units in stock at expected demand of 3.04 units/day,escalated from MEDIUM because of only 6.5 days of cover at the upper forecast
BR001,MED327,Telmisartan 40mg (Aarogya Formulations),Cardiovascular,124,75.911,141.177,306.675,86.23,13.8571,13.8571,8.95,10.07,4,6,17,0.05205,0.272,MEDIUM,HIGH,36.1,8.9 days of cover: 124 units in stock at expected demand of 13.86 units/day,escalated from MEDIUM because of stockout history (4 days in the last 28; out of stock on 5.2% of all days observed)
BR003,MED374,Glimepiride + Metformin 2mg/500mg (Stellar Formulations),Antidiabetic,9,4.049,9.003,20.741,9.543,1.0,1.0,9.0,6.6,2,2,4,0.00822,0.889,MEDIUM,HIGH,35.7,9.0 days of cover: 9 units in stock at expected demand of 1.00 units/day,escalated from MEDIUM because of only 6.6 days of cover at the upper forecast
BR005,MED022,Aceclofenac + Paracetamol 100mg/325mg,Analgesics,9,5.468,12.186,26.413,10.962,1.0,1.0,9.0,5.75,0,0,4,0.02466,0.701,MEDIUM,HIGH,35.7,9.0 days of cover: 9 units in stock at expected demand of 1.00 units/day,escalated from MEDIUM because of only 5.7 days of cover at the upper forecast
BR001,MED078,Ibuprofen 600mg,Analgesics,10,6.145,12.674,29.572,11.639,1.1071,1.1071,9.03,6.01,0,7,8,0.03288,0.55,MEDIUM,HIGH,35.5,9.0 days of cover: 10 units in stock at expected demand of 1.11 units/day,escalated from MEDIUM because of stockout history (0 days in the last 28; out of stock on 3.3% of all days observed) and only 6.0 days of cover at the upper forecast
BR002,MED391,Metformin 1000mg (HealthAxis Pharma),Antidiabetic,10,5.372,12.021,27.865,10.865,1.1071,1.1071,9.03,6.44,0,3,7,0.01918,0.609,MEDIUM,HIGH,35.5,9.0 days of cover: 10 units in stock at expected demand of 1.11 units/day,escalated from MEDIUM because of only 6.4 days of cover at the upper forecast
BR002,MED468,Vitamin C Chewable 1000mg (CarePlus Laboratories),Vitamins,10,5.639,12.572,28.468,11.133,1.1071,1.1071,9.03,6.29,0,0,2,0.00822,0.665,MEDIUM,HIGH,35.5,9.0 days of cover: 10 units in stock at expected demand of 1.11 units/day,escalated from MEDIUM because of only 6.3 days of cover at the upper forecast
BR002,MED392,Metformin 1000mg (LifeSpring Pharma),Antidiabetic,40,28.778,54.704,111.962,39.097,4.3929,4.3929,9.11,7.16,0,3,7,0.02603,0.371,MEDIUM,HIGH,35.0,9.1 days of cover: 40 units in stock at expected demand of 4.39 units/day,escalated from MEDIUM because of stockout history (0 days in the last 28; out of stock on 2.6% of all days observed)
BR004,MED256,Amlodipine 5mg (BlueCrest Pharma),Cardiovascular,13,6.964,15.982,36.05,17.282,1.4286,1.4286,9.1,5.27,0,1,3,0.01233,0.491,MEDIUM,HIGH,35.0,9.1 days of cover: 13 units in stock at expected demand of 1.43 units/day,escalated from MEDIUM because of only 5.3 days of cover at the upper forecast
BR001,MED270,Aspirin 75mg (Aarogya Formulations),Cardiovascular,20,11.389,24.092,54.734,21.708,2.1786,2.1786,9.18,6.45,0,0,2,0.00685,0.519,MEDIUM,HIGH,34.4,9.2 days of cover: 20 units in stock at expected demand of 2.18 units/day,escalated from MEDIUM because of only 6.4 days of cover at the upper forecast
BR002,MED142,Mefenamic Acid 500mg (Kavach Healthcare),Antipyretics,21,13.997,27.823,61.422,24.316,2.2857,2.2857,9.19,6.05,1,5,18,0.06438,0.294,MEDIUM,HIGH,34.4,9.2 days of cover: 21 units in stock at expected demand of 2.29 units/day,escalated from MEDIUM because of stockout history (1 days in the last 28; out of stock on 6.4% of all days observed) and only 6.0 days of cover at the upper forecast
BR001,MED187,Fexofenadine 180mg (CureLine Healthcare),Antihistamines,3,1.198,2.967,7.122,4.647,0.3214,0.3214,9.33,4.52,0,0,1,0.00411,0.986,MEDIUM,HIGH,33.3,9.3 days of cover: 3 units in stock at expected demand of 0.32 units/day,escalated from MEDIUM because of only 4.5 days of cover at the upper forecast
BR001,MED264,Amlodipine 2.5mg (Summit Lifesciences),Cardiovascular,17,9.118,19.658,44.1,19.436,1.8214,1.8214,9.33,6.12,0,0,6,0.02192,0.571,MEDIUM,HIGH,33.3,9.3 days of cover: 17 units in stock at expected demand of 1.82 units/day,escalated from MEDIUM because of only 6.1 days of cover at the upper forecast
BR002,MED048,Dextromethorphan Syrup 100ml,Respiratory,14,7.997,17.071,36.478,18.316,1.5,1.5,9.33,5.35,1,1,5,0.02603,0.496,MEDIUM,HIGH,33.3,9.3 days of cover: 14 units in stock at expected demand of 1.50 units/day,escalated from MEDIUM because of stockout history (1 days in the last 28; out of stock on 2.6% of all days observed) and only 5.4 days of cover at the upper forecast
BR002,MED490,Hydrocortisone Cream 1% (CarePlus Laboratories),Dermatological,5,1.891,4.36,10.444,5.339,0.5357,0.5357,9.33,6.56,1,4,6,0.04932,0.652,MEDIUM,HIGH,33.3,9.3 days of cover: 5 units in stock at expected demand of 0.54 units/day,escalated from MEDIUM because of stockout history (1 days in the last 28; out of stock on 4.9% of all days observed) and only 6.6 days of cover at the upper forecast
BR003,MED098,Amoxicillin 250mg (NovaMed Laboratories),Antibiotics,5,2.395,5.598,12.425,7.889,0.5357,0.5357,9.33,4.44,0,0,4,0.00959,0.648,MEDIUM,HIGH,33.3,9.3 days of cover: 5 units in stock at expected demand of 0.54 units/day,escalated from MEDIUM because of only 4.4 days of cover at the upper forecast
BR003,MED183,Fexofenadine 120mg (CureLine Healthcare),Antihistamines,5,1.599,3.807,9.765,5.047,0.5357,0.5357,9.33,6.93,0,0,0,0.0,0.907,MEDIUM,HIGH,33.3,9.3 days of cover: 5 units in stock at expected demand of 0.54 units/day,escalated from MEDIUM because of only 6.9 days of cover at the upper forecast
BR004,MED271,Aspirin 75mg (ApexLife Pharma),Cardiovascular,3,0.757,1.576,4.307,3.055,0.3214,0.3214,9.33,6.87,0,7,2,0.0137,1.346,MEDIUM,HIGH,33.3,9.3 days of cover: 3 units in stock at expected demand of 0.32 units/day,escalated from MEDIUM because of only 6.9 days of cover at the upper forecast; highly variable weekly demand (CV 1.35)
BR005,MED019,Clotrimazole Cream 1%,Dermatological,9,5.125,11.067,23.658,10.619,0.9643,0.9643,9.33,5.93,0,0,3,0.02192,0.39,MEDIUM,HIGH,33.3,9.3 days of cover: 9 units in stock at expected demand of 0.96 units/day,escalated from MEDIUM because of only 5.9 days of cover at the upper forecast
BR005,MED104,Amoxicillin + Clavulanic Acid 375mg,Antibiotics,23,15.646,30.693,64.433,25.965,2.4286,2.4286,9.47,6.2,0,1,7,0.02192,0.381,MEDIUM,HIGH,32.4,9.5 days of cover: 23 units in stock at expected demand of 2.43 units/day,escalated from MEDIUM because of only 6.2 days of cover at the upper forecast
BR005,MED311,Metoprolol 25mg (CureLine Healthcare),Cardiovascular,9,4.977,10.864,26.341,10.471,0.9286,0.9286,9.69,6.02,0,1,2,0.00411,0.561,MEDIUM,HIGH,30.8,9.7 days of cover: 9 units in stock at expected demand of 0.93 units/day,escalated from MEDIUM because of only 6.0 days of cover at the upper forecast
BR004,MED127,Cefixime 100mg (VitaCure Remedies),Antibiotics,17,10.11,20.505,44.034,20.429,1.75,1.75,9.71,5.83,2,2,6,0.03151,0.252,MEDIUM,HIGH,30.6,9.7 days of cover: 17 units in stock at expected demand of 1.75 units/day,escalated from MEDIUM because of stockout history (2 days in the last 28; out of stock on 3.2% of all days observed) and only 5.8 days of cover at the upper forecast
BR004,MED163,Cetirizine 10mg (CureLine Healthcare),Antihistamines,17,11.079,22.535,49.919,21.398,1.75,1.75,9.71,5.56,0,0,7,0.02329,0.493,MEDIUM,HIGH,30.6,9.7 days of cover: 17 units in stock at expected demand of 1.75 units/day,escalated from MEDIUM because of only 5.6 days of cover at the upper forecast
BR001,MED431,Salbutamol Inhaler 100mcg (ApexLife Pharma),Respiratory,8,4.951,10.523,22.927,10.445,0.8214,0.8214,9.74,5.36,0,3,12,0.06849,0.538,MEDIUM,HIGH,30.4,9.7 days of cover: 8 units in stock at expected demand of 0.82 units/day,escalated from MEDIUM because of stockout history (0 days in the last 28; out of stock on 6.8% of all days observed) and only 5.4 days of cover at the upper forecast
BR004,MED341,Telmisartan 80mg (Stellar Formulations),Cardiovascular,8,4.024,9.199,20.964,9.518,0.8214,0.8214,9.74,5.88,0,0,8,0.03014,0.785,MEDIUM,HIGH,30.4,9.7 days of cover: 8 units in stock at expected demand of 0.82 units/day,escalated from MEDIUM because of stockout history (0 days in the last 28; out of stock on 3.0% of all days observed) and only 5.9 days of cover at the upper forecast
BR004,MED357,Glimepiride 2mg (Stellar Formulations),Antidiabetic,8,3.865,9.138,21.223,9.359,0.8214,0.8214,9.74,5.98,0,0,3,0.00548,0.524,MEDIUM,HIGH,30.4,9.7 days of cover: 8 units in stock at expected demand of 0.82 units/day,escalated from MEDIUM because of only 6.0 days of cover at the upper forecast
BR005,MED024,Cefixime 200mg,Antibiotics,16,9.053,18.542,39.033,19.372,1.6429,1.6429,9.74,5.78,0,0,3,0.01096,0.443,MEDIUM,HIGH,30.4,9.7 days of cover: 16 units in stock at expected demand of 1.64 units/day,escalated from MEDIUM because of only 5.8 days of cover at the upper forecast
BR002,MED301,Losartan 25mg (CarePlus Laboratories),Cardiovascular,71,50.785,103.384,227.064,61.104,7.0,7.255,9.79,8.13,3,5,6,0.02055,0.357,MEDIUM,HIGH,30.1,9.8 days of cover: 71 units in stock at expected demand of 7.25 units/day,escalated from MEDIUM because of stockout history (3 days in the last 28; out of stock on 2.1% of all days observed)
BR001,MED354,Gliclazide 40mg (Summit Lifesciences),Antidiabetic,35,22.704,45.789,101.481,33.023,3.5714,3.5714,9.8,7.42,0,0,6,0.03699,0.413,MEDIUM,HIGH,30.0,9.8 days of cover: 35 units in stock at expected demand of 3.57 units/day,escalated from MEDIUM because of stockout history (0 days in the last 28; out of stock on 3.7% of all days observed)
BR003,MED349,Gliclazide 40mg,Antidiabetic,7,3.618,8.302,19.032,9.112,0.7143,0.7143,9.8,5.38,0,0,4,0.01233,0.57,MEDIUM,HIGH,30.0,9.8 days of cover: 7 units in stock at expected demand of 0.71 units/day,escalated from MEDIUM because of only 5.4 days of cover at the upper forecast
BR004,MED097,Amoxicillin 250mg (LifeSpring Pharma),Antibiotics,7,3.686,7.915,17.4,9.179,0.7143,0.7143,9.8,5.34,0,2,1,0.00274,0.549,MEDIUM,HIGH,30.0,9.8 days of cover: 7 units in stock at expected demand of 0.71 units/day,escalated from MEDIUM because of only 5.3 days of cover at the upper forecast
BR005,MED171,Cetirizine 5mg (Stellar Formulations),Antihistamines,7,3.7,8.527,17.532,9.194,0.7143,0.7143,9.8,5.33,0,7,5,0.01644,0.595,MEDIUM,HIGH,30.0,9.8 days of cover: 7 units in stock at expected demand of 0.71 units/day,escalated from MEDIUM because of only 5.3 days of cover at the upper forecast
BR003,MED139,Mefenamic Acid 500mg,Antipyretics,45,29.72,60.635,132.154,40.039,4.5714,4.5714,9.84,7.87,0,0,6,0.02877,0.273,MEDIUM,HIGH,29.7,9.8 days of cover: 45 units in stock at expected demand of 4.57 units/day,escalated from MEDIUM because of stockout history (0 days in the last 28; out of stock on 2.9% of all days observed)
BR001,MED002,Diclofenac 50mg,Analgesics,6,2.609,6.273,12.932,8.103,0.6071,0.6071,9.88,5.18,0,0,9,0.04932,0.579,MEDIUM,HIGH,29.4,9.9 days of cover: 6 units in stock at expected demand of 0.61 units/day,escalated from MEDIUM because of stockout history (0 days in the last 28; out of stock on 4.9% of all days observed) and only 5.2 days of cover at the upper forecast
BR002,MED327,Telmisartan 40mg (Aarogya Formulations),Cardiovascular,101,62.337,120.959,269.718,72.655,10.1429,10.1429,9.96,9.73,0,8,23,0.07397,0.363,MEDIUM,HIGH,28.9,10.0 days of cover: 101 units in stock at expected demand of 10.14 units/day,escalated from MEDIUM because of stockout history (0 days in the last 28; out of stock on 7.4% of all days observed)
BR003,MED324,Rosuvastatin 20mg (Stellar Formulations),Cardiovascular,16,8.464,18.263,40.598,18.783,1.6071,1.6071,9.96,5.96,0,0,2,0.00274,0.436,MEDIUM,HIGH,28.9,10.0 days of cover: 16 units in stock at expected demand of 1.61 units/day,escalated from MEDIUM because of only 6.0 days of cover at the upper forecast
BR003,MED470,Vitamin C Chewable 1000mg (NovaMed Laboratories),Vitamins,9,5.237,11.184,24.189,10.731,0.8929,0.8929,10.08,5.87,0,0,3,0.00548,0.484,MEDIUM,HIGH,28.0,10.1 days of cover: 9 units in stock at expected demand of 0.89 units/day,escalated from MEDIUM because of only 5.9 days of cover at the upper forecast
BR005,MED222,Omeprazole 40mg (ApexLife Pharma),Gastrointestinal,9,4.876,10.361,22.084,10.37,0.8929,0.8929,10.08,6.08,0,0,1,0.00411,0.463,MEDIUM,HIGH,28.0,10.1 days of cover: 9 units in stock at expected demand of 0.89 units/day,escalated from MEDIUM because of only 6.1 days of cover at the upper forecast
BR001,MED460,Multivitamin B-complex+C (TrueLife Remedies),Vitamins,13,7.062,13.882,33.654,17.381,1.2857,1.2857,10.11,5.24,0,7,3,0.03425,0.467,MEDIUM,HIGH,27.8,10.1 days of cover: 13 units in stock at expected demand of 1.29 units/day,escalated from MEDIUM because of stockout history (0 days in the last 28; out of stock on 3.4% of all days observed) and only 5.2 days of cover at the upper forecast
BR005,MED169,Cetirizine 5mg (CarePlus Laboratories),Antihistamines,30,19.725,39.75,91.505,30.044,2.9643,2.9643,10.12,6.99,0,0,9,0.03288,0.232,MEDIUM,HIGH,27.7,10.1 days of cover: 30 units in stock at expected demand of 2.96 units/day,escalated from MEDIUM because of stockout history (0 days in the last 28; out of stock on 3.3% of all days observed) and only 7.0 days of cover at the upper forecast
BR001,MED116,Azithromycin 250mg (HealthAxis Pharma),Antibiotics,4,1.727,3.71,9.542,5.175,0.3929,0.3929,10.18,5.41,0,1,3,0.00685,0.654,MEDIUM,HIGH,27.3,10.2 days of cover: 4 units in stock at expected demand of 0.39 units/day,escalated from MEDIUM because of only 5.4 days of cover at the upper forecast
BR002,MED046,Montelukast 10mg,Respiratory,8,4.681,10.054,21.89,10.175,0.7857,0.7857,10.18,5.5,0,0,1,0.00411,0.6,MEDIUM,HIGH,27.3,10.2 days of cover: 8 units in stock at expected demand of 0.79 units/day,escalated from MEDIUM because of only 5.5 days of cover at the upper forecast
BR002,MED420,Montelukast 10mg (CureLine Healthcare),Respiratory,4,1.704,3.525,8.437,5.152,0.3929,0.3929,10.18,5.43,4,4,4,0.01096,0.592,MEDIUM,HIGH,27.3,10.2 days of cover: 4 units in stock at expected demand of 0.39 units/day,escalated from MEDIUM because of stockout history (4 days in the last 28; out of stock on 1.1% of all days observed) and only 5.4 days of cover at the upper forecast
BR004,MED025,Ciprofloxacin 500mg,Antibiotics,4,1.994,4.3,9.914,5.443,0.3929,0.3929,10.18,5.14,3,4,5,0.01507,0.609,MEDIUM,HIGH,27.3,10.2 days of cover: 4 units in stock at expected demand of 0.39 units/day,escalated from MEDIUM because of stockout history (3 days in the last 28; out of stock on 1.5% of all days observed) and only 5.1 days of cover at the upper forecast
BR005,MED111,Azithromycin 250mg,Antibiotics,4,1.227,2.737,6.389,4.675,0.3929,0.3929,10.18,5.99,0,0,0,0.0,0.792,MEDIUM,HIGH,27.3,10.2 days of cover: 4 units in stock at expected demand of 0.39 units/day,escalated from MEDIUM because of only 6.0 days of cover at the upper forecast
BR001,MED470,Vitamin C Chewable 1000mg (NovaMed Laboratories),Vitamins,11,5.635,12.557,28.643,11.128,1.0714,1.0714,10.27,6.92,0,0,3,0.00959,0.598,MEDIUM,HIGH,26.7,10.3 days of cover: 11 units in stock at expected demand of 1.07 units/day,escalated from MEDIUM because of only 6.9 days of cover at the upper forecast
BR005,MED035,ORS Powder 21.8g,Gastrointestinal,11,5.62,12.443,26.566,11.114,1.0714,1.0714,10.27,6.93,0,0,1,0.00137,0.541,MEDIUM,HIGH,26.7,10.3 days of cover: 11 units in stock at expected demand of 1.07 units/day,escalated from MEDIUM because of only 6.9 days of cover at the upper forecast
BR002,MED140,Mefenamic Acid 500mg (CureLine Healthcare),Antipyretics,7,3.284,6.463,15.966,8.778,0.6786,0.6786,10.32,5.58,1,1,8,0.0274,0.51,MEDIUM,HIGH,26.3,10.3 days of cover: 7 units in stock at expected demand of 0.68 units/day,escalated from MEDIUM because of stockout history (1 days in the last 28; out of stock on 2.7% of all days observed) and only 5.6 days of cover at the upper forecast
BR002,MED165,Cetirizine 10mg (Stellar Formulations),Antihistamines,7,3.81,8.647,18.905,9.304,0.6786,0.6786,10.32,5.27,0,2,7,0.02329,0.684,MEDIUM,HIGH,26.3,10.3 days of cover: 7 units in stock at expected demand of 0.68 units/day,escalated from MEDIUM because of only 5.3 days of cover at the upper forecast
BR004,MED040,Rosuvastatin 10mg,Cardiovascular,14,7.27,15.628,34.771,17.588,1.3571,1.3571,10.32,5.57,0,0,12,0.03562,0.495,MEDIUM,HIGH,26.3,10.3 days of cover: 14 units in stock at expected demand of 1.36 units/day,escalated from MEDIUM because of stockout history (0 days in the last 28; out of stock on 3.6% of all days observed) and only 5.6 days of cover at the upper forecast
BR004,MED354,Gliclazide 40mg (Summit Lifesciences),Antidiabetic,20,10.408,23.13,49.382,20.726,1.9286,1.9286,10.37,6.75,0,0,3,0.01781,0.484,MEDIUM,HIGH,25.9,10.4 days of cover: 20 units in stock at expected demand of 1.93 units/day,escalated from MEDIUM because of only 6.8 days of cover at the upper forecast
BR002,MED173,Cetirizine 5mg (TrueLife Remedies),Antihistamines,65,42.465,83.354,186.445,52.784,6.25,6.25,10.4,8.62,1,1,6,0.02603,0.268,MEDIUM,HIGH,25.7,10.4 days of cover: 65 units in stock at expected demand of 6.25 units/day,escalated from MEDIUM because of stockout history (1 days in the last 28; out of stock on 2.6% of all days observed)
BR001,MED013,Metformin 500mg,Antidiabetic,52,30.772,61.061,141.638,41.091,4.9643,4.9643,10.47,8.86,1,8,29,0.11096,0.265,MEDIUM,HIGH,25.2,10.5 days of cover: 52 units in stock at expected demand of 4.96 units/day,escalated from MEDIUM because of stockout history (1 days in the last 28; out of stock on 11.1% of all days observed)
BR001,MED019,Clotrimazole Cream 1%,Dermatological,9,4.637,9.556,20.596,10.13,0.8571,0.8571,10.5,6.22,0,0,5,0.01644,0.475,MEDIUM,HIGH,25.0,10.5 days of cover: 9 units in stock at expected demand of 0.86 units/day,escalated from MEDIUM because of only 6.2 days of cover at the upper forecast
BR002,MED002,Diclofenac 50mg,Analgesics,6,3.183,6.882,14.614,8.677,0.5714,0.5714,10.5,4.84,0,7,8,0.06027,0.664,MEDIUM,HIGH,25.0,10.5 days of cover: 6 units in stock at expected demand of 0.57 units/day,escalated from MEDIUM because of stockout history (0 days in the last 28; out of stock on 6.0% of all days observed) and only 4.8 days of cover at the upper forecast
BR002,MED127,Cefixime 100mg (VitaCure Remedies),Antibiotics,12,6.054,12.117,28.465,11.548,1.1429,1.1429,10.5,7.27,0,1,11,0.04932,0.304,MEDIUM,HIGH,25.0,10.5 days of cover: 12 units in stock at expected demand of 1.14 units/day,escalated from MEDIUM because of stockout history (0 days in the last 28; out of stock on 4.9% of all days observed)
BR003,MED210,Domperidone 10mg (NovaMed Laboratories),Gastrointestinal,6,1.751,3.114,7.251,5.199,0.5714,0.5714,10.5,8.08,4,4,2,0.01096,0.572,MEDIUM,HIGH,25.0,10.5 days of cover: 6 units in stock at expected demand of 0.57 units/day,escalated from MEDIUM because of stockout history (4 days in the last 28; out of stock on 1.1% of all days observed)
BR003,MED465,Vitamin C Chewable 1000mg,Vitamins,12,6.326,13.725,31.079,16.645,1.1429,1.1429,10.5,5.05,0,0,4,0.02329,0.383,MEDIUM,HIGH,25.0,10.5 days of cover: 12 units in stock at expected demand of 1.14 units/day,escalated from MEDIUM because of only 5.0 days of cover at the upper forecast
BR004,MED061,Diclofenac 50mg (Stellar Formulations),Analgesics,3,1.31,3.678,8.36,4.759,0.2857,0.2857,10.5,4.41,0,0,1,0.0137,1.01,MEDIUM,HIGH,25.0,10.5 days of cover: 3 units in stock at expected demand of 0.29 units/day,escalated from MEDIUM because of only 4.4 days of cover at the upper forecast; highly variable weekly demand (CV 1.01)
BR005,MED240,ORS Powder 21.8g (LifeSpring Pharma),Gastrointestinal,6,2.597,5.782,12.324,8.091,0.5714,0.5714,10.5,5.19,0,0,1,0.00548,0.826,MEDIUM,HIGH,25.0,10.5 days of cover: 6 units in stock at expected demand of 0.57 units/day,escalated from MEDIUM because of only 5.2 days of cover at the upper forecast
BR001,MED357,Glimepiride 2mg (Stellar Formulations),Antidiabetic,14,6.493,14.282,32.141,16.812,1.3214,1.3214,10.59,5.83,0,0,0,0.0,0.405,MEDIUM,HIGH,24.3,10.6 days of cover: 14 units in stock at expected demand of 1.32 units/day,escalated from MEDIUM because of only 5.8 days of cover at the upper forecast
BR001,MED015,Ambroxol + Levosalbutamol Syrup 100ml,Respiratory,25,15.333,30.569,64.973,25.652,2.3214,2.3214,10.77,6.82,0,0,0,0.0,0.259,MEDIUM,HIGH,23.1,10.8 days of cover: 25 units in stock at expected demand of 2.32 units/day,escalated from MEDIUM because of only 6.8 days of cover at the upper forecast
BR002,MED322,Rosuvastatin 20mg,Cardiovascular,10,4.723,10.613,25.403,10.216,0.9286,0.9286,10.77,6.85,0,0,2,0.00822,0.499,MEDIUM,HIGH,23.1,10.8 days of cover: 10 units in stock at expected demand of 0.93 units/day,escalated from MEDIUM because of only 6.9 days of cover at the upper forecast
BR003,MED202,Montelukast + Levocetirizine 10mg/5mg (Stellar Formulations),Antihistamines,10,5.333,11.367,26.96,10.827,0.9286,0.9286,10.77,6.47,0,0,5,0.01507,0.686,MEDIUM,HIGH,23.1,10.8 days of cover: 10 units in stock at expected demand of 0.93 units/day,escalated from MEDIUM because of only 6.5 days of cover at the upper forecast
BR003,MED332,Telmisartan 20mg,Cardiovascular,15,7.165,15.981,35.119,17.484,1.3929,1.3929,10.77,6.01,0,0,4,0.00959,0.522,MEDIUM,HIGH,23.1,10.8 days of cover: 15 units in stock at expected demand of 1.39 units/day,escalated from MEDIUM because of only 6.0 days of cover at the upper forecast
BR004,MED374,Glimepiride + Metformin 2mg/500mg (Stellar Formulations),Antidiabetic,5,1.343,2.903,6.288,4.791,0.4643,0.4643,10.77,7.31,0,3,8,0.02877,0.868,MEDIUM,HIGH,23.1,10.8 days of cover: 5 units in stock at expected demand of 0.46 units/day,escalated from MEDIUM because of stockout history (0 days in the last 28; out of stock on 2.9% of all days observed)
BR005,MED004,Azithromycin 500mg,Antibiotics,5,1.815,3.983,9.024,5.263,0.4643,0.4643,10.77,6.65,0,1,7,0.02329,0.597,MEDIUM,HIGH,23.1,10.8 days of cover: 5 units in stock at expected demand of 0.46 units/day,escalated from MEDIUM because of only 6.7 days of cover at the upper forecast
BR005,MED470,Vitamin C Chewable 1000mg (NovaMed Laboratories),Vitamins,10,5.025,11.345,26.283,10.518,0.9286,0.9286,10.77,6.66,0,0,2,0.0137,0.576,MEDIUM,HIGH,23.1,10.8 days of cover: 10 units in stock at expected demand of 0.93 units/day,escalated from MEDIUM because of only 6.7 days of cover at the upper forecast
BR003,MED013,Metformin 500mg,Antidiabetic,47,27.579,59.159,126.766,37.898,4.3214,4.3214,10.88,8.68,0,0,16,0.09315,0.335,MEDIUM,HIGH,22.3,10.9 days of cover: 47 units in stock at expected demand of 4.32 units/day,escalated from MEDIUM because of stockout history (0 days in the last 28; out of stock on 9.3% of all days observed)
BR001,MED343,Telmisartan 80mg (TrueLife Remedies),Cardiovascular,18,8.463,17.544,40.797,18.782,1.6429,1.6429,10.96,6.71,0,0,0,0.0,0.563,MEDIUM,HIGH,21.7,11.0 days of cover: 18 units in stock at expected demand of 1.64 units/day,escalated from MEDIUM because of only 6.7 days of cover at the upper forecast
BR002,MED042,Aspirin 75mg,Cardiovascular,18,8.54,18.388,40.975,18.859,1.6429,1.6429,10.96,6.68,0,2,2,0.00411,0.348,MEDIUM,HIGH,21.7,11.0 days of cover: 18 units in stock at expected demand of 1.64 units/day,escalated from MEDIUM because of only 6.7 days of cover at the upper forecast
BR003,MED171,Cetirizine 5mg (Stellar Formulations),Antihistamines,9,4.83,10.249,24.081,10.324,0.8214,0.8214,10.96,6.1,3,6,9,0.03562,0.644,MEDIUM,HIGH,21.7,11.0 days of cover: 9 units in stock at expected demand of 0.82 units/day,escalated from MEDIUM because of stockout history (3 days in the last 28; out of stock on 3.6% of all days observed) and only 6.1 days of cover at the upper forecast
BR003,MED239,ORS Powder 21.8g (HealthAxis Pharma),Gastrointestinal,61,35.76,73.879,157.441,46.079,5.5357,5.5357,11.02,9.27,0,0,6,0.03425,0.282,MEDIUM,HIGH,21.3,11.0 days of cover: 61 units in stock at expected demand of 5.54 units/day,escalated from MEDIUM because of stockout history (0 days in the last 28; out of stock on 3.4% of all days observed)
BR001,MED038,Losartan 50mg,Cardiovascular,13,4.668,10.264,23.631,10.161,1.1786,1.1786,11.03,8.96,3,3,1,0.00411,0.809,MEDIUM,HIGH,21.2,11.0 days of cover: 13 units in stock at expected demand of 1.18 units/day,escalated from MEDIUM because of stockout history (3 days in the last 28; out of stock on 0.4% of all days observed)
BR004,MED468,Vitamin C Chewable 1000mg (CarePlus Laboratories),Vitamins,15,7.133,15.045,33.498,17.451,1.3571,1.3571,11.05,6.02,0,0,6,0.02603,0.59,MEDIUM,HIGH,21.1,11.1 days of cover: 15 units in stock at expected demand of 1.36 units/day,escalated from MEDIUM because of stockout history (0 days in the last 28; out of stock on 2.6% of all days observed) and only 6.0 days of cover at the upper forecast
BR002,MED385,Metformin 850mg,Antidiabetic,72,42.471,87.689,185.306,52.789,6.5,6.5,11.08,9.55,0,0,4,0.03288,0.312,MEDIUM,HIGH,20.9,11.1 days of cover: 72 units in stock at expected demand of 6.50 units/day,escalated from MEDIUM because of stockout history (0 days in the last 28; out of stock on 3.3% of all days observed)
BR005,MED005,Paracetamol 650mg,Antipyretics,36,21.218,40.71,86.588,31.537,3.25,3.25,11.08,7.99,0,8,20,0.05753,0.317,MEDIUM,HIGH,20.9,11.1 days of cover: 36 units in stock at expected demand of 3.25 units/day,escalated from MEDIUM because of stockout history (0 days in the last 28; out of stock on 5.8% of all days observed)
BR001,MED301,Losartan 25mg (CarePlus Laboratories),Cardiovascular,96,60.506,114.735,247.193,70.825,7.9286,8.6437,11.11,9.49,4,6,3,0.01507,0.291,MEDIUM,HIGH,20.7,11.1 days of cover: 96 units in stock at expected demand of 8.64 units/day,escalated from MEDIUM because of stockout history (4 days in the last 28; out of stock on 1.5% of all days observed)
BR005,MED011,Amlodipine 5mg,Cardiovascular,102,59.544,119.692,261.242,69.863,9.1786,9.1786,11.11,10.22,0,0,11,0.04384,0.228,MEDIUM,HIGH,20.6,11.1 days of cover: 102 units in stock at expected demand of 9.18 units/day,escalated from MEDIUM because of stockout history (0 days in the last 28; out of stock on 4.4% of all days observed)
BR005,MED299,Losartan 50mg (NovaMed Laboratories),Cardiovascular,70,41.413,85.659,185.75,51.732,6.2857,6.2857,11.14,9.47,0,0,5,0.02603,0.238,MEDIUM,HIGH,20.5,11.1 days of cover: 70 units in stock at expected demand of 6.29 units/day,escalated from MEDIUM because of stockout history (0 days in the last 28; out of stock on 2.6% of all days observed)
BR001,MED004,Azithromycin 500mg,Antibiotics,4,1.886,4.401,9.314,5.334,0.3571,0.3571,11.2,5.25,0,0,7,0.02877,0.714,MEDIUM,HIGH,20.0,11.2 days of cover: 4 units in stock at expected demand of 0.36 units/day,escalated from MEDIUM because of stockout history (0 days in the last 28; out of stock on 2.9% of all days observed) and only 5.2 days of cover at the upper forecast
BR001,MED364,Glimepiride 1mg (TrueLife Remedies),Antidiabetic,14,7.005,14.741,33.785,17.324,1.25,1.25,11.2,5.66,0,0,4,0.00822,0.498,MEDIUM,HIGH,20.0,11.2 days of cover: 14 units in stock at expected demand of 1.25 units/day,escalated from MEDIUM because of only 5.7 days of cover at the upper forecast
BR001,MED463,Vitamin C Chewable 500mg (HealthAxis Pharma),Vitamins,6,2.342,5.491,12.908,7.835,0.5357,0.5357,11.2,5.36,0,0,3,0.00548,0.722,MEDIUM,HIGH,20.0,11.2 days of cover: 6 units in stock at expected demand of 0.54 units/day,escalated from MEDIUM because of only 5.4 days of cover at the upper forecast
BR001,MED497,Mupirocin Ointment 2% (CarePlus Laboratories),Dermatological,4,1.786,4.017,8.437,5.235,0.3571,0.3571,11.2,5.35,0,4,5,0.02055,0.597,MEDIUM,HIGH,20.0,11.2 days of cover: 4 units in stock at expected demand of 0.36 units/day,escalated from MEDIUM because of only 5.3 days of cover at the upper forecast
BR002,MED095,Amoxicillin 250mg,Antibiotics,6,2.435,4.746,11.389,7.928,0.5357,0.5357,11.2,5.3,0,1,5,0.01233,0.501,MEDIUM,HIGH,20.0,11.2 days of cover: 6 units in stock at expected demand of 0.54 units/day,escalated from MEDIUM because of only 5.3 days of cover at the upper forecast
BR002,MED135,Mefenamic Acid 250mg (ApexLife Pharma),Antipyretics,8,3.562,7.02,17.709,9.055,0.7143,0.7143,11.2,6.18,0,5,8,0.03425,0.372,MEDIUM,HIGH,20.0,11.2 days of cover: 8 units in stock at expected demand of 0.71 units/day,escalated from MEDIUM because of stockout history (0 days in the last 28; out of stock on 3.4% of all days observed) and only 6.2 days of cover at the upper forecast
BR003,MED130,Ciprofloxacin 250mg (LifeSpring Pharma),Antibiotics,16,7.271,14.646,33.018,17.59,1.4286,1.4286,11.2,6.37,0,3,4,0.01096,0.359,MEDIUM,HIGH,20.0,11.2 days of cover: 16 units in stock at expected demand of 1.43 units/day,escalated from MEDIUM because of only 6.4 days of cover at the upper forecast
BR004,MED089,Paracetamol 500mg (Aarogya Formulations),Analgesics,4,1.207,2.716,6.208,4.655,0.3571,0.3571,11.2,6.02,0,0,0,0.0,1.257,MEDIUM,HIGH,20.0,11.2 days of cover: 4 units in stock at expected demand of 0.36 units/day,escalated from MEDIUM because of only 6.0 days of cover at the upper forecast; highly variable weekly demand (CV 1.26)
BR004,MED155,Paracetamol Suspension 250mg/5ml (CureLine Healthcare),Antipyretics,12,4.333,9.564,21.193,9.827,1.0714,1.0714,11.2,8.55,2,6,17,0.04795,0.428,MEDIUM,HIGH,20.0,11.2 days of cover: 12 units in stock at expected demand of 1.07 units/day,escalated from MEDIUM because of stockout history (2 days in the last 28; out of stock on 4.8% of all days observed)
BR005,MED349,Gliclazide 40mg,Antidiabetic,12,5.884,12.005,26.527,11.377,1.0714,1.0714,11.2,7.38,0,3,5,0.02603,0.743,MEDIUM,HIGH,20.0,11.2 days of cover: 12 units in stock at expected demand of 1.07 units/day,escalated from MEDIUM because of stockout history (0 days in the last 28; out of stock on 2.6% of all days observed)
BR003,MED460,Multivitamin B-complex+C (TrueLife Remedies),Vitamins,17,8.096,16.782,37.085,18.415,1.5,1.5,11.33,6.46,0,0,0,0.0,0.587,MEDIUM,HIGH,19.0,11.3 days of cover: 17 units in stock at expected demand of 1.50 units/day,escalated from MEDIUM because of only 6.5 days of cover at the upper forecast
BR001,MED215,Omeprazole 20mg (CarePlus Laboratories),Gastrointestinal,13,6.271,12.863,28.504,16.59,1.1429,1.1429,11.38,5.49,0,0,3,0.00548,0.45,MEDIUM,HIGH,18.8,11.4 days of cover: 13 units in stock at expected demand of 1.14 units/day,escalated from MEDIUM because of only 5.5 days of cover at the upper forecast
BR003,MED327,Telmisartan 40mg (Aarogya Formulations),Cardiovascular,145,74.983,145.173,314.89,85.302,12.75,12.75,11.37,11.9,0,3,20,0.07534,0.307,MEDIUM,HIGH,18.8,11.4 days of cover: 145 units in stock at expected demand of 12.75 units/day,escalated from MEDIUM because of stockout history (0 days in the last 28; out of stock on 7.5% of all days observed)
BR002,MED001,Paracetamol 500mg,Analgesics,36,21.433,41.493,93.101,31.752,3.1429,3.1429,11.45,7.94,0,2,6,0.02877,0.228,MEDIUM,HIGH,18.2,11.5 days of cover: 36 units in stock at expected demand of 3.14 units/day,escalated from MEDIUM because of stockout history (0 days in the last 28; out of stock on 2.9% of all days observed)
BR002,MED091,Paracetamol 500mg (HealthAxis Pharma),Analgesics,18,8.374,17.562,39.798,18.692,1.5714,1.5714,11.45,6.74,0,2,8,0.03836,0.373,MEDIUM,HIGH,18.2,11.5 days of cover: 18 units in stock at expected demand of 1.57 units/day,escalated from MEDIUM because of stockout history (0 days in the last 28; out of stock on 3.8% of all days observed) and only 6.7 days of cover at the upper forecast
BR004,MED245,Pantoprazole 40mg (BlueCrest Pharma),Gastrointestinal,9,4.486,9.398,20.946,9.979,0.7857,0.7857,11.45,6.31,0,0,4,0.00959,0.467,MEDIUM,HIGH,18.2,11.5 days of cover: 9 units in stock at expected demand of 0.79 units/day,escalated from MEDIUM because of only 6.3 days of cover at the upper forecast
BR005,MED366,Glimepiride 3mg (ApexLife Pharma),Antidiabetic,18,8.168,17.89,41.265,18.487,1.5714,1.5714,11.45,6.82,0,3,3,0.01096,0.363,MEDIUM,HIGH,18.2,11.5 days of cover: 18 units in stock at expected demand of 1.57 units/day,escalated from MEDIUM because of only 6.8 days of cover at the upper forecast
BR001,MED303,Losartan 25mg (NovaMed Laboratories),Cardiovascular,7,2.38,5.335,11.434,7.873,0.6071,0.6071,11.53,6.22,0,0,1,0.00822,1.181,MEDIUM,HIGH,17.6,11.5 days of cover: 7 units in stock at expected demand of 0.61 units/day,escalated from MEDIUM because of only 6.2 days of cover at the upper forecast; highly variable weekly demand (CV 1.18)
BR002,MED096,Amoxicillin 250mg (CureLine Healthcare),Antibiotics,7,2.953,5.883,13.337,8.447,0.6071,0.6071,11.53,5.8,0,0,4,0.01096,0.598,MEDIUM,HIGH,17.6,11.5 days of cover: 7 units in stock at expected demand of 0.61 units/day,escalated from MEDIUM because of only 5.8 days of cover at the upper forecast
BR001,MED040,Rosuvastatin 10mg,Cardiovascular,22,7.691,15.553,37.14,18.01,1.8929,1.8929,11.62,8.55,3,5,8,0.02329,0.513,MEDIUM,HIGH,17.0,11.6 days of cover: 22 units in stock at expected demand of 1.89 units/day,escalated from MEDIUM because of stockout history (3 days in the last 28; out of stock on 2.3% of all days observed)
BR001,MED415,Budesonide Inhaler 100mcg,Respiratory,5,2.359,5.096,11.016,7.853,0.4286,0.4286,11.67,4.46,0,0,8,0.03562,0.812,MEDIUM,HIGH,16.7,11.7 days of cover: 5 units in stock at expected demand of 0.43 units/day,escalated from MEDIUM because of stockout history (0 days in the last 28; out of stock on 3.6% of all days observed) and only 4.5 days of cover at the upper forecast
BR002,MED003,Amoxicillin 500mg,Antibiotics,5,1.948,4.288,9.995,5.396,0.4286,0.4286,11.67,6.49,0,1,4,0.00822,0.699,MEDIUM,HIGH,16.7,11.7 days of cover: 5 units in stock at expected demand of 0.43 units/day,escalated from MEDIUM because of only 6.5 days of cover at the upper forecast
BR003,MED480,Calamine Lotion 100ml (Stellar Formulations),Dermatological,5,2.138,4.308,9.521,7.632,0.4286,0.4286,11.67,4.59,0,7,16,0.05342,0.557,MEDIUM,HIGH,16.7,11.7 days of cover: 5 units in stock at expected demand of 0.43 units/day,escalated from MEDIUM because of stockout history (0 days in the last 28; out of stock on 5.3% of all days observed) and only 4.6 days of cover at the upper forecast
BR003,MED490,Hydrocortisone Cream 1% (CarePlus Laboratories),Dermatological,5,2.058,4.445,9.775,5.506,0.4286,0.4286,11.67,6.36,0,5,8,0.03425,0.569,MEDIUM,HIGH,16.7,11.7 days of cover: 5 units in stock at expected demand of 0.43 units/day,escalated from MEDIUM because of stockout history (0 days in the last 28; out of stock on 3.4% of all days observed) and only 6.4 days of cover at the upper forecast
BR005,MED327,Telmisartan 40mg (Aarogya Formulations),Cardiovascular,146,76.083,145.151,313.559,86.402,12.4286,12.4286,11.75,11.83,0,1,15,0.03836,0.239,MEDIUM,HIGH,16.1,11.7 days of cover: 146 units in stock at expected demand of 12.43 units/day,escalated from MEDIUM because of stockout history (0 days in the last 28; out of stock on 3.8% of all days observed)
BR002,MED086,Naproxen 500mg (CarePlus Laboratories),Analgesics,70,41.608,82.981,180.369,51.927,5.9286,5.944,11.78,9.44,0,0,6,0.04795,0.188,MEDIUM,HIGH,15.9,11.8 days of cover: 70 units in stock at expected demand of 5.94 units/day,escalated from MEDIUM because of stockout history (0 days in the last 28; out of stock on 4.8% of all days observed)
BR002,MED158,Paracetamol Suspension 125mg/5ml (LifeSpring Pharma),Antipyretics,22,12.127,23.311,47.726,22.446,1.8571,1.8571,11.85,6.86,6,6,13,0.04658,0.349,MEDIUM,HIGH,15.4,11.8 days of cover: 22 units in stock at expected demand of 1.86 units/day,escalated from MEDIUM because of stockout history (6 days in the last 28; out of stock on 4.7% of all days observed) and only 6.9 days of cover at the upper forecast
BR001,MED073,Ibuprofen 200mg,Analgesics,14,6.378,13.77,31.393,16.697,1.1786,1.1786,11.88,5.87,0,0,2,0.0137,0.351,MEDIUM,HIGH,15.2,11.9 days of cover: 14 units in stock at expected demand of 1.18 units/day,escalated from MEDIUM because of only 5.9 days of cover at the upper forecast
BR002,MED064,Diclofenac 100mg,Analgesics,6,2.574,6.011,14.112,8.067,0.5,0.5,12.0,5.21,0,1,2,0.00548,0.749,MEDIUM,HIGH,14.3,12.0 days of cover: 6 units in stock at expected demand of 0.50 units/day,escalated from MEDIUM because of only 5.2 days of cover at the upper forecast
BR002,MED283,Atorvastatin 10mg (LifeSpring Pharma),Cardiovascular,9,3.714,8.71,18.995,9.207,0.75,0.75,12.0,6.84,0,0,5,0.03425,0.561,MEDIUM,HIGH,14.3,12.0 days of cover: 9 units in stock at expected demand of 0.75 units/day,escalated from MEDIUM because of stockout history (0 days in the last 28; out of stock on 3.4% of all days observed) and only 6.8 days of cover at the upper forecast
BR002,MED429,Montelukast 5mg (TrueLife Remedies),Respiratory,9,4.206,9.562,21.684,9.7,0.75,0.75,12.0,6.49,0,4,11,0.03562,0.708,MEDIUM,HIGH,14.3,12.0 days of cover: 9 units in stock at expected demand of 0.75 units/day,escalated from MEDIUM because of stockout history (0 days in the last 28; out of stock on 3.6% of all days observed) and only 6.5 days of cover at the upper forecast
BR003,MED121,Cefixime 200mg (CureLine Healthcare),Antibiotics,3,0.846,2.079,4.505,3.145,0.25,0.25,12.0,6.68,0,0,2,0.01233,1.007,MEDIUM,HIGH,14.3,12.0 days of cover: 3 units in stock at expected demand of 0.25 units/day,escalated from MEDIUM because of only 6.7 days of cover at the upper forecast; highly variable weekly demand (CV 1.01)
BR003,MED311,Metoprolol 25mg (CureLine Healthcare),Cardiovascular,15,7.005,14.77,34.464,17.324,1.25,1.25,12.0,6.06,0,4,3,0.00822,0.6,MEDIUM,HIGH,14.3,12.0 days of cover: 15 units in stock at expected demand of 1.25 units/day,escalated from MEDIUM because of only 6.1 days of cover at the upper forecast
BR004,MED106,Amoxicillin + Clavulanic Acid 375mg (Summit Lifesciences),Antibiotics,3,0.752,1.607,4.238,3.05,0.25,0.25,12.0,6.89,0,0,5,0.01507,0.968,MEDIUM,HIGH,14.3,12.0 days of cover: 3 units in stock at expected demand of 0.25 units/day,escalated from MEDIUM because of only 6.9 days of cover at the upper forecast
BR003,MED443,Calcium + Vitamin D3 500mg/250IU (ApexLife Pharma),Vitamins,16,7.856,16.213,35.602,18.175,1.3214,1.3214,12.11,6.16,0,0,5,0.02192,0.347,MEDIUM,HIGH,13.5,12.1 days of cover: 16 units in stock at expected demand of 1.32 units/day,escalated from MEDIUM because of only 6.2 days of cover at the upper forecast
BR004,MED381,Glimepiride + Metformin 1mg/500mg (Zenith BioPharma),Antidiabetic,80,46.074,87.793,199.731,56.393,6.5714,6.582,12.15,9.93,0,4,19,0.05616,0.183,MEDIUM,HIGH,13.2,12.2 days of cover: 80 units in stock at expected demand of 6.58 units/day,escalated from MEDIUM because of stockout history (0 days in the last 28; out of stock on 5.6% of all days observed)
BR005,MED142,Mefenamic Acid 500mg (Kavach Healthcare),Antipyretics,33,18.138,35.683,77.988,28.457,2.7143,2.7143,12.16,8.12,3,3,20,0.05753,0.329,MEDIUM,HIGH,13.2,12.2 days of cover: 33 units in stock at expected demand of 2.71 units/day,escalated from MEDIUM because of stockout history (3 days in the last 28; out of stock on 5.8% of all days observed)
BR002,MED083,Naproxen 250mg (HealthAxis Pharma),Analgesics,7,3.211,6.743,15.169,8.705,0.5714,0.5714,12.25,5.63,0,1,5,0.01507,0.837,MEDIUM,HIGH,12.5,12.2 days of cover: 7 units in stock at expected demand of 0.57 units/day,escalated from MEDIUM because of only 5.6 days of cover at the upper forecast
BR003,MED096,Amoxicillin 250mg (CureLine Healthcare),Antibiotics,7,2.813,6.147,13.866,8.306,0.5714,0.5714,12.25,5.9,0,0,3,0.0137,0.444,MEDIUM,HIGH,12.5,12.2 days of cover: 7 units in stock at expected demand of 0.57 units/day,escalated from MEDIUM because of only 5.9 days of cover at the upper forecast
BR005,MED497,Mupirocin Ointment 2% (CarePlus Laboratories),Dermatological,7,2.547,5.282,10.015,8.041,0.5714,0.5714,12.25,6.09,1,4,7,0.01918,0.593,MEDIUM,HIGH,12.5,12.2 days of cover: 7 units in stock at expected demand of 0.57 units/day,escalated from MEDIUM because of only 6.1 days of cover at the upper forecast
BR004,MED219,Omeprazole 20mg (TrueLife Remedies),Gastrointestinal,18,6.401,13.406,30.31,16.72,1.4643,1.4643,12.29,7.54,5,5,2,0.00685,0.325,MEDIUM,HIGH,12.2,12.3 days of cover: 18 units in stock at expected demand of 1.46 units/day,escalated from MEDIUM because of stockout history (5 days in the last 28; out of stock on 0.7% of all days observed)
BR002,MED256,Amlodipine 5mg (BlueCrest Pharma),Cardiovascular,16,6.504,14.434,32.758,16.823,1.2857,1.2857,12.44,6.66,0,0,1,0.00548,0.542,MEDIUM,HIGH,11.1,12.4 days of cover: 16 units in stock at expected demand of 1.29 units/day,escalated from MEDIUM because of only 6.7 days of cover at the upper forecast
BR003,MED040,Rosuvastatin 10mg,Cardiovascular,24,9.823,19.85,46.868,20.141,1.9286,1.9286,12.44,8.34,0,3,7,0.02603,0.488,MEDIUM,HIGH,11.1,12.4 days of cover: 24 units in stock at expected demand of 1.93 units/day,escalated from MEDIUM because of stockout history (0 days in the last 28; out of stock on 2.6% of all days observed)
BR004,MED048,Dextromethorphan Syrup 100ml,Respiratory,17,8.019,16.283,35.402,18.338,1.3571,1.3571,12.53,6.49,0,0,5,0.01644,0.604,MEDIUM,HIGH,10.5,12.5 days of cover: 17 units in stock at expected demand of 1.36 units/day,escalated from MEDIUM because of only 6.5 days of cover at the upper forecast
BR005,MED013,Metformin 500mg,Antidiabetic,58,30.829,62.439,134.402,41.148,4.6071,4.6071,12.59,9.87,1,11,28,0.09589,0.226,MEDIUM,HIGH,10.1,12.6 days of cover: 58 units in stock at expected demand of 4.61 units/day,escalated from MEDIUM because of stockout history (1 days in the last 28; out of stock on 9.6% of all days observed)
BR004,MED135,Mefenamic Acid 250mg (ApexLife Pharma),Antipyretics,9,3.79,7.982,17.246,9.284,0.7143,0.7143,12.6,6.79,0,2,6,0.02055,0.462,MEDIUM,HIGH,10.0,12.6 days of cover: 9 units in stock at expected demand of 0.71 units/day,escalated from MEDIUM because of only 6.8 days of cover at the upper forecast
BR003,MED445,Calcium + Vitamin D3 500mg/250IU (HealthAxis Pharma),Vitamins,16,7.303,15.17,33.372,17.622,1.25,1.25,12.8,6.36,0,0,1,0.00411,0.369,MEDIUM,HIGH,8.6,12.8 days of cover: 16 units in stock at expected demand of 1.25 units/day,escalated from MEDIUM because of only 6.4 days of cover at the upper forecast
BR004,MED320,Rosuvastatin 5mg (Stellar Formulations),Cardiovascular,16,6.371,13.715,30.906,16.69,1.25,1.25,12.8,6.71,0,0,0,0.0,0.59,MEDIUM,HIGH,8.6,12.8 days of cover: 16 units in stock at expected demand of 1.25 units/day,escalated from MEDIUM because of only 6.7 days of cover at the upper forecast
BR003,MED144,Mefenamic Acid 500mg (NovaMed Laboratories),Antipyretics,16,8.69,17.149,39.12,19.009,1.2143,1.2414,12.89,5.89,9,9,19,0.08219,0.417,MEDIUM,HIGH,7.9,12.9 days of cover: 16 units in stock at expected demand of 1.24 units/day,escalated from MEDIUM because of stockout history (9 days in the last 28; out of stock on 8.2% of all days observed) and only 5.9 days of cover at the upper forecast
BR002,MED171,Cetirizine 5mg (Stellar Formulations),Antihistamines,8,3.17,6.461,15.0,8.663,0.6071,0.6071,13.18,6.46,0,0,7,0.03014,0.683,MEDIUM,HIGH,5.9,13.2 days of cover: 8 units in stock at expected demand of 0.61 units/day,escalated from MEDIUM because of stockout history (0 days in the last 28; out of stock on 3.0% of all days observed) and only 6.5 days of cover at the upper forecast
BR002,MED398,Sitagliptin 50mg (ApexLife Pharma),Antidiabetic,8,2.909,6.816,15.792,8.403,0.6071,0.6071,13.18,6.66,0,0,1,0.00411,0.742,MEDIUM,HIGH,5.9,13.2 days of cover: 8 units in stock at expected demand of 0.61 units/day,escalated from MEDIUM because of only 6.7 days of cover at the upper forecast
BR003,MED194,Levocetirizine 5mg (NovaMed Laboratories),Antihistamines,8,3.499,7.448,18.05,8.992,0.6071,0.6071,13.18,6.23,0,2,2,0.00959,0.656,MEDIUM,HIGH,5.9,13.2 days of cover: 8 units in stock at expected demand of 0.61 units/day,escalated from MEDIUM because of only 6.2 days of cover at the upper forecast
BR001,MED326,Rosuvastatin 20mg (VitaCure Remedies),Cardiovascular,100,52.681,104.84,225.763,63.0,7.5,7.5259,13.29,11.11,0,1,13,0.02603,0.207,MEDIUM,HIGH,5.1,13.3 days of cover: 100 units in stock at expected demand of 7.53 units/day,escalated from MEDIUM because of stockout history (0 days in the last 28; out of stock on 2.6% of all days observed)
BR004,MED091,Paracetamol 500mg (HealthAxis Pharma),Analgesics,25,11.795,24.878,53.42,22.114,1.8571,1.8571,13.46,7.91,0,0,9,0.04795,0.324,MEDIUM,HIGH,3.8,13.5 days of cover: 25 units in stock at expected demand of 1.86 units/day,escalated from MEDIUM because of stockout history (0 days in the last 28; out of stock on 4.8% of all days observed)
BR002,MED386,Metformin 850mg (CureLine Healthcare),Antidiabetic,13,4.532,9.968,23.268,10.025,0.9643,0.9643,13.48,9.08,0,0,10,0.03425,0.694,MEDIUM,HIGH,3.7,13.5 days of cover: 13 units in stock at expected demand of 0.96 units/day,escalated from MEDIUM because of stockout history (0 days in the last 28; out of stock on 3.4% of all days observed)
BR005,MED416,Dextromethorphan Syrup 100ml (HealthAxis Pharma),Respiratory,15,6.223,12.486,28.216,11.716,1.1071,1.1071,13.55,8.96,0,1,5,0.03151,0.527,MEDIUM,HIGH,3.2,13.5 days of cover: 15 units in stock at expected demand of 1.11 units/day,escalated from MEDIUM because of stockout history (0 days in the last 28; out of stock on 3.2% of all days observed)
BR003,MED219,Omeprazole 20mg (TrueLife Remedies),Gastrointestinal,16,6.448,13.508,29.006,16.766,1.1786,1.1786,13.58,6.68,0,0,2,0.0137,0.38,MEDIUM,HIGH,3.0,13.6 days of cover: 16 units in stock at expected demand of 1.18 units/day,escalated from MEDIUM because of only 6.7 days of cover at the upper forecast
BR004,MED280,Aspirin 150mg (TrueLife Remedies),Cardiovascular,16,6.549,14.302,32.932,16.868,1.1786,1.1786,13.58,6.64,0,0,3,0.00822,0.498,MEDIUM,HIGH,3.0,13.6 days of cover: 16 units in stock at expected demand of 1.18 units/day,escalated from MEDIUM because of only 6.6 days of cover at the upper forecast
BR004,MED013,Metformin 500mg,Antidiabetic,42,19.628,38.039,85.36,29.947,3.0357,3.0357,13.84,9.82,0,5,21,0.10137,0.435,MEDIUM,HIGH,1.2,13.8 days of cover: 42 units in stock at expected demand of 3.04 units/day,escalated from MEDIUM because of stockout history (0 days in the last 28; out of stock on 10.1% of all days observed)
BR005,MED269,Amlodipine 10mg (Stellar Formulations),Cardiovascular,83,65.287,129.002,283.461,75.606,10.5357,10.5357,7.88,7.68,0,2,5,0.01644,0.265,MEDIUM,MEDIUM,43.7,7.9 days of cover: 83 units in stock at expected demand of 10.54 units/day,
BR005,MED117,Azithromycin 250mg (LifeSpring Pharma),Antibiotics,62,48.276,91.411,205.687,58.595,7.5357,7.5357,8.23,7.41,0,9,3,0.01781,0.305,MEDIUM,MEDIUM,41.2,8.2 days of cover: 62 units in stock at expected demand of 7.54 units/day,
BR005,MED301,Losartan 25mg (CarePlus Laboratories),Cardiovascular,80,60.018,125.709,267.312,70.337,9.5,9.5,8.42,7.96,0,0,2,0.00274,0.312,MEDIUM,MEDIUM,39.8,8.4 days of cover: 80 units in stock at expected demand of 9.50 units/day,
BR004,MED314,Rosuvastatin 10mg (BlueCrest Pharma),Cardiovascular,12,4.742,10.8,25.329,10.235,1.3929,1.3929,8.62,8.21,1,2,4,0.00959,0.583,MEDIUM,MEDIUM,38.5,8.6 days of cover: 12 units in stock at expected demand of 1.39 units/day,
BR003,MED272,Aspirin 75mg (BlueCrest Pharma),Cardiovascular,66,50.798,102.441,217.975,61.117,7.4643,7.4643,8.84,7.56,0,0,2,0.01507,0.354,MEDIUM,MEDIUM,36.8,8.8 days of cover: 66 units in stock at expected demand of 7.46 units/day,
BR001,MED269,Amlodipine 10mg (Stellar Formulations),Cardiovascular,105,73.141,145.846,313.683,83.46,11.75,11.75,8.94,8.81,0,1,2,0.00959,0.168,MEDIUM,MEDIUM,36.2,8.9 days of cover: 105 units in stock at expected demand of 11.75 units/day,
BR002,MED249,Pantoprazole 20mg,Gastrointestinal,12,6.146,12.668,28.358,11.639,1.3214,1.3214,9.08,7.22,2,4,7,0.01644,0.353,MEDIUM,MEDIUM,35.1,9.1 days of cover: 12 units in stock at expected demand of 1.32 units/day,
BR002,MED236,Ondansetron 8mg (LifeSpring Pharma),Gastrointestinal,39,25.901,56.599,121.315,36.22,4.2857,4.2857,9.1,7.54,0,0,0,0.0,0.242,MEDIUM,MEDIUM,35.0,9.1 days of cover: 39 units in stock at expected demand of 4.29 units/day,
BR003,MED383,Metformin 500mg (Stellar Formulations),Antidiabetic,65,48.065,96.205,207.816,58.384,7.0357,7.0357,9.24,7.79,0,0,6,0.02055,0.194,MEDIUM,MEDIUM,34.0,9.2 days of cover: 65 units in stock at expected demand of 7.04 units/day,
BR003,MED352,Gliclazide 40mg (NovaMed Laboratories),Antidiabetic,3,0.567,1.058,2.785,2.214,0.3214,0.3214,9.33,9.49,0,0,0,0.0,2.734,MEDIUM,MEDIUM,33.3,9.3 days of cover: 3 units in stock at expected demand of 0.32 units/day,highly variable weekly demand (CV 2.73)
BR003,MED113,Azithromycin 250mg (BlueCrest Pharma),Antibiotics,52,35.824,73.019,156.682,46.143,5.5,5.5,9.45,7.89,0,0,1,0.00959,0.213,MEDIUM,MEDIUM,32.5,9.5 days of cover: 52 units in stock at expected demand of 5.50 units/day,
BR003,MED043,Glimepiride + Metformin 2mg/500mg,Antidiabetic,52,37.017,74.202,164.241,47.336,5.4286,5.4286,9.58,7.69,0,0,1,0.00137,0.278,MEDIUM,MEDIUM,31.6,9.6 days of cover: 52 units in stock at expected demand of 5.43 units/day,
BR002,MED459,Multivitamin B-complex+C (Summit Lifesciences),Vitamins,36,23.906,46.937,104.081,34.225,3.75,3.75,9.6,7.36,0,7,5,0.02466,0.326,MEDIUM,MEDIUM,31.4,9.6 days of cover: 36 units in stock at expected demand of 3.75 units/day,
BR001,MED033,Omeprazole 20mg,Gastrointestinal,54,35.658,73.341,157.592,45.977,5.5357,5.5357,9.75,8.22,0,1,2,0.00685,0.179,MEDIUM,MEDIUM,30.3,9.8 days of cover: 54 units in stock at expected demand of 5.54 units/day,
BR004,MED459,Multivitamin B-complex+C (Summit Lifesciences),Vitamins,37,24.619,49.342,107.762,34.938,3.75,3.75,9.87,7.41,0,4,1,0.00548,0.249,MEDIUM,MEDIUM,29.5,9.9 days of cover: 37 units in stock at expected demand of 3.75 units/day,
BR003,MED385,Metformin 850mg,Antidiabetic,99,66.108,127.318,281.568,76.427,9.9286,9.9286,9.97,9.07,0,4,4,0.00959,0.24,MEDIUM,MEDIUM,28.8,10.0 days of cover: 99 units in stock at expected demand of 9.93 units/day,
BR002,MED241,ORS Powder 21.8g (Stellar Formulations),Gastrointestinal,12,6.056,12.689,28.547,11.55,1.1786,1.1786,10.18,7.27,0,0,2,0.00411,0.405,MEDIUM,MEDIUM,27.3,10.2 days of cover: 12 units in stock at expected demand of 1.18 units/day,
BR003,MED405,Sitagliptin 50mg (TrueLife Remedies),Antidiabetic,4,0.958,2.024,5.912,3.256,0.3929,0.3929,10.18,8.6,0,0,3,0.0137,1.5,MEDIUM,MEDIUM,27.3,10.2 days of cover: 4 units in stock at expected demand of 0.39 units/day,highly variable weekly demand (CV 1.50)
BR004,MED291,Atorvastatin 40mg (VitaCure Remedies),Cardiovascular,4,0.706,1.528,4.246,3.004,0.3929,0.3929,10.18,9.32,0,0,1,0.00548,1.814,MEDIUM,MEDIUM,27.3,10.2 days of cover: 4 units in stock at expected demand of 0.39 units/day,highly variable weekly demand (CV 1.81)
BR005,MED043,Glimepiride + Metformin 2mg/500mg,Antidiabetic,56,35.191,72.041,160.257,45.51,5.5,5.5,10.18,8.61,0,0,1,0.00548,0.229,MEDIUM,MEDIUM,27.3,10.2 days of cover: 56 units in stock at expected demand of 5.50 units/day,
BR003,MED270,Aspirin 75mg (Aarogya Formulations),Cardiovascular,24,13.017,27.147,59.706,23.335,2.3214,2.3214,10.34,7.2,0,0,1,0.00137,0.522,MEDIUM,MEDIUM,26.2,10.3 days of cover: 24 units in stock at expected demand of 2.32 units/day,
BR001,MED202,Montelukast + Levocetirizine 10mg/5mg (Stellar Formulations),Antihistamines,12,6.115,12.852,29.403,11.609,1.1429,1.1429,10.5,7.24,0,0,3,0.01233,0.555,MEDIUM,MEDIUM,25.0,10.5 days of cover: 12 units in stock at expected demand of 1.14 units/day,
BR002,MED384,Metformin 500mg (TrueLife Remedies),Antidiabetic,6,1.402,2.994,6.827,4.85,0.5714,0.5714,10.5,8.66,0,0,1,0.00548,1.513,MEDIUM,MEDIUM,25.0,10.5 days of cover: 6 units in stock at expected demand of 0.57 units/day,highly variable weekly demand (CV 1.51)
BR003,MED261,Amlodipine 2.5mg,Cardiovascular,6,1.221,2.919,6.505,4.669,0.5714,0.5714,10.5,9.0,0,0,0,0.0,2.426,MEDIUM,MEDIUM,25.0,10.5 days of cover: 6 units in stock at expected demand of 0.57 units/day,highly variable weekly demand (CV 2.43)
BR005,MED080,Ibuprofen 600mg (HealthAxis Pharma),Analgesics,6,2.025,5.023,10.229,5.473,0.5714,0.5714,10.5,7.67,0,4,5,0.02466,0.672,MEDIUM,MEDIUM,25.0,10.5 days of cover: 6 units in stock at expected demand of 0.57 units/day,
BR002,MED396,Sitagliptin 100mg (HealthAxis Pharma),Antidiabetic,87,53.754,106.904,228.673,64.073,8.25,8.25,10.55,9.5,0,0,0,0.0,0.221,MEDIUM,MEDIUM,24.7,10.5 days of cover: 87 units in stock at expected demand of 8.25 units/day,
BR003,MED280,Aspirin 150mg (TrueLife Remedies),Cardiovascular,20,9.261,20.128,44.517,19.58,1.8929,1.8929,10.57,7.15,0,0,1,0.00274,0.489,MEDIUM,MEDIUM,24.5,10.6 days of cover: 20 units in stock at expected demand of 1.89 units/day,
BR004,MED299,Losartan 50mg (NovaMed Laboratories),Cardiovascular,56,35.189,69.98,154.72,45.507,5.2143,5.2143,10.74,8.61,0,2,6,0.01233,0.254,MEDIUM,MEDIUM,23.3,10.7 days of cover: 56 units in stock at expected demand of 5.21 units/day,
BR003,MED012,Atorvastatin 10mg,Cardiovascular,55,33.371,67.904,148.895,43.69,5.1071,5.1071,10.77,8.81,0,0,1,0.00137,0.22,MEDIUM,MEDIUM,23.1,10.8 days of cover: 55 units in stock at expected demand of 5.11 units/day,
BR002,MED034,Domperidone 10mg,Gastrointestinal,22,11.439,23.447,52.718,21.758,2.0357,2.0357,10.81,7.08,0,0,2,0.01233,0.26,MEDIUM,MEDIUM,22.8,10.8 days of cover: 22 units in stock at expected demand of 2.04 units/day,
BR001,MED014,Glimepiride 2mg,Antidiabetic,35,20.531,42.146,91.286,30.85,3.2143,3.2143,10.89,7.94,0,0,0,0.0,0.313,MEDIUM,MEDIUM,22.2,10.9 days of cover: 35 units in stock at expected demand of 3.21 units/day,
BR002,MED269,Amlodipine 10mg (Stellar Formulations),Cardiovascular,92,55.058,108.432,232.818,65.377,8.25,8.25,11.15,9.85,0,2,3,0.02466,0.24,MEDIUM,MEDIUM,20.3,11.2 days of cover: 92 units in stock at expected demand of 8.25 units/day,
BR001,MED228,Ondansetron 4mg (CarePlus Laboratories),Gastrointestinal,4,0.856,2.015,5.497,3.154,0.3571,0.3571,11.2,8.88,0,0,0,0.0,1.064,MEDIUM,MEDIUM,20.0,11.2 days of cover: 4 units in stock at expected demand of 0.36 units/day,highly variable weekly demand (CV 1.06)
BR002,MED333,Telmisartan 20mg (HealthAxis Pharma),Cardiovascular,4,0.616,1.551,5.046,2.262,0.3571,0.3571,11.2,12.38,0,0,0,0.0,1.214,MEDIUM,MEDIUM,20.0,11.2 days of cover: 4 units in stock at expected demand of 0.36 units/day,highly variable weekly demand (CV 1.21)
BR005,MED400,Sitagliptin 50mg (Crestview Pharma),Antidiabetic,4,0.712,1.755,5.167,3.01,0.3571,0.3571,11.2,9.3,0,0,0,0.0,1.231,MEDIUM,MEDIUM,20.0,11.2 days of cover: 4 units in stock at expected demand of 0.36 units/day,highly variable weekly demand (CV 1.23)
BR001,MED236,Ondansetron 8mg (LifeSpring Pharma),Gastrointestinal,74,41.347,87.606,181.437,51.666,6.3929,6.3929,11.58,10.03,0,0,1,0.00274,0.249,MEDIUM,MEDIUM,17.3,11.6 days of cover: 74 units in stock at expected demand of 6.39 units/day,
BR003,MED459,Multivitamin B-complex+C (Summit Lifesciences),Vitamins,66,38.595,78.361,162.298,48.914,5.6786,5.6786,11.62,9.45,0,0,2,0.01644,0.203,MEDIUM,MEDIUM,17.0,11.6 days of cover: 66 units in stock at expected demand of 5.68 units/day,
BR003,MED421,Montelukast 10mg (LifeSpring Pharma),Respiratory,5,1.303,2.922,7.385,4.751,0.4286,0.4286,11.67,7.37,0,0,0,0.0,0.689,MEDIUM,MEDIUM,16.7,11.7 days of cover: 5 units in stock at expected demand of 0.43 units/day,
BR003,MED236,Ondansetron 8mg (LifeSpring Pharma),Gastrointestinal,61,33.571,68.57,147.26,43.89,5.2143,5.2143,11.7,9.73,0,0,0,0.0,0.236,MEDIUM,MEDIUM,16.4,11.7 days of cover: 61 units in stock at expected demand of 5.21 units/day,
BR002,MED043,Glimepiride + Metformin 2mg/500mg,Antidiabetic,50,27.066,55.428,125.634,37.385,4.25,4.25,11.76,9.36,0,0,1,0.00548,0.207,MEDIUM,MEDIUM,16.0,11.8 days of cover: 50 units in stock at expected demand of 4.25 units/day,
BR004,MED009,Pantoprazole 40mg,Gastrointestinal,36,19.271,39.584,84.38,29.589,3.0357,3.0357,11.86,8.52,0,0,1,0.00137,0.27,MEDIUM,MEDIUM,15.3,11.9 days of cover: 36 units in stock at expected demand of 3.04 units/day,
BR005,MED224,Omeprazole 40mg (Summit Lifesciences),Gastrointestinal,20,7.729,16.59,36.774,18.048,1.6786,1.6786,11.91,7.76,1,1,3,0.01096,0.513,MEDIUM,MEDIUM,14.9,11.9 days of cover: 20 units in stock at expected demand of 1.68 units/day,
BR001,MED216,Omeprazole 20mg (CureLine Healthcare),Gastrointestinal,3,0.643,1.488,3.836,2.29,0.25,0.25,12.0,9.17,0,0,0,0.0,1.296,MEDIUM,MEDIUM,14.3,12.0 days of cover: 3 units in stock at expected demand of 0.25 units/day,highly variable weekly demand (CV 1.30)
BR001,MED221,Omeprazole 40mg,Gastrointestinal,3,0.585,1.497,3.878,2.232,0.25,0.25,12.0,9.41,0,0,0,0.0,1.115,MEDIUM,MEDIUM,14.3,12.0 days of cover: 3 units in stock at expected demand of 0.25 units/day,highly variable weekly demand (CV 1.11)
BR004,MED360,Glimepiride 1mg (CarePlus Laboratories),Antidiabetic,18,7.525,15.835,38.068,17.844,1.5,1.5,12.0,7.06,0,0,4,0.01096,0.494,MEDIUM,MEDIUM,14.3,12.0 days of cover: 18 units in stock at expected demand of 1.50 units/day,
BR005,MED091,Paracetamol 500mg (HealthAxis Pharma),Analgesics,27,13.908,28.07,63.67,24.227,2.25,2.25,12.0,7.8,0,0,9,0.01918,0.368,MEDIUM,MEDIUM,14.3,12.0 days of cover: 27 units in stock at expected demand of 2.25 units/day,
BR005,MED129,Ciprofloxacin 250mg,Antibiotics,6,1.812,4.165,9.869,5.26,0.5,0.5,12.0,7.98,0,0,0,0.0,0.826,MEDIUM,MEDIUM,14.3,12.0 days of cover: 6 units in stock at expected demand of 0.50 units/day,
BR005,MED322,Rosuvastatin 20mg,Cardiovascular,12,5.713,12.964,29.695,11.207,1.0,1.0,12.0,7.5,0,0,1,0.00548,0.447,MEDIUM,MEDIUM,14.3,12.0 days of cover: 12 units in stock at expected demand of 1.00 units/day,
BR005,MED305,Losartan 25mg (TrueLife Remedies),Cardiovascular,28,13.316,27.171,60.442,23.635,2.3214,2.3214,12.06,8.29,0,0,0,0.0,0.373,MEDIUM,MEDIUM,13.8,12.1 days of cover: 28 units in stock at expected demand of 2.32 units/day,
BR003,MED021,Ibuprofen 400mg,Analgesics,19,7.966,17.148,39.838,18.284,1.5714,1.5714,12.09,7.27,0,0,5,0.02055,0.46,MEDIUM,MEDIUM,13.6,12.1 days of cover: 19 units in stock at expected demand of 1.57 units/day,
BR001,MED459,Multivitamin B-complex+C (Summit Lifesciences),Vitamins,88,49.568,96.893,204.944,59.887,7.25,7.25,12.14,10.29,1,3,2,0.00411,0.229,MEDIUM,MEDIUM,13.3,12.1 days of cover: 88 units in stock at expected demand of 7.25 units/day,
BR003,MED079,Ibuprofen 600mg (BlueCrest Pharma),Analgesics,20,9.101,19.052,42.938,19.42,1.6429,1.6429,12.17,7.21,0,2,5,0.01781,0.407,MEDIUM,MEDIUM,13.0,12.2 days of cover: 20 units in stock at expected demand of 1.64 units/day,
BR003,MED138,Mefenamic Acid 250mg (NovaMed Laboratories),Antipyretics,10,4.507,9.303,20.638,10.0,0.8214,0.8214,12.17,7.0,0,0,5,0.02192,0.299,MEDIUM,MEDIUM,13.0,12.2 days of cover: 10 units in stock at expected demand of 0.82 units/day,
BR001,MED324,Rosuvastatin 20mg (Stellar Formulations),Cardiovascular,24,9.865,20.56,47.351,20.184,1.9643,1.9643,12.22,8.32,0,0,2,0.00548,0.318,MEDIUM,MEDIUM,12.7,12.2 days of cover: 24 units in stock at expected demand of 1.96 units/day,
BR001,MED091,Paracetamol 500mg (HealthAxis Pharma),Analgesics,32,16.525,32.911,73.584,26.843,2.6071,2.6071,12.27,8.34,0,0,4,0.01918,0.234,MEDIUM,MEDIUM,12.3,12.3 days of cover: 32 units in stock at expected demand of 2.61 units/day,
BR001,MED411,Ambroxol + Levosalbutamol Syrup 60ml (NovaMed Laboratories),Respiratory,11,5.307,11.15,24.752,10.801,0.8929,0.8929,12.32,7.13,0,0,1,0.00411,0.427,MEDIUM,MEDIUM,12.0,12.3 days of cover: 11 units in stock at expected demand of 0.89 units/day,
BR003,MED285,Atorvastatin 20mg,Cardiovascular,11,4.935,10.836,24.912,10.429,0.8929,0.8929,12.32,7.38,0,1,2,0.00274,0.677,MEDIUM,MEDIUM,12.0,12.3 days of cover: 11 units in stock at expected demand of 0.89 units/day,
BR004,MED104,Amoxicillin + Clavulanic Acid 375mg,Antibiotics,26,13.981,28.622,60.537,24.3,2.1071,2.1071,12.34,7.49,0,0,3,0.01507,0.372,MEDIUM,MEDIUM,11.9,12.3 days of cover: 26 units in stock at expected demand of 2.11 units/day,
BR002,MED432,Salbutamol Inhaler 100mcg (Stellar Formulations),Respiratory,30,15.849,31.619,70.656,26.168,2.4286,2.4286,12.35,8.03,1,1,4,0.01233,0.371,MEDIUM,MEDIUM,11.8,12.4 days of cover: 30 units in stock at expected demand of 2.43 units/day,
BR002,MED239,ORS Powder 21.8g (HealthAxis Pharma),Gastrointestinal,61,32.058,69.023,148.09,42.377,4.9286,4.9286,12.38,10.08,0,0,3,0.0137,0.271,MEDIUM,MEDIUM,11.6,12.4 days of cover: 61 units in stock at expected demand of 4.93 units/day,
BR004,MED113,Azithromycin 250mg (BlueCrest Pharma),Antibiotics,46,24.149,51.328,107.67,34.467,3.7143,3.7143,12.38,9.34,0,0,1,0.01096,0.26,MEDIUM,MEDIUM,11.5,12.4 days of cover: 46 units in stock at expected demand of 3.71 units/day,
BR004,MED332,Telmisartan 20mg,Cardiovascular,23,9.359,18.909,43.582,19.678,1.8571,1.8571,12.38,8.18,0,1,5,0.01233,0.565,MEDIUM,MEDIUM,11.5,12.4 days of cover: 23 units in stock at expected demand of 1.86 units/day,
BR004,MED062,Diclofenac 50mg (TrueLife Remedies),Analgesics,4,0.808,1.887,4.515,3.106,0.3214,0.3214,12.44,9.01,0,0,0,0.0,1.597,MEDIUM,MEDIUM,11.1,12.4 days of cover: 4 units in stock at expected demand of 0.32 units/day,highly variable weekly demand (CV 1.60)
BR004,MED384,Metformin 500mg (TrueLife Remedies),Antidiabetic,4,0.674,1.647,4.732,2.972,0.3214,0.3214,12.44,9.42,0,0,0,0.0,1.305,MEDIUM,MEDIUM,11.1,12.4 days of cover: 4 units in stock at expected demand of 0.32 units/day,highly variable weekly demand (CV 1.30)
BR004,MED404,Sitagliptin 50mg (Summit Lifesciences),Antidiabetic,4,0.699,1.561,4.981,2.997,0.3214,0.3214,12.44,9.34,0,0,3,0.02466,1.179,MEDIUM,MEDIUM,11.1,12.4 days of cover: 4 units in stock at expected demand of 0.32 units/day,highly variable weekly demand (CV 1.18)
BR003,MED380,Glimepiride + Metformin 1mg/500mg (VitaCure Remedies),Antidiabetic,35,17.276,34.911,76.518,27.595,2.7857,2.7857,12.56,8.88,1,1,4,0.00685,0.591,MEDIUM,MEDIUM,10.3,12.6 days of cover: 35 units in stock at expected demand of 2.79 units/day,
BR005,MED030,Levocetirizine 5mg,Antihistamines,9,3.117,6.713,16.289,8.611,0.7143,0.7143,12.6,7.32,1,1,4,0.01644,0.516,MEDIUM,MEDIUM,10.0,12.6 days of cover: 9 units in stock at expected demand of 0.71 units/day,
BR001,MED319,Rosuvastatin 5mg (NovaMed Laboratories),Cardiovascular,102,56.515,112.039,243.581,66.833,7.9643,8.0736,12.63,10.68,0,7,4,0.01918,0.276,MEDIUM,MEDIUM,9.8,12.6 days of cover: 102 units in stock at expected demand of 8.07 units/day,
BR005,MED383,Metformin 500mg (Stellar Formulations),Antidiabetic,97,52.52,104.889,229.301,62.839,7.6786,7.6786,12.63,10.81,0,0,2,0.00685,0.247,MEDIUM,MEDIUM,9.8,12.6 days of cover: 97 units in stock at expected demand of 7.68 units/day,
BR001,MED127,Cefixime 100mg (VitaCure Remedies),Antibiotics,28,14.096,26.16,57.26,24.414,2.2143,2.2143,12.65,8.03,1,1,8,0.02329,0.284,MEDIUM,MEDIUM,9.7,12.6 days of cover: 28 units in stock at expected demand of 2.21 units/day,
BR002,MED205,Domperidone 10mg (BlueCrest Pharma),Gastrointestinal,10,4.292,9.059,21.155,9.785,0.7857,0.7857,12.73,7.15,0,0,3,0.0137,0.703,MEDIUM,MEDIUM,9.1,12.7 days of cover: 10 units in stock at expected demand of 0.79 units/day,
BR003,MED218,Omeprazole 20mg (LifeSpring Pharma),Gastrointestinal,5,1.475,2.953,7.607,4.924,0.3929,0.3929,12.73,7.11,0,0,2,0.00411,1.488,MEDIUM,MEDIUM,9.1,12.7 days of cover: 5 units in stock at expected demand of 0.39 units/day,highly variable weekly demand (CV 1.49)
BR005,MED014,Glimepiride 2mg,Antidiabetic,50,25.361,51.126,117.429,35.68,3.9286,3.9286,12.73,9.81,0,0,1,0.00959,0.285,MEDIUM,MEDIUM,9.1,12.7 days of cover: 50 units in stock at expected demand of 3.93 units/day,
BR002,MED307,Metoprolol 50mg (BlueCrest Pharma),Cardiovascular,41,20.538,42.475,93.612,30.857,3.2143,3.2143,12.76,9.3,0,0,1,0.00137,0.263,MEDIUM,MEDIUM,8.9,12.8 days of cover: 41 units in stock at expected demand of 3.21 units/day,
BR003,MED042,Aspirin 75mg,Cardiovascular,33,16.059,31.827,71.511,26.378,2.5714,2.5714,12.83,8.76,0,0,2,0.00822,0.339,MEDIUM,MEDIUM,8.3,12.8 days of cover: 33 units in stock at expected demand of 2.57 units/day,
BR005,MED152,Paracetamol Suspension 250mg/5ml (Aarogya Formulations),Antipyretics,11,4.523,9.596,21.03,10.016,0.8571,0.8571,12.83,7.69,0,0,4,0.01644,0.505,MEDIUM,MEDIUM,8.3,12.8 days of cover: 11 units in stock at expected demand of 0.86 units/day,
BR001,MED107,Amoxicillin + Clavulanic Acid 375mg (TrueLife Remedies),Antibiotics,6,1.907,4.427,10.692,5.356,0.4643,0.4643,12.92,7.84,0,0,2,0.00822,0.624,MEDIUM,MEDIUM,7.7,12.9 days of cover: 6 units in stock at expected demand of 0.46 units/day,
BR001,MED152,Paracetamol Suspension 250mg/5ml (Aarogya Formulations),Antipyretics,12,4.832,10.42,23.996,10.326,0.9286,0.9286,12.92,8.13,0,0,5,0.00959,0.478,MEDIUM,MEDIUM,7.7,12.9 days of cover: 12 units in stock at expected demand of 0.93 units/day,
BR002,MED439,Salbutamol Inhaler 200mcg (HealthAxis Pharma),Respiratory,6,1.706,3.448,8.632,5.154,0.4643,0.4643,12.92,8.15,0,0,0,0.0,1.12,MEDIUM,MEDIUM,7.7,12.9 days of cover: 6 units in stock at expected demand of 0.46 units/day,highly variable weekly demand (CV 1.12)
BR003,MED296,Clopidogrel 75mg (Stellar Formulations),Cardiovascular,6,1.743,3.778,9.612,5.191,0.4643,0.4643,12.92,8.09,0,0,1,0.00411,1.287,MEDIUM,MEDIUM,7.7,12.9 days of cover: 6 units in stock at expected demand of 0.46 units/day,highly variable weekly demand (CV 1.29)
BR004,MED159,Paracetamol Suspension 125mg/5ml (NovaMed Laboratories),Antipyretics,6,2.097,4.77,11.007,5.546,0.4643,0.4643,12.92,7.57,0,0,7,0.02192,0.514,MEDIUM,MEDIUM,7.7,12.9 days of cover: 6 units in stock at expected demand of 0.46 units/day,
BR002,MED012,Atorvastatin 10mg,Cardiovascular,67,34.906,70.95,155.28,45.225,5.1786,5.1786,12.94,10.37,0,0,1,0.00274,0.244,MEDIUM,MEDIUM,7.6,12.9 days of cover: 67 units in stock at expected demand of 5.18 units/day,
BR005,MED454,Iron + Folic Acid 100mg/500mcg (Stellar Formulations),Vitamins,44,22.827,44.592,100.177,33.146,3.3929,3.3929,12.97,9.29,0,0,4,0.01096,0.327,MEDIUM,MEDIUM,7.4,13.0 days of cover: 44 units in stock at expected demand of 3.39 units/day,
BR005,MED205,Domperidone 10mg (BlueCrest Pharma),Gastrointestinal,13,5.332,11.869,26.057,10.826,1.0,1.0,13.0,8.41,0,0,1,0.00548,0.502,MEDIUM,MEDIUM,7.1,13.0 days of cover: 13 units in stock at expected demand of 1.00 units/day,
BR005,MED461,Vitamin C Chewable 500mg (Aarogya Formulations),Vitamins,29,13.527,28.197,60.574,23.846,2.2143,2.2143,13.1,8.51,0,0,1,0.00274,0.356,MEDIUM,MEDIUM,6.5,13.1 days of cover: 29 units in stock at expected demand of 2.21 units/day,
BR001,MED447,Calcium + Vitamin D3 500mg/250IU (Summit Lifesciences),Vitamins,9,3.242,7.07,17.143,8.736,0.6786,0.6786,13.26,7.21,0,0,4,0.01233,0.549,MEDIUM,MEDIUM,5.3,13.3 days of cover: 9 units in stock at expected demand of 0.68 units/day,
BR001,MED462,Vitamin C Chewable 500mg (ApexLife Pharma),Vitamins,9,2.768,5.441,13.428,8.262,0.6786,0.6786,13.26,7.63,0,0,0,0.0,0.705,MEDIUM,MEDIUM,5.3,13.3 days of cover: 9 units in stock at expected demand of 0.68 units/day,
BR003,MED307,Metoprolol 50mg (BlueCrest Pharma),Cardiovascular,58,29.85,60.27,130.209,40.169,4.3571,4.3571,13.31,10.11,0,0,5,0.02055,0.334,MEDIUM,MEDIUM,4.9,13.3 days of cover: 58 units in stock at expected demand of 4.36 units/day,
BR005,MED186,Fexofenadine 180mg,Antihistamines,10,4.295,9.049,21.135,9.788,0.75,0.75,13.33,7.15,0,1,8,0.02329,0.524,MEDIUM,MEDIUM,4.8,13.3 days of cover: 10 units in stock at expected demand of 0.75 units/day,
BR005,MED374,Glimepiride + Metformin 2mg/500mg (Stellar Formulations),Antidiabetic,10,3.547,8.328,17.783,9.04,0.75,0.75,13.33,7.74,0,10,2,0.01781,0.78,MEDIUM,MEDIUM,4.8,13.3 days of cover: 10 units in stock at expected demand of 0.75 units/day,
BR004,MED432,Salbutamol Inhaler 100mcg (Stellar Formulations),Respiratory,31,14.877,28.345,62.628,25.195,2.3214,2.3214,13.35,8.61,0,1,4,0.00822,0.324,MEDIUM,MEDIUM,4.6,13.4 days of cover: 31 units in stock at expected demand of 2.32 units/day,
BR005,MED063,Diclofenac 50mg (VitaCure Remedies),Analgesics,11,4.993,10.937,24.393,10.486,0.8214,0.8214,13.39,7.34,0,5,7,0.02466,0.616,MEDIUM,MEDIUM,4.3,13.4 days of cover: 11 units in stock at expected demand of 0.82 units/day,
BR001,MED286,Atorvastatin 20mg (BlueCrest Pharma),Cardiovascular,12,5.16,11.287,26.181,10.654,0.8929,0.8929,13.44,7.88,0,1,3,0.00548,0.699,MEDIUM,MEDIUM,4.0,13.4 days of cover: 12 units in stock at expected demand of 0.89 units/day,
BR005,MED083,Naproxen 250mg (HealthAxis Pharma),Analgesics,12,5.09,11.163,25.579,10.584,0.8929,0.8929,13.44,7.94,0,0,1,0.00137,0.652,MEDIUM,MEDIUM,4.0,13.4 days of cover: 12 units in stock at expected demand of 0.89 units/day,
BR005,MED122,Cefixime 200mg (NovaMed Laboratories),Antibiotics,12,4.936,10.085,22.067,10.43,0.8929,0.8929,13.44,8.05,0,0,3,0.00548,0.532,MEDIUM,MEDIUM,4.0,13.4 days of cover: 12 units in stock at expected demand of 0.89 units/day,
BR003,MED320,Rosuvastatin 5mg (Stellar Formulations),Cardiovascular,26,10.202,21.749,48.741,20.521,1.9286,1.9286,13.48,8.87,0,0,5,0.00685,0.426,MEDIUM,MEDIUM,3.7,13.5 days of cover: 26 units in stock at expected demand of 1.93 units/day,
BR004,MED173,Cetirizine 5mg (TrueLife Remedies),Antihistamines,71,36.247,72.9,164.97,46.565,5.25,5.25,13.52,10.67,0,0,4,0.00822,0.222,MEDIUM,MEDIUM,3.4,13.5 days of cover: 71 units in stock at expected demand of 5.25 units/day,
BR004,MED249,Pantoprazole 20mg,Gastrointestinal,17,5.111,11.416,26.349,10.605,1.25,1.25,13.6,11.22,1,3,6,0.00959,0.438,MEDIUM,MEDIUM,2.9,13.6 days of cover: 17 units in stock at expected demand of 1.25 units/day,
BR002,MED033,Omeprazole 20mg,Gastrointestinal,69,34.285,69.523,148.912,44.604,5.0714,5.0714,13.61,10.83,0,0,3,0.02192,0.262,MEDIUM,MEDIUM,2.8,13.6 days of cover: 69 units in stock at expected demand of 5.07 units/day,
BR005,MED113,Azithromycin 250mg (BlueCrest Pharma),Antibiotics,71,35.218,70.591,151.996,45.536,5.2143,5.2143,13.62,10.91,0,0,1,0.00959,0.218,MEDIUM,MEDIUM,2.7,13.6 days of cover: 71 units in stock at expected demand of 5.21 units/day,
BR001,MED306,Metoprolol 50mg (Aarogya Formulations),Cardiovascular,19,8.051,17.024,39.435,18.369,1.3929,1.3929,13.64,7.24,0,3,9,0.02055,0.519,MEDIUM,MEDIUM,2.6,13.6 days of cover: 19 units in stock at expected demand of 1.39 units/day,
BR001,MED466,Vitamin C Chewable 1000mg (ApexLife Pharma),Vitamins,59,28.523,55.943,127.378,38.842,4.3214,4.3214,13.65,10.63,0,3,6,0.0137,0.27,MEDIUM,MEDIUM,2.5,13.7 days of cover: 59 units in stock at expected demand of 4.32 units/day,
BR003,MED070,Ibuprofen 400mg (NovaMed Laboratories),Analgesics,20,8.473,17.579,39.566,18.792,1.4643,1.4643,13.66,7.45,0,2,1,0.00274,0.423,MEDIUM,MEDIUM,2.4,13.7 days of cover: 20 units in stock at expected demand of 1.46 units/day,
BR001,MED314,Rosuvastatin 10mg (BlueCrest Pharma),Cardiovascular,24,9.959,20.445,46.299,20.278,1.75,1.75,13.71,8.28,0,0,3,0.01507,0.493,MEDIUM,MEDIUM,2.0,13.7 days of cover: 24 units in stock at expected demand of 1.75 units/day,
BR003,MED001,Paracetamol 500mg,Analgesics,75,38.229,75.802,166.924,48.548,5.4286,5.4613,13.73,10.81,0,0,6,0.02192,0.228,MEDIUM,MEDIUM,1.9,13.7 days of cover: 75 units in stock at expected demand of 5.46 units/day,
BR005,MED031,Montelukast + Levocetirizine 10mg/5mg,Antihistamines,26,12.522,25.73,55.806,22.841,1.8929,1.8929,13.74,7.97,0,0,7,0.02329,0.343,MEDIUM,MEDIUM,1.9,13.7 days of cover: 26 units in stock at expected demand of 1.89 units/day,
BR003,MED283,Atorvastatin 10mg (LifeSpring Pharma),Cardiovascular,28,9.895,20.666,47.408,20.213,2.0357,2.0357,13.75,9.7,0,0,5,0.02466,0.575,MEDIUM,MEDIUM,1.8,13.8 days of cover: 28 units in stock at expected demand of 2.04 units/day,
BR003,MED399,Sitagliptin 50mg (BlueCrest Pharma),Antidiabetic,30,12.888,25.542,56.757,23.206,2.1786,2.1786,13.77,9.05,0,0,5,0.01507,0.394,MEDIUM,MEDIUM,1.6,13.8 days of cover: 30 units in stock at expected demand of 2.18 units/day,
BR004,MED043,Glimepiride + Metformin 2mg/500mg,Antidiabetic,56,26.095,52.532,117.594,36.414,4.0357,4.0357,13.88,10.77,0,1,4,0.00822,0.311,MEDIUM,MEDIUM,0.9,13.9 days of cover: 56 units in stock at expected demand of 4.04 units/day,
BR001,MED006,Paracetamol Suspension 250mg/5ml,Antipyretics,14,1.661,3.048,8.178,5.109,0.3929,0.3929,35.64,19.18,4,4,4,0.02466,0.642,LOW,MEDIUM,0.0,35.6 days of cover: 14 units in stock at expected demand of 0.39 units/day,escalated from LOW because of stockout history (4 days in the last 28; out of stock on 2.5% of all days observed)
BR001,MED041,Clopidogrel 75mg,Cardiovascular,10,0.63,1.221,2.683,2.277,0.0714,0.09,111.11,30.74,4,6,2,0.01233,1.57,LOW,MEDIUM,0.0,111.1 days of cover: 10 units in stock at expected demand of 0.09 units/day,escalated from LOW because of stockout history (4 days in the last 28; out of stock on 1.2% of all days observed); highly variable weekly demand (CV 1.57)
BR001,MED045,Gliclazide 80mg,Antidiabetic,12,0.714,1.544,3.559,3.012,0.0357,0.102,117.65,27.89,0,3,4,0.0274,1.266,LOW,MEDIUM,0.0,117.6 days of cover: 12 units in stock at expected demand of 0.10 units/day,escalated from LOW because of stockout history (0 days in the last 28; out of stock on 2.7% of all days observed); highly variable weekly demand (CV 1.27)
BR001,MED050,Calcium + Vitamin D3 500mg/250IU,Vitamins,6,1.517,2.901,7.012,4.966,0.3214,0.3214,18.67,8.46,0,0,11,0.03836,0.732,LOW,MEDIUM,0.0,18.7 days of cover: 6 units in stock at expected demand of 0.32 units/day,escalated from LOW because of stockout history (0 days in the last 28; out of stock on 3.8% of all days observed)
BR001,MED059,Diclofenac 50mg (Aarogya Formulations),Analgesics,9,0.66,1.415,3.789,2.306,0.1071,0.1071,84.0,27.32,5,5,3,0.01781,1.395,LOW,MEDIUM,0.0,84.0 days of cover: 9 units in stock at expected demand of 0.11 units/day,escalated from LOW because of stockout history (5 days in the last 28; out of stock on 1.8% of all days observed); highly variable weekly demand (CV 1.39)
BR001,MED064,Diclofenac 100mg,Analgesics,14,2.817,5.973,13.032,8.311,0.75,0.75,18.67,11.79,4,14,6,0.02603,0.898,LOW,MEDIUM,0.0,18.7 days of cover: 14 units in stock at expected demand of 0.75 units/day,escalated from LOW because of stockout history (4 days in the last 28; out of stock on 2.6% of all days observed)
BR001,MED066,Diclofenac 100mg (VitaCure Remedies),Analgesics,4,1.364,3.299,7.88,4.812,0.2857,0.2857,14.0,5.82,0,3,3,0.01781,0.761,LOW,MEDIUM,0.0,14.0 days of cover: 4 units in stock at expected demand of 0.29 units/day,escalated from LOW because of only 5.8 days of cover at the upper forecast
BR001,MED075,Ibuprofen 200mg (Summit Lifesciences),Analgesics,11,2.204,4.735,10.1,7.698,0.6071,0.6071,18.12,10.0,3,3,3,0.00959,0.491,LOW,MEDIUM,0.0,18.1 days of cover: 11 units in stock at expected demand of 0.61 units/day,escalated from LOW because of stockout history (3 days in the last 28; out of stock on 1.0% of all days observed)
BR001,MED076,Ibuprofen 200mg (TrueLife Remedies),Analgesics,17,7.108,15.042,33.295,17.426,1.2143,1.2143,14.0,6.83,0,1,7,0.01781,0.445,LOW,MEDIUM,0.0,14.0 days of cover: 17 units in stock at expected demand of 1.21 units/day,escalated from LOW because of only 6.8 days of cover at the upper forecast
BR001,MED086,Naproxen 500mg (CarePlus Laboratories),Analgesics,173,61.184,124.606,267.802,71.503,9.3214,9.3214,18.56,16.94,0,0,4,0.04247,0.194,LOW,MEDIUM,0.0,18.6 days of cover: 173 units in stock at expected demand of 9.32 units/day,escalated from LOW because of stockout history (0 days in the last 28; out of stock on 4.2% of all days observed)
BR001,MED105,Amoxicillin + Clavulanic Acid 375mg (NovaMed Laboratories),Antibiotics,37,17.295,30.401,68.642,27.614,2.4643,2.4707,14.98,9.38,0,1,20,0.04658,0.27,LOW,MEDIUM,0.0,15.0 days of cover: 37 units in stock at expected demand of 2.47 units/day,escalated from LOW because of stockout history (0 days in the last 28; out of stock on 4.7% of all days observed)
BR001,MED118,Azithromycin 250mg (NovaMed Laboratories),Antibiotics,6,0.954,1.991,5.147,3.253,0.25,0.25,24.0,12.91,1,2,7,0.03151,1.191,LOW,MEDIUM,0.0,24.0 days of cover: 6 units in stock at expected demand of 0.25 units/day,escalated from LOW because of stockout history (1 days in the last 28; out of stock on 3.2% of all days observed); highly variable weekly demand (CV 1.19)
BR001,MED134,Doxycycline 100mg (Summit Lifesciences),Antibiotics,10,1.546,3.411,7.425,4.994,0.2857,0.2857,35.0,14.02,0,0,6,0.03151,0.583,LOW,MEDIUM,0.0,35.0 days of cover: 10 units in stock at expected demand of 0.29 units/day,escalated from LOW because of stockout history (0 days in the last 28; out of stock on 3.2% of all days observed)
BR001,MED144,Mefenamic Acid 500mg (NovaMed Laboratories),Antipyretics,28,11.431,20.822,44.815,21.75,1.6429,1.6429,17.04,9.01,0,11,12,0.05616,0.424,LOW,MEDIUM,0.0,17.0 days of cover: 28 units in stock at expected demand of 1.64 units/day,escalated from LOW because of stockout history (0 days in the last 28; out of stock on 5.6% of all days observed)
BR001,MED151,Paracetamol Drops 100mg/ml (Aarogya Formulations),Antipyretics,5,1.611,3.045,7.458,5.06,0.3571,0.3571,14.0,6.92,0,2,8,0.04247,0.743,LOW,MEDIUM,0.0,14.0 days of cover: 5 units in stock at expected demand of 0.36 units/day,escalated from LOW because of stockout history (0 days in the last 28; out of stock on 4.2% of all days observed) and only 6.9 days of cover at the upper forecast
BR001,MED154,Paracetamol Suspension 250mg/5ml (CarePlus Laboratories),Antipyretics,8,1.51,3.088,7.198,4.959,0.2857,0.2857,28.0,11.29,0,0,8,0.03151,0.755,LOW,MEDIUM,0.0,28.0 days of cover: 8 units in stock at expected demand of 0.29 units/day,escalated from LOW because of stockout history (0 days in the last 28; out of stock on 3.2% of all days observed)
BR001,MED155,Paracetamol Suspension 250mg/5ml (CureLine Healthcare),Antipyretics,22,8.676,16.161,36.325,18.995,1.3929,1.3929,15.79,8.11,0,9,12,0.05068,0.376,LOW,MEDIUM,0.0,15.8 days of cover: 22 units in stock at expected demand of 1.39 units/day,escalated from LOW because of stockout history (0 days in the last 28; out of stock on 5.1% of all days observed)
BR001,MED159,Paracetamol Suspension 125mg/5ml (NovaMed Laboratories),Antipyretics,14,3.063,5.865,13.629,8.556,0.5,0.5,28.0,11.45,0,3,11,0.04795,0.417,LOW,MEDIUM,0.0,28.0 days of cover: 14 units in stock at expected demand of 0.50 units/day,escalated from LOW because of stockout history (0 days in the last 28; out of stock on 4.8% of all days observed)
BR001,MED168,Cetirizine 5mg,Antihistamines,14,1.404,3.109,7.326,4.852,0.3571,0.3571,39.2,20.2,3,3,2,0.01918,1.339,LOW,MEDIUM,0.0,39.2 days of cover: 14 units in stock at expected demand of 0.36 units/day,escalated from LOW because of stockout history (3 days in the last 28; out of stock on 1.9% of all days observed); highly variable weekly demand (CV 1.34)
BR001,MED191,Levocetirizine 5mg (BlueCrest Pharma),Antihistamines,23,5.952,11.929,27.502,11.445,0.8214,0.8503,27.05,14.07,0,0,5,0.0411,0.555,LOW,MEDIUM,0.0,27.0 days of cover: 23 units in stock at expected demand of 0.85 units/day,escalated from LOW because of stockout history (0 days in the last 28; out of stock on 4.1% of all days observed)
BR001,MED226,Ondansetron 4mg (Aarogya Formulations),Gastrointestinal,11,3.38,7.19,15.378,8.874,0.7857,0.7857,14.0,8.68,2,10,4,0.02603,0.634,LOW,MEDIUM,0.0,14.0 days of cover: 11 units in stock at expected demand of 0.79 units/day,escalated from LOW because of stockout history (2 days in the last 28; out of stock on 2.6% of all days observed)
BR001,MED247,Pantoprazole 40mg (NovaMed Laboratories),Gastrointestinal,25,7.32,14.041,29.378,17.639,0.8571,1.0457,23.91,9.92,7,7,2,0.01096,0.661,LOW,MEDIUM,0.0,23.9 days of cover: 25 units in stock at expected demand of 1.05 units/day,escalated from LOW because of stockout history (7 days in the last 28; out of stock on 1.1% of all days observed)
BR001,MED277,Aspirin 150mg,Cardiovascular,2,0.428,0.935,2.442,2.074,0.1071,0.1071,18.67,6.75,0,0,2,0.02329,1.477,LOW,MEDIUM,0.0,18.7 days of cover: 2 units in stock at expected demand of 0.11 units/day,escalated from LOW because of only 6.8 days of cover at the upper forecast; highly variable weekly demand (CV 1.48)
BR001,MED288,Atorvastatin 40mg,Cardiovascular,22,8.61,17.958,41.639,18.929,1.5714,1.5714,14.0,8.14,0,0,7,0.02603,0.456,LOW,MEDIUM,0.0,14.0 days of cover: 22 units in stock at expected demand of 1.57 units/day,escalated from LOW because of stockout history (0 days in the last 28; out of stock on 2.6% of all days observed)
BR001,MED302,Losartan 25mg (HealthAxis Pharma),Cardiovascular,25,7.011,14.046,32.119,17.33,1.0,1.0016,24.96,10.1,0,0,7,0.02603,0.549,LOW,MEDIUM,0.0,25.0 days of cover: 25 units in stock at expected demand of 1.00 units/day,escalated from LOW because of stockout history (0 days in the last 28; out of stock on 2.6% of all days observed)
BR001,MED315,Rosuvastatin 10mg (NovaMed Laboratories),Cardiovascular,12,0.753,1.27,3.258,3.051,0.1786,0.1786,67.2,27.53,4,4,3,0.01918,1.962,LOW,MEDIUM,0.0,67.2 days of cover: 12 units in stock at expected demand of 0.18 units/day,escalated from LOW because of stockout history (4 days in the last 28; out of stock on 1.9% of all days observed); highly variable weekly demand (CV 1.96)
BR001,MED322,Rosuvastatin 20mg,Cardiovascular,9,2.446,5.289,12.313,7.939,0.6429,0.6429,14.0,7.94,0,0,0,0.0,0.658,MEDIUM,MEDIUM,0.0,14.0 days of cover: 9 units in stock at expected demand of 0.64 units/day,
BR001,MED341,Telmisartan 80mg (Stellar Formulations),Cardiovascular,17,4.342,8.963,21.06,9.836,0.6786,0.6786,25.05,12.1,0,1,10,0.03014,0.656,LOW,MEDIUM,0.0,25.1 days of cover: 17 units in stock at expected demand of 0.68 units/day,escalated from LOW because of stockout history (0 days in the last 28; out of stock on 3.0% of all days observed)
BR001,MED342,Telmisartan 80mg (Summit Lifesciences),Cardiovascular,16,3.427,7.369,17.808,8.92,0.6071,0.6071,26.35,12.56,0,0,7,0.02603,0.749,LOW,MEDIUM,0.0,26.4 days of cover: 16 units in stock at expected demand of 0.61 units/day,escalated from LOW because of stockout history (0 days in the last 28; out of stock on 2.6% of all days observed)
BR001,MED346,Gliclazide 80mg (CarePlus Laboratories),Antidiabetic,18,5.824,12.842,29.107,11.318,1.25,1.25,14.4,11.13,3,3,2,0.00548,0.544,LOW,MEDIUM,0.0,14.4 days of cover: 18 units in stock at expected demand of 1.25 units/day,escalated from LOW because of stockout history (3 days in the last 28; out of stock on 0.5% of all days observed)
BR001,MED362,Glimepiride 1mg (HealthAxis Pharma),Antidiabetic,20,5.066,10.352,21.714,10.56,1.0357,1.0357,19.31,13.26,6,6,6,0.0274,0.749,LOW,MEDIUM,0.0,19.3 days of cover: 20 units in stock at expected demand of 1.04 units/day,escalated from LOW because of stockout history (6 days in the last 28; out of stock on 2.7% of all days observed)
BR001,MED366,Glimepiride 3mg (ApexLife Pharma),Antidiabetic,34,9.641,19.542,45.604,19.959,1.8571,1.8571,18.31,11.92,4,4,2,0.00685,0.419,LOW,MEDIUM,0.0,18.3 days of cover: 34 units in stock at expected demand of 1.86 units/day,escalated from LOW because of stockout history (4 days in the last 28; out of stock on 0.7% of all days observed)
BR001,MED374,Glimepiride + Metformin 2mg/500mg (Stellar Formulations),Antidiabetic,7,1.343,2.603,6.028,4.791,0.2857,0.2857,24.5,10.23,0,8,9,0.0274,0.992,LOW,MEDIUM,0.0,24.5 days of cover: 7 units in stock at expected demand of 0.29 units/day,escalated from LOW because of stockout history (0 days in the last 28; out of stock on 2.7% of all days observed)
BR001,MED381,Glimepiride + Metformin 1mg/500mg (Zenith BioPharma),Antidiabetic,140,54.873,104.145,225.547,65.192,7.6429,7.839,17.86,15.03,2,9,20,0.03973,0.254,LOW,MEDIUM,0.0,17.9 days of cover: 140 units in stock at expected demand of 7.84 units/day,escalated from LOW because of stockout history (2 days in the last 28; out of stock on 4.0% of all days observed)
BR001,MED384,Metformin 500mg (TrueLife Remedies),Antidiabetic,25,0.923,1.842,4.244,3.222,0.0357,0.1319,189.6,54.31,0,0,7,0.03425,1.431,LOW,MEDIUM,0.0,189.6 days of cover: 25 units in stock at expected demand of 0.13 units/day,escalated from LOW because of stockout history (0 days in the last 28; out of stock on 3.4% of all days observed); highly variable weekly demand (CV 1.43)
BR001,MED391,Metformin 1000mg (HealthAxis Pharma),Antidiabetic,39,8.068,17.352,37.878,18.387,1.0357,1.1526,33.84,14.85,0,0,9,0.03014,0.493,LOW,MEDIUM,0.0,33.8 days of cover: 39 units in stock at expected demand of 1.15 units/day,escalated from LOW because of stockout history (0 days in the last 28; out of stock on 3.0% of all days observed)
BR001,MED409,Ambroxol + Levosalbutamol Syrup 100ml (VitaCure Remedies),Respiratory,11,1.073,2.148,4.593,4.522,0.2857,0.2857,38.5,17.03,4,4,3,0.01781,0.942,LOW,MEDIUM,0.0,38.5 days of cover: 11 units in stock at expected demand of 0.29 units/day,escalated from LOW because of stockout history (4 days in the last 28; out of stock on 1.8% of all days observed)
BR001,MED432,Salbutamol Inhaler 100mcg (Stellar Formulations),Respiratory,63,28.297,57.287,121.935,38.615,4.1071,4.1071,15.34,11.42,0,4,5,0.0274,0.322,LOW,MEDIUM,0.0,15.3 days of cover: 63 units in stock at expected demand of 4.11 units/day,escalated from LOW because of stockout history (0 days in the last 28; out of stock on 2.7% of all days observed)
BR001,MED436,Salbutamol Inhaler 200mcg,Respiratory,14,2.895,6.268,14.233,8.389,0.4643,0.4643,30.15,11.68,0,0,6,0.02877,0.693,LOW,MEDIUM,0.0,30.2 days of cover: 14 units in stock at expected demand of 0.46 units/day,escalated from LOW because of stockout history (0 days in the last 28; out of stock on 2.9% of all days observed)
BR001,MED490,Hydrocortisone Cream 1% (CarePlus Laboratories),Dermatological,12,2.412,4.606,10.824,7.906,0.3929,0.3929,30.55,10.62,0,2,8,0.0411,0.774,LOW,MEDIUM,0.0,30.5 days of cover: 12 units in stock at expected demand of 0.39 units/day,escalated from LOW because of stockout history (0 days in the last 28; out of stock on 4.1% of all days observed)
BR002,MED007,Cetirizine 10mg,Antihistamines,53,25.076,48.536,107.292,35.395,3.5357,3.5823,14.8,10.48,2,5,14,0.04247,0.294,LOW,MEDIUM,0.0,14.8 days of cover: 53 units in stock at expected demand of 3.58 units/day,escalated from LOW because of stockout history (2 days in the last 28; out of stock on 4.2% of all days observed)
BR002,MED040,Rosuvastatin 10mg,Cardiovascular,31,9.22,18.595,41.616,19.538,1.4643,1.4643,21.17,11.11,0,3,11,0.04384,0.536,LOW,MEDIUM,0.0,21.2 days of cover: 31 units in stock at expected demand of 1.46 units/day,escalated from LOW because of stockout history (0 days in the last 28; out of stock on 4.4% of all days observed)
BR002,MED050,Calcium + Vitamin D3 500mg/250IU,Vitamins,4,1.291,3.55,8.431,4.74,0.2857,0.2857,14.0,5.91,0,0,14,0.07397,0.928,LOW,MEDIUM,0.0,14.0 days of cover: 4 units in stock at expected demand of 0.29 units/day,escalated from LOW because of stockout history (0 days in the last 28; out of stock on 7.4% of all days observed) and only 5.9 days of cover at the upper forecast
BR002,MED065,Diclofenac 100mg (CureLine Healthcare),Analgesics,7,0.871,1.623,4.168,3.169,0.1786,0.1786,39.2,15.46,6,6,1,0.00822,1.098,LOW,MEDIUM,0.0,39.2 days of cover: 7 units in stock at expected demand of 0.18 units/day,escalated from LOW because of stockout history (6 days in the last 28; out of stock on 0.8% of all days observed); highly variable weekly demand (CV 1.10)
BR002,MED079,Ibuprofen 600mg (BlueCrest Pharma),Analgesics,10,3.114,6.644,15.561,8.608,0.5,0.5,20.0,8.13,0,0,9,0.03699,0.519,LOW,MEDIUM,0.0,20.0 days of cover: 10 units in stock at expected demand of 0.50 units/day,escalated from LOW because of stockout history (0 days in the last 28; out of stock on 3.7% of all days observed)
BR002,MED090,Paracetamol 500mg (CarePlus Laboratories),Analgesics,9,0.961,2.055,4.517,3.26,0.1786,0.1786,50.4,19.33,0,0,8,0.03836,0.871,LOW,MEDIUM,0.0,50.4 days of cover: 9 units in stock at expected demand of 0.18 units/day,escalated from LOW because of stockout history (0 days in the last 28; out of stock on 3.8% of all days observed)
BR002,MED097,Amoxicillin 250mg (LifeSpring Pharma),Antibiotics,6,2.164,4.19,11.08,7.657,0.3571,0.3571,16.8,5.49,0,1,4,0.01781,0.704,LOW,MEDIUM,0.0,16.8 days of cover: 6 units in stock at expected demand of 0.36 units/day,escalated from LOW because of only 5.5 days of cover at the upper forecast
BR002,MED105,Amoxicillin + Clavulanic Acid 375mg (NovaMed Laboratories),Antibiotics,39,17.33,34.553,73.425,27.649,2.5,2.5,15.6,9.87,0,0,13,0.04932,0.366,LOW,MEDIUM,0.0,15.6 days of cover: 39 units in stock at expected demand of 2.50 units/day,escalated from LOW because of stockout history (0 days in the last 28; out of stock on 4.9% of all days observed)
BR002,MED107,Amoxicillin + Clavulanic Acid 375mg (TrueLife Remedies),Antibiotics,8,1.059,2.067,4.627,4.507,0.1786,0.1786,44.8,12.43,0,4,5,0.03288,0.896,LOW,MEDIUM,0.0,44.8 days of cover: 8 units in stock at expected demand of 0.18 units/day,escalated from LOW because of stockout history (0 days in the last 28; out of stock on 3.3% of all days observed)
BR002,MED118,Azithromycin 250mg (NovaMed Laboratories),Antibiotics,9,0.791,1.598,3.44,3.089,0.1071,0.113,79.65,20.39,0,10,4,0.04658,1.036,LOW,MEDIUM,0.0,79.6 days of cover: 9 units in stock at expected demand of 0.11 units/day,escalated from LOW because of stockout history (0 days in the last 28; out of stock on 4.7% of all days observed); highly variable weekly demand (CV 1.04)
BR002,MED130,Ciprofloxacin 250mg (LifeSpring Pharma),Antibiotics,18,3.982,8.997,18.645,9.476,0.6429,0.6429,28.0,13.3,4,4,4,0.0137,0.5,LOW,MEDIUM,0.0,28.0 days of cover: 18 units in stock at expected demand of 0.64 units/day,escalated from LOW because of stockout history (4 days in the last 28; out of stock on 1.4% of all days observed)
BR002,MED139,Mefenamic Acid 500mg,Antipyretics,51,21.874,45.139,92.58,32.193,3.25,3.25,15.69,11.09,0,0,13,0.05068,0.29,LOW,MEDIUM,0.0,15.7 days of cover: 51 units in stock at expected demand of 3.25 units/day,escalated from LOW because of stockout history (0 days in the last 28; out of stock on 5.1% of all days observed)
BR002,MED141,Mefenamic Acid 500mg (HealthAxis Pharma),Antipyretics,10,0.918,1.928,4.147,3.217,0.1071,0.1311,76.25,21.76,0,1,6,0.03288,1.07,LOW,MEDIUM,0.0,76.3 days of cover: 10 units in stock at expected demand of 0.13 units/day,escalated from LOW because of stockout history (0 days in the last 28; out of stock on 3.3% of all days observed); highly variable weekly demand (CV 1.07)
BR002,MED144,Mefenamic Acid 500mg (NovaMed Laboratories),Antipyretics,25,9.837,18.225,40.683,20.156,1.5357,1.5357,16.28,8.68,0,7,21,0.07671,0.331,LOW,MEDIUM,0.0,16.3 days of cover: 25 units in stock at expected demand of 1.54 units/day,escalated from LOW because of stockout history (0 days in the last 28; out of stock on 7.7% of all days observed)
BR002,MED152,Paracetamol Suspension 250mg/5ml (Aarogya Formulations),Antipyretics,17,4.762,8.903,21.096,10.256,0.75,0.75,22.67,11.6,0,9,6,0.02603,0.427,LOW,MEDIUM,0.0,22.7 days of cover: 17 units in stock at expected demand of 0.75 units/day,escalated from LOW because of stockout history (0 days in the last 28; out of stock on 2.6% of all days observed)
BR002,MED154,Paracetamol Suspension 250mg/5ml (CarePlus Laboratories),Antipyretics,6,1.153,1.876,5.241,4.601,0.25,0.25,24.0,9.13,0,1,9,0.03836,0.588,LOW,MEDIUM,0.0,24.0 days of cover: 6 units in stock at expected demand of 0.25 units/day,escalated from LOW because of stockout history (0 days in the last 28; out of stock on 3.8% of all days observed)
BR002,MED159,Paracetamol Suspension 125mg/5ml (NovaMed Laboratories),Antipyretics,11,2.517,5.358,11.258,8.011,0.5357,0.5357,20.53,9.61,1,1,11,0.05342,0.636,LOW,MEDIUM,0.0,20.5 days of cover: 11 units in stock at expected demand of 0.54 units/day,escalated from LOW because of stockout history (1 days in the last 28; out of stock on 5.3% of all days observed)
BR002,MED163,Cetirizine 10mg (CureLine Healthcare),Antihistamines,23,9.318,18.879,43.929,19.637,1.6071,1.6071,14.31,8.2,2,3,13,0.06301,0.437,LOW,MEDIUM,0.0,14.3 days of cover: 23 units in stock at expected demand of 1.61 units/day,escalated from LOW because of stockout history (2 days in the last 28; out of stock on 6.3% of all days observed)
BR002,MED167,Cetirizine 10mg (TrueLife Remedies),Antihistamines,15,5.032,10.265,23.866,10.525,0.9643,0.9643,15.56,9.98,4,15,7,0.03699,0.619,LOW,MEDIUM,0.0,15.6 days of cover: 15 units in stock at expected demand of 0.96 units/day,escalated from LOW because of stockout history (4 days in the last 28; out of stock on 3.7% of all days observed)
BR002,MED191,Levocetirizine 5mg (BlueCrest Pharma),Antihistamines,8,2.653,5.433,13.843,8.147,0.4643,0.4643,17.23,6.87,0,2,6,0.0137,0.601,LOW,MEDIUM,0.0,17.2 days of cover: 8 units in stock at expected demand of 0.46 units/day,escalated from LOW because of only 6.9 days of cover at the upper forecast
BR002,MED200,Montelukast + Levocetirizine 10mg/5mg (HealthAxis Pharma),Antihistamines,14,2.262,4.453,9.853,7.755,0.3214,0.3231,43.32,12.64,0,0,7,0.0274,0.699,LOW,MEDIUM,0.0,43.3 days of cover: 14 units in stock at expected demand of 0.32 units/day,escalated from LOW because of stockout history (0 days in the last 28; out of stock on 2.7% of all days observed)
BR002,MED206,Domperidone 10mg (CarePlus Laboratories),Gastrointestinal,8,2.517,4.946,10.539,8.011,0.5357,0.5357,14.93,6.99,0,6,11,0.0589,0.614,LOW,MEDIUM,0.0,14.9 days of cover: 8 units in stock at expected demand of 0.54 units/day,escalated from LOW because of stockout history (0 days in the last 28; out of stock on 5.9% of all days observed) and only 7.0 days of cover at the upper forecast
BR002,MED218,Omeprazole 20mg (LifeSpring Pharma),Gastrointestinal,8,1.183,2.579,5.666,4.631,0.25,0.25,32.0,12.09,0,0,5,0.03151,0.806,LOW,MEDIUM,0.0,32.0 days of cover: 8 units in stock at expected demand of 0.25 units/day,escalated from LOW because of stockout history (0 days in the last 28; out of stock on 3.2% of all days observed)
BR002,MED245,Pantoprazole 40mg (BlueCrest Pharma),Gastrointestinal,19,4.706,9.851,19.728,10.2,0.6429,0.6723,28.26,13.04,0,3,11,0.06164,0.516,LOW,MEDIUM,0.0,28.3 days of cover: 19 units in stock at expected demand of 0.67 units/day,escalated from LOW because of stockout history (0 days in the last 28; out of stock on 6.2% of all days observed)
BR002,MED253,Pantoprazole 20mg (Stellar Formulations),Gastrointestinal,5,0.468,1.102,2.609,2.115,0.1786,0.1786,28.0,16.55,3,3,1,0.00411,1.369,LOW,MEDIUM,0.0,28.0 days of cover: 5 units in stock at expected demand of 0.18 units/day,escalated from LOW because of stockout history (3 days in the last 28; out of stock on 0.4% of all days observed); highly variable weekly demand (CV 1.37)
BR002,MED259,Amlodipine 5mg (Stellar Formulations),Cardiovascular,15,1.446,3.602,8.172,4.894,0.2143,0.2143,70.0,21.45,0,10,4,0.0274,1.116,LOW,MEDIUM,0.0,70.0 days of cover: 15 units in stock at expected demand of 0.21 units/day,escalated from LOW because of stockout history (0 days in the last 28; out of stock on 2.7% of all days observed); highly variable weekly demand (CV 1.12)
BR002,MED264,Amlodipine 2.5mg (Summit Lifesciences),Cardiovascular,37,8.823,19.075,42.135,19.142,1.4286,1.4286,25.9,13.53,0,0,9,0.02877,0.452,LOW,MEDIUM,0.0,25.9 days of cover: 37 units in stock at expected demand of 1.43 units/day,escalated from LOW because of stockout history (0 days in the last 28; out of stock on 2.9% of all days observed)
BR002,MED273,Aspirin 75mg (CureLine Healthcare),Cardiovascular,23,3.695,7.285,15.785,9.189,0.4286,0.5279,43.57,17.52,0,0,6,0.0274,0.881,LOW,MEDIUM,0.0,43.6 days of cover: 23 units in stock at expected demand of 0.53 units/day,escalated from LOW because of stockout history (0 days in the last 28; out of stock on 2.7% of all days observed)
BR002,MED302,Losartan 25mg (HealthAxis Pharma),Cardiovascular,11,2.027,4.894,9.434,5.475,0.5,0.5,22.0,14.06,0,3,10,0.03699,0.596,LOW,MEDIUM,0.0,22.0 days of cover: 11 units in stock at expected demand of 0.50 units/day,escalated from LOW because of stockout history (0 days in the last 28; out of stock on 3.7% of all days observed)
BR002,MED314,Rosuvastatin 10mg (BlueCrest Pharma),Cardiovascular,31,7.081,14.516,33.542,17.4,0.9286,1.0116,30.65,12.47,0,7,10,0.04795,0.509,LOW,MEDIUM,0.0,30.6 days of cover: 31 units in stock at expected demand of 1.01 units/day,escalated from LOW because of stockout history (0 days in the last 28; out of stock on 4.8% of all days observed)
BR002,MED319,Rosuvastatin 5mg (NovaMed Laboratories),Cardiovascular,95,41.2,83.762,181.83,51.519,5.8929,5.8929,16.12,12.91,0,0,10,0.03836,0.242,LOW,MEDIUM,0.0,16.1 days of cover: 95 units in stock at expected demand of 5.89 units/day,escalated from LOW because of stockout history (0 days in the last 28; out of stock on 3.8% of all days observed)
BR002,MED320,Rosuvastatin 5mg (Stellar Formulations),Cardiovascular,28,7.819,15.881,36.424,18.138,1.3214,1.3214,21.19,10.81,0,6,7,0.03425,0.695,LOW,MEDIUM,0.0,21.2 days of cover: 28 units in stock at expected demand of 1.32 units/day,escalated from LOW because of stockout history (0 days in the last 28; out of stock on 3.4% of all days observed)
BR002,MED335,Telmisartan 20mg (Summit Lifesciences),Cardiovascular,7,0.958,2.231,5.342,3.256,0.2143,0.2143,32.67,15.05,0,0,4,0.03836,0.957,LOW,MEDIUM,0.0,32.7 days of cover: 7 units in stock at expected demand of 0.21 units/day,escalated from LOW because of stockout history (0 days in the last 28; out of stock on 3.8% of all days observed)
BR002,MED354,Gliclazide 40mg (Summit Lifesciences),Antidiabetic,48,18.299,38.317,83.939,28.618,2.7143,2.7143,17.68,11.74,0,0,4,0.03014,0.379,LOW,MEDIUM,0.0,17.7 days of cover: 48 units in stock at expected demand of 2.71 units/day,escalated from LOW because of stockout history (0 days in the last 28; out of stock on 3.0% of all days observed)
BR002,MED355,Glimepiride 2mg (BlueCrest Pharma),Antidiabetic,14,1.168,2.047,5.52,4.616,0.3571,0.3571,39.2,21.23,3,3,3,0.0137,1.446,LOW,MEDIUM,0.0,39.2 days of cover: 14 units in stock at expected demand of 0.36 units/day,escalated from LOW because of stockout history (3 days in the last 28; out of stock on 1.4% of all days observed); highly variable weekly demand (CV 1.45)
BR002,MED417,Dextromethorphan Syrup 100ml (LifeSpring Pharma),Respiratory,5,1.742,3.754,8.376,5.19,0.3214,0.3214,15.56,6.74,0,0,1,0.00411,0.838,LOW,MEDIUM,0.0,15.6 days of cover: 5 units in stock at expected demand of 0.32 units/day,escalated from LOW because of only 6.7 days of cover at the upper forecast
BR002,MED431,Salbutamol Inhaler 100mcg (ApexLife Pharma),Respiratory,10,2.942,5.514,12.835,8.435,0.6429,0.6429,15.56,8.3,5,12,15,0.05479,0.597,LOW,MEDIUM,0.0,15.6 days of cover: 10 units in stock at expected demand of 0.64 units/day,escalated from LOW because of stockout history (5 days in the last 28; out of stock on 5.5% of all days observed)
BR002,MED443,Calcium + Vitamin D3 500mg/250IU (ApexLife Pharma),Vitamins,18,5.095,11.073,24.625,10.589,1.0714,1.0714,16.8,11.9,1,1,10,0.06164,0.46,LOW,MEDIUM,0.0,16.8 days of cover: 18 units in stock at expected demand of 1.07 units/day,escalated from LOW because of stockout history (1 days in the last 28; out of stock on 6.2% of all days observed)
BR002,MED446,Calcium + Vitamin D3 500mg/250IU (LifeSpring Pharma),Vitamins,21,7.198,15.314,35.004,17.516,1.4643,1.4643,14.34,8.39,4,4,3,0.01233,0.523,LOW,MEDIUM,0.0,14.3 days of cover: 21 units in stock at expected demand of 1.46 units/day,escalated from LOW because of stockout history (4 days in the last 28; out of stock on 1.2% of all days observed)
BR002,MED472,Vitamin C Chewable 1000mg (TrueLife Remedies),Vitamins,11,0.647,1.749,3.611,2.293,0.1786,0.1786,61.6,33.58,4,4,1,0.00548,1.333,LOW,MEDIUM,0.0,61.6 days of cover: 11 units in stock at expected demand of 0.18 units/day,escalated from LOW because of stockout history (4 days in the last 28; out of stock on 0.5% of all days observed); highly variable weekly demand (CV 1.33)
BR002,MED476,Vitamin D3 1000IU,Vitamins,13,2.554,5.356,12.425,8.047,0.4643,0.4643,28.0,11.31,0,0,8,0.03288,0.781,LOW,MEDIUM,0.0,28.0 days of cover: 13 units in stock at expected demand of 0.46 units/day,escalated from LOW because of stockout history (0 days in the last 28; out of stock on 3.3% of all days observed)
BR002,MED481,Calamine Lotion 100ml (TrueLife Remedies),Dermatological,4,1.103,2.485,5.728,4.551,0.25,0.25,16.0,6.15,0,0,1,0.00274,1.017,LOW,MEDIUM,0.0,16.0 days of cover: 4 units in stock at expected demand of 0.25 units/day,escalated from LOW because of only 6.2 days of cover at the upper forecast; highly variable weekly demand (CV 1.02)
BR002,MED483,Clotrimazole Cream 1% (CureLine Healthcare),Dermatological,3,0.799,1.828,4.205,3.097,0.2143,0.2143,14.0,6.78,0,0,2,0.01233,0.798,LOW,MEDIUM,0.0,14.0 days of cover: 3 units in stock at expected demand of 0.21 units/day,escalated from LOW because of only 6.8 days of cover at the upper forecast
BR003,MED002,Diclofenac 50mg,Analgesics,19,4.42,9.231,20.656,9.914,0.7857,0.7857,24.18,13.42,2,4,10,0.0411,0.504,LOW,MEDIUM,0.0,24.2 days of cover: 19 units in stock at expected demand of 0.79 units/day,escalated from LOW because of stockout history (2 days in the last 28; out of stock on 4.1% of all days observed)
BR003,MED005,Paracetamol 650mg,Antipyretics,54,26.133,50.161,107.226,36.452,3.8214,3.8214,14.13,10.37,1,2,23,0.06027,0.242,LOW,MEDIUM,0.0,14.1 days of cover: 54 units in stock at expected demand of 3.82 units/day,escalated from LOW because of stockout history (1 days in the last 28; out of stock on 6.0% of all days observed)
BR003,MED007,Cetirizine 10mg,Antihistamines,61,28.372,54.281,129.191,38.691,4.0,4.0531,15.05,11.04,2,5,15,0.0863,0.315,LOW,MEDIUM,0.0,15.1 days of cover: 61 units in stock at expected demand of 4.05 units/day,escalated from LOW because of stockout history (2 days in the last 28; out of stock on 8.6% of all days observed)
BR003,MED009,Pantoprazole 40mg,Gastrointestinal,87,27.556,54.993,122.049,37.875,3.8929,3.9366,22.1,16.08,0,0,3,0.0274,0.343,LOW,MEDIUM,0.0,22.1 days of cover: 87 units in stock at expected demand of 3.94 units/day,escalated from LOW because of stockout history (0 days in the last 28; out of stock on 2.7% of all days observed)
BR003,MED011,Amlodipine 5mg,Cardiovascular,140,66.595,129.976,280.498,76.913,9.6786,9.6786,14.46,12.74,1,1,9,0.03699,0.187,LOW,MEDIUM,0.0,14.5 days of cover: 140 units in stock at expected demand of 9.68 units/day,escalated from LOW because of stockout history (1 days in the last 28; out of stock on 3.7% of all days observed)
BR003,MED033,Omeprazole 20mg,Gastrointestinal,99,34.981,69.034,145.436,45.3,4.8571,4.9973,19.81,15.3,0,0,5,0.03288,0.358,LOW,MEDIUM,0.0,19.8 days of cover: 99 units in stock at expected demand of 5.00 units/day,escalated from LOW because of stockout history (0 days in the last 28; out of stock on 3.3% of all days observed)
BR003,MED050,Calcium + Vitamin D3 500mg/250IU,Vitamins,7,1.787,3.747,8.931,5.236,0.3214,0.3214,21.78,9.36,0,4,9,0.03836,0.686,LOW,MEDIUM,0.0,21.8 days of cover: 7 units in stock at expected demand of 0.32 units/day,escalated from LOW because of stockout history (0 days in the last 28; out of stock on 3.8% of all days observed)
BR003,MED064,Diclofenac 100mg,Analgesics,8,2.527,5.237,12.865,8.02,0.4643,0.4643,17.23,6.98,0,0,2,0.00685,0.71,LOW,MEDIUM,0.0,17.2 days of cover: 8 units in stock at expected demand of 0.46 units/day,escalated from LOW because of only 7.0 days of cover at the upper forecast
BR003,MED066,Diclofenac 100mg (VitaCure Remedies),Analgesics,11,1.331,2.994,6.442,4.779,0.2143,0.2143,51.33,16.11,0,0,3,0.0411,0.953,LOW,MEDIUM,0.0,51.3 days of cover: 11 units in stock at expected demand of 0.21 units/day,escalated from LOW because of stockout history (0 days in the last 28; out of stock on 4.1% of all days observed)
BR003,MED076,Ibuprofen 200mg (TrueLife Remedies),Analgesics,17,6.916,14.652,32.788,17.235,1.2143,1.2143,14.0,6.9,0,1,5,0.01096,0.492,LOW,MEDIUM,0.0,14.0 days of cover: 17 units in stock at expected demand of 1.21 units/day,escalated from LOW because of only 6.9 days of cover at the upper forecast
BR003,MED105,Amoxicillin + Clavulanic Acid 375mg (NovaMed Laboratories),Antibiotics,49,20.499,41.396,88.402,30.818,3.0714,3.0714,15.95,11.13,0,1,13,0.05068,0.323,LOW,MEDIUM,0.0,16.0 days of cover: 49 units in stock at expected demand of 3.07 units/day,escalated from LOW because of stockout history (0 days in the last 28; out of stock on 5.1% of all days observed)
BR003,MED122,Cefixime 200mg (NovaMed Laboratories),Antibiotics,15,2.343,4.927,10.648,7.836,0.3929,0.3929,38.18,13.4,0,0,5,0.03014,0.535,LOW,MEDIUM,0.0,38.2 days of cover: 15 units in stock at expected demand of 0.39 units/day,escalated from LOW because of stockout history (0 days in the last 28; out of stock on 3.0% of all days observed)
BR003,MED135,Mefenamic Acid 250mg (ApexLife Pharma),Antipyretics,22,5.678,11.968,25.963,11.171,0.8571,0.8571,25.67,13.79,0,0,8,0.03562,0.577,LOW,MEDIUM,0.0,25.7 days of cover: 22 units in stock at expected demand of 0.86 units/day,escalated from LOW because of stockout history (0 days in the last 28; out of stock on 3.6% of all days observed)
BR003,MED152,Paracetamol Suspension 250mg/5ml (Aarogya Formulations),Antipyretics,32,7.253,13.989,31.811,17.572,1.0,1.0361,30.88,12.75,3,3,4,0.01644,0.424,LOW,MEDIUM,0.0,30.9 days of cover: 32 units in stock at expected demand of 1.04 units/day,escalated from LOW because of stockout history (3 days in the last 28; out of stock on 1.6% of all days observed)
BR003,MED159,Paracetamol Suspension 125mg/5ml (NovaMed Laboratories),Antipyretics,6,2.044,4.441,10.274,5.492,0.3929,0.3929,15.27,7.65,0,1,8,0.03151,0.543,LOW,MEDIUM,0.0,15.3 days of cover: 6 units in stock at expected demand of 0.39 units/day,escalated from LOW because of stockout history (0 days in the last 28; out of stock on 3.2% of all days observed)
BR003,MED163,Cetirizine 10mg (CureLine Healthcare),Antihistamines,43,13.044,27.073,59.3,23.363,1.8571,1.8634,23.08,12.88,0,3,6,0.03151,0.361,LOW,MEDIUM,0.0,23.1 days of cover: 43 units in stock at expected demand of 1.86 units/day,escalated from LOW because of stockout history (0 days in the last 28; out of stock on 3.2% of all days observed)
BR003,MED165,Cetirizine 10mg (Stellar Formulations),Antihistamines,16,5.553,11.933,27.124,11.047,1.0,1.0,16.0,10.14,0,0,6,0.03425,0.575,LOW,MEDIUM,0.0,16.0 days of cover: 16 units in stock at expected demand of 1.00 units/day,escalated from LOW because of stockout history (0 days in the last 28; out of stock on 3.4% of all days observed)
BR003,MED172,Cetirizine 5mg (Summit Lifesciences),Antihistamines,18,1.052,2.401,5.983,4.501,0.1429,0.1503,119.77,27.99,0,0,3,0.0274,1.223,LOW,MEDIUM,0.0,119.8 days of cover: 18 units in stock at expected demand of 0.15 units/day,escalated from LOW because of stockout history (0 days in the last 28; out of stock on 2.7% of all days observed); highly variable weekly demand (CV 1.22)
BR003,MED179,Chlorpheniramine 4mg (LifeSpring Pharma),Antihistamines,8,3.055,6.648,15.932,8.548,0.5714,0.5714,14.0,6.55,0,3,2,0.00822,0.917,LOW,MEDIUM,0.0,14.0 days of cover: 8 units in stock at expected demand of 0.57 units/day,escalated from LOW because of only 6.6 days of cover at the upper forecast
BR003,MED206,Domperidone 10mg (CarePlus Laboratories),Gastrointestinal,39,7.831,14.863,30.99,18.15,0.8214,1.1187,34.86,15.04,0,6,11,0.03973,0.661,LOW,MEDIUM,0.0,34.9 days of cover: 39 units in stock at expected demand of 1.12 units/day,escalated from LOW because of stockout history (0 days in the last 28; out of stock on 4.0% of all days observed)
BR003,MED257,Amlodipine 5mg (LifeSpring Pharma),Cardiovascular,34,8.546,17.366,39.415,18.864,1.2143,1.2209,27.85,12.62,0,7,5,0.02603,0.428,LOW,MEDIUM,0.0,27.8 days of cover: 34 units in stock at expected demand of 1.22 units/day,escalated from LOW because of stockout history (0 days in the last 28; out of stock on 2.6% of all days observed)
BR003,MED275,Aspirin 75mg (NovaMed Laboratories),Cardiovascular,9,0.844,1.501,3.673,3.142,0.1429,0.1429,63.0,20.05,3,5,3,0.01096,2.2,LOW,MEDIUM,0.0,63.0 days of cover: 9 units in stock at expected demand of 0.14 units/day,escalated from LOW because of stockout history (3 days in the last 28; out of stock on 1.1% of all days observed); highly variable weekly demand (CV 2.20)
BR003,MED323,Rosuvastatin 20mg (NovaMed Laboratories),Cardiovascular,17,1.259,2.269,7.326,4.707,0.2857,0.2857,59.5,25.28,1,5,7,0.03288,1.315,LOW,MEDIUM,0.0,59.5 days of cover: 17 units in stock at expected demand of 0.29 units/day,escalated from LOW because of stockout history (1 days in the last 28; out of stock on 3.3% of all days observed); highly variable weekly demand (CV 1.32)
BR003,MED357,Glimepiride 2mg (Stellar Formulations),Antidiabetic,40,7.8,16.75,35.419,18.119,0.8929,1.1143,35.9,15.45,0,0,3,0.0274,0.527,LOW,MEDIUM,0.0,35.9 days of cover: 40 units in stock at expected demand of 1.11 units/day,escalated from LOW because of stockout history (0 days in the last 28; out of stock on 2.7% of all days observed)
BR003,MED378,Glimepiride + Metformin 1mg/500mg (Stellar Formulations),Antidiabetic,9,2.712,6.2,14.969,8.205,0.6429,0.6429,14.0,7.68,0,0,1,0.00137,0.771,MEDIUM,MEDIUM,0.0,14.0 days of cover: 9 units in stock at expected demand of 0.64 units/day,
BR003,MED398,Sitagliptin 50mg (ApexLife Pharma),Antidiabetic,9,3.055,7.089,16.643,8.549,0.6429,0.6429,14.0,7.37,0,0,1,0.00411,0.697,MEDIUM,MEDIUM,0.0,14.0 days of cover: 9 units in stock at expected demand of 0.64 units/day,
BR003,MED415,Budesonide Inhaler 100mcg,Respiratory,7,2.204,5.001,11.018,7.697,0.3929,0.3929,17.82,6.37,0,0,4,0.0137,0.685,LOW,MEDIUM,0.0,17.8 days of cover: 7 units in stock at expected demand of 0.39 units/day,escalated from LOW because of only 6.4 days of cover at the upper forecast
BR003,MED448,Calcium + Vitamin D3 500mg/250IU (TrueLife Remedies),Vitamins,48,9.313,19.822,41.783,19.632,1.25,1.3304,36.08,17.11,0,0,5,0.03699,0.426,LOW,MEDIUM,0.0,36.1 days of cover: 48 units in stock at expected demand of 1.33 units/day,escalated from LOW because of stockout history (0 days in the last 28; out of stock on 3.7% of all days observed)
BR003,MED484,Clotrimazole Cream 2%,Dermatological,4,1.259,2.385,4.563,4.708,0.2143,0.2143,18.67,5.95,0,2,3,0.00548,0.798,LOW,MEDIUM,0.0,18.7 days of cover: 4 units in stock at expected demand of 0.21 units/day,escalated from LOW because of only 5.9 days of cover at the upper forecast
BR004,MED002,Diclofenac 50mg,Analgesics,16,2.892,6.39,14.669,8.386,0.3571,0.4131,38.73,13.36,0,0,6,0.02877,0.703,LOW,MEDIUM,0.0,38.7 days of cover: 16 units in stock at expected demand of 0.41 units/day,escalated from LOW because of stockout history (0 days in the last 28; out of stock on 2.9% of all days observed)
BR004,MED004,Azithromycin 500mg,Antibiotics,5,0.987,1.881,4.5,3.286,0.2857,0.2857,17.5,10.65,4,4,7,0.02466,1.001,LOW,MEDIUM,0.0,17.5 days of cover: 5 units in stock at expected demand of 0.29 units/day,escalated from LOW because of stockout history (4 days in the last 28; out of stock on 2.5% of all days observed); highly variable weekly demand (CV 1.00)
BR004,MED007,Cetirizine 10mg,Antihistamines,76,24.992,51.157,109.474,35.311,3.25,3.5703,21.29,15.07,0,10,13,0.05753,0.317,LOW,MEDIUM,0.0,21.3 days of cover: 76 units in stock at expected demand of 3.57 units/day,escalated from LOW because of stockout history (0 days in the last 28; out of stock on 5.8% of all days observed)
BR004,MED011,Amlodipine 5mg,Cardiovascular,137,50.594,99.059,208.213,60.913,6.9286,7.2277,18.95,15.74,0,1,14,0.03014,0.204,LOW,MEDIUM,0.0,19.0 days of cover: 137 units in stock at expected demand of 7.23 units/day,escalated from LOW because of stockout history (0 days in the last 28; out of stock on 3.0% of all days observed)
BR004,MED021,Ibuprofen 400mg,Analgesics,12,2.048,4.629,10.382,5.497,0.3929,0.3929,30.55,15.28,0,1,8,0.03562,0.787,LOW,MEDIUM,0.0,30.5 days of cover: 12 units in stock at expected demand of 0.39 units/day,escalated from LOW because of stockout history (0 days in the last 28; out of stock on 3.6% of all days observed)
BR004,MED050,Calcium + Vitamin D3 500mg/250IU,Vitamins,4,1.049,2.451,5.392,4.498,0.25,0.25,16.0,6.22,0,0,6,0.02466,0.792,LOW,MEDIUM,0.0,16.0 days of cover: 4 units in stock at expected demand of 0.25 units/day,escalated from LOW because of only 6.2 days of cover at the upper forecast
BR004,MED078,Ibuprofen 600mg,Analgesics,15,6.347,13.472,29.936,16.666,1.0714,1.0714,14.0,6.3,0,0,4,0.01507,0.59,LOW,MEDIUM,0.0,14.0 days of cover: 15 units in stock at expected demand of 1.07 units/day,escalated from LOW because of only 6.3 days of cover at the upper forecast
BR004,MED086,Naproxen 500mg (CarePlus Laboratories),Analgesics,148,43.665,91.555,185.422,53.984,6.0,6.2379,23.73,19.19,0,1,4,0.02877,0.249,LOW,MEDIUM,0.0,23.7 days of cover: 148 units in stock at expected demand of 6.24 units/day,escalated from LOW because of stockout history (0 days in the last 28; out of stock on 2.9% of all days observed)
BR004,MED098,Amoxicillin 250mg (NovaMed Laboratories),Antibiotics,13,1.64,3.631,7.083,5.088,0.4286,0.4286,30.33,17.89,4,4,1,0.00548,0.703,LOW,MEDIUM,0.0,30.3 days of cover: 13 units in stock at expected demand of 0.43 units/day,escalated from LOW because of stockout history (4 days in the last 28; out of stock on 0.5% of all days observed)
BR004,MED105,Amoxicillin + Clavulanic Acid 375mg (NovaMed Laboratories),Antibiotics,63,12.054,25.877,53.687,22.373,1.7857,1.7857,35.28,19.71,0,0,12,0.05616,0.41,LOW,MEDIUM,0.0,35.3 days of cover: 63 units in stock at expected demand of 1.79 units/day,escalated from LOW because of stockout history (0 days in the last 28; out of stock on 5.6% of all days observed)
BR004,MED116,Azithromycin 250mg (HealthAxis Pharma),Antibiotics,11,1.038,1.917,4.249,3.336,0.1429,0.1483,74.18,23.08,0,0,11,0.03836,0.756,LOW,MEDIUM,0.0,74.2 days of cover: 11 units in stock at expected demand of 0.15 units/day,escalated from LOW because of stockout history (0 days in the last 28; out of stock on 3.8% of all days observed)
BR004,MED117,Azithromycin 250mg (LifeSpring Pharma),Antibiotics,58,26.443,49.665,107.878,36.762,3.2857,3.7776,15.35,11.04,4,8,4,0.02603,0.343,LOW,MEDIUM,0.0,15.4 days of cover: 58 units in stock at expected demand of 3.78 units/day,escalated from LOW because of stockout history (4 days in the last 28; out of stock on 2.6% of all days observed)
BR004,MED122,Cefixime 200mg (NovaMed Laboratories),Antibiotics,16,2.535,5.391,11.603,8.029,0.3214,0.3621,44.18,13.95,0,0,9,0.03973,0.634,LOW,MEDIUM,0.0,44.2 days of cover: 16 units in stock at expected demand of 0.36 units/day,escalated from LOW because of stockout history (0 days in the last 28; out of stock on 4.0% of all days observed)
BR004,MED130,Ciprofloxacin 250mg (LifeSpring Pharma),Antibiotics,9,2.729,5.26,11.449,8.222,0.6429,0.6429,14.0,7.66,1,1,5,0.02055,0.419,MEDIUM,MEDIUM,0.0,14.0 days of cover: 9 units in stock at expected demand of 0.64 units/day,
BR004,MED140,Mefenamic Acid 500mg (CureLine Healthcare),Antipyretics,8,2.93,5.725,13.743,8.423,0.5357,0.5357,14.93,6.65,0,3,4,0.01781,0.684,LOW,MEDIUM,0.0,14.9 days of cover: 8 units in stock at expected demand of 0.54 units/day,escalated from LOW because of only 6.6 days of cover at the upper forecast
BR004,MED144,Mefenamic Acid 500mg (NovaMed Laboratories),Antipyretics,28,10.981,21.217,44.982,21.3,1.6071,1.6071,17.42,9.2,0,4,14,0.05205,0.424,LOW,MEDIUM,0.0,17.4 days of cover: 28 units in stock at expected demand of 1.61 units/day,escalated from LOW because of stockout history (0 days in the last 28; out of stock on 5.2% of all days observed)
BR004,MED148,Mefenamic Acid 500mg (VitaCure Remedies),Antipyretics,21,1.149,2.187,5.194,4.597,0.0357,0.1641,127.94,31.98,0,11,5,0.03151,1.127,LOW,MEDIUM,0.0,127.9 days of cover: 21 units in stock at expected demand of 0.16 units/day,escalated from LOW because of stockout history (0 days in the last 28; out of stock on 3.2% of all days observed); highly variable weekly demand (CV 1.13)
BR004,MED154,Paracetamol Suspension 250mg/5ml (CarePlus Laboratories),Antipyretics,12,1.321,2.625,5.929,4.769,0.1429,0.1887,63.59,17.61,0,4,14,0.06027,0.733,LOW,MEDIUM,0.0,63.6 days of cover: 12 units in stock at expected demand of 0.19 units/day,escalated from LOW because of stockout history (0 days in the last 28; out of stock on 6.0% of all days observed)
BR004,MED162,Cetirizine 10mg (ApexLife Pharma),Antihistamines,3,0.798,1.653,4.368,3.096,0.2143,0.2143,14.0,6.78,0,0,2,0.00822,1.027,LOW,MEDIUM,0.0,14.0 days of cover: 3 units in stock at expected demand of 0.21 units/day,escalated from LOW because of only 6.8 days of cover at the upper forecast; highly variable weekly demand (CV 1.03)
BR004,MED178,Chlorpheniramine 4mg (HealthAxis Pharma),Antihistamines,10,1.165,2.459,5.722,4.614,0.1786,0.1786,56.0,15.17,0,18,5,0.03973,1.139,LOW,MEDIUM,0.0,56.0 days of cover: 10 units in stock at expected demand of 0.18 units/day,escalated from LOW because of stockout history (0 days in the last 28; out of stock on 4.0% of all days observed); highly variable weekly demand (CV 1.14)
BR004,MED200,Montelukast + Levocetirizine 10mg/5mg (HealthAxis Pharma),Antihistamines,15,3.772,7.736,17.21,9.265,0.5714,0.5714,26.25,11.33,0,0,9,0.04521,0.805,LOW,MEDIUM,0.0,26.2 days of cover: 15 units in stock at expected demand of 0.57 units/day,escalated from LOW because of stockout history (0 days in the last 28; out of stock on 4.5% of all days observed)
BR004,MED206,Domperidone 10mg (CarePlus Laboratories),Gastrointestinal,23,7.226,14.17,31.747,17.545,1.3214,1.3214,17.41,9.18,3,7,6,0.03699,0.371,LOW,MEDIUM,0.0,17.4 days of cover: 23 units in stock at expected demand of 1.32 units/day,escalated from LOW because of stockout history (3 days in the last 28; out of stock on 3.7% of all days observed)
BR004,MED231,Ondansetron 4mg (NovaMed Laboratories),Gastrointestinal,4,0.816,1.803,3.885,3.114,0.1786,0.1786,22.4,8.99,0,2,14,0.05205,0.962,LOW,MEDIUM,0.0,22.4 days of cover: 4 units in stock at expected demand of 0.18 units/day,escalated from LOW because of stockout history (0 days in the last 28; out of stock on 5.2% of all days observed)
BR004,MED246,Pantoprazole 40mg (CarePlus Laboratories),Gastrointestinal,12,0.984,1.95,4.563,3.282,0.1429,0.1429,84.0,25.59,0,0,5,0.03288,1.02,LOW,MEDIUM,0.0,84.0 days of cover: 12 units in stock at expected demand of 0.14 units/day,escalated from LOW because of stockout history (0 days in the last 28; out of stock on 3.3% of all days observed); highly variable weekly demand (CV 1.02)
BR004,MED261,Amlodipine 2.5mg,Cardiovascular,9,0.666,1.484,3.906,2.313,0.1071,0.1071,84.0,27.24,0,0,4,0.03014,2.129,LOW,MEDIUM,0.0,84.0 days of cover: 9 units in stock at expected demand of 0.11 units/day,escalated from LOW because of stockout history (0 days in the last 28; out of stock on 3.0% of all days observed); highly variable weekly demand (CV 2.13)
BR004,MED272,Aspirin 75mg (BlueCrest Pharma),Cardiovascular,62,28.557,56.3,122.651,38.876,4.1071,4.1071,15.1,11.16,0,0,7,0.04247,0.368,LOW,MEDIUM,0.0,15.1 days of cover: 62 units in stock at expected demand of 4.11 units/day,escalated from LOW because of stockout history (0 days in the last 28; out of stock on 4.2% of all days observed)
BR004,MED273,Aspirin 75mg (CureLine Healthcare),Cardiovascular,19,2.408,4.951,10.993,7.902,0.3571,0.3571,53.2,16.83,0,0,8,0.03699,0.647,LOW,MEDIUM,0.0,53.2 days of cover: 19 units in stock at expected demand of 0.36 units/day,escalated from LOW because of stockout history (0 days in the last 28; out of stock on 3.7% of all days observed)
BR004,MED278,Aspirin 150mg (CarePlus Laboratories),Cardiovascular,22,5.633,11.407,25.225,11.127,0.6786,0.8047,27.34,13.84,5,5,13,0.06164,0.487,LOW,MEDIUM,0.0,27.3 days of cover: 22 units in stock at expected demand of 0.80 units/day,escalated from LOW because of stockout history (5 days in the last 28; out of stock on 6.2% of all days observed)
BR004,MED283,Atorvastatin 10mg (LifeSpring Pharma),Cardiovascular,14,3.861,8.091,18.806,9.355,0.6786,0.6786,20.63,10.48,0,0,6,0.02603,0.583,LOW,MEDIUM,0.0,20.6 days of cover: 14 units in stock at expected demand of 0.68 units/day,escalated from LOW because of stockout history (0 days in the last 28; out of stock on 2.6% of all days observed)
BR004,MED307,Metoprolol 50mg (BlueCrest Pharma),Cardiovascular,63,19.584,41.082,91.021,29.903,2.7143,2.7977,22.52,14.75,0,0,4,0.03014,0.38,LOW,MEDIUM,0.0,22.5 days of cover: 63 units in stock at expected demand of 2.80 units/day,escalated from LOW because of stockout history (0 days in the last 28; out of stock on 3.0% of all days observed)
BR004,MED310,Metoprolol 25mg,Cardiovascular,17,5.919,13.22,29.727,11.413,1.0714,1.0714,15.87,10.43,0,0,2,0.02603,0.389,LOW,MEDIUM,0.0,15.9 days of cover: 17 units in stock at expected demand of 1.07 units/day,escalated from LOW because of stockout history (0 days in the last 28; out of stock on 2.6% of all days observed)
BR004,MED319,Rosuvastatin 5mg (NovaMed Laboratories),Cardiovascular,91,38.881,75.928,167.008,49.2,5.2143,5.5544,16.38,12.95,2,3,9,0.03973,0.24,LOW,MEDIUM,0.0,16.4 days of cover: 91 units in stock at expected demand of 5.55 units/day,escalated from LOW because of stockout history (2 days in the last 28; out of stock on 4.0% of all days observed)
BR004,MED349,Gliclazide 40mg,Antidiabetic,12,3.536,7.205,16.699,9.029,0.6786,0.6786,17.68,9.3,0,8,12,0.04384,0.621,LOW,MEDIUM,0.0,17.7 days of cover: 12 units in stock at expected demand of 0.68 units/day,escalated from LOW because of stockout history (0 days in the last 28; out of stock on 4.4% of all days observed)
BR004,MED362,Glimepiride 1mg (HealthAxis Pharma),Antidiabetic,13,2.481,4.644,9.431,7.975,0.6071,0.6071,21.41,11.41,5,13,12,0.05342,0.831,LOW,MEDIUM,0.0,21.4 days of cover: 13 units in stock at expected demand of 0.61 units/day,escalated from LOW because of stockout history (5 days in the last 28; out of stock on 5.3% of all days observed)
BR004,MED368,Glimepiride 3mg (NovaMed Laboratories),Antidiabetic,11,0.668,1.253,2.908,2.315,0.1786,0.1786,61.6,33.26,4,4,4,0.02055,1.202,LOW,MEDIUM,0.0,61.6 days of cover: 11 units in stock at expected demand of 0.18 units/day,escalated from LOW because of stockout history (4 days in the last 28; out of stock on 2.1% of all days observed); highly variable weekly demand (CV 1.20)
BR004,MED383,Metformin 500mg (Stellar Formulations),Antidiabetic,71,33.185,70.004,153.778,43.504,4.9286,4.9286,14.41,11.42,0,0,5,0.03151,0.245,LOW,MEDIUM,0.0,14.4 days of cover: 71 units in stock at expected demand of 4.93 units/day,escalated from LOW because of stockout history (0 days in the last 28; out of stock on 3.2% of all days observed)
BR004,MED402,Sitagliptin 50mg (NovaMed Laboratories),Antidiabetic,24,5.862,11.168,26.587,11.356,0.8214,0.8374,28.66,14.79,0,9,12,0.06438,0.879,LOW,MEDIUM,0.0,28.7 days of cover: 24 units in stock at expected demand of 0.84 units/day,escalated from LOW because of stockout history (0 days in the last 28; out of stock on 6.4% of all days observed)
BR004,MED408,Ambroxol + Levosalbutamol Syrup 100ml (Summit Lifesciences),Respiratory,4,1.048,2.316,4.976,4.497,0.2857,0.2857,14.0,6.23,0,0,1,0.00274,1.085,LOW,MEDIUM,0.0,14.0 days of cover: 4 units in stock at expected demand of 0.29 units/day,escalated from LOW because of only 6.2 days of cover at the upper forecast; highly variable weekly demand (CV 1.09)
BR004,MED411,Ambroxol + Levosalbutamol Syrup 60ml (NovaMed Laboratories),Respiratory,10,3.686,7.475,17.329,9.179,0.6429,0.6429,15.56,7.63,0,1,9,0.03973,0.539,LOW,MEDIUM,0.0,15.6 days of cover: 10 units in stock at expected demand of 0.64 units/day,escalated from LOW because of stockout history (0 days in the last 28; out of stock on 4.0% of all days observed)
BR004,MED429,Montelukast 5mg (TrueLife Remedies),Respiratory,7,2.752,5.555,14.009,8.245,0.4643,0.4643,15.08,5.94,0,1,9,0.03425,0.604,LOW,MEDIUM,0.0,15.1 days of cover: 7 units in stock at expected demand of 0.46 units/day,escalated from LOW because of stockout history (0 days in the last 28; out of stock on 3.4% of all days observed) and only 5.9 days of cover at the upper forecast
BR004,MED431,Salbutamol Inhaler 100mcg (ApexLife Pharma),Respiratory,9,1.831,3.701,7.286,5.279,0.4643,0.4643,19.38,11.93,7,12,14,0.07397,0.724,LOW,MEDIUM,0.0,19.4 days of cover: 9 units in stock at expected demand of 0.46 units/day,escalated from LOW because of stockout history (7 days in the last 28; out of stock on 7.4% of all days observed)
BR004,MED448,Calcium + Vitamin D3 500mg/250IU (TrueLife Remedies),Vitamins,30,6.834,14.919,32.998,17.153,0.8571,0.9763,30.73,12.24,0,2,4,0.0274,0.72,LOW,MEDIUM,0.0,30.7 days of cover: 30 units in stock at expected demand of 0.98 units/day,escalated from LOW because of stockout history (0 days in the last 28; out of stock on 2.7% of all days observed)
BR004,MED450,Iron + Folic Acid 100mg/500mcg (CarePlus Laboratories),Vitamins,6,0.808,1.755,4.9,3.107,0.1786,0.1786,33.6,13.52,0,0,2,0.02603,1.256,LOW,MEDIUM,0.0,33.6 days of cover: 6 units in stock at expected demand of 0.18 units/day,escalated from LOW because of stockout history (0 days in the last 28; out of stock on 2.6% of all days observed); highly variable weekly demand (CV 1.26)
BR004,MED462,Vitamin C Chewable 500mg (ApexLife Pharma),Vitamins,4,0.831,1.739,4.821,3.129,0.1786,0.1786,22.4,8.95,0,1,10,0.03014,0.899,LOW,MEDIUM,0.0,22.4 days of cover: 4 units in stock at expected demand of 0.18 units/day,escalated from LOW because of stockout history (0 days in the last 28; out of stock on 3.0% of all days observed)
BR005,MED002,Diclofenac 50mg,Analgesics,14,2.81,6.279,12.336,8.303,0.5,0.5,28.0,11.8,4,9,12,0.06164,0.61,LOW,MEDIUM,0.0,28.0 days of cover: 14 units in stock at expected demand of 0.50 units/day,escalated from LOW because of stockout history (4 days in the last 28; out of stock on 6.2% of all days observed)
BR005,MED033,Omeprazole 20mg,Gastrointestinal,118,41.75,83.14,179.434,52.069,5.4643,5.9643,19.78,15.86,5,5,6,0.03562,0.269,LOW,MEDIUM,0.0,19.8 days of cover: 118 units in stock at expected demand of 5.96 units/day,escalated from LOW because of stockout history (5 days in the last 28; out of stock on 3.6% of all days observed)
BR005,MED066,Diclofenac 100mg (VitaCure Remedies),Analgesics,4,0.865,1.947,4.461,3.164,0.1786,0.1786,22.4,8.85,0,0,5,0.03562,1.264,LOW,MEDIUM,0.0,22.4 days of cover: 4 units in stock at expected demand of 0.18 units/day,escalated from LOW because of stockout history (0 days in the last 28; out of stock on 3.6% of all days observed); highly variable weekly demand (CV 1.26)
BR005,MED078,Ibuprofen 600mg,Analgesics,15,6.454,13.523,29.887,16.773,1.0714,1.0714,14.0,6.26,0,0,4,0.0137,0.42,LOW,MEDIUM,0.0,14.0 days of cover: 15 units in stock at expected demand of 1.07 units/day,escalated from LOW because of only 6.3 days of cover at the upper forecast
BR005,MED079,Ibuprofen 600mg (BlueCrest Pharma),Analgesics,26,6.926,14.538,31.628,17.245,1.0357,1.0357,25.1,10.55,0,0,7,0.03288,0.434,LOW,MEDIUM,0.0,25.1 days of cover: 26 units in stock at expected demand of 1.04 units/day,escalated from LOW because of stockout history (0 days in the last 28; out of stock on 3.3% of all days observed)
BR005,MED105,Amoxicillin + Clavulanic Acid 375mg (NovaMed Laboratories),Antibiotics,44,20.432,37.346,87.59,30.751,2.9643,2.9643,14.84,10.02,0,2,15,0.05616,0.316,LOW,MEDIUM,0.0,14.8 days of cover: 44 units in stock at expected demand of 2.96 units/day,escalated from LOW because of stockout history (0 days in the last 28; out of stock on 5.6% of all days observed)
BR005,MED139,Mefenamic Acid 500mg,Antipyretics,56,25.355,45.729,105.996,35.673,3.6071,3.6221,15.46,10.99,0,7,19,0.0726,0.491,LOW,MEDIUM,0.0,15.5 days of cover: 56 units in stock at expected demand of 3.62 units/day,escalated from LOW because of stockout history (0 days in the last 28; out of stock on 7.3% of all days observed)
BR005,MED144,Mefenamic Acid 500mg (NovaMed Laboratories),Antipyretics,35,15.645,28.969,67.336,25.964,2.3929,2.3929,14.63,9.44,0,12,13,0.0589,0.391,LOW,MEDIUM,0.0,14.6 days of cover: 35 units in stock at expected demand of 2.39 units/day,escalated from LOW because of stockout history (0 days in the last 28; out of stock on 5.9% of all days observed)
BR005,MED148,Mefenamic Acid 500mg (VitaCure Remedies),Antipyretics,17,1.722,3.459,7.48,5.17,0.4643,0.4643,36.62,23.02,5,6,4,0.02466,0.818,LOW,MEDIUM,0.0,36.6 days of cover: 17 units in stock at expected demand of 0.46 units/day,escalated from LOW because of stockout history (5 days in the last 28; out of stock on 2.5% of all days observed)
BR005,MED154,Paracetamol Suspension 250mg/5ml (CarePlus Laboratories),Antipyretics,12,3.108,6.129,14.609,8.602,0.5714,0.5714,21.0,9.77,0,5,9,0.03425,0.666,LOW,MEDIUM,0.0,21.0 days of cover: 12 units in stock at expected demand of 0.57 units/day,escalated from LOW because of stockout history (0 days in the last 28; out of stock on 3.4% of all days observed)
BR005,MED158,Paracetamol Suspension 125mg/5ml (LifeSpring Pharma),Antipyretics,44,15.56,28.669,63.558,25.879,2.1429,2.2229,19.79,11.9,0,10,12,0.04521,0.279,LOW,MEDIUM,0.0,19.8 days of cover: 44 units in stock at expected demand of 2.22 units/day,escalated from LOW because of stockout history (0 days in the last 28; out of stock on 4.5% of all days observed)
BR005,MED159,Paracetamol Suspension 125mg/5ml (NovaMed Laboratories),Antipyretics,10,2.338,4.769,11.229,7.832,0.3929,0.3929,25.45,8.94,0,2,10,0.0411,0.59,LOW,MEDIUM,0.0,25.5 days of cover: 10 units in stock at expected demand of 0.39 units/day,escalated from LOW because of stockout history (0 days in the last 28; out of stock on 4.1% of all days observed)
BR005,MED163,Cetirizine 10mg (CureLine Healthcare),Antihistamines,24,10.299,19.223,45.461,20.618,1.5714,1.5714,15.27,8.15,2,4,7,0.02877,0.398,LOW,MEDIUM,0.0,15.3 days of cover: 24 units in stock at expected demand of 1.57 units/day,escalated from LOW because of stockout history (2 days in the last 28; out of stock on 2.9% of all days observed)
BR005,MED166,Cetirizine 10mg (Summit Lifesciences),Antihistamines,15,2.8,5.654,13.286,8.293,0.4643,0.4643,32.31,12.66,4,4,2,0.00822,0.672,LOW,MEDIUM,0.0,32.3 days of cover: 15 units in stock at expected demand of 0.46 units/day,escalated from LOW because of stockout history (4 days in the last 28; out of stock on 0.8% of all days observed)
BR005,MED228,Ondansetron 4mg (CarePlus Laboratories),Gastrointestinal,12,1.143,2.599,5.464,4.591,0.3571,0.3571,33.6,18.3,3,3,1,0.00411,1.1,LOW,MEDIUM,0.0,33.6 days of cover: 12 units in stock at expected demand of 0.36 units/day,escalated from LOW because of stockout history (3 days in the last 28; out of stock on 0.4% of all days observed); highly variable weekly demand (CV 1.10)
BR005,MED267,Amlodipine 10mg,Cardiovascular,11,0.958,1.633,4.42,3.256,0.2857,0.2857,38.5,23.65,6,6,3,0.01781,1.154,LOW,MEDIUM,0.0,38.5 days of cover: 11 units in stock at expected demand of 0.29 units/day,escalated from LOW because of stockout history (6 days in the last 28; out of stock on 1.8% of all days observed); highly variable weekly demand (CV 1.15)
BR005,MED273,Aspirin 75mg (CureLine Healthcare),Cardiovascular,24,6.297,12.955,30.019,16.616,0.7857,0.8996,26.68,10.11,0,2,7,0.03288,0.599,LOW,MEDIUM,0.0,26.7 days of cover: 24 units in stock at expected demand of 0.90 units/day,escalated from LOW because of stockout history (0 days in the last 28; out of stock on 3.3% of all days observed)
BR005,MED278,Aspirin 150mg (CarePlus Laboratories),Cardiovascular,23,7.265,14.277,33.227,17.583,0.9643,1.0379,22.16,9.16,1,3,10,0.0411,0.571,LOW,MEDIUM,0.0,22.2 days of cover: 23 units in stock at expected demand of 1.04 units/day,escalated from LOW because of stockout history (1 days in the last 28; out of stock on 4.1% of all days observed)
BR005,MED280,Aspirin 150mg (TrueLife Remedies),Cardiovascular,22,7.112,13.987,32.502,17.431,1.3929,1.3929,15.79,8.83,5,5,1,0.00685,0.491,LOW,MEDIUM,0.0,15.8 days of cover: 22 units in stock at expected demand of 1.39 units/day,escalated from LOW because of stockout history (5 days in the last 28; out of stock on 0.7% of all days observed)
BR005,MED283,Atorvastatin 10mg (LifeSpring Pharma),Cardiovascular,31,7.642,16.0,36.933,17.961,1.1071,1.1071,28.0,12.08,0,0,7,0.0274,0.573,LOW,MEDIUM,0.0,28.0 days of cover: 31 units in stock at expected demand of 1.11 units/day,escalated from LOW because of stockout history (0 days in the last 28; out of stock on 2.7% of all days observed)
BR005,MED285,Atorvastatin 20mg,Cardiovascular,26,7.076,14.352,32.569,17.395,1.4286,1.4286,18.2,10.46,3,5,5,0.02055,0.536,LOW,MEDIUM,0.0,18.2 days of cover: 26 units in stock at expected demand of 1.43 units/day,escalated from LOW because of stockout history (3 days in the last 28; out of stock on 2.1% of all days observed)
BR005,MED288,Atorvastatin 40mg,Cardiovascular,20,6.64,13.642,34.266,16.959,1.3929,1.3929,14.36,8.26,4,7,7,0.03973,0.476,LOW,MEDIUM,0.0,14.4 days of cover: 20 units in stock at expected demand of 1.39 units/day,escalated from LOW because of stockout history (4 days in the last 28; out of stock on 4.0% of all days observed)
BR005,MED292,Clopidogrel 75mg (Aarogya Formulations),Cardiovascular,39,9.476,20.226,45.485,19.795,1.5357,1.5357,25.4,13.79,0,0,3,0.03014,0.436,LOW,MEDIUM,0.0,25.4 days of cover: 39 units in stock at expected demand of 1.54 units/day,escalated from LOW because of stockout history (0 days in the last 28; out of stock on 3.0% of all days observed)
BR005,MED362,Glimepiride 1mg (HealthAxis Pharma),Antidiabetic,17,6.048,12.91,29.343,11.542,1.0714,1.0714,15.87,10.31,0,0,7,0.03973,0.426,LOW,MEDIUM,0.0,15.9 days of cover: 17 units in stock at expected demand of 1.07 units/day,escalated from LOW because of stockout history (0 days in the last 28; out of stock on 4.0% of all days observed)
BR005,MED386,Metformin 850mg (CureLine Healthcare),Antidiabetic,17,4.692,9.157,22.134,10.186,0.8929,0.8929,19.04,11.68,1,2,14,0.05753,0.654,LOW,MEDIUM,0.0,19.0 days of cover: 17 units in stock at expected demand of 0.89 units/day,escalated from LOW because of stockout history (1 days in the last 28; out of stock on 5.8% of all days observed)
BR005,MED392,Metformin 1000mg (LifeSpring Pharma),Antidiabetic,87,35.985,70.938,152.527,46.304,4.75,5.1407,16.92,13.15,4,6,7,0.01781,0.342,LOW,MEDIUM,0.0,16.9 days of cover: 87 units in stock at expected demand of 5.14 units/day,escalated from LOW because of stockout history (4 days in the last 28; out of stock on 1.8% of all days observed)
BR005,MED393,Metformin 1000mg (TrueLife Remedies),Antidiabetic,21,2.323,5.829,12.908,7.817,0.5,0.5,42.0,18.81,4,4,7,0.03288,0.897,LOW,MEDIUM,0.0,42.0 days of cover: 21 units in stock at expected demand of 0.50 units/day,escalated from LOW because of stockout history (4 days in the last 28; out of stock on 3.3% of all days observed)
BR005,MED429,Montelukast 5mg (TrueLife Remedies),Respiratory,22,5.565,11.177,23.976,11.059,0.6786,0.795,27.67,13.93,4,8,10,0.03973,0.597,LOW,MEDIUM,0.0,27.7 days of cover: 22 units in stock at expected demand of 0.80 units/day,escalated from LOW because of stockout history (4 days in the last 28; out of stock on 4.0% of all days observed)
BR005,MED449,Iron + Folic Acid 100mg/500mcg (BlueCrest Pharma),Vitamins,11,1.228,2.2,6.13,4.676,0.2143,0.2143,51.33,16.47,0,3,4,0.02603,0.947,LOW,MEDIUM,0.0,51.3 days of cover: 11 units in stock at expected demand of 0.21 units/day,escalated from LOW because of stockout history (0 days in the last 28; out of stock on 2.6% of all days observed)
BR005,MED457,Multivitamin B-complex+C (BlueCrest Pharma),Vitamins,13,1.623,2.849,6.214,5.071,0.4286,0.4286,30.33,17.95,6,6,2,0.01644,1.838,LOW,MEDIUM,0.0,30.3 days of cover: 13 units in stock at expected demand of 0.43 units/day,escalated from LOW because of stockout history (6 days in the last 28; out of stock on 1.6% of all days observed); highly variable weekly demand (CV 1.84)
BR005,MED480,Calamine Lotion 100ml (Stellar Formulations),Dermatological,12,3.095,5.769,13.878,8.589,0.6429,0.6429,18.67,9.78,8,9,7,0.02877,0.43,LOW,MEDIUM,0.0,18.7 days of cover: 12 units in stock at expected demand of 0.64 units/day,escalated from LOW because of stockout history (8 days in the last 28; out of stock on 2.9% of all days observed)
BR005,MED487,Fusidic Acid Cream 2% (ApexLife Pharma),Dermatological,10,0.911,2.325,4.527,3.209,0.1786,0.1786,56.0,21.81,4,4,1,0.00548,1.348,LOW,MEDIUM,0.0,56.0 days of cover: 10 units in stock at expected demand of 0.18 units/day,escalated from LOW because of stockout history (4 days in the last 28; out of stock on 0.5% of all days observed); highly variable weekly demand (CV 1.35)
BR005,MED490,Hydrocortisone Cream 1% (CarePlus Laboratories),Dermatological,10,2.365,4.856,10.885,7.859,0.3929,0.3929,25.45,8.91,0,0,8,0.02603,0.584,LOW,MEDIUM,0.0,25.5 days of cover: 10 units in stock at expected demand of 0.39 units/day,escalated from LOW because of stockout history (0 days in the last 28; out of stock on 2.6% of all days observed)
BR001,MED008,Fexofenadine 120mg,Antihistamines,23,0.98,2.262,5.007,3.279,0.1071,0.14,164.29,49.1,0,0,0,0.0,1.956,LOW,LOW,0.0,164.3 days of cover: 23 units in stock at expected demand of 0.14 units/day,highly variable weekly demand (CV 1.96)
BR001,MED010,Ondansetron 4mg,Gastrointestinal,12,0.672,1.483,3.462,2.97,0.1786,0.1786,67.2,28.28,0,0,0,0.0,1.172,LOW,LOW,0.0,67.2 days of cover: 12 units in stock at expected demand of 0.18 units/day,highly variable weekly demand (CV 1.17)
BR001,MED011,Amlodipine 5mg,Cardiovascular,180,55.463,113.807,247.634,65.782,7.8571,7.9233,22.72,19.15,0,2,11,0.02192,0.167,LOW,LOW,0.0,22.7 days of cover: 180 units in stock at expected demand of 7.92 units/day,
BR001,MED012,Atorvastatin 10mg,Cardiovascular,88,32.334,63.778,137.562,42.652,4.4286,4.6191,19.05,14.44,0,0,0,0.0,0.285,LOW,LOW,0.0,19.1 days of cover: 88 units in stock at expected demand of 4.62 units/day,
BR001,MED016,Salbutamol Inhaler 100mcg,Respiratory,11,0.634,1.461,3.594,2.28,0.1071,0.1071,102.67,33.77,0,0,0,0.0,1.402,LOW,LOW,0.0,102.7 days of cover: 11 units in stock at expected demand of 0.11 units/day,highly variable weekly demand (CV 1.40)
BR001,MED017,Vitamin C Chewable 500mg,Vitamins,35,8.848,16.549,39.962,19.167,1.25,1.264,27.69,12.78,0,1,3,0.00959,0.441,LOW,LOW,0.0,27.7 days of cover: 35 units in stock at expected demand of 1.26 units/day,
BR001,MED018,Vitamin D3 60000IU,Vitamins,6,1.074,2.197,5.576,4.522,0.2857,0.2857,21.0,9.29,0,0,0,0.0,0.77,LOW,LOW,0.0,21.0 days of cover: 6 units in stock at expected demand of 0.29 units/day,
BR001,MED020,Mupirocin Ointment 2%,Dermatological,25,1.552,3.29,7.713,5.0,0.25,0.25,100.0,35.0,0,0,0,0.0,0.838,LOW,LOW,0.0,100.0 days of cover: 25 units in stock at expected demand of 0.25 units/day,
BR001,MED021,Ibuprofen 400mg,Analgesics,24,6.444,13.691,31.262,16.763,0.9286,0.9286,25.85,10.02,0,0,2,0.01096,0.478,LOW,LOW,0.0,25.8 days of cover: 24 units in stock at expected demand of 0.93 units/day,
BR001,MED022,Aceclofenac + Paracetamol 100mg/325mg,Analgesics,17,3.786,8.736,19.096,9.279,0.5714,0.5714,29.75,12.82,0,0,0,0.0,0.558,LOW,LOW,0.0,29.8 days of cover: 17 units in stock at expected demand of 0.57 units/day,
BR001,MED023,Naproxen 250mg,Analgesics,12,0.506,1.151,2.613,2.152,0.0357,0.0723,166.01,39.03,0,0,0,0.0,1.281,LOW,LOW,0.0,166.0 days of cover: 12 units in stock at expected demand of 0.07 units/day,highly variable weekly demand (CV 1.28)
BR001,MED024,Cefixime 200mg,Antibiotics,37,7.868,16.244,35.596,18.187,1.0357,1.124,32.92,14.24,0,0,0,0.0,0.443,LOW,LOW,0.0,32.9 days of cover: 37 units in stock at expected demand of 1.12 units/day,
BR001,MED025,Ciprofloxacin 500mg,Antibiotics,10,1.484,3.134,7.301,4.932,0.2857,0.2857,35.0,14.19,0,0,4,0.02329,0.83,LOW,LOW,0.0,35.0 days of cover: 10 units in stock at expected demand of 0.29 units/day,
BR001,MED026,Doxycycline 100mg,Antibiotics,19,0.796,1.822,4.474,3.094,0.0714,0.1137,167.09,42.99,0,0,0,0.0,0.962,LOW,LOW,0.0,167.1 days of cover: 19 units in stock at expected demand of 0.11 units/day,
BR001,MED027,Amoxicillin + Clavulanic Acid 625mg,Antibiotics,13,3.749,7.804,17.422,9.242,0.6429,0.6429,20.22,9.85,0,0,2,0.00548,0.461,LOW,LOW,0.0,20.2 days of cover: 13 units in stock at expected demand of 0.64 units/day,
BR001,MED028,Mefenamic Acid 250mg,Antipyretics,19,1.123,2.29,5.303,4.571,0.1429,0.1604,118.43,29.1,0,0,1,0.00274,2.074,LOW,LOW,0.0,118.4 days of cover: 19 units in stock at expected demand of 0.16 units/day,highly variable weekly demand (CV 2.07)
BR001,MED029,Paracetamol Drops 100mg/ml,Antipyretics,13,1.073,2.167,4.977,4.522,0.1429,0.1533,84.81,20.12,0,0,1,0.00822,0.986,LOW,LOW,0.0,84.8 days of cover: 13 units in stock at expected demand of 0.15 units/day,
BR001,MED030,Levocetirizine 5mg,Antihistamines,11,2.332,5.086,12.369,7.826,0.4286,0.4286,25.67,9.84,0,0,2,0.01918,0.747,LOW,LOW,0.0,25.7 days of cover: 11 units in stock at expected demand of 0.43 units/day,
BR001,MED031,Montelukast + Levocetirizine 10mg/5mg,Antihistamines,32,14.005,29.005,65.299,24.323,2.1429,2.1429,14.93,9.21,0,1,8,0.01781,0.292,LOW,LOW,0.0,14.9 days of cover: 32 units in stock at expected demand of 2.14 units/day,
BR001,MED032,Chlorpheniramine 4mg,Antihistamines,9,1.311,2.914,6.988,4.759,0.2143,0.2143,42.0,13.24,0,5,3,0.02055,1.112,LOW,LOW,0.0,42.0 days of cover: 9 units in stock at expected demand of 0.21 units/day,highly variable weekly demand (CV 1.11)
BR001,MED034,Domperidone 10mg,Gastrointestinal,52,19.5,38.269,82.655,29.819,2.8214,2.8214,18.43,12.21,0,0,0,0.0,0.245,LOW,LOW,0.0,18.4 days of cover: 52 units in stock at expected demand of 2.82 units/day,
BR001,MED035,ORS Powder 21.8g,Gastrointestinal,18,4.394,9.3,20.51,9.887,0.7143,0.7143,25.2,12.74,0,2,3,0.00685,0.694,LOW,LOW,0.0,25.2 days of cover: 18 units in stock at expected demand of 0.71 units/day,
BR001,MED036,Loperamide 2mg,Gastrointestinal,15,0.671,1.421,3.415,2.969,0.0714,0.0959,156.48,35.37,0,0,0,0.0,1.292,LOW,LOW,0.0,156.5 days of cover: 15 units in stock at expected demand of 0.10 units/day,highly variable weekly demand (CV 1.29)
BR001,MED037,Telmisartan 40mg,Cardiovascular,192,70.754,145.097,314.115,81.073,10.5714,10.5714,18.16,16.58,0,0,1,0.00822,0.153,LOW,LOW,0.0,18.2 days of cover: 192 units in stock at expected demand of 10.57 units/day,
BR001,MED042,Aspirin 75mg,Cardiovascular,42,12.447,25.793,59.139,22.765,2.2143,2.2143,18.97,12.91,0,0,3,0.01233,0.335,LOW,LOW,0.0,19.0 days of cover: 42 units in stock at expected demand of 2.21 units/day,
BR001,MED043,Glimepiride + Metformin 2mg/500mg,Antidiabetic,81,36.154,71.197,157.056,46.473,5.0714,5.1649,15.68,12.2,0,0,2,0.00548,0.234,LOW,LOW,0.0,15.7 days of cover: 81 units in stock at expected demand of 5.16 units/day,
BR001,MED044,Sitagliptin 100mg,Antidiabetic,15,1.705,4.137,8.934,5.153,0.25,0.25,60.0,20.38,0,0,2,0.00685,0.819,LOW,LOW,0.0,60.0 days of cover: 15 units in stock at expected demand of 0.25 units/day,
BR001,MED046,Montelukast 10mg,Respiratory,26,8.381,17.164,37.124,18.7,1.3571,1.3571,19.16,9.73,0,0,0,0.0,0.37,LOW,LOW,0.0,19.2 days of cover: 26 units in stock at expected demand of 1.36 units/day,
BR001,MED047,Budesonide Inhaler 200mcg,Respiratory,15,1.07,2.316,4.965,4.519,0.1429,0.1529,98.13,23.24,0,0,1,0.00548,1.122,LOW,LOW,0.0,98.1 days of cover: 15 units in stock at expected demand of 0.15 units/day,highly variable weekly demand (CV 1.12)
BR001,MED048,Dextromethorphan Syrup 100ml,Respiratory,33,14.88,29.946,62.796,25.199,2.1786,2.1786,15.15,9.17,0,0,2,0.0137,0.423,LOW,LOW,0.0,15.1 days of cover: 33 units in stock at expected demand of 2.18 units/day,
BR001,MED051,Iron + Folic Acid 100mg/500mcg,Vitamins,6,0.601,1.25,3.297,2.247,0.1071,0.1071,56.0,18.69,0,0,0,0.0,1.358,LOW,LOW,0.0,56.0 days of cover: 6 units in stock at expected demand of 0.11 units/day,highly variable weekly demand (CV 1.36)
BR001,MED052,Hydrocortisone Cream 1%,Dermatological,15,1.06,2.16,5.205,4.509,0.1786,0.1786,84.0,23.29,0,0,0,0.0,1.264,LOW,LOW,0.0,84.0 days of cover: 15 units in stock at expected demand of 0.18 units/day,highly variable weekly demand (CV 1.26)
BR001,MED053,Fusidic Acid Cream 2%,Dermatological,12,0.876,1.767,4.224,3.174,0.1429,0.1429,84.0,26.47,0,0,0,0.0,1.095,LOW,LOW,0.0,84.0 days of cover: 12 units in stock at expected demand of 0.14 units/day,highly variable weekly demand (CV 1.10)
BR001,MED054,Calamine Lotion 100ml,Dermatological,11,0.696,1.443,3.355,2.994,0.0714,0.0994,110.63,25.72,0,0,2,0.00411,1.261,LOW,LOW,0.0,110.6 days of cover: 11 units in stock at expected demand of 0.10 units/day,highly variable weekly demand (CV 1.26)
BR001,MED055,Ketoconazole Shampoo 2%,Dermatological,15,0.942,1.947,4.308,3.24,0.1429,0.1429,105.0,32.41,0,0,0,0.0,1.227,LOW,LOW,0.0,105.0 days of cover: 15 units in stock at expected demand of 0.14 units/day,highly variable weekly demand (CV 1.23)
BR001,MED056,Aceclofenac + Paracetamol 100mg/325mg (HealthAxis Pharma),Analgesics,8,0.779,1.766,4.083,3.077,0.1429,0.1429,56.0,18.2,0,0,1,0.00274,1.142,LOW,LOW,0.0,56.0 days of cover: 8 units in stock at expected demand of 0.14 units/day,highly variable weekly demand (CV 1.14)
BR001,MED057,Aceclofenac + Paracetamol 100mg/325mg (LifeSpring Pharma),Analgesics,13,0.497,1.129,2.795,2.144,0.0357,0.071,183.1,42.44,0,0,0,0.0,1.712,LOW,LOW,0.0,183.1 days of cover: 13 units in stock at expected demand of 0.07 units/day,highly variable weekly demand (CV 1.71)
BR001,MED058,Aceclofenac + Paracetamol 100mg/325mg (VitaCure Remedies),Analgesics,14,3.455,7.259,16.208,8.949,0.5357,0.5357,26.13,10.95,0,0,4,0.00822,0.605,LOW,LOW,0.0,26.1 days of cover: 14 units in stock at expected demand of 0.54 units/day,
BR001,MED060,Diclofenac 50mg (CarePlus Laboratories),Analgesics,56,9.544,20.024,43.282,19.863,1.2857,1.3634,41.07,19.74,0,0,2,0.00685,0.38,LOW,LOW,0.0,41.1 days of cover: 56 units in stock at expected demand of 1.36 units/day,
BR001,MED061,Diclofenac 50mg (Stellar Formulations),Analgesics,16,0.673,1.393,3.308,2.972,0.0714,0.0961,166.42,37.69,0,0,0,0.0,1.279,LOW,LOW,0.0,166.4 days of cover: 16 units in stock at expected demand of 0.10 units/day,highly variable weekly demand (CV 1.28)
BR001,MED062,Diclofenac 50mg (TrueLife Remedies),Analgesics,13,0.816,1.84,4.141,3.114,0.1786,0.1786,72.8,29.22,0,0,0,0.0,1.197,LOW,LOW,0.0,72.8 days of cover: 13 units in stock at expected demand of 0.18 units/day,highly variable weekly demand (CV 1.20)
BR001,MED063,Diclofenac 50mg (VitaCure Remedies),Analgesics,26,6.121,13.061,29.308,11.615,0.8214,0.8744,29.73,15.67,0,4,5,0.02055,0.458,LOW,LOW,0.0,29.7 days of cover: 26 units in stock at expected demand of 0.87 units/day,
BR001,MED065,Diclofenac 100mg (CureLine Healthcare),Analgesics,12,0.747,1.691,3.696,3.046,0.1071,0.1071,112.0,27.58,0,0,0,0.0,1.326,LOW,LOW,0.0,112.0 days of cover: 12 units in stock at expected demand of 0.11 units/day,highly variable weekly demand (CV 1.33)
BR001,MED067,Ibuprofen 400mg (Aarogya Formulations),Analgesics,3,0.54,1.143,2.702,2.186,0.1786,0.1786,16.8,9.61,0,0,0,0.0,1.412,LOW,LOW,0.0,16.8 days of cover: 3 units in stock at expected demand of 0.18 units/day,highly variable weekly demand (CV 1.41)
BR001,MED068,Ibuprofen 400mg (CureLine Healthcare),Analgesics,7,0.719,1.669,3.776,3.017,0.1429,0.1429,49.0,16.24,0,0,2,0.00959,1.127,LOW,LOW,0.0,49.0 days of cover: 7 units in stock at expected demand of 0.14 units/day,highly variable weekly demand (CV 1.13)
BR001,MED069,Ibuprofen 400mg (HealthAxis Pharma),Analgesics,18,4.411,9.776,22.236,9.905,0.6786,0.6786,26.53,12.72,0,0,2,0.00411,0.545,LOW,LOW,0.0,26.5 days of cover: 18 units in stock at expected demand of 0.68 units/day,
BR001,MED070,Ibuprofen 400mg (NovaMed Laboratories),Analgesics,46,8.925,18.819,39.829,19.244,1.2143,1.275,36.08,16.73,0,0,1,0.0137,0.527,LOW,LOW,0.0,36.1 days of cover: 46 units in stock at expected demand of 1.28 units/day,
BR001,MED071,Ibuprofen 400mg (Stellar Formulations),Analgesics,27,3.357,6.185,14.642,8.851,0.3929,0.4796,56.3,21.35,0,0,0,0.0,1.02,LOW,LOW,0.0,56.3 days of cover: 27 units in stock at expected demand of 0.48 units/day,highly variable weekly demand (CV 1.02)
BR001,MED072,Ibuprofen 400mg (VitaCure Remedies),Analgesics,10,0.73,1.716,4.008,3.028,0.1429,0.1429,70.0,23.12,0,0,0,0.0,1.076,LOW,LOW,0.0,70.0 days of cover: 10 units in stock at expected demand of 0.14 units/day,highly variable weekly demand (CV 1.08)
BR001,MED074,Ibuprofen 200mg (LifeSpring Pharma),Analgesics,8,0.49,1.042,2.678,2.137,0.0,0.07,114.29,26.2,0,0,2,0.00685,2.546,LOW,LOW,0.0,114.3 days of cover: 8 units in stock at expected demand of 0.07 units/day,highly variable weekly demand (CV 2.55)
BR001,MED077,Ibuprofen 200mg (VitaCure Remedies),Analgesics,11,0.678,1.57,4.199,2.976,0.1071,0.1071,102.67,25.87,0,0,2,0.00822,1.036,LOW,LOW,0.0,102.7 days of cover: 11 units in stock at expected demand of 0.11 units/day,highly variable weekly demand (CV 1.04)
BR001,MED079,Ibuprofen 600mg (BlueCrest Pharma),Analgesics,20,5.877,12.307,27.852,11.371,0.9286,0.9286,21.54,12.31,0,0,3,0.00548,0.452,LOW,LOW,0.0,21.5 days of cover: 20 units in stock at expected demand of 0.93 units/day,
BR001,MED080,Ibuprofen 600mg (HealthAxis Pharma),Analgesics,12,1.109,2.67,5.932,4.557,0.1786,0.1786,67.2,18.43,0,0,1,0.00137,0.776,LOW,LOW,0.0,67.2 days of cover: 12 units in stock at expected demand of 0.18 units/day,
BR001,MED081,Ibuprofen 600mg (NovaMed Laboratories),Analgesics,18,6.455,13.128,29.128,16.774,1.0714,1.0714,16.8,7.51,0,0,0,0.0,0.492,LOW,LOW,0.0,16.8 days of cover: 18 units in stock at expected demand of 1.07 units/day,
BR001,MED082,Naproxen 250mg (CureLine Healthcare),Analgesics,40,15.615,29.789,67.866,25.934,2.3214,2.3214,17.23,10.8,0,0,5,0.01644,0.293,LOW,LOW,0.0,17.2 days of cover: 40 units in stock at expected demand of 2.32 units/day,
BR001,MED084,Naproxen 250mg (VitaCure Remedies),Analgesics,31,8.073,17.151,38.071,18.391,1.25,1.25,24.8,11.8,0,0,2,0.00685,0.488,LOW,LOW,0.0,24.8 days of cover: 31 units in stock at expected demand of 1.25 units/day,
BR001,MED085,Naproxen 500mg,Analgesics,14,0.663,1.446,3.476,2.31,0.1071,0.1071,130.67,42.42,0,0,0,0.0,1.223,LOW,LOW,0.0,130.7 days of cover: 14 units in stock at expected demand of 0.11 units/day,highly variable weekly demand (CV 1.22)
BR001,MED087,Naproxen 500mg (LifeSpring Pharma),Analgesics,14,0.827,1.946,4.531,3.125,0.1429,0.1429,98.0,31.36,0,0,3,0.01096,1.899,LOW,LOW,0.0,98.0 days of cover: 14 units in stock at expected demand of 0.14 units/day,highly variable weekly demand (CV 1.90)
BR001,MED088,Naproxen 500mg (NovaMed Laboratories),Analgesics,13,0.432,0.925,2.217,2.078,0.0,0.0617,210.65,43.79,0,0,0,0.0,1.68,LOW,LOW,0.0,210.6 days of cover: 13 units in stock at expected demand of 0.06 units/day,highly variable weekly demand (CV 1.68)
BR001,MED089,Paracetamol 500mg (Aarogya Formulations),Analgesics,6,1.176,2.479,5.806,4.624,0.2857,0.2857,21.0,9.08,0,5,2,0.01233,0.925,LOW,LOW,0.0,21.0 days of cover: 6 units in stock at expected demand of 0.29 units/day,
BR001,MED090,Paracetamol 500mg (CarePlus Laboratories),Analgesics,12,3.447,7.614,16.347,8.94,0.5357,0.5357,22.4,9.4,0,0,4,0.01507,0.714,LOW,LOW,0.0,22.4 days of cover: 12 units in stock at expected demand of 0.54 units/day,
BR001,MED092,Paracetamol 500mg (LifeSpring Pharma),Analgesics,10,1.327,2.763,6.777,4.776,0.3214,0.3214,31.11,14.66,0,0,0,0.0,1.051,LOW,LOW,0.0,31.1 days of cover: 10 units in stock at expected demand of 0.32 units/day,highly variable weekly demand (CV 1.05)
BR001,MED093,Paracetamol 250mg,Analgesics,20,0.852,1.858,4.761,3.15,0.1071,0.1217,164.32,44.44,0,0,0,0.0,1.982,LOW,LOW,0.0,164.3 days of cover: 20 units in stock at expected demand of 0.12 units/day,highly variable weekly demand (CV 1.98)
BR001,MED094,Paracetamol 250mg (Stellar Formulations),Analgesics,17,2.403,5.376,11.967,7.896,0.3929,0.3929,43.27,15.07,0,0,3,0.0137,0.875,LOW,LOW,0.0,43.3 days of cover: 17 units in stock at expected demand of 0.39 units/day,
BR001,MED096,Amoxicillin 250mg (CureLine Healthcare),Antibiotics,12,5.163,10.65,24.112,10.657,0.8571,0.8571,14.0,7.88,0,1,5,0.02055,0.433,LOW,LOW,0.0,14.0 days of cover: 12 units in stock at expected demand of 0.86 units/day,
BR001,MED097,Amoxicillin 250mg (LifeSpring Pharma),Antibiotics,18,5.385,11.707,25.346,10.879,1.1071,1.1071,16.26,11.58,1,1,3,0.00685,0.477,LOW,LOW,0.0,16.3 days of cover: 18 units in stock at expected demand of 1.11 units/day,
BR001,MED098,Amoxicillin 250mg (NovaMed Laboratories),Antibiotics,20,3.194,6.702,14.427,8.687,0.4286,0.4563,43.83,16.12,0,0,2,0.00411,0.635,LOW,LOW,0.0,43.8 days of cover: 20 units in stock at expected demand of 0.46 units/day,
BR001,MED099,Amoxicillin 250mg (Stellar Formulations),Antibiotics,12,0.882,1.806,3.722,3.181,0.1071,0.126,95.24,26.41,0,0,1,0.00685,1.025,LOW,LOW,0.0,95.2 days of cover: 12 units in stock at expected demand of 0.13 units/day,highly variable weekly demand (CV 1.02)
BR001,MED100,Amoxicillin 250mg (TrueLife Remedies),Antibiotics,15,1.236,2.679,6.132,4.684,0.25,0.25,60.0,22.42,0,0,0,0.0,1.265,LOW,LOW,0.0,60.0 days of cover: 15 units in stock at expected demand of 0.25 units/day,highly variable weekly demand (CV 1.26)
BR001,MED101,Amoxicillin + Clavulanic Acid 625mg (CureLine Healthcare),Antibiotics,9,0.526,1.141,2.656,2.172,0.0714,0.0751,119.77,29.01,0,0,0,0.0,1.412,LOW,LOW,0.0,119.8 days of cover: 9 units in stock at expected demand of 0.08 units/day,highly variable weekly demand (CV 1.41)
BR001,MED102,Amoxicillin + Clavulanic Acid 625mg (HealthAxis Pharma),Antibiotics,10,2.706,5.344,11.001,8.199,0.6071,0.6071,16.47,8.54,1,1,1,0.00137,0.856,LOW,LOW,0.0,16.5 days of cover: 10 units in stock at expected demand of 0.61 units/day,
BR001,MED103,Amoxicillin + Clavulanic Acid 625mg (Stellar Formulations),Antibiotics,8,0.954,1.992,4.635,3.253,0.1786,0.1786,44.8,17.21,0,0,2,0.00411,0.902,LOW,LOW,0.0,44.8 days of cover: 8 units in stock at expected demand of 0.18 units/day,
BR001,MED106,Amoxicillin + Clavulanic Acid 375mg (Summit Lifesciences),Antibiotics,10,1.195,2.481,5.752,4.643,0.2143,0.2143,46.67,15.08,0,0,4,0.01233,0.805,LOW,LOW,0.0,46.7 days of cover: 10 units in stock at expected demand of 0.21 units/day,
BR001,MED110,Azithromycin 500mg (VitaCure Remedies),Antibiotics,7,0.415,0.885,2.021,2.062,0.0357,0.0593,118.07,23.76,0,0,0,0.0,1.214,LOW,LOW,0.0,118.1 days of cover: 7 units in stock at expected demand of 0.06 units/day,highly variable weekly demand (CV 1.21)
BR001,MED111,Azithromycin 250mg,Antibiotics,4,0.618,1.232,2.914,2.265,0.1786,0.1786,22.4,12.36,0,0,0,0.0,0.963,LOW,LOW,0.0,22.4 days of cover: 4 units in stock at expected demand of 0.18 units/day,
BR001,MED112,Azithromycin 250mg (ApexLife Pharma),Antibiotics,16,1.353,2.676,6.486,4.801,0.2143,0.2143,74.67,23.33,0,0,0,0.0,0.946,LOW,LOW,0.0,74.7 days of cover: 16 units in stock at expected demand of 0.21 units/day,
BR001,MED113,Azithromycin 250mg (BlueCrest Pharma),Antibiotics,94,40.265,80.956,174.747,50.584,5.8929,5.8929,15.95,13.01,0,0,2,0.00685,0.18,LOW,LOW,0.0,16.0 days of cover: 94 units in stock at expected demand of 5.89 units/day,
BR001,MED114,Azithromycin 250mg (CarePlus Laboratories),Antibiotics,17,2.108,4.273,9.523,5.556,0.3214,0.3214,52.89,21.42,0,0,1,0.00274,0.657,LOW,LOW,0.0,52.9 days of cover: 17 units in stock at expected demand of 0.32 units/day,
BR001,MED115,Azithromycin 250mg (CureLine Healthcare),Antibiotics,9,2.045,3.833,9.164,5.494,0.2857,0.2921,30.81,11.47,0,3,3,0.00959,0.577,LOW,LOW,0.0,30.8 days of cover: 9 units in stock at expected demand of 0.29 units/day,
BR001,MED119,Azithromycin 250mg (TrueLife Remedies),Antibiotics,14,0.719,1.605,3.787,3.017,0.1071,0.1071,130.67,32.48,0,0,0,0.0,1.166,LOW,LOW,0.0,130.7 days of cover: 14 units in stock at expected demand of 0.11 units/day,highly variable weekly demand (CV 1.17)
BR001,MED120,Cefixime 200mg (ApexLife Pharma),Antibiotics,10,0.916,1.94,4.158,3.214,0.2143,0.2143,46.67,21.78,0,0,0,0.0,0.885,LOW,LOW,0.0,46.7 days of cover: 10 units in stock at expected demand of 0.21 units/day,
BR001,MED121,Cefixime 200mg (CureLine Healthcare),Antibiotics,5,0.633,1.284,2.784,2.28,0.1071,0.1071,46.67,15.35,0,0,1,0.00411,1.237,LOW,LOW,0.0,46.7 days of cover: 5 units in stock at expected demand of 0.11 units/day,highly variable weekly demand (CV 1.24)
BR001,MED122,Cefixime 200mg (NovaMed Laboratories),Antibiotics,19,4.043,8.621,18.639,9.537,0.6071,0.6071,31.29,13.95,0,0,5,0.02192,0.692,LOW,LOW,0.0,31.3 days of cover: 19 units in stock at expected demand of 0.61 units/day,
BR001,MED123,Cefixime 200mg (Stellar Formulations),Antibiotics,13,0.899,1.634,3.681,3.197,0.1429,0.1429,91.0,28.46,0,0,0,0.0,1.521,LOW,LOW,0.0,91.0 days of cover: 13 units in stock at expected demand of 0.14 units/day,highly variable weekly demand (CV 1.52)
BR001,MED124,Cefixime 100mg,Antibiotics,15,0.757,1.449,3.426,3.055,0.0714,0.1081,138.71,34.37,0,0,3,0.02055,1.76,LOW,LOW,0.0,138.7 days of cover: 15 units in stock at expected demand of 0.11 units/day,highly variable weekly demand (CV 1.76)
BR001,MED125,Cefixime 100mg (HealthAxis Pharma),Antibiotics,7,0.972,2.032,3.962,3.27,0.2143,0.2143,32.67,14.98,0,0,0,0.0,1.025,LOW,LOW,0.0,32.7 days of cover: 7 units in stock at expected demand of 0.21 units/day,highly variable weekly demand (CV 1.02)
BR001,MED126,Cefixime 100mg (NovaMed Laboratories),Antibiotics,12,0.576,1.087,2.426,2.222,0.0357,0.0823,145.83,37.8,0,0,1,0.00274,1.085,LOW,LOW,0.0,145.8 days of cover: 12 units in stock at expected demand of 0.08 units/day,highly variable weekly demand (CV 1.09)
BR001,MED128,Ciprofloxacin 500mg (BlueCrest Pharma),Antibiotics,10,0.426,0.94,2.23,2.073,0.0357,0.0609,164.32,33.77,0,0,0,0.0,1.724,LOW,LOW,0.0,164.3 days of cover: 10 units in stock at expected demand of 0.06 units/day,highly variable weekly demand (CV 1.72)
BR001,MED129,Ciprofloxacin 250mg,Antibiotics,10,0.818,1.701,3.896,3.116,0.1071,0.1169,85.57,22.46,0,0,1,0.00274,1.01,LOW,LOW,0.0,85.6 days of cover: 10 units in stock at expected demand of 0.12 units/day,highly variable weekly demand (CV 1.01)
BR001,MED130,Ciprofloxacin 250mg (LifeSpring Pharma),Antibiotics,29,6.467,13.171,29.856,16.786,0.8214,0.9239,31.39,12.09,0,0,2,0.00822,0.409,LOW,LOW,0.0,31.4 days of cover: 29 units in stock at expected demand of 0.92 units/day,
BR001,MED131,Doxycycline 100mg (Aarogya Formulations),Antibiotics,17,5.178,10.9,24.908,10.672,0.9286,0.9286,18.31,11.15,0,0,2,0.00959,0.292,LOW,LOW,0.0,18.3 days of cover: 17 units in stock at expected demand of 0.93 units/day,
BR001,MED132,Doxycycline 100mg (ApexLife Pharma),Antibiotics,8,0.766,1.578,3.544,3.064,0.1071,0.1094,73.11,18.28,0,0,3,0.01507,1.212,LOW,LOW,0.0,73.1 days of cover: 8 units in stock at expected demand of 0.11 units/day,highly variable weekly demand (CV 1.21)
BR001,MED133,Doxycycline 100mg (HealthAxis Pharma),Antibiotics,6,0.674,1.486,3.179,2.972,0.1429,0.1429,42.0,14.13,0,0,1,0.01781,1.91,LOW,LOW,0.0,42.0 days of cover: 6 units in stock at expected demand of 0.14 units/day,highly variable weekly demand (CV 1.91)
BR001,MED135,Mefenamic Acid 250mg (ApexLife Pharma),Antipyretics,23,4.904,10.5,22.741,10.398,0.6071,0.7006,32.83,15.48,0,0,5,0.01644,0.561,LOW,LOW,0.0,32.8 days of cover: 23 units in stock at expected demand of 0.70 units/day,
BR001,MED136,Mefenamic Acid 250mg (HealthAxis Pharma),Antipyretics,8,1.14,2.199,5.222,4.588,0.2143,0.2143,37.33,12.21,0,0,1,0.00548,0.948,LOW,LOW,0.0,37.3 days of cover: 8 units in stock at expected demand of 0.21 units/day,
BR001,MED137,Mefenamic Acid 250mg (LifeSpring Pharma),Antipyretics,6,1.886,3.735,8.958,5.334,0.3571,0.3571,16.8,7.87,0,0,2,0.00685,0.805,LOW,LOW,0.0,16.8 days of cover: 6 units in stock at expected demand of 0.36 units/day,
BR001,MED138,Mefenamic Acid 250mg (NovaMed Laboratories),Antipyretics,16,4.447,9.022,19.917,9.941,0.7143,0.7143,22.4,11.27,0,0,1,0.01096,0.482,LOW,LOW,0.0,22.4 days of cover: 16 units in stock at expected demand of 0.71 units/day,
BR001,MED141,Mefenamic Acid 500mg (HealthAxis Pharma),Antipyretics,13,0.858,1.784,4.005,3.156,0.1429,0.1429,91.0,28.83,0,0,0,0.0,0.837,LOW,LOW,0.0,91.0 days of cover: 13 units in stock at expected demand of 0.14 units/day,
BR001,MED143,Mefenamic Acid 500mg (LifeSpring Pharma),Antipyretics,6,0.375,0.859,1.628,2.022,0.0,0.0536,112.0,20.77,0,0,0,0.0,1.862,LOW,LOW,0.0,112.0 days of cover: 6 units in stock at expected demand of 0.05 units/day,highly variable weekly demand (CV 1.86)
BR001,MED145,Mefenamic Acid 500mg (Stellar Formulations),Antipyretics,11,0.517,1.021,2.194,2.163,0.0714,0.0739,148.94,35.6,0,0,0,0.0,1.785,LOW,LOW,0.0,148.9 days of cover: 11 units in stock at expected demand of 0.07 units/day,highly variable weekly demand (CV 1.78)
BR001,MED146,Mefenamic Acid 500mg (Summit Lifesciences),Antipyretics,8,0.678,1.377,3.087,2.976,0.0714,0.0969,82.6,18.82,0,0,3,0.02192,0.886,LOW,LOW,0.0,82.6 days of cover: 8 units in stock at expected demand of 0.10 units/day,
BR001,MED147,Mefenamic Acid 500mg (TrueLife Remedies),Antipyretics,8,0.743,1.525,3.451,3.041,0.1071,0.1071,74.67,18.41,0,0,1,0.00411,0.906,LOW,LOW,0.0,74.7 days of cover: 8 units in stock at expected demand of 0.11 units/day,
BR001,MED148,Mefenamic Acid 500mg (VitaCure Remedies),Antipyretics,17,1.755,2.962,7.747,5.204,0.25,0.2507,67.81,22.87,0,5,1,0.00685,0.787,LOW,LOW,0.0,67.8 days of cover: 17 units in stock at expected demand of 0.25 units/day,
BR001,MED149,Paracetamol 650mg (Aarogya Formulations),Antipyretics,5,1.411,3.115,7.126,4.859,0.2857,0.2857,17.5,7.2,0,0,7,0.02055,0.943,LOW,LOW,0.0,17.5 days of cover: 5 units in stock at expected demand of 0.29 units/day,
BR001,MED150,Paracetamol 650mg (CarePlus Laboratories),Antipyretics,17,1.136,2.34,5.389,4.585,0.1429,0.1623,104.75,25.95,0,0,1,0.00548,0.977,LOW,LOW,0.0,104.8 days of cover: 17 units in stock at expected demand of 0.16 units/day,
BR001,MED153,Paracetamol Suspension 250mg/5ml (BlueCrest Pharma),Antipyretics,7,0.451,0.922,1.867,2.097,0.0714,0.0714,98.0,23.37,0,0,0,0.0,1.53,LOW,LOW,0.0,98.0 days of cover: 7 units in stock at expected demand of 0.07 units/day,highly variable weekly demand (CV 1.53)
BR001,MED156,Paracetamol Suspension 250mg/5ml (TrueLife Remedies),Antipyretics,14,0.94,2.081,4.204,3.238,0.1786,0.1786,78.4,30.27,0,0,1,0.00137,0.994,LOW,LOW,0.0,78.4 days of cover: 14 units in stock at expected demand of 0.18 units/day,
BR001,MED157,Paracetamol Suspension 125mg/5ml,Antipyretics,4,0.756,1.616,3.97,3.055,0.2143,0.2143,18.67,9.17,0,0,0,0.0,0.847,LOW,LOW,0.0,18.7 days of cover: 4 units in stock at expected demand of 0.21 units/day,
BR001,MED160,Paracetamol Suspension 125mg/5ml (TrueLife Remedies),Antipyretics,14,2.13,4.294,9.543,7.623,0.3929,0.3929,35.64,12.86,0,0,1,0.00137,1.156,LOW,LOW,0.0,35.6 days of cover: 14 units in stock at expected demand of 0.39 units/day,highly variable weekly demand (CV 1.16)
BR001,MED161,Paracetamol Suspension 125mg/5ml (VitaCure Remedies),Antipyretics,11,0.509,0.984,2.395,2.156,0.0,0.0727,151.28,35.71,0,0,2,0.00685,1.11,LOW,LOW,0.0,151.3 days of cover: 11 units in stock at expected demand of 0.07 units/day,highly variable weekly demand (CV 1.11)
BR001,MED162,Cetirizine 10mg (ApexLife Pharma),Antihistamines,13,1.019,2.381,6.03,3.317,0.1786,0.1786,72.8,27.43,0,0,5,0.02055,0.685,LOW,LOW,0.0,72.8 days of cover: 13 units in stock at expected demand of 0.18 units/day,
BR001,MED164,Cetirizine 10mg (LifeSpring Pharma),Antihistamines,13,1.064,2.393,5.694,4.512,0.2143,0.2143,60.67,20.17,1,1,2,0.00274,1.326,LOW,LOW,0.0,60.7 days of cover: 13 units in stock at expected demand of 0.21 units/day,highly variable weekly demand (CV 1.33)
BR001,MED166,Cetirizine 10mg (Summit Lifesciences),Antihistamines,8,1.149,2.435,5.866,4.597,0.1786,0.1786,44.8,12.18,0,0,1,0.00959,1.26,LOW,LOW,0.0,44.8 days of cover: 8 units in stock at expected demand of 0.18 units/day,highly variable weekly demand (CV 1.26)
BR001,MED167,Cetirizine 10mg (TrueLife Remedies),Antihistamines,24,7.164,15.164,35.05,17.483,1.1429,1.1429,21.0,9.61,0,1,5,0.01918,0.47,LOW,LOW,0.0,21.0 days of cover: 24 units in stock at expected demand of 1.14 units/day,
BR001,MED169,Cetirizine 5mg (CarePlus Laboratories),Antihistamines,51,18.375,37.087,83.901,28.693,2.5357,2.625,19.43,12.44,0,3,6,0.02466,0.354,LOW,LOW,0.0,19.4 days of cover: 51 units in stock at expected demand of 2.62 units/day,
BR001,MED170,Cetirizine 5mg (CureLine Healthcare),Antihistamines,10,0.456,0.883,2.017,2.103,0.0,0.0651,153.51,33.29,0,0,0,0.0,3.017,LOW,LOW,0.0,153.5 days of cover: 10 units in stock at expected demand of 0.07 units/day,highly variable weekly demand (CV 3.02)
BR001,MED171,Cetirizine 5mg (Stellar Formulations),Antihistamines,17,3.562,7.473,16.108,9.055,0.4643,0.5089,33.41,13.14,0,0,4,0.01096,0.475,LOW,LOW,0.0,33.4 days of cover: 17 units in stock at expected demand of 0.51 units/day,
BR001,MED172,Cetirizine 5mg (Summit Lifesciences),Antihistamines,19,1.11,2.512,6.655,4.558,0.1429,0.1586,119.82,29.18,0,0,1,0.00411,1.252,LOW,LOW,0.0,119.8 days of cover: 19 units in stock at expected demand of 0.16 units/day,highly variable weekly demand (CV 1.25)
BR001,MED174,Cetirizine 5mg (VitaCure Remedies),Antihistamines,16,0.565,1.356,3.026,2.212,0.0357,0.0807,198.23,50.63,0,0,0,0.0,1.982,LOW,LOW,0.0,198.2 days of cover: 16 units in stock at expected demand of 0.08 units/day,highly variable weekly demand (CV 1.98)
BR001,MED175,Chlorpheniramine 4mg (ApexLife Pharma),Antihistamines,7,0.665,1.472,3.073,2.312,0.1071,0.1071,65.33,21.19,0,0,0,0.0,1.507,LOW,LOW,0.0,65.3 days of cover: 7 units in stock at expected demand of 0.11 units/day,highly variable weekly demand (CV 1.51)
BR001,MED176,Chlorpheniramine 4mg (BlueCrest Pharma),Antihistamines,43,1.106,1.912,5.306,4.554,0.0357,0.158,272.15,66.1,0,0,4,0.01918,1.202,LOW,LOW,0.0,272.2 days of cover: 43 units in stock at expected demand of 0.16 units/day,highly variable weekly demand (CV 1.20)
BR001,MED177,Chlorpheniramine 4mg (CarePlus Laboratories),Antihistamines,20,1.104,2.35,6.285,4.552,0.1071,0.1577,126.81,30.76,0,0,1,0.00411,1.459,LOW,LOW,0.0,126.8 days of cover: 20 units in stock at expected demand of 0.16 units/day,highly variable weekly demand (CV 1.46)
BR001,MED178,Chlorpheniramine 4mg (HealthAxis Pharma),Antihistamines,20,0.988,2.3,6.731,3.287,0.1429,0.1429,140.0,42.59,0,0,2,0.00548,0.984,LOW,LOW,0.0,140.0 days of cover: 20 units in stock at expected demand of 0.14 units/day,
BR001,MED179,Chlorpheniramine 4mg (LifeSpring Pharma),Antihistamines,13,4.026,8.477,19.556,9.519,0.7143,0.7143,18.2,9.56,0,0,0,0.0,0.913,LOW,LOW,0.0,18.2 days of cover: 13 units in stock at expected demand of 0.71 units/day,
BR001,MED180,Chlorpheniramine 4mg (VitaCure Remedies),Antihistamines,11,0.533,1.152,2.379,2.179,0.0714,0.0761,144.47,35.34,0,0,0,0.0,2.143,LOW,LOW,0.0,144.5 days of cover: 11 units in stock at expected demand of 0.08 units/day,highly variable weekly demand (CV 2.14)
BR001,MED181,Fexofenadine 120mg (ApexLife Pharma),Antihistamines,16,0.769,1.669,4.583,3.068,0.1071,0.1099,145.64,36.51,0,0,0,0.0,1.142,LOW,LOW,0.0,145.6 days of cover: 16 units in stock at expected demand of 0.11 units/day,highly variable weekly demand (CV 1.14)
BR001,MED182,Fexofenadine 120mg (BlueCrest Pharma),Antihistamines,27,6.394,13.409,31.16,16.713,0.8214,0.9134,29.56,11.31,0,0,1,0.00822,0.448,LOW,LOW,0.0,29.6 days of cover: 27 units in stock at expected demand of 0.91 units/day,
BR001,MED183,Fexofenadine 120mg (CureLine Healthcare),Antihistamines,17,2.325,4.679,11.67,7.819,0.4286,0.4286,39.67,15.22,0,0,0,0.0,0.838,LOW,LOW,0.0,39.7 days of cover: 17 units in stock at expected demand of 0.43 units/day,
BR001,MED184,Fexofenadine 120mg (LifeSpring Pharma),Antihistamines,12,0.789,1.735,4.481,3.087,0.1429,0.1429,84.0,27.21,0,0,0,0.0,0.89,LOW,LOW,0.0,84.0 days of cover: 12 units in stock at expected demand of 0.14 units/day,
BR001,MED185,Fexofenadine 120mg (TrueLife Remedies),Antihistamines,11,0.489,1.044,2.432,2.136,0.0357,0.0699,157.46,36.05,0,0,0,0.0,2.546,LOW,LOW,0.0,157.5 days of cover: 11 units in stock at expected demand of 0.07 units/day,highly variable weekly demand (CV 2.55)
BR001,MED186,Fexofenadine 180mg,Antihistamines,9,2.511,5.181,13.003,8.004,0.4643,0.4643,19.38,7.87,0,0,4,0.01096,0.548,LOW,LOW,0.0,19.4 days of cover: 9 units in stock at expected demand of 0.46 units/day,
BR001,MED188,Fexofenadine 180mg (HealthAxis Pharma),Antihistamines,4,0.613,1.219,3.274,2.26,0.2143,0.2143,18.67,12.39,0,0,0,0.0,1.435,LOW,LOW,0.0,18.7 days of cover: 4 units in stock at expected demand of 0.21 units/day,highly variable weekly demand (CV 1.43)
BR001,MED189,Fexofenadine 180mg (TrueLife Remedies),Antihistamines,16,0.954,2.138,5.58,3.252,0.1786,0.1786,89.6,34.44,0,0,0,0.0,1.122,LOW,LOW,0.0,89.6 days of cover: 16 units in stock at expected demand of 0.18 units/day,highly variable weekly demand (CV 1.12)
BR001,MED190,Levocetirizine 5mg (Aarogya Formulations),Antihistamines,13,0.803,1.802,4.802,3.101,0.0714,0.1147,113.33,29.35,0,0,1,0.00274,0.904,LOW,LOW,0.0,113.3 days of cover: 13 units in stock at expected demand of 0.11 units/day,
BR001,MED192,Levocetirizine 5mg (CureLine Healthcare),Antihistamines,13,0.483,1.095,2.697,2.129,0.0357,0.069,188.41,42.74,0,0,0,0.0,1.14,LOW,LOW,0.0,188.4 days of cover: 13 units in stock at expected demand of 0.07 units/day,highly variable weekly demand (CV 1.14)
BR001,MED193,Levocetirizine 5mg (LifeSpring Pharma),Antihistamines,14,1.937,3.617,9.866,5.385,0.3929,0.3929,35.64,18.2,1,1,2,0.00411,1.108,LOW,LOW,0.0,35.6 days of cover: 14 units in stock at expected demand of 0.39 units/day,highly variable weekly demand (CV 1.11)
BR001,MED194,Levocetirizine 5mg (NovaMed Laboratories),Antihistamines,9,2.155,4.566,11.064,7.648,0.3929,0.3929,22.91,8.24,0,0,5,0.01644,0.755,LOW,LOW,0.0,22.9 days of cover: 9 units in stock at expected demand of 0.39 units/day,
BR001,MED195,Levocetirizine 5mg (VitaCure Remedies),Antihistamines,18,1.463,3.011,7.959,4.912,0.2857,0.2857,63.0,25.65,0,0,0,0.0,1.232,LOW,LOW,0.0,63.0 days of cover: 18 units in stock at expected demand of 0.29 units/day,highly variable weekly demand (CV 1.23)
BR001,MED196,Levocetirizine 2.5mg,Antihistamines,17,0.57,1.218,2.468,2.216,0.0,0.0814,208.77,53.7,0,0,0,0.0,2.153,LOW,LOW,0.0,208.8 days of cover: 17 units in stock at expected demand of 0.08 units/day,highly variable weekly demand (CV 2.15)
BR001,MED197,Levocetirizine 2.5mg (LifeSpring Pharma),Antihistamines,22,7.034,13.927,31.569,17.353,1.0714,1.0714,20.53,8.87,0,1,6,0.01918,0.492,LOW,LOW,0.0,20.5 days of cover: 22 units in stock at expected demand of 1.07 units/day,
BR001,MED198,Levocetirizine 2.5mg (Stellar Formulations),Antihistamines,11,0.535,1.224,3.018,2.181,0.0714,0.0764,143.93,35.3,0,0,0,0.0,2.007,LOW,LOW,0.0,143.9 days of cover: 11 units in stock at expected demand of 0.08 units/day,highly variable weekly demand (CV 2.01)
BR001,MED199,Montelukast + Levocetirizine 10mg/5mg (Aarogya Formulations),Antihistamines,6,0.746,1.609,4.131,3.044,0.1786,0.1786,33.6,13.8,0,0,3,0.01096,1.882,LOW,LOW,0.0,33.6 days of cover: 6 units in stock at expected demand of 0.18 units/day,highly variable weekly demand (CV 1.88)
BR001,MED200,Montelukast + Levocetirizine 10mg/5mg (HealthAxis Pharma),Antihistamines,20,4.466,8.999,20.299,9.96,0.5714,0.638,31.35,14.06,0,0,1,0.00137,0.432,LOW,LOW,0.0,31.3 days of cover: 20 units in stock at expected demand of 0.64 units/day,
BR001,MED201,Montelukast + Levocetirizine 10mg/5mg (NovaMed Laboratories),Antihistamines,20,1.673,3.652,9.667,5.121,0.2857,0.2857,70.0,27.34,0,0,0,0.0,0.66,LOW,LOW,0.0,70.0 days of cover: 20 units in stock at expected demand of 0.29 units/day,
BR001,MED204,Montelukast + Levocetirizine 10mg/5mg (VitaCure Remedies),Antihistamines,10,1.592,2.906,7.059,5.04,0.2857,0.2857,35.0,13.89,0,6,1,0.00822,1.058,LOW,LOW,0.0,35.0 days of cover: 10 units in stock at expected demand of 0.29 units/day,highly variable weekly demand (CV 1.06)
BR001,MED205,Domperidone 10mg (BlueCrest Pharma),Gastrointestinal,19,5.552,11.202,24.364,11.046,0.75,0.7931,23.96,12.04,0,0,1,0.00137,0.619,LOW,LOW,0.0,24.0 days of cover: 19 units in stock at expected demand of 0.79 units/day,
BR001,MED207,Domperidone 10mg (CureLine Healthcare),Gastrointestinal,25,0.729,1.164,3.106,3.027,0.0714,0.1041,240.05,57.81,0,0,1,0.00411,1.329,LOW,LOW,0.0,240.1 days of cover: 25 units in stock at expected demand of 0.10 units/day,highly variable weekly demand (CV 1.33)
BR001,MED208,Domperidone 10mg (HealthAxis Pharma),Gastrointestinal,12,0.736,1.616,3.487,3.034,0.1429,0.1429,84.0,27.69,0,0,0,0.0,1.556,LOW,LOW,0.0,84.0 days of cover: 12 units in stock at expected demand of 0.14 units/day,highly variable weekly demand (CV 1.56)
BR001,MED209,Domperidone 10mg (LifeSpring Pharma),Gastrointestinal,16,0.85,1.682,3.929,3.149,0.1071,0.1214,131.76,35.57,0,0,1,0.00548,1.364,LOW,LOW,0.0,131.8 days of cover: 16 units in stock at expected demand of 0.12 units/day,highly variable weekly demand (CV 1.36)
BR001,MED210,Domperidone 10mg (NovaMed Laboratories),Gastrointestinal,13,2.004,4.059,8.622,5.453,0.3571,0.3571,36.4,16.69,0,4,5,0.01781,0.666,LOW,LOW,0.0,36.4 days of cover: 13 units in stock at expected demand of 0.36 units/day,
BR001,MED211,Loperamide 2mg (Aarogya Formulations),Gastrointestinal,18,1.096,2.387,5.713,4.545,0.2143,0.2143,84.0,27.72,0,0,0,0.0,1.095,LOW,LOW,0.0,84.0 days of cover: 18 units in stock at expected demand of 0.21 units/day,highly variable weekly demand (CV 1.10)
BR001,MED212,Loperamide 2mg (BlueCrest Pharma),Gastrointestinal,8,0.541,1.194,2.738,2.188,0.0714,0.0773,103.51,25.59,0,0,0,0.0,1.257,LOW,LOW,0.0,103.5 days of cover: 8 units in stock at expected demand of 0.08 units/day,highly variable weekly demand (CV 1.26)
BR001,MED213,Loperamide 2mg (LifeSpring Pharma),Gastrointestinal,34,0.558,0.886,2.395,2.204,0.0,0.0797,426.52,107.99,0,0,1,0.00274,2.054,LOW,LOW,0.0,426.5 days of cover: 34 units in stock at expected demand of 0.08 units/day,highly variable weekly demand (CV 2.05)
BR001,MED214,Omeprazole 20mg (Aarogya Formulations),Gastrointestinal,13,0.632,1.353,3.081,2.279,0.1071,0.1071,121.33,39.93,0,0,0,0.0,1.264,LOW,LOW,0.0,121.3 days of cover: 13 units in stock at expected demand of 0.11 units/day,highly variable weekly demand (CV 1.26)
BR001,MED217,Omeprazole 20mg (HealthAxis Pharma),Gastrointestinal,13,0.424,0.889,2.279,2.071,0.0,0.0606,214.62,43.94,0,0,0,0.0,1.813,LOW,LOW,0.0,214.6 days of cover: 13 units in stock at expected demand of 0.06 units/day,highly variable weekly demand (CV 1.81)
BR001,MED218,Omeprazole 20mg (LifeSpring Pharma),Gastrointestinal,10,0.673,1.472,3.552,2.971,0.0714,0.0961,104.01,23.56,0,0,2,0.00959,0.865,LOW,LOW,0.0,104.0 days of cover: 10 units in stock at expected demand of 0.10 units/day,
BR001,MED219,Omeprazole 20mg (TrueLife Remedies),Gastrointestinal,35,8.229,16.701,36.704,18.548,1.0714,1.1756,29.77,13.21,0,0,0,0.0,0.527,LOW,LOW,0.0,29.8 days of cover: 35 units in stock at expected demand of 1.18 units/day,
BR001,MED220,Omeprazole 20mg (VitaCure Remedies),Gastrointestinal,14,0.553,1.05,2.641,2.2,0.0357,0.079,177.22,44.55,0,0,0,0.0,1.327,LOW,LOW,0.0,177.2 days of cover: 14 units in stock at expected demand of 0.08 units/day,highly variable weekly demand (CV 1.33)
BR001,MED222,Omeprazole 40mg (ApexLife Pharma),Gastrointestinal,16,3.901,7.954,17.662,9.394,0.6429,0.6429,24.89,11.92,0,0,2,0.00274,0.484,LOW,LOW,0.0,24.9 days of cover: 16 units in stock at expected demand of 0.64 units/day,
BR001,MED223,Omeprazole 40mg (LifeSpring Pharma),Gastrointestinal,20,6.766,12.848,27.343,17.085,1.0,1.0,20.0,8.19,0,1,3,0.01507,0.444,LOW,LOW,0.0,20.0 days of cover: 20 units in stock at expected demand of 1.00 units/day,
BR001,MED224,Omeprazole 40mg (Summit Lifesciences),Gastrointestinal,31,7.767,15.293,33.98,18.086,1.1429,1.1429,27.12,12.0,0,6,3,0.0137,0.514,LOW,LOW,0.0,27.1 days of cover: 31 units in stock at expected demand of 1.14 units/day,
BR001,MED225,Omeprazole 40mg (TrueLife Remedies),Gastrointestinal,3,0.64,1.429,3.668,2.287,0.2143,0.2143,14.0,9.18,0,0,0,0.0,1.052,LOW,LOW,0.0,14.0 days of cover: 3 units in stock at expected demand of 0.21 units/day,highly variable weekly demand (CV 1.05)
BR001,MED227,Ondansetron 4mg (BlueCrest Pharma),Gastrointestinal,11,0.432,0.869,2.074,2.079,0.0,0.0617,178.24,37.04,0,0,0,0.0,1.813,LOW,LOW,0.0,178.2 days of cover: 11 units in stock at expected demand of 0.06 units/day,highly variable weekly demand (CV 1.81)
BR001,MED229,Ondansetron 4mg (CureLine Healthcare),Gastrointestinal,9,0.572,1.35,3.159,2.219,0.1071,0.1071,84.0,28.39,0,0,0,0.0,1.386,LOW,LOW,0.0,84.0 days of cover: 9 units in stock at expected demand of 0.11 units/day,highly variable weekly demand (CV 1.39)
BR001,MED230,Ondansetron 4mg (LifeSpring Pharma),Gastrointestinal,10,0.56,1.286,3.133,2.207,0.1071,0.1071,93.33,31.72,0,0,0,0.0,1.53,LOW,LOW,0.0,93.3 days of cover: 10 units in stock at expected demand of 0.11 units/day,highly variable weekly demand (CV 1.53)
BR001,MED232,Ondansetron 4mg (Stellar Formulations),Gastrointestinal,10,2.323,4.446,8.274,7.817,0.6071,0.6071,16.47,8.95,2,3,2,0.00411,1.017,LOW,LOW,0.0,16.5 days of cover: 10 units in stock at expected demand of 0.61 units/day,highly variable weekly demand (CV 1.02)
BR001,MED233,Ondansetron 4mg (Summit Lifesciences),Gastrointestinal,24,0.708,1.651,3.697,3.007,0.0357,0.1011,237.29,55.87,0,0,0,0.0,1.212,LOW,LOW,0.0,237.3 days of cover: 24 units in stock at expected demand of 0.10 units/day,highly variable weekly demand (CV 1.21)
BR001,MED234,Ondansetron 4mg (VitaCure Remedies),Gastrointestinal,23,6.921,14.008,30.736,17.239,1.0,1.0,23.0,9.34,0,0,1,0.00274,0.419,LOW,LOW,0.0,23.0 days of cover: 23 units in stock at expected demand of 1.00 units/day,
BR001,MED235,Ondansetron 8mg,Gastrointestinal,12,0.56,1.24,2.876,2.206,0.0714,0.08,150.0,38.08,0,0,0,0.0,0.962,LOW,LOW,0.0,150.0 days of cover: 12 units in stock at expected demand of 0.08 units/day,
BR001,MED237,Ondansetron 8mg (TrueLife Remedies),Gastrointestinal,6,0.531,1.26,2.83,2.178,0.1071,0.1071,56.0,19.28,0,0,0,0.0,1.102,LOW,LOW,0.0,56.0 days of cover: 6 units in stock at expected demand of 0.11 units/day,highly variable weekly demand (CV 1.10)
BR001,MED238,Ondansetron 8mg (VitaCure Remedies),Gastrointestinal,4,0.949,1.987,4.754,3.248,0.25,0.25,16.0,8.62,0,0,1,0.00411,0.883,LOW,LOW,0.0,16.0 days of cover: 4 units in stock at expected demand of 0.25 units/day,
BR001,MED241,ORS Powder 21.8g (Stellar Formulations),Gastrointestinal,20,6.646,13.496,29.314,16.964,1.0357,1.0357,19.31,8.25,0,0,1,0.00411,0.392,LOW,LOW,0.0,19.3 days of cover: 20 units in stock at expected demand of 1.04 units/day,
BR001,MED242,ORS Powder 21.8g (Summit Lifesciences),Gastrointestinal,8,0.541,1.194,2.738,2.188,0.0714,0.0773,103.51,25.59,0,0,0,0.0,1.724,LOW,LOW,0.0,103.5 days of cover: 8 units in stock at expected demand of 0.08 units/day,highly variable weekly demand (CV 1.72)
BR001,MED243,ORS Powder 21.8g (TrueLife Remedies),Gastrointestinal,9,0.992,2.051,4.565,3.29,0.1786,0.1786,50.4,19.15,0,0,1,0.00548,1.244,LOW,LOW,0.0,50.4 days of cover: 9 units in stock at expected demand of 0.18 units/day,highly variable weekly demand (CV 1.24)
BR001,MED244,ORS Powder 21.8g (VitaCure Remedies),Gastrointestinal,11,0.688,1.565,3.583,2.986,0.1786,0.1786,61.6,25.79,0,0,0,0.0,1.166,LOW,LOW,0.0,61.6 days of cover: 11 units in stock at expected demand of 0.18 units/day,highly variable weekly demand (CV 1.17)
BR001,MED245,Pantoprazole 40mg (BlueCrest Pharma),Gastrointestinal,22,7.286,15.329,34.046,17.605,1.2857,1.2857,17.11,8.75,0,0,3,0.00959,0.46,LOW,LOW,0.0,17.1 days of cover: 22 units in stock at expected demand of 1.29 units/day,
BR001,MED246,Pantoprazole 40mg (CarePlus Laboratories),Gastrointestinal,15,0.924,1.907,4.582,3.222,0.1429,0.1429,105.0,32.59,0,0,1,0.01507,0.813,LOW,LOW,0.0,105.0 days of cover: 15 units in stock at expected demand of 0.14 units/day,
BR001,MED248,Pantoprazole 40mg (TrueLife Remedies),Gastrointestinal,8,0.692,1.39,3.084,2.99,0.0714,0.0989,80.92,18.73,0,3,1,0.00411,1.402,LOW,LOW,0.0,80.9 days of cover: 8 units in stock at expected demand of 0.10 units/day,highly variable weekly demand (CV 1.40)
BR001,MED249,Pantoprazole 20mg,Gastrointestinal,20,6.653,13.405,28.942,16.971,1.0,1.0,20.0,8.25,0,0,6,0.02466,0.459,LOW,LOW,0.0,20.0 days of cover: 20 units in stock at expected demand of 1.00 units/day,
BR001,MED250,Pantoprazole 20mg (ApexLife Pharma),Gastrointestinal,14,2.5,5.107,10.567,7.993,0.3571,0.3571,39.2,12.26,0,1,5,0.01644,0.746,LOW,LOW,0.0,39.2 days of cover: 14 units in stock at expected demand of 0.36 units/day,
BR001,MED251,Pantoprazole 20mg (BlueCrest Pharma),Gastrointestinal,9,1.013,2.047,4.819,3.312,0.1786,0.1786,50.4,19.02,0,0,1,0.00959,1.007,LOW,LOW,0.0,50.4 days of cover: 9 units in stock at expected demand of 0.18 units/day,highly variable weekly demand (CV 1.01)
BR001,MED252,Pantoprazole 20mg (CarePlus Laboratories),Gastrointestinal,17,1.097,2.339,5.301,4.546,0.2143,0.2143,79.33,26.18,0,0,0,0.0,1.027,LOW,LOW,0.0,79.3 days of cover: 17 units in stock at expected demand of 0.21 units/day,highly variable weekly demand (CV 1.03)
BR001,MED253,Pantoprazole 20mg (Stellar Formulations),Gastrointestinal,13,1.285,2.542,5.512,4.734,0.2857,0.2857,45.5,19.22,0,0,2,0.01233,1.422,LOW,LOW,0.0,45.5 days of cover: 13 units in stock at expected demand of 0.29 units/day,highly variable weekly demand (CV 1.42)
BR001,MED254,Pantoprazole 20mg (Summit Lifesciences),Gastrointestinal,14,0.865,1.872,4.22,3.163,0.1786,0.1786,78.4,30.98,0,0,0,0.0,1.002,LOW,LOW,0.0,78.4 days of cover: 14 units in stock at expected demand of 0.18 units/day,highly variable weekly demand (CV 1.00)
BR001,MED255,Pantoprazole 20mg (VitaCure Remedies),Gastrointestinal,19,0.735,1.809,3.917,3.034,0.1071,0.1071,177.33,43.84,0,0,0,0.0,1.265,LOW,LOW,0.0,177.3 days of cover: 19 units in stock at expected demand of 0.11 units/day,highly variable weekly demand (CV 1.26)
BR001,MED256,Amlodipine 5mg (BlueCrest Pharma),Cardiovascular,31,7.9,16.956,38.984,18.219,1.1786,1.1786,26.3,11.91,0,0,1,0.00137,0.362,LOW,LOW,0.0,26.3 days of cover: 31 units in stock at expected demand of 1.18 units/day,
BR001,MED258,Amlodipine 5mg (NovaMed Laboratories),Cardiovascular,8,0.878,1.776,4.601,3.177,0.25,0.25,32.0,17.63,0,0,0,0.0,0.988,LOW,LOW,0.0,32.0 days of cover: 8 units in stock at expected demand of 0.25 units/day,
BR001,MED259,Amlodipine 5mg (Stellar Formulations),Cardiovascular,17,0.922,2.058,4.883,3.221,0.0714,0.1317,129.07,36.95,0,0,1,0.00137,1.282,LOW,LOW,0.0,129.1 days of cover: 17 units in stock at expected demand of 0.13 units/day,highly variable weekly demand (CV 1.28)
BR001,MED260,Amlodipine 5mg (VitaCure Remedies),Cardiovascular,13,0.613,1.296,2.781,2.26,0.0,0.0876,148.45,40.27,0,0,1,0.00685,2.953,LOW,LOW,0.0,148.5 days of cover: 13 units in stock at expected demand of 0.09 units/day,highly variable weekly demand (CV 2.95)
BR001,MED261,Amlodipine 2.5mg,Cardiovascular,6,0.706,1.458,4.088,3.004,0.2857,0.2857,21.0,13.98,0,0,1,0.00274,1.291,LOW,LOW,0.0,21.0 days of cover: 6 units in stock at expected demand of 0.29 units/day,highly variable weekly demand (CV 1.29)
BR001,MED262,Amlodipine 2.5mg (LifeSpring Pharma),Cardiovascular,25,4.48,9.953,24.366,9.974,0.6071,0.64,39.06,17.55,0,0,0,0.0,0.83,LOW,LOW,0.0,39.1 days of cover: 25 units in stock at expected demand of 0.64 units/day,
BR001,MED263,Amlodipine 2.5mg (Stellar Formulations),Cardiovascular,17,2.23,5.498,11.844,7.723,0.5,0.5,34.0,15.41,0,0,3,0.01096,0.805,LOW,LOW,0.0,34.0 days of cover: 17 units in stock at expected demand of 0.50 units/day,
BR001,MED265,Amlodipine 2.5mg (TrueLife Remedies),Cardiovascular,70,20.285,42.453,93.261,30.604,2.8571,2.8979,24.16,16.01,0,0,0,0.0,0.302,LOW,LOW,0.0,24.2 days of cover: 70 units in stock at expected demand of 2.90 units/day,
BR001,MED266,Amlodipine 2.5mg (VitaCure Remedies),Cardiovascular,12,0.857,1.906,4.732,3.155,0.1429,0.1429,84.0,26.62,0,0,1,0.00274,1.277,LOW,LOW,0.0,84.0 days of cover: 12 units in stock at expected demand of 0.14 units/day,highly variable weekly demand (CV 1.28)
BR001,MED267,Amlodipine 10mg,Cardiovascular,7,0.734,1.559,4.05,3.032,0.25,0.25,28.0,16.16,0,0,0,0.0,1.05,LOW,LOW,0.0,28.0 days of cover: 7 units in stock at expected demand of 0.25 units/day,highly variable weekly demand (CV 1.05)
BR001,MED268,Amlodipine 10mg (LifeSpring Pharma),Cardiovascular,7,0.5,1.063,2.436,2.146,0.1429,0.1429,49.0,22.83,0,0,0,0.0,1.609,LOW,LOW,0.0,49.0 days of cover: 7 units in stock at expected demand of 0.14 units/day,highly variable weekly demand (CV 1.61)
BR001,MED271,Aspirin 75mg (ApexLife Pharma),Cardiovascular,9,0.743,1.741,4.142,3.041,0.1429,0.1429,63.0,20.72,0,0,2,0.01233,1.624,LOW,LOW,0.0,63.0 days of cover: 9 units in stock at expected demand of 0.14 units/day,highly variable weekly demand (CV 1.62)
BR001,MED273,Aspirin 75mg (CureLine Healthcare),Cardiovascular,20,5.958,11.88,27.702,11.452,0.9643,0.9643,20.74,12.22,0,0,6,0.01644,0.619,LOW,LOW,0.0,20.7 days of cover: 20 units in stock at expected demand of 0.96 units/day,
BR001,MED274,Aspirin 75mg (LifeSpring Pharma),Cardiovascular,9,0.59,1.303,3.431,2.237,0.1429,0.1429,63.0,28.16,0,0,0,0.0,1.817,LOW,LOW,0.0,63.0 days of cover: 9 units in stock at expected demand of 0.14 units/day,highly variable weekly demand (CV 1.82)
BR001,MED275,Aspirin 75mg (NovaMed Laboratories),Cardiovascular,15,0.884,2.011,4.58,3.182,0.0714,0.1263,118.78,33.0,0,0,1,0.00959,1.887,LOW,LOW,0.0,118.8 days of cover: 15 units in stock at expected demand of 0.13 units/day,highly variable weekly demand (CV 1.89)
BR001,MED278,Aspirin 150mg (CarePlus Laboratories),Cardiovascular,28,7.255,15.453,34.914,17.573,1.2143,1.2143,23.06,11.15,1,1,10,0.02466,0.434,LOW,LOW,0.0,23.1 days of cover: 28 units in stock at expected demand of 1.21 units/day,
BR001,MED279,Aspirin 150mg (Summit Lifesciences),Cardiovascular,25,1.246,3.062,7.233,4.694,0.2143,0.2143,116.67,37.28,0,0,0,0.0,1.369,LOW,LOW,0.0,116.7 days of cover: 25 units in stock at expected demand of 0.21 units/day,highly variable weekly demand (CV 1.37)
BR001,MED280,Aspirin 150mg (TrueLife Remedies),Cardiovascular,28,9.65,20.295,45.131,19.969,1.7857,1.7857,15.68,9.82,0,0,2,0.00959,0.437,LOW,LOW,0.0,15.7 days of cover: 28 units in stock at expected demand of 1.79 units/day,
BR001,MED281,Atorvastatin 10mg (Aarogya Formulations),Cardiovascular,13,0.876,1.806,3.807,3.174,0.1786,0.1786,72.8,28.67,0,0,1,0.00411,1.477,LOW,LOW,0.0,72.8 days of cover: 13 units in stock at expected demand of 0.18 units/day,highly variable weekly demand (CV 1.48)
BR001,MED282,Atorvastatin 10mg (ApexLife Pharma),Cardiovascular,15,1.63,3.842,9.475,5.078,0.3571,0.3571,42.0,20.68,0,0,1,0.00411,1.104,LOW,LOW,0.0,42.0 days of cover: 15 units in stock at expected demand of 0.36 units/day,highly variable weekly demand (CV 1.10)
BR001,MED284,Atorvastatin 10mg (Summit Lifesciences),Cardiovascular,40,8.232,17.45,40.289,18.55,1.0714,1.176,34.01,15.09,0,5,2,0.00822,0.494,LOW,LOW,0.0,34.0 days of cover: 40 units in stock at expected demand of 1.18 units/day,
BR001,MED285,Atorvastatin 20mg,Cardiovascular,20,7.291,15.878,36.196,17.61,1.25,1.25,16.0,7.95,0,1,6,0.01233,0.491,LOW,LOW,0.0,16.0 days of cover: 20 units in stock at expected demand of 1.25 units/day,
BR001,MED287,Atorvastatin 20mg (CarePlus Laboratories),Cardiovascular,22,3.049,5.147,11.503,8.542,0.3929,0.4356,50.51,18.03,2,2,1,0.00274,0.874,LOW,LOW,0.0,50.5 days of cover: 22 units in stock at expected demand of 0.44 units/day,
BR001,MED289,Atorvastatin 40mg (CureLine Healthcare),Cardiovascular,13,0.965,2.364,5.193,3.263,0.1786,0.1786,72.8,27.89,0,0,0,0.0,1.406,LOW,LOW,0.0,72.8 days of cover: 13 units in stock at expected demand of 0.18 units/day,highly variable weekly demand (CV 1.41)
BR001,MED290,Atorvastatin 40mg (LifeSpring Pharma),Cardiovascular,8,0.674,1.577,3.849,2.972,0.1429,0.1429,56.0,18.84,0,0,0,0.0,2.147,LOW,LOW,0.0,56.0 days of cover: 8 units in stock at expected demand of 0.14 units/day,highly variable weekly demand (CV 2.15)
BR001,MED291,Atorvastatin 40mg (VitaCure Remedies),Cardiovascular,14,1.027,2.117,5.181,3.325,0.25,0.25,56.0,29.47,0,0,2,0.00959,1.21,LOW,LOW,0.0,56.0 days of cover: 14 units in stock at expected demand of 0.25 units/day,highly variable weekly demand (CV 1.21)
BR001,MED292,Clopidogrel 75mg (Aarogya Formulations),Cardiovascular,26,8.067,16.709,38.048,18.386,1.3571,1.3571,19.16,9.9,0,0,3,0.00822,0.561,LOW,LOW,0.0,19.2 days of cover: 26 units in stock at expected demand of 1.36 units/day,
BR001,MED293,Clopidogrel 75mg (BlueCrest Pharma),Cardiovascular,23,2.847,6.636,12.809,8.341,0.5,0.5,46.0,19.3,0,0,1,0.00137,0.855,LOW,LOW,0.0,46.0 days of cover: 23 units in stock at expected demand of 0.50 units/day,
BR001,MED294,Clopidogrel 75mg (CureLine Healthcare),Cardiovascular,15,1.814,4.069,9.253,5.262,0.3929,0.3929,38.18,19.95,0,0,1,0.00137,0.932,LOW,LOW,0.0,38.2 days of cover: 15 units in stock at expected demand of 0.39 units/day,
BR001,MED295,Clopidogrel 75mg (NovaMed Laboratories),Cardiovascular,6,0.496,1.255,2.687,2.142,0.0714,0.0714,84.0,19.61,0,0,1,0.01096,1.298,LOW,LOW,0.0,84.0 days of cover: 6 units in stock at expected demand of 0.07 units/day,highly variable weekly demand (CV 1.30)
BR001,MED296,Clopidogrel 75mg (Stellar Formulations),Cardiovascular,10,1.548,3.726,9.0,4.996,0.5357,0.5357,18.67,14.01,0,0,0,0.0,1.007,LOW,LOW,0.0,18.7 days of cover: 10 units in stock at expected demand of 0.54 units/day,highly variable weekly demand (CV 1.01)
BR001,MED297,Losartan 50mg (Aarogya Formulations),Cardiovascular,16,0.628,1.362,3.131,2.275,0.0357,0.0897,178.34,49.23,0,0,0,0.0,1.997,LOW,LOW,0.0,178.3 days of cover: 16 units in stock at expected demand of 0.09 units/day,highly variable weekly demand (CV 2.00)
BR001,MED298,Losartan 50mg (CarePlus Laboratories),Cardiovascular,13,1.469,3.073,8.029,4.917,0.3571,0.3571,36.4,18.51,0,0,0,0.0,1.661,LOW,LOW,0.0,36.4 days of cover: 13 units in stock at expected demand of 0.36 units/day,highly variable weekly demand (CV 1.66)
BR001,MED299,Losartan 50mg (NovaMed Laboratories),Cardiovascular,120,39.563,80.189,173.252,49.882,5.4286,5.6519,21.23,16.84,0,0,4,0.01507,0.262,LOW,LOW,0.0,21.2 days of cover: 120 units in stock at expected demand of 5.65 units/day,
BR001,MED300,Losartan 25mg,Cardiovascular,4,0.43,0.909,2.182,2.077,0.0357,0.0614,65.12,13.48,0,0,1,0.00685,1.777,LOW,LOW,0.0,65.1 days of cover: 4 units in stock at expected demand of 0.06 units/day,highly variable weekly demand (CV 1.78)
BR001,MED304,Losartan 25mg (Summit Lifesciences),Cardiovascular,13,1.009,2.336,6.102,3.308,0.1786,0.1786,72.8,27.51,0,0,0,0.0,1.622,LOW,LOW,0.0,72.8 days of cover: 13 units in stock at expected demand of 0.18 units/day,highly variable weekly demand (CV 1.62)
BR001,MED305,Losartan 25mg (TrueLife Remedies),Cardiovascular,32,10.292,21.797,52.346,20.611,2.0714,2.0714,15.45,10.87,0,8,3,0.02466,0.399,LOW,LOW,0.0,15.4 days of cover: 32 units in stock at expected demand of 2.07 units/day,
BR001,MED307,Metoprolol 50mg (BlueCrest Pharma),Cardiovascular,87,33.958,65.736,147.549,44.276,4.6429,4.8511,17.93,13.75,0,6,3,0.02055,0.392,LOW,LOW,0.0,17.9 days of cover: 87 units in stock at expected demand of 4.85 units/day,
BR001,MED308,Metoprolol 50mg (CureLine Healthcare),Cardiovascular,12,1.009,2.342,5.561,3.307,0.2143,0.2143,56.0,25.4,0,0,0,0.0,0.777,LOW,LOW,0.0,56.0 days of cover: 12 units in stock at expected demand of 0.21 units/day,
BR001,MED309,Metoprolol 50mg (NovaMed Laboratories),Cardiovascular,15,0.971,2.166,4.963,3.269,0.1071,0.1387,108.14,32.12,0,0,1,0.00411,1.055,LOW,LOW,0.0,108.1 days of cover: 15 units in stock at expected demand of 0.14 units/day,highly variable weekly demand (CV 1.05)
BR001,MED310,Metoprolol 25mg,Cardiovascular,29,6.996,15.442,35.435,17.314,0.9643,0.9994,29.02,11.72,0,0,1,0.00137,0.595,LOW,LOW,0.0,29.0 days of cover: 29 units in stock at expected demand of 1.00 units/day,
BR001,MED311,Metoprolol 25mg (CureLine Healthcare),Cardiovascular,47,8.867,18.449,40.798,19.186,1.0,1.2667,37.1,17.15,0,0,5,0.01233,0.618,LOW,LOW,0.0,37.1 days of cover: 47 units in stock at expected demand of 1.27 units/day,
BR001,MED312,Metoprolol 25mg (HealthAxis Pharma),Cardiovascular,10,0.96,2.12,4.852,3.258,0.25,0.25,40.0,21.49,0,0,1,0.00137,1.315,LOW,LOW,0.0,40.0 days of cover: 10 units in stock at expected demand of 0.25 units/day,highly variable weekly demand (CV 1.31)
BR001,MED313,Metoprolol 25mg (LifeSpring Pharma),Cardiovascular,5,0.656,1.349,3.559,2.303,0.2857,0.2857,17.5,15.2,0,0,0,0.0,1.007,LOW,LOW,0.0,17.5 days of cover: 5 units in stock at expected demand of 0.29 units/day,highly variable weekly demand (CV 1.01)
BR001,MED317,Rosuvastatin 5mg,Cardiovascular,29,1.277,3.113,6.636,4.725,0.1786,0.1824,158.97,42.96,0,0,2,0.00822,1.313,LOW,LOW,0.0,159.0 days of cover: 29 units in stock at expected demand of 0.18 units/day,highly variable weekly demand (CV 1.31)
BR001,MED318,Rosuvastatin 5mg (BlueCrest Pharma),Cardiovascular,8,0.57,1.296,2.792,2.216,0.0357,0.0814,98.25,25.27,0,0,2,0.00822,1.507,LOW,LOW,0.0,98.2 days of cover: 8 units in stock at expected demand of 0.08 units/day,highly variable weekly demand (CV 1.51)
BR001,MED320,Rosuvastatin 5mg (Stellar Formulations),Cardiovascular,29,9.187,18.508,43.229,19.505,1.6429,1.6429,17.65,10.41,0,1,3,0.0137,0.372,LOW,LOW,0.0,17.7 days of cover: 29 units in stock at expected demand of 1.64 units/day,
BR001,MED321,Rosuvastatin 5mg (VitaCure Remedies),Cardiovascular,9,1.149,2.592,5.974,4.597,0.25,0.25,36.0,13.7,0,0,1,0.01233,1.222,LOW,LOW,0.0,36.0 days of cover: 9 units in stock at expected demand of 0.25 units/day,highly variable weekly demand (CV 1.22)
BR001,MED323,Rosuvastatin 20mg (NovaMed Laboratories),Cardiovascular,10,2.393,4.967,12.741,7.887,0.5,0.5,20.0,8.88,0,0,6,0.02466,0.962,LOW,LOW,0.0,20.0 days of cover: 10 units in stock at expected demand of 0.50 units/day,
BR001,MED325,Rosuvastatin 20mg (Summit Lifesciences),Cardiovascular,14,0.552,1.105,2.393,2.199,0.0,0.0789,177.54,44.57,0,0,0,0.0,2.855,LOW,LOW,0.0,177.5 days of cover: 14 units in stock at expected demand of 0.08 units/day,highly variable weekly demand (CV 2.86)
BR001,MED328,Telmisartan 40mg (CureLine Healthcare),Cardiovascular,25,0.739,1.317,3.118,3.037,0.0,0.1056,236.81,57.62,0,0,0,0.0,2.147,LOW,LOW,0.0,236.8 days of cover: 25 units in stock at expected demand of 0.11 units/day,highly variable weekly demand (CV 2.15)
BR001,MED329,Telmisartan 40mg (NovaMed Laboratories),Cardiovascular,68,27.847,55.191,124.49,38.165,3.8929,3.9781,17.09,12.47,0,0,4,0.01233,0.302,LOW,LOW,0.0,17.1 days of cover: 68 units in stock at expected demand of 3.98 units/day,
BR001,MED330,Telmisartan 40mg (Stellar Formulations),Cardiovascular,5,0.472,1.036,2.583,2.118,0.1429,0.1429,35.0,16.53,0,7,3,0.01507,1.04,LOW,LOW,0.0,35.0 days of cover: 5 units in stock at expected demand of 0.14 units/day,highly variable weekly demand (CV 1.04)
BR001,MED331,Telmisartan 40mg (VitaCure Remedies),Cardiovascular,17,1.346,2.989,7.377,4.794,0.2857,0.2857,59.5,24.82,0,0,0,0.0,1.107,LOW,LOW,0.0,59.5 days of cover: 17 units in stock at expected demand of 0.29 units/day,highly variable weekly demand (CV 1.11)
BR001,MED332,Telmisartan 20mg,Cardiovascular,34,8.537,17.864,39.731,18.856,1.25,1.25,27.2,12.62,0,0,4,0.0137,0.438,LOW,LOW,0.0,27.2 days of cover: 34 units in stock at expected demand of 1.25 units/day,
BR001,MED333,Telmisartan 20mg (HealthAxis Pharma),Cardiovascular,11,0.925,2.15,4.797,3.224,0.2143,0.2143,51.33,23.88,0,0,0,0.0,1.072,LOW,LOW,0.0,51.3 days of cover: 11 units in stock at expected demand of 0.21 units/day,highly variable weekly demand (CV 1.07)
BR001,MED334,Telmisartan 20mg (LifeSpring Pharma),Cardiovascular,14,0.857,2.007,5.4,3.156,0.1429,0.1429,98.0,31.05,0,1,2,0.00274,1.069,LOW,LOW,0.0,98.0 days of cover: 14 units in stock at expected demand of 0.14 units/day,highly variable weekly demand (CV 1.07)
BR001,MED335,Telmisartan 20mg (Summit Lifesciences),Cardiovascular,4,0.478,1.1,2.942,2.124,0.1429,0.1429,28.0,13.18,0,0,1,0.00548,1.24,LOW,LOW,0.0,28.0 days of cover: 4 units in stock at expected demand of 0.14 units/day,highly variable weekly demand (CV 1.24)
BR001,MED336,Telmisartan 80mg,Cardiovascular,15,2.075,4.487,11.232,5.524,0.3929,0.3929,38.18,19.01,0,0,4,0.02055,1.079,LOW,LOW,0.0,38.2 days of cover: 15 units in stock at expected demand of 0.39 units/day,highly variable weekly demand (CV 1.08)
BR001,MED337,Telmisartan 80mg (ApexLife Pharma),Cardiovascular,19,1.376,3.308,8.349,4.824,0.2857,0.2857,66.5,27.57,0,0,0,0.0,0.8,LOW,LOW,0.0,66.5 days of cover: 19 units in stock at expected demand of 0.29 units/day,
BR001,MED338,Telmisartan 80mg (BlueCrest Pharma),Cardiovascular,76,13.282,26.561,58.945,23.601,1.8571,1.8974,40.05,22.54,0,0,1,0.00411,0.491,LOW,LOW,0.0,40.1 days of cover: 76 units in stock at expected demand of 1.90 units/day,
BR001,MED339,Telmisartan 80mg (CureLine Healthcare),Cardiovascular,7,0.83,1.79,4.636,3.128,0.1786,0.1786,39.2,15.66,0,1,2,0.01233,0.883,LOW,LOW,0.0,39.2 days of cover: 7 units in stock at expected demand of 0.18 units/day,
BR001,MED340,Telmisartan 80mg (NovaMed Laboratories),Cardiovascular,10,1.39,3.147,8.65,4.838,0.3571,0.3571,28.0,14.47,0,0,1,0.00548,1.118,LOW,LOW,0.0,28.0 days of cover: 10 units in stock at expected demand of 0.36 units/day,highly variable weekly demand (CV 1.12)
BR001,MED344,Gliclazide 80mg (Aarogya Formulations),Antidiabetic,43,10.248,22.525,50.628,20.567,1.6786,1.6786,25.62,14.64,0,0,0,0.0,0.471,LOW,LOW,0.0,25.6 days of cover: 43 units in stock at expected demand of 1.68 units/day,
BR001,MED345,Gliclazide 80mg (BlueCrest Pharma),Antidiabetic,11,2.919,5.755,14.26,8.412,0.5714,0.5714,19.25,9.15,0,0,2,0.00411,1.048,LOW,LOW,0.0,19.2 days of cover: 11 units in stock at expected demand of 0.57 units/day,highly variable weekly demand (CV 1.05)
BR001,MED347,Gliclazide 80mg (LifeSpring Pharma),Antidiabetic,6,1.175,2.546,7.149,4.623,0.3929,0.3929,15.27,9.09,0,0,2,0.0137,0.933,LOW,LOW,0.0,15.3 days of cover: 6 units in stock at expected demand of 0.39 units/day,
BR001,MED348,Gliclazide 80mg (TrueLife Remedies),Antidiabetic,20,1.13,2.742,6.555,4.578,0.1429,0.1614,123.89,30.58,0,0,1,0.00548,1.862,LOW,LOW,0.0,123.9 days of cover: 20 units in stock at expected demand of 0.16 units/day,highly variable weekly demand (CV 1.86)
BR001,MED349,Gliclazide 40mg,Antidiabetic,16,4.704,10.355,23.508,10.198,0.8571,0.8571,18.67,10.98,0,0,0,0.0,0.628,LOW,LOW,0.0,18.7 days of cover: 16 units in stock at expected demand of 0.86 units/day,
BR001,MED350,Gliclazide 40mg (BlueCrest Pharma),Antidiabetic,7,0.689,1.373,3.047,2.988,0.1429,0.1429,49.0,16.4,0,0,0,0.0,1.467,LOW,LOW,0.0,49.0 days of cover: 7 units in stock at expected demand of 0.14 units/day,highly variable weekly demand (CV 1.47)
BR001,MED351,Gliclazide 40mg (Lumina Pharma),Antidiabetic,16,2.022,3.634,9.731,5.47,0.4643,0.4643,34.46,20.48,1,1,7,0.01644,0.893,LOW,LOW,0.0,34.5 days of cover: 16 units in stock at expected demand of 0.46 units/day,
BR001,MED352,Gliclazide 40mg (NovaMed Laboratories),Antidiabetic,13,0.6,1.3,2.938,2.246,0.0,0.0857,151.67,40.52,0,0,1,0.00685,3.248,LOW,LOW,0.0,151.7 days of cover: 13 units in stock at expected demand of 0.09 units/day,highly variable weekly demand (CV 3.25)
BR001,MED353,Gliclazide 40mg (Stellar Formulations),Antidiabetic,20,0.815,1.616,4.433,3.113,0.0,0.1164,171.78,44.97,0,0,1,0.00137,1.615,LOW,LOW,0.0,171.8 days of cover: 20 units in stock at expected demand of 0.12 units/day,highly variable weekly demand (CV 1.62)
BR001,MED355,Glimepiride 2mg (BlueCrest Pharma),Antidiabetic,19,0.891,1.822,4.447,3.189,0.0357,0.1273,149.27,41.71,0,0,1,0.00822,1.414,LOW,LOW,0.0,149.3 days of cover: 19 units in stock at expected demand of 0.13 units/day,highly variable weekly demand (CV 1.41)
BR001,MED356,Glimepiride 2mg (CarePlus Laboratories),Antidiabetic,12,3.934,8.444,18.016,9.428,0.7857,0.7857,15.27,8.91,0,0,0,0.0,0.56,LOW,LOW,0.0,15.3 days of cover: 12 units in stock at expected demand of 0.79 units/day,
BR001,MED358,Glimepiride 2mg (VitaCure Remedies),Antidiabetic,34,8.697,17.243,39.742,19.016,1.3571,1.3571,25.05,12.52,0,0,1,0.00274,0.644,LOW,LOW,0.0,25.1 days of cover: 34 units in stock at expected demand of 1.36 units/day,
BR001,MED359,Glimepiride 1mg,Antidiabetic,8,0.444,0.968,2.26,2.09,0.0,0.0634,126.13,26.79,0,0,0,0.0,2.032,LOW,LOW,0.0,126.1 days of cover: 8 units in stock at expected demand of 0.06 units/day,highly variable weekly demand (CV 2.03)
BR001,MED360,Glimepiride 1mg (CarePlus Laboratories),Antidiabetic,44,12.843,25.255,57.895,23.162,2.3214,2.3214,18.95,13.3,1,3,4,0.00822,0.362,LOW,LOW,0.0,19.0 days of cover: 44 units in stock at expected demand of 2.32 units/day,
BR001,MED361,Glimepiride 1mg (CureLine Healthcare),Antidiabetic,30,7.925,16.608,37.994,18.244,1.2857,1.2857,23.33,11.51,0,0,3,0.01644,0.358,LOW,LOW,0.0,23.3 days of cover: 30 units in stock at expected demand of 1.29 units/day,
BR001,MED363,Glimepiride 1mg (Summit Lifesciences),Antidiabetic,31,1.267,2.989,7.902,4.715,0.1429,0.181,171.27,46.02,0,0,0,0.0,1.223,LOW,LOW,0.0,171.3 days of cover: 31 units in stock at expected demand of 0.18 units/day,highly variable weekly demand (CV 1.22)
BR001,MED365,Glimepiride 3mg,Antidiabetic,10,0.725,1.522,3.783,3.023,0.1429,0.1429,70.0,23.16,0,0,0,0.0,1.755,LOW,LOW,0.0,70.0 days of cover: 10 units in stock at expected demand of 0.14 units/day,highly variable weekly demand (CV 1.75)
BR001,MED367,Glimepiride 3mg (CureLine Healthcare),Antidiabetic,17,0.906,1.841,5.072,3.204,0.1071,0.1294,131.35,37.14,0,0,0,0.0,0.832,LOW,LOW,0.0,131.3 days of cover: 17 units in stock at expected demand of 0.13 units/day,
BR001,MED368,Glimepiride 3mg (NovaMed Laboratories),Antidiabetic,10,1.151,2.192,5.667,4.599,0.25,0.25,40.0,15.22,0,0,4,0.01781,1.818,LOW,LOW,0.0,40.0 days of cover: 10 units in stock at expected demand of 0.25 units/day,highly variable weekly demand (CV 1.82)
BR001,MED369,Glimepiride 3mg (Stellar Formulations),Antidiabetic,7,1.471,3.323,8.686,4.92,0.4286,0.4286,16.33,9.96,0,0,1,0.00274,0.86,LOW,LOW,0.0,16.3 days of cover: 7 units in stock at expected demand of 0.43 units/day,
BR001,MED370,Glimepiride 3mg (Summit Lifesciences),Antidiabetic,22,3.039,7.021,16.013,8.532,0.4643,0.4643,47.38,18.05,0,0,1,0.00137,1.248,LOW,LOW,0.0,47.4 days of cover: 22 units in stock at expected demand of 0.46 units/day,highly variable weekly demand (CV 1.25)
BR001,MED371,Glimepiride 3mg (TrueLife Remedies),Antidiabetic,3,0.428,0.969,2.827,2.075,0.1786,0.1786,16.8,10.12,0,0,0,0.0,1.516,LOW,LOW,0.0,16.8 days of cover: 3 units in stock at expected demand of 0.18 units/day,highly variable weekly demand (CV 1.52)
BR001,MED373,Glimepiride + Metformin 2mg/500mg (Aarogya Formulations),Antidiabetic,14,1.041,2.298,5.035,3.339,0.2143,0.2143,65.33,29.35,0,0,0,0.0,1.21,LOW,LOW,0.0,65.3 days of cover: 14 units in stock at expected demand of 0.21 units/day,highly variable weekly demand (CV 1.21)
BR001,MED375,Glimepiride + Metformin 2mg/500mg (Summit Lifesciences),Antidiabetic,4,0.343,0.64,1.728,1.99,0.0714,0.0714,56.0,14.07,0,0,0,0.0,1.127,LOW,LOW,0.0,56.0 days of cover: 4 units in stock at expected demand of 0.07 units/day,highly variable weekly demand (CV 1.13)
BR001,MED376,Glimepiride + Metformin 1mg/500mg,Antidiabetic,17,1.534,3.277,8.521,4.982,0.3214,0.3214,52.89,23.89,0,0,0,0.0,1.086,LOW,LOW,0.0,52.9 days of cover: 17 units in stock at expected demand of 0.32 units/day,highly variable weekly demand (CV 1.09)
BR001,MED377,Glimepiride + Metformin 1mg/500mg (CarePlus Laboratories),Antidiabetic,12,1.605,3.507,8.395,5.053,0.4643,0.4643,25.85,16.62,0,0,0,0.0,1.059,LOW,LOW,0.0,25.8 days of cover: 12 units in stock at expected demand of 0.46 units/day,highly variable weekly demand (CV 1.06)
BR001,MED379,Glimepiride + Metformin 1mg/500mg (Summit Lifesciences),Antidiabetic,11,2.384,5.018,11.574,7.877,0.6071,0.6071,18.12,9.78,0,0,0,0.0,1.464,LOW,LOW,0.0,18.1 days of cover: 11 units in stock at expected demand of 0.61 units/day,highly variable weekly demand (CV 1.46)
BR001,MED380,Glimepiride + Metformin 1mg/500mg (VitaCure Remedies),Antidiabetic,33,8.128,16.517,38.155,18.447,1.1429,1.1611,28.42,12.52,0,0,4,0.01644,0.601,LOW,LOW,0.0,28.4 days of cover: 33 units in stock at expected demand of 1.16 units/day,
BR001,MED382,Metformin 500mg (CureLine Healthcare),Antidiabetic,11,2.089,3.822,9.494,5.537,0.4286,0.4286,25.67,13.91,0,3,4,0.02329,0.856,LOW,LOW,0.0,25.7 days of cover: 11 units in stock at expected demand of 0.43 units/day,
BR001,MED383,Metformin 500mg (Stellar Formulations),Antidiabetic,106,47.016,92.492,206.571,57.335,6.75,6.75,15.7,12.94,0,0,4,0.01507,0.201,LOW,LOW,0.0,15.7 days of cover: 106 units in stock at expected demand of 6.75 units/day,
BR001,MED387,Metformin 850mg (Stellar Formulations),Antidiabetic,17,1.093,2.423,6.195,4.541,0.1429,0.1561,108.87,26.21,0,0,0,0.0,1.687,LOW,LOW,0.0,108.9 days of cover: 17 units in stock at expected demand of 0.16 units/day,highly variable weekly demand (CV 1.69)
BR001,MED388,Metformin 850mg (VitaCure Remedies),Antidiabetic,18,1.052,2.402,6.148,4.5,0.1786,0.1786,100.8,28.0,0,0,0,0.0,1.511,LOW,LOW,0.0,100.8 days of cover: 18 units in stock at expected demand of 0.18 units/day,highly variable weekly demand (CV 1.51)
BR001,MED389,Metformin 1000mg,Antidiabetic,24,1.31,3.338,8.415,4.758,0.2143,0.2143,112.0,35.31,0,0,4,0.01781,1.291,LOW,LOW,0.0,112.0 days of cover: 24 units in stock at expected demand of 0.21 units/day,highly variable weekly demand (CV 1.29)
BR001,MED390,Metformin 1000mg (BlueCrest Pharma),Antidiabetic,15,1.777,4.109,9.552,5.225,0.25,0.2539,59.09,20.1,0,0,1,0.00274,0.886,LOW,LOW,0.0,59.1 days of cover: 15 units in stock at expected demand of 0.25 units/day,
BR001,MED393,Metformin 1000mg (TrueLife Remedies),Antidiabetic,18,1.327,3.493,8.21,4.776,0.2143,0.2143,84.0,26.38,0,0,3,0.01781,1.395,LOW,LOW,0.0,84.0 days of cover: 18 units in stock at expected demand of 0.21 units/day,highly variable weekly demand (CV 1.40)
BR001,MED394,Sitagliptin 100mg (BlueCrest Pharma),Antidiabetic,9,1.263,2.79,6.36,4.712,0.2857,0.2857,31.5,13.37,0,0,4,0.0137,1.299,LOW,LOW,0.0,31.5 days of cover: 9 units in stock at expected demand of 0.29 units/day,highly variable weekly demand (CV 1.30)
BR001,MED395,Sitagliptin 100mg (CarePlus Laboratories),Antidiabetic,27,9.606,20.08,46.44,19.925,1.7143,1.7143,15.75,9.49,0,0,2,0.01233,0.52,LOW,LOW,0.0,15.8 days of cover: 27 units in stock at expected demand of 1.71 units/day,
BR001,MED396,Sitagliptin 100mg (HealthAxis Pharma),Antidiabetic,226,70.311,132.102,297.709,80.63,11.0357,11.0357,20.48,19.62,0,4,3,0.00959,0.211,LOW,LOW,0.0,20.5 days of cover: 226 units in stock at expected demand of 11.04 units/day,
BR001,MED397,Sitagliptin 50mg,Antidiabetic,31,7.59,15.665,36.029,17.909,1.2143,1.2143,25.53,12.12,0,0,3,0.00411,0.686,LOW,LOW,0.0,25.5 days of cover: 31 units in stock at expected demand of 1.21 units/day,
BR001,MED398,Sitagliptin 50mg (ApexLife Pharma),Antidiabetic,19,2.822,6.65,14.215,8.316,0.6071,0.6071,31.29,15.99,0,0,0,0.0,1.021,LOW,LOW,0.0,31.3 days of cover: 19 units in stock at expected demand of 0.61 units/day,highly variable weekly demand (CV 1.02)
BR001,MED400,Sitagliptin 50mg (Crestview Pharma),Antidiabetic,17,0.88,1.853,4.354,3.178,0.0357,0.1257,135.23,37.44,0,0,3,0.00959,1.054,LOW,LOW,0.0,135.2 days of cover: 17 units in stock at expected demand of 0.13 units/day,highly variable weekly demand (CV 1.05)
BR001,MED401,Sitagliptin 50mg (HealthAxis Pharma),Antidiabetic,15,1.368,3.156,6.826,4.816,0.25,0.25,60.0,21.8,0,0,1,0.00548,1.368,LOW,LOW,0.0,60.0 days of cover: 15 units in stock at expected demand of 0.25 units/day,highly variable weekly demand (CV 1.37)
BR001,MED402,Sitagliptin 50mg (NovaMed Laboratories),Antidiabetic,23,6.196,12.154,26.394,11.69,0.9286,0.9286,24.77,13.77,0,0,2,0.00822,0.673,LOW,LOW,0.0,24.8 days of cover: 23 units in stock at expected demand of 0.93 units/day,
BR001,MED403,Sitagliptin 50mg (Stellar Formulations),Antidiabetic,13,1.068,2.241,5.705,4.516,0.25,0.25,52.0,20.15,0,0,0,0.0,1.008,LOW,LOW,0.0,52.0 days of cover: 13 units in stock at expected demand of 0.25 units/day,highly variable weekly demand (CV 1.01)
BR001,MED404,Sitagliptin 50mg (Summit Lifesciences),Antidiabetic,22,1.266,2.664,6.459,4.714,0.1071,0.1809,121.64,32.67,0,0,2,0.01644,1.402,LOW,LOW,0.0,121.6 days of cover: 22 units in stock at expected demand of 0.18 units/day,highly variable weekly demand (CV 1.40)
BR001,MED405,Sitagliptin 50mg (TrueLife Remedies),Antidiabetic,11,1.182,2.559,6.092,4.63,0.2143,0.2143,51.33,16.63,0,0,1,0.01507,1.686,LOW,LOW,0.0,51.3 days of cover: 11 units in stock at expected demand of 0.21 units/day,highly variable weekly demand (CV 1.69)
BR001,MED406,Ambroxol + Levosalbutamol Syrup 100ml (Aarogya Formulations),Respiratory,14,0.751,1.608,3.34,3.049,0.0714,0.1073,130.49,32.14,0,0,2,0.0137,1.092,LOW,LOW,0.0,130.5 days of cover: 14 units in stock at expected demand of 0.11 units/day,highly variable weekly demand (CV 1.09)
BR001,MED407,Ambroxol + Levosalbutamol Syrup 100ml (NovaMed Laboratories),Respiratory,33,9.146,18.892,40.424,19.465,1.3929,1.3929,23.69,11.87,0,0,1,0.00274,0.536,LOW,LOW,0.0,23.7 days of cover: 33 units in stock at expected demand of 1.39 units/day,
BR001,MED410,Ambroxol + Levosalbutamol Syrup 60ml,Respiratory,20,1.841,4.006,9.852,5.289,0.3214,0.3214,62.22,26.47,0,0,0,0.0,1.0,LOW,LOW,0.0,62.2 days of cover: 20 units in stock at expected demand of 0.32 units/day,highly variable weekly demand (CV 1.00)
BR001,MED412,Budesonide Inhaler 200mcg (ApexLife Pharma),Respiratory,13,0.925,2.092,4.895,3.223,0.1429,0.1429,91.0,28.23,0,0,0,0.0,0.839,LOW,LOW,0.0,91.0 days of cover: 13 units in stock at expected demand of 0.14 units/day,
BR001,MED413,Budesonide Inhaler 200mcg (BlueCrest Pharma),Respiratory,7,0.749,1.727,3.508,3.047,0.1429,0.1429,49.0,16.08,0,0,0,0.0,1.483,LOW,LOW,0.0,49.0 days of cover: 7 units in stock at expected demand of 0.14 units/day,highly variable weekly demand (CV 1.48)
BR001,MED414,Budesonide Inhaler 200mcg (VitaCure Remedies),Respiratory,7,0.923,2.137,4.846,3.221,0.25,0.25,28.0,15.21,0,0,0,0.0,0.869,LOW,LOW,0.0,28.0 days of cover: 7 units in stock at expected demand of 0.25 units/day,
BR001,MED416,Dextromethorphan Syrup 100ml (HealthAxis Pharma),Respiratory,48,9.917,20.826,45.361,20.235,1.4286,1.4286,33.6,16.6,0,0,2,0.00411,0.56,LOW,LOW,0.0,33.6 days of cover: 48 units in stock at expected demand of 1.43 units/day,
BR001,MED418,Dextromethorphan Syrup 100ml (Summit Lifesciences),Respiratory,16,1.138,2.488,5.939,4.586,0.1786,0.1786,89.6,24.42,0,0,0,0.0,1.256,LOW,LOW,0.0,89.6 days of cover: 16 units in stock at expected demand of 0.18 units/day,highly variable weekly demand (CV 1.26)
BR001,MED420,Montelukast 10mg (CureLine Healthcare),Respiratory,23,5.84,12.224,26.174,11.334,0.75,0.8343,27.57,14.21,0,0,2,0.00274,0.485,LOW,LOW,0.0,27.6 days of cover: 23 units in stock at expected demand of 0.83 units/day,
BR001,MED421,Montelukast 10mg (LifeSpring Pharma),Respiratory,13,1.716,3.995,9.093,5.165,0.3929,0.3929,33.09,17.62,0,0,0,0.0,0.743,LOW,LOW,0.0,33.1 days of cover: 13 units in stock at expected demand of 0.39 units/day,
BR001,MED422,Montelukast 10mg (NovaMed Laboratories),Respiratory,14,0.564,1.237,3.121,2.211,0.0357,0.0806,173.76,44.32,0,0,0,0.0,1.052,LOW,LOW,0.0,173.8 days of cover: 14 units in stock at expected demand of 0.08 units/day,highly variable weekly demand (CV 1.05)
BR001,MED423,Montelukast 10mg (Summit Lifesciences),Respiratory,7,0.771,1.692,4.059,3.069,0.1786,0.1786,39.2,15.97,0,0,0,0.0,2.054,LOW,LOW,0.0,39.2 days of cover: 7 units in stock at expected demand of 0.18 units/day,highly variable weekly demand (CV 2.05)
BR001,MED424,Montelukast 10mg (TrueLife Remedies),Respiratory,13,0.902,1.979,4.811,3.2,0.1429,0.1429,91.0,28.44,0,0,0,0.0,1.061,LOW,LOW,0.0,91.0 days of cover: 13 units in stock at expected demand of 0.14 units/day,highly variable weekly demand (CV 1.06)
BR001,MED425,Montelukast 5mg,Respiratory,15,1.779,3.637,7.945,5.227,0.3214,0.3214,46.67,20.09,0,0,2,0.00822,1.16,LOW,LOW,0.0,46.7 days of cover: 15 units in stock at expected demand of 0.32 units/day,highly variable weekly demand (CV 1.16)
BR001,MED426,Montelukast 5mg (CarePlus Laboratories),Respiratory,5,0.443,0.968,2.255,2.09,0.0357,0.0633,79.01,16.75,0,0,1,0.00411,1.622,LOW,LOW,0.0,79.0 days of cover: 5 units in stock at expected demand of 0.06 units/day,highly variable weekly demand (CV 1.62)
BR001,MED427,Montelukast 5mg (NovaMed Laboratories),Respiratory,10,1.02,2.327,5.015,3.318,0.1786,0.1786,56.0,21.1,0,0,1,0.00822,0.991,LOW,LOW,0.0,56.0 days of cover: 10 units in stock at expected demand of 0.18 units/day,
BR001,MED428,Montelukast 5mg (Summit Lifesciences),Respiratory,17,0.879,1.98,5.402,3.177,0.1071,0.1256,135.38,37.46,0,0,0,0.0,1.191,LOW,LOW,0.0,135.4 days of cover: 17 units in stock at expected demand of 0.13 units/day,highly variable weekly demand (CV 1.19)
BR001,MED430,Salbutamol Inhaler 100mcg (Aarogya Formulations),Respiratory,9,0.721,1.583,3.525,3.019,0.1071,0.1071,84.0,20.87,0,0,1,0.00548,1.523,LOW,LOW,0.0,84.0 days of cover: 9 units in stock at expected demand of 0.11 units/day,highly variable weekly demand (CV 1.52)
BR001,MED433,Salbutamol Inhaler 100mcg (Summit Lifesciences),Respiratory,10,2.603,5.24,11.233,8.097,0.6071,0.6071,16.47,8.65,0,0,0,0.0,1.015,LOW,LOW,0.0,16.5 days of cover: 10 units in stock at expected demand of 0.61 units/day,highly variable weekly demand (CV 1.01)
BR001,MED434,Salbutamol Inhaler 100mcg (TrueLife Remedies),Respiratory,9,0.683,1.489,3.33,2.981,0.1071,0.1071,84.0,21.13,0,0,0,0.0,1.982,LOW,LOW,0.0,84.0 days of cover: 9 units in stock at expected demand of 0.11 units/day,highly variable weekly demand (CV 1.98)
BR001,MED435,Salbutamol Inhaler 100mcg (VitaCure Remedies),Respiratory,27,1.238,2.449,6.07,4.686,0.1429,0.1769,152.67,40.33,0,0,0,0.0,0.997,LOW,LOW,0.0,152.7 days of cover: 27 units in stock at expected demand of 0.18 units/day,
BR001,MED437,Salbutamol Inhaler 200mcg (BlueCrest Pharma),Respiratory,11,0.849,1.847,4.166,3.147,0.1786,0.1786,61.6,24.47,0,0,0,0.0,1.171,LOW,LOW,0.0,61.6 days of cover: 11 units in stock at expected demand of 0.18 units/day,highly variable weekly demand (CV 1.17)
BR001,MED438,Salbutamol Inhaler 200mcg (CarePlus Laboratories),Respiratory,12,0.825,1.789,4.681,3.124,0.1429,0.1429,84.0,26.89,0,0,0,0.0,1.523,LOW,LOW,0.0,84.0 days of cover: 12 units in stock at expected demand of 0.14 units/day,highly variable weekly demand (CV 1.52)
BR001,MED439,Salbutamol Inhaler 200mcg (HealthAxis Pharma),Respiratory,11,1.03,2.14,5.323,3.329,0.25,0.25,44.0,23.13,0,0,0,0.0,0.964,LOW,LOW,0.0,44.0 days of cover: 11 units in stock at expected demand of 0.25 units/day,
BR001,MED440,Salbutamol Inhaler 200mcg (Stellar Formulations),Respiratory,25,1.298,2.684,6.681,4.746,0.2143,0.2143,116.67,36.87,0,0,0,0.0,1.109,LOW,LOW,0.0,116.7 days of cover: 25 units in stock at expected demand of 0.21 units/day,highly variable weekly demand (CV 1.11)
BR001,MED441,Salbutamol Inhaler 200mcg (Summit Lifesciences),Respiratory,19,0.953,2.234,5.742,3.251,0.1429,0.1429,133.0,40.91,0,0,1,0.00548,1.414,LOW,LOW,0.0,133.0 days of cover: 19 units in stock at expected demand of 0.14 units/day,highly variable weekly demand (CV 1.41)
BR001,MED442,Calcium + Vitamin D3 500mg/250IU (Aarogya Formulations),Vitamins,26,0.909,1.816,4.184,3.207,0.0714,0.1299,200.22,56.75,0,0,1,0.00274,1.306,LOW,LOW,0.0,200.2 days of cover: 26 units in stock at expected demand of 0.13 units/day,highly variable weekly demand (CV 1.31)
BR001,MED443,Calcium + Vitamin D3 500mg/250IU (ApexLife Pharma),Vitamins,39,7.282,14.915,31.575,17.601,0.75,1.0403,37.49,15.51,0,0,5,0.01507,0.603,LOW,LOW,0.0,37.5 days of cover: 39 units in stock at expected demand of 1.04 units/day,
BR001,MED444,Calcium + Vitamin D3 500mg/250IU (CureLine Healthcare),Vitamins,17,6.589,13.602,31.52,16.908,1.1429,1.1429,14.88,7.04,0,0,3,0.00822,0.43,LOW,LOW,0.0,14.9 days of cover: 17 units in stock at expected demand of 1.14 units/day,
BR001,MED445,Calcium + Vitamin D3 500mg/250IU (HealthAxis Pharma),Vitamins,23,6.884,14.41,32.342,17.203,1.1429,1.1429,20.12,9.36,0,0,1,0.00137,0.467,LOW,LOW,0.0,20.1 days of cover: 23 units in stock at expected demand of 1.14 units/day,
BR001,MED446,Calcium + Vitamin D3 500mg/250IU (LifeSpring Pharma),Vitamins,31,8.598,17.627,39.525,18.917,1.2857,1.2857,24.11,11.47,0,0,2,0.0137,0.403,LOW,LOW,0.0,24.1 days of cover: 31 units in stock at expected demand of 1.29 units/day,
BR001,MED448,Calcium + Vitamin D3 500mg/250IU (TrueLife Remedies),Vitamins,45,10.486,20.257,48.008,20.805,1.6071,1.6071,28.0,15.14,0,1,4,0.01781,0.484,LOW,LOW,0.0,28.0 days of cover: 45 units in stock at expected demand of 1.61 units/day,
BR001,MED450,Iron + Folic Acid 100mg/500mcg (CarePlus Laboratories),Vitamins,11,1.028,2.315,5.959,3.326,0.1429,0.1469,74.9,23.15,0,0,3,0.0137,0.918,LOW,LOW,0.0,74.9 days of cover: 11 units in stock at expected demand of 0.15 units/day,
BR001,MED451,Iron + Folic Acid 100mg/500mcg (CureLine Healthcare),Vitamins,13,0.651,1.412,3.44,2.298,0.0714,0.093,139.78,39.6,0,0,0,0.0,1.29,LOW,LOW,0.0,139.8 days of cover: 13 units in stock at expected demand of 0.09 units/day,highly variable weekly demand (CV 1.29)
BR001,MED452,Iron + Folic Acid 100mg/500mcg (HealthAxis Pharma),Vitamins,13,1.932,4.315,9.646,5.38,0.3929,0.3929,33.09,16.91,0,0,0,0.0,0.95,LOW,LOW,0.0,33.1 days of cover: 13 units in stock at expected demand of 0.39 units/day,
BR001,MED453,Iron + Folic Acid 100mg/500mcg (LifeSpring Pharma),Vitamins,8,1.394,3.112,7.51,4.842,0.3214,0.3214,24.89,11.57,0,0,0,0.0,1.023,LOW,LOW,0.0,24.9 days of cover: 8 units in stock at expected demand of 0.32 units/day,highly variable weekly demand (CV 1.02)
BR001,MED454,Iron + Folic Acid 100mg/500mcg (Stellar Formulations),Vitamins,54,21.993,44.381,98.078,32.311,3.1071,3.1419,17.19,11.7,0,0,1,0.00411,0.28,LOW,LOW,0.0,17.2 days of cover: 54 units in stock at expected demand of 3.14 units/day,
BR001,MED455,Iron + Folic Acid 100mg/500mcg (Summit Lifesciences),Vitamins,8,0.724,1.644,3.917,3.023,0.0714,0.1034,77.35,18.52,0,0,2,0.00685,1.214,LOW,LOW,0.0,77.3 days of cover: 8 units in stock at expected demand of 0.10 units/day,highly variable weekly demand (CV 1.21)
BR001,MED456,Iron + Folic Acid 100mg/500mcg (VitaCure Remedies),Vitamins,22,1.064,2.192,4.816,4.513,0.1071,0.152,144.74,34.12,0,0,1,0.00137,1.05,LOW,LOW,0.0,144.7 days of cover: 22 units in stock at expected demand of 0.15 units/day,highly variable weekly demand (CV 1.05)
BR001,MED457,Multivitamin B-complex+C (BlueCrest Pharma),Vitamins,17,2.072,4.802,10.88,5.52,0.4286,0.4286,39.67,21.56,0,0,0,0.0,0.918,LOW,LOW,0.0,39.7 days of cover: 17 units in stock at expected demand of 0.43 units/day,
BR001,MED458,Multivitamin B-complex+C (HealthAxis Pharma),Vitamins,21,1.137,2.455,5.912,4.586,0.1429,0.1624,129.29,32.05,0,0,0,0.0,1.368,LOW,LOW,0.0,129.3 days of cover: 21 units in stock at expected demand of 0.16 units/day,highly variable weekly demand (CV 1.37)
BR001,MED461,Vitamin C Chewable 500mg (Aarogya Formulations),Vitamins,44,12.201,24.496,55.937,22.519,2.0357,2.0357,21.61,13.68,0,0,0,0.0,0.384,LOW,LOW,0.0,21.6 days of cover: 44 units in stock at expected demand of 2.04 units/day,
BR001,MED464,Vitamin C Chewable 500mg (TrueLife Remedies),Vitamins,13,0.97,2.005,4.934,3.268,0.1786,0.1786,72.8,27.85,0,0,0,0.0,1.328,LOW,LOW,0.0,72.8 days of cover: 13 units in stock at expected demand of 0.18 units/day,highly variable weekly demand (CV 1.33)
BR001,MED465,Vitamin C Chewable 1000mg,Vitamins,40,8.974,18.183,41.649,19.292,1.25,1.282,31.2,14.51,0,0,1,0.00411,0.498,LOW,LOW,0.0,31.2 days of cover: 40 units in stock at expected demand of 1.28 units/day,
BR001,MED467,Vitamin C Chewable 1000mg (BlueCrest Pharma),Vitamins,19,2.062,4.993,10.943,5.51,0.4286,0.4286,44.33,24.14,0,0,0,0.0,0.923,LOW,LOW,0.0,44.3 days of cover: 19 units in stock at expected demand of 0.43 units/day,
BR001,MED468,Vitamin C Chewable 1000mg (CarePlus Laboratories),Vitamins,22,5.707,12.451,27.812,11.201,0.8929,0.8929,24.64,13.75,0,0,2,0.00548,0.537,LOW,LOW,0.0,24.6 days of cover: 22 units in stock at expected demand of 0.89 units/day,
BR001,MED469,Vitamin C Chewable 1000mg (CureLine Healthcare),Vitamins,18,2.448,5.32,12.393,7.942,0.4643,0.4643,38.77,15.87,0,0,0,0.0,1.095,LOW,LOW,0.0,38.8 days of cover: 18 units in stock at expected demand of 0.46 units/day,highly variable weekly demand (CV 1.09)
BR001,MED471,Vitamin C Chewable 1000mg (Summit Lifesciences),Vitamins,12,2.747,5.256,12.652,8.24,0.6071,0.6071,19.76,10.19,0,2,1,0.00274,0.702,LOW,LOW,0.0,19.8 days of cover: 12 units in stock at expected demand of 0.61 units/day,
BR001,MED472,Vitamin C Chewable 1000mg (TrueLife Remedies),Vitamins,7,1.379,2.43,6.126,4.827,0.25,0.25,28.0,10.15,0,3,2,0.01096,0.96,LOW,LOW,0.0,28.0 days of cover: 7 units in stock at expected demand of 0.25 units/day,
BR001,MED473,Vitamin C Chewable 1000mg (VitaCure Remedies),Vitamins,9,2.918,6.553,15.294,8.411,0.5714,0.5714,15.75,7.49,0,0,1,0.00685,0.602,LOW,LOW,0.0,15.8 days of cover: 9 units in stock at expected demand of 0.57 units/day,
BR001,MED474,Vitamin D3 60000IU (TrueLife Remedies),Vitamins,13,0.992,2.075,4.942,3.29,0.1429,0.1429,91.0,27.66,0,0,0,0.0,0.907,LOW,LOW,0.0,91.0 days of cover: 13 units in stock at expected demand of 0.14 units/day,
BR001,MED475,Vitamin D3 60000IU (VitaCure Remedies),Vitamins,33,0.997,2.562,6.929,3.295,0.0714,0.1424,231.7,70.11,0,0,0,0.0,1.252,LOW,LOW,0.0,231.7 days of cover: 33 units in stock at expected demand of 0.14 units/day,highly variable weekly demand (CV 1.25)
BR001,MED476,Vitamin D3 1000IU,Vitamins,18,3.32,6.416,13.721,8.813,0.3929,0.4743,37.95,14.3,0,0,2,0.00274,0.608,LOW,LOW,0.0,38.0 days of cover: 18 units in stock at expected demand of 0.47 units/day,
BR001,MED478,Calamine Lotion 100ml (CureLine Healthcare),Dermatological,20,1.254,2.449,5.754,4.703,0.1786,0.1791,111.64,29.77,0,0,0,0.0,1.132,LOW,LOW,0.0,111.6 days of cover: 20 units in stock at expected demand of 0.18 units/day,highly variable weekly demand (CV 1.13)
BR001,MED479,Calamine Lotion 100ml (LifeSpring Pharma),Dermatological,5,0.553,1.135,2.54,2.2,0.1071,0.1071,46.67,15.91,0,0,0,0.0,1.425,LOW,LOW,0.0,46.7 days of cover: 5 units in stock at expected demand of 0.11 units/day,highly variable weekly demand (CV 1.43)
BR001,MED481,Calamine Lotion 100ml (TrueLife Remedies),Dermatological,14,0.818,1.731,3.926,3.116,0.1429,0.1429,98.0,31.45,0,0,0,0.0,0.938,LOW,LOW,0.0,98.0 days of cover: 14 units in stock at expected demand of 0.14 units/day,
BR001,MED482,Clotrimazole Cream 1% (ApexLife Pharma),Dermatological,16,1.179,2.39,5.922,4.627,0.2143,0.2143,74.67,24.21,0,0,0,0.0,0.582,LOW,LOW,0.0,74.7 days of cover: 16 units in stock at expected demand of 0.21 units/day,
BR001,MED483,Clotrimazole Cream 1% (CureLine Healthcare),Dermatological,9,2.177,4.812,10.62,7.671,0.4643,0.4643,19.38,8.21,0,0,0,0.0,0.365,LOW,LOW,0.0,19.4 days of cover: 9 units in stock at expected demand of 0.46 units/day,
BR001,MED484,Clotrimazole Cream 2%,Dermatological,12,1.045,2.29,5.387,4.493,0.1786,0.1786,67.2,18.7,0,0,3,0.0137,0.718,LOW,LOW,0.0,67.2 days of cover: 12 units in stock at expected demand of 0.18 units/day,
BR001,MED485,Clotrimazole Cream 2% (Stellar Formulations),Dermatological,9,0.533,1.139,2.498,2.18,0.0714,0.0761,118.2,28.9,0,0,0,0.0,2.007,LOW,LOW,0.0,118.2 days of cover: 9 units in stock at expected demand of 0.08 units/day,highly variable weekly demand (CV 2.01)
BR001,MED486,Clotrimazole Cream 2% (TrueLife Remedies),Dermatological,7,0.457,0.961,1.992,2.104,0.0714,0.0714,98.0,23.29,0,0,0,0.0,1.064,LOW,LOW,0.0,98.0 days of cover: 7 units in stock at expected demand of 0.07 units/day,highly variable weekly demand (CV 1.06)
BR001,MED487,Fusidic Acid Cream 2% (ApexLife Pharma),Dermatological,6,1.061,1.92,4.832,4.51,0.25,0.25,24.0,9.31,0,0,1,0.00411,1.435,LOW,LOW,0.0,24.0 days of cover: 6 units in stock at expected demand of 0.25 units/day,highly variable weekly demand (CV 1.43)
BR001,MED488,Fusidic Acid Cream 2% (BlueCrest Pharma),Dermatological,6,1.23,2.146,4.448,4.678,0.2143,0.2143,28.0,8.98,0,10,4,0.02055,0.765,LOW,LOW,0.0,28.0 days of cover: 6 units in stock at expected demand of 0.21 units/day,
BR001,MED489,Fusidic Acid Cream 2% (VitaCure Remedies),Dermatological,13,0.452,1.024,2.324,2.098,0.0357,0.0646,201.33,43.37,0,0,0,0.0,1.29,LOW,LOW,0.0,201.3 days of cover: 13 units in stock at expected demand of 0.06 units/day,highly variable weekly demand (CV 1.29)
BR001,MED492,Hydrocortisone Cream 1% (Summit Lifesciences),Dermatological,16,0.555,1.265,2.524,2.202,0.0357,0.0793,201.8,50.86,0,0,0,0.0,1.982,LOW,LOW,0.0,201.8 days of cover: 16 units in stock at expected demand of 0.08 units/day,highly variable weekly demand (CV 1.98)
BR001,MED493,Ketoconazole Shampoo 2% (Aarogya Formulations),Dermatological,9,0.657,1.385,2.973,2.304,0.0714,0.0939,95.89,27.34,0,0,3,0.01096,0.847,LOW,LOW,0.0,95.9 days of cover: 9 units in stock at expected demand of 0.09 units/day,
BR001,MED494,Ketoconazole Shampoo 2% (LifeSpring Pharma),Dermatological,11,0.901,1.929,4.643,3.199,0.2143,0.2143,51.33,24.07,0,0,0,0.0,0.886,LOW,LOW,0.0,51.3 days of cover: 11 units in stock at expected demand of 0.21 units/day,
BR001,MED495,Ketoconazole Shampoo 2% (VitaCure Remedies),Dermatological,9,1.24,2.535,5.401,4.689,0.2143,0.2143,42.0,13.44,0,0,1,0.00274,1.133,LOW,LOW,0.0,42.0 days of cover: 9 units in stock at expected demand of 0.21 units/day,highly variable weekly demand (CV 1.13)
BR001,MED496,Mupirocin Ointment 2% (ApexLife Pharma),Dermatological,12,1.151,2.299,5.61,4.599,0.2857,0.2857,42.0,18.26,0,0,0,0.0,1.056,LOW,LOW,0.0,42.0 days of cover: 12 units in stock at expected demand of 0.29 units/day,highly variable weekly demand (CV 1.06)
BR001,MED498,Mupirocin Ointment 2% (NovaMed Laboratories),Dermatological,15,0.651,1.18,2.622,2.297,0.0,0.093,161.29,45.71,0,0,2,0.00685,1.811,LOW,LOW,0.0,161.3 days of cover: 15 units in stock at expected demand of 0.09 units/day,highly variable weekly demand (CV 1.81)
BR001,MED499,Mupirocin Ointment 2% (Summit Lifesciences),Dermatological,10,1.264,2.793,6.319,4.712,0.2857,0.2857,35.0,14.86,0,0,0,0.0,0.905,LOW,LOW,0.0,35.0 days of cover: 10 units in stock at expected demand of 0.29 units/day,
BR001,MED500,Mupirocin Ointment 2% (VitaCure Remedies),Dermatological,17,0.962,2.026,4.526,3.261,0.1429,0.1429,119.0,36.49,0,0,0,0.0,1.064,LOW,LOW,0.0,119.0 days of cover: 17 units in stock at expected demand of 0.14 units/day,highly variable weekly demand (CV 1.06)
BR002,MED004,Azithromycin 500mg,Antibiotics,5,0.52,1.002,2.176,2.166,0.0714,0.0743,67.31,16.16,0,0,7,0.02192,1.032,LOW,LOW,0.0,67.3 days of cover: 5 units in stock at expected demand of 0.07 units/day,highly variable weekly demand (CV 1.03)
BR002,MED006,Paracetamol Suspension 250mg/5ml,Antipyretics,16,1.111,2.439,5.095,4.56,0.1071,0.1587,100.81,24.56,0,0,1,0.00411,1.064,LOW,LOW,0.0,100.8 days of cover: 16 units in stock at expected demand of 0.16 units/day,highly variable weekly demand (CV 1.06)
BR002,MED008,Fexofenadine 120mg,Antihistamines,11,0.751,1.367,3.105,3.049,0.1786,0.1786,61.6,25.25,0,0,0,0.0,2.153,LOW,LOW,0.0,61.6 days of cover: 11 units in stock at expected demand of 0.18 units/day,highly variable weekly demand (CV 2.15)
BR002,MED009,Pantoprazole 40mg,Gastrointestinal,47,18.401,36.032,76.38,28.72,2.6071,2.6287,17.88,11.46,0,0,0,0.0,0.276,LOW,LOW,0.0,17.9 days of cover: 47 units in stock at expected demand of 2.63 units/day,
BR002,MED010,Ondansetron 4mg,Gastrointestinal,7,0.535,1.107,2.612,2.181,0.1429,0.1429,49.0,22.47,0,0,0,0.0,1.265,LOW,LOW,0.0,49.0 days of cover: 7 units in stock at expected demand of 0.14 units/day,highly variable weekly demand (CV 1.26)
BR002,MED014,Glimepiride 2mg,Antidiabetic,44,14.464,29.108,66.367,24.783,2.25,2.25,19.56,12.43,0,0,1,0.00137,0.334,LOW,LOW,0.0,19.6 days of cover: 44 units in stock at expected demand of 2.25 units/day,
BR002,MED016,Salbutamol Inhaler 100mcg,Respiratory,14,0.81,1.851,4.616,3.109,0.1071,0.1157,120.99,31.52,0,0,1,0.00822,1.982,LOW,LOW,0.0,121.0 days of cover: 14 units in stock at expected demand of 0.12 units/day,highly variable weekly demand (CV 1.98)
BR002,MED018,Vitamin D3 60000IU,Vitamins,16,0.763,1.762,3.966,3.061,0.1071,0.109,146.79,36.59,0,0,0,0.0,1.223,LOW,LOW,0.0,146.8 days of cover: 16 units in stock at expected demand of 0.11 units/day,highly variable weekly demand (CV 1.22)
BR002,MED020,Mupirocin Ointment 2%,Dermatological,13,2.896,6.054,12.929,8.39,0.4643,0.4643,28.0,10.85,0,0,1,0.00411,0.732,LOW,LOW,0.0,28.0 days of cover: 13 units in stock at expected demand of 0.46 units/day,
BR002,MED023,Naproxen 250mg,Analgesics,6,0.703,1.65,3.86,3.001,0.1786,0.1786,33.6,14.0,0,0,0,0.0,1.98,LOW,LOW,0.0,33.6 days of cover: 6 units in stock at expected demand of 0.18 units/day,highly variable weekly demand (CV 1.98)
BR002,MED025,Ciprofloxacin 500mg,Antibiotics,10,2.796,5.939,13.415,8.29,0.5,0.5,20.0,8.44,0,0,2,0.00548,0.794,LOW,LOW,0.0,20.0 days of cover: 10 units in stock at expected demand of 0.50 units/day,
BR002,MED026,Doxycycline 100mg,Antibiotics,7,1.059,2.117,4.627,4.507,0.1786,0.1786,39.2,10.87,0,0,1,0.00274,0.867,LOW,LOW,0.0,39.2 days of cover: 7 units in stock at expected demand of 0.18 units/day,
BR002,MED028,Mefenamic Acid 250mg,Antipyretics,11,0.611,1.392,2.993,2.258,0.0357,0.0873,126.02,34.1,0,0,2,0.00548,1.672,LOW,LOW,0.0,126.0 days of cover: 11 units in stock at expected demand of 0.09 units/day,highly variable weekly demand (CV 1.67)
BR002,MED029,Paracetamol Drops 100mg/ml,Antipyretics,8,0.782,1.614,3.782,3.08,0.1786,0.1786,44.8,18.18,0,0,0,0.0,1.198,LOW,LOW,0.0,44.8 days of cover: 8 units in stock at expected demand of 0.18 units/day,highly variable weekly demand (CV 1.20)
BR002,MED032,Chlorpheniramine 4mg,Antihistamines,9,0.708,1.379,3.5,3.006,0.1071,0.1071,84.0,20.96,0,0,1,0.00274,1.53,LOW,LOW,0.0,84.0 days of cover: 9 units in stock at expected demand of 0.11 units/day,highly variable weekly demand (CV 1.53)
BR002,MED035,ORS Powder 21.8g,Gastrointestinal,7,2.056,4.577,9.919,5.504,0.4286,0.4286,16.33,8.9,0,0,2,0.00685,0.755,LOW,LOW,0.0,16.3 days of cover: 7 units in stock at expected demand of 0.43 units/day,
BR002,MED036,Loperamide 2mg,Gastrointestinal,7,1.123,2.47,5.533,4.572,0.3214,0.3214,21.78,10.72,0,0,1,0.00274,1.192,LOW,LOW,0.0,21.8 days of cover: 7 units in stock at expected demand of 0.32 units/day,highly variable weekly demand (CV 1.19)
BR002,MED037,Telmisartan 40mg,Cardiovascular,209,57.928,114.886,246.605,68.247,8.25,8.2754,25.26,21.44,0,0,2,0.00411,0.204,LOW,LOW,0.0,25.3 days of cover: 209 units in stock at expected demand of 8.28 units/day,
BR002,MED038,Losartan 50mg,Cardiovascular,13,2.244,4.771,11.114,7.738,0.3571,0.3571,36.4,11.76,0,6,3,0.01781,0.706,LOW,LOW,0.0,36.4 days of cover: 13 units in stock at expected demand of 0.36 units/day,
BR002,MED039,Metoprolol 50mg,Cardiovascular,25,7.506,15.977,35.646,17.825,1.1786,1.1786,21.21,9.82,0,0,2,0.00822,0.501,LOW,LOW,0.0,21.2 days of cover: 25 units in stock at expected demand of 1.18 units/day,
BR002,MED041,Clopidogrel 75mg,Cardiovascular,10,0.71,1.667,3.717,3.008,0.1786,0.1786,56.0,23.27,0,0,0,0.0,1.781,LOW,LOW,0.0,56.0 days of cover: 10 units in stock at expected demand of 0.18 units/day,highly variable weekly demand (CV 1.78)
BR002,MED044,Sitagliptin 100mg,Antidiabetic,12,1.278,2.605,6.712,4.727,0.3571,0.3571,33.6,17.77,0,0,0,0.0,1.124,LOW,LOW,0.0,33.6 days of cover: 12 units in stock at expected demand of 0.36 units/day,highly variable weekly demand (CV 1.12)
BR002,MED045,Gliclazide 80mg,Antidiabetic,8,0.439,0.903,2.128,2.086,0.0357,0.0627,127.56,26.85,0,0,0,0.0,1.68,LOW,LOW,0.0,127.6 days of cover: 8 units in stock at expected demand of 0.06 units/day,highly variable weekly demand (CV 1.68)
BR002,MED047,Budesonide Inhaler 200mcg,Respiratory,8,0.537,1.279,2.727,2.184,0.1429,0.1429,56.0,25.64,0,0,0,0.0,1.556,LOW,LOW,0.0,56.0 days of cover: 8 units in stock at expected demand of 0.14 units/day,highly variable weekly demand (CV 1.56)
BR002,MED049,Multivitamin B-complex+C,Vitamins,35,11.553,23.936,54.201,21.872,1.9643,1.9643,17.82,11.2,0,0,2,0.00411,0.503,LOW,LOW,0.0,17.8 days of cover: 35 units in stock at expected demand of 1.96 units/day,
BR002,MED051,Iron + Folic Acid 100mg/500mcg,Vitamins,15,0.546,1.282,3.017,2.193,0.0357,0.078,192.31,47.88,0,0,0,0.0,1.485,LOW,LOW,0.0,192.3 days of cover: 15 units in stock at expected demand of 0.08 units/day,highly variable weekly demand (CV 1.48)
BR002,MED052,Hydrocortisone Cream 1%,Dermatological,4,0.616,1.301,2.696,2.263,0.1429,0.1429,28.0,12.37,0,0,1,0.00137,1.316,LOW,LOW,0.0,28.0 days of cover: 4 units in stock at expected demand of 0.14 units/day,highly variable weekly demand (CV 1.32)
BR002,MED053,Fusidic Acid Cream 2%,Dermatological,7,0.672,1.407,3.24,2.971,0.1429,0.1429,49.0,16.49,0,0,0,0.0,0.923,LOW,LOW,0.0,49.0 days of cover: 7 units in stock at expected demand of 0.14 units/day,
BR002,MED054,Calamine Lotion 100ml,Dermatological,8,0.49,1.002,2.152,2.136,0.0357,0.07,114.29,26.22,0,0,1,0.00137,1.142,LOW,LOW,0.0,114.3 days of cover: 8 units in stock at expected demand of 0.07 units/day,highly variable weekly demand (CV 1.14)
BR002,MED055,Ketoconazole Shampoo 2%,Dermatological,6,1.477,2.708,6.354,4.926,0.3571,0.3571,16.8,8.53,1,1,1,0.00137,0.791,LOW,LOW,0.0,16.8 days of cover: 6 units in stock at expected demand of 0.36 units/day,
BR002,MED056,Aceclofenac + Paracetamol 100mg/325mg (HealthAxis Pharma),Analgesics,7,0.62,1.441,3.324,2.266,0.1071,0.1071,65.33,21.62,0,0,1,0.00548,1.385,LOW,LOW,0.0,65.3 days of cover: 7 units in stock at expected demand of 0.11 units/day,highly variable weekly demand (CV 1.38)
BR002,MED057,Aceclofenac + Paracetamol 100mg/325mg (LifeSpring Pharma),Analgesics,12,0.657,1.462,2.98,2.304,0.0357,0.0939,127.85,36.46,0,0,3,0.00822,1.785,LOW,LOW,0.0,127.9 days of cover: 12 units in stock at expected demand of 0.09 units/day,highly variable weekly demand (CV 1.78)
BR002,MED058,Aceclofenac + Paracetamol 100mg/325mg (VitaCure Remedies),Analgesics,10,3.612,7.983,18.164,9.106,0.7143,0.7143,14.0,7.69,2,7,5,0.01233,0.675,LOW,LOW,0.0,14.0 days of cover: 10 units in stock at expected demand of 0.71 units/day,
BR002,MED059,Diclofenac 50mg (Aarogya Formulations),Analgesics,7,0.534,1.198,2.671,2.181,0.1071,0.1071,65.33,22.47,0,0,0,0.0,1.46,LOW,LOW,0.0,65.3 days of cover: 7 units in stock at expected demand of 0.11 units/day,highly variable weekly demand (CV 1.46)
BR002,MED060,Diclofenac 50mg (CarePlus Laboratories),Analgesics,31,7.315,15.362,34.34,17.633,1.0357,1.045,29.67,12.31,0,0,0,0.0,0.49,LOW,LOW,0.0,29.7 days of cover: 31 units in stock at expected demand of 1.05 units/day,
BR002,MED061,Diclofenac 50mg (Stellar Formulations),Analgesics,7,1.243,2.696,5.917,4.692,0.3214,0.3214,21.78,10.44,0,0,0,0.0,1.0,LOW,LOW,0.0,21.8 days of cover: 7 units in stock at expected demand of 0.32 units/day,
BR002,MED062,Diclofenac 50mg (TrueLife Remedies),Analgesics,9,0.502,1.12,2.823,2.148,0.1071,0.1071,84.0,29.33,0,0,0,0.0,1.21,LOW,LOW,0.0,84.0 days of cover: 9 units in stock at expected demand of 0.11 units/day,highly variable weekly demand (CV 1.21)
BR002,MED066,Diclofenac 100mg (VitaCure Remedies),Analgesics,8,0.79,1.839,4.375,3.088,0.1429,0.1429,56.0,18.13,0,4,2,0.02192,1.082,LOW,LOW,0.0,56.0 days of cover: 8 units in stock at expected demand of 0.14 units/day,highly variable weekly demand (CV 1.08)
BR002,MED067,Ibuprofen 400mg (Aarogya Formulations),Analgesics,4,0.422,0.929,2.071,2.069,0.1071,0.1071,37.33,13.53,0,0,0,0.0,1.85,LOW,LOW,0.0,37.3 days of cover: 4 units in stock at expected demand of 0.11 units/day,highly variable weekly demand (CV 1.85)
BR002,MED068,Ibuprofen 400mg (CureLine Healthcare),Analgesics,6,0.514,1.098,2.633,2.16,0.0357,0.0734,81.71,19.44,0,0,1,0.00822,1.333,LOW,LOW,0.0,81.7 days of cover: 6 units in stock at expected demand of 0.07 units/day,highly variable weekly demand (CV 1.33)
BR002,MED069,Ibuprofen 400mg (HealthAxis Pharma),Analgesics,8,2.437,5.213,12.372,7.93,0.4286,0.4286,18.67,7.06,0,0,5,0.02192,0.575,LOW,LOW,0.0,18.7 days of cover: 8 units in stock at expected demand of 0.43 units/day,
BR002,MED071,Ibuprofen 400mg (Stellar Formulations),Analgesics,16,0.723,1.542,4.048,3.022,0.1071,0.1071,149.33,37.06,0,0,0,0.0,1.112,LOW,LOW,0.0,149.3 days of cover: 16 units in stock at expected demand of 0.11 units/day,highly variable weekly demand (CV 1.11)
BR002,MED072,Ibuprofen 400mg (VitaCure Remedies),Analgesics,14,0.473,1.126,2.548,2.12,0.0357,0.0676,207.19,46.23,0,0,0,0.0,1.639,LOW,LOW,0.0,207.2 days of cover: 14 units in stock at expected demand of 0.07 units/day,highly variable weekly demand (CV 1.64)
BR002,MED073,Ibuprofen 200mg,Analgesics,17,4.343,8.863,19.521,9.836,0.5357,0.6204,27.4,12.1,0,5,3,0.00822,0.521,LOW,LOW,0.0,27.4 days of cover: 17 units in stock at expected demand of 0.62 units/day,
BR002,MED074,Ibuprofen 200mg (LifeSpring Pharma),Analgesics,6,0.365,0.759,1.901,2.011,0.0,0.0521,115.07,20.89,0,0,0,0.0,2.059,LOW,LOW,0.0,115.1 days of cover: 6 units in stock at expected demand of 0.05 units/day,highly variable weekly demand (CV 2.06)
BR002,MED075,Ibuprofen 200mg (Summit Lifesciences),Analgesics,14,2.563,5.48,11.539,8.057,0.3214,0.3661,38.24,12.16,0,0,4,0.00959,0.693,LOW,LOW,0.0,38.2 days of cover: 14 units in stock at expected demand of 0.37 units/day,
BR002,MED076,Ibuprofen 200mg (TrueLife Remedies),Analgesics,18,4.877,10.313,23.441,10.371,0.75,0.75,24.0,12.15,0,2,4,0.00685,0.766,LOW,LOW,0.0,24.0 days of cover: 18 units in stock at expected demand of 0.75 units/day,
BR002,MED077,Ibuprofen 200mg (VitaCure Remedies),Analgesics,10,0.946,2.167,4.206,3.244,0.2143,0.2143,46.67,21.58,0,0,1,0.00822,1.485,LOW,LOW,0.0,46.7 days of cover: 10 units in stock at expected demand of 0.21 units/day,highly variable weekly demand (CV 1.48)
BR002,MED078,Ibuprofen 600mg,Analgesics,11,4.087,9.029,21.206,9.58,0.6786,0.6786,16.21,8.04,0,3,6,0.02055,0.533,LOW,LOW,0.0,16.2 days of cover: 11 units in stock at expected demand of 0.68 units/day,
BR002,MED080,Ibuprofen 600mg (HealthAxis Pharma),Analgesics,11,1.309,2.734,6.401,4.757,0.3214,0.3214,34.22,16.19,0,0,0,0.0,1.064,LOW,LOW,0.0,34.2 days of cover: 11 units in stock at expected demand of 0.32 units/day,highly variable weekly demand (CV 1.06)
BR002,MED081,Ibuprofen 600mg (NovaMed Laboratories),Analgesics,10,4.035,9.249,20.8,9.529,0.7143,0.7143,14.0,7.35,0,0,1,0.00411,0.581,LOW,LOW,0.0,14.0 days of cover: 10 units in stock at expected demand of 0.71 units/day,
BR002,MED085,Naproxen 500mg,Analgesics,8,0.543,1.066,2.66,2.19,0.0357,0.0776,103.13,25.57,0,5,3,0.02466,1.357,LOW,LOW,0.0,103.1 days of cover: 8 units in stock at expected demand of 0.08 units/day,highly variable weekly demand (CV 1.36)
BR002,MED087,Naproxen 500mg (LifeSpring Pharma),Analgesics,17,0.881,2.032,4.298,3.179,0.0714,0.1259,135.07,37.43,0,0,1,0.00548,2.824,LOW,LOW,0.0,135.1 days of cover: 17 units in stock at expected demand of 0.13 units/day,highly variable weekly demand (CV 2.82)
BR002,MED088,Naproxen 500mg (NovaMed Laboratories),Analgesics,8,0.372,0.798,2.105,2.019,0.0,0.0531,150.54,27.74,0,0,0,0.0,2.477,LOW,LOW,0.0,150.5 days of cover: 8 units in stock at expected demand of 0.05 units/day,highly variable weekly demand (CV 2.48)
BR002,MED089,Paracetamol 500mg (Aarogya Formulations),Analgesics,21,0.957,2.099,5.382,3.256,0.1786,0.1786,117.6,45.15,0,0,0,0.0,1.597,LOW,LOW,0.0,117.6 days of cover: 21 units in stock at expected demand of 0.18 units/day,highly variable weekly demand (CV 1.60)
BR002,MED092,Paracetamol 500mg (LifeSpring Pharma),Analgesics,14,0.92,2.005,4.814,3.218,0.1071,0.1314,106.52,30.45,0,0,1,0.00411,1.18,LOW,LOW,0.0,106.5 days of cover: 14 units in stock at expected demand of 0.13 units/day,highly variable weekly demand (CV 1.18)
BR002,MED093,Paracetamol 250mg,Analgesics,14,0.399,0.967,2.138,2.046,0.0,0.057,245.61,47.9,0,0,0,0.0,2.303,LOW,LOW,0.0,245.6 days of cover: 14 units in stock at expected demand of 0.06 units/day,highly variable weekly demand (CV 2.30)
BR002,MED094,Paracetamol 250mg (Stellar Formulations),Analgesics,6,1.28,3.072,7.599,4.728,0.25,0.25,24.0,8.88,0,0,1,0.00685,1.223,LOW,LOW,0.0,24.0 days of cover: 6 units in stock at expected demand of 0.25 units/day,highly variable weekly demand (CV 1.22)
BR002,MED098,Amoxicillin 250mg (NovaMed Laboratories),Antibiotics,13,3.896,8.056,18.42,9.39,0.6429,0.6429,20.22,9.69,0,0,2,0.01233,0.804,LOW,LOW,0.0,20.2 days of cover: 13 units in stock at expected demand of 0.64 units/day,
BR002,MED099,Amoxicillin 250mg (Stellar Formulations),Antibiotics,5,0.585,1.215,2.829,2.232,0.1429,0.1429,35.0,15.68,0,0,0,0.0,1.202,LOW,LOW,0.0,35.0 days of cover: 5 units in stock at expected demand of 0.14 units/day,highly variable weekly demand (CV 1.20)
BR002,MED100,Amoxicillin 250mg (TrueLife Remedies),Antibiotics,9,0.483,0.977,1.971,2.13,0.0357,0.069,130.43,29.58,0,0,1,0.00411,1.886,LOW,LOW,0.0,130.4 days of cover: 9 units in stock at expected demand of 0.07 units/day,highly variable weekly demand (CV 1.89)
BR002,MED101,Amoxicillin + Clavulanic Acid 625mg (CureLine Healthcare),Antibiotics,9,0.504,1.166,2.667,2.151,0.1071,0.1071,84.0,29.29,0,0,0,0.0,1.575,LOW,LOW,0.0,84.0 days of cover: 9 units in stock at expected demand of 0.11 units/day,highly variable weekly demand (CV 1.57)
BR002,MED102,Amoxicillin + Clavulanic Acid 625mg (HealthAxis Pharma),Antibiotics,15,0.835,1.723,3.805,3.133,0.1429,0.1429,105.0,33.51,0,0,0,0.0,1.133,LOW,LOW,0.0,105.0 days of cover: 15 units in stock at expected demand of 0.14 units/day,highly variable weekly demand (CV 1.13)
BR002,MED103,Amoxicillin + Clavulanic Acid 625mg (Stellar Formulations),Antibiotics,3,0.332,0.756,1.834,1.978,0.0714,0.0714,42.0,10.62,0,0,0,0.0,1.12,LOW,LOW,0.0,42.0 days of cover: 3 units in stock at expected demand of 0.07 units/day,highly variable weekly demand (CV 1.12)
BR002,MED106,Amoxicillin + Clavulanic Acid 375mg (Summit Lifesciences),Antibiotics,7,0.82,1.656,3.841,3.118,0.1786,0.1786,39.2,15.72,0,0,3,0.01233,0.977,LOW,LOW,0.0,39.2 days of cover: 7 units in stock at expected demand of 0.18 units/day,
BR002,MED108,Azithromycin 500mg (Aarogya Formulations),Antibiotics,15,3.017,6.517,13.721,8.511,0.5,0.5,30.0,12.34,0,2,4,0.0137,0.545,LOW,LOW,0.0,30.0 days of cover: 15 units in stock at expected demand of 0.50 units/day,
BR002,MED109,Azithromycin 500mg (ApexLife Pharma),Antibiotics,8,1.387,2.857,6.896,4.836,0.3929,0.3929,20.36,11.58,0,0,0,0.0,0.802,LOW,LOW,0.0,20.4 days of cover: 8 units in stock at expected demand of 0.39 units/day,
BR002,MED110,Azithromycin 500mg (VitaCure Remedies),Antibiotics,5,0.358,0.749,1.568,2.004,0.0357,0.0511,97.77,17.47,0,0,0,0.0,1.619,LOW,LOW,0.0,97.8 days of cover: 5 units in stock at expected demand of 0.05 units/day,highly variable weekly demand (CV 1.62)
BR002,MED111,Azithromycin 250mg,Antibiotics,8,0.951,1.927,4.441,3.249,0.1786,0.1786,44.8,17.24,0,0,3,0.00959,1.194,LOW,LOW,0.0,44.8 days of cover: 8 units in stock at expected demand of 0.18 units/day,highly variable weekly demand (CV 1.19)
BR002,MED112,Azithromycin 250mg (ApexLife Pharma),Antibiotics,11,1.149,2.353,5.27,4.597,0.1786,0.1786,61.6,16.75,0,0,1,0.00685,0.938,LOW,LOW,0.0,61.6 days of cover: 11 units in stock at expected demand of 0.18 units/day,
BR002,MED114,Azithromycin 250mg (CarePlus Laboratories),Antibiotics,8,2.237,4.496,10.85,7.731,0.4643,0.4643,17.23,7.24,0,0,1,0.00137,0.909,LOW,LOW,0.0,17.2 days of cover: 8 units in stock at expected demand of 0.46 units/day,
BR002,MED115,Azithromycin 250mg (CureLine Healthcare),Antibiotics,5,0.611,1.33,3.206,2.258,0.2143,0.2143,23.33,15.5,0,0,0,0.0,0.717,LOW,LOW,0.0,23.3 days of cover: 5 units in stock at expected demand of 0.21 units/day,
BR002,MED119,Azithromycin 250mg (TrueLife Remedies),Antibiotics,5,0.665,1.37,2.875,2.312,0.1429,0.1429,35.0,15.14,0,6,2,0.01233,0.938,LOW,LOW,0.0,35.0 days of cover: 5 units in stock at expected demand of 0.14 units/day,
BR002,MED120,Cefixime 200mg (ApexLife Pharma),Antibiotics,12,2.218,4.756,11.218,7.712,0.3571,0.3571,33.6,10.89,0,0,1,0.00137,1.112,LOW,LOW,0.0,33.6 days of cover: 12 units in stock at expected demand of 0.36 units/day,highly variable weekly demand (CV 1.11)
BR002,MED121,Cefixime 200mg (CureLine Healthcare),Antibiotics,8,0.364,0.745,1.705,2.01,0.0357,0.052,153.85,27.86,0,0,0,0.0,1.556,LOW,LOW,0.0,153.8 days of cover: 8 units in stock at expected demand of 0.05 units/day,highly variable weekly demand (CV 1.56)
BR002,MED123,Cefixime 200mg (Stellar Formulations),Antibiotics,10,0.435,0.932,2.385,2.081,0.0714,0.0714,140.0,33.64,0,0,0,0.0,1.811,LOW,LOW,0.0,140.0 days of cover: 10 units in stock at expected demand of 0.07 units/day,highly variable weekly demand (CV 1.81)
BR002,MED124,Cefixime 100mg,Antibiotics,11,0.432,0.935,1.873,2.079,0.0357,0.0617,178.24,37.04,0,0,0,0.0,2.243,LOW,LOW,0.0,178.2 days of cover: 11 units in stock at expected demand of 0.06 units/day,highly variable weekly demand (CV 2.24)
BR002,MED125,Cefixime 100mg (HealthAxis Pharma),Antibiotics,9,0.907,2.026,4.318,3.205,0.1786,0.1786,50.4,19.66,0,0,1,0.00685,1.391,LOW,LOW,0.0,50.4 days of cover: 9 units in stock at expected demand of 0.18 units/day,highly variable weekly demand (CV 1.39)
BR002,MED126,Cefixime 100mg (NovaMed Laboratories),Antibiotics,3,0.439,0.958,2.331,2.086,0.1071,0.1071,28.0,10.07,0,0,2,0.00548,1.172,LOW,LOW,0.0,28.0 days of cover: 3 units in stock at expected demand of 0.11 units/day,highly variable weekly demand (CV 1.17)
BR002,MED128,Ciprofloxacin 500mg (BlueCrest Pharma),Antibiotics,7,0.502,0.996,2.112,2.149,0.0714,0.0717,97.61,22.8,0,0,0,0.0,1.414,LOW,LOW,0.0,97.6 days of cover: 7 units in stock at expected demand of 0.07 units/day,highly variable weekly demand (CV 1.41)
BR002,MED129,Ciprofloxacin 250mg,Antibiotics,8,0.907,1.901,4.313,3.205,0.1786,0.1786,44.8,17.47,0,0,1,0.00274,1.194,LOW,LOW,0.0,44.8 days of cover: 8 units in stock at expected demand of 0.18 units/day,highly variable weekly demand (CV 1.19)
BR002,MED131,Doxycycline 100mg (Aarogya Formulations),Antibiotics,10,2.653,5.584,13.082,8.147,0.4643,0.4643,21.54,8.59,0,0,2,0.00274,0.44,LOW,LOW,0.0,21.5 days of cover: 10 units in stock at expected demand of 0.46 units/day,
BR002,MED132,Doxycycline 100mg (ApexLife Pharma),Antibiotics,7,0.633,1.331,3.215,2.279,0.1786,0.1786,39.2,21.5,0,0,0,0.0,1.363,LOW,LOW,0.0,39.2 days of cover: 7 units in stock at expected demand of 0.18 units/day,highly variable weekly demand (CV 1.36)
BR002,MED133,Doxycycline 100mg (HealthAxis Pharma),Antibiotics,3,0.348,0.677,1.424,1.994,0.0,0.0497,60.34,10.53,0,0,1,0.01781,1.662,LOW,LOW,0.0,60.3 days of cover: 3 units in stock at expected demand of 0.05 units/day,highly variable weekly demand (CV 1.66)
BR002,MED134,Doxycycline 100mg (Summit Lifesciences),Antibiotics,9,1.745,3.568,8.116,5.193,0.25,0.25,36.0,12.13,0,0,3,0.01233,0.989,LOW,LOW,0.0,36.0 days of cover: 9 units in stock at expected demand of 0.25 units/day,
BR002,MED136,Mefenamic Acid 250mg (HealthAxis Pharma),Antipyretics,16,0.775,1.754,3.756,3.073,0.1071,0.1107,144.52,36.45,0,0,0,0.0,1.596,LOW,LOW,0.0,144.5 days of cover: 16 units in stock at expected demand of 0.11 units/day,highly variable weekly demand (CV 1.60)
BR002,MED137,Mefenamic Acid 250mg (LifeSpring Pharma),Antipyretics,7,0.491,1.091,2.473,2.138,0.1071,0.1071,65.33,22.92,0,0,0,0.0,1.244,LOW,LOW,0.0,65.3 days of cover: 7 units in stock at expected demand of 0.11 units/day,highly variable weekly demand (CV 1.24)
BR002,MED138,Mefenamic Acid 250mg (NovaMed Laboratories),Antipyretics,13,3.629,7.686,17.054,9.122,0.6429,0.6429,20.22,9.98,0,3,2,0.01233,0.493,LOW,LOW,0.0,20.2 days of cover: 13 units in stock at expected demand of 0.64 units/day,
BR002,MED143,Mefenamic Acid 500mg (LifeSpring Pharma),Antipyretics,12,0.374,0.696,1.509,2.021,0.0,0.0534,224.6,41.56,0,0,0,0.0,1.982,LOW,LOW,0.0,224.6 days of cover: 12 units in stock at expected demand of 0.05 units/day,highly variable weekly demand (CV 1.98)
BR002,MED145,Mefenamic Acid 500mg (Stellar Formulations),Antipyretics,14,0.388,0.762,1.694,2.035,0.0,0.0554,252.58,48.16,0,0,0,0.0,3.073,LOW,LOW,0.0,252.6 days of cover: 14 units in stock at expected demand of 0.06 units/day,highly variable weekly demand (CV 3.07)
BR002,MED146,Mefenamic Acid 500mg (Summit Lifesciences),Antipyretics,11,0.435,0.937,2.199,2.081,0.0357,0.0621,177.01,37.0,0,0,0,0.0,1.487,LOW,LOW,0.0,177.0 days of cover: 11 units in stock at expected demand of 0.06 units/day,highly variable weekly demand (CV 1.49)
BR002,MED147,Mefenamic Acid 500mg (TrueLife Remedies),Antipyretics,4,0.384,0.817,1.898,2.03,0.0714,0.0714,56.0,13.79,0,0,0,0.0,1.59,LOW,LOW,0.0,56.0 days of cover: 4 units in stock at expected demand of 0.07 units/day,highly variable weekly demand (CV 1.59)
BR002,MED148,Mefenamic Acid 500mg (VitaCure Remedies),Antipyretics,13,0.796,1.688,3.96,3.094,0.1429,0.1429,91.0,29.41,0,0,0,0.0,1.053,LOW,LOW,0.0,91.0 days of cover: 13 units in stock at expected demand of 0.14 units/day,highly variable weekly demand (CV 1.05)
BR002,MED149,Paracetamol 650mg (Aarogya Formulations),Antipyretics,5,1.441,2.987,6.741,4.889,0.3214,0.3214,15.56,7.16,0,2,1,0.00274,0.743,LOW,LOW,0.0,15.6 days of cover: 5 units in stock at expected demand of 0.32 units/day,
BR002,MED150,Paracetamol 650mg (CarePlus Laboratories),Antipyretics,15,0.836,1.853,4.049,3.134,0.1071,0.1194,125.6,33.5,0,0,0,0.0,0.821,LOW,LOW,0.0,125.6 days of cover: 15 units in stock at expected demand of 0.12 units/day,
BR002,MED151,Paracetamol Drops 100mg/ml (Aarogya Formulations),Antipyretics,10,1.337,2.772,6.777,4.785,0.25,0.25,40.0,14.63,0,0,5,0.0137,0.888,LOW,LOW,0.0,40.0 days of cover: 10 units in stock at expected demand of 0.25 units/day,
BR002,MED153,Paracetamol Suspension 250mg/5ml (BlueCrest Pharma),Antipyretics,3,0.385,0.776,1.991,2.031,0.0714,0.0714,42.0,10.34,0,0,0,0.0,1.662,LOW,LOW,0.0,42.0 days of cover: 3 units in stock at expected demand of 0.07 units/day,highly variable weekly demand (CV 1.66)
BR002,MED156,Paracetamol Suspension 250mg/5ml (TrueLife Remedies),Antipyretics,8,0.859,1.828,4.627,3.157,0.25,0.25,32.0,17.74,0,0,0,0.0,1.237,LOW,LOW,0.0,32.0 days of cover: 8 units in stock at expected demand of 0.25 units/day,highly variable weekly demand (CV 1.24)
BR002,MED157,Paracetamol Suspension 125mg/5ml,Antipyretics,14,0.636,1.282,3.549,2.283,0.1071,0.1071,130.67,42.93,0,0,0,0.0,1.596,LOW,LOW,0.0,130.7 days of cover: 14 units in stock at expected demand of 0.11 units/day,highly variable weekly demand (CV 1.60)
BR002,MED160,Paracetamol Suspension 125mg/5ml (TrueLife Remedies),Antipyretics,12,0.557,1.111,2.579,2.204,0.0714,0.0796,150.81,38.11,0,0,0,0.0,1.055,LOW,LOW,0.0,150.8 days of cover: 12 units in stock at expected demand of 0.08 units/day,highly variable weekly demand (CV 1.05)
BR002,MED161,Paracetamol Suspension 125mg/5ml (VitaCure Remedies),Antipyretics,8,0.829,1.83,4.529,3.128,0.25,0.25,32.0,17.9,0,0,0,0.0,1.06,LOW,LOW,0.0,32.0 days of cover: 8 units in stock at expected demand of 0.25 units/day,highly variable weekly demand (CV 1.06)
BR002,MED162,Cetirizine 10mg (ApexLife Pharma),Antihistamines,8,2.287,4.519,11.569,7.781,0.4643,0.4643,17.23,7.2,0,1,5,0.02055,0.812,LOW,LOW,0.0,17.2 days of cover: 8 units in stock at expected demand of 0.46 units/day,
BR002,MED164,Cetirizine 10mg (LifeSpring Pharma),Antihistamines,8,0.849,1.877,4.552,3.147,0.1429,0.1429,56.0,17.79,0,0,3,0.02055,1.064,LOW,LOW,0.0,56.0 days of cover: 8 units in stock at expected demand of 0.14 units/day,highly variable weekly demand (CV 1.06)
BR002,MED166,Cetirizine 10mg (Summit Lifesciences),Antihistamines,14,1.107,2.432,6.555,4.555,0.1429,0.1581,88.53,21.51,0,0,3,0.02329,1.109,LOW,LOW,0.0,88.5 days of cover: 14 units in stock at expected demand of 0.16 units/day,highly variable weekly demand (CV 1.11)
BR002,MED168,Cetirizine 5mg,Antihistamines,9,0.761,1.583,3.755,3.059,0.1071,0.1087,82.79,20.59,0,0,1,0.00411,1.333,LOW,LOW,0.0,82.8 days of cover: 9 units in stock at expected demand of 0.11 units/day,highly variable weekly demand (CV 1.33)
BR002,MED170,Cetirizine 5mg (CureLine Healthcare),Antihistamines,9,0.385,0.798,1.876,2.031,0.0357,0.055,163.64,31.02,0,0,0,0.0,3.533,LOW,LOW,0.0,163.6 days of cover: 9 units in stock at expected demand of 0.06 units/day,highly variable weekly demand (CV 3.53)
BR002,MED172,Cetirizine 5mg (Summit Lifesciences),Antihistamines,13,1.398,2.774,7.203,4.846,0.3214,0.3214,40.44,18.78,0,0,1,0.00548,1.657,LOW,LOW,0.0,40.4 days of cover: 13 units in stock at expected demand of 0.32 units/day,highly variable weekly demand (CV 1.66)
BR002,MED174,Cetirizine 5mg (VitaCure Remedies),Antihistamines,10,0.609,1.247,3.014,2.255,0.1429,0.1429,70.0,31.04,0,0,0,0.0,1.402,LOW,LOW,0.0,70.0 days of cover: 10 units in stock at expected demand of 0.14 units/day,highly variable weekly demand (CV 1.40)
BR002,MED175,Chlorpheniramine 4mg (ApexLife Pharma),Antihistamines,11,0.345,0.685,1.734,1.991,0.0,0.0493,223.19,38.67,0,0,0,0.0,1.911,LOW,LOW,0.0,223.2 days of cover: 11 units in stock at expected demand of 0.05 units/day,highly variable weekly demand (CV 1.91)
BR002,MED176,Chlorpheniramine 4mg (BlueCrest Pharma),Antihistamines,34,0.964,2.096,5.263,3.263,0.0357,0.1377,246.89,72.94,0,0,0,0.0,1.414,LOW,LOW,0.0,246.9 days of cover: 34 units in stock at expected demand of 0.14 units/day,highly variable weekly demand (CV 1.41)
BR002,MED177,Chlorpheniramine 4mg (CarePlus Laboratories),Antihistamines,8,0.914,1.815,3.707,3.212,0.1786,0.1786,44.8,17.43,2,2,1,0.00274,1.368,LOW,LOW,0.0,44.8 days of cover: 8 units in stock at expected demand of 0.18 units/day,highly variable weekly demand (CV 1.37)
BR002,MED178,Chlorpheniramine 4mg (HealthAxis Pharma),Antihistamines,9,0.843,1.76,4.044,3.141,0.1429,0.1429,63.0,20.06,0,0,1,0.01781,1.0,LOW,LOW,0.0,63.0 days of cover: 9 units in stock at expected demand of 0.14 units/day,highly variable weekly demand (CV 1.00)
BR002,MED179,Chlorpheniramine 4mg (LifeSpring Pharma),Antihistamines,13,2.758,5.369,13.255,8.252,0.4286,0.4286,30.33,11.03,0,0,1,0.00822,1.115,LOW,LOW,0.0,30.3 days of cover: 13 units in stock at expected demand of 0.43 units/day,highly variable weekly demand (CV 1.11)
BR002,MED180,Chlorpheniramine 4mg (VitaCure Remedies),Antihistamines,14,0.413,0.889,2.141,2.059,0.0,0.059,237.29,47.6,0,0,0,0.0,2.208,LOW,LOW,0.0,237.3 days of cover: 14 units in stock at expected demand of 0.06 units/day,highly variable weekly demand (CV 2.21)
BR002,MED181,Fexofenadine 120mg (ApexLife Pharma),Antihistamines,9,0.783,1.657,3.914,3.082,0.2143,0.2143,42.0,20.44,0,0,0,0.0,1.072,LOW,LOW,0.0,42.0 days of cover: 9 units in stock at expected demand of 0.21 units/day,highly variable weekly demand (CV 1.07)
BR002,MED182,Fexofenadine 120mg (BlueCrest Pharma),Antihistamines,24,1.194,3.095,7.291,4.642,0.25,0.25,96.0,36.19,0,1,4,0.01918,0.719,LOW,LOW,0.0,96.0 days of cover: 24 units in stock at expected demand of 0.25 units/day,
BR002,MED183,Fexofenadine 120mg (CureLine Healthcare),Antihistamines,11,1.079,2.246,5.052,4.527,0.2857,0.2857,38.5,17.01,0,0,0,0.0,0.859,LOW,LOW,0.0,38.5 days of cover: 11 units in stock at expected demand of 0.29 units/day,
BR002,MED184,Fexofenadine 120mg (LifeSpring Pharma),Antihistamines,14,0.465,1.05,2.643,2.111,0.0357,0.0664,210.75,46.42,0,0,0,0.0,1.388,LOW,LOW,0.0,210.8 days of cover: 14 units in stock at expected demand of 0.07 units/day,highly variable weekly demand (CV 1.39)
BR002,MED185,Fexofenadine 120mg (TrueLife Remedies),Antihistamines,10,0.618,1.279,2.9,2.265,0.0714,0.0883,113.27,30.91,0,0,1,0.00411,2.09,LOW,LOW,0.0,113.3 days of cover: 10 units in stock at expected demand of 0.09 units/day,highly variable weekly demand (CV 2.09)
BR002,MED186,Fexofenadine 180mg,Antihistamines,17,4.483,9.5,23.91,9.976,0.8929,0.8929,19.04,11.93,2,2,8,0.02466,0.661,LOW,LOW,0.0,19.0 days of cover: 17 units in stock at expected demand of 0.89 units/day,
BR002,MED187,Fexofenadine 180mg (CureLine Healthcare),Antihistamines,12,0.433,0.94,2.074,2.079,0.0357,0.0619,194.0,40.4,0,0,0,0.0,1.564,LOW,LOW,0.0,194.0 days of cover: 12 units in stock at expected demand of 0.06 units/day,highly variable weekly demand (CV 1.56)
BR002,MED188,Fexofenadine 180mg (HealthAxis Pharma),Antihistamines,12,0.611,1.36,3.15,2.258,0.0357,0.0873,137.48,37.2,0,0,1,0.00548,1.817,LOW,LOW,0.0,137.5 days of cover: 12 units in stock at expected demand of 0.09 units/day,highly variable weekly demand (CV 1.82)
BR002,MED189,Fexofenadine 180mg (TrueLife Remedies),Antihistamines,7,0.683,1.455,3.31,2.982,0.1071,0.1071,65.33,16.43,0,0,1,0.00685,1.122,LOW,LOW,0.0,65.3 days of cover: 7 units in stock at expected demand of 0.11 units/day,highly variable weekly demand (CV 1.12)
BR002,MED190,Levocetirizine 5mg (Aarogya Formulations),Antihistamines,5,1.487,2.951,7.518,4.935,0.3571,0.3571,14.0,7.09,0,0,3,0.00822,1.252,LOW,LOW,0.0,14.0 days of cover: 5 units in stock at expected demand of 0.36 units/day,highly variable weekly demand (CV 1.25)
BR002,MED192,Levocetirizine 5mg (CureLine Healthcare),Antihistamines,16,1.473,3.024,7.17,4.921,0.3214,0.3214,49.78,22.76,0,0,0,0.0,1.609,LOW,LOW,0.0,49.8 days of cover: 16 units in stock at expected demand of 0.32 units/day,highly variable weekly demand (CV 1.61)
BR002,MED193,Levocetirizine 5mg (LifeSpring Pharma),Antihistamines,10,1.193,2.509,5.779,4.642,0.3214,0.3214,31.11,15.08,0,0,0,0.0,1.027,LOW,LOW,0.0,31.1 days of cover: 10 units in stock at expected demand of 0.32 units/day,highly variable weekly demand (CV 1.03)
BR002,MED194,Levocetirizine 5mg (NovaMed Laboratories),Antihistamines,6,1.66,3.208,8.101,5.108,0.3929,0.3929,15.27,8.22,0,0,2,0.01644,0.826,LOW,LOW,0.0,15.3 days of cover: 6 units in stock at expected demand of 0.39 units/day,
BR002,MED195,Levocetirizine 5mg (VitaCure Remedies),Antihistamines,9,0.542,1.042,2.512,2.189,0.1071,0.1071,84.0,28.78,0,0,0,0.0,1.341,LOW,LOW,0.0,84.0 days of cover: 9 units in stock at expected demand of 0.11 units/day,highly variable weekly demand (CV 1.34)
BR002,MED196,Levocetirizine 2.5mg,Antihistamines,9,0.585,1.25,3.151,2.232,0.0714,0.0836,107.69,28.23,0,0,1,0.00685,1.911,LOW,LOW,0.0,107.7 days of cover: 9 units in stock at expected demand of 0.08 units/day,highly variable weekly demand (CV 1.91)
BR002,MED197,Levocetirizine 2.5mg (LifeSpring Pharma),Antihistamines,14,3.185,6.839,16.322,8.678,0.5,0.5,28.0,11.29,0,0,6,0.01918,0.619,LOW,LOW,0.0,28.0 days of cover: 14 units in stock at expected demand of 0.50 units/day,
BR002,MED198,Levocetirizine 2.5mg (Stellar Formulations),Antihistamines,13,0.573,1.171,3.102,2.219,0.0714,0.0819,158.81,41.01,0,0,0,0.0,2.949,LOW,LOW,0.0,158.8 days of cover: 13 units in stock at expected demand of 0.08 units/day,highly variable weekly demand (CV 2.95)
BR002,MED199,Montelukast + Levocetirizine 10mg/5mg (Aarogya Formulations),Antihistamines,9,0.345,0.672,1.516,1.991,0.0,0.0493,182.61,31.64,0,0,0,0.0,1.516,LOW,LOW,0.0,182.6 days of cover: 9 units in stock at expected demand of 0.05 units/day,highly variable weekly demand (CV 1.52)
BR002,MED201,Montelukast + Levocetirizine 10mg/5mg (NovaMed Laboratories),Antihistamines,14,1.266,2.607,6.128,4.714,0.3214,0.3214,43.56,20.79,0,0,0,0.0,1.243,LOW,LOW,0.0,43.6 days of cover: 14 units in stock at expected demand of 0.32 units/day,highly variable weekly demand (CV 1.24)
BR002,MED202,Montelukast + Levocetirizine 10mg/5mg (Stellar Formulations),Antihistamines,17,1.564,3.323,8.141,5.012,0.2857,0.2857,59.5,23.74,0,0,4,0.00822,0.664,LOW,LOW,0.0,59.5 days of cover: 17 units in stock at expected demand of 0.29 units/day,
BR002,MED203,Montelukast + Levocetirizine 10mg/5mg (TrueLife Remedies),Antihistamines,7,0.992,2.139,5.387,3.291,0.1786,0.1786,39.2,14.89,0,0,1,0.00685,1.166,LOW,LOW,0.0,39.2 days of cover: 7 units in stock at expected demand of 0.18 units/day,highly variable weekly demand (CV 1.17)
BR002,MED204,Montelukast + Levocetirizine 10mg/5mg (VitaCure Remedies),Antihistamines,14,1.794,3.748,8.562,5.242,0.25,0.2563,54.63,18.7,0,0,1,0.00274,1.094,LOW,LOW,0.0,54.6 days of cover: 14 units in stock at expected demand of 0.26 units/day,highly variable weekly demand (CV 1.09)
BR002,MED207,Domperidone 10mg (CureLine Healthcare),Gastrointestinal,14,1.368,2.901,6.955,4.816,0.3929,0.3929,35.64,20.35,0,0,0,0.0,0.932,LOW,LOW,0.0,35.6 days of cover: 14 units in stock at expected demand of 0.39 units/day,
BR002,MED208,Domperidone 10mg (HealthAxis Pharma),Gastrointestinal,13,0.35,0.824,1.72,1.997,0.0,0.05,260.0,45.57,0,0,0,0.0,2.417,LOW,LOW,0.0,260.0 days of cover: 13 units in stock at expected demand of 0.05 units/day,highly variable weekly demand (CV 2.42)
BR002,MED209,Domperidone 10mg (LifeSpring Pharma),Gastrointestinal,13,0.437,0.939,2.146,2.084,0.0357,0.0624,208.24,43.67,0,0,0,0.0,1.76,LOW,LOW,0.0,208.2 days of cover: 13 units in stock at expected demand of 0.06 units/day,highly variable weekly demand (CV 1.76)
BR002,MED210,Domperidone 10mg (NovaMed Laboratories),Gastrointestinal,8,2.08,4.906,10.778,5.528,0.5357,0.5357,14.93,10.13,1,3,7,0.01781,0.746,LOW,LOW,0.0,14.9 days of cover: 8 units in stock at expected demand of 0.54 units/day,
BR002,MED211,Loperamide 2mg (Aarogya Formulations),Gastrointestinal,11,0.578,1.198,2.928,2.224,0.1429,0.1429,77.0,34.62,0,0,0,0.0,1.324,LOW,LOW,0.0,77.0 days of cover: 11 units in stock at expected demand of 0.14 units/day,highly variable weekly demand (CV 1.32)
BR002,MED212,Loperamide 2mg (BlueCrest Pharma),Gastrointestinal,9,0.474,0.99,2.502,2.12,0.1071,0.1071,84.0,29.72,0,0,0,0.0,1.897,LOW,LOW,0.0,84.0 days of cover: 9 units in stock at expected demand of 0.11 units/day,highly variable weekly demand (CV 1.90)
BR002,MED213,Loperamide 2mg (LifeSpring Pharma),Gastrointestinal,6,0.495,1.046,2.634,2.142,0.1786,0.1786,33.6,19.61,0,0,0,0.0,1.294,LOW,LOW,0.0,33.6 days of cover: 6 units in stock at expected demand of 0.18 units/day,highly variable weekly demand (CV 1.29)
BR002,MED214,Omeprazole 20mg (Aarogya Formulations),Gastrointestinal,7,0.444,0.962,2.555,2.091,0.1071,0.1071,65.33,23.43,0,0,0,0.0,1.237,LOW,LOW,0.0,65.3 days of cover: 7 units in stock at expected demand of 0.11 units/day,highly variable weekly demand (CV 1.24)
BR002,MED215,Omeprazole 20mg (CarePlus Laboratories),Gastrointestinal,13,5.006,10.719,24.026,10.499,0.8571,0.8571,15.17,8.67,0,0,3,0.02192,0.508,LOW,LOW,0.0,15.2 days of cover: 13 units in stock at expected demand of 0.86 units/day,
BR002,MED216,Omeprazole 20mg (CureLine Healthcare),Gastrointestinal,4,0.36,0.898,1.977,2.006,0.0714,0.0714,56.0,13.96,0,0,0,0.0,1.444,LOW,LOW,0.0,56.0 days of cover: 4 units in stock at expected demand of 0.07 units/day,highly variable weekly demand (CV 1.44)
BR002,MED217,Omeprazole 20mg (HealthAxis Pharma),Gastrointestinal,12,0.359,0.768,1.568,2.005,0.0,0.0513,233.98,41.9,0,0,0,0.0,1.96,LOW,LOW,0.0,234.0 days of cover: 12 units in stock at expected demand of 0.05 units/day,highly variable weekly demand (CV 1.96)
BR002,MED219,Omeprazole 20mg (TrueLife Remedies),Gastrointestinal,26,6.082,12.97,28.443,11.575,0.9286,0.9286,28.0,15.72,0,0,1,0.00411,0.603,LOW,LOW,0.0,28.0 days of cover: 26 units in stock at expected demand of 0.93 units/day,
BR002,MED220,Omeprazole 20mg (VitaCure Remedies),Gastrointestinal,19,0.599,1.062,2.803,2.246,0.0714,0.0856,222.04,59.22,0,0,0,0.0,1.341,LOW,LOW,0.0,222.0 days of cover: 19 units in stock at expected demand of 0.09 units/day,highly variable weekly demand (CV 1.34)
BR002,MED221,Omeprazole 40mg,Gastrointestinal,5,0.353,0.798,1.712,2.0,0.0,0.0504,99.15,17.5,0,0,0,0.0,1.445,LOW,LOW,0.0,99.2 days of cover: 5 units in stock at expected demand of 0.05 units/day,highly variable weekly demand (CV 1.44)
BR002,MED222,Omeprazole 40mg (ApexLife Pharma),Gastrointestinal,16,2.688,6.285,13.848,8.182,0.3929,0.3929,40.73,13.69,0,0,1,0.00274,0.679,LOW,LOW,0.0,40.7 days of cover: 16 units in stock at expected demand of 0.39 units/day,
BR002,MED223,Omeprazole 40mg (LifeSpring Pharma),Gastrointestinal,12,2.532,5.685,12.914,8.026,0.4286,0.4286,28.0,10.47,0,1,5,0.01644,0.642,LOW,LOW,0.0,28.0 days of cover: 12 units in stock at expected demand of 0.43 units/day,
BR002,MED225,Omeprazole 40mg (TrueLife Remedies),Gastrointestinal,8,0.557,1.183,3.117,2.204,0.1429,0.1429,56.0,25.41,0,0,0,0.0,1.527,LOW,LOW,0.0,56.0 days of cover: 8 units in stock at expected demand of 0.14 units/day,highly variable weekly demand (CV 1.53)
BR002,MED226,Ondansetron 4mg (Aarogya Formulations),Gastrointestinal,13,2.23,5.01,10.669,7.724,0.4286,0.4286,30.33,11.78,0,0,3,0.00822,0.679,LOW,LOW,0.0,30.3 days of cover: 13 units in stock at expected demand of 0.43 units/day,
BR002,MED227,Ondansetron 4mg (BlueCrest Pharma),Gastrointestinal,8,0.474,0.943,2.18,2.121,0.0714,0.0714,112.0,26.4,0,0,0,0.0,2.059,LOW,LOW,0.0,112.0 days of cover: 8 units in stock at expected demand of 0.07 units/day,highly variable weekly demand (CV 2.06)
BR002,MED228,Ondansetron 4mg (CarePlus Laboratories),Gastrointestinal,13,0.489,1.034,2.364,2.136,0.0714,0.0714,182.0,42.6,0,0,0,0.0,1.402,LOW,LOW,0.0,182.0 days of cover: 13 units in stock at expected demand of 0.07 units/day,highly variable weekly demand (CV 1.40)
BR002,MED229,Ondansetron 4mg (CureLine Healthcare),Gastrointestinal,9,0.419,0.912,2.012,2.066,0.0357,0.0599,150.36,30.49,0,0,0,0.0,1.115,LOW,LOW,0.0,150.4 days of cover: 9 units in stock at expected demand of 0.06 units/day,highly variable weekly demand (CV 1.11)
BR002,MED230,Ondansetron 4mg (LifeSpring Pharma),Gastrointestinal,15,0.377,0.787,1.787,2.024,0.0,0.0539,278.51,51.88,0,0,0,0.0,2.09,LOW,LOW,0.0,278.5 days of cover: 15 units in stock at expected demand of 0.05 units/day,highly variable weekly demand (CV 2.09)
BR002,MED232,Ondansetron 4mg (Stellar Formulations),Gastrointestinal,9,0.894,1.934,4.428,3.192,0.1429,0.1429,63.0,19.74,0,0,4,0.02466,0.849,LOW,LOW,0.0,63.0 days of cover: 9 units in stock at expected demand of 0.14 units/day,
BR002,MED233,Ondansetron 4mg (Summit Lifesciences),Gastrointestinal,11,1.575,3.231,7.138,5.023,0.25,0.25,44.0,15.33,0,0,2,0.01096,1.06,LOW,LOW,0.0,44.0 days of cover: 11 units in stock at expected demand of 0.25 units/day,highly variable weekly demand (CV 1.06)
BR002,MED235,Ondansetron 8mg,Gastrointestinal,23,0.624,1.274,3.433,2.271,0.1429,0.1429,161.0,70.89,0,0,0,0.0,1.625,LOW,LOW,0.0,161.0 days of cover: 23 units in stock at expected demand of 0.14 units/day,highly variable weekly demand (CV 1.62)
BR002,MED237,Ondansetron 8mg (TrueLife Remedies),Gastrointestinal,17,0.631,1.216,3.093,2.278,0.1071,0.1071,158.67,52.24,0,0,0,0.0,1.846,LOW,LOW,0.0,158.7 days of cover: 17 units in stock at expected demand of 0.11 units/day,highly variable weekly demand (CV 1.85)
BR002,MED238,Ondansetron 8mg (VitaCure Remedies),Gastrointestinal,15,0.638,1.239,2.643,2.285,0.0,0.0911,164.58,45.95,0,0,1,0.00548,1.223,LOW,LOW,0.0,164.6 days of cover: 15 units in stock at expected demand of 0.09 units/day,highly variable weekly demand (CV 1.22)
BR002,MED240,ORS Powder 21.8g (LifeSpring Pharma),Gastrointestinal,8,1.028,1.988,4.299,3.326,0.25,0.25,32.0,16.84,0,0,1,0.00959,1.002,LOW,LOW,0.0,32.0 days of cover: 8 units in stock at expected demand of 0.25 units/day,highly variable weekly demand (CV 1.00)
BR002,MED242,ORS Powder 21.8g (Summit Lifesciences),Gastrointestinal,4,0.537,1.056,2.488,2.183,0.1786,0.1786,22.4,12.83,0,0,0,0.0,1.639,LOW,LOW,0.0,22.4 days of cover: 4 units in stock at expected demand of 0.18 units/day,highly variable weekly demand (CV 1.64)
BR002,MED243,ORS Powder 21.8g (TrueLife Remedies),Gastrointestinal,8,0.753,1.574,3.684,3.051,0.1071,0.1076,74.37,18.35,0,0,1,0.00548,1.487,LOW,LOW,0.0,74.4 days of cover: 8 units in stock at expected demand of 0.11 units/day,highly variable weekly demand (CV 1.49)
BR002,MED244,ORS Powder 21.8g (VitaCure Remedies),Gastrointestinal,12,0.443,0.949,2.128,2.09,0.0357,0.0633,189.62,40.19,0,0,0,0.0,1.258,LOW,LOW,0.0,189.6 days of cover: 12 units in stock at expected demand of 0.06 units/day,highly variable weekly demand (CV 1.26)
BR002,MED246,Pantoprazole 40mg (CarePlus Laboratories),Gastrointestinal,9,1.034,2.153,5.05,3.332,0.2143,0.2143,42.0,18.91,0,0,1,0.00548,0.953,LOW,LOW,0.0,42.0 days of cover: 9 units in stock at expected demand of 0.21 units/day,
BR002,MED247,Pantoprazole 40mg (NovaMed Laboratories),Gastrointestinal,19,2.702,6.336,13.492,8.195,0.3929,0.3929,48.36,16.23,0,0,1,0.00137,0.599,LOW,LOW,0.0,48.4 days of cover: 19 units in stock at expected demand of 0.39 units/day,
BR002,MED248,Pantoprazole 40mg (TrueLife Remedies),Gastrointestinal,14,0.515,0.985,2.678,2.162,0.0714,0.0736,190.29,45.33,0,0,0,0.0,2.69,LOW,LOW,0.0,190.3 days of cover: 14 units in stock at expected demand of 0.07 units/day,highly variable weekly demand (CV 2.69)
BR002,MED250,Pantoprazole 20mg (ApexLife Pharma),Gastrointestinal,13,0.864,2.007,4.27,3.163,0.1071,0.1234,105.32,28.77,0,0,1,0.00137,0.894,LOW,LOW,0.0,105.3 days of cover: 13 units in stock at expected demand of 0.12 units/day,
BR002,MED252,Pantoprazole 20mg (CarePlus Laboratories),Gastrointestinal,11,0.679,1.385,3.202,2.977,0.1786,0.1786,61.6,25.86,0,0,0,0.0,1.064,LOW,LOW,0.0,61.6 days of cover: 11 units in stock at expected demand of 0.18 units/day,highly variable weekly demand (CV 1.06)
BR002,MED254,Pantoprazole 20mg (Summit Lifesciences),Gastrointestinal,6,0.709,1.766,3.471,3.007,0.2143,0.2143,28.0,13.97,0,0,2,0.00548,1.219,LOW,LOW,0.0,28.0 days of cover: 6 units in stock at expected demand of 0.21 units/day,highly variable weekly demand (CV 1.22)
BR002,MED255,Pantoprazole 20mg (VitaCure Remedies),Gastrointestinal,16,0.371,0.82,1.896,2.017,0.0,0.053,301.89,55.53,0,0,0,0.0,1.639,LOW,LOW,0.0,301.9 days of cover: 16 units in stock at expected demand of 0.05 units/day,highly variable weekly demand (CV 1.64)
BR002,MED257,Amlodipine 5mg (LifeSpring Pharma),Cardiovascular,31,6.585,14.281,30.545,16.904,0.8214,0.9407,32.95,12.84,0,2,6,0.0137,0.728,LOW,LOW,0.0,33.0 days of cover: 31 units in stock at expected demand of 0.94 units/day,
BR002,MED258,Amlodipine 5mg (NovaMed Laboratories),Cardiovascular,10,0.995,2.046,5.402,3.294,0.3214,0.3214,31.11,21.25,0,0,0,0.0,1.095,LOW,LOW,0.0,31.1 days of cover: 10 units in stock at expected demand of 0.32 units/day,highly variable weekly demand (CV 1.09)
BR002,MED260,Amlodipine 5mg (VitaCure Remedies),Cardiovascular,12,0.82,1.596,4.554,3.119,0.25,0.25,48.0,26.93,0,0,0,0.0,2.033,LOW,LOW,0.0,48.0 days of cover: 12 units in stock at expected demand of 0.25 units/day,highly variable weekly demand (CV 2.03)
BR002,MED261,Amlodipine 2.5mg,Cardiovascular,9,0.755,1.681,3.96,3.053,0.1429,0.1429,63.0,20.64,0,0,1,0.00685,1.412,LOW,LOW,0.0,63.0 days of cover: 9 units in stock at expected demand of 0.14 units/day,highly variable weekly demand (CV 1.41)
BR002,MED262,Amlodipine 2.5mg (LifeSpring Pharma),Cardiovascular,16,1.666,3.651,8.95,5.114,0.3571,0.3571,44.8,21.9,0,0,2,0.00274,0.896,LOW,LOW,0.0,44.8 days of cover: 16 units in stock at expected demand of 0.36 units/day,
BR002,MED263,Amlodipine 2.5mg (Stellar Formulations),Cardiovascular,14,1.372,3.118,8.045,4.821,0.3214,0.3214,43.56,20.33,0,0,3,0.00822,1.098,LOW,LOW,0.0,43.6 days of cover: 14 units in stock at expected demand of 0.32 units/day,highly variable weekly demand (CV 1.10)
BR002,MED266,Amlodipine 2.5mg (VitaCure Remedies),Cardiovascular,17,0.707,1.723,3.694,3.006,0.0,0.101,168.32,39.59,0,0,1,0.00411,1.91,LOW,LOW,0.0,168.3 days of cover: 17 units in stock at expected demand of 0.10 units/day,highly variable weekly demand (CV 1.91)
BR002,MED267,Amlodipine 10mg,Cardiovascular,9,0.731,1.55,3.365,3.029,0.2143,0.2143,42.0,20.8,0,0,0,0.0,1.711,LOW,LOW,0.0,42.0 days of cover: 9 units in stock at expected demand of 0.21 units/day,highly variable weekly demand (CV 1.71)
BR002,MED268,Amlodipine 10mg (LifeSpring Pharma),Cardiovascular,4,0.402,0.884,2.094,2.048,0.1071,0.1071,37.33,13.67,0,0,0,0.0,1.622,LOW,LOW,0.0,37.3 days of cover: 4 units in stock at expected demand of 0.11 units/day,highly variable weekly demand (CV 1.62)
BR002,MED270,Aspirin 75mg (Aarogya Formulations),Cardiovascular,26,7.539,15.616,35.097,17.857,1.2143,1.2143,21.41,10.19,0,2,4,0.00822,0.433,LOW,LOW,0.0,21.4 days of cover: 26 units in stock at expected demand of 1.21 units/day,
BR002,MED271,Aspirin 75mg (ApexLife Pharma),Cardiovascular,8,0.751,1.733,4.282,3.049,0.1429,0.1429,56.0,18.37,0,0,2,0.00411,1.402,LOW,LOW,0.0,56.0 days of cover: 8 units in stock at expected demand of 0.14 units/day,highly variable weekly demand (CV 1.40)
BR002,MED272,Aspirin 75mg (BlueCrest Pharma),Cardiovascular,69,32.189,65.662,141.98,42.508,4.75,4.75,14.53,11.36,0,0,4,0.01644,0.321,LOW,LOW,0.0,14.5 days of cover: 69 units in stock at expected demand of 4.75 units/day,
BR002,MED274,Aspirin 75mg (LifeSpring Pharma),Cardiovascular,15,0.66,1.423,3.257,2.307,0.1429,0.1429,105.0,45.51,0,0,0,0.0,3.739,LOW,LOW,0.0,105.0 days of cover: 15 units in stock at expected demand of 0.14 units/day,highly variable weekly demand (CV 3.74)
BR002,MED275,Aspirin 75mg (NovaMed Laboratories),Cardiovascular,7,0.66,1.491,3.586,2.307,0.1429,0.1429,49.0,21.24,0,0,0,0.0,1.194,LOW,LOW,0.0,49.0 days of cover: 7 units in stock at expected demand of 0.14 units/day,highly variable weekly demand (CV 1.19)
BR002,MED276,Aspirin 75mg (Stellar Formulations),Cardiovascular,56,12.123,24.905,53.306,22.442,1.7143,1.7319,32.34,17.47,0,0,0,0.0,0.483,LOW,LOW,0.0,32.3 days of cover: 56 units in stock at expected demand of 1.73 units/day,
BR002,MED277,Aspirin 150mg,Cardiovascular,6,0.655,1.601,4.18,2.301,0.2143,0.2143,28.0,18.25,0,0,2,0.0137,2.054,LOW,LOW,0.0,28.0 days of cover: 6 units in stock at expected demand of 0.21 units/day,highly variable weekly demand (CV 2.05)
BR002,MED278,Aspirin 150mg (CarePlus Laboratories),Cardiovascular,18,4.551,9.868,23.61,10.045,0.75,0.75,24.0,12.54,0,3,7,0.01781,0.524,LOW,LOW,0.0,24.0 days of cover: 18 units in stock at expected demand of 0.75 units/day,
BR002,MED280,Aspirin 150mg (TrueLife Remedies),Cardiovascular,25,5.61,12.477,26.874,11.104,0.6786,0.8014,31.19,15.76,0,0,1,0.00137,0.542,LOW,LOW,0.0,31.2 days of cover: 25 units in stock at expected demand of 0.80 units/day,
BR002,MED281,Atorvastatin 10mg (Aarogya Formulations),Cardiovascular,5,0.515,1.055,2.487,2.162,0.1071,0.1071,46.67,16.19,0,0,0,0.0,1.419,LOW,LOW,0.0,46.7 days of cover: 5 units in stock at expected demand of 0.11 units/day,highly variable weekly demand (CV 1.42)
BR002,MED282,Atorvastatin 10mg (ApexLife Pharma),Cardiovascular,9,1.896,4.189,10.573,5.344,0.5357,0.5357,16.8,11.79,0,0,0,0.0,0.97,LOW,LOW,0.0,16.8 days of cover: 9 units in stock at expected demand of 0.54 units/day,
BR002,MED284,Atorvastatin 10mg (Summit Lifesciences),Cardiovascular,42,8.081,16.949,36.675,18.4,0.8571,1.1544,36.38,15.98,0,0,1,0.00137,0.56,LOW,LOW,0.0,36.4 days of cover: 42 units in stock at expected demand of 1.15 units/day,
BR002,MED286,Atorvastatin 20mg (BlueCrest Pharma),Cardiovascular,17,3.834,7.912,18.016,9.328,0.6071,0.6071,28.0,12.76,0,2,5,0.01507,0.689,LOW,LOW,0.0,28.0 days of cover: 17 units in stock at expected demand of 0.61 units/day,
BR002,MED287,Atorvastatin 20mg (CarePlus Laboratories),Cardiovascular,18,5.306,10.688,24.939,10.8,0.7857,0.7857,22.91,11.67,0,1,3,0.01644,0.82,LOW,LOW,0.0,22.9 days of cover: 18 units in stock at expected demand of 0.79 units/day,
BR002,MED289,Atorvastatin 40mg (CureLine Healthcare),Cardiovascular,12,0.603,1.428,3.079,2.249,0.0,0.0861,139.3,37.35,0,4,2,0.01507,1.854,LOW,LOW,0.0,139.3 days of cover: 12 units in stock at expected demand of 0.09 units/day,highly variable weekly demand (CV 1.85)
BR002,MED290,Atorvastatin 40mg (LifeSpring Pharma),Cardiovascular,17,0.626,1.332,3.855,2.272,0.1071,0.1071,158.67,52.38,0,0,0,0.0,2.417,LOW,LOW,0.0,158.7 days of cover: 17 units in stock at expected demand of 0.11 units/day,highly variable weekly demand (CV 2.42)
BR002,MED291,Atorvastatin 40mg (VitaCure Remedies),Cardiovascular,9,0.651,1.56,3.81,2.297,0.0714,0.093,96.77,27.43,0,0,1,0.00274,1.116,LOW,LOW,0.0,96.8 days of cover: 9 units in stock at expected demand of 0.09 units/day,highly variable weekly demand (CV 1.12)
BR002,MED292,Clopidogrel 75mg (Aarogya Formulations),Cardiovascular,18,6.274,13.517,30.113,16.593,1.0357,1.0357,17.38,7.59,0,0,3,0.00822,0.581,LOW,LOW,0.0,17.4 days of cover: 18 units in stock at expected demand of 1.04 units/day,
BR002,MED293,Clopidogrel 75mg (BlueCrest Pharma),Cardiovascular,12,0.785,1.841,4.495,3.084,0.2143,0.2143,56.0,27.24,0,0,0,0.0,0.895,LOW,LOW,0.0,56.0 days of cover: 12 units in stock at expected demand of 0.21 units/day,
BR002,MED294,Clopidogrel 75mg (CureLine Healthcare),Cardiovascular,30,0.713,1.493,3.786,3.011,0.0,0.1019,294.53,69.74,0,0,0,0.0,1.617,LOW,LOW,0.0,294.5 days of cover: 30 units in stock at expected demand of 0.10 units/day,highly variable weekly demand (CV 1.62)
BR002,MED295,Clopidogrel 75mg (NovaMed Laboratories),Cardiovascular,9,1.124,2.385,5.546,4.572,0.3929,0.3929,22.91,13.78,0,0,0,0.0,1.422,LOW,LOW,0.0,22.9 days of cover: 9 units in stock at expected demand of 0.39 units/day,highly variable weekly demand (CV 1.42)
BR002,MED296,Clopidogrel 75mg (Stellar Formulations),Cardiovascular,7,1.286,2.763,7.396,4.734,0.3571,0.3571,19.6,10.35,0,0,1,0.00411,1.083,LOW,LOW,0.0,19.6 days of cover: 7 units in stock at expected demand of 0.36 units/day,highly variable weekly demand (CV 1.08)
BR002,MED297,Losartan 50mg (Aarogya Formulations),Cardiovascular,12,0.639,1.465,3.308,2.285,0.1071,0.1071,112.0,36.76,0,0,0,0.0,1.759,LOW,LOW,0.0,112.0 days of cover: 12 units in stock at expected demand of 0.11 units/day,highly variable weekly demand (CV 1.76)
BR002,MED298,Losartan 50mg (CarePlus Laboratories),Cardiovascular,12,1.028,2.236,5.68,3.326,0.3214,0.3214,37.33,25.26,0,0,0,0.0,1.306,LOW,LOW,0.0,37.3 days of cover: 12 units in stock at expected demand of 0.32 units/day,highly variable weekly demand (CV 1.31)
BR002,MED300,Losartan 25mg,Cardiovascular,9,0.697,1.462,3.875,2.995,0.1071,0.1071,84.0,21.04,0,0,1,0.00548,1.785,LOW,LOW,0.0,84.0 days of cover: 9 units in stock at expected demand of 0.11 units/day,highly variable weekly demand (CV 1.78)
BR002,MED303,Losartan 25mg (NovaMed Laboratories),Cardiovascular,11,0.694,1.517,3.544,2.993,0.1071,0.1071,102.67,25.73,0,0,4,0.01781,1.53,LOW,LOW,0.0,102.7 days of cover: 11 units in stock at expected demand of 0.11 units/day,highly variable weekly demand (CV 1.53)
BR002,MED304,Losartan 25mg (Summit Lifesciences),Cardiovascular,8,0.656,1.446,3.73,2.302,0.1071,0.1071,74.67,24.33,0,3,2,0.00685,2.09,LOW,LOW,0.0,74.7 days of cover: 8 units in stock at expected demand of 0.11 units/day,highly variable weekly demand (CV 2.09)
BR002,MED305,Losartan 25mg (TrueLife Remedies),Cardiovascular,14,5.199,11.159,27.053,10.693,0.9286,0.9286,15.08,9.16,0,2,4,0.0137,0.453,LOW,LOW,0.0,15.1 days of cover: 14 units in stock at expected demand of 0.93 units/day,
BR002,MED308,Metoprolol 50mg (CureLine Healthcare),Cardiovascular,24,4.871,9.68,20.6,10.365,0.4643,0.6959,34.49,16.21,0,5,3,0.01096,0.734,LOW,LOW,0.0,34.5 days of cover: 24 units in stock at expected demand of 0.70 units/day,
BR002,MED309,Metoprolol 50mg (NovaMed Laboratories),Cardiovascular,13,1.111,2.589,6.082,4.559,0.2857,0.2857,45.5,19.96,0,0,0,0.0,1.256,LOW,LOW,0.0,45.5 days of cover: 13 units in stock at expected demand of 0.29 units/day,highly variable weekly demand (CV 1.26)
BR002,MED311,Metoprolol 25mg (CureLine Healthcare),Cardiovascular,42,7.628,16.784,32.142,17.947,0.7143,1.0897,38.54,16.38,0,6,6,0.02192,0.604,LOW,LOW,0.0,38.5 days of cover: 42 units in stock at expected demand of 1.09 units/day,
BR002,MED312,Metoprolol 25mg (HealthAxis Pharma),Cardiovascular,25,1.551,3.135,8.928,5.0,0.3214,0.3214,77.78,35.0,0,0,0,0.0,1.261,LOW,LOW,0.0,77.8 days of cover: 25 units in stock at expected demand of 0.32 units/day,highly variable weekly demand (CV 1.26)
BR002,MED313,Metoprolol 25mg (LifeSpring Pharma),Cardiovascular,7,1.111,2.625,5.898,4.559,0.2143,0.2143,32.67,10.75,0,0,1,0.00411,1.499,LOW,LOW,0.0,32.7 days of cover: 7 units in stock at expected demand of 0.21 units/day,highly variable weekly demand (CV 1.50)
BR002,MED315,Rosuvastatin 10mg (NovaMed Laboratories),Cardiovascular,21,0.547,1.255,3.179,2.194,0.0,0.0781,268.74,67.0,0,0,0,0.0,3.159,LOW,LOW,0.0,268.7 days of cover: 21 units in stock at expected demand of 0.08 units/day,highly variable weekly demand (CV 3.16)
BR002,MED317,Rosuvastatin 5mg,Cardiovascular,20,0.724,1.699,3.952,3.022,0.0,0.1034,193.37,46.33,0,0,2,0.00411,1.035,LOW,LOW,0.0,193.4 days of cover: 20 units in stock at expected demand of 0.10 units/day,highly variable weekly demand (CV 1.03)
BR002,MED318,Rosuvastatin 5mg (BlueCrest Pharma),Cardiovascular,11,0.53,1.141,2.54,2.177,0.1071,0.1071,102.67,35.37,0,0,0,0.0,1.949,LOW,LOW,0.0,102.7 days of cover: 11 units in stock at expected demand of 0.11 units/day,highly variable weekly demand (CV 1.95)
BR002,MED321,Rosuvastatin 5mg (VitaCure Remedies),Cardiovascular,14,0.752,1.803,3.181,3.05,0.1429,0.1429,98.0,32.13,0,0,1,0.00411,1.442,LOW,LOW,0.0,98.0 days of cover: 14 units in stock at expected demand of 0.14 units/day,highly variable weekly demand (CV 1.44)
BR002,MED323,Rosuvastatin 20mg (NovaMed Laboratories),Cardiovascular,19,1.21,2.551,6.247,4.658,0.2143,0.2143,88.67,28.55,0,0,2,0.02329,1.169,LOW,LOW,0.0,88.7 days of cover: 19 units in stock at expected demand of 0.21 units/day,highly variable weekly demand (CV 1.17)
BR002,MED325,Rosuvastatin 20mg (Summit Lifesciences),Cardiovascular,15,1.05,2.507,5.96,4.499,0.1786,0.1786,84.0,23.34,0,0,0,0.0,1.46,LOW,LOW,0.0,84.0 days of cover: 15 units in stock at expected demand of 0.18 units/day,highly variable weekly demand (CV 1.46)
BR002,MED328,Telmisartan 40mg (CureLine Healthcare),Cardiovascular,9,0.619,1.487,3.512,2.266,0.1429,0.1429,63.0,27.8,0,0,0,0.0,1.96,LOW,LOW,0.0,63.0 days of cover: 9 units in stock at expected demand of 0.14 units/day,highly variable weekly demand (CV 1.96)
BR002,MED329,Telmisartan 40mg (NovaMed Laboratories),Cardiovascular,57,24.885,52.009,115.045,35.204,3.7143,3.7143,15.35,11.33,0,0,2,0.01096,0.276,LOW,LOW,0.0,15.3 days of cover: 57 units in stock at expected demand of 3.71 units/day,
BR002,MED330,Telmisartan 40mg (Stellar Formulations),Cardiovascular,11,1.356,2.715,6.415,4.804,0.2857,0.2857,38.5,16.03,0,0,3,0.01096,1.528,LOW,LOW,0.0,38.5 days of cover: 11 units in stock at expected demand of 0.29 units/day,highly variable weekly demand (CV 1.53)
BR002,MED331,Telmisartan 40mg (VitaCure Remedies),Cardiovascular,10,0.738,1.546,4.242,3.036,0.1071,0.1071,93.33,23.06,0,1,3,0.01781,1.184,LOW,LOW,0.0,93.3 days of cover: 10 units in stock at expected demand of 0.11 units/day,highly variable weekly demand (CV 1.18)
BR002,MED334,Telmisartan 20mg (LifeSpring Pharma),Cardiovascular,15,1.184,2.767,6.296,4.632,0.2143,0.2143,70.0,22.67,0,0,1,0.00822,1.172,LOW,LOW,0.0,70.0 days of cover: 15 units in stock at expected demand of 0.21 units/day,highly variable weekly demand (CV 1.17)
BR002,MED336,Telmisartan 80mg,Cardiovascular,10,1.211,2.881,6.94,4.659,0.3571,0.3571,28.0,15.02,0,0,2,0.00959,1.132,LOW,LOW,0.0,28.0 days of cover: 10 units in stock at expected demand of 0.36 units/day,highly variable weekly demand (CV 1.13)
BR002,MED337,Telmisartan 80mg (ApexLife Pharma),Cardiovascular,11,1.009,2.316,5.575,3.308,0.2143,0.2143,51.33,23.28,0,1,1,0.00137,0.949,LOW,LOW,0.0,51.3 days of cover: 11 units in stock at expected demand of 0.21 units/day,
BR002,MED338,Telmisartan 80mg (BlueCrest Pharma),Cardiovascular,59,13.27,26.892,59.212,23.589,2.0357,2.0357,28.98,17.51,0,0,1,0.00137,0.41,LOW,LOW,0.0,29.0 days of cover: 59 units in stock at expected demand of 2.04 units/day,
BR002,MED339,Telmisartan 80mg (CureLine Healthcare),Cardiovascular,12,0.692,1.486,3.962,2.99,0.0357,0.0989,121.39,28.09,0,0,3,0.01096,1.428,LOW,LOW,0.0,121.4 days of cover: 12 units in stock at expected demand of 0.10 units/day,highly variable weekly demand (CV 1.43)
BR002,MED340,Telmisartan 80mg (NovaMed Laboratories),Cardiovascular,7,1.119,2.707,6.359,4.567,0.25,0.25,28.0,10.73,0,0,2,0.00685,1.014,LOW,LOW,0.0,28.0 days of cover: 7 units in stock at expected demand of 0.25 units/day,highly variable weekly demand (CV 1.01)
BR002,MED342,Telmisartan 80mg (Summit Lifesciences),Cardiovascular,16,4.356,9.818,22.795,9.85,0.7857,0.7857,20.36,11.37,0,0,5,0.02192,0.813,LOW,LOW,0.0,20.4 days of cover: 16 units in stock at expected demand of 0.79 units/day,
BR002,MED343,Telmisartan 80mg (TrueLife Remedies),Cardiovascular,11,2.45,5.515,12.904,7.944,0.5714,0.5714,19.25,9.69,0,0,0,0.0,0.557,LOW,LOW,0.0,19.2 days of cover: 11 units in stock at expected demand of 0.57 units/day,
BR002,MED344,Gliclazide 80mg (Aarogya Formulations),Antidiabetic,22,8.611,18.514,41.303,18.929,1.5714,1.5714,14.0,8.14,0,0,1,0.00137,0.422,LOW,LOW,0.0,14.0 days of cover: 22 units in stock at expected demand of 1.57 units/day,
BR002,MED345,Gliclazide 80mg (BlueCrest Pharma),Antidiabetic,16,1.716,4.391,9.049,5.165,0.25,0.25,64.0,21.68,0,0,1,0.00411,1.035,LOW,LOW,0.0,64.0 days of cover: 16 units in stock at expected demand of 0.25 units/day,highly variable weekly demand (CV 1.03)
BR002,MED346,Gliclazide 80mg (CarePlus Laboratories),Antidiabetic,14,5.059,11.253,25.658,10.552,0.9643,0.9643,14.52,9.29,0,0,2,0.00548,0.688,LOW,LOW,0.0,14.5 days of cover: 14 units in stock at expected demand of 0.96 units/day,
BR002,MED347,Gliclazide 80mg (LifeSpring Pharma),Antidiabetic,12,2.757,5.639,13.241,8.25,0.5,0.5,24.0,10.18,0,0,3,0.00822,1.054,LOW,LOW,0.0,24.0 days of cover: 12 units in stock at expected demand of 0.50 units/day,highly variable weekly demand (CV 1.05)
BR002,MED348,Gliclazide 80mg (TrueLife Remedies),Antidiabetic,11,0.421,0.9,2.202,2.068,0.0,0.0601,182.9,37.23,0,0,0,0.0,2.116,LOW,LOW,0.0,182.9 days of cover: 11 units in stock at expected demand of 0.06 units/day,highly variable weekly demand (CV 2.12)
BR002,MED349,Gliclazide 40mg,Antidiabetic,17,2.384,5.43,11.966,7.878,0.3571,0.3571,47.6,15.11,0,0,3,0.00685,0.627,LOW,LOW,0.0,47.6 days of cover: 17 units in stock at expected demand of 0.36 units/day,
BR002,MED350,Gliclazide 40mg (BlueCrest Pharma),Antidiabetic,6,0.493,1.007,2.467,2.14,0.1071,0.1071,56.0,19.63,0,0,0,0.0,1.879,LOW,LOW,0.0,56.0 days of cover: 6 units in stock at expected demand of 0.11 units/day,highly variable weekly demand (CV 1.88)
BR002,MED351,Gliclazide 40mg (Lumina Pharma),Antidiabetic,14,1.523,2.8,7.104,4.971,0.3571,0.3571,39.2,19.71,1,1,5,0.00822,0.932,LOW,LOW,0.0,39.2 days of cover: 14 units in stock at expected demand of 0.36 units/day,
BR002,MED352,Gliclazide 40mg (NovaMed Laboratories),Antidiabetic,17,0.58,1.174,2.875,2.226,0.0357,0.0829,205.17,53.46,0,0,0,0.0,2.824,LOW,LOW,0.0,205.2 days of cover: 17 units in stock at expected demand of 0.08 units/day,highly variable weekly demand (CV 2.82)
BR002,MED353,Gliclazide 40mg (Stellar Formulations),Antidiabetic,13,0.885,2.039,4.263,3.184,0.1071,0.1264,102.82,28.58,0,4,2,0.01233,1.797,LOW,LOW,0.0,102.8 days of cover: 13 units in stock at expected demand of 0.13 units/day,highly variable weekly demand (CV 1.80)
BR002,MED356,Glimepiride 2mg (CarePlus Laboratories),Antidiabetic,23,3.917,9.952,18.662,9.411,0.5,0.5596,41.1,17.11,0,0,3,0.0137,0.785,LOW,LOW,0.0,41.1 days of cover: 23 units in stock at expected demand of 0.56 units/day,
BR002,MED357,Glimepiride 2mg (Stellar Formulations),Antidiabetic,16,4.738,10.523,23.881,10.232,0.8571,0.8571,18.67,10.95,0,0,2,0.01096,0.463,LOW,LOW,0.0,18.7 days of cover: 16 units in stock at expected demand of 0.86 units/day,
BR002,MED358,Glimepiride 2mg (VitaCure Remedies),Antidiabetic,29,8.604,18.074,40.992,18.923,1.5,1.5,19.33,10.73,0,0,3,0.01644,0.611,LOW,LOW,0.0,19.3 days of cover: 29 units in stock at expected demand of 1.50 units/day,
BR002,MED359,Glimepiride 1mg,Antidiabetic,9,0.412,0.878,1.994,2.058,0.0,0.0589,152.91,30.61,0,0,0,0.0,3.792,LOW,LOW,0.0,152.9 days of cover: 9 units in stock at expected demand of 0.06 units/day,highly variable weekly demand (CV 3.79)
BR002,MED360,Glimepiride 1mg (CarePlus Laboratories),Antidiabetic,20,5.985,12.695,29.836,11.478,1.4286,1.4286,14.0,12.2,1,1,4,0.00822,0.507,LOW,LOW,0.0,14.0 days of cover: 20 units in stock at expected demand of 1.43 units/day,
BR002,MED363,Glimepiride 1mg (Summit Lifesciences),Antidiabetic,20,1.172,2.851,7.271,4.62,0.25,0.25,80.0,30.3,0,0,0,0.0,0.962,LOW,LOW,0.0,80.0 days of cover: 20 units in stock at expected demand of 0.25 units/day,
BR002,MED364,Glimepiride 1mg (TrueLife Remedies),Antidiabetic,37,9.037,18.216,37.644,19.356,1.3571,1.3571,27.26,13.38,0,1,7,0.02466,0.506,LOW,LOW,0.0,27.3 days of cover: 37 units in stock at expected demand of 1.36 units/day,
BR002,MED365,Glimepiride 3mg,Antidiabetic,10,0.92,2.025,4.599,3.218,0.1429,0.1429,70.0,21.75,0,0,2,0.0137,1.5,LOW,LOW,0.0,70.0 days of cover: 10 units in stock at expected demand of 0.14 units/day,highly variable weekly demand (CV 1.50)
BR002,MED366,Glimepiride 3mg (ApexLife Pharma),Antidiabetic,32,7.609,17.181,37.924,17.928,1.6071,1.6071,19.91,12.49,1,1,3,0.00685,0.585,LOW,LOW,0.0,19.9 days of cover: 32 units in stock at expected demand of 1.61 units/day,
BR002,MED367,Glimepiride 3mg (CureLine Healthcare),Antidiabetic,19,1.258,2.77,6.063,4.706,0.25,0.25,76.0,28.26,0,0,0,0.0,1.212,LOW,LOW,0.0,76.0 days of cover: 19 units in stock at expected demand of 0.25 units/day,highly variable weekly demand (CV 1.21)
BR002,MED368,Glimepiride 3mg (NovaMed Laboratories),Antidiabetic,24,1.039,2.565,6.261,3.337,0.1429,0.1484,161.69,50.34,0,0,0,0.0,1.918,LOW,LOW,0.0,161.7 days of cover: 24 units in stock at expected demand of 0.15 units/day,highly variable weekly demand (CV 1.92)
BR002,MED369,Glimepiride 3mg (Stellar Formulations),Antidiabetic,11,3.934,8.657,20.507,9.428,0.7857,0.7857,14.0,8.17,0,0,1,0.00137,1.038,LOW,LOW,0.0,14.0 days of cover: 11 units in stock at expected demand of 0.79 units/day,highly variable weekly demand (CV 1.04)
BR002,MED370,Glimepiride 3mg (Summit Lifesciences),Antidiabetic,13,1.05,2.007,4.562,4.498,0.25,0.25,52.0,20.23,0,0,0,0.0,1.507,LOW,LOW,0.0,52.0 days of cover: 13 units in stock at expected demand of 0.25 units/day,highly variable weekly demand (CV 1.51)
BR002,MED371,Glimepiride 3mg (TrueLife Remedies),Antidiabetic,5,0.517,1.243,2.716,2.163,0.0357,0.0739,67.7,16.18,0,0,1,0.01507,1.76,LOW,LOW,0.0,67.7 days of cover: 5 units in stock at expected demand of 0.07 units/day,highly variable weekly demand (CV 1.76)
BR002,MED372,Glimepiride 3mg (VitaCure Remedies),Antidiabetic,9,2.403,5.071,12.006,7.897,0.4286,0.4286,21.0,7.98,0,0,3,0.00959,1.017,LOW,LOW,0.0,21.0 days of cover: 9 units in stock at expected demand of 0.43 units/day,highly variable weekly demand (CV 1.02)
BR002,MED373,Glimepiride + Metformin 2mg/500mg (Aarogya Formulations),Antidiabetic,9,0.695,1.588,3.671,2.993,0.0714,0.0993,90.65,21.05,0,0,2,0.00959,1.298,LOW,LOW,0.0,90.6 days of cover: 9 units in stock at expected demand of 0.10 units/day,highly variable weekly demand (CV 1.30)
BR002,MED374,Glimepiride + Metformin 2mg/500mg (Stellar Formulations),Antidiabetic,12,2.201,4.44,9.577,7.695,0.4286,0.4286,28.0,10.92,0,1,5,0.0137,0.701,LOW,LOW,0.0,28.0 days of cover: 12 units in stock at expected demand of 0.43 units/day,
BR002,MED375,Glimepiride + Metformin 2mg/500mg (Summit Lifesciences),Antidiabetic,7,0.855,1.966,4.637,3.153,0.1786,0.1786,39.2,15.54,0,0,2,0.00411,1.402,LOW,LOW,0.0,39.2 days of cover: 7 units in stock at expected demand of 0.18 units/day,highly variable weekly demand (CV 1.40)
BR002,MED376,Glimepiride + Metformin 1mg/500mg,Antidiabetic,22,1.437,3.875,8.517,4.885,0.1429,0.2053,107.17,31.53,0,0,1,0.00959,0.835,LOW,LOW,0.0,107.2 days of cover: 22 units in stock at expected demand of 0.21 units/day,
BR002,MED377,Glimepiride + Metformin 1mg/500mg (CarePlus Laboratories),Antidiabetic,8,0.973,2.245,5.321,3.271,0.3214,0.3214,24.89,17.12,0,0,0,0.0,1.067,LOW,LOW,0.0,24.9 days of cover: 8 units in stock at expected demand of 0.32 units/day,highly variable weekly demand (CV 1.07)
BR002,MED378,Glimepiride + Metformin 1mg/500mg (Stellar Formulations),Antidiabetic,17,1.998,4.56,10.569,5.447,0.5357,0.5357,31.73,21.85,0,0,0,0.0,0.86,LOW,LOW,0.0,31.7 days of cover: 17 units in stock at expected demand of 0.54 units/day,
BR002,MED379,Glimepiride + Metformin 1mg/500mg (Summit Lifesciences),Antidiabetic,14,1.868,4.072,9.417,5.316,0.5,0.5,28.0,18.43,0,0,0,0.0,1.139,LOW,LOW,0.0,28.0 days of cover: 14 units in stock at expected demand of 0.50 units/day,highly variable weekly demand (CV 1.14)
BR002,MED380,Glimepiride + Metformin 1mg/500mg (VitaCure Remedies),Antidiabetic,41,8.587,18.471,39.943,18.905,1.1786,1.2267,33.42,15.18,0,0,1,0.00548,0.514,LOW,LOW,0.0,33.4 days of cover: 41 units in stock at expected demand of 1.23 units/day,
BR002,MED382,Metformin 500mg (CureLine Healthcare),Antidiabetic,6,1.337,2.658,7.52,4.785,0.3571,0.3571,16.8,8.78,0,0,1,0.00548,1.077,LOW,LOW,0.0,16.8 days of cover: 6 units in stock at expected demand of 0.36 units/day,highly variable weekly demand (CV 1.08)
BR002,MED387,Metformin 850mg (Stellar Formulations),Antidiabetic,8,0.75,1.591,3.558,3.049,0.1786,0.1786,44.8,18.37,0,0,0,0.0,1.296,LOW,LOW,0.0,44.8 days of cover: 8 units in stock at expected demand of 0.18 units/day,highly variable weekly demand (CV 1.30)
BR002,MED388,Metformin 850mg (VitaCure Remedies),Antidiabetic,10,0.582,1.297,3.308,2.229,0.0714,0.0831,120.27,31.4,0,0,0,0.0,1.402,LOW,LOW,0.0,120.3 days of cover: 10 units in stock at expected demand of 0.08 units/day,highly variable weekly demand (CV 1.40)
BR002,MED389,Metformin 1000mg,Antidiabetic,15,1.298,2.936,6.625,4.746,0.1429,0.1854,80.89,22.12,0,0,2,0.00685,1.275,LOW,LOW,0.0,80.9 days of cover: 15 units in stock at expected demand of 0.19 units/day,highly variable weekly demand (CV 1.28)
BR002,MED393,Metformin 1000mg (TrueLife Remedies),Antidiabetic,6,1.275,2.805,7.657,4.723,0.3571,0.3571,16.8,8.89,0,0,3,0.00959,0.882,LOW,LOW,0.0,16.8 days of cover: 6 units in stock at expected demand of 0.36 units/day,
BR002,MED394,Sitagliptin 100mg (BlueCrest Pharma),Antidiabetic,4,0.697,1.636,3.918,2.996,0.2857,0.2857,14.0,9.35,0,4,1,0.00548,1.463,LOW,LOW,0.0,14.0 days of cover: 4 units in stock at expected demand of 0.29 units/day,highly variable weekly demand (CV 1.46)
BR002,MED395,Sitagliptin 100mg (CarePlus Laboratories),Antidiabetic,32,7.792,16.915,36.807,18.111,1.1786,1.1786,27.15,12.37,0,0,2,0.00548,0.442,LOW,LOW,0.0,27.2 days of cover: 32 units in stock at expected demand of 1.18 units/day,
BR002,MED397,Sitagliptin 50mg,Antidiabetic,34,4.488,11.065,21.546,9.982,0.4286,0.6411,53.03,23.84,0,0,1,0.00411,0.876,LOW,LOW,0.0,53.0 days of cover: 34 units in stock at expected demand of 0.64 units/day,
BR002,MED399,Sitagliptin 50mg (BlueCrest Pharma),Antidiabetic,56,16.941,34.656,75.709,27.26,2.4643,2.4643,22.72,14.38,0,0,3,0.00822,0.501,LOW,LOW,0.0,22.7 days of cover: 56 units in stock at expected demand of 2.46 units/day,
BR002,MED400,Sitagliptin 50mg (Crestview Pharma),Antidiabetic,9,0.809,1.744,3.797,3.107,0.2143,0.2143,42.0,20.28,0,0,0,0.0,1.122,LOW,LOW,0.0,42.0 days of cover: 9 units in stock at expected demand of 0.21 units/day,highly variable weekly demand (CV 1.12)
BR002,MED401,Sitagliptin 50mg (HealthAxis Pharma),Antidiabetic,17,0.7,1.601,3.761,2.998,0.0714,0.1,170.0,39.69,0,0,0,0.0,1.236,LOW,LOW,0.0,170.0 days of cover: 17 units in stock at expected demand of 0.10 units/day,highly variable weekly demand (CV 1.24)
BR002,MED402,Sitagliptin 50mg (NovaMed Laboratories),Antidiabetic,12,4.64,9.946,23.219,10.134,0.8214,0.8214,14.61,8.29,0,0,2,0.00959,0.656,LOW,LOW,0.0,14.6 days of cover: 12 units in stock at expected demand of 0.82 units/day,
BR002,MED403,Sitagliptin 50mg (Stellar Formulations),Antidiabetic,10,2.101,4.694,11.469,5.549,0.3929,0.3929,25.45,12.61,0,0,3,0.00959,1.055,LOW,LOW,0.0,25.5 days of cover: 10 units in stock at expected demand of 0.39 units/day,highly variable weekly demand (CV 1.05)
BR002,MED404,Sitagliptin 50mg (Summit Lifesciences),Antidiabetic,17,0.708,1.595,3.76,3.007,0.0714,0.1011,168.08,39.57,0,0,0,0.0,1.461,LOW,LOW,0.0,168.1 days of cover: 17 units in stock at expected demand of 0.10 units/day,highly variable weekly demand (CV 1.46)
BR002,MED405,Sitagliptin 50mg (TrueLife Remedies),Antidiabetic,11,0.421,0.9,2.202,2.068,0.0,0.0601,182.9,37.23,0,0,0,0.0,1.386,LOW,LOW,0.0,182.9 days of cover: 11 units in stock at expected demand of 0.06 units/day,highly variable weekly demand (CV 1.39)
BR002,MED406,Ambroxol + Levosalbutamol Syrup 100ml (Aarogya Formulations),Respiratory,10,0.491,1.061,2.657,2.138,0.0357,0.0701,142.57,32.74,0,0,1,0.00137,1.477,LOW,LOW,0.0,142.6 days of cover: 10 units in stock at expected demand of 0.07 units/day,highly variable weekly demand (CV 1.48)
BR002,MED407,Ambroxol + Levosalbutamol Syrup 100ml (NovaMed Laboratories),Respiratory,31,7.184,14.75,33.47,17.503,1.0357,1.0357,29.93,12.4,0,0,3,0.01507,0.653,LOW,LOW,0.0,29.9 days of cover: 31 units in stock at expected demand of 1.04 units/day,
BR002,MED408,Ambroxol + Levosalbutamol Syrup 100ml (Summit Lifesciences),Respiratory,9,0.852,1.717,4.083,3.15,0.1786,0.1786,50.4,20.0,0,0,0,0.0,1.437,LOW,LOW,0.0,50.4 days of cover: 9 units in stock at expected demand of 0.18 units/day,highly variable weekly demand (CV 1.44)
BR002,MED409,Ambroxol + Levosalbutamol Syrup 100ml (VitaCure Remedies),Respiratory,13,0.732,1.652,3.361,3.03,0.1786,0.1786,72.8,30.03,0,0,0,0.0,1.625,LOW,LOW,0.0,72.8 days of cover: 13 units in stock at expected demand of 0.18 units/day,highly variable weekly demand (CV 1.62)
BR002,MED410,Ambroxol + Levosalbutamol Syrup 60ml,Respiratory,18,0.798,1.909,4.732,3.097,0.1429,0.1429,126.0,40.68,0,0,0,0.0,1.115,LOW,LOW,0.0,126.0 days of cover: 18 units in stock at expected demand of 0.14 units/day,highly variable weekly demand (CV 1.12)
BR002,MED411,Ambroxol + Levosalbutamol Syrup 60ml (NovaMed Laboratories),Respiratory,17,4.899,9.415,22.144,10.393,0.75,0.75,22.67,11.45,0,2,5,0.0137,0.525,LOW,LOW,0.0,22.7 days of cover: 17 units in stock at expected demand of 0.75 units/day,
BR002,MED412,Budesonide Inhaler 200mcg (ApexLife Pharma),Respiratory,11,0.712,1.423,3.668,3.01,0.1429,0.1429,77.0,25.58,0,0,0,0.0,1.281,LOW,LOW,0.0,77.0 days of cover: 11 units in stock at expected demand of 0.14 units/day,highly variable weekly demand (CV 1.28)
BR002,MED413,Budesonide Inhaler 200mcg (BlueCrest Pharma),Respiratory,7,0.381,0.824,1.809,2.027,0.0357,0.0544,128.61,24.17,0,0,0,0.0,1.402,LOW,LOW,0.0,128.6 days of cover: 7 units in stock at expected demand of 0.05 units/day,highly variable weekly demand (CV 1.40)
BR002,MED414,Budesonide Inhaler 200mcg (VitaCure Remedies),Respiratory,12,0.703,1.545,3.622,3.001,0.1429,0.1429,84.0,27.99,0,0,0,0.0,1.236,LOW,LOW,0.0,84.0 days of cover: 12 units in stock at expected demand of 0.14 units/day,highly variable weekly demand (CV 1.24)
BR002,MED416,Dextromethorphan Syrup 100ml (HealthAxis Pharma),Respiratory,22,6.733,13.943,30.095,17.052,1.0,1.0,22.0,9.03,0,0,3,0.01781,0.548,LOW,LOW,0.0,22.0 days of cover: 22 units in stock at expected demand of 1.00 units/day,
BR002,MED418,Dextromethorphan Syrup 100ml (Summit Lifesciences),Respiratory,10,0.996,2.19,4.762,3.294,0.1786,0.1786,56.0,21.25,0,0,1,0.00274,1.252,LOW,LOW,0.0,56.0 days of cover: 10 units in stock at expected demand of 0.18 units/day,highly variable weekly demand (CV 1.25)
BR002,MED419,Dextromethorphan Syrup 100ml (TrueLife Remedies),Respiratory,3,0.418,0.74,2.312,2.065,0.0714,0.0714,42.0,10.17,0,0,1,0.00822,1.063,LOW,LOW,0.0,42.0 days of cover: 3 units in stock at expected demand of 0.07 units/day,highly variable weekly demand (CV 1.06)
BR002,MED421,Montelukast 10mg (LifeSpring Pharma),Respiratory,6,1.156,2.596,6.101,4.604,0.25,0.25,24.0,9.12,0,0,1,0.00137,0.977,LOW,LOW,0.0,24.0 days of cover: 6 units in stock at expected demand of 0.25 units/day,
BR002,MED422,Montelukast 10mg (NovaMed Laboratories),Respiratory,21,0.497,1.047,2.904,2.143,0.0,0.071,295.77,68.6,0,0,0,0.0,1.412,LOW,LOW,0.0,295.8 days of cover: 21 units in stock at expected demand of 0.07 units/day,highly variable weekly demand (CV 1.41)
BR002,MED423,Montelukast 10mg (Summit Lifesciences),Respiratory,18,0.884,2.172,4.973,3.182,0.1429,0.1429,126.0,39.6,0,0,0,0.0,2.007,LOW,LOW,0.0,126.0 days of cover: 18 units in stock at expected demand of 0.14 units/day,highly variable weekly demand (CV 2.01)
BR002,MED424,Montelukast 10mg (TrueLife Remedies),Respiratory,18,1.102,2.3,6.069,4.55,0.1429,0.1574,114.34,27.69,0,0,2,0.00548,1.296,LOW,LOW,0.0,114.3 days of cover: 18 units in stock at expected demand of 0.16 units/day,highly variable weekly demand (CV 1.30)
BR002,MED425,Montelukast 5mg,Respiratory,5,0.813,1.716,4.055,3.112,0.2857,0.2857,17.5,11.25,0,0,0,0.0,1.265,LOW,LOW,0.0,17.5 days of cover: 5 units in stock at expected demand of 0.29 units/day,highly variable weekly demand (CV 1.26)
BR002,MED426,Montelukast 5mg (CarePlus Laboratories),Respiratory,10,0.583,1.185,3.024,2.23,0.1071,0.1071,93.33,31.39,0,0,0,0.0,1.982,LOW,LOW,0.0,93.3 days of cover: 10 units in stock at expected demand of 0.11 units/day,highly variable weekly demand (CV 1.98)
BR002,MED427,Montelukast 5mg (NovaMed Laboratories),Respiratory,16,1.162,2.586,6.215,4.61,0.2143,0.2143,74.67,24.3,0,0,0,0.0,1.181,LOW,LOW,0.0,74.7 days of cover: 16 units in stock at expected demand of 0.21 units/day,highly variable weekly demand (CV 1.18)
BR002,MED428,Montelukast 5mg (Summit Lifesciences),Respiratory,11,1.241,2.761,5.849,4.689,0.2143,0.2143,51.33,16.42,0,0,1,0.00411,2.054,LOW,LOW,0.0,51.3 days of cover: 11 units in stock at expected demand of 0.21 units/day,highly variable weekly demand (CV 2.05)
BR002,MED430,Salbutamol Inhaler 100mcg (Aarogya Formulations),Respiratory,7,0.352,0.745,1.601,1.999,0.0,0.0503,139.2,24.51,0,0,0,0.0,2.007,LOW,LOW,0.0,139.2 days of cover: 7 units in stock at expected demand of 0.05 units/day,highly variable weekly demand (CV 2.01)
BR002,MED433,Salbutamol Inhaler 100mcg (Summit Lifesciences),Respiratory,6,1.181,2.699,6.65,4.629,0.25,0.25,24.0,9.07,0,0,1,0.00274,1.119,LOW,LOW,0.0,24.0 days of cover: 6 units in stock at expected demand of 0.25 units/day,highly variable weekly demand (CV 1.12)
BR002,MED434,Salbutamol Inhaler 100mcg (TrueLife Remedies),Respiratory,12,0.668,1.471,3.613,2.314,0.0714,0.0954,125.75,36.3,0,0,1,0.00548,2.208,LOW,LOW,0.0,125.7 days of cover: 12 units in stock at expected demand of 0.10 units/day,highly variable weekly demand (CV 2.21)
BR002,MED435,Salbutamol Inhaler 100mcg (VitaCure Remedies),Respiratory,11,0.822,1.711,4.092,3.12,0.1786,0.1786,61.6,24.68,0,0,0,0.0,1.039,LOW,LOW,0.0,61.6 days of cover: 11 units in stock at expected demand of 0.18 units/day,highly variable weekly demand (CV 1.04)
BR002,MED436,Salbutamol Inhaler 200mcg,Respiratory,8,2.401,4.706,11.652,7.894,0.5,0.5,16.0,7.09,2,7,7,0.02466,0.989,LOW,LOW,0.0,16.0 days of cover: 8 units in stock at expected demand of 0.50 units/day,
BR002,MED437,Salbutamol Inhaler 200mcg (BlueCrest Pharma),Respiratory,8,0.391,0.829,1.913,2.037,0.0357,0.0559,143.22,27.49,0,0,0,0.0,1.862,LOW,LOW,0.0,143.2 days of cover: 8 units in stock at expected demand of 0.06 units/day,highly variable weekly demand (CV 1.86)
BR002,MED438,Salbutamol Inhaler 200mcg (CarePlus Laboratories),Respiratory,8,0.367,0.722,1.851,2.013,0.0,0.0524,152.59,27.82,0,0,0,0.0,2.824,LOW,LOW,0.0,152.6 days of cover: 8 units in stock at expected demand of 0.05 units/day,highly variable weekly demand (CV 2.82)
BR002,MED440,Salbutamol Inhaler 200mcg (Stellar Formulations),Respiratory,17,0.606,1.401,3.429,2.252,0.0714,0.0866,196.37,52.84,0,0,0,0.0,1.316,LOW,LOW,0.0,196.4 days of cover: 17 units in stock at expected demand of 0.09 units/day,highly variable weekly demand (CV 1.32)
BR002,MED441,Salbutamol Inhaler 200mcg (Summit Lifesciences),Respiratory,8,0.555,1.161,2.744,2.202,0.0714,0.0793,100.9,25.43,0,0,1,0.00959,1.758,LOW,LOW,0.0,100.9 days of cover: 8 units in stock at expected demand of 0.08 units/day,highly variable weekly demand (CV 1.76)
BR002,MED442,Calcium + Vitamin D3 500mg/250IU (Aarogya Formulations),Vitamins,10,0.754,1.79,4.152,3.052,0.1071,0.1077,92.84,22.94,0,0,1,0.00137,1.483,LOW,LOW,0.0,92.8 days of cover: 10 units in stock at expected demand of 0.11 units/day,highly variable weekly demand (CV 1.48)
BR002,MED444,Calcium + Vitamin D3 500mg/250IU (CureLine Healthcare),Vitamins,19,4.686,10.036,21.369,10.179,0.6429,0.6694,28.38,13.07,0,0,2,0.00548,0.769,LOW,LOW,0.0,28.4 days of cover: 19 units in stock at expected demand of 0.67 units/day,
BR002,MED445,Calcium + Vitamin D3 500mg/250IU (HealthAxis Pharma),Vitamins,19,6.598,13.643,31.93,16.917,1.1429,1.1429,16.62,7.86,0,0,1,0.00137,0.503,LOW,LOW,0.0,16.6 days of cover: 19 units in stock at expected demand of 1.14 units/day,
BR002,MED447,Calcium + Vitamin D3 500mg/250IU (Summit Lifesciences),Vitamins,7,1.294,2.55,6.465,4.742,0.2857,0.2857,24.5,10.33,0,4,3,0.00959,1.09,LOW,LOW,0.0,24.5 days of cover: 7 units in stock at expected demand of 0.29 units/day,highly variable weekly demand (CV 1.09)
BR002,MED448,Calcium + Vitamin D3 500mg/250IU (TrueLife Remedies),Vitamins,40,7.444,15.465,33.566,17.763,0.8571,1.0634,37.61,15.76,0,1,6,0.01507,0.401,LOW,LOW,0.0,37.6 days of cover: 40 units in stock at expected demand of 1.06 units/day,
BR002,MED449,Iron + Folic Acid 100mg/500mcg (BlueCrest Pharma),Vitamins,13,0.538,1.242,3.262,2.185,0.0,0.0769,169.14,41.65,0,0,1,0.00959,1.712,LOW,LOW,0.0,169.1 days of cover: 13 units in stock at expected demand of 0.08 units/day,highly variable weekly demand (CV 1.71)
BR002,MED450,Iron + Folic Acid 100mg/500mcg (CarePlus Laboratories),Vitamins,12,1.629,3.906,8.613,5.078,0.3571,0.3571,33.6,16.54,0,0,2,0.01507,0.965,LOW,LOW,0.0,33.6 days of cover: 12 units in stock at expected demand of 0.36 units/day,
BR002,MED451,Iron + Folic Acid 100mg/500mcg (CureLine Healthcare),Vitamins,13,0.688,1.571,3.883,2.986,0.0357,0.0983,132.27,30.48,0,0,1,0.00685,1.648,LOW,LOW,0.0,132.3 days of cover: 13 units in stock at expected demand of 0.10 units/day,highly variable weekly demand (CV 1.65)
BR002,MED452,Iron + Folic Acid 100mg/500mcg (HealthAxis Pharma),Vitamins,19,1.05,1.974,5.467,4.499,0.0714,0.15,126.67,29.56,0,0,4,0.0137,1.23,LOW,LOW,0.0,126.7 days of cover: 19 units in stock at expected demand of 0.15 units/day,highly variable weekly demand (CV 1.23)
BR002,MED453,Iron + Folic Acid 100mg/500mcg (LifeSpring Pharma),Vitamins,12,1.568,3.448,7.651,5.017,0.3929,0.3929,30.55,16.74,1,2,5,0.01507,1.064,LOW,LOW,0.0,30.5 days of cover: 12 units in stock at expected demand of 0.39 units/day,highly variable weekly demand (CV 1.06)
BR002,MED455,Iron + Folic Acid 100mg/500mcg (Summit Lifesciences),Vitamins,7,0.881,1.832,4.419,3.179,0.2143,0.2143,32.67,15.41,0,0,0,0.0,1.495,LOW,LOW,0.0,32.7 days of cover: 7 units in stock at expected demand of 0.21 units/day,highly variable weekly demand (CV 1.49)
BR002,MED456,Iron + Folic Acid 100mg/500mcg (VitaCure Remedies),Vitamins,7,1.792,3.734,8.515,5.24,0.3571,0.3571,19.6,9.35,0,0,1,0.00137,1.071,LOW,LOW,0.0,19.6 days of cover: 7 units in stock at expected demand of 0.36 units/day,highly variable weekly demand (CV 1.07)
BR002,MED457,Multivitamin B-complex+C (BlueCrest Pharma),Vitamins,16,0.445,1.036,2.674,2.092,0.0,0.0636,251.69,53.54,0,0,0,0.0,1.661,LOW,LOW,0.0,251.7 days of cover: 16 units in stock at expected demand of 0.06 units/day,highly variable weekly demand (CV 1.66)
BR002,MED458,Multivitamin B-complex+C (HealthAxis Pharma),Vitamins,10,0.584,1.196,2.915,2.23,0.0714,0.0834,119.86,31.39,0,0,0,0.0,2.333,LOW,LOW,0.0,119.9 days of cover: 10 units in stock at expected demand of 0.08 units/day,highly variable weekly demand (CV 2.33)
BR002,MED460,Multivitamin B-complex+C (TrueLife Remedies),Vitamins,18,5.027,11.419,24.933,10.521,0.8929,0.8929,20.16,11.98,0,0,3,0.01644,0.666,LOW,LOW,0.0,20.2 days of cover: 18 units in stock at expected demand of 0.89 units/day,
BR002,MED461,Vitamin C Chewable 500mg (Aarogya Formulations),Vitamins,35,12.537,25.231,56.539,22.856,2.0714,2.0714,16.9,10.72,0,0,1,0.00548,0.399,LOW,LOW,0.0,16.9 days of cover: 35 units in stock at expected demand of 2.07 units/day,
BR002,MED462,Vitamin C Chewable 500mg (ApexLife Pharma),Vitamins,15,2.661,5.722,12.048,8.155,0.3929,0.3929,38.18,12.88,0,0,5,0.01507,0.813,LOW,LOW,0.0,38.2 days of cover: 15 units in stock at expected demand of 0.39 units/day,
BR002,MED463,Vitamin C Chewable 500mg (HealthAxis Pharma),Vitamins,11,2.048,4.527,10.712,5.497,0.3929,0.3929,28.0,14.01,0,3,7,0.01644,0.976,LOW,LOW,0.0,28.0 days of cover: 11 units in stock at expected demand of 0.39 units/day,
BR002,MED464,Vitamin C Chewable 500mg (TrueLife Remedies),Vitamins,11,0.51,1.145,2.714,2.157,0.0357,0.0729,150.98,35.7,0,0,0,0.0,0.926,LOW,LOW,0.0,151.0 days of cover: 11 units in stock at expected demand of 0.07 units/day,
BR002,MED467,Vitamin C Chewable 1000mg (BlueCrest Pharma),Vitamins,16,0.982,2.067,4.995,3.281,0.1786,0.1786,89.6,34.14,0,0,0,0.0,1.166,LOW,LOW,0.0,89.6 days of cover: 16 units in stock at expected demand of 0.18 units/day,highly variable weekly demand (CV 1.17)
BR002,MED469,Vitamin C Chewable 1000mg (CureLine Healthcare),Vitamins,11,0.998,2.027,5.105,3.296,0.25,0.25,44.0,23.36,0,0,0,0.0,1.001,LOW,LOW,0.0,44.0 days of cover: 11 units in stock at expected demand of 0.25 units/day,highly variable weekly demand (CV 1.00)
BR002,MED470,Vitamin C Chewable 1000mg (NovaMed Laboratories),Vitamins,13,3.503,7.282,16.217,8.997,0.6071,0.6071,21.41,10.11,0,0,3,0.00411,0.76,LOW,LOW,0.0,21.4 days of cover: 13 units in stock at expected demand of 0.61 units/day,
BR002,MED471,Vitamin C Chewable 1000mg (Summit Lifesciences),Vitamins,19,1.227,2.594,6.317,4.675,0.1429,0.1753,108.39,28.45,0,0,3,0.01507,0.831,LOW,LOW,0.0,108.4 days of cover: 19 units in stock at expected demand of 0.18 units/day,
BR002,MED473,Vitamin C Chewable 1000mg (VitaCure Remedies),Vitamins,9,2.823,5.535,14.08,8.316,0.4643,0.4643,19.38,7.58,0,4,3,0.01233,0.641,LOW,LOW,0.0,19.4 days of cover: 9 units in stock at expected demand of 0.46 units/day,
BR002,MED474,Vitamin D3 60000IU (TrueLife Remedies),Vitamins,10,0.424,0.877,2.128,2.07,0.0,0.0606,165.09,33.82,0,0,0,0.0,2.054,LOW,LOW,0.0,165.1 days of cover: 10 units in stock at expected demand of 0.06 units/day,highly variable weekly demand (CV 2.05)
BR002,MED475,Vitamin D3 60000IU (VitaCure Remedies),Vitamins,22,0.694,1.559,3.995,2.992,0.0,0.0991,221.9,51.47,0,0,0,0.0,1.23,LOW,LOW,0.0,221.9 days of cover: 22 units in stock at expected demand of 0.10 units/day,highly variable weekly demand (CV 1.23)
BR002,MED477,Vitamin D3 1000IU (Summit Lifesciences),Vitamins,8,0.755,1.694,4.11,3.053,0.1071,0.1079,74.17,18.34,0,0,1,0.00274,0.962,LOW,LOW,0.0,74.2 days of cover: 8 units in stock at expected demand of 0.11 units/day,
BR002,MED478,Calamine Lotion 100ml (CureLine Healthcare),Dermatological,7,0.976,1.916,4.506,3.274,0.1786,0.1786,39.2,14.97,0,1,1,0.00137,1.041,LOW,LOW,0.0,39.2 days of cover: 7 units in stock at expected demand of 0.18 units/day,highly variable weekly demand (CV 1.04)
BR002,MED479,Calamine Lotion 100ml (LifeSpring Pharma),Dermatological,17,0.449,0.731,1.462,2.096,0.0,0.0641,265.03,56.77,0,0,0,0.0,1.992,LOW,LOW,0.0,265.0 days of cover: 17 units in stock at expected demand of 0.06 units/day,highly variable weekly demand (CV 1.99)
BR002,MED482,Clotrimazole Cream 1% (ApexLife Pharma),Dermatological,11,0.914,2.01,4.495,3.212,0.2143,0.2143,51.33,23.97,0,0,0,0.0,0.99,LOW,LOW,0.0,51.3 days of cover: 11 units in stock at expected demand of 0.21 units/day,
BR002,MED485,Clotrimazole Cream 2% (Stellar Formulations),Dermatological,7,0.367,0.787,1.695,2.014,0.0357,0.0524,133.51,24.33,0,0,0,0.0,2.556,LOW,LOW,0.0,133.5 days of cover: 7 units in stock at expected demand of 0.05 units/day,highly variable weekly demand (CV 2.56)
BR002,MED487,Fusidic Acid Cream 2% (ApexLife Pharma),Dermatological,10,0.661,1.352,3.374,2.307,0.0714,0.0944,105.9,30.34,0,0,1,0.00548,1.311,LOW,LOW,0.0,105.9 days of cover: 10 units in stock at expected demand of 0.09 units/day,highly variable weekly demand (CV 1.31)
BR002,MED489,Fusidic Acid Cream 2% (VitaCure Remedies),Dermatological,7,0.583,1.049,1.641,2.23,0.0357,0.0833,84.05,21.97,0,1,1,0.00137,1.277,LOW,LOW,0.0,84.0 days of cover: 7 units in stock at expected demand of 0.08 units/day,highly variable weekly demand (CV 1.28)
BR002,MED491,Hydrocortisone Cream 1% (CureLine Healthcare),Dermatological,9,2.324,4.865,11.15,7.818,0.3929,0.3929,22.91,8.06,0,0,3,0.00685,0.628,LOW,LOW,0.0,22.9 days of cover: 9 units in stock at expected demand of 0.39 units/day,
BR002,MED492,Hydrocortisone Cream 1% (Summit Lifesciences),Dermatological,14,0.394,0.91,1.686,2.041,0.0357,0.0563,248.73,48.02,0,0,0,0.0,2.824,LOW,LOW,0.0,248.7 days of cover: 14 units in stock at expected demand of 0.06 units/day,highly variable weekly demand (CV 2.82)
BR002,MED493,Ketoconazole Shampoo 2% (Aarogya Formulations),Dermatological,3,0.687,1.575,3.775,2.985,0.2143,0.2143,14.0,7.04,0,0,1,0.00274,0.853,LOW,LOW,0.0,14.0 days of cover: 3 units in stock at expected demand of 0.21 units/day,
BR002,MED494,Ketoconazole Shampoo 2% (LifeSpring Pharma),Dermatological,11,0.703,1.402,3.575,3.001,0.0714,0.1004,109.53,25.66,0,0,1,0.00137,0.793,LOW,LOW,0.0,109.5 days of cover: 11 units in stock at expected demand of 0.10 units/day,
BR002,MED495,Ketoconazole Shampoo 2% (VitaCure Remedies),Dermatological,5,0.529,1.055,2.382,2.176,0.1071,0.1071,46.67,16.08,0,0,0,0.0,1.132,LOW,LOW,0.0,46.7 days of cover: 5 units in stock at expected demand of 0.11 units/day,highly variable weekly demand (CV 1.13)
BR002,MED496,Mupirocin Ointment 2% (ApexLife Pharma),Dermatological,8,0.791,1.638,3.707,3.09,0.2143,0.2143,37.33,18.12,0,0,0,0.0,1.02,LOW,LOW,0.0,37.3 days of cover: 8 units in stock at expected demand of 0.21 units/day,highly variable weekly demand (CV 1.02)
BR002,MED498,Mupirocin Ointment 2% (NovaMed Laboratories),Dermatological,16,0.376,0.692,1.45,2.022,0.0,0.0537,297.87,55.39,0,0,0,0.0,1.485,LOW,LOW,0.0,297.9 days of cover: 16 units in stock at expected demand of 0.05 units/day,highly variable weekly demand (CV 1.48)
BR002,MED499,Mupirocin Ointment 2% (Summit Lifesciences),Dermatological,8,0.49,1.004,2.16,2.137,0.0357,0.07,114.29,26.2,0,0,2,0.0137,1.119,LOW,LOW,0.0,114.3 days of cover: 8 units in stock at expected demand of 0.07 units/day,highly variable weekly demand (CV 1.12)
BR002,MED500,Mupirocin Ointment 2% (VitaCure Remedies),Dermatological,3,0.416,0.896,1.862,2.062,0.1071,0.1071,28.0,10.18,0,0,0,0.0,1.439,LOW,LOW,0.0,28.0 days of cover: 3 units in stock at expected demand of 0.11 units/day,highly variable weekly demand (CV 1.44)
BR003,MED003,Amoxicillin 500mg,Antibiotics,12,2.317,4.379,10.503,7.811,0.4286,0.4286,28.0,10.75,0,5,6,0.01781,0.516,LOW,LOW,0.0,28.0 days of cover: 12 units in stock at expected demand of 0.43 units/day,
BR003,MED004,Azithromycin 500mg,Antibiotics,12,1.512,3.319,7.634,4.96,0.3214,0.3214,37.33,16.94,0,0,6,0.02055,0.9,LOW,LOW,0.0,37.3 days of cover: 12 units in stock at expected demand of 0.32 units/day,
BR003,MED006,Paracetamol Suspension 250mg/5ml,Antipyretics,10,0.767,1.663,3.496,3.065,0.1429,0.1429,70.0,22.84,0,0,0,0.0,0.769,LOW,LOW,0.0,70.0 days of cover: 10 units in stock at expected demand of 0.14 units/day,
BR003,MED008,Fexofenadine 120mg,Antihistamines,14,0.558,1.308,3.472,2.205,0.0714,0.0797,175.63,44.44,0,0,0,0.0,2.216,LOW,LOW,0.0,175.6 days of cover: 14 units in stock at expected demand of 0.08 units/day,highly variable weekly demand (CV 2.22)
BR003,MED010,Ondansetron 4mg,Gastrointestinal,6,0.672,1.684,3.967,2.971,0.25,0.25,24.0,14.14,0,0,0,0.0,1.179,LOW,LOW,0.0,24.0 days of cover: 6 units in stock at expected demand of 0.25 units/day,highly variable weekly demand (CV 1.18)
BR003,MED014,Glimepiride 2mg,Antidiabetic,39,17.267,36.648,80.27,27.586,2.6786,2.6786,14.56,9.9,0,0,0,0.0,0.332,LOW,LOW,0.0,14.6 days of cover: 39 units in stock at expected demand of 2.68 units/day,
BR003,MED015,Ambroxol + Levosalbutamol Syrup 100ml,Respiratory,43,17.186,35.641,76.277,27.505,2.5714,2.5714,16.72,10.94,0,0,0,0.0,0.373,LOW,LOW,0.0,16.7 days of cover: 43 units in stock at expected demand of 2.57 units/day,
BR003,MED016,Salbutamol Inhaler 100mcg,Respiratory,16,0.498,1.178,2.743,2.145,0.0357,0.0711,224.9,52.21,0,0,0,0.0,2.443,LOW,LOW,0.0,224.9 days of cover: 16 units in stock at expected demand of 0.07 units/day,highly variable weekly demand (CV 2.44)
BR003,MED017,Vitamin C Chewable 500mg,Vitamins,33,11.043,22.83,50.102,21.361,1.9286,1.9286,17.11,10.81,0,0,2,0.00411,0.336,LOW,LOW,0.0,17.1 days of cover: 33 units in stock at expected demand of 1.93 units/day,
BR003,MED018,Vitamin D3 60000IU,Vitamins,10,3.034,6.383,14.646,8.528,0.5357,0.5357,18.67,8.21,0,0,1,0.00137,0.831,LOW,LOW,0.0,18.7 days of cover: 10 units in stock at expected demand of 0.54 units/day,
BR003,MED019,Clotrimazole Cream 1%,Dermatological,16,5.492,11.442,24.61,10.985,0.9643,0.9643,16.59,10.2,0,0,2,0.01096,0.401,LOW,LOW,0.0,16.6 days of cover: 16 units in stock at expected demand of 0.96 units/day,
BR003,MED020,Mupirocin Ointment 2%,Dermatological,17,2.344,5.045,12.105,7.838,0.5,0.5,34.0,15.18,0,0,0,0.0,0.734,LOW,LOW,0.0,34.0 days of cover: 17 units in stock at expected demand of 0.50 units/day,
BR003,MED022,Aceclofenac + Paracetamol 100mg/325mg,Analgesics,13,3.291,6.871,16.242,8.784,0.5357,0.5357,24.27,10.36,0,0,2,0.00411,0.595,LOW,LOW,0.0,24.3 days of cover: 13 units in stock at expected demand of 0.54 units/day,
BR003,MED023,Naproxen 250mg,Analgesics,7,0.636,1.497,3.482,2.283,0.1429,0.1429,49.0,21.46,0,0,0,0.0,1.048,LOW,LOW,0.0,49.0 days of cover: 7 units in stock at expected demand of 0.14 units/day,highly variable weekly demand (CV 1.05)
BR003,MED024,Cefixime 200mg,Antibiotics,35,7.103,15.112,31.987,17.422,0.8929,1.0147,34.49,14.06,0,0,1,0.00959,0.468,LOW,LOW,0.0,34.5 days of cover: 35 units in stock at expected demand of 1.01 units/day,
BR003,MED025,Ciprofloxacin 500mg,Antibiotics,10,2.367,5.489,11.965,7.861,0.5714,0.5714,17.5,8.9,1,1,5,0.01096,0.678,LOW,LOW,0.0,17.5 days of cover: 10 units in stock at expected demand of 0.57 units/day,
BR003,MED026,Doxycycline 100mg,Antibiotics,18,1.569,3.34,7.816,5.017,0.3214,0.3214,56.0,25.11,0,0,0,0.0,1.104,LOW,LOW,0.0,56.0 days of cover: 18 units in stock at expected demand of 0.32 units/day,highly variable weekly demand (CV 1.10)
BR003,MED027,Amoxicillin + Clavulanic Acid 625mg,Antibiotics,10,3.553,7.615,17.242,9.046,0.6786,0.6786,14.74,7.74,0,0,1,0.00137,0.512,LOW,LOW,0.0,14.7 days of cover: 10 units in stock at expected demand of 0.68 units/day,
BR003,MED028,Mefenamic Acid 250mg,Antipyretics,10,1.419,3.035,7.025,4.867,0.2857,0.2857,35.0,14.38,0,0,2,0.00959,0.986,LOW,LOW,0.0,35.0 days of cover: 10 units in stock at expected demand of 0.29 units/day,
BR003,MED029,Paracetamol Drops 100mg/ml,Antipyretics,13,0.885,1.885,4.078,3.184,0.1786,0.1786,72.8,28.58,0,0,0,0.0,1.201,LOW,LOW,0.0,72.8 days of cover: 13 units in stock at expected demand of 0.18 units/day,highly variable weekly demand (CV 1.20)
BR003,MED030,Levocetirizine 5mg,Antihistamines,16,3.581,6.858,15.723,9.075,0.4286,0.5116,31.28,12.34,0,1,4,0.01233,0.528,LOW,LOW,0.0,31.3 days of cover: 16 units in stock at expected demand of 0.51 units/day,
BR003,MED032,Chlorpheniramine 4mg,Antihistamines,14,0.673,1.58,4.038,2.971,0.0357,0.0961,145.62,32.99,0,5,2,0.01644,1.477,LOW,LOW,0.0,145.6 days of cover: 14 units in stock at expected demand of 0.10 units/day,highly variable weekly demand (CV 1.48)
BR003,MED034,Domperidone 10mg,Gastrointestinal,85,17.522,35.827,75.249,27.841,2.3571,2.5031,33.96,21.37,0,1,2,0.00548,0.37,LOW,LOW,0.0,34.0 days of cover: 85 units in stock at expected demand of 2.50 units/day,
BR003,MED035,ORS Powder 21.8g,Gastrointestinal,17,4.237,8.624,18.976,9.731,0.6429,0.6429,26.44,12.23,0,0,1,0.00137,0.39,LOW,LOW,0.0,26.4 days of cover: 17 units in stock at expected demand of 0.64 units/day,
BR003,MED036,Loperamide 2mg,Gastrointestinal,16,0.72,1.571,3.291,3.019,0.1071,0.1071,149.33,37.1,0,0,0,0.0,1.214,LOW,LOW,0.0,149.3 days of cover: 16 units in stock at expected demand of 0.11 units/day,highly variable weekly demand (CV 1.21)
BR003,MED037,Telmisartan 40mg,Cardiovascular,259,74.607,147.406,318.844,84.926,10.8214,10.8214,23.93,21.35,0,0,0,0.0,0.155,LOW,LOW,0.0,23.9 days of cover: 259 units in stock at expected demand of 10.82 units/day,
BR003,MED038,Losartan 50mg,Cardiovascular,12,4.798,10.258,24.334,10.291,0.8214,0.8214,14.61,8.16,0,2,6,0.02192,0.912,LOW,LOW,0.0,14.6 days of cover: 12 units in stock at expected demand of 0.82 units/day,
BR003,MED039,Metoprolol 50mg,Cardiovascular,23,8.186,17.626,39.831,18.504,1.4286,1.4286,16.1,8.7,0,0,3,0.00959,0.633,LOW,LOW,0.0,16.1 days of cover: 23 units in stock at expected demand of 1.43 units/day,
BR003,MED041,Clopidogrel 75mg,Cardiovascular,6,0.64,1.445,3.84,2.286,0.1429,0.1429,42.0,18.37,0,0,2,0.0137,1.527,LOW,LOW,0.0,42.0 days of cover: 6 units in stock at expected demand of 0.14 units/day,highly variable weekly demand (CV 1.53)
BR003,MED044,Sitagliptin 100mg,Antidiabetic,11,1.355,3.063,7.159,4.803,0.3929,0.3929,28.0,16.03,0,0,0,0.0,0.873,LOW,LOW,0.0,28.0 days of cover: 11 units in stock at expected demand of 0.39 units/day,
BR003,MED045,Gliclazide 80mg,Antidiabetic,21,1.647,3.799,9.017,5.096,0.3929,0.3929,53.45,28.85,0,0,0,0.0,1.911,LOW,LOW,0.0,53.5 days of cover: 21 units in stock at expected demand of 0.39 units/day,highly variable weekly demand (CV 1.91)
BR003,MED046,Montelukast 10mg,Respiratory,48,8.512,17.994,37.305,18.831,1.0714,1.216,39.47,17.84,0,0,1,0.0137,0.471,LOW,LOW,0.0,39.5 days of cover: 48 units in stock at expected demand of 1.22 units/day,
BR003,MED047,Budesonide Inhaler 200mcg,Respiratory,13,0.606,1.189,2.867,2.253,0.0357,0.0866,150.17,40.39,0,0,1,0.00137,1.223,LOW,LOW,0.0,150.2 days of cover: 13 units in stock at expected demand of 0.09 units/day,highly variable weekly demand (CV 1.22)
BR003,MED048,Dextromethorphan Syrup 100ml,Respiratory,31,10.179,21.686,45.845,20.498,1.5357,1.5357,20.19,10.59,0,0,3,0.00685,0.493,LOW,LOW,0.0,20.2 days of cover: 31 units in stock at expected demand of 1.54 units/day,
BR003,MED049,Multivitamin B-complex+C,Vitamins,26,9.28,18.814,41.473,19.599,1.5714,1.5714,16.55,9.29,0,0,1,0.00822,0.554,LOW,LOW,0.0,16.5 days of cover: 26 units in stock at expected demand of 1.57 units/day,
BR003,MED051,Iron + Folic Acid 100mg/500mcg,Vitamins,15,0.831,1.78,3.89,3.129,0.1071,0.1187,126.35,33.56,0,0,0,0.0,1.643,LOW,LOW,0.0,126.4 days of cover: 15 units in stock at expected demand of 0.12 units/day,highly variable weekly demand (CV 1.64)
BR003,MED052,Hydrocortisone Cream 1%,Dermatological,9,0.659,1.432,3.388,2.306,0.1429,0.1429,63.0,27.32,0,0,0,0.0,1.391,LOW,LOW,0.0,63.0 days of cover: 9 units in stock at expected demand of 0.14 units/day,highly variable weekly demand (CV 1.39)
BR003,MED053,Fusidic Acid Cream 2%,Dermatological,12,0.772,1.57,3.527,3.071,0.0714,0.1103,108.81,27.35,0,0,1,0.00411,0.822,LOW,LOW,0.0,108.8 days of cover: 12 units in stock at expected demand of 0.11 units/day,
BR003,MED054,Calamine Lotion 100ml,Dermatological,10,0.881,1.843,4.174,3.18,0.1429,0.1429,70.0,22.01,0,2,3,0.00548,1.028,LOW,LOW,0.0,70.0 days of cover: 10 units in stock at expected demand of 0.14 units/day,highly variable weekly demand (CV 1.03)
BR003,MED055,Ketoconazole Shampoo 2%,Dermatological,10,1.18,2.544,5.621,4.628,0.2857,0.2857,35.0,15.13,0,0,0,0.0,0.792,LOW,LOW,0.0,35.0 days of cover: 10 units in stock at expected demand of 0.29 units/day,
BR003,MED056,Aceclofenac + Paracetamol 100mg/325mg (HealthAxis Pharma),Analgesics,15,0.683,1.501,3.581,2.981,0.0357,0.0976,153.73,35.22,0,0,4,0.00959,1.477,LOW,LOW,0.0,153.7 days of cover: 15 units in stock at expected demand of 0.10 units/day,highly variable weekly demand (CV 1.48)
BR003,MED057,Aceclofenac + Paracetamol 100mg/325mg (LifeSpring Pharma),Analgesics,13,0.475,1.137,2.65,2.121,0.0357,0.0679,191.58,42.9,0,0,0,0.0,1.313,LOW,LOW,0.0,191.6 days of cover: 13 units in stock at expected demand of 0.07 units/day,highly variable weekly demand (CV 1.31)
BR003,MED059,Diclofenac 50mg (Aarogya Formulations),Analgesics,6,0.608,1.264,3.137,2.254,0.1071,0.1071,56.0,18.63,0,0,0,0.0,1.402,LOW,LOW,0.0,56.0 days of cover: 6 units in stock at expected demand of 0.11 units/day,highly variable weekly demand (CV 1.40)
BR003,MED060,Diclofenac 50mg (CarePlus Laboratories),Analgesics,29,12.276,24.921,53.424,22.595,1.9643,1.9643,14.76,8.98,0,0,1,0.00411,0.38,LOW,LOW,0.0,14.8 days of cover: 29 units in stock at expected demand of 1.96 units/day,
BR003,MED061,Diclofenac 50mg (Stellar Formulations),Analgesics,6,1.379,2.907,6.69,4.827,0.3571,0.3571,16.8,8.7,0,0,0,0.0,0.812,LOW,LOW,0.0,16.8 days of cover: 6 units in stock at expected demand of 0.36 units/day,
BR003,MED062,Diclofenac 50mg (TrueLife Remedies),Analgesics,22,0.81,1.859,4.128,3.108,0.0714,0.1157,190.12,49.55,0,0,0,0.0,1.445,LOW,LOW,0.0,190.1 days of cover: 22 units in stock at expected demand of 0.12 units/day,highly variable weekly demand (CV 1.44)
BR003,MED065,Diclofenac 100mg (CureLine Healthcare),Analgesics,10,1.087,2.388,5.332,4.535,0.2143,0.2143,46.67,15.44,0,0,0,0.0,0.953,LOW,LOW,0.0,46.7 days of cover: 10 units in stock at expected demand of 0.21 units/day,
BR003,MED067,Ibuprofen 400mg (Aarogya Formulations),Analgesics,4,0.509,1.037,2.788,2.155,0.0714,0.0727,55.01,12.99,0,0,2,0.00548,1.442,LOW,LOW,0.0,55.0 days of cover: 4 units in stock at expected demand of 0.07 units/day,highly variable weekly demand (CV 1.44)
BR003,MED068,Ibuprofen 400mg (CureLine Healthcare),Analgesics,7,0.561,1.336,3.001,2.207,0.1071,0.1071,65.33,22.2,0,0,0,0.0,1.027,LOW,LOW,0.0,65.3 days of cover: 7 units in stock at expected demand of 0.11 units/day,highly variable weekly demand (CV 1.03)
BR003,MED069,Ibuprofen 400mg (HealthAxis Pharma),Analgesics,23,7.137,14.554,32.977,17.455,1.1786,1.1786,19.52,9.22,0,0,0,0.0,0.426,LOW,LOW,0.0,19.5 days of cover: 23 units in stock at expected demand of 1.18 units/day,
BR003,MED071,Ibuprofen 400mg (Stellar Formulations),Analgesics,26,1.689,3.905,8.552,5.137,0.3214,0.3214,80.89,35.43,0,0,0,0.0,1.139,LOW,LOW,0.0,80.9 days of cover: 26 units in stock at expected demand of 0.32 units/day,highly variable weekly demand (CV 1.14)
BR003,MED072,Ibuprofen 400mg (VitaCure Remedies),Analgesics,16,0.568,1.372,2.968,2.214,0.0714,0.0811,197.18,50.59,0,0,0,0.0,1.312,LOW,LOW,0.0,197.2 days of cover: 16 units in stock at expected demand of 0.08 units/day,highly variable weekly demand (CV 1.31)
BR003,MED074,Ibuprofen 200mg (LifeSpring Pharma),Analgesics,6,0.658,1.436,3.754,2.305,0.1071,0.1071,56.0,18.22,0,0,1,0.00959,1.21,LOW,LOW,0.0,56.0 days of cover: 6 units in stock at expected demand of 0.11 units/day,highly variable weekly demand (CV 1.21)
BR003,MED075,Ibuprofen 200mg (Summit Lifesciences),Analgesics,21,3.261,6.201,15.309,8.755,0.5357,0.5357,39.2,16.79,0,0,0,0.0,0.754,LOW,LOW,0.0,39.2 days of cover: 21 units in stock at expected demand of 0.54 units/day,
BR003,MED077,Ibuprofen 200mg (VitaCure Remedies),Analgesics,20,1.101,2.325,5.591,4.549,0.2143,0.2143,93.33,30.78,0,0,0,0.0,1.281,LOW,LOW,0.0,93.3 days of cover: 20 units in stock at expected demand of 0.21 units/day,highly variable weekly demand (CV 1.28)
BR003,MED078,Ibuprofen 600mg,Analgesics,21,6.733,13.613,30.736,17.051,0.9643,0.9643,21.78,8.62,0,1,8,0.01918,0.557,LOW,LOW,0.0,21.8 days of cover: 21 units in stock at expected demand of 0.96 units/day,
BR003,MED080,Ibuprofen 600mg (HealthAxis Pharma),Analgesics,9,1.841,3.872,8.988,5.289,0.3214,0.3214,28.0,11.91,0,1,3,0.0137,0.642,LOW,LOW,0.0,28.0 days of cover: 9 units in stock at expected demand of 0.32 units/day,
BR003,MED082,Naproxen 250mg (CureLine Healthcare),Analgesics,61,19.313,40.491,88.783,29.632,2.6786,2.759,22.11,14.41,0,0,1,0.00411,0.254,LOW,LOW,0.0,22.1 days of cover: 61 units in stock at expected demand of 2.76 units/day,
BR003,MED083,Naproxen 250mg (HealthAxis Pharma),Analgesics,14,2.106,4.508,10.487,5.554,0.4286,0.4286,32.67,17.64,0,0,0,0.0,0.69,LOW,LOW,0.0,32.7 days of cover: 14 units in stock at expected demand of 0.43 units/day,
BR003,MED084,Naproxen 250mg (VitaCure Remedies),Analgesics,35,8.386,17.316,38.822,18.705,1.1786,1.198,29.22,13.1,0,0,3,0.00548,0.438,LOW,LOW,0.0,29.2 days of cover: 35 units in stock at expected demand of 1.20 units/day,
BR003,MED085,Naproxen 500mg,Analgesics,4,0.606,1.323,2.67,2.253,0.1786,0.1786,22.4,12.43,0,0,0,0.0,1.2,LOW,LOW,0.0,22.4 days of cover: 4 units in stock at expected demand of 0.18 units/day,highly variable weekly demand (CV 1.20)
BR003,MED087,Naproxen 500mg (LifeSpring Pharma),Analgesics,10,0.757,1.617,4.306,3.055,0.1429,0.1429,70.0,22.91,0,0,1,0.00822,1.428,LOW,LOW,0.0,70.0 days of cover: 10 units in stock at expected demand of 0.14 units/day,highly variable weekly demand (CV 1.43)
BR003,MED088,Naproxen 500mg (NovaMed Laboratories),Analgesics,26,0.641,1.517,3.82,2.288,0.0357,0.0916,283.93,79.55,0,0,0,0.0,1.813,LOW,LOW,0.0,283.9 days of cover: 26 units in stock at expected demand of 0.09 units/day,highly variable weekly demand (CV 1.81)
BR003,MED089,Paracetamol 500mg (Aarogya Formulations),Analgesics,14,0.561,1.258,3.239,2.207,0.0714,0.0801,174.69,44.4,0,0,0,0.0,0.986,LOW,LOW,0.0,174.7 days of cover: 14 units in stock at expected demand of 0.08 units/day,
BR003,MED091,Paracetamol 500mg (HealthAxis Pharma),Analgesics,50,22.455,46.339,98.143,32.774,3.25,3.25,15.38,10.68,0,1,4,0.01096,0.282,LOW,LOW,0.0,15.4 days of cover: 50 units in stock at expected demand of 3.25 units/day,
BR003,MED092,Paracetamol 500mg (LifeSpring Pharma),Analgesics,8,0.778,1.627,3.993,3.076,0.1429,0.1429,56.0,18.21,0,0,0,0.0,1.239,LOW,LOW,0.0,56.0 days of cover: 8 units in stock at expected demand of 0.14 units/day,highly variable weekly demand (CV 1.24)
BR003,MED093,Paracetamol 250mg,Analgesics,10,0.679,1.542,4.04,2.977,0.1071,0.1071,93.33,23.51,0,0,1,0.00137,1.592,LOW,LOW,0.0,93.3 days of cover: 10 units in stock at expected demand of 0.11 units/day,highly variable weekly demand (CV 1.59)
BR003,MED094,Paracetamol 250mg (Stellar Formulations),Analgesics,14,1.118,2.591,6.503,4.567,0.1786,0.1786,78.4,21.46,0,0,1,0.00137,0.832,LOW,LOW,0.0,78.4 days of cover: 14 units in stock at expected demand of 0.18 units/day,
BR003,MED095,Amoxicillin 250mg,Antibiotics,14,1.954,4.062,8.476,5.403,0.25,0.2791,50.15,18.14,0,1,6,0.01507,0.733,LOW,LOW,0.0,50.2 days of cover: 14 units in stock at expected demand of 0.28 units/day,
BR003,MED097,Amoxicillin 250mg (LifeSpring Pharma),Antibiotics,25,5.875,11.771,25.995,11.368,0.7857,0.8393,29.79,15.39,0,0,1,0.00137,0.507,LOW,LOW,0.0,29.8 days of cover: 25 units in stock at expected demand of 0.84 units/day,
BR003,MED099,Amoxicillin 250mg (Stellar Formulations),Antibiotics,7,0.963,1.809,4.011,3.261,0.1786,0.1786,39.2,15.03,0,0,1,0.00411,1.064,LOW,LOW,0.0,39.2 days of cover: 7 units in stock at expected demand of 0.18 units/day,highly variable weekly demand (CV 1.06)
BR003,MED100,Amoxicillin 250mg (TrueLife Remedies),Antibiotics,13,0.599,1.162,2.335,2.246,0.0357,0.0856,151.92,40.52,0,0,1,0.00685,2.116,LOW,LOW,0.0,151.9 days of cover: 13 units in stock at expected demand of 0.09 units/day,highly variable weekly demand (CV 2.12)
BR003,MED101,Amoxicillin + Clavulanic Acid 625mg (CureLine Healthcare),Antibiotics,5,0.638,1.22,2.875,2.284,0.1786,0.1786,28.0,15.32,0,0,0,0.0,1.972,LOW,LOW,0.0,28.0 days of cover: 5 units in stock at expected demand of 0.18 units/day,highly variable weekly demand (CV 1.97)
BR003,MED102,Amoxicillin + Clavulanic Acid 625mg (HealthAxis Pharma),Antibiotics,19,1.016,2.194,4.961,3.315,0.1786,0.1786,106.4,40.12,0,0,0,0.0,0.944,LOW,LOW,0.0,106.4 days of cover: 19 units in stock at expected demand of 0.18 units/day,
BR003,MED103,Amoxicillin + Clavulanic Acid 625mg (Stellar Formulations),Antibiotics,10,1.295,2.919,6.834,4.743,0.2857,0.2857,35.0,14.76,0,0,2,0.00959,1.169,LOW,LOW,0.0,35.0 days of cover: 10 units in stock at expected demand of 0.29 units/day,highly variable weekly demand (CV 1.17)
BR003,MED106,Amoxicillin + Clavulanic Acid 375mg (Summit Lifesciences),Antibiotics,13,1.87,3.929,8.176,5.319,0.3929,0.3929,33.09,17.11,0,0,5,0.01918,0.738,LOW,LOW,0.0,33.1 days of cover: 13 units in stock at expected demand of 0.39 units/day,
BR003,MED108,Azithromycin 500mg (Aarogya Formulations),Antibiotics,18,3.337,6.84,14.817,8.83,0.5357,0.5357,33.6,14.27,0,0,6,0.01781,0.472,LOW,LOW,0.0,33.6 days of cover: 18 units in stock at expected demand of 0.54 units/day,
BR003,MED109,Azithromycin 500mg (ApexLife Pharma),Antibiotics,12,1.707,3.934,8.712,5.156,0.3929,0.3929,30.55,16.29,0,0,2,0.00822,0.669,LOW,LOW,0.0,30.5 days of cover: 12 units in stock at expected demand of 0.39 units/day,
BR003,MED110,Azithromycin 500mg (VitaCure Remedies),Antibiotics,8,0.494,1.078,2.547,2.141,0.1071,0.1071,74.67,26.16,0,0,0,0.0,1.779,LOW,LOW,0.0,74.7 days of cover: 8 units in stock at expected demand of 0.11 units/day,highly variable weekly demand (CV 1.78)
BR003,MED111,Azithromycin 250mg,Antibiotics,14,0.637,1.353,2.48,2.283,0.0357,0.091,153.85,42.93,0,0,1,0.00274,0.96,LOW,LOW,0.0,153.8 days of cover: 14 units in stock at expected demand of 0.09 units/day,
BR003,MED112,Azithromycin 250mg (ApexLife Pharma),Antibiotics,14,1.39,2.948,6.832,4.838,0.3214,0.3214,43.56,20.26,0,0,0,0.0,0.723,LOW,LOW,0.0,43.6 days of cover: 14 units in stock at expected demand of 0.32 units/day,
BR003,MED114,Azithromycin 250mg (CarePlus Laboratories),Antibiotics,16,1.588,3.246,7.512,5.036,0.2857,0.2857,56.0,22.24,0,0,1,0.00548,0.89,LOW,LOW,0.0,56.0 days of cover: 16 units in stock at expected demand of 0.29 units/day,
BR003,MED115,Azithromycin 250mg (CureLine Healthcare),Antibiotics,7,1.552,3.392,8.192,5.0,0.3571,0.3571,19.6,9.8,0,0,2,0.00685,1.061,LOW,LOW,0.0,19.6 days of cover: 7 units in stock at expected demand of 0.36 units/day,highly variable weekly demand (CV 1.06)
BR003,MED117,Azithromycin 250mg (LifeSpring Pharma),Antibiotics,98,39.496,84.622,183.912,49.815,6.1071,6.1071,16.05,13.77,0,4,2,0.01096,0.221,LOW,LOW,0.0,16.0 days of cover: 98 units in stock at expected demand of 6.11 units/day,
BR003,MED118,Azithromycin 250mg (NovaMed Laboratories),Antibiotics,14,0.95,2.06,4.193,3.248,0.1786,0.1786,78.4,30.17,0,0,0,0.0,1.237,LOW,LOW,0.0,78.4 days of cover: 14 units in stock at expected demand of 0.18 units/day,highly variable weekly demand (CV 1.24)
BR003,MED119,Azithromycin 250mg (TrueLife Remedies),Antibiotics,9,0.413,0.872,1.664,2.059,0.0357,0.059,152.54,30.6,0,0,0,0.0,0.98,LOW,LOW,0.0,152.5 days of cover: 9 units in stock at expected demand of 0.06 units/day,
BR003,MED120,Cefixime 200mg (ApexLife Pharma),Antibiotics,12,1.214,2.461,4.788,4.663,0.1429,0.1734,69.19,18.01,0,0,1,0.00137,1.027,LOW,LOW,0.0,69.2 days of cover: 12 units in stock at expected demand of 0.17 units/day,highly variable weekly demand (CV 1.03)
BR003,MED123,Cefixime 200mg (Stellar Formulations),Antibiotics,9,0.413,0.872,1.664,2.059,0.0357,0.059,152.54,30.6,0,0,0,0.0,1.46,LOW,LOW,0.0,152.5 days of cover: 9 units in stock at expected demand of 0.06 units/day,highly variable weekly demand (CV 1.46)
BR003,MED124,Cefixime 100mg,Antibiotics,11,0.459,1.108,1.99,2.105,0.0714,0.0714,154.0,36.58,0,0,0,0.0,1.811,LOW,LOW,0.0,154.0 days of cover: 11 units in stock at expected demand of 0.07 units/day,highly variable weekly demand (CV 1.81)
BR003,MED125,Cefixime 100mg (HealthAxis Pharma),Antibiotics,18,1.06,2.256,5.042,4.508,0.1786,0.1786,100.8,27.95,0,0,0,0.0,1.527,LOW,LOW,0.0,100.8 days of cover: 18 units in stock at expected demand of 0.18 units/day,highly variable weekly demand (CV 1.53)
BR003,MED126,Cefixime 100mg (NovaMed Laboratories),Antibiotics,11,0.485,1.085,2.106,2.131,0.0714,0.0714,154.0,36.13,0,0,0,0.0,1.906,LOW,LOW,0.0,154.0 days of cover: 11 units in stock at expected demand of 0.07 units/day,highly variable weekly demand (CV 1.91)
BR003,MED128,Ciprofloxacin 500mg (BlueCrest Pharma),Antibiotics,15,0.562,1.291,2.702,2.208,0.0714,0.0803,186.83,47.55,0,0,0,0.0,1.556,LOW,LOW,0.0,186.8 days of cover: 15 units in stock at expected demand of 0.08 units/day,highly variable weekly demand (CV 1.56)
BR003,MED129,Ciprofloxacin 250mg,Antibiotics,8,0.478,1.033,2.048,2.124,0.0714,0.0714,112.0,26.37,0,0,0,0.0,1.635,LOW,LOW,0.0,112.0 days of cover: 8 units in stock at expected demand of 0.07 units/day,highly variable weekly demand (CV 1.64)
BR003,MED131,Doxycycline 100mg (Aarogya Formulations),Antibiotics,14,4.647,9.651,20.806,10.14,0.8571,0.8571,16.33,9.66,0,0,5,0.01233,0.324,LOW,LOW,0.0,16.3 days of cover: 14 units in stock at expected demand of 0.86 units/day,
BR003,MED132,Doxycycline 100mg (ApexLife Pharma),Antibiotics,11,0.816,1.667,3.238,3.114,0.1071,0.1166,94.36,24.73,0,0,2,0.00959,1.065,LOW,LOW,0.0,94.4 days of cover: 11 units in stock at expected demand of 0.12 units/day,highly variable weekly demand (CV 1.06)
BR003,MED133,Doxycycline 100mg (HealthAxis Pharma),Antibiotics,5,0.539,1.018,2.437,2.186,0.0714,0.077,64.94,16.01,0,0,1,0.01781,1.341,LOW,LOW,0.0,64.9 days of cover: 5 units in stock at expected demand of 0.08 units/day,highly variable weekly demand (CV 1.34)
BR003,MED134,Doxycycline 100mg (Summit Lifesciences),Antibiotics,8,1.948,4.091,9.73,5.397,0.3571,0.3571,22.4,10.38,0,0,5,0.01781,0.63,LOW,LOW,0.0,22.4 days of cover: 8 units in stock at expected demand of 0.36 units/day,
BR003,MED136,Mefenamic Acid 250mg (HealthAxis Pharma),Antipyretics,16,0.942,1.91,4.582,3.24,0.0714,0.1346,118.9,34.57,0,0,1,0.00274,1.131,LOW,LOW,0.0,118.9 days of cover: 16 units in stock at expected demand of 0.13 units/day,highly variable weekly demand (CV 1.13)
BR003,MED137,Mefenamic Acid 250mg (LifeSpring Pharma),Antipyretics,10,0.914,1.835,4.395,3.212,0.2143,0.2143,46.67,21.79,0,0,0,0.0,0.785,LOW,LOW,0.0,46.7 days of cover: 10 units in stock at expected demand of 0.21 units/day,
BR003,MED140,Mefenamic Acid 500mg (CureLine Healthcare),Antipyretics,19,4.632,9.635,20.207,10.126,0.6786,0.6786,28.0,13.13,0,0,2,0.00685,0.55,LOW,LOW,0.0,28.0 days of cover: 19 units in stock at expected demand of 0.68 units/day,
BR003,MED141,Mefenamic Acid 500mg (HealthAxis Pharma),Antipyretics,12,1.349,2.97,6.822,4.798,0.25,0.25,48.0,17.51,0,0,2,0.00411,0.658,LOW,LOW,0.0,48.0 days of cover: 12 units in stock at expected demand of 0.25 units/day,
BR003,MED143,Mefenamic Acid 500mg (LifeSpring Pharma),Antipyretics,10,0.394,0.761,1.701,2.04,0.0,0.0563,177.66,34.31,0,0,0,0.0,1.622,LOW,LOW,0.0,177.7 days of cover: 10 units in stock at expected demand of 0.06 units/day,highly variable weekly demand (CV 1.62)
BR003,MED145,Mefenamic Acid 500mg (Stellar Formulations),Antipyretics,14,0.537,1.113,2.464,2.184,0.0357,0.0767,182.5,44.87,0,0,0,0.0,1.657,LOW,LOW,0.0,182.5 days of cover: 14 units in stock at expected demand of 0.08 units/day,highly variable weekly demand (CV 1.66)
BR003,MED146,Mefenamic Acid 500mg (Summit Lifesciences),Antipyretics,7,0.675,1.397,3.115,2.973,0.1429,0.1429,49.0,16.48,0,0,0,0.0,0.949,LOW,LOW,0.0,49.0 days of cover: 7 units in stock at expected demand of 0.14 units/day,
BR003,MED147,Mefenamic Acid 500mg (TrueLife Remedies),Antipyretics,4,0.678,1.698,4.548,2.976,0.25,0.25,16.0,9.41,0,0,0,0.0,1.311,LOW,LOW,0.0,16.0 days of cover: 4 units in stock at expected demand of 0.25 units/day,highly variable weekly demand (CV 1.31)
BR003,MED148,Mefenamic Acid 500mg (VitaCure Remedies),Antipyretics,15,1.345,2.806,6.493,4.793,0.2857,0.2857,52.5,21.91,0,0,0,0.0,0.804,LOW,LOW,0.0,52.5 days of cover: 15 units in stock at expected demand of 0.29 units/day,
BR003,MED149,Paracetamol 650mg (Aarogya Formulations),Antipyretics,6,0.875,1.848,4.234,3.174,0.2143,0.2143,28.0,13.23,0,0,2,0.00685,0.709,LOW,LOW,0.0,28.0 days of cover: 6 units in stock at expected demand of 0.21 units/day,
BR003,MED150,Paracetamol 650mg (CarePlus Laboratories),Antipyretics,24,1.026,2.266,4.717,3.325,0.1429,0.1466,163.74,50.53,0,0,0,0.0,1.027,LOW,LOW,0.0,163.7 days of cover: 24 units in stock at expected demand of 0.15 units/day,highly variable weekly demand (CV 1.03)
BR003,MED151,Paracetamol Drops 100mg/ml (Aarogya Formulations),Antipyretics,10,3.119,6.774,15.488,8.613,0.5714,0.5714,17.5,8.13,0,0,5,0.02329,0.771,LOW,LOW,0.0,17.5 days of cover: 10 units in stock at expected demand of 0.57 units/day,
BR003,MED153,Paracetamol Suspension 250mg/5ml (BlueCrest Pharma),Antipyretics,10,0.394,0.761,1.701,2.04,0.0,0.0563,177.66,34.31,0,0,0,0.0,1.661,LOW,LOW,0.0,177.7 days of cover: 10 units in stock at expected demand of 0.06 units/day,highly variable weekly demand (CV 1.66)
BR003,MED156,Paracetamol Suspension 250mg/5ml (TrueLife Remedies),Antipyretics,13,0.493,1.043,2.251,2.14,0.0357,0.0704,184.58,42.52,0,0,0,0.0,0.96,LOW,LOW,0.0,184.6 days of cover: 13 units in stock at expected demand of 0.07 units/day,
BR003,MED157,Paracetamol Suspension 125mg/5ml,Antipyretics,11,0.61,1.278,2.722,2.257,0.0357,0.0871,126.23,34.12,0,0,1,0.00822,1.191,LOW,LOW,0.0,126.2 days of cover: 11 units in stock at expected demand of 0.09 units/day,highly variable weekly demand (CV 1.19)
BR003,MED160,Paracetamol Suspension 125mg/5ml (TrueLife Remedies),Antipyretics,14,0.844,1.904,4.075,3.143,0.1429,0.1429,98.0,31.18,0,0,0,0.0,0.783,LOW,LOW,0.0,98.0 days of cover: 14 units in stock at expected demand of 0.14 units/day,
BR003,MED161,Paracetamol Suspension 125mg/5ml (VitaCure Remedies),Antipyretics,13,0.853,1.834,4.057,3.151,0.1786,0.1786,72.8,28.88,0,0,0,0.0,0.972,LOW,LOW,0.0,72.8 days of cover: 13 units in stock at expected demand of 0.18 units/day,
BR003,MED162,Cetirizine 10mg (ApexLife Pharma),Antihistamines,7,1.671,3.878,9.016,5.119,0.5,0.5,14.0,9.57,2,2,8,0.01781,0.652,LOW,LOW,0.0,14.0 days of cover: 7 units in stock at expected demand of 0.50 units/day,
BR003,MED164,Cetirizine 10mg (LifeSpring Pharma),Antihistamines,25,2.459,5.021,10.03,7.953,0.3214,0.3513,71.17,22.0,0,0,1,0.00137,1.218,LOW,LOW,0.0,71.2 days of cover: 25 units in stock at expected demand of 0.35 units/day,highly variable weekly demand (CV 1.22)
BR003,MED166,Cetirizine 10mg (Summit Lifesciences),Antihistamines,10,1.681,3.78,8.033,5.129,0.2857,0.2857,35.0,13.65,0,0,1,0.00137,0.816,LOW,LOW,0.0,35.0 days of cover: 10 units in stock at expected demand of 0.29 units/day,
BR003,MED167,Cetirizine 10mg (TrueLife Remedies),Antihistamines,30,9.811,19.342,43.696,20.129,1.4643,1.4643,20.49,10.43,0,0,2,0.00685,0.458,LOW,LOW,0.0,20.5 days of cover: 30 units in stock at expected demand of 1.46 units/day,
BR003,MED168,Cetirizine 5mg,Antihistamines,8,0.692,1.552,3.58,2.99,0.1071,0.1071,74.67,18.73,0,0,2,0.00274,1.162,LOW,LOW,0.0,74.7 days of cover: 8 units in stock at expected demand of 0.11 units/day,highly variable weekly demand (CV 1.16)
BR003,MED170,Cetirizine 5mg (CureLine Healthcare),Antihistamines,7,0.427,0.887,1.922,2.074,0.0357,0.061,114.75,23.63,0,0,0,0.0,2.229,LOW,LOW,0.0,114.8 days of cover: 7 units in stock at expected demand of 0.06 units/day,highly variable weekly demand (CV 2.23)
BR003,MED174,Cetirizine 5mg (VitaCure Remedies),Antihistamines,22,0.983,2.338,5.019,3.282,0.1429,0.1429,154.0,46.92,0,0,0,0.0,1.791,LOW,LOW,0.0,154.0 days of cover: 22 units in stock at expected demand of 0.14 units/day,highly variable weekly demand (CV 1.79)
BR003,MED175,Chlorpheniramine 4mg (ApexLife Pharma),Antihistamines,11,0.817,1.77,4.008,3.115,0.1429,0.1429,77.0,24.72,0,0,0,0.0,1.402,LOW,LOW,0.0,77.0 days of cover: 11 units in stock at expected demand of 0.14 units/day,highly variable weekly demand (CV 1.40)
BR003,MED176,Chlorpheniramine 4mg (BlueCrest Pharma),Antihistamines,40,1.016,1.922,5.425,3.315,0.1071,0.1451,275.59,84.46,0,0,1,0.00548,1.2,LOW,LOW,0.0,275.6 days of cover: 40 units in stock at expected demand of 0.15 units/day,highly variable weekly demand (CV 1.20)
BR003,MED177,Chlorpheniramine 4mg (CarePlus Laboratories),Antihistamines,11,1.392,3.006,6.735,4.841,0.2143,0.2143,51.33,15.91,0,0,1,0.00274,1.112,LOW,LOW,0.0,51.3 days of cover: 11 units in stock at expected demand of 0.21 units/day,highly variable weekly demand (CV 1.11)
BR003,MED178,Chlorpheniramine 4mg (HealthAxis Pharma),Antihistamines,9,0.982,2.169,4.992,3.281,0.1786,0.1786,50.4,19.2,0,0,3,0.00685,0.944,LOW,LOW,0.0,50.4 days of cover: 9 units in stock at expected demand of 0.18 units/day,
BR003,MED180,Chlorpheniramine 4mg (VitaCure Remedies),Antihistamines,12,0.461,0.998,2.275,2.108,0.0357,0.0659,182.21,39.85,0,0,0,0.0,1.661,LOW,LOW,0.0,182.2 days of cover: 12 units in stock at expected demand of 0.07 units/day,highly variable weekly demand (CV 1.66)
BR003,MED181,Fexofenadine 120mg (ApexLife Pharma),Antihistamines,13,0.729,1.664,4.384,3.028,0.0714,0.1041,124.83,30.05,0,0,2,0.00685,0.785,LOW,LOW,0.0,124.8 days of cover: 13 units in stock at expected demand of 0.10 units/day,
BR003,MED182,Fexofenadine 120mg (BlueCrest Pharma),Antihistamines,14,4.534,9.805,23.433,10.027,0.75,0.75,18.67,9.77,0,0,2,0.00548,0.537,LOW,LOW,0.0,18.7 days of cover: 14 units in stock at expected demand of 0.75 units/day,
BR003,MED184,Fexofenadine 120mg (LifeSpring Pharma),Antihistamines,16,0.731,1.565,4.242,3.03,0.1071,0.1071,149.33,36.96,0,0,0,0.0,1.187,LOW,LOW,0.0,149.3 days of cover: 16 units in stock at expected demand of 0.11 units/day,highly variable weekly demand (CV 1.19)
BR003,MED185,Fexofenadine 120mg (TrueLife Remedies),Antihistamines,8,0.741,1.57,3.628,3.039,0.1071,0.1071,74.67,18.43,0,0,1,0.00411,1.139,LOW,LOW,0.0,74.7 days of cover: 8 units in stock at expected demand of 0.11 units/day,highly variable weekly demand (CV 1.14)
BR003,MED187,Fexofenadine 180mg (CureLine Healthcare),Antihistamines,6,0.916,1.974,4.73,3.215,0.2857,0.2857,21.0,13.06,0,0,2,0.01233,1.242,LOW,LOW,0.0,21.0 days of cover: 6 units in stock at expected demand of 0.29 units/day,highly variable weekly demand (CV 1.24)
BR003,MED188,Fexofenadine 180mg (HealthAxis Pharma),Antihistamines,6,0.629,1.445,3.308,2.276,0.1429,0.1429,42.0,18.45,0,0,0,0.0,1.477,LOW,LOW,0.0,42.0 days of cover: 6 units in stock at expected demand of 0.14 units/day,highly variable weekly demand (CV 1.48)
BR003,MED189,Fexofenadine 180mg (TrueLife Remedies),Antihistamines,14,0.795,1.809,4.52,3.093,0.1071,0.1136,123.27,31.68,0,0,0,0.0,1.025,LOW,LOW,0.0,123.3 days of cover: 14 units in stock at expected demand of 0.11 units/day,highly variable weekly demand (CV 1.02)
BR003,MED190,Levocetirizine 5mg (Aarogya Formulations),Antihistamines,20,1.559,3.613,9.355,5.007,0.2857,0.2857,70.0,27.96,0,0,0,0.0,0.712,LOW,LOW,0.0,70.0 days of cover: 20 units in stock at expected demand of 0.29 units/day,
BR003,MED192,Levocetirizine 5mg (CureLine Healthcare),Antihistamines,11,1.21,2.679,5.851,4.658,0.2857,0.2857,38.5,16.53,0,0,0,0.0,1.035,LOW,LOW,0.0,38.5 days of cover: 11 units in stock at expected demand of 0.29 units/day,highly variable weekly demand (CV 1.03)
BR003,MED193,Levocetirizine 5mg (LifeSpring Pharma),Antihistamines,21,1.166,2.649,6.032,4.614,0.1786,0.1786,117.6,31.86,0,0,0,0.0,1.064,LOW,LOW,0.0,117.6 days of cover: 21 units in stock at expected demand of 0.18 units/day,highly variable weekly demand (CV 1.06)
BR003,MED195,Levocetirizine 5mg (VitaCure Remedies),Antihistamines,9,0.802,2.019,5.453,3.101,0.3571,0.3571,25.2,20.32,2,2,2,0.00822,1.14,LOW,LOW,0.0,25.2 days of cover: 9 units in stock at expected demand of 0.36 units/day,highly variable weekly demand (CV 1.14)
BR003,MED196,Levocetirizine 2.5mg,Antihistamines,9,0.518,1.161,2.411,2.165,0.0357,0.074,121.62,29.1,0,0,1,0.00685,1.53,LOW,LOW,0.0,121.6 days of cover: 9 units in stock at expected demand of 0.07 units/day,highly variable weekly demand (CV 1.53)
BR003,MED197,Levocetirizine 2.5mg (LifeSpring Pharma),Antihistamines,28,8.925,17.582,40.63,19.243,1.4286,1.4286,19.6,10.19,0,0,3,0.01096,0.696,LOW,LOW,0.0,19.6 days of cover: 28 units in stock at expected demand of 1.43 units/day,
BR003,MED198,Levocetirizine 2.5mg (Stellar Formulations),Antihistamines,6,0.533,1.114,2.619,2.18,0.0714,0.0761,78.8,19.27,0,0,1,0.00274,1.523,LOW,LOW,0.0,78.8 days of cover: 6 units in stock at expected demand of 0.08 units/day,highly variable weekly demand (CV 1.52)
BR003,MED199,Montelukast + Levocetirizine 10mg/5mg (Aarogya Formulations),Antihistamines,6,0.752,1.527,3.638,3.05,0.1786,0.1786,33.6,13.77,0,0,0,0.0,1.47,LOW,LOW,0.0,33.6 days of cover: 6 units in stock at expected demand of 0.18 units/day,highly variable weekly demand (CV 1.47)
BR003,MED201,Montelukast + Levocetirizine 10mg/5mg (NovaMed Laboratories),Antihistamines,15,1.449,3.065,7.211,4.897,0.2857,0.2857,52.5,21.44,0,0,0,0.0,0.801,LOW,LOW,0.0,52.5 days of cover: 15 units in stock at expected demand of 0.29 units/day,
BR003,MED203,Montelukast + Levocetirizine 10mg/5mg (TrueLife Remedies),Antihistamines,7,1.255,2.787,6.368,4.703,0.2857,0.2857,24.5,10.42,0,0,0,0.0,0.984,LOW,LOW,0.0,24.5 days of cover: 7 units in stock at expected demand of 0.29 units/day,
BR003,MED204,Montelukast + Levocetirizine 10mg/5mg (VitaCure Remedies),Antihistamines,10,2.081,4.056,8.992,5.529,0.2857,0.2973,33.64,12.66,0,6,2,0.00959,0.793,LOW,LOW,0.0,33.6 days of cover: 10 units in stock at expected demand of 0.30 units/day,
BR003,MED205,Domperidone 10mg (BlueCrest Pharma),Gastrointestinal,20,3.586,8.096,16.562,9.08,0.4286,0.5123,39.04,15.42,0,2,3,0.00685,0.448,LOW,LOW,0.0,39.0 days of cover: 20 units in stock at expected demand of 0.51 units/day,
BR003,MED207,Domperidone 10mg (CureLine Healthcare),Gastrointestinal,12,0.904,1.965,4.365,3.202,0.25,0.25,48.0,26.23,0,0,0,0.0,0.727,LOW,LOW,0.0,48.0 days of cover: 12 units in stock at expected demand of 0.25 units/day,
BR003,MED208,Domperidone 10mg (HealthAxis Pharma),Gastrointestinal,7,0.494,1.156,2.548,2.141,0.0714,0.0714,98.0,22.89,0,0,0,0.0,1.575,LOW,LOW,0.0,98.0 days of cover: 7 units in stock at expected demand of 0.07 units/day,highly variable weekly demand (CV 1.57)
BR003,MED209,Domperidone 10mg (LifeSpring Pharma),Gastrointestinal,10,0.92,1.972,4.471,3.218,0.1429,0.1429,70.0,21.75,0,0,2,0.00822,1.331,LOW,LOW,0.0,70.0 days of cover: 10 units in stock at expected demand of 0.14 units/day,highly variable weekly demand (CV 1.33)
BR003,MED211,Loperamide 2mg (Aarogya Formulations),Gastrointestinal,9,0.636,1.455,3.117,2.283,0.0714,0.0909,99.06,27.6,0,0,2,0.01096,1.327,LOW,LOW,0.0,99.1 days of cover: 9 units in stock at expected demand of 0.09 units/day,highly variable weekly demand (CV 1.33)
BR003,MED212,Loperamide 2mg (BlueCrest Pharma),Gastrointestinal,26,0.744,1.378,3.005,3.042,0.0714,0.1063,244.62,59.83,0,0,0,0.0,1.53,LOW,LOW,0.0,244.6 days of cover: 26 units in stock at expected demand of 0.11 units/day,highly variable weekly demand (CV 1.53)
BR003,MED213,Loperamide 2mg (LifeSpring Pharma),Gastrointestinal,14,0.705,1.543,3.263,3.004,0.1071,0.1071,130.67,32.62,0,0,0,0.0,1.556,LOW,LOW,0.0,130.7 days of cover: 14 units in stock at expected demand of 0.11 units/day,highly variable weekly demand (CV 1.56)
BR003,MED214,Omeprazole 20mg (Aarogya Formulations),Gastrointestinal,8,0.421,1.03,2.238,2.067,0.0357,0.0601,133.02,27.09,0,0,0,0.0,1.142,LOW,LOW,0.0,133.0 days of cover: 8 units in stock at expected demand of 0.06 units/day,highly variable weekly demand (CV 1.14)
BR003,MED215,Omeprazole 20mg (CarePlus Laboratories),Gastrointestinal,23,6.262,13.637,29.049,11.755,0.8929,0.8946,25.71,13.7,0,0,3,0.01233,0.437,LOW,LOW,0.0,25.7 days of cover: 23 units in stock at expected demand of 0.89 units/day,
BR003,MED216,Omeprazole 20mg (CureLine Healthcare),Gastrointestinal,5,0.707,1.644,3.604,3.005,0.1786,0.1786,28.0,11.65,0,0,1,0.00411,1.257,LOW,LOW,0.0,28.0 days of cover: 5 units in stock at expected demand of 0.18 units/day,highly variable weekly demand (CV 1.26)
BR003,MED217,Omeprazole 20mg (HealthAxis Pharma),Gastrointestinal,22,0.709,1.54,3.107,3.007,0.0714,0.1013,217.21,51.21,0,0,0,0.0,2.229,LOW,LOW,0.0,217.2 days of cover: 22 units in stock at expected demand of 0.10 units/day,highly variable weekly demand (CV 2.23)
BR003,MED220,Omeprazole 20mg (VitaCure Remedies),Gastrointestinal,22,0.987,2.239,5.223,3.285,0.2143,0.2143,102.67,46.88,0,0,0,0.0,1.202,LOW,LOW,0.0,102.7 days of cover: 22 units in stock at expected demand of 0.21 units/day,highly variable weekly demand (CV 1.20)
BR003,MED221,Omeprazole 40mg,Gastrointestinal,7,0.435,1.013,2.32,2.081,0.0357,0.0621,112.64,23.55,0,0,0,0.0,1.171,LOW,LOW,0.0,112.6 days of cover: 7 units in stock at expected demand of 0.06 units/day,highly variable weekly demand (CV 1.17)
BR003,MED222,Omeprazole 40mg (ApexLife Pharma),Gastrointestinal,16,4.699,10.071,21.462,10.192,0.6786,0.6786,23.58,10.99,0,0,1,0.00274,0.559,LOW,LOW,0.0,23.6 days of cover: 16 units in stock at expected demand of 0.68 units/day,
BR003,MED223,Omeprazole 40mg (LifeSpring Pharma),Gastrointestinal,11,3.887,8.441,18.923,9.381,0.6429,0.6429,17.11,8.21,0,0,4,0.01096,0.438,LOW,LOW,0.0,17.1 days of cover: 11 units in stock at expected demand of 0.64 units/day,
BR003,MED224,Omeprazole 40mg (Summit Lifesciences),Gastrointestinal,26,6.186,13.281,28.483,11.679,0.8929,0.8929,29.12,15.58,0,1,3,0.00411,0.542,LOW,LOW,0.0,29.1 days of cover: 26 units in stock at expected demand of 0.89 units/day,
BR003,MED225,Omeprazole 40mg (TrueLife Remedies),Gastrointestinal,13,0.575,1.311,2.775,2.222,0.1071,0.1071,121.33,40.95,0,0,0,0.0,1.368,LOW,LOW,0.0,121.3 days of cover: 13 units in stock at expected demand of 0.11 units/day,highly variable weekly demand (CV 1.37)
BR003,MED226,Ondansetron 4mg (Aarogya Formulations),Gastrointestinal,6,1.532,3.371,7.683,4.981,0.4286,0.4286,14.0,8.43,0,0,4,0.00822,0.763,LOW,LOW,0.0,14.0 days of cover: 6 units in stock at expected demand of 0.43 units/day,
BR003,MED227,Ondansetron 4mg (BlueCrest Pharma),Gastrointestinal,6,0.457,1.104,2.479,2.104,0.0714,0.0714,84.0,19.96,0,0,0,0.0,1.414,LOW,LOW,0.0,84.0 days of cover: 6 units in stock at expected demand of 0.07 units/day,highly variable weekly demand (CV 1.41)
BR003,MED228,Ondansetron 4mg (CarePlus Laboratories),Gastrointestinal,16,0.62,1.377,2.986,2.267,0.0714,0.0886,180.65,49.4,0,0,0,0.0,1.597,LOW,LOW,0.0,180.6 days of cover: 16 units in stock at expected demand of 0.09 units/day,highly variable weekly demand (CV 1.60)
BR003,MED229,Ondansetron 4mg (CureLine Healthcare),Gastrointestinal,24,0.575,1.252,2.993,2.222,0.0,0.0821,292.17,75.61,0,0,1,0.00411,1.76,LOW,LOW,0.0,292.2 days of cover: 24 units in stock at expected demand of 0.08 units/day,highly variable weekly demand (CV 1.76)
BR003,MED230,Ondansetron 4mg (LifeSpring Pharma),Gastrointestinal,10,0.493,1.245,2.978,2.14,0.1071,0.1071,93.33,32.71,0,0,0,0.0,1.459,LOW,LOW,0.0,93.3 days of cover: 10 units in stock at expected demand of 0.11 units/day,highly variable weekly demand (CV 1.46)
BR003,MED231,Ondansetron 4mg (NovaMed Laboratories),Gastrointestinal,6,1.776,3.41,8.444,5.224,0.3571,0.3571,16.8,8.04,0,6,6,0.02466,0.964,LOW,LOW,0.0,16.8 days of cover: 6 units in stock at expected demand of 0.36 units/day,
BR003,MED232,Ondansetron 4mg (Stellar Formulations),Gastrointestinal,16,1.013,2.153,4.69,3.311,0.2143,0.2143,74.67,33.83,0,0,0,0.0,0.724,LOW,LOW,0.0,74.7 days of cover: 16 units in stock at expected demand of 0.21 units/day,
BR003,MED233,Ondansetron 4mg (Summit Lifesciences),Gastrointestinal,17,1.06,2.394,4.229,4.508,0.0714,0.1514,112.26,26.4,0,3,3,0.01233,1.048,LOW,LOW,0.0,112.3 days of cover: 17 units in stock at expected demand of 0.15 units/day,highly variable weekly demand (CV 1.05)
BR003,MED234,Ondansetron 4mg (VitaCure Remedies),Gastrointestinal,32,7.601,16.409,35.842,17.92,1.1786,1.1786,27.15,12.5,0,0,2,0.00685,0.44,LOW,LOW,0.0,27.2 days of cover: 32 units in stock at expected demand of 1.18 units/day,
BR003,MED235,Ondansetron 8mg,Gastrointestinal,20,0.694,1.49,3.198,2.992,0.1071,0.1071,186.67,46.79,0,0,0,0.0,0.992,LOW,LOW,0.0,186.7 days of cover: 20 units in stock at expected demand of 0.11 units/day,
BR003,MED237,Ondansetron 8mg (TrueLife Remedies),Gastrointestinal,14,0.644,1.217,2.416,2.29,0.0,0.092,152.17,42.79,0,0,1,0.00274,1.661,LOW,LOW,0.0,152.2 days of cover: 14 units in stock at expected demand of 0.09 units/day,highly variable weekly demand (CV 1.66)
BR003,MED238,Ondansetron 8mg (VitaCure Remedies),Gastrointestinal,8,2.227,5.0,10.324,7.721,0.4643,0.4643,17.23,7.25,2,2,2,0.00822,0.915,LOW,LOW,0.0,17.2 days of cover: 8 units in stock at expected demand of 0.46 units/day,
BR003,MED240,ORS Powder 21.8g (LifeSpring Pharma),Gastrointestinal,8,1.012,2.126,4.813,3.31,0.2143,0.2143,37.33,16.92,0,0,1,0.00411,1.07,LOW,LOW,0.0,37.3 days of cover: 8 units in stock at expected demand of 0.21 units/day,highly variable weekly demand (CV 1.07)
BR003,MED241,ORS Powder 21.8g (Stellar Formulations),Gastrointestinal,43,8.122,16.606,34.079,18.441,0.8929,1.1603,37.06,16.32,0,0,1,0.00137,0.424,LOW,LOW,0.0,37.1 days of cover: 43 units in stock at expected demand of 1.16 units/day,
BR003,MED242,ORS Powder 21.8g (Summit Lifesciences),Gastrointestinal,4,0.518,1.218,2.508,2.165,0.1786,0.1786,22.4,12.93,0,0,0,0.0,1.368,LOW,LOW,0.0,22.4 days of cover: 4 units in stock at expected demand of 0.18 units/day,highly variable weekly demand (CV 1.37)
BR003,MED243,ORS Powder 21.8g (TrueLife Remedies),Gastrointestinal,10,0.671,1.447,3.482,2.969,0.0714,0.0959,104.32,23.58,0,0,1,0.00274,1.055,LOW,LOW,0.0,104.3 days of cover: 10 units in stock at expected demand of 0.10 units/day,highly variable weekly demand (CV 1.05)
BR003,MED244,ORS Powder 21.8g (VitaCure Remedies),Gastrointestinal,15,0.697,1.511,3.023,2.996,0.0357,0.0996,150.65,35.05,0,0,1,0.00137,1.168,LOW,LOW,0.0,150.6 days of cover: 15 units in stock at expected demand of 0.10 units/day,highly variable weekly demand (CV 1.17)
BR003,MED246,Pantoprazole 40mg (CarePlus Laboratories),Gastrointestinal,6,1.834,4.248,9.683,5.282,0.4286,0.4286,14.0,7.95,0,0,2,0.01507,0.978,LOW,LOW,0.0,14.0 days of cover: 6 units in stock at expected demand of 0.43 units/day,
BR003,MED247,Pantoprazole 40mg (NovaMed Laboratories),Gastrointestinal,17,6.28,12.979,28.145,16.598,1.0357,1.0357,16.41,7.17,0,0,0,0.0,0.387,LOW,LOW,0.0,16.4 days of cover: 17 units in stock at expected demand of 1.04 units/day,
BR003,MED248,Pantoprazole 40mg (TrueLife Remedies),Gastrointestinal,17,0.457,0.913,2.081,2.103,0.0,0.0653,260.39,56.59,0,0,0,0.0,2.143,LOW,LOW,0.0,260.4 days of cover: 17 units in stock at expected demand of 0.07 units/day,highly variable weekly demand (CV 2.14)
BR003,MED249,Pantoprazole 20mg,Gastrointestinal,18,6.465,13.606,29.74,16.784,1.1071,1.1071,16.26,7.51,0,0,4,0.01233,0.389,LOW,LOW,0.0,16.3 days of cover: 18 units in stock at expected demand of 1.11 units/day,
BR003,MED252,Pantoprazole 20mg (CarePlus Laboratories),Gastrointestinal,13,0.783,1.668,3.752,3.082,0.0714,0.1119,116.22,29.53,0,0,1,0.00411,1.218,LOW,LOW,0.0,116.2 days of cover: 13 units in stock at expected demand of 0.11 units/day,highly variable weekly demand (CV 1.22)
BR003,MED253,Pantoprazole 20mg (Stellar Formulations),Gastrointestinal,6,1.346,2.296,6.191,4.794,0.4286,0.4286,14.0,8.76,2,2,2,0.00959,1.049,LOW,LOW,0.0,14.0 days of cover: 6 units in stock at expected demand of 0.43 units/day,highly variable weekly demand (CV 1.05)
BR003,MED254,Pantoprazole 20mg (Summit Lifesciences),Gastrointestinal,9,0.447,1.095,2.28,2.094,0.0357,0.0639,140.94,30.09,0,0,0,0.0,1.233,LOW,LOW,0.0,140.9 days of cover: 9 units in stock at expected demand of 0.06 units/day,highly variable weekly demand (CV 1.23)
BR003,MED255,Pantoprazole 20mg (VitaCure Remedies),Gastrointestinal,21,0.789,1.691,3.609,3.088,0.1071,0.1127,186.31,47.6,0,0,0,0.0,1.625,LOW,LOW,0.0,186.3 days of cover: 21 units in stock at expected demand of 0.11 units/day,highly variable weekly demand (CV 1.62)
BR003,MED256,Amlodipine 5mg (BlueCrest Pharma),Cardiovascular,32,9.321,19.665,43.835,19.64,1.7143,1.7143,18.67,11.41,0,0,0,0.0,0.562,LOW,LOW,0.0,18.7 days of cover: 32 units in stock at expected demand of 1.71 units/day,
BR003,MED258,Amlodipine 5mg (NovaMed Laboratories),Cardiovascular,25,2.596,5.846,12.594,8.09,0.3571,0.3709,67.41,21.63,0,0,1,0.00685,1.291,LOW,LOW,0.0,67.4 days of cover: 25 units in stock at expected demand of 0.37 units/day,highly variable weekly demand (CV 1.29)
BR003,MED259,Amlodipine 5mg (Stellar Formulations),Cardiovascular,16,1.327,3.076,7.239,4.775,0.3214,0.3214,49.78,23.46,0,0,0,0.0,1.013,LOW,LOW,0.0,49.8 days of cover: 16 units in stock at expected demand of 0.32 units/day,highly variable weekly demand (CV 1.01)
BR003,MED260,Amlodipine 5mg (VitaCure Remedies),Cardiovascular,10,1.026,2.176,5.223,3.325,0.3214,0.3214,31.11,21.05,0,0,0,0.0,2.603,LOW,LOW,0.0,31.1 days of cover: 10 units in stock at expected demand of 0.32 units/day,highly variable weekly demand (CV 2.60)
BR003,MED262,Amlodipine 2.5mg (LifeSpring Pharma),Cardiovascular,27,5.367,11.612,26.154,10.86,0.7857,0.7857,34.36,17.4,0,0,0,0.0,0.757,LOW,LOW,0.0,34.4 days of cover: 27 units in stock at expected demand of 0.79 units/day,
BR003,MED263,Amlodipine 2.5mg (Stellar Formulations),Cardiovascular,15,3.035,6.538,16.152,8.529,0.7143,0.7143,21.0,12.31,1,1,2,0.00274,0.758,LOW,LOW,0.0,21.0 days of cover: 15 units in stock at expected demand of 0.71 units/day,
BR003,MED264,Amlodipine 2.5mg (Summit Lifesciences),Cardiovascular,30,9.919,19.705,44.366,20.238,1.6786,1.6786,17.87,10.38,0,0,7,0.01918,0.38,LOW,LOW,0.0,17.9 days of cover: 30 units in stock at expected demand of 1.68 units/day,
BR003,MED265,Amlodipine 2.5mg (TrueLife Remedies),Cardiovascular,53,24.86,49.595,108.603,35.179,3.5714,3.5714,14.84,10.55,0,0,0,0.0,0.324,LOW,LOW,0.0,14.8 days of cover: 53 units in stock at expected demand of 3.57 units/day,
BR003,MED266,Amlodipine 2.5mg (VitaCure Remedies),Cardiovascular,7,0.67,1.38,3.202,2.968,0.1071,0.1071,65.33,16.51,0,0,2,0.00959,1.546,LOW,LOW,0.0,65.3 days of cover: 7 units in stock at expected demand of 0.11 units/day,highly variable weekly demand (CV 1.55)
BR003,MED267,Amlodipine 10mg,Cardiovascular,21,1.38,3.165,7.245,4.828,0.1786,0.1971,106.52,30.45,0,0,3,0.01781,1.56,LOW,LOW,0.0,106.5 days of cover: 21 units in stock at expected demand of 0.20 units/day,highly variable weekly demand (CV 1.56)
BR003,MED268,Amlodipine 10mg (LifeSpring Pharma),Cardiovascular,4,0.507,1.111,2.698,2.154,0.1429,0.1429,28.0,13.0,0,0,1,0.00548,1.342,LOW,LOW,0.0,28.0 days of cover: 4 units in stock at expected demand of 0.14 units/day,highly variable weekly demand (CV 1.34)
BR003,MED271,Aspirin 75mg (ApexLife Pharma),Cardiovascular,12,0.485,1.05,2.313,2.131,0.0,0.0693,173.2,39.42,0,0,0,0.0,2.072,LOW,LOW,0.0,173.2 days of cover: 12 units in stock at expected demand of 0.07 units/day,highly variable weekly demand (CV 2.07)
BR003,MED273,Aspirin 75mg (CureLine Healthcare),Cardiovascular,13,4.617,10.235,22.8,10.11,0.7857,0.7857,16.55,9.0,0,0,3,0.00685,0.699,LOW,LOW,0.0,16.5 days of cover: 13 units in stock at expected demand of 0.79 units/day,
BR003,MED274,Aspirin 75mg (LifeSpring Pharma),Cardiovascular,13,0.453,1.077,2.297,2.1,0.0,0.0647,200.88,43.33,0,0,0,0.0,2.824,LOW,LOW,0.0,200.9 days of cover: 13 units in stock at expected demand of 0.06 units/day,highly variable weekly demand (CV 2.82)
BR003,MED276,Aspirin 75mg (Stellar Formulations),Cardiovascular,65,11.296,24.638,53.604,21.615,1.5357,1.6137,40.28,21.05,0,0,2,0.00411,0.429,LOW,LOW,0.0,40.3 days of cover: 65 units in stock at expected demand of 1.61 units/day,
BR003,MED277,Aspirin 150mg,Cardiovascular,6,0.5,1.172,2.671,2.147,0.0357,0.0714,84.0,19.56,0,0,2,0.0137,2.117,LOW,LOW,0.0,84.0 days of cover: 6 units in stock at expected demand of 0.07 units/day,highly variable weekly demand (CV 2.12)
BR003,MED279,Aspirin 150mg (Summit Lifesciences),Cardiovascular,7,0.695,1.447,3.989,2.994,0.1786,0.1786,39.2,16.37,0,0,1,0.00548,1.096,LOW,LOW,0.0,39.2 days of cover: 7 units in stock at expected demand of 0.18 units/day,highly variable weekly demand (CV 1.10)
BR003,MED281,Atorvastatin 10mg (Aarogya Formulations),Cardiovascular,13,0.697,1.575,3.976,2.995,0.0357,0.0996,130.56,30.38,0,0,1,0.0137,1.467,LOW,LOW,0.0,130.6 days of cover: 13 units in stock at expected demand of 0.10 units/day,highly variable weekly demand (CV 1.47)
BR003,MED282,Atorvastatin 10mg (ApexLife Pharma),Cardiovascular,10,1.876,4.366,9.94,5.324,0.5357,0.5357,18.67,13.15,0,0,1,0.00548,0.851,LOW,LOW,0.0,18.7 days of cover: 10 units in stock at expected demand of 0.54 units/day,
BR003,MED284,Atorvastatin 10mg (Summit Lifesciences),Cardiovascular,27,9.299,18.922,42.515,19.618,1.6071,1.6071,16.8,9.63,0,0,2,0.01233,0.473,LOW,LOW,0.0,16.8 days of cover: 27 units in stock at expected demand of 1.61 units/day,
BR003,MED286,Atorvastatin 20mg (BlueCrest Pharma),Cardiovascular,24,7.058,15.045,33.032,17.377,1.0714,1.0714,22.4,9.67,0,0,5,0.02329,0.654,LOW,LOW,0.0,22.4 days of cover: 24 units in stock at expected demand of 1.07 units/day,
BR003,MED287,Atorvastatin 20mg (CarePlus Laboratories),Cardiovascular,24,1.919,4.492,9.494,5.367,0.2857,0.2857,84.0,31.3,0,0,0,0.0,0.935,LOW,LOW,0.0,84.0 days of cover: 24 units in stock at expected demand of 0.29 units/day,
BR003,MED289,Atorvastatin 40mg (CureLine Healthcare),Cardiovascular,22,0.742,1.544,3.577,3.04,0.0,0.106,207.55,50.66,0,0,1,0.00274,2.059,LOW,LOW,0.0,207.5 days of cover: 22 units in stock at expected demand of 0.11 units/day,highly variable weekly demand (CV 2.06)
BR003,MED290,Atorvastatin 40mg (LifeSpring Pharma),Cardiovascular,8,0.432,0.929,2.263,2.079,0.0,0.0617,129.63,26.94,0,0,0,0.0,1.786,LOW,LOW,0.0,129.6 days of cover: 8 units in stock at expected demand of 0.06 units/day,highly variable weekly demand (CV 1.79)
BR003,MED291,Atorvastatin 40mg (VitaCure Remedies),Cardiovascular,18,0.619,1.383,2.712,2.265,0.0357,0.0884,203.55,55.63,0,0,0,0.0,1.454,LOW,LOW,0.0,203.6 days of cover: 18 units in stock at expected demand of 0.09 units/day,highly variable weekly demand (CV 1.45)
BR003,MED292,Clopidogrel 75mg (Aarogya Formulations),Cardiovascular,25,8.64,18.057,40.717,18.959,1.5,1.5,16.67,9.23,0,0,2,0.01233,0.551,LOW,LOW,0.0,16.7 days of cover: 25 units in stock at expected demand of 1.50 units/day,
BR003,MED293,Clopidogrel 75mg (BlueCrest Pharma),Cardiovascular,20,3.616,8.669,19.201,9.11,0.6786,0.6786,29.47,15.37,0,0,0,0.0,0.602,LOW,LOW,0.0,29.5 days of cover: 20 units in stock at expected demand of 0.68 units/day,
BR003,MED294,Clopidogrel 75mg (CureLine Healthcare),Cardiovascular,22,0.792,1.743,4.061,3.09,0.0714,0.1131,194.44,49.84,0,0,0,0.0,1.224,LOW,LOW,0.0,194.4 days of cover: 22 units in stock at expected demand of 0.11 units/day,highly variable weekly demand (CV 1.22)
BR003,MED295,Clopidogrel 75mg (NovaMed Laboratories),Cardiovascular,12,0.79,1.742,4.069,3.088,0.1071,0.1129,106.33,27.2,0,0,1,0.00411,1.203,LOW,LOW,0.0,106.3 days of cover: 12 units in stock at expected demand of 0.11 units/day,highly variable weekly demand (CV 1.20)
BR003,MED297,Losartan 50mg (Aarogya Formulations),Cardiovascular,13,1.939,4.162,8.4,5.388,0.2857,0.2857,45.5,16.89,0,0,2,0.01644,1.402,LOW,LOW,0.0,45.5 days of cover: 13 units in stock at expected demand of 0.29 units/day,highly variable weekly demand (CV 1.40)
BR003,MED298,Losartan 50mg (CarePlus Laboratories),Cardiovascular,9,0.924,1.946,4.731,3.222,0.25,0.25,36.0,19.55,0,0,1,0.00822,0.974,LOW,LOW,0.0,36.0 days of cover: 9 units in stock at expected demand of 0.25 units/day,
BR003,MED299,Losartan 50mg (NovaMed Laboratories),Cardiovascular,122,43.196,81.841,173.233,53.515,5.6786,6.1709,19.77,15.96,0,3,3,0.00685,0.248,LOW,LOW,0.0,19.8 days of cover: 122 units in stock at expected demand of 6.17 units/day,
BR003,MED300,Losartan 25mg,Cardiovascular,11,0.904,2.285,5.043,3.202,0.2143,0.2143,51.33,24.05,0,0,0,0.0,1.752,LOW,LOW,0.0,51.3 days of cover: 11 units in stock at expected demand of 0.21 units/day,highly variable weekly demand (CV 1.75)
BR003,MED301,Losartan 25mg (CarePlus Laboratories),Cardiovascular,163,61.948,125.68,268.866,72.267,9.1071,9.1071,17.9,15.79,0,0,1,0.00685,0.275,LOW,LOW,0.0,17.9 days of cover: 163 units in stock at expected demand of 9.11 units/day,
BR003,MED303,Losartan 25mg (NovaMed Laboratories),Cardiovascular,10,0.684,1.483,3.564,2.982,0.1071,0.1071,93.33,23.47,0,0,3,0.01507,1.142,LOW,LOW,0.0,93.3 days of cover: 10 units in stock at expected demand of 0.11 units/day,highly variable weekly demand (CV 1.14)
BR003,MED304,Losartan 25mg (Summit Lifesciences),Cardiovascular,7,0.686,1.513,3.643,2.984,0.1429,0.1429,49.0,16.42,0,0,0,0.0,1.972,LOW,LOW,0.0,49.0 days of cover: 7 units in stock at expected demand of 0.14 units/day,highly variable weekly demand (CV 1.97)
BR003,MED305,Losartan 25mg (TrueLife Remedies),Cardiovascular,47,9.942,21.686,46.976,20.26,1.5,1.5,31.33,16.24,0,0,1,0.00548,0.521,LOW,LOW,0.0,31.3 days of cover: 47 units in stock at expected demand of 1.50 units/day,
BR003,MED308,Metoprolol 50mg (CureLine Healthcare),Cardiovascular,20,1.657,4.08,9.154,5.105,0.3929,0.3929,50.91,27.42,0,0,0,0.0,0.637,LOW,LOW,0.0,50.9 days of cover: 20 units in stock at expected demand of 0.39 units/day,
BR003,MED309,Metoprolol 50mg (NovaMed Laboratories),Cardiovascular,15,1.38,2.644,6.307,4.828,0.25,0.25,60.0,21.75,0,0,0,0.0,1.081,LOW,LOW,0.0,60.0 days of cover: 15 units in stock at expected demand of 0.25 units/day,highly variable weekly demand (CV 1.08)
BR003,MED310,Metoprolol 25mg,Cardiovascular,37,9.38,19.877,43.571,19.699,1.6786,1.6786,22.04,13.15,0,0,5,0.01644,0.557,LOW,LOW,0.0,22.0 days of cover: 37 units in stock at expected demand of 1.68 units/day,
BR003,MED312,Metoprolol 25mg (HealthAxis Pharma),Cardiovascular,16,2.136,4.886,10.588,7.63,0.5357,0.5357,29.87,14.68,0,0,4,0.0137,1.384,LOW,LOW,0.0,29.9 days of cover: 16 units in stock at expected demand of 0.54 units/day,highly variable weekly demand (CV 1.38)
BR003,MED313,Metoprolol 25mg (LifeSpring Pharma),Cardiovascular,5,0.869,1.861,5.032,3.167,0.3571,0.3571,14.0,11.05,0,0,3,0.01781,1.333,LOW,LOW,0.0,14.0 days of cover: 5 units in stock at expected demand of 0.36 units/day,highly variable weekly demand (CV 1.33)
BR003,MED314,Rosuvastatin 10mg (BlueCrest Pharma),Cardiovascular,30,6.541,14.789,31.042,16.859,0.7143,0.9344,32.11,12.46,0,0,3,0.02192,0.579,LOW,LOW,0.0,32.1 days of cover: 30 units in stock at expected demand of 0.93 units/day,
BR003,MED315,Rosuvastatin 10mg (NovaMed Laboratories),Cardiovascular,34,0.742,1.42,4.171,3.04,0.0357,0.106,320.75,78.29,0,0,1,0.00959,2.153,LOW,LOW,0.0,320.8 days of cover: 34 units in stock at expected demand of 0.11 units/day,highly variable weekly demand (CV 2.15)
BR003,MED316,Rosuvastatin 10mg (Summit Lifesciences),Cardiovascular,40,8.938,19.601,42.973,19.256,1.3571,1.3571,29.47,14.54,0,0,2,0.00411,0.528,LOW,LOW,0.0,29.5 days of cover: 40 units in stock at expected demand of 1.36 units/day,
BR003,MED317,Rosuvastatin 5mg,Cardiovascular,16,3.108,6.481,15.37,8.602,0.6786,0.6786,23.58,13.02,0,0,1,0.00137,1.567,LOW,LOW,0.0,23.6 days of cover: 16 units in stock at expected demand of 0.68 units/day,highly variable weekly demand (CV 1.57)
BR003,MED318,Rosuvastatin 5mg (BlueCrest Pharma),Cardiovascular,12,0.905,1.913,4.804,3.203,0.1429,0.1429,84.0,26.23,0,0,1,0.00274,2.191,LOW,LOW,0.0,84.0 days of cover: 12 units in stock at expected demand of 0.14 units/day,highly variable weekly demand (CV 2.19)
BR003,MED321,Rosuvastatin 5mg (VitaCure Remedies),Cardiovascular,9,0.961,2.145,4.934,3.259,0.1786,0.1786,50.4,19.33,0,0,1,0.00411,0.938,LOW,LOW,0.0,50.4 days of cover: 9 units in stock at expected demand of 0.18 units/day,
BR003,MED322,Rosuvastatin 20mg,Cardiovascular,17,3.657,8.753,21.322,9.151,0.8214,0.8214,20.7,13.0,0,0,2,0.00548,0.804,LOW,LOW,0.0,20.7 days of cover: 17 units in stock at expected demand of 0.82 units/day,
BR003,MED325,Rosuvastatin 20mg (Summit Lifesciences),Cardiovascular,10,0.748,1.574,3.906,3.047,0.1429,0.1429,70.0,22.97,0,0,0,0.0,1.667,LOW,LOW,0.0,70.0 days of cover: 10 units in stock at expected demand of 0.14 units/day,highly variable weekly demand (CV 1.67)
BR003,MED328,Telmisartan 40mg (CureLine Healthcare),Cardiovascular,36,0.828,2.267,5.612,3.126,0.1071,0.1183,304.35,80.61,0,0,0,0.0,1.673,LOW,LOW,0.0,304.3 days of cover: 36 units in stock at expected demand of 0.12 units/day,highly variable weekly demand (CV 1.67)
BR003,MED329,Telmisartan 40mg (NovaMed Laboratories),Cardiovascular,66,31.11,62.787,142.192,41.429,4.5357,4.5357,14.55,11.15,0,0,2,0.00274,0.259,LOW,LOW,0.0,14.6 days of cover: 66 units in stock at expected demand of 4.54 units/day,
BR003,MED330,Telmisartan 40mg (Stellar Formulations),Cardiovascular,6,0.577,1.336,3.479,2.223,0.1786,0.1786,33.6,18.89,0,0,1,0.00137,1.257,LOW,LOW,0.0,33.6 days of cover: 6 units in stock at expected demand of 0.18 units/day,highly variable weekly demand (CV 1.26)
BR003,MED331,Telmisartan 40mg (VitaCure Remedies),Cardiovascular,23,0.742,1.544,3.609,3.04,0.0,0.106,216.98,52.96,0,0,3,0.00959,1.131,LOW,LOW,0.0,217.0 days of cover: 23 units in stock at expected demand of 0.11 units/day,highly variable weekly demand (CV 1.13)
BR003,MED333,Telmisartan 20mg (HealthAxis Pharma),Cardiovascular,15,1.934,3.842,9.642,5.382,0.4643,0.4643,32.31,19.51,0,0,0,0.0,1.245,LOW,LOW,0.0,32.3 days of cover: 15 units in stock at expected demand of 0.46 units/day,highly variable weekly demand (CV 1.24)
BR003,MED334,Telmisartan 20mg (LifeSpring Pharma),Cardiovascular,6,1.007,2.194,5.833,3.305,0.3571,0.3571,16.8,12.71,0,0,2,0.00685,1.176,LOW,LOW,0.0,16.8 days of cover: 6 units in stock at expected demand of 0.36 units/day,highly variable weekly demand (CV 1.18)
BR003,MED335,Telmisartan 20mg (Summit Lifesciences),Cardiovascular,5,0.881,1.987,5.21,3.179,0.3571,0.3571,14.0,11.01,0,0,2,0.01096,1.325,LOW,LOW,0.0,14.0 days of cover: 5 units in stock at expected demand of 0.36 units/day,highly variable weekly demand (CV 1.33)
BR003,MED336,Telmisartan 80mg,Cardiovascular,15,0.719,1.653,4.276,3.017,0.1071,0.1071,140.0,34.8,0,0,0,0.0,1.229,LOW,LOW,0.0,140.0 days of cover: 15 units in stock at expected demand of 0.11 units/day,highly variable weekly demand (CV 1.23)
BR003,MED337,Telmisartan 80mg (ApexLife Pharma),Cardiovascular,21,2.767,5.971,13.025,8.261,0.4286,0.4286,49.0,17.79,0,2,1,0.00274,1.07,LOW,LOW,0.0,49.0 days of cover: 21 units in stock at expected demand of 0.43 units/day,highly variable weekly demand (CV 1.07)
BR003,MED338,Telmisartan 80mg (BlueCrest Pharma),Cardiovascular,26,8.733,17.812,40.545,19.052,1.4643,1.4643,17.76,9.55,0,6,2,0.01644,0.507,LOW,LOW,0.0,17.8 days of cover: 26 units in stock at expected demand of 1.46 units/day,
BR003,MED339,Telmisartan 80mg (CureLine Healthcare),Cardiovascular,15,1.611,3.66,9.256,5.059,0.4286,0.4286,35.0,20.76,0,0,0,0.0,1.091,LOW,LOW,0.0,35.0 days of cover: 15 units in stock at expected demand of 0.43 units/day,highly variable weekly demand (CV 1.09)
BR003,MED340,Telmisartan 80mg (NovaMed Laboratories),Cardiovascular,16,0.743,1.735,4.368,3.042,0.1071,0.1071,149.33,36.82,0,0,0,0.0,1.34,LOW,LOW,0.0,149.3 days of cover: 16 units in stock at expected demand of 0.11 units/day,highly variable weekly demand (CV 1.34)
BR003,MED341,Telmisartan 80mg (Stellar Formulations),Cardiovascular,10,3.204,6.861,15.917,8.698,0.6071,0.6071,16.47,8.05,0,0,5,0.01918,0.933,LOW,LOW,0.0,16.5 days of cover: 10 units in stock at expected demand of 0.61 units/day,
BR003,MED343,Telmisartan 80mg (TrueLife Remedies),Cardiovascular,36,8.685,18.885,40.608,19.004,1.3214,1.3214,27.24,13.26,0,0,1,0.00548,0.659,LOW,LOW,0.0,27.2 days of cover: 36 units in stock at expected demand of 1.32 units/day,
BR003,MED344,Gliclazide 80mg (Aarogya Formulations),Antidiabetic,47,13.322,29.328,63.539,23.64,2.1429,2.1429,21.93,13.92,0,0,2,0.00822,0.368,LOW,LOW,0.0,21.9 days of cover: 47 units in stock at expected demand of 2.14 units/day,
BR003,MED345,Gliclazide 80mg (BlueCrest Pharma),Antidiabetic,9,1.222,2.551,6.488,4.67,0.2857,0.2857,31.5,13.49,0,0,1,0.00548,0.838,LOW,LOW,0.0,31.5 days of cover: 9 units in stock at expected demand of 0.29 units/day,
BR003,MED346,Gliclazide 80mg (CarePlus Laboratories),Antidiabetic,18,3.282,7.78,17.196,8.776,0.5357,0.5357,33.6,14.36,0,0,4,0.01233,0.625,LOW,LOW,0.0,33.6 days of cover: 18 units in stock at expected demand of 0.54 units/day,
BR003,MED347,Gliclazide 80mg (LifeSpring Pharma),Antidiabetic,13,3.232,6.691,15.942,8.726,0.6071,0.6071,21.41,10.43,0,0,1,0.00822,0.918,LOW,LOW,0.0,21.4 days of cover: 13 units in stock at expected demand of 0.61 units/day,
BR003,MED348,Gliclazide 80mg (TrueLife Remedies),Antidiabetic,10,1.098,2.39,6.231,4.546,0.25,0.25,40.0,15.4,0,0,1,0.00411,1.619,LOW,LOW,0.0,40.0 days of cover: 10 units in stock at expected demand of 0.25 units/day,highly variable weekly demand (CV 1.62)
BR003,MED350,Gliclazide 40mg (BlueCrest Pharma),Antidiabetic,9,0.99,2.049,4.98,3.288,0.1786,0.1786,50.4,19.16,0,0,1,0.00548,1.102,LOW,LOW,0.0,50.4 days of cover: 9 units in stock at expected demand of 0.18 units/day,highly variable weekly demand (CV 1.10)
BR003,MED351,Gliclazide 40mg (Lumina Pharma),Antidiabetic,16,2.551,5.446,12.175,8.045,0.5714,0.5714,28.0,13.92,0,0,2,0.00411,0.853,LOW,LOW,0.0,28.0 days of cover: 16 units in stock at expected demand of 0.57 units/day,
BR003,MED353,Gliclazide 40mg (Stellar Formulations),Antidiabetic,12,1.045,2.254,6.121,4.494,0.1071,0.1493,80.38,18.69,0,0,1,0.00685,1.419,LOW,LOW,0.0,80.4 days of cover: 12 units in stock at expected demand of 0.15 units/day,highly variable weekly demand (CV 1.42)
BR003,MED355,Glimepiride 2mg (BlueCrest Pharma),Antidiabetic,10,1.02,2.224,5.321,3.318,0.1786,0.1786,56.0,21.1,0,0,2,0.00411,1.222,LOW,LOW,0.0,56.0 days of cover: 10 units in stock at expected demand of 0.18 units/day,highly variable weekly demand (CV 1.22)
BR003,MED356,Glimepiride 2mg (CarePlus Laboratories),Antidiabetic,23,5.662,11.347,24.174,11.155,0.7143,0.8089,28.44,14.43,0,8,2,0.0137,0.738,LOW,LOW,0.0,28.4 days of cover: 23 units in stock at expected demand of 0.81 units/day,
BR003,MED358,Glimepiride 2mg (VitaCure Remedies),Antidiabetic,23,6.426,12.73,29.095,16.745,1.0,1.0,23.0,9.61,0,1,4,0.00822,0.644,LOW,LOW,0.0,23.0 days of cover: 23 units in stock at expected demand of 1.00 units/day,
BR003,MED359,Glimepiride 1mg,Antidiabetic,17,0.623,1.376,2.867,2.27,0.0357,0.089,191.01,52.42,0,0,0,0.0,2.303,LOW,LOW,0.0,191.0 days of cover: 17 units in stock at expected demand of 0.09 units/day,highly variable weekly demand (CV 2.30)
BR003,MED361,Glimepiride 1mg (CureLine Healthcare),Antidiabetic,20,6.936,15.16,33.521,17.255,1.2143,1.2143,16.47,8.11,0,0,5,0.01781,0.488,LOW,LOW,0.0,16.5 days of cover: 20 units in stock at expected demand of 1.21 units/day,
BR003,MED363,Glimepiride 1mg (Summit Lifesciences),Antidiabetic,21,1.871,4.395,10.736,5.319,0.4643,0.4643,45.23,27.64,0,0,0,0.0,0.822,LOW,LOW,0.0,45.2 days of cover: 21 units in stock at expected demand of 0.46 units/day,
BR003,MED364,Glimepiride 1mg (TrueLife Remedies),Antidiabetic,28,6.096,13.149,27.912,11.59,0.6786,0.8709,32.15,16.91,0,0,4,0.02192,0.561,LOW,LOW,0.0,32.2 days of cover: 28 units in stock at expected demand of 0.87 units/day,
BR003,MED365,Glimepiride 3mg,Antidiabetic,8,0.732,1.668,4.246,3.03,0.0714,0.1046,76.5,18.48,0,0,1,0.01507,1.035,LOW,LOW,0.0,76.5 days of cover: 8 units in stock at expected demand of 0.10 units/day,highly variable weekly demand (CV 1.03)
BR003,MED366,Glimepiride 3mg (ApexLife Pharma),Antidiabetic,29,8.497,17.971,40.125,18.816,1.3929,1.3929,20.82,10.79,0,0,2,0.00822,0.51,LOW,LOW,0.0,20.8 days of cover: 29 units in stock at expected demand of 1.39 units/day,
BR003,MED367,Glimepiride 3mg (CureLine Healthcare),Antidiabetic,19,3.311,7.165,14.518,8.805,0.5714,0.5714,33.25,15.11,0,2,3,0.01781,1.12,LOW,LOW,0.0,33.2 days of cover: 19 units in stock at expected demand of 0.57 units/day,highly variable weekly demand (CV 1.12)
BR003,MED368,Glimepiride 3mg (NovaMed Laboratories),Antidiabetic,18,0.776,1.752,3.871,3.074,0.0714,0.1109,162.37,40.99,0,0,0,0.0,1.557,LOW,LOW,0.0,162.4 days of cover: 18 units in stock at expected demand of 0.11 units/day,highly variable weekly demand (CV 1.56)
BR003,MED369,Glimepiride 3mg (Stellar Formulations),Antidiabetic,10,2.346,4.726,11.229,7.839,0.4286,0.4286,23.33,8.93,0,1,1,0.00137,1.021,LOW,LOW,0.0,23.3 days of cover: 10 units in stock at expected demand of 0.43 units/day,highly variable weekly demand (CV 1.02)
BR003,MED371,Glimepiride 3mg (TrueLife Remedies),Antidiabetic,18,0.539,1.132,2.359,2.185,0.0,0.077,233.77,57.67,0,0,0,0.0,2.208,LOW,LOW,0.0,233.8 days of cover: 18 units in stock at expected demand of 0.08 units/day,highly variable weekly demand (CV 2.21)
BR003,MED372,Glimepiride 3mg (VitaCure Remedies),Antidiabetic,21,1.452,3.568,8.7,4.9,0.1786,0.2074,101.24,30.0,0,0,1,0.00137,1.526,LOW,LOW,0.0,101.2 days of cover: 21 units in stock at expected demand of 0.21 units/day,highly variable weekly demand (CV 1.53)
BR003,MED373,Glimepiride + Metformin 2mg/500mg (Aarogya Formulations),Antidiabetic,8,0.915,1.868,4.445,3.213,0.1429,0.1429,56.0,17.43,0,0,1,0.00274,1.337,LOW,LOW,0.0,56.0 days of cover: 8 units in stock at expected demand of 0.14 units/day,highly variable weekly demand (CV 1.34)
BR003,MED375,Glimepiride + Metformin 2mg/500mg (Summit Lifesciences),Antidiabetic,5,0.526,1.139,2.618,2.172,0.0357,0.0751,66.54,16.11,0,0,1,0.00411,1.544,LOW,LOW,0.0,66.5 days of cover: 5 units in stock at expected demand of 0.08 units/day,highly variable weekly demand (CV 1.54)
BR003,MED376,Glimepiride + Metformin 1mg/500mg,Antidiabetic,18,2.395,5.683,12.657,7.888,0.3929,0.3929,45.82,15.97,0,0,3,0.01644,0.874,LOW,LOW,0.0,45.8 days of cover: 18 units in stock at expected demand of 0.39 units/day,
BR003,MED377,Glimepiride + Metformin 1mg/500mg (CarePlus Laboratories),Antidiabetic,18,2.151,4.647,10.736,7.645,0.5357,0.5357,33.6,16.48,0,0,0,0.0,1.44,LOW,LOW,0.0,33.6 days of cover: 18 units in stock at expected demand of 0.54 units/day,highly variable weekly demand (CV 1.44)
BR003,MED379,Glimepiride + Metformin 1mg/500mg (Summit Lifesciences),Antidiabetic,9,1.212,2.538,6.362,4.66,0.2857,0.2857,31.5,13.52,0,0,1,0.00137,1.122,LOW,LOW,0.0,31.5 days of cover: 9 units in stock at expected demand of 0.29 units/day,highly variable weekly demand (CV 1.12)
BR003,MED382,Metformin 500mg (CureLine Healthcare),Antidiabetic,9,1.894,4.275,10.436,5.343,0.5357,0.5357,16.8,11.79,0,0,0,0.0,0.942,LOW,LOW,0.0,16.8 days of cover: 9 units in stock at expected demand of 0.54 units/day,
BR003,MED384,Metformin 500mg (TrueLife Remedies),Antidiabetic,5,0.933,2.323,5.807,3.231,0.2857,0.2857,17.5,10.83,0,0,1,0.00685,0.995,LOW,LOW,0.0,17.5 days of cover: 5 units in stock at expected demand of 0.29 units/day,
BR003,MED387,Metformin 850mg (Stellar Formulations),Antidiabetic,8,1.014,2.348,5.933,3.312,0.2857,0.2857,28.0,16.91,0,0,3,0.01233,1.288,LOW,LOW,0.0,28.0 days of cover: 8 units in stock at expected demand of 0.29 units/day,highly variable weekly demand (CV 1.29)
BR003,MED388,Metformin 850mg (VitaCure Remedies),Antidiabetic,7,0.931,1.658,3.511,3.229,0.1429,0.1429,49.0,15.17,0,0,2,0.01096,1.837,LOW,LOW,0.0,49.0 days of cover: 7 units in stock at expected demand of 0.14 units/day,highly variable weekly demand (CV 1.84)
BR003,MED389,Metformin 1000mg,Antidiabetic,18,1.973,4.709,9.893,5.422,0.3571,0.3571,50.4,23.24,0,0,2,0.00685,1.37,LOW,LOW,0.0,50.4 days of cover: 18 units in stock at expected demand of 0.36 units/day,highly variable weekly demand (CV 1.37)
BR003,MED390,Metformin 1000mg (BlueCrest Pharma),Antidiabetic,13,1.504,3.509,8.27,4.953,0.3929,0.3929,33.09,18.37,0,0,1,0.00548,0.894,LOW,LOW,0.0,33.1 days of cover: 13 units in stock at expected demand of 0.39 units/day,
BR003,MED393,Metformin 1000mg (TrueLife Remedies),Antidiabetic,13,2.092,4.395,10.246,5.54,0.4286,0.4286,30.33,16.43,0,0,4,0.01781,0.867,LOW,LOW,0.0,30.3 days of cover: 13 units in stock at expected demand of 0.43 units/day,
BR003,MED394,Sitagliptin 100mg (BlueCrest Pharma),Antidiabetic,15,0.856,1.962,4.636,3.154,0.1071,0.1223,122.66,33.29,0,0,0,0.0,1.507,LOW,LOW,0.0,122.7 days of cover: 15 units in stock at expected demand of 0.12 units/day,highly variable weekly demand (CV 1.51)
BR003,MED395,Sitagliptin 100mg (CarePlus Laboratories),Antidiabetic,49,11.792,24.49,53.814,22.111,1.8214,1.8214,26.9,15.51,0,0,2,0.00959,0.509,LOW,LOW,0.0,26.9 days of cover: 49 units in stock at expected demand of 1.82 units/day,
BR003,MED396,Sitagliptin 100mg (HealthAxis Pharma),Antidiabetic,175,61.281,124.57,267.12,71.599,8.6429,8.7544,19.99,17.11,0,0,0,0.0,0.183,LOW,LOW,0.0,20.0 days of cover: 175 units in stock at expected demand of 8.75 units/day,
BR003,MED400,Sitagliptin 50mg (Crestview Pharma),Antidiabetic,7,1.379,3.345,7.846,4.827,0.4286,0.4286,16.33,10.15,0,0,0,0.0,1.176,LOW,LOW,0.0,16.3 days of cover: 7 units in stock at expected demand of 0.43 units/day,highly variable weekly demand (CV 1.18)
BR003,MED401,Sitagliptin 50mg (HealthAxis Pharma),Antidiabetic,18,0.947,2.023,4.888,3.245,0.0357,0.1353,133.05,38.83,0,2,2,0.00822,1.484,LOW,LOW,0.0,133.1 days of cover: 18 units in stock at expected demand of 0.14 units/day,highly variable weekly demand (CV 1.48)
BR003,MED403,Sitagliptin 50mg (Stellar Formulations),Antidiabetic,9,1.3,2.606,6.718,4.748,0.2857,0.2857,31.5,13.27,0,0,1,0.00137,0.818,LOW,LOW,0.0,31.5 days of cover: 9 units in stock at expected demand of 0.29 units/day,
BR003,MED404,Sitagliptin 50mg (Summit Lifesciences),Antidiabetic,10,1.268,2.231,5.446,4.716,0.25,0.25,40.0,14.84,2,2,2,0.00411,1.123,LOW,LOW,0.0,40.0 days of cover: 10 units in stock at expected demand of 0.25 units/day,highly variable weekly demand (CV 1.12)
BR003,MED406,Ambroxol + Levosalbutamol Syrup 100ml (Aarogya Formulations),Respiratory,15,1.712,3.751,8.699,5.16,0.25,0.25,60.0,20.35,0,0,4,0.01644,0.869,LOW,LOW,0.0,60.0 days of cover: 15 units in stock at expected demand of 0.25 units/day,
BR003,MED407,Ambroxol + Levosalbutamol Syrup 100ml (NovaMed Laboratories),Respiratory,15,5.937,12.326,27.54,11.431,1.0714,1.0714,14.0,9.19,0,0,1,0.00137,0.567,LOW,LOW,0.0,14.0 days of cover: 15 units in stock at expected demand of 1.07 units/day,
BR003,MED408,Ambroxol + Levosalbutamol Syrup 100ml (Summit Lifesciences),Respiratory,5,1.0,2.342,5.65,3.298,0.2857,0.2857,17.5,10.61,0,0,0,0.0,0.849,LOW,LOW,0.0,17.5 days of cover: 5 units in stock at expected demand of 0.29 units/day,
BR003,MED409,Ambroxol + Levosalbutamol Syrup 100ml (VitaCure Remedies),Respiratory,9,0.898,1.849,4.554,3.196,0.1429,0.1429,63.0,19.71,0,1,2,0.00274,1.467,LOW,LOW,0.0,63.0 days of cover: 9 units in stock at expected demand of 0.14 units/day,highly variable weekly demand (CV 1.47)
BR003,MED410,Ambroxol + Levosalbutamol Syrup 60ml,Respiratory,15,1.321,2.772,6.709,4.77,0.2857,0.2857,52.5,22.01,0,0,0,0.0,0.96,LOW,LOW,0.0,52.5 days of cover: 15 units in stock at expected demand of 0.29 units/day,
BR003,MED412,Budesonide Inhaler 200mcg (ApexLife Pharma),Respiratory,14,1.423,3.245,6.933,4.871,0.25,0.25,56.0,20.12,0,5,2,0.01233,1.082,LOW,LOW,0.0,56.0 days of cover: 14 units in stock at expected demand of 0.25 units/day,highly variable weekly demand (CV 1.08)
BR003,MED413,Budesonide Inhaler 200mcg (BlueCrest Pharma),Respiratory,8,1.026,2.121,5.072,3.324,0.1786,0.1786,44.8,16.85,0,0,1,0.01233,1.157,LOW,LOW,0.0,44.8 days of cover: 8 units in stock at expected demand of 0.18 units/day,highly variable weekly demand (CV 1.16)
BR003,MED414,Budesonide Inhaler 200mcg (VitaCure Remedies),Respiratory,25,0.996,1.892,5.509,3.294,0.1071,0.1423,175.7,53.13,0,0,1,0.00137,1.223,LOW,LOW,0.0,175.7 days of cover: 25 units in stock at expected demand of 0.14 units/day,highly variable weekly demand (CV 1.22)
BR003,MED416,Dextromethorphan Syrup 100ml (HealthAxis Pharma),Respiratory,36,8.993,18.584,39.595,19.312,1.2857,1.2857,28.0,13.05,0,0,1,0.01233,0.513,LOW,LOW,0.0,28.0 days of cover: 36 units in stock at expected demand of 1.29 units/day,
BR003,MED417,Dextromethorphan Syrup 100ml (LifeSpring Pharma),Respiratory,12,0.882,2.055,4.195,3.181,0.1429,0.1429,84.0,26.41,0,3,1,0.00411,0.677,LOW,LOW,0.0,84.0 days of cover: 12 units in stock at expected demand of 0.14 units/day,
BR003,MED418,Dextromethorphan Syrup 100ml (Summit Lifesciences),Respiratory,24,0.85,1.615,4.688,3.148,0.1071,0.1214,197.65,53.37,0,0,0,0.0,1.667,LOW,LOW,0.0,197.6 days of cover: 24 units in stock at expected demand of 0.12 units/day,highly variable weekly demand (CV 1.67)
BR003,MED419,Dextromethorphan Syrup 100ml (TrueLife Remedies),Respiratory,9,0.662,1.375,2.927,2.309,0.1071,0.1071,84.0,27.28,0,0,0,0.0,1.055,LOW,LOW,0.0,84.0 days of cover: 9 units in stock at expected demand of 0.11 units/day,highly variable weekly demand (CV 1.05)
BR003,MED420,Montelukast 10mg (CureLine Healthcare),Respiratory,14,5.159,10.532,24.548,10.653,0.7857,0.7857,17.82,9.2,0,0,1,0.00548,0.517,LOW,LOW,0.0,17.8 days of cover: 14 units in stock at expected demand of 0.79 units/day,
BR003,MED422,Montelukast 10mg (NovaMed Laboratories),Respiratory,19,0.694,1.543,3.781,2.992,0.0714,0.0991,191.64,44.45,0,0,0,0.0,1.311,LOW,LOW,0.0,191.6 days of cover: 19 units in stock at expected demand of 0.10 units/day,highly variable weekly demand (CV 1.31)
BR003,MED423,Montelukast 10mg (Summit Lifesciences),Respiratory,13,0.817,1.892,3.999,3.116,0.1429,0.1429,91.0,29.2,0,0,0,0.0,1.96,LOW,LOW,0.0,91.0 days of cover: 13 units in stock at expected demand of 0.14 units/day,highly variable weekly demand (CV 1.96)
BR003,MED424,Montelukast 10mg (TrueLife Remedies),Respiratory,9,1.132,2.423,5.515,4.58,0.2143,0.2143,42.0,13.76,0,0,1,0.00137,1.049,LOW,LOW,0.0,42.0 days of cover: 9 units in stock at expected demand of 0.21 units/day,highly variable weekly demand (CV 1.05)
BR003,MED425,Montelukast 5mg,Respiratory,12,1.818,4.429,10.34,5.266,0.3929,0.3929,30.55,15.95,0,1,3,0.01918,0.972,LOW,LOW,0.0,30.5 days of cover: 12 units in stock at expected demand of 0.39 units/day,
BR003,MED426,Montelukast 5mg (CarePlus Laboratories),Respiratory,9,0.508,1.157,2.392,2.155,0.0357,0.0726,124.02,29.23,0,0,1,0.00959,2.153,LOW,LOW,0.0,124.0 days of cover: 9 units in stock at expected demand of 0.07 units/day,highly variable weekly demand (CV 2.15)
BR003,MED427,Montelukast 5mg (NovaMed Laboratories),Respiratory,4,0.701,1.307,3.279,2.999,0.2143,0.2143,18.67,9.34,0,0,0,0.0,1.29,LOW,LOW,0.0,18.7 days of cover: 4 units in stock at expected demand of 0.21 units/day,highly variable weekly demand (CV 1.29)
BR003,MED428,Montelukast 5mg (Summit Lifesciences),Respiratory,11,0.673,1.491,3.284,2.971,0.1071,0.1071,102.67,25.92,0,0,1,0.00548,1.625,LOW,LOW,0.0,102.7 days of cover: 11 units in stock at expected demand of 0.11 units/day,highly variable weekly demand (CV 1.62)
BR003,MED429,Montelukast 5mg (TrueLife Remedies),Respiratory,21,4.055,8.013,18.045,9.549,0.4286,0.5793,36.25,15.39,0,1,3,0.00685,0.454,LOW,LOW,0.0,36.3 days of cover: 21 units in stock at expected demand of 0.58 units/day,
BR003,MED430,Salbutamol Inhaler 100mcg (Aarogya Formulations),Respiratory,5,0.492,1.092,2.425,2.138,0.1071,0.1071,46.67,16.37,0,0,0,0.0,1.813,LOW,LOW,0.0,46.7 days of cover: 5 units in stock at expected demand of 0.11 units/day,highly variable weekly demand (CV 1.81)
BR003,MED432,Salbutamol Inhaler 100mcg (Stellar Formulations),Respiratory,56,19.566,41.511,88.445,29.885,2.6786,2.7951,20.03,13.12,0,0,3,0.0137,0.304,LOW,LOW,0.0,20.0 days of cover: 56 units in stock at expected demand of 2.80 units/day,
BR003,MED433,Salbutamol Inhaler 100mcg (Summit Lifesciences),Respiratory,16,0.633,1.249,2.993,2.28,0.0357,0.0904,176.94,49.12,0,0,1,0.00274,1.236,LOW,LOW,0.0,176.9 days of cover: 16 units in stock at expected demand of 0.09 units/day,highly variable weekly demand (CV 1.24)
BR003,MED434,Salbutamol Inhaler 100mcg (TrueLife Remedies),Respiratory,12,0.495,1.102,2.309,2.142,0.0357,0.0707,169.7,39.22,0,0,0,0.0,1.982,LOW,LOW,0.0,169.7 days of cover: 12 units in stock at expected demand of 0.07 units/day,highly variable weekly demand (CV 1.98)
BR003,MED435,Salbutamol Inhaler 100mcg (VitaCure Remedies),Respiratory,14,2.352,5.2,11.489,7.846,0.3929,0.3929,35.64,12.49,0,0,1,0.00411,0.766,LOW,LOW,0.0,35.6 days of cover: 14 units in stock at expected demand of 0.39 units/day,
BR003,MED436,Salbutamol Inhaler 200mcg,Respiratory,12,2.784,5.503,12.447,8.277,0.4286,0.4286,28.0,10.15,0,3,4,0.00822,0.733,LOW,LOW,0.0,28.0 days of cover: 12 units in stock at expected demand of 0.43 units/day,
BR003,MED437,Salbutamol Inhaler 200mcg (BlueCrest Pharma),Respiratory,9,0.54,1.145,2.519,2.187,0.0714,0.0771,116.67,28.81,0,0,0,0.0,0.859,LOW,LOW,0.0,116.7 days of cover: 9 units in stock at expected demand of 0.08 units/day,
BR003,MED438,Salbutamol Inhaler 200mcg (CarePlus Laboratories),Respiratory,9,0.503,1.145,2.4,2.149,0.0357,0.0719,125.25,29.32,0,0,1,0.00411,1.53,LOW,LOW,0.0,125.2 days of cover: 9 units in stock at expected demand of 0.07 units/day,highly variable weekly demand (CV 1.53)
BR003,MED439,Salbutamol Inhaler 200mcg (HealthAxis Pharma),Respiratory,7,1.963,4.092,9.296,5.411,0.4286,0.4286,16.33,9.06,0,0,0,0.0,0.684,LOW,LOW,0.0,16.3 days of cover: 7 units in stock at expected demand of 0.43 units/day,
BR003,MED440,Salbutamol Inhaler 200mcg (Stellar Formulations),Respiratory,18,1.116,2.592,6.317,4.564,0.1786,0.1786,100.8,27.61,0,0,4,0.00685,1.088,LOW,LOW,0.0,100.8 days of cover: 18 units in stock at expected demand of 0.18 units/day,highly variable weekly demand (CV 1.09)
BR003,MED441,Salbutamol Inhaler 200mcg (Summit Lifesciences),Respiratory,15,0.458,1.081,2.25,2.105,0.0,0.0654,229.26,49.88,0,0,0,0.0,1.507,LOW,LOW,0.0,229.3 days of cover: 15 units in stock at expected demand of 0.07 units/day,highly variable weekly demand (CV 1.51)
BR003,MED442,Calcium + Vitamin D3 500mg/250IU (Aarogya Formulations),Vitamins,17,1.008,2.185,5.059,3.306,0.1429,0.144,118.06,36.0,0,0,0,0.0,1.157,LOW,LOW,0.0,118.1 days of cover: 17 units in stock at expected demand of 0.14 units/day,highly variable weekly demand (CV 1.16)
BR003,MED444,Calcium + Vitamin D3 500mg/250IU (CureLine Healthcare),Vitamins,16,5.709,12.119,27.648,11.203,0.9286,0.9286,17.23,10.0,0,0,0,0.0,0.554,LOW,LOW,0.0,17.2 days of cover: 16 units in stock at expected demand of 0.93 units/day,
BR003,MED446,Calcium + Vitamin D3 500mg/250IU (LifeSpring Pharma),Vitamins,27,8.589,17.924,39.248,18.908,1.3571,1.3571,19.89,10.0,0,0,0,0.0,0.473,LOW,LOW,0.0,19.9 days of cover: 27 units in stock at expected demand of 1.36 units/day,
BR003,MED447,Calcium + Vitamin D3 500mg/250IU (Summit Lifesciences),Vitamins,15,4.289,8.464,21.008,9.783,0.6786,0.6786,22.11,10.73,0,3,6,0.01644,0.695,LOW,LOW,0.0,22.1 days of cover: 15 units in stock at expected demand of 0.68 units/day,
BR003,MED449,Iron + Folic Acid 100mg/500mcg (BlueCrest Pharma),Vitamins,18,0.986,2.261,5.407,3.284,0.0714,0.1409,127.79,38.37,0,0,1,0.00685,1.257,LOW,LOW,0.0,127.8 days of cover: 18 units in stock at expected demand of 0.14 units/day,highly variable weekly demand (CV 1.26)
BR003,MED450,Iron + Folic Acid 100mg/500mcg (CarePlus Laboratories),Vitamins,11,0.971,2.355,5.503,3.27,0.2143,0.2143,51.33,23.55,0,0,0,0.0,1.123,LOW,LOW,0.0,51.3 days of cover: 11 units in stock at expected demand of 0.21 units/day,highly variable weekly demand (CV 1.12)
BR003,MED451,Iron + Folic Acid 100mg/500mcg (CureLine Healthcare),Vitamins,13,0.744,1.728,4.162,3.043,0.0714,0.1063,122.31,29.9,0,0,2,0.00685,1.672,LOW,LOW,0.0,122.3 days of cover: 13 units in stock at expected demand of 0.11 units/day,highly variable weekly demand (CV 1.67)
BR003,MED452,Iron + Folic Acid 100mg/500mcg (HealthAxis Pharma),Vitamins,10,1.942,4.218,9.936,5.39,0.3571,0.3571,28.0,12.99,0,0,1,0.00137,1.03,LOW,LOW,0.0,28.0 days of cover: 10 units in stock at expected demand of 0.36 units/day,highly variable weekly demand (CV 1.03)
BR003,MED453,Iron + Folic Acid 100mg/500mcg (LifeSpring Pharma),Vitamins,11,0.85,1.924,4.87,3.148,0.1429,0.1429,77.0,24.46,0,0,3,0.01507,1.035,LOW,LOW,0.0,77.0 days of cover: 11 units in stock at expected demand of 0.14 units/day,highly variable weekly demand (CV 1.03)
BR003,MED455,Iron + Folic Acid 100mg/500mcg (Summit Lifesciences),Vitamins,17,1.188,2.492,6.146,4.636,0.2143,0.2143,79.33,25.67,0,0,0,0.0,1.98,LOW,LOW,0.0,79.3 days of cover: 17 units in stock at expected demand of 0.21 units/day,highly variable weekly demand (CV 1.98)
BR003,MED456,Iron + Folic Acid 100mg/500mcg (VitaCure Remedies),Vitamins,9,1.707,4.119,9.376,5.155,0.5357,0.5357,16.8,12.22,0,0,0,0.0,1.122,LOW,LOW,0.0,16.8 days of cover: 9 units in stock at expected demand of 0.54 units/day,highly variable weekly demand (CV 1.12)
BR003,MED457,Multivitamin B-complex+C (BlueCrest Pharma),Vitamins,19,0.913,2.043,5.064,3.212,0.0714,0.1304,145.67,41.41,0,0,4,0.01644,0.986,LOW,LOW,0.0,145.7 days of cover: 19 units in stock at expected demand of 0.13 units/day,
BR003,MED458,Multivitamin B-complex+C (HealthAxis Pharma),Vitamins,7,1.014,2.491,5.306,3.313,0.2857,0.2857,24.5,14.79,0,0,0,0.0,1.528,LOW,LOW,0.0,24.5 days of cover: 7 units in stock at expected demand of 0.29 units/day,highly variable weekly demand (CV 1.53)
BR003,MED461,Vitamin C Chewable 500mg (Aarogya Formulations),Vitamins,52,18.899,36.125,83.464,29.218,2.7143,2.7143,19.16,12.46,0,1,1,0.00137,0.386,LOW,LOW,0.0,19.2 days of cover: 52 units in stock at expected demand of 2.71 units/day,
BR003,MED462,Vitamin C Chewable 500mg (ApexLife Pharma),Vitamins,16,3.234,6.682,15.216,8.728,0.4643,0.4643,34.46,12.83,0,2,2,0.00685,0.732,LOW,LOW,0.0,34.5 days of cover: 16 units in stock at expected demand of 0.46 units/day,
BR003,MED464,Vitamin C Chewable 500mg (TrueLife Remedies),Vitamins,8,1.732,3.545,8.518,5.18,0.3571,0.3571,22.4,10.81,0,0,1,0.00137,1.052,LOW,LOW,0.0,22.4 days of cover: 8 units in stock at expected demand of 0.36 units/day,highly variable weekly demand (CV 1.05)
BR003,MED467,Vitamin C Chewable 1000mg (BlueCrest Pharma),Vitamins,17,2.686,5.546,12.354,8.179,0.3929,0.3929,43.27,14.55,0,0,1,0.00137,0.819,LOW,LOW,0.0,43.3 days of cover: 17 units in stock at expected demand of 0.39 units/day,
BR003,MED468,Vitamin C Chewable 1000mg (CarePlus Laboratories),Vitamins,29,8.701,17.013,39.785,19.02,1.3929,1.3929,20.82,10.67,0,2,2,0.00822,0.499,LOW,LOW,0.0,20.8 days of cover: 29 units in stock at expected demand of 1.39 units/day,
BR003,MED469,Vitamin C Chewable 1000mg (CureLine Healthcare),Vitamins,16,2.523,5.824,12.271,8.017,0.4643,0.4643,34.46,13.97,0,0,0,0.0,0.894,LOW,LOW,0.0,34.5 days of cover: 16 units in stock at expected demand of 0.46 units/day,
BR003,MED471,Vitamin C Chewable 1000mg (Summit Lifesciences),Vitamins,18,4.906,10.496,22.524,10.399,0.6429,0.7009,25.68,12.12,0,0,3,0.01781,1.088,LOW,LOW,0.0,25.7 days of cover: 18 units in stock at expected demand of 0.70 units/day,highly variable weekly demand (CV 1.09)
BR003,MED472,Vitamin C Chewable 1000mg (TrueLife Remedies),Vitamins,27,0.9,2.101,5.257,3.198,0.1071,0.1286,210.0,59.1,0,0,0,0.0,1.516,LOW,LOW,0.0,210.0 days of cover: 27 units in stock at expected demand of 0.13 units/day,highly variable weekly demand (CV 1.52)
BR003,MED473,Vitamin C Chewable 1000mg (VitaCure Remedies),Vitamins,14,5.283,11.455,26.975,10.777,0.9286,0.9286,15.08,9.09,0,0,3,0.00822,0.676,LOW,LOW,0.0,15.1 days of cover: 14 units in stock at expected demand of 0.93 units/day,
BR003,MED474,Vitamin D3 60000IU (TrueLife Remedies),Vitamins,20,1.076,2.289,5.165,4.524,0.1429,0.1537,130.11,30.95,0,0,0,0.0,1.96,LOW,LOW,0.0,130.1 days of cover: 20 units in stock at expected demand of 0.15 units/day,highly variable weekly demand (CV 1.96)
BR003,MED475,Vitamin D3 60000IU (VitaCure Remedies),Vitamins,18,2.79,6.123,12.759,8.284,0.4286,0.4286,42.0,15.21,0,0,2,0.00959,0.75,LOW,LOW,0.0,42.0 days of cover: 18 units in stock at expected demand of 0.43 units/day,
BR003,MED476,Vitamin D3 1000IU,Vitamins,16,4.078,9.692,20.181,9.572,0.75,0.75,21.33,11.7,0,0,2,0.00274,0.672,LOW,LOW,0.0,21.3 days of cover: 16 units in stock at expected demand of 0.75 units/day,
BR003,MED477,Vitamin D3 1000IU (Summit Lifesciences),Vitamins,9,1.553,3.526,8.016,5.001,0.3571,0.3571,25.2,12.6,0,0,1,0.00685,0.993,LOW,LOW,0.0,25.2 days of cover: 9 units in stock at expected demand of 0.36 units/day,
BR003,MED478,Calamine Lotion 100ml (CureLine Healthcare),Dermatological,23,0.98,2.027,4.965,3.278,0.1071,0.14,164.29,49.12,0,0,0,0.0,1.657,LOW,LOW,0.0,164.3 days of cover: 23 units in stock at expected demand of 0.14 units/day,highly variable weekly demand (CV 1.66)
BR003,MED479,Calamine Lotion 100ml (LifeSpring Pharma),Dermatological,5,0.997,1.965,4.284,3.295,0.2143,0.2143,23.33,10.62,0,0,1,0.00822,1.143,LOW,LOW,0.0,23.3 days of cover: 5 units in stock at expected demand of 0.21 units/day,highly variable weekly demand (CV 1.14)
BR003,MED481,Calamine Lotion 100ml (TrueLife Remedies),Dermatological,19,1.457,2.852,6.715,4.905,0.2143,0.2143,88.67,27.12,0,0,1,0.00137,0.923,LOW,LOW,0.0,88.7 days of cover: 19 units in stock at expected demand of 0.21 units/day,
BR003,MED482,Clotrimazole Cream 1% (ApexLife Pharma),Dermatological,11,0.846,1.827,3.843,3.144,0.1786,0.1786,61.6,24.49,0,0,0,0.0,0.656,LOW,LOW,0.0,61.6 days of cover: 11 units in stock at expected demand of 0.18 units/day,
BR003,MED485,Clotrimazole Cream 2% (Stellar Formulations),Dermatological,9,0.41,0.887,1.895,2.056,0.0357,0.0586,153.66,30.64,0,0,0,0.0,1.785,LOW,LOW,0.0,153.7 days of cover: 9 units in stock at expected demand of 0.06 units/day,highly variable weekly demand (CV 1.78)
BR003,MED486,Clotrimazole Cream 2% (TrueLife Remedies),Dermatological,5,0.549,1.132,2.466,2.196,0.1071,0.1071,46.67,15.94,0,0,0,0.0,1.223,LOW,LOW,0.0,46.7 days of cover: 5 units in stock at expected demand of 0.11 units/day,highly variable weekly demand (CV 1.22)
BR003,MED487,Fusidic Acid Cream 2% (ApexLife Pharma),Dermatological,16,0.84,1.745,3.781,3.138,0.1429,0.1429,112.0,35.69,0,0,0,0.0,1.331,LOW,LOW,0.0,112.0 days of cover: 16 units in stock at expected demand of 0.14 units/day,highly variable weekly demand (CV 1.33)
BR003,MED488,Fusidic Acid Cream 2% (BlueCrest Pharma),Dermatological,5,0.445,0.902,1.965,2.092,0.0714,0.0714,70.0,16.73,0,0,0,0.0,0.926,LOW,LOW,0.0,70.0 days of cover: 5 units in stock at expected demand of 0.07 units/day,
BR003,MED489,Fusidic Acid Cream 2% (VitaCure Remedies),Dermatological,11,0.783,1.761,3.973,3.081,0.1786,0.1786,61.6,24.99,0,0,0,0.0,1.76,LOW,LOW,0.0,61.6 days of cover: 11 units in stock at expected demand of 0.18 units/day,highly variable weekly demand (CV 1.76)
BR003,MED491,Hydrocortisone Cream 1% (CureLine Healthcare),Dermatological,10,2.806,6.68,13.679,8.3,0.5714,0.5714,17.5,8.43,0,0,0,0.0,0.452,LOW,LOW,0.0,17.5 days of cover: 10 units in stock at expected demand of 0.57 units/day,
BR003,MED492,Hydrocortisone Cream 1% (Summit Lifesciences),Dermatological,11,0.923,1.863,4.22,3.221,0.1786,0.1786,61.6,23.91,0,0,0,0.0,1.625,LOW,LOW,0.0,61.6 days of cover: 11 units in stock at expected demand of 0.18 units/day,highly variable weekly demand (CV 1.62)
BR003,MED493,Ketoconazole Shampoo 2% (Aarogya Formulations),Dermatological,6,0.845,1.631,3.755,3.143,0.2143,0.2143,28.0,13.36,0,0,1,0.00411,1.072,LOW,LOW,0.0,28.0 days of cover: 6 units in stock at expected demand of 0.21 units/day,highly variable weekly demand (CV 1.07)
BR003,MED494,Ketoconazole Shampoo 2% (LifeSpring Pharma),Dermatological,7,1.019,2.297,4.957,3.317,0.2857,0.2857,24.5,14.77,0,0,0,0.0,1.007,LOW,LOW,0.0,24.5 days of cover: 7 units in stock at expected demand of 0.29 units/day,highly variable weekly demand (CV 1.01)
BR003,MED495,Ketoconazole Shampoo 2% (VitaCure Remedies),Dermatological,11,0.581,1.334,3.102,2.227,0.1071,0.1071,102.67,34.58,0,0,0,0.0,1.214,LOW,LOW,0.0,102.7 days of cover: 11 units in stock at expected demand of 0.11 units/day,highly variable weekly demand (CV 1.21)
BR003,MED496,Mupirocin Ointment 2% (ApexLife Pharma),Dermatological,22,0.741,1.68,4.21,3.04,0.0714,0.1059,207.83,50.66,0,0,0,0.0,1.048,LOW,LOW,0.0,207.8 days of cover: 22 units in stock at expected demand of 0.11 units/day,highly variable weekly demand (CV 1.05)
BR003,MED497,Mupirocin Ointment 2% (CarePlus Laboratories),Dermatological,12,2.598,5.253,11.644,8.091,0.4286,0.4286,28.0,10.38,0,0,2,0.00685,0.547,LOW,LOW,0.0,28.0 days of cover: 12 units in stock at expected demand of 0.43 units/day,
BR003,MED498,Mupirocin Ointment 2% (NovaMed Laboratories),Dermatological,23,0.842,1.676,4.197,3.14,0.0714,0.1203,191.21,51.27,0,0,0,0.0,1.306,LOW,LOW,0.0,191.2 days of cover: 23 units in stock at expected demand of 0.12 units/day,highly variable weekly demand (CV 1.31)
BR003,MED499,Mupirocin Ointment 2% (Summit Lifesciences),Dermatological,16,1.49,3.17,7.199,4.938,0.2857,0.2857,56.0,22.68,0,0,1,0.00274,0.847,LOW,LOW,0.0,56.0 days of cover: 16 units in stock at expected demand of 0.29 units/day,
BR003,MED500,Mupirocin Ointment 2% (VitaCure Remedies),Dermatological,7,0.58,1.237,2.729,2.227,0.1071,0.1071,65.33,22.0,0,0,0,0.0,1.236,LOW,LOW,0.0,65.3 days of cover: 7 units in stock at expected demand of 0.11 units/day,highly variable weekly demand (CV 1.24)
BR004,MED001,Paracetamol 500mg,Analgesics,70,23.866,51.186,104.162,34.185,3.2857,3.4094,20.53,14.33,0,0,3,0.00548,0.246,LOW,LOW,0.0,20.5 days of cover: 70 units in stock at expected demand of 3.41 units/day,
BR004,MED003,Amoxicillin 500mg,Antibiotics,12,1.993,4.429,9.548,5.441,0.3571,0.3571,33.6,15.44,0,0,5,0.02192,0.609,LOW,LOW,0.0,33.6 days of cover: 12 units in stock at expected demand of 0.36 units/day,
BR004,MED006,Paracetamol Suspension 250mg/5ml,Antipyretics,15,1.077,2.245,5.164,4.525,0.1429,0.1539,97.49,23.2,0,0,2,0.01507,1.002,LOW,LOW,0.0,97.5 days of cover: 15 units in stock at expected demand of 0.15 units/day,highly variable weekly demand (CV 1.00)
BR004,MED008,Fexofenadine 120mg,Antihistamines,8,0.358,0.684,1.683,2.005,0.0,0.0511,156.42,27.93,0,0,0,0.0,1.96,LOW,LOW,0.0,156.4 days of cover: 8 units in stock at expected demand of 0.05 units/day,highly variable weekly demand (CV 1.96)
BR004,MED010,Ondansetron 4mg,Gastrointestinal,8,0.471,1.079,2.475,2.118,0.0714,0.0714,112.0,26.44,0,0,0,0.0,1.567,LOW,LOW,0.0,112.0 days of cover: 8 units in stock at expected demand of 0.07 units/day,highly variable weekly demand (CV 1.57)
BR004,MED012,Atorvastatin 10mg,Cardiovascular,128,28.429,59.351,131.915,38.748,3.8929,4.0613,31.52,23.12,0,0,0,0.0,0.339,LOW,LOW,0.0,31.5 days of cover: 128 units in stock at expected demand of 4.06 units/day,
BR004,MED014,Glimepiride 2mg,Antidiabetic,34,10.839,23.426,50.656,21.157,1.9643,1.9643,17.31,11.25,0,0,0,0.0,0.565,LOW,LOW,0.0,17.3 days of cover: 34 units in stock at expected demand of 1.96 units/day,
BR004,MED016,Salbutamol Inhaler 100mcg,Respiratory,15,0.76,1.684,4.149,3.058,0.1071,0.1086,138.16,34.34,0,0,0,0.0,2.544,LOW,LOW,0.0,138.2 days of cover: 15 units in stock at expected demand of 0.11 units/day,highly variable weekly demand (CV 2.54)
BR004,MED017,Vitamin C Chewable 500mg,Vitamins,46,11.552,22.723,51.75,21.871,1.7857,1.7857,25.76,14.72,0,3,5,0.02192,0.435,LOW,LOW,0.0,25.8 days of cover: 46 units in stock at expected demand of 1.79 units/day,
BR004,MED018,Vitamin D3 60000IU,Vitamins,5,1.512,3.195,8.016,4.96,0.3571,0.3571,14.0,7.06,0,0,2,0.00548,1.067,LOW,LOW,0.0,14.0 days of cover: 5 units in stock at expected demand of 0.36 units/day,highly variable weekly demand (CV 1.07)
BR004,MED020,Mupirocin Ointment 2%,Dermatological,12,1.446,2.796,6.847,4.894,0.3214,0.3214,37.33,17.16,0,0,0,0.0,0.709,LOW,LOW,0.0,37.3 days of cover: 12 units in stock at expected demand of 0.32 units/day,
BR004,MED022,Aceclofenac + Paracetamol 100mg/325mg,Analgesics,10,3.037,6.779,15.605,8.531,0.5,0.5,20.0,8.21,0,0,1,0.00685,0.751,LOW,LOW,0.0,20.0 days of cover: 10 units in stock at expected demand of 0.50 units/day,
BR004,MED023,Naproxen 250mg,Analgesics,8,0.871,1.911,4.418,3.169,0.1429,0.1429,56.0,17.67,0,0,1,0.00274,1.095,LOW,LOW,0.0,56.0 days of cover: 8 units in stock at expected demand of 0.14 units/day,highly variable weekly demand (CV 1.10)
BR004,MED026,Doxycycline 100mg,Antibiotics,15,0.473,1.087,2.292,2.12,0.0357,0.0676,221.99,49.53,0,0,0,0.0,1.38,LOW,LOW,0.0,222.0 days of cover: 15 units in stock at expected demand of 0.07 units/day,highly variable weekly demand (CV 1.38)
BR004,MED027,Amoxicillin + Clavulanic Acid 625mg,Antibiotics,14,3.931,7.913,18.547,9.424,0.6786,0.6786,20.63,10.4,0,2,4,0.01507,0.628,LOW,LOW,0.0,20.6 days of cover: 14 units in stock at expected demand of 0.68 units/day,
BR004,MED028,Mefenamic Acid 250mg,Antipyretics,8,0.577,1.189,2.832,2.224,0.0714,0.0824,97.05,25.18,0,0,2,0.00274,1.711,LOW,LOW,0.0,97.1 days of cover: 8 units in stock at expected demand of 0.08 units/day,highly variable weekly demand (CV 1.71)
BR004,MED029,Paracetamol Drops 100mg/ml,Antipyretics,15,0.998,2.132,4.998,3.296,0.1429,0.1429,105.0,31.86,0,0,1,0.00137,1.431,LOW,LOW,0.0,105.0 days of cover: 15 units in stock at expected demand of 0.14 units/day,highly variable weekly demand (CV 1.43)
BR004,MED030,Levocetirizine 5mg,Antihistamines,13,1.835,3.979,8.964,5.283,0.3929,0.3929,33.09,17.23,0,0,7,0.01781,0.827,LOW,LOW,0.0,33.1 days of cover: 13 units in stock at expected demand of 0.39 units/day,
BR004,MED032,Chlorpheniramine 4mg,Antihistamines,9,1.026,2.348,5.346,3.324,0.1786,0.1786,50.4,18.95,0,0,2,0.01233,2.392,LOW,LOW,0.0,50.4 days of cover: 9 units in stock at expected demand of 0.18 units/day,highly variable weekly demand (CV 2.39)
BR004,MED034,Domperidone 10mg,Gastrointestinal,66,16.988,35.207,74.933,27.306,2.3571,2.4269,27.2,16.92,0,0,0,0.0,0.301,LOW,LOW,0.0,27.2 days of cover: 66 units in stock at expected demand of 2.43 units/day,
BR004,MED036,Loperamide 2mg,Gastrointestinal,13,0.455,1.016,2.381,2.102,0.0357,0.065,200.0,43.29,0,0,0,0.0,1.507,LOW,LOW,0.0,200.0 days of cover: 13 units in stock at expected demand of 0.07 units/day,highly variable weekly demand (CV 1.51)
BR004,MED037,Telmisartan 40mg,Cardiovascular,167,58.395,117.205,261.013,68.714,8.3571,8.3571,19.98,17.01,0,0,1,0.00548,0.224,LOW,LOW,0.0,20.0 days of cover: 167 units in stock at expected demand of 8.36 units/day,
BR004,MED038,Losartan 50mg,Cardiovascular,14,1.518,3.116,7.719,4.966,0.3214,0.3214,43.56,19.73,0,0,3,0.01096,0.943,LOW,LOW,0.0,43.6 days of cover: 14 units in stock at expected demand of 0.32 units/day,
BR004,MED039,Metoprolol 50mg,Cardiovascular,27,6.564,14.263,32.798,16.882,0.9286,0.9377,28.79,11.2,0,0,6,0.0137,0.526,LOW,LOW,0.0,28.8 days of cover: 27 units in stock at expected demand of 0.94 units/day,
BR004,MED041,Clopidogrel 75mg,Cardiovascular,12,0.542,1.277,2.925,2.189,0.0714,0.0774,154.98,38.37,0,0,0,0.0,2.117,LOW,LOW,0.0,155.0 days of cover: 12 units in stock at expected demand of 0.08 units/day,highly variable weekly demand (CV 2.12)
BR004,MED044,Sitagliptin 100mg,Antidiabetic,14,1.774,4.227,10.082,5.222,0.3929,0.3929,35.64,18.77,0,0,2,0.00822,1.251,LOW,LOW,0.0,35.6 days of cover: 14 units in stock at expected demand of 0.39 units/day,highly variable weekly demand (CV 1.25)
BR004,MED045,Gliclazide 80mg,Antidiabetic,24,1.174,2.7,6.259,4.622,0.1429,0.1677,143.1,36.35,0,0,0,0.0,1.911,LOW,LOW,0.0,143.1 days of cover: 24 units in stock at expected demand of 0.17 units/day,highly variable weekly demand (CV 1.91)
BR004,MED046,Montelukast 10mg,Respiratory,25,6.701,13.584,30.11,17.019,1.0,1.0,25.0,10.28,0,0,0,0.0,0.409,LOW,LOW,0.0,25.0 days of cover: 25 units in stock at expected demand of 1.00 units/day,
BR004,MED047,Budesonide Inhaler 200mcg,Respiratory,14,0.758,1.71,4.434,3.056,0.1071,0.1083,129.29,32.07,0,0,1,0.01507,2.09,LOW,LOW,0.0,129.3 days of cover: 14 units in stock at expected demand of 0.11 units/day,highly variable weekly demand (CV 2.09)
BR004,MED049,Multivitamin B-complex+C,Vitamins,25,8.648,17.706,38.825,18.967,1.4643,1.4643,17.07,9.23,0,0,0,0.0,0.457,LOW,LOW,0.0,17.1 days of cover: 25 units in stock at expected demand of 1.46 units/day,
BR004,MED051,Iron + Folic Acid 100mg/500mcg,Vitamins,8,0.915,1.993,5.052,3.214,0.1429,0.1429,56.0,17.42,0,0,2,0.0137,1.791,LOW,LOW,0.0,56.0 days of cover: 8 units in stock at expected demand of 0.14 units/day,highly variable weekly demand (CV 1.79)
BR004,MED052,Hydrocortisone Cream 1%,Dermatological,10,0.357,0.794,1.63,2.004,0.0,0.051,196.08,34.93,0,0,0,0.0,1.181,LOW,LOW,0.0,196.1 days of cover: 10 units in stock at expected demand of 0.05 units/day,highly variable weekly demand (CV 1.18)
BR004,MED053,Fusidic Acid Cream 2%,Dermatological,9,0.778,1.504,3.654,3.076,0.1071,0.1111,80.98,20.48,0,0,1,0.00274,1.233,LOW,LOW,0.0,81.0 days of cover: 9 units in stock at expected demand of 0.11 units/day,highly variable weekly demand (CV 1.23)
BR004,MED054,Calamine Lotion 100ml,Dermatological,5,0.631,1.33,3.074,2.277,0.1429,0.1429,35.0,15.37,0,0,0,0.0,1.058,LOW,LOW,0.0,35.0 days of cover: 5 units in stock at expected demand of 0.14 units/day,highly variable weekly demand (CV 1.06)
BR004,MED055,Ketoconazole Shampoo 2%,Dermatological,6,1.172,2.434,5.63,4.62,0.3214,0.3214,18.67,9.09,0,0,0,0.0,0.72,LOW,LOW,0.0,18.7 days of cover: 6 units in stock at expected demand of 0.32 units/day,
BR004,MED056,Aceclofenac + Paracetamol 100mg/325mg (HealthAxis Pharma),Analgesics,10,0.454,0.944,2.44,2.1,0.0357,0.0649,154.19,33.33,0,0,0,0.0,1.483,LOW,LOW,0.0,154.2 days of cover: 10 units in stock at expected demand of 0.06 units/day,highly variable weekly demand (CV 1.48)
BR004,MED057,Aceclofenac + Paracetamol 100mg/325mg (LifeSpring Pharma),Analgesics,21,0.41,1.022,2.821,2.057,0.0,0.0586,358.54,71.46,0,0,0,0.0,1.982,LOW,LOW,0.0,358.5 days of cover: 21 units in stock at expected demand of 0.06 units/day,highly variable weekly demand (CV 1.98)
BR004,MED059,Diclofenac 50mg (Aarogya Formulations),Analgesics,5,0.886,1.933,4.661,3.185,0.2143,0.2143,23.33,10.99,0,0,1,0.00548,2.482,LOW,LOW,0.0,23.3 days of cover: 5 units in stock at expected demand of 0.21 units/day,highly variable weekly demand (CV 2.48)
BR004,MED060,Diclofenac 50mg (CarePlus Laboratories),Analgesics,30,6.731,15.139,33.156,17.05,0.9643,0.9643,31.11,12.32,0,0,0,0.0,0.583,LOW,LOW,0.0,31.1 days of cover: 30 units in stock at expected demand of 0.96 units/day,
BR004,MED063,Diclofenac 50mg (VitaCure Remedies),Analgesics,9,3.249,6.556,16.484,8.742,0.5714,0.5714,15.75,7.21,0,1,6,0.01781,0.556,LOW,LOW,0.0,15.8 days of cover: 9 units in stock at expected demand of 0.57 units/day,
BR004,MED064,Diclofenac 100mg,Analgesics,9,2.674,6.261,14.08,8.167,0.4286,0.4286,21.0,7.71,0,0,4,0.01918,0.817,LOW,LOW,0.0,21.0 days of cover: 9 units in stock at expected demand of 0.43 units/day,
BR004,MED065,Diclofenac 100mg (CureLine Healthcare),Analgesics,12,1.379,3.172,7.217,4.827,0.2143,0.2143,56.0,17.4,0,0,1,0.00548,1.47,LOW,LOW,0.0,56.0 days of cover: 12 units in stock at expected demand of 0.21 units/day,highly variable weekly demand (CV 1.47)
BR004,MED066,Diclofenac 100mg (VitaCure Remedies),Analgesics,19,1.047,2.063,4.039,4.495,0.1071,0.1496,127.03,29.59,0,0,1,0.00274,1.108,LOW,LOW,0.0,127.0 days of cover: 19 units in stock at expected demand of 0.15 units/day,highly variable weekly demand (CV 1.11)
BR004,MED067,Ibuprofen 400mg (Aarogya Formulations),Analgesics,4,0.406,0.864,1.973,2.052,0.0714,0.0714,56.0,13.65,0,0,0,0.0,1.758,LOW,LOW,0.0,56.0 days of cover: 4 units in stock at expected demand of 0.07 units/day,highly variable weekly demand (CV 1.76)
BR004,MED068,Ibuprofen 400mg (CureLine Healthcare),Analgesics,8,0.637,1.537,3.449,2.284,0.1786,0.1786,44.8,24.52,0,0,0,0.0,1.316,LOW,LOW,0.0,44.8 days of cover: 8 units in stock at expected demand of 0.18 units/day,highly variable weekly demand (CV 1.32)
BR004,MED070,Ibuprofen 400mg (NovaMed Laboratories),Analgesics,19,5.365,11.382,25.707,10.859,0.8571,0.8571,22.17,12.25,0,0,4,0.01781,0.619,LOW,LOW,0.0,22.2 days of cover: 19 units in stock at expected demand of 0.86 units/day,
BR004,MED071,Ibuprofen 400mg (Stellar Formulations),Analgesics,17,1.723,3.732,7.794,5.171,0.2857,0.2857,59.5,23.01,0,0,0,0.0,1.133,LOW,LOW,0.0,59.5 days of cover: 17 units in stock at expected demand of 0.29 units/day,highly variable weekly demand (CV 1.13)
BR004,MED072,Ibuprofen 400mg (VitaCure Remedies),Analgesics,10,0.745,1.672,3.787,3.043,0.1786,0.1786,56.0,23.0,0,0,0,0.0,1.266,LOW,LOW,0.0,56.0 days of cover: 10 units in stock at expected demand of 0.18 units/day,highly variable weekly demand (CV 1.27)
BR004,MED073,Ibuprofen 200mg,Analgesics,19,5.37,10.823,25.198,10.863,0.7857,0.7857,24.18,12.24,0,1,2,0.00685,0.447,LOW,LOW,0.0,24.2 days of cover: 19 units in stock at expected demand of 0.79 units/day,
BR004,MED074,Ibuprofen 200mg (LifeSpring Pharma),Analgesics,4,0.454,0.968,2.122,2.101,0.1071,0.1071,37.33,13.33,0,0,0,0.0,1.813,LOW,LOW,0.0,37.3 days of cover: 4 units in stock at expected demand of 0.11 units/day,highly variable weekly demand (CV 1.81)
BR004,MED075,Ibuprofen 200mg (Summit Lifesciences),Analgesics,13,4.024,8.2,19.212,9.518,0.5714,0.5749,22.61,9.56,0,4,4,0.0137,0.734,LOW,LOW,0.0,22.6 days of cover: 13 units in stock at expected demand of 0.57 units/day,
BR004,MED076,Ibuprofen 200mg (TrueLife Remedies),Analgesics,20,4.492,8.526,18.999,9.986,0.4286,0.6417,31.17,14.02,0,3,4,0.00959,0.453,LOW,LOW,0.0,31.2 days of cover: 20 units in stock at expected demand of 0.64 units/day,
BR004,MED077,Ibuprofen 200mg (VitaCure Remedies),Analgesics,14,1.318,3.243,6.83,4.766,0.25,0.25,56.0,20.56,0,0,1,0.00137,1.181,LOW,LOW,0.0,56.0 days of cover: 14 units in stock at expected demand of 0.25 units/day,highly variable weekly demand (CV 1.18)
BR004,MED080,Ibuprofen 600mg (HealthAxis Pharma),Analgesics,8,1.246,2.847,6.526,4.694,0.2143,0.2143,37.33,11.93,0,0,2,0.01507,0.839,LOW,LOW,0.0,37.3 days of cover: 8 units in stock at expected demand of 0.21 units/day,
BR004,MED081,Ibuprofen 600mg (NovaMed Laboratories),Analgesics,23,5.698,12.401,26.417,11.192,0.8571,0.8571,26.83,14.39,0,0,0,0.0,0.576,LOW,LOW,0.0,26.8 days of cover: 23 units in stock at expected demand of 0.86 units/day,
BR004,MED082,Naproxen 250mg (CureLine Healthcare),Analgesics,44,9.862,21.704,46.743,20.18,1.5,1.5,29.33,15.26,0,0,1,0.00959,0.363,LOW,LOW,0.0,29.3 days of cover: 44 units in stock at expected demand of 1.50 units/day,
BR004,MED083,Naproxen 250mg (HealthAxis Pharma),Analgesics,13,3.28,6.613,14.561,8.774,0.6071,0.6071,21.41,10.37,0,0,1,0.00822,0.602,LOW,LOW,0.0,21.4 days of cover: 13 units in stock at expected demand of 0.61 units/day,
BR004,MED084,Naproxen 250mg (VitaCure Remedies),Analgesics,21,6.238,13.078,29.083,11.732,1.0,1.0,21.0,12.53,0,0,0,0.0,0.628,LOW,LOW,0.0,21.0 days of cover: 21 units in stock at expected demand of 1.00 units/day,
BR004,MED085,Naproxen 500mg,Analgesics,6,0.69,1.591,3.893,2.988,0.1786,0.1786,33.6,14.06,0,0,3,0.02192,1.523,LOW,LOW,0.0,33.6 days of cover: 6 units in stock at expected demand of 0.18 units/day,highly variable weekly demand (CV 1.52)
BR004,MED087,Naproxen 500mg (LifeSpring Pharma),Analgesics,11,0.575,1.304,2.787,2.221,0.1429,0.1429,77.0,34.67,0,0,0,0.0,1.201,LOW,LOW,0.0,77.0 days of cover: 11 units in stock at expected demand of 0.14 units/day,highly variable weekly demand (CV 1.20)
BR004,MED088,Naproxen 500mg (NovaMed Laboratories),Analgesics,16,0.382,0.872,2.122,2.029,0.0,0.0546,293.19,55.2,0,0,0,0.0,3.982,LOW,LOW,0.0,293.2 days of cover: 16 units in stock at expected demand of 0.05 units/day,highly variable weekly demand (CV 3.98)
BR004,MED092,Paracetamol 500mg (LifeSpring Pharma),Analgesics,7,1.538,3.347,7.566,4.986,0.4286,0.4286,16.33,9.83,0,0,0,0.0,1.627,LOW,LOW,0.0,16.3 days of cover: 7 units in stock at expected demand of 0.43 units/day,highly variable weekly demand (CV 1.63)
BR004,MED093,Paracetamol 250mg,Analgesics,18,0.426,0.943,2.322,2.073,0.0,0.0609,295.77,60.78,0,0,0,0.0,3.078,LOW,LOW,0.0,295.8 days of cover: 18 units in stock at expected demand of 0.06 units/day,highly variable weekly demand (CV 3.08)
BR004,MED094,Paracetamol 250mg (Stellar Formulations),Analgesics,9,0.615,1.295,3.265,2.261,0.1071,0.1071,84.0,27.86,0,0,3,0.01507,1.171,LOW,LOW,0.0,84.0 days of cover: 9 units in stock at expected demand of 0.11 units/day,highly variable weekly demand (CV 1.17)
BR004,MED095,Amoxicillin 250mg,Antibiotics,7,2.119,4.646,11.157,5.568,0.3929,0.3929,17.82,8.8,0,0,3,0.01233,0.673,LOW,LOW,0.0,17.8 days of cover: 7 units in stock at expected demand of 0.39 units/day,
BR004,MED096,Amoxicillin 250mg (CureLine Healthcare),Antibiotics,15,4.617,9.381,21.163,10.111,0.8214,0.8214,18.26,10.38,0,0,3,0.01096,0.587,LOW,LOW,0.0,18.3 days of cover: 15 units in stock at expected demand of 0.82 units/day,
BR004,MED099,Amoxicillin 250mg (Stellar Formulations),Antibiotics,9,0.498,0.94,1.912,2.145,0.0357,0.0711,126.51,29.37,0,0,1,0.00548,1.597,LOW,LOW,0.0,126.5 days of cover: 9 units in stock at expected demand of 0.07 units/day,highly variable weekly demand (CV 1.60)
BR004,MED100,Amoxicillin 250mg (TrueLife Remedies),Antibiotics,5,0.483,1.02,2.176,2.13,0.1071,0.1071,46.67,16.43,0,0,0,0.0,1.123,LOW,LOW,0.0,46.7 days of cover: 5 units in stock at expected demand of 0.11 units/day,highly variable weekly demand (CV 1.12)
BR004,MED101,Amoxicillin + Clavulanic Acid 625mg (CureLine Healthcare),Antibiotics,4,0.489,1.019,2.277,2.135,0.1429,0.1429,28.0,13.11,0,0,0,0.0,1.412,LOW,LOW,0.0,28.0 days of cover: 4 units in stock at expected demand of 0.14 units/day,highly variable weekly demand (CV 1.41)
BR004,MED102,Amoxicillin + Clavulanic Acid 625mg (HealthAxis Pharma),Antibiotics,21,0.889,1.826,3.942,3.187,0.0357,0.127,165.35,46.12,0,0,2,0.00685,1.2,LOW,LOW,0.0,165.4 days of cover: 21 units in stock at expected demand of 0.13 units/day,highly variable weekly demand (CV 1.20)
BR004,MED103,Amoxicillin + Clavulanic Acid 625mg (Stellar Formulations),Antibiotics,13,1.132,2.634,6.2,4.58,0.2857,0.2857,45.5,19.87,0,0,0,0.0,0.993,LOW,LOW,0.0,45.5 days of cover: 13 units in stock at expected demand of 0.29 units/day,
BR004,MED107,Amoxicillin + Clavulanic Acid 375mg (TrueLife Remedies),Antibiotics,6,1.966,4.496,10.622,5.414,0.3929,0.3929,15.27,7.76,0,0,5,0.01233,0.61,LOW,LOW,0.0,15.3 days of cover: 6 units in stock at expected demand of 0.39 units/day,
BR004,MED109,Azithromycin 500mg (ApexLife Pharma),Antibiotics,10,1.86,4.115,8.592,5.309,0.2857,0.2857,35.0,13.19,0,0,5,0.01096,0.558,LOW,LOW,0.0,35.0 days of cover: 10 units in stock at expected demand of 0.29 units/day,
BR004,MED110,Azithromycin 500mg (VitaCure Remedies),Antibiotics,7,0.503,1.076,2.257,2.149,0.1071,0.1071,65.33,22.8,0,0,0,0.0,1.573,LOW,LOW,0.0,65.3 days of cover: 7 units in stock at expected demand of 0.11 units/day,highly variable weekly demand (CV 1.57)
BR004,MED111,Azithromycin 250mg,Antibiotics,9,0.493,0.997,2.098,2.14,0.0714,0.0714,126.0,29.44,0,0,0,0.0,1.384,LOW,LOW,0.0,126.0 days of cover: 9 units in stock at expected demand of 0.07 units/day,highly variable weekly demand (CV 1.38)
BR004,MED112,Azithromycin 250mg (ApexLife Pharma),Antibiotics,10,0.764,1.284,3.346,3.062,0.0714,0.1091,91.62,22.86,0,1,3,0.00685,0.941,LOW,LOW,0.0,91.6 days of cover: 10 units in stock at expected demand of 0.11 units/day,
BR004,MED114,Azithromycin 250mg (CarePlus Laboratories),Antibiotics,11,1.039,2.266,5.194,3.337,0.2143,0.2143,51.33,23.07,0,0,1,0.00685,0.865,LOW,LOW,0.0,51.3 days of cover: 11 units in stock at expected demand of 0.21 units/day,
BR004,MED115,Azithromycin 250mg (CureLine Healthcare),Antibiotics,8,0.648,1.397,2.99,2.295,0.1429,0.1429,56.0,24.4,0,0,0,0.0,0.822,LOW,LOW,0.0,56.0 days of cover: 8 units in stock at expected demand of 0.14 units/day,
BR004,MED118,Azithromycin 250mg (NovaMed Laboratories),Antibiotics,11,0.859,1.897,3.665,3.157,0.1786,0.1786,61.6,24.39,0,0,0,0.0,1.119,LOW,LOW,0.0,61.6 days of cover: 11 units in stock at expected demand of 0.18 units/day,highly variable weekly demand (CV 1.12)
BR004,MED119,Azithromycin 250mg (TrueLife Remedies),Antibiotics,6,0.611,1.196,2.799,2.258,0.1071,0.1071,56.0,18.6,0,0,1,0.00274,1.08,LOW,LOW,0.0,56.0 days of cover: 6 units in stock at expected demand of 0.11 units/day,highly variable weekly demand (CV 1.08)
BR004,MED120,Cefixime 200mg (ApexLife Pharma),Antibiotics,11,0.988,2.184,5.194,3.286,0.2143,0.2143,51.33,23.43,0,0,1,0.00137,1.102,LOW,LOW,0.0,51.3 days of cover: 11 units in stock at expected demand of 0.21 units/day,highly variable weekly demand (CV 1.10)
BR004,MED121,Cefixime 200mg (CureLine Healthcare),Antibiotics,7,0.653,1.286,2.593,2.299,0.0714,0.0933,75.04,21.31,0,4,1,0.00548,1.357,LOW,LOW,0.0,75.0 days of cover: 7 units in stock at expected demand of 0.09 units/day,highly variable weekly demand (CV 1.36)
BR004,MED123,Cefixime 200mg (Stellar Formulations),Antibiotics,8,0.36,0.734,1.688,2.006,0.0357,0.0514,155.56,27.92,0,0,0,0.0,2.243,LOW,LOW,0.0,155.6 days of cover: 8 units in stock at expected demand of 0.05 units/day,highly variable weekly demand (CV 2.24)
BR004,MED124,Cefixime 100mg,Antibiotics,6,0.496,1.02,1.903,2.143,0.0714,0.0714,84.0,19.6,0,0,1,0.00548,1.366,LOW,LOW,0.0,84.0 days of cover: 6 units in stock at expected demand of 0.07 units/day,highly variable weekly demand (CV 1.37)
BR004,MED125,Cefixime 100mg (HealthAxis Pharma),Antibiotics,11,0.357,0.807,1.76,2.003,0.0,0.051,215.69,38.44,0,0,0,0.0,1.219,LOW,LOW,0.0,215.7 days of cover: 11 units in stock at expected demand of 0.05 units/day,highly variable weekly demand (CV 1.22)
BR004,MED126,Cefixime 100mg (NovaMed Laboratories),Antibiotics,12,0.5,1.017,1.686,2.146,0.0,0.0714,168.0,39.14,0,0,1,0.00548,1.897,LOW,LOW,0.0,168.0 days of cover: 12 units in stock at expected demand of 0.07 units/day,highly variable weekly demand (CV 1.90)
BR004,MED128,Ciprofloxacin 500mg (BlueCrest Pharma),Antibiotics,14,0.396,0.98,2.015,2.042,0.0,0.0566,247.47,47.99,0,0,0,0.0,2.303,LOW,LOW,0.0,247.5 days of cover: 14 units in stock at expected demand of 0.06 units/day,highly variable weekly demand (CV 2.30)
BR004,MED129,Ciprofloxacin 250mg,Antibiotics,5,0.815,1.829,3.927,3.113,0.1786,0.1786,28.0,11.24,0,0,1,0.00274,1.142,LOW,LOW,0.0,28.0 days of cover: 5 units in stock at expected demand of 0.18 units/day,highly variable weekly demand (CV 1.14)
BR004,MED131,Doxycycline 100mg (Aarogya Formulations),Antibiotics,14,3.607,7.489,17.217,9.101,0.5714,0.5714,24.5,10.77,0,0,3,0.00548,0.563,LOW,LOW,0.0,24.5 days of cover: 14 units in stock at expected demand of 0.57 units/day,
BR004,MED132,Doxycycline 100mg (ApexLife Pharma),Antibiotics,11,0.673,1.607,3.409,2.972,0.1786,0.1786,61.6,25.91,0,0,0,0.0,1.363,LOW,LOW,0.0,61.6 days of cover: 11 units in stock at expected demand of 0.18 units/day,highly variable weekly demand (CV 1.36)
BR004,MED133,Doxycycline 100mg (HealthAxis Pharma),Antibiotics,3,0.657,1.343,3.552,2.303,0.1786,0.1786,16.8,9.12,0,0,1,0.01781,1.96,LOW,LOW,0.0,16.8 days of cover: 3 units in stock at expected demand of 0.18 units/day,highly variable weekly demand (CV 1.96)
BR004,MED134,Doxycycline 100mg (Summit Lifesciences),Antibiotics,5,1.452,2.747,6.025,4.9,0.2143,0.2143,23.33,7.14,0,3,4,0.02055,0.701,LOW,LOW,0.0,23.3 days of cover: 5 units in stock at expected demand of 0.21 units/day,
BR004,MED136,Mefenamic Acid 250mg (HealthAxis Pharma),Antipyretics,11,0.988,2.068,4.639,3.287,0.1786,0.1786,61.6,23.43,0,0,3,0.01781,1.298,LOW,LOW,0.0,61.6 days of cover: 11 units in stock at expected demand of 0.18 units/day,highly variable weekly demand (CV 1.30)
BR004,MED138,Mefenamic Acid 250mg (NovaMed Laboratories),Antipyretics,23,5.076,10.438,23.31,10.57,0.4643,0.7251,31.72,15.23,0,0,2,0.00274,0.507,LOW,LOW,0.0,31.7 days of cover: 23 units in stock at expected demand of 0.73 units/day,
BR004,MED141,Mefenamic Acid 500mg (HealthAxis Pharma),Antipyretics,9,0.622,1.282,2.623,2.268,0.1071,0.1071,84.0,27.78,0,0,0,0.0,0.849,LOW,LOW,0.0,84.0 days of cover: 9 units in stock at expected demand of 0.11 units/day,
BR004,MED143,Mefenamic Acid 500mg (LifeSpring Pharma),Antipyretics,11,0.487,1.075,2.024,2.134,0.0714,0.0714,154.0,36.08,0,0,0,0.0,2.229,LOW,LOW,0.0,154.0 days of cover: 11 units in stock at expected demand of 0.07 units/day,highly variable weekly demand (CV 2.23)
BR004,MED145,Mefenamic Acid 500mg (Stellar Formulations),Antipyretics,7,0.512,1.1,2.379,2.158,0.1071,0.1071,65.33,22.71,0,0,0,0.0,1.972,LOW,LOW,0.0,65.3 days of cover: 7 units in stock at expected demand of 0.11 units/day,highly variable weekly demand (CV 1.97)
BR004,MED146,Mefenamic Acid 500mg (Summit Lifesciences),Antipyretics,8,0.502,1.054,2.516,2.149,0.1071,0.1071,74.67,26.06,0,0,0,0.0,1.285,LOW,LOW,0.0,74.7 days of cover: 8 units in stock at expected demand of 0.11 units/day,highly variable weekly demand (CV 1.28)
BR004,MED147,Mefenamic Acid 500mg (TrueLife Remedies),Antipyretics,9,0.682,1.2,2.905,2.981,0.0357,0.0974,92.38,21.13,0,4,4,0.01781,1.133,LOW,LOW,0.0,92.4 days of cover: 9 units in stock at expected demand of 0.10 units/day,highly variable weekly demand (CV 1.13)
BR004,MED149,Paracetamol 650mg (Aarogya Formulations),Antipyretics,6,0.711,1.575,3.382,3.009,0.1786,0.1786,33.6,13.96,0,0,2,0.00959,0.878,LOW,LOW,0.0,33.6 days of cover: 6 units in stock at expected demand of 0.18 units/day,
BR004,MED150,Paracetamol 650mg (CarePlus Laboratories),Antipyretics,11,0.71,1.632,3.235,3.008,0.1786,0.1786,61.6,25.6,0,0,0,0.0,0.942,LOW,LOW,0.0,61.6 days of cover: 11 units in stock at expected demand of 0.18 units/day,
BR004,MED151,Paracetamol Drops 100mg/ml (Aarogya Formulations),Antipyretics,9,1.708,3.456,7.969,5.156,0.3571,0.3571,25.2,12.22,1,1,4,0.00959,0.785,LOW,LOW,0.0,25.2 days of cover: 9 units in stock at expected demand of 0.36 units/day,
BR004,MED152,Paracetamol Suspension 250mg/5ml (Aarogya Formulations),Antipyretics,24,2.067,3.952,10.151,5.515,0.3214,0.3214,74.67,30.46,0,0,7,0.01507,0.512,LOW,LOW,0.0,74.7 days of cover: 24 units in stock at expected demand of 0.32 units/day,
BR004,MED153,Paracetamol Suspension 250mg/5ml (BlueCrest Pharma),Antipyretics,4,0.471,1.027,2.234,2.118,0.0357,0.0673,59.45,13.22,0,0,1,0.00685,1.785,LOW,LOW,0.0,59.4 days of cover: 4 units in stock at expected demand of 0.07 units/day,highly variable weekly demand (CV 1.78)
BR004,MED156,Paracetamol Suspension 250mg/5ml (TrueLife Remedies),Antipyretics,10,0.521,1.017,2.401,2.168,0.0,0.0744,134.36,32.29,0,0,2,0.00411,1.516,LOW,LOW,0.0,134.4 days of cover: 10 units in stock at expected demand of 0.07 units/day,highly variable weekly demand (CV 1.52)
BR004,MED157,Paracetamol Suspension 125mg/5ml,Antipyretics,10,0.519,0.961,2.109,2.166,0.0714,0.0741,134.87,32.32,0,0,0,0.0,1.445,LOW,LOW,0.0,134.9 days of cover: 10 units in stock at expected demand of 0.07 units/day,highly variable weekly demand (CV 1.44)
BR004,MED160,Paracetamol Suspension 125mg/5ml (TrueLife Remedies),Antipyretics,8,1.042,1.967,4.274,4.49,0.1429,0.1489,53.74,12.47,0,4,2,0.00959,0.948,LOW,LOW,0.0,53.7 days of cover: 8 units in stock at expected demand of 0.15 units/day,
BR004,MED161,Paracetamol Suspension 125mg/5ml (VitaCure Remedies),Antipyretics,5,0.938,2.22,5.362,3.237,0.2857,0.2857,17.5,10.81,0,0,0,0.0,1.104,LOW,LOW,0.0,17.5 days of cover: 5 units in stock at expected demand of 0.29 units/day,highly variable weekly demand (CV 1.10)
BR004,MED164,Cetirizine 10mg (LifeSpring Pharma),Antihistamines,9,1.305,2.664,6.478,4.754,0.25,0.25,36.0,13.25,0,0,2,0.01096,1.171,LOW,LOW,0.0,36.0 days of cover: 9 units in stock at expected demand of 0.25 units/day,highly variable weekly demand (CV 1.17)
BR004,MED165,Cetirizine 10mg (Stellar Formulations),Antihistamines,13,3.952,7.672,19.692,9.445,0.5714,0.5714,22.75,9.63,0,3,6,0.01507,0.722,LOW,LOW,0.0,22.8 days of cover: 13 units in stock at expected demand of 0.57 units/day,
BR004,MED166,Cetirizine 10mg (Summit Lifesciences),Antihistamines,9,1.184,2.45,5.825,4.633,0.2857,0.2857,31.5,13.6,0,0,0,0.0,1.118,LOW,LOW,0.0,31.5 days of cover: 9 units in stock at expected demand of 0.29 units/day,highly variable weekly demand (CV 1.12)
BR004,MED168,Cetirizine 5mg,Antihistamines,5,1.1,2.472,5.95,4.548,0.25,0.25,20.0,7.7,0,0,5,0.01644,0.996,LOW,LOW,0.0,20.0 days of cover: 5 units in stock at expected demand of 0.25 units/day,
BR004,MED170,Cetirizine 5mg (CureLine Healthcare),Antihistamines,5,0.321,0.687,1.333,1.968,0.0,0.0459,109.03,17.78,0,0,0,0.0,2.824,LOW,LOW,0.0,109.0 days of cover: 5 units in stock at expected demand of 0.05 units/day,highly variable weekly demand (CV 2.82)
BR004,MED172,Cetirizine 5mg (Summit Lifesciences),Antihistamines,15,0.797,1.723,4.38,3.095,0.0714,0.1139,131.74,33.93,0,0,1,0.00274,1.265,LOW,LOW,0.0,131.7 days of cover: 15 units in stock at expected demand of 0.11 units/day,highly variable weekly demand (CV 1.26)
BR004,MED174,Cetirizine 5mg (VitaCure Remedies),Antihistamines,11,0.474,0.966,2.225,2.121,0.0714,0.0714,154.0,36.3,0,0,0,0.0,2.153,LOW,LOW,0.0,154.0 days of cover: 11 units in stock at expected demand of 0.07 units/day,highly variable weekly demand (CV 2.15)
BR004,MED175,Chlorpheniramine 4mg (ApexLife Pharma),Antihistamines,13,0.363,0.953,2.064,2.01,0.0,0.0519,250.69,45.27,0,0,0,0.0,1.817,LOW,LOW,0.0,250.7 days of cover: 13 units in stock at expected demand of 0.05 units/day,highly variable weekly demand (CV 1.82)
BR004,MED176,Chlorpheniramine 4mg (BlueCrest Pharma),Antihistamines,35,0.726,1.195,4.392,3.024,0.1429,0.1429,245.0,81.02,0,0,0,0.0,1.324,LOW,LOW,0.0,245.0 days of cover: 35 units in stock at expected demand of 0.14 units/day,highly variable weekly demand (CV 1.32)
BR004,MED177,Chlorpheniramine 4mg (CarePlus Laboratories),Antihistamines,15,0.386,0.984,2.09,2.033,0.0,0.0551,272.02,51.65,0,0,0,0.0,2.059,LOW,LOW,0.0,272.0 days of cover: 15 units in stock at expected demand of 0.06 units/day,highly variable weekly demand (CV 2.06)
BR004,MED179,Chlorpheniramine 4mg (LifeSpring Pharma),Antihistamines,14,1.556,3.757,7.81,5.005,0.25,0.25,56.0,19.58,0,0,1,0.00411,1.001,LOW,LOW,0.0,56.0 days of cover: 14 units in stock at expected demand of 0.25 units/day,highly variable weekly demand (CV 1.00)
BR004,MED180,Chlorpheniramine 4mg (VitaCure Remedies),Antihistamines,10,0.392,0.808,2.081,2.039,0.0357,0.056,178.57,34.33,0,0,0,0.0,2.392,LOW,LOW,0.0,178.6 days of cover: 10 units in stock at expected demand of 0.06 units/day,highly variable weekly demand (CV 2.39)
BR004,MED181,Fexofenadine 120mg (ApexLife Pharma),Antihistamines,11,1.316,2.837,6.606,4.764,0.3214,0.3214,34.22,16.16,0,0,1,0.00411,1.082,LOW,LOW,0.0,34.2 days of cover: 11 units in stock at expected demand of 0.32 units/day,highly variable weekly demand (CV 1.08)
BR004,MED182,Fexofenadine 120mg (BlueCrest Pharma),Antihistamines,25,5.334,11.448,25.717,10.827,0.6071,0.762,32.81,16.16,0,0,4,0.00822,0.543,LOW,LOW,0.0,32.8 days of cover: 25 units in stock at expected demand of 0.76 units/day,
BR004,MED183,Fexofenadine 120mg (CureLine Healthcare),Antihistamines,15,1.093,2.418,6.023,4.542,0.25,0.25,60.0,23.12,0,0,0,0.0,0.883,LOW,LOW,0.0,60.0 days of cover: 15 units in stock at expected demand of 0.25 units/day,
BR004,MED184,Fexofenadine 120mg (LifeSpring Pharma),Antihistamines,19,0.526,1.294,3.06,2.173,0.0357,0.0751,252.85,61.21,0,0,0,0.0,1.23,LOW,LOW,0.0,252.9 days of cover: 19 units in stock at expected demand of 0.08 units/day,highly variable weekly demand (CV 1.23)
BR004,MED185,Fexofenadine 120mg (TrueLife Remedies),Antihistamines,16,0.389,1.098,2.128,2.035,0.0,0.0556,287.92,55.04,0,0,0,0.0,2.229,LOW,LOW,0.0,287.9 days of cover: 16 units in stock at expected demand of 0.06 units/day,highly variable weekly demand (CV 2.23)
BR004,MED187,Fexofenadine 180mg (CureLine Healthcare),Antihistamines,11,0.357,0.738,1.779,2.004,0.0,0.051,215.69,38.42,0,0,0,0.0,2.122,LOW,LOW,0.0,215.7 days of cover: 11 units in stock at expected demand of 0.05 units/day,highly variable weekly demand (CV 2.12)
BR004,MED188,Fexofenadine 180mg (HealthAxis Pharma),Antihistamines,3,0.47,1.007,2.444,2.116,0.1071,0.1071,28.0,9.92,0,0,0,0.0,1.391,LOW,LOW,0.0,28.0 days of cover: 3 units in stock at expected demand of 0.11 units/day,highly variable weekly demand (CV 1.39)
BR004,MED189,Fexofenadine 180mg (TrueLife Remedies),Antihistamines,15,0.641,1.467,3.327,2.288,0.0,0.0916,163.81,45.89,0,0,3,0.00685,1.862,LOW,LOW,0.0,163.8 days of cover: 15 units in stock at expected demand of 0.09 units/day,highly variable weekly demand (CV 1.86)
BR004,MED190,Levocetirizine 5mg (Aarogya Formulations),Antihistamines,14,0.937,2.239,4.673,3.235,0.1429,0.1429,98.0,30.29,0,0,4,0.02466,1.258,LOW,LOW,0.0,98.0 days of cover: 14 units in stock at expected demand of 0.14 units/day,highly variable weekly demand (CV 1.26)
BR004,MED192,Levocetirizine 5mg (CureLine Healthcare),Antihistamines,7,0.613,1.362,2.93,2.26,0.0714,0.0876,79.93,21.68,0,0,1,0.00822,1.027,LOW,LOW,0.0,79.9 days of cover: 7 units in stock at expected demand of 0.09 units/day,highly variable weekly demand (CV 1.03)
BR004,MED193,Levocetirizine 5mg (LifeSpring Pharma),Antihistamines,19,1.293,2.899,7.03,4.741,0.1786,0.1847,102.86,28.05,0,0,1,0.00137,1.122,LOW,LOW,0.0,102.9 days of cover: 19 units in stock at expected demand of 0.18 units/day,highly variable weekly demand (CV 1.12)
BR004,MED195,Levocetirizine 5mg (VitaCure Remedies),Antihistamines,13,0.741,1.705,4.361,3.04,0.0714,0.1059,122.81,29.93,0,0,2,0.00411,2.054,LOW,LOW,0.0,122.8 days of cover: 13 units in stock at expected demand of 0.11 units/day,highly variable weekly demand (CV 2.05)
BR004,MED196,Levocetirizine 2.5mg,Antihistamines,15,0.386,0.984,2.09,2.033,0.0,0.0551,272.02,51.65,0,0,0,0.0,1.992,LOW,LOW,0.0,272.0 days of cover: 15 units in stock at expected demand of 0.06 units/day,highly variable weekly demand (CV 1.99)
BR004,MED197,Levocetirizine 2.5mg (LifeSpring Pharma),Antihistamines,19,5.173,10.336,23.252,10.666,0.7143,0.739,25.71,12.47,0,2,5,0.01096,0.511,LOW,LOW,0.0,25.7 days of cover: 19 units in stock at expected demand of 0.74 units/day,
BR004,MED198,Levocetirizine 2.5mg (Stellar Formulations),Antihistamines,11,0.552,1.209,3.071,2.199,0.1071,0.1071,102.67,35.02,0,0,0,0.0,1.813,LOW,LOW,0.0,102.7 days of cover: 11 units in stock at expected demand of 0.11 units/day,highly variable weekly demand (CV 1.81)
BR004,MED199,Montelukast + Levocetirizine 10mg/5mg (Aarogya Formulations),Antihistamines,10,0.402,0.837,2.05,2.049,0.0357,0.0574,174.13,34.16,0,0,0,0.0,1.661,LOW,LOW,0.0,174.1 days of cover: 10 units in stock at expected demand of 0.06 units/day,highly variable weekly demand (CV 1.66)
BR004,MED201,Montelukast + Levocetirizine 10mg/5mg (NovaMed Laboratories),Antihistamines,17,1.327,3.004,7.491,4.775,0.2143,0.2143,79.33,24.92,0,0,1,0.00137,0.936,LOW,LOW,0.0,79.3 days of cover: 17 units in stock at expected demand of 0.21 units/day,
BR004,MED203,Montelukast + Levocetirizine 10mg/5mg (TrueLife Remedies),Antihistamines,10,0.806,1.611,4.357,3.105,0.1429,0.1429,70.0,22.54,0,0,1,0.00137,1.276,LOW,LOW,0.0,70.0 days of cover: 10 units in stock at expected demand of 0.14 units/day,highly variable weekly demand (CV 1.28)
BR004,MED204,Montelukast + Levocetirizine 10mg/5mg (VitaCure Remedies),Antihistamines,12,1.874,4.171,9.893,5.322,0.3571,0.3571,33.6,15.78,0,12,4,0.02329,0.912,LOW,LOW,0.0,33.6 days of cover: 12 units in stock at expected demand of 0.36 units/day,
BR004,MED205,Domperidone 10mg (BlueCrest Pharma),Gastrointestinal,15,4.544,9.545,20.958,10.038,0.7143,0.7143,21.0,10.46,0,0,2,0.00548,0.487,LOW,LOW,0.0,21.0 days of cover: 15 units in stock at expected demand of 0.71 units/day,
BR004,MED207,Domperidone 10mg (CureLine Healthcare),Gastrointestinal,14,1.153,2.514,5.491,4.601,0.2143,0.2143,65.33,21.3,0,0,1,0.00274,0.838,LOW,LOW,0.0,65.3 days of cover: 14 units in stock at expected demand of 0.21 units/day,
BR004,MED208,Domperidone 10mg (HealthAxis Pharma),Gastrointestinal,11,0.475,1.177,2.456,2.122,0.0357,0.0679,162.11,36.29,0,0,0,0.0,2.025,LOW,LOW,0.0,162.1 days of cover: 11 units in stock at expected demand of 0.07 units/day,highly variable weekly demand (CV 2.02)
BR004,MED209,Domperidone 10mg (LifeSpring Pharma),Gastrointestinal,9,0.459,1.073,2.538,2.105,0.0714,0.0714,126.0,29.93,0,0,0,0.0,1.467,LOW,LOW,0.0,126.0 days of cover: 9 units in stock at expected demand of 0.07 units/day,highly variable weekly demand (CV 1.47)
BR004,MED210,Domperidone 10mg (NovaMed Laboratories),Gastrointestinal,8,1.412,3.074,7.196,4.861,0.3214,0.3214,24.89,11.52,0,0,7,0.02192,0.641,LOW,LOW,0.0,24.9 days of cover: 8 units in stock at expected demand of 0.32 units/day,
BR004,MED211,Loperamide 2mg (Aarogya Formulations),Gastrointestinal,14,0.925,1.963,4.386,3.223,0.1429,0.1429,98.0,30.41,0,0,1,0.00548,1.294,LOW,LOW,0.0,98.0 days of cover: 14 units in stock at expected demand of 0.14 units/day,highly variable weekly demand (CV 1.29)
BR004,MED212,Loperamide 2mg (BlueCrest Pharma),Gastrointestinal,7,0.634,1.529,2.935,2.28,0.2143,0.2143,32.67,21.49,0,0,0,0.0,1.402,LOW,LOW,0.0,32.7 days of cover: 7 units in stock at expected demand of 0.21 units/day,highly variable weekly demand (CV 1.40)
BR004,MED213,Loperamide 2mg (LifeSpring Pharma),Gastrointestinal,5,0.526,1.236,3.114,2.172,0.1429,0.1429,35.0,16.11,0,0,0,0.0,1.171,LOW,LOW,0.0,35.0 days of cover: 5 units in stock at expected demand of 0.14 units/day,highly variable weekly demand (CV 1.17)
BR004,MED214,Omeprazole 20mg (Aarogya Formulations),Gastrointestinal,8,0.443,1.109,2.762,2.09,0.1071,0.1071,74.67,26.79,0,0,0,0.0,1.385,LOW,LOW,0.0,74.7 days of cover: 8 units in stock at expected demand of 0.11 units/day,highly variable weekly demand (CV 1.38)
BR004,MED215,Omeprazole 20mg (CarePlus Laboratories),Gastrointestinal,17,3.576,7.296,15.365,9.07,0.5,0.5109,33.28,13.12,0,4,4,0.01507,0.557,LOW,LOW,0.0,33.3 days of cover: 17 units in stock at expected demand of 0.51 units/day,
BR004,MED216,Omeprazole 20mg (CureLine Healthcare),Gastrointestinal,9,0.425,1.043,2.406,2.072,0.0357,0.0607,148.24,30.41,0,0,0,0.0,1.364,LOW,LOW,0.0,148.2 days of cover: 9 units in stock at expected demand of 0.06 units/day,highly variable weekly demand (CV 1.36)
BR004,MED217,Omeprazole 20mg (HealthAxis Pharma),Gastrointestinal,12,0.378,0.746,1.805,2.025,0.0,0.054,222.22,41.48,0,0,0,0.0,1.219,LOW,LOW,0.0,222.2 days of cover: 12 units in stock at expected demand of 0.05 units/day,highly variable weekly demand (CV 1.22)
BR004,MED218,Omeprazole 20mg (LifeSpring Pharma),Gastrointestinal,9,0.776,1.58,3.671,3.074,0.1071,0.1109,81.19,20.49,0,0,1,0.00274,1.127,LOW,LOW,0.0,81.2 days of cover: 9 units in stock at expected demand of 0.11 units/day,highly variable weekly demand (CV 1.13)
BR004,MED220,Omeprazole 20mg (VitaCure Remedies),Gastrointestinal,13,0.471,1.042,2.392,2.118,0.0357,0.0673,193.21,42.97,0,0,0,0.0,1.123,LOW,LOW,0.0,193.2 days of cover: 13 units in stock at expected demand of 0.07 units/day,highly variable weekly demand (CV 1.12)
BR004,MED222,Omeprazole 40mg (ApexLife Pharma),Gastrointestinal,14,4.275,9.161,20.562,9.769,0.7143,0.7143,19.6,10.03,0,0,6,0.01781,0.603,LOW,LOW,0.0,19.6 days of cover: 14 units in stock at expected demand of 0.71 units/day,
BR004,MED223,Omeprazole 40mg (LifeSpring Pharma),Gastrointestinal,17,4.313,8.582,18.478,9.807,0.5714,0.6161,27.59,12.13,0,0,1,0.00137,0.562,LOW,LOW,0.0,27.6 days of cover: 17 units in stock at expected demand of 0.62 units/day,
BR004,MED224,Omeprazole 40mg (Summit Lifesciences),Gastrointestinal,10,2.992,6.568,14.657,8.486,0.5,0.5,20.0,8.25,0,0,6,0.01781,0.471,LOW,LOW,0.0,20.0 days of cover: 10 units in stock at expected demand of 0.50 units/day,
BR004,MED225,Omeprazole 40mg (TrueLife Remedies),Gastrointestinal,6,0.699,1.412,2.95,2.997,0.2143,0.2143,28.0,14.01,0,0,1,0.00411,1.497,LOW,LOW,0.0,28.0 days of cover: 6 units in stock at expected demand of 0.21 units/day,highly variable weekly demand (CV 1.50)
BR004,MED226,Ondansetron 4mg (Aarogya Formulations),Gastrointestinal,11,1.709,3.155,6.817,5.157,0.25,0.25,44.0,14.93,2,3,3,0.00685,0.734,LOW,LOW,0.0,44.0 days of cover: 11 units in stock at expected demand of 0.25 units/day,
BR004,MED227,Ondansetron 4mg (BlueCrest Pharma),Gastrointestinal,12,0.378,0.746,1.805,2.025,0.0,0.054,222.22,41.48,0,0,0,0.0,1.817,LOW,LOW,0.0,222.2 days of cover: 12 units in stock at expected demand of 0.05 units/day,highly variable weekly demand (CV 1.82)
BR004,MED228,Ondansetron 4mg (CarePlus Laboratories),Gastrointestinal,22,0.886,1.859,4.279,3.184,0.0714,0.1266,173.81,48.37,0,0,1,0.00274,1.596,LOW,LOW,0.0,173.8 days of cover: 22 units in stock at expected demand of 0.13 units/day,highly variable weekly demand (CV 1.60)
BR004,MED229,Ondansetron 4mg (CureLine Healthcare),Gastrointestinal,15,0.593,1.293,2.97,2.24,0.0714,0.0847,177.07,46.88,0,0,0,0.0,1.197,LOW,LOW,0.0,177.1 days of cover: 15 units in stock at expected demand of 0.08 units/day,highly variable weekly demand (CV 1.20)
BR004,MED230,Ondansetron 4mg (LifeSpring Pharma),Gastrointestinal,11,0.717,1.572,3.651,3.015,0.0714,0.1024,107.39,25.54,0,0,1,0.00411,1.261,LOW,LOW,0.0,107.4 days of cover: 11 units in stock at expected demand of 0.10 units/day,highly variable weekly demand (CV 1.26)
BR004,MED232,Ondansetron 4mg (Stellar Formulations),Gastrointestinal,9,0.755,1.789,4.081,3.053,0.2143,0.2143,42.0,20.64,0,0,0,0.0,1.053,LOW,LOW,0.0,42.0 days of cover: 9 units in stock at expected demand of 0.21 units/day,highly variable weekly demand (CV 1.05)
BR004,MED233,Ondansetron 4mg (Summit Lifesciences),Gastrointestinal,16,0.994,2.213,4.562,3.292,0.1786,0.1786,89.6,34.02,0,0,1,0.00548,1.143,LOW,LOW,0.0,89.6 days of cover: 16 units in stock at expected demand of 0.18 units/day,highly variable weekly demand (CV 1.14)
BR004,MED234,Ondansetron 4mg (VitaCure Remedies),Gastrointestinal,22,6.665,13.82,30.413,16.984,1.1429,1.1429,19.25,9.07,0,0,1,0.00274,0.483,LOW,LOW,0.0,19.2 days of cover: 22 units in stock at expected demand of 1.14 units/day,
BR004,MED235,Ondansetron 8mg,Gastrointestinal,7,0.822,1.806,3.947,3.12,0.1786,0.1786,39.2,15.71,0,3,2,0.00685,1.224,LOW,LOW,0.0,39.2 days of cover: 7 units in stock at expected demand of 0.18 units/day,highly variable weekly demand (CV 1.22)
BR004,MED236,Ondansetron 8mg (LifeSpring Pharma),Gastrointestinal,87,34.443,71.465,155.487,44.761,4.9286,4.9286,17.65,13.61,0,0,0,0.0,0.213,LOW,LOW,0.0,17.7 days of cover: 87 units in stock at expected demand of 4.93 units/day,
BR004,MED237,Ondansetron 8mg (TrueLife Remedies),Gastrointestinal,10,0.434,1.06,2.472,2.08,0.0357,0.062,161.29,33.65,0,0,0,0.0,1.131,LOW,LOW,0.0,161.3 days of cover: 10 units in stock at expected demand of 0.06 units/day,highly variable weekly demand (CV 1.13)
BR004,MED240,ORS Powder 21.8g (LifeSpring Pharma),Gastrointestinal,9,1.326,2.865,7.515,4.774,0.3571,0.3571,25.2,13.2,1,1,1,0.00137,0.986,LOW,LOW,0.0,25.2 days of cover: 9 units in stock at expected demand of 0.36 units/day,
BR004,MED241,ORS Powder 21.8g (Stellar Formulations),Gastrointestinal,30,10.431,21.461,47.478,20.75,1.8929,1.8929,15.85,10.12,0,0,0,0.0,0.503,LOW,LOW,0.0,15.8 days of cover: 30 units in stock at expected demand of 1.89 units/day,
BR004,MED242,ORS Powder 21.8g (Summit Lifesciences),Gastrointestinal,8,0.407,0.965,2.25,2.053,0.0357,0.0581,137.59,27.28,0,0,0,0.0,1.862,LOW,LOW,0.0,137.6 days of cover: 8 units in stock at expected demand of 0.06 units/day,highly variable weekly demand (CV 1.86)
BR004,MED243,ORS Powder 21.8g (TrueLife Remedies),Gastrointestinal,14,0.48,0.992,2.247,2.126,0.0357,0.0686,204.17,46.1,0,0,0,0.0,1.775,LOW,LOW,0.0,204.2 days of cover: 14 units in stock at expected demand of 0.07 units/day,highly variable weekly demand (CV 1.78)
BR004,MED244,ORS Powder 21.8g (VitaCure Remedies),Gastrointestinal,9,0.766,1.728,3.963,3.064,0.1429,0.1429,63.0,20.56,0,0,2,0.0137,1.393,LOW,LOW,0.0,63.0 days of cover: 9 units in stock at expected demand of 0.14 units/day,highly variable weekly demand (CV 1.39)
BR004,MED247,Pantoprazole 40mg (NovaMed Laboratories),Gastrointestinal,21,5.684,11.388,26.067,11.178,0.75,0.812,25.86,13.15,0,0,0,0.0,0.444,LOW,LOW,0.0,25.9 days of cover: 21 units in stock at expected demand of 0.81 units/day,
BR004,MED248,Pantoprazole 40mg (TrueLife Remedies),Gastrointestinal,7,0.653,1.416,3.096,2.299,0.1071,0.1071,65.33,21.31,0,0,1,0.00411,1.521,LOW,LOW,0.0,65.3 days of cover: 7 units in stock at expected demand of 0.11 units/day,highly variable weekly demand (CV 1.52)
BR004,MED250,Pantoprazole 20mg (ApexLife Pharma),Gastrointestinal,12,1.427,3.164,7.805,4.875,0.3571,0.3571,33.6,17.23,0,0,3,0.01507,0.686,LOW,LOW,0.0,33.6 days of cover: 12 units in stock at expected demand of 0.36 units/day,
BR004,MED251,Pantoprazole 20mg (BlueCrest Pharma),Gastrointestinal,13,0.754,1.562,3.809,3.052,0.0714,0.1077,120.69,29.82,0,0,1,0.00548,1.082,LOW,LOW,0.0,120.7 days of cover: 13 units in stock at expected demand of 0.11 units/day,highly variable weekly demand (CV 1.08)
BR004,MED252,Pantoprazole 20mg (CarePlus Laboratories),Gastrointestinal,12,0.471,1.044,2.377,2.117,0.0357,0.0673,178.34,39.68,0,0,0,0.0,0.96,LOW,LOW,0.0,178.3 days of cover: 12 units in stock at expected demand of 0.07 units/day,
BR004,MED253,Pantoprazole 20mg (Stellar Formulations),Gastrointestinal,13,0.577,1.227,2.786,2.224,0.1071,0.1071,121.33,40.92,0,0,0,0.0,1.143,LOW,LOW,0.0,121.3 days of cover: 13 units in stock at expected demand of 0.11 units/day,highly variable weekly demand (CV 1.14)
BR004,MED254,Pantoprazole 20mg (Summit Lifesciences),Gastrointestinal,6,0.49,0.994,1.989,2.136,0.0357,0.07,85.71,19.66,0,0,3,0.02055,1.283,LOW,LOW,0.0,85.7 days of cover: 6 units in stock at expected demand of 0.07 units/day,highly variable weekly demand (CV 1.28)
BR004,MED255,Pantoprazole 20mg (VitaCure Remedies),Gastrointestinal,31,0.586,1.268,3.169,2.233,0.0,0.0837,370.31,97.18,0,0,0,0.0,2.235,LOW,LOW,0.0,370.3 days of cover: 31 units in stock at expected demand of 0.08 units/day,highly variable weekly demand (CV 2.23)
BR004,MED258,Amlodipine 5mg (NovaMed Laboratories),Cardiovascular,12,0.574,1.286,3.015,2.22,0.1071,0.1071,112.0,37.84,0,0,0,0.0,1.62,LOW,LOW,0.0,112.0 days of cover: 12 units in stock at expected demand of 0.11 units/day,highly variable weekly demand (CV 1.62)
BR004,MED259,Amlodipine 5mg (Stellar Formulations),Cardiovascular,12,0.53,1.248,3.081,2.176,0.0714,0.0757,158.49,38.6,0,0,0,0.0,1.224,LOW,LOW,0.0,158.5 days of cover: 12 units in stock at expected demand of 0.08 units/day,highly variable weekly demand (CV 1.22)
BR004,MED260,Amlodipine 5mg (VitaCure Remedies),Cardiovascular,11,0.546,1.16,2.623,2.193,0.0,0.078,141.03,35.11,0,0,1,0.00411,3.051,LOW,LOW,0.0,141.0 days of cover: 11 units in stock at expected demand of 0.08 units/day,highly variable weekly demand (CV 3.05)
BR004,MED262,Amlodipine 2.5mg (LifeSpring Pharma),Cardiovascular,20,1.177,2.838,6.488,4.625,0.25,0.25,80.0,30.27,0,0,0,0.0,0.767,LOW,LOW,0.0,80.0 days of cover: 20 units in stock at expected demand of 0.25 units/day,
BR004,MED264,Amlodipine 2.5mg (Summit Lifesciences),Cardiovascular,32,9.113,18.773,41.737,19.432,1.5,1.5,21.33,11.53,0,3,6,0.01644,0.592,LOW,LOW,0.0,21.3 days of cover: 32 units in stock at expected demand of 1.50 units/day,
BR004,MED265,Amlodipine 2.5mg (TrueLife Remedies),Cardiovascular,68,15.444,31.702,68.872,25.762,2.2857,2.2857,29.75,18.48,0,0,1,0.00548,0.338,LOW,LOW,0.0,29.8 days of cover: 68 units in stock at expected demand of 2.29 units/day,
BR004,MED266,Amlodipine 2.5mg (VitaCure Remedies),Cardiovascular,5,0.383,0.82,2.046,2.03,0.1071,0.1071,46.67,17.24,0,0,0,0.0,1.897,LOW,LOW,0.0,46.7 days of cover: 5 units in stock at expected demand of 0.11 units/day,highly variable weekly demand (CV 1.90)
BR004,MED267,Amlodipine 10mg,Cardiovascular,15,0.884,2.002,4.638,3.182,0.0714,0.1263,118.78,33.0,0,0,1,0.00274,1.639,LOW,LOW,0.0,118.8 days of cover: 15 units in stock at expected demand of 0.13 units/day,highly variable weekly demand (CV 1.64)
BR004,MED268,Amlodipine 10mg (LifeSpring Pharma),Cardiovascular,11,0.546,1.16,2.623,2.193,0.0,0.078,141.03,35.11,0,0,2,0.00959,2.243,LOW,LOW,0.0,141.0 days of cover: 11 units in stock at expected demand of 0.08 units/day,highly variable weekly demand (CV 2.24)
BR004,MED270,Aspirin 75mg (Aarogya Formulations),Cardiovascular,34,9.379,19.789,42.586,19.698,1.5,1.5,22.67,12.08,0,0,1,0.00685,0.498,LOW,LOW,0.0,22.7 days of cover: 34 units in stock at expected demand of 1.50 units/day,
BR004,MED274,Aspirin 75mg (LifeSpring Pharma),Cardiovascular,18,0.452,1.013,2.285,2.098,0.0,0.0646,278.76,60.06,0,0,0,0.0,3.078,LOW,LOW,0.0,278.8 days of cover: 18 units in stock at expected demand of 0.06 units/day,highly variable weekly demand (CV 3.08)
BR004,MED275,Aspirin 75mg (NovaMed Laboratories),Cardiovascular,25,0.761,1.675,3.195,3.059,0.0357,0.1087,229.96,57.21,0,0,0,0.0,1.817,LOW,LOW,0.0,230.0 days of cover: 25 units in stock at expected demand of 0.11 units/day,highly variable weekly demand (CV 1.82)
BR004,MED276,Aspirin 75mg (Stellar Formulations),Cardiovascular,58,10.284,22.263,48.257,20.602,1.4643,1.4691,39.48,19.71,0,0,1,0.00959,0.499,LOW,LOW,0.0,39.5 days of cover: 58 units in stock at expected demand of 1.47 units/day,
BR004,MED277,Aspirin 150mg,Cardiovascular,7,0.532,1.053,2.731,2.178,0.0714,0.076,92.11,22.5,0,0,1,0.01233,1.76,LOW,LOW,0.0,92.1 days of cover: 7 units in stock at expected demand of 0.08 units/day,highly variable weekly demand (CV 1.76)
BR004,MED279,Aspirin 150mg (Summit Lifesciences),Cardiovascular,19,0.7,1.679,3.128,2.998,0.0714,0.1,190.0,44.36,0,0,0,0.0,1.556,LOW,LOW,0.0,190.0 days of cover: 19 units in stock at expected demand of 0.10 units/day,highly variable weekly demand (CV 1.56)
BR004,MED281,Atorvastatin 10mg (Aarogya Formulations),Cardiovascular,8,0.698,1.561,3.97,2.997,0.2143,0.2143,37.33,18.69,0,0,0,0.0,1.471,LOW,LOW,0.0,37.3 days of cover: 8 units in stock at expected demand of 0.21 units/day,highly variable weekly demand (CV 1.47)
BR004,MED282,Atorvastatin 10mg (ApexLife Pharma),Cardiovascular,17,1.752,4.691,10.775,5.2,0.3571,0.3571,47.6,22.88,0,1,2,0.00685,1.112,LOW,LOW,0.0,47.6 days of cover: 17 units in stock at expected demand of 0.36 units/day,highly variable weekly demand (CV 1.11)
BR004,MED284,Atorvastatin 10mg (Summit Lifesciences),Cardiovascular,36,8.068,17.95,38.782,18.387,1.1429,1.1526,31.23,13.71,0,0,4,0.01096,0.677,LOW,LOW,0.0,31.2 days of cover: 36 units in stock at expected demand of 1.15 units/day,
BR004,MED285,Atorvastatin 20mg,Cardiovascular,11,2.656,5.624,12.288,8.15,0.5714,0.5714,19.25,9.45,0,0,5,0.01781,0.694,LOW,LOW,0.0,19.2 days of cover: 11 units in stock at expected demand of 0.57 units/day,
BR004,MED287,Atorvastatin 20mg (CarePlus Laboratories),Cardiovascular,21,3.583,7.568,15.611,9.077,0.5,0.5119,41.03,16.19,0,5,1,0.00685,1.079,LOW,LOW,0.0,41.0 days of cover: 21 units in stock at expected demand of 0.51 units/day,highly variable weekly demand (CV 1.08)
BR004,MED288,Atorvastatin 40mg,Cardiovascular,29,6.318,13.599,30.602,16.636,0.8571,0.9026,32.13,12.2,0,0,5,0.00959,0.564,LOW,LOW,0.0,32.1 days of cover: 29 units in stock at expected demand of 0.90 units/day,
BR004,MED289,Atorvastatin 40mg (CureLine Healthcare),Cardiovascular,6,0.727,1.299,3.935,3.025,0.3214,0.3214,18.67,13.88,0,0,0,0.0,1.366,LOW,LOW,0.0,18.7 days of cover: 6 units in stock at expected demand of 0.32 units/day,highly variable weekly demand (CV 1.37)
BR004,MED290,Atorvastatin 40mg (LifeSpring Pharma),Cardiovascular,5,0.401,0.768,1.804,2.048,0.0,0.0573,87.28,17.09,0,0,1,0.00137,1.781,LOW,LOW,0.0,87.3 days of cover: 5 units in stock at expected demand of 0.06 units/day,highly variable weekly demand (CV 1.78)
BR004,MED292,Clopidogrel 75mg (Aarogya Formulations),Cardiovascular,24,6.103,12.847,29.865,11.597,0.8214,0.8719,27.53,14.49,0,0,2,0.00411,0.673,LOW,LOW,0.0,27.5 days of cover: 24 units in stock at expected demand of 0.87 units/day,
BR004,MED293,Clopidogrel 75mg (BlueCrest Pharma),Cardiovascular,22,1.139,2.835,6.217,4.587,0.1071,0.1627,135.21,33.57,0,0,1,0.00274,1.162,LOW,LOW,0.0,135.2 days of cover: 22 units in stock at expected demand of 0.16 units/day,highly variable weekly demand (CV 1.16)
BR004,MED294,Clopidogrel 75mg (CureLine Healthcare),Cardiovascular,29,1.147,2.617,6.389,4.595,0.2143,0.2143,135.33,44.18,0,0,0,0.0,1.085,LOW,LOW,0.0,135.3 days of cover: 29 units in stock at expected demand of 0.21 units/day,highly variable weekly demand (CV 1.09)
BR004,MED295,Clopidogrel 75mg (NovaMed Laboratories),Cardiovascular,10,0.786,1.673,4.212,3.085,0.1429,0.1429,70.0,22.69,0,0,2,0.0137,1.599,LOW,LOW,0.0,70.0 days of cover: 10 units in stock at expected demand of 0.14 units/day,highly variable weekly demand (CV 1.60)
BR004,MED296,Clopidogrel 75mg (Stellar Formulations),Cardiovascular,20,1.228,2.872,7.146,4.676,0.1429,0.1754,114.01,29.94,0,0,1,0.01507,0.848,LOW,LOW,0.0,114.0 days of cover: 20 units in stock at expected demand of 0.18 units/day,
BR004,MED297,Losartan 50mg (Aarogya Formulations),Cardiovascular,13,0.581,1.455,3.338,2.228,0.0714,0.083,156.63,40.84,0,0,0,0.0,1.761,LOW,LOW,0.0,156.6 days of cover: 13 units in stock at expected demand of 0.08 units/day,highly variable weekly demand (CV 1.76)
BR004,MED298,Losartan 50mg (CarePlus Laboratories),Cardiovascular,11,0.803,1.65,4.251,3.102,0.1429,0.1429,77.0,24.82,0,0,1,0.01233,1.862,LOW,LOW,0.0,77.0 days of cover: 11 units in stock at expected demand of 0.14 units/day,highly variable weekly demand (CV 1.86)
BR004,MED300,Losartan 25mg,Cardiovascular,6,0.483,1.088,2.399,2.129,0.1071,0.1071,56.0,19.73,0,0,2,0.0137,1.712,LOW,LOW,0.0,56.0 days of cover: 6 units in stock at expected demand of 0.11 units/day,highly variable weekly demand (CV 1.71)
BR004,MED302,Losartan 25mg (HealthAxis Pharma),Cardiovascular,21,6.009,12.371,26.681,11.503,1.0714,1.0714,19.6,12.78,1,6,11,0.02466,0.691,LOW,LOW,0.0,19.6 days of cover: 21 units in stock at expected demand of 1.07 units/day,
BR004,MED303,Losartan 25mg (NovaMed Laboratories),Cardiovascular,18,0.699,1.47,3.785,2.998,0.0,0.0999,180.26,42.03,0,0,1,0.00685,1.832,LOW,LOW,0.0,180.3 days of cover: 18 units in stock at expected demand of 0.10 units/day,highly variable weekly demand (CV 1.83)
BR004,MED304,Losartan 25mg (Summit Lifesciences),Cardiovascular,8,0.673,1.495,3.761,2.972,0.1429,0.1429,56.0,18.84,0,0,0,0.0,1.672,LOW,LOW,0.0,56.0 days of cover: 8 units in stock at expected demand of 0.14 units/day,highly variable weekly demand (CV 1.67)
BR004,MED305,Losartan 25mg (TrueLife Remedies),Cardiovascular,20,5.799,12.709,28.959,11.293,0.8929,0.8929,22.4,12.4,0,0,1,0.00411,0.394,LOW,LOW,0.0,22.4 days of cover: 20 units in stock at expected demand of 0.89 units/day,
BR004,MED308,Metoprolol 50mg (CureLine Healthcare),Cardiovascular,8,1.228,2.519,6.719,4.677,0.4286,0.4286,18.67,11.97,0,0,0,0.0,0.982,LOW,LOW,0.0,18.7 days of cover: 8 units in stock at expected demand of 0.43 units/day,
BR004,MED309,Metoprolol 50mg (NovaMed Laboratories),Cardiovascular,13,0.493,1.23,2.763,2.139,0.0357,0.0704,184.58,42.54,0,0,0,0.0,1.276,LOW,LOW,0.0,184.6 days of cover: 13 units in stock at expected demand of 0.07 units/day,highly variable weekly demand (CV 1.28)
BR004,MED312,Metoprolol 25mg (HealthAxis Pharma),Cardiovascular,12,0.911,2.131,4.973,3.209,0.2857,0.2857,42.0,26.18,0,0,0,0.0,0.951,LOW,LOW,0.0,42.0 days of cover: 12 units in stock at expected demand of 0.29 units/day,
BR004,MED313,Metoprolol 25mg (LifeSpring Pharma),Cardiovascular,6,0.735,1.771,4.516,3.033,0.25,0.25,24.0,13.85,0,0,1,0.00685,1.384,LOW,LOW,0.0,24.0 days of cover: 6 units in stock at expected demand of 0.25 units/day,highly variable weekly demand (CV 1.38)
BR004,MED315,Rosuvastatin 10mg (NovaMed Laboratories),Cardiovascular,7,0.448,1.074,2.499,2.095,0.1071,0.1071,65.33,23.39,0,0,0,0.0,1.622,LOW,LOW,0.0,65.3 days of cover: 7 units in stock at expected demand of 0.11 units/day,highly variable weekly demand (CV 1.62)
BR004,MED317,Rosuvastatin 5mg,Cardiovascular,13,0.56,1.295,2.694,2.207,0.0714,0.08,162.5,41.23,0,0,0,0.0,1.06,LOW,LOW,0.0,162.5 days of cover: 13 units in stock at expected demand of 0.08 units/day,highly variable weekly demand (CV 1.06)
BR004,MED318,Rosuvastatin 5mg (BlueCrest Pharma),Cardiovascular,21,0.445,1.1,2.394,2.091,0.0,0.0636,330.34,70.3,0,0,0,0.0,3.078,LOW,LOW,0.0,330.3 days of cover: 21 units in stock at expected demand of 0.06 units/day,highly variable weekly demand (CV 3.08)
BR004,MED321,Rosuvastatin 5mg (VitaCure Remedies),Cardiovascular,14,0.662,1.397,3.825,2.308,0.1071,0.1071,130.67,42.46,0,0,0,0.0,1.51,LOW,LOW,0.0,130.7 days of cover: 14 units in stock at expected demand of 0.11 units/day,highly variable weekly demand (CV 1.51)
BR004,MED322,Rosuvastatin 20mg,Cardiovascular,25,4.849,9.729,19.648,10.342,0.5357,0.6927,36.09,16.92,0,0,2,0.00548,0.63,LOW,LOW,0.0,36.1 days of cover: 25 units in stock at expected demand of 0.69 units/day,
BR004,MED323,Rosuvastatin 20mg (NovaMed Laboratories),Cardiovascular,7,1.343,2.944,7.513,4.792,0.4286,0.4286,16.33,10.23,0,0,4,0.02466,1.063,LOW,LOW,0.0,16.3 days of cover: 7 units in stock at expected demand of 0.43 units/day,highly variable weekly demand (CV 1.06)
BR004,MED325,Rosuvastatin 20mg (Summit Lifesciences),Cardiovascular,11,0.668,1.357,3.074,2.314,0.0714,0.0954,115.27,33.28,0,0,1,0.01644,1.596,LOW,LOW,0.0,115.3 days of cover: 11 units in stock at expected demand of 0.10 units/day,highly variable weekly demand (CV 1.60)
BR004,MED328,Telmisartan 40mg (CureLine Healthcare),Cardiovascular,11,0.738,1.628,3.829,3.037,0.0714,0.1054,104.34,25.35,0,0,1,0.00959,1.487,LOW,LOW,0.0,104.3 days of cover: 11 units in stock at expected demand of 0.11 units/day,highly variable weekly demand (CV 1.49)
BR004,MED329,Telmisartan 40mg (NovaMed Laboratories),Cardiovascular,41,18.799,36.376,79.968,29.118,2.75,2.75,14.91,9.86,0,0,3,0.00959,0.41,LOW,LOW,0.0,14.9 days of cover: 41 units in stock at expected demand of 2.75 units/day,
BR004,MED330,Telmisartan 40mg (Stellar Formulations),Cardiovascular,7,0.517,0.975,3.166,2.164,0.0714,0.0739,94.78,22.64,0,4,4,0.02192,1.574,LOW,LOW,0.0,94.8 days of cover: 7 units in stock at expected demand of 0.07 units/day,highly variable weekly demand (CV 1.57)
BR004,MED331,Telmisartan 40mg (VitaCure Remedies),Cardiovascular,13,1.578,3.261,7.882,5.027,0.3929,0.3929,33.09,18.1,0,0,2,0.00411,1.224,LOW,LOW,0.0,33.1 days of cover: 13 units in stock at expected demand of 0.39 units/day,highly variable weekly demand (CV 1.22)
BR004,MED333,Telmisartan 20mg (HealthAxis Pharma),Cardiovascular,9,0.495,0.99,1.985,2.142,0.0,0.0707,127.27,29.41,0,1,5,0.01644,1.243,LOW,LOW,0.0,127.3 days of cover: 9 units in stock at expected demand of 0.07 units/day,highly variable weekly demand (CV 1.24)
BR004,MED334,Telmisartan 20mg (LifeSpring Pharma),Cardiovascular,8,0.546,1.085,2.494,2.193,0.0714,0.078,102.56,25.54,0,0,1,0.01096,1.645,LOW,LOW,0.0,102.6 days of cover: 8 units in stock at expected demand of 0.08 units/day,highly variable weekly demand (CV 1.65)
BR004,MED335,Telmisartan 20mg (Summit Lifesciences),Cardiovascular,5,0.486,1.004,2.472,2.132,0.0357,0.0694,72.02,16.42,0,5,2,0.01233,1.132,LOW,LOW,0.0,72.0 days of cover: 5 units in stock at expected demand of 0.07 units/day,highly variable weekly demand (CV 1.13)
BR004,MED336,Telmisartan 80mg,Cardiovascular,13,0.587,1.311,3.284,2.234,0.0,0.0839,155.03,40.73,0,0,2,0.01233,1.644,LOW,LOW,0.0,155.0 days of cover: 13 units in stock at expected demand of 0.08 units/day,highly variable weekly demand (CV 1.64)
BR004,MED337,Telmisartan 80mg (ApexLife Pharma),Cardiovascular,16,1.018,2.471,5.584,3.316,0.1786,0.1786,89.6,33.78,0,0,0,0.0,1.035,LOW,LOW,0.0,89.6 days of cover: 16 units in stock at expected demand of 0.18 units/day,highly variable weekly demand (CV 1.03)
BR004,MED338,Telmisartan 80mg (BlueCrest Pharma),Cardiovascular,38,10.055,20.802,47.669,20.373,1.8571,1.8571,20.46,13.06,0,0,1,0.00137,0.664,LOW,LOW,0.0,20.5 days of cover: 38 units in stock at expected demand of 1.86 units/day,
BR004,MED339,Telmisartan 80mg (CureLine Healthcare),Cardiovascular,6,0.83,1.738,4.733,3.128,0.2857,0.2857,21.0,13.43,0,1,5,0.02055,1.011,LOW,LOW,0.0,21.0 days of cover: 6 units in stock at expected demand of 0.29 units/day,highly variable weekly demand (CV 1.01)
BR004,MED340,Telmisartan 80mg (NovaMed Laboratories),Cardiovascular,11,1.105,2.159,5.047,4.553,0.2857,0.2857,38.5,16.91,0,0,1,0.00274,1.094,LOW,LOW,0.0,38.5 days of cover: 11 units in stock at expected demand of 0.29 units/day,highly variable weekly demand (CV 1.09)
BR004,MED343,Telmisartan 80mg (TrueLife Remedies),Cardiovascular,17,6.503,14.456,33.176,16.822,1.1786,1.1786,14.42,7.07,0,0,2,0.00548,0.754,LOW,LOW,0.0,14.4 days of cover: 17 units in stock at expected demand of 1.18 units/day,
BR004,MED344,Gliclazide 80mg (Aarogya Formulations),Antidiabetic,33,8.911,19.249,41.302,19.229,1.3214,1.3214,24.97,12.01,0,0,1,0.00137,0.533,LOW,LOW,0.0,25.0 days of cover: 33 units in stock at expected demand of 1.32 units/day,
BR004,MED345,Gliclazide 80mg (BlueCrest Pharma),Antidiabetic,12,1.024,2.236,5.641,3.322,0.2143,0.2143,56.0,25.29,0,0,3,0.01233,1.384,LOW,LOW,0.0,56.0 days of cover: 12 units in stock at expected demand of 0.21 units/day,highly variable weekly demand (CV 1.38)
BR004,MED346,Gliclazide 80mg (CarePlus Laboratories),Antidiabetic,14,2.599,5.647,13.085,8.092,0.5,0.5,28.0,12.11,0,0,2,0.00274,0.695,LOW,LOW,0.0,28.0 days of cover: 14 units in stock at expected demand of 0.50 units/day,
BR004,MED347,Gliclazide 80mg (LifeSpring Pharma),Antidiabetic,13,2.13,4.507,10.247,7.623,0.5357,0.5357,24.27,11.94,0,3,5,0.02466,0.886,LOW,LOW,0.0,24.3 days of cover: 13 units in stock at expected demand of 0.54 units/day,
BR004,MED348,Gliclazide 80mg (TrueLife Remedies),Antidiabetic,16,0.457,1.059,2.29,2.103,0.0,0.0653,245.08,53.26,0,0,0,0.0,2.824,LOW,LOW,0.0,245.1 days of cover: 16 units in stock at expected demand of 0.07 units/day,highly variable weekly demand (CV 2.82)
BR004,MED350,Gliclazide 40mg (BlueCrest Pharma),Antidiabetic,9,0.487,0.904,1.888,2.133,0.0,0.0696,129.36,29.54,0,3,1,0.00411,1.937,LOW,LOW,0.0,129.4 days of cover: 9 units in stock at expected demand of 0.07 units/day,highly variable weekly demand (CV 1.94)
BR004,MED351,Gliclazide 40mg (Lumina Pharma),Antidiabetic,13,2.93,5.993,13.031,8.424,0.5,0.5,26.0,10.8,0,6,5,0.0137,0.831,LOW,LOW,0.0,26.0 days of cover: 13 units in stock at expected demand of 0.50 units/day,
BR004,MED352,Gliclazide 40mg (NovaMed Laboratories),Antidiabetic,15,0.82,1.724,4.191,3.119,0.0714,0.1171,128.05,33.66,0,0,1,0.00822,2.556,LOW,LOW,0.0,128.0 days of cover: 15 units in stock at expected demand of 0.12 units/day,highly variable weekly demand (CV 2.56)
BR004,MED353,Gliclazide 40mg (Stellar Formulations),Antidiabetic,11,0.682,1.301,3.323,2.98,0.0357,0.0974,112.9,25.84,0,0,2,0.0137,1.76,LOW,LOW,0.0,112.9 days of cover: 11 units in stock at expected demand of 0.10 units/day,highly variable weekly demand (CV 1.76)
BR004,MED355,Glimepiride 2mg (BlueCrest Pharma),Antidiabetic,8,1.246,2.455,5.558,4.694,0.3929,0.3929,20.36,11.93,0,0,3,0.01781,1.343,LOW,LOW,0.0,20.4 days of cover: 8 units in stock at expected demand of 0.39 units/day,highly variable weekly demand (CV 1.34)
BR004,MED356,Glimepiride 2mg (CarePlus Laboratories),Antidiabetic,14,2.223,4.331,9.913,7.717,0.3929,0.3929,35.64,12.7,0,0,1,0.00137,0.958,LOW,LOW,0.0,35.6 days of cover: 14 units in stock at expected demand of 0.39 units/day,
BR004,MED358,Glimepiride 2mg (VitaCure Remedies),Antidiabetic,21,6.495,13.074,30.238,16.814,1.1429,1.1429,18.38,8.74,0,0,3,0.00685,0.497,LOW,LOW,0.0,18.4 days of cover: 21 units in stock at expected demand of 1.14 units/day,
BR004,MED359,Glimepiride 1mg,Antidiabetic,7,0.474,0.891,1.872,2.121,0.0,0.0677,103.38,23.1,0,0,1,0.00685,2.426,LOW,LOW,0.0,103.4 days of cover: 7 units in stock at expected demand of 0.07 units/day,highly variable weekly demand (CV 2.43)
BR004,MED361,Glimepiride 1mg (CureLine Healthcare),Antidiabetic,19,5.986,12.047,27.61,11.48,1.0357,1.0357,18.34,11.59,0,0,3,0.00822,0.531,LOW,LOW,0.0,18.3 days of cover: 19 units in stock at expected demand of 1.04 units/day,
BR004,MED363,Glimepiride 1mg (Summit Lifesciences),Antidiabetic,6,0.677,1.447,3.864,2.975,0.25,0.25,24.0,14.12,0,0,0,0.0,1.048,LOW,LOW,0.0,24.0 days of cover: 6 units in stock at expected demand of 0.25 units/day,highly variable weekly demand (CV 1.05)
BR004,MED364,Glimepiride 1mg (TrueLife Remedies),Antidiabetic,25,5.743,11.854,26.9,11.237,0.75,0.8204,30.47,15.57,0,0,4,0.01507,0.648,LOW,LOW,0.0,30.5 days of cover: 25 units in stock at expected demand of 0.82 units/day,
BR004,MED365,Glimepiride 3mg,Antidiabetic,17,0.712,1.85,3.763,3.01,0.0714,0.1017,167.13,39.53,0,0,0,0.0,1.46,LOW,LOW,0.0,167.1 days of cover: 17 units in stock at expected demand of 0.10 units/day,highly variable weekly demand (CV 1.46)
BR004,MED366,Glimepiride 3mg (ApexLife Pharma),Antidiabetic,25,5.94,12.433,28.845,11.434,0.8214,0.8486,29.46,15.31,0,0,0,0.0,0.612,LOW,LOW,0.0,29.5 days of cover: 25 units in stock at expected demand of 0.85 units/day,
BR004,MED367,Glimepiride 3mg (CureLine Healthcare),Antidiabetic,8,2.22,4.775,11.437,7.714,0.5357,0.5357,14.93,7.26,0,0,2,0.00822,1.071,LOW,LOW,0.0,14.9 days of cover: 8 units in stock at expected demand of 0.54 units/day,highly variable weekly demand (CV 1.07)
BR004,MED369,Glimepiride 3mg (Stellar Formulations),Antidiabetic,25,1.324,2.816,6.873,4.772,0.1071,0.1891,132.18,36.67,0,0,2,0.00548,1.463,LOW,LOW,0.0,132.2 days of cover: 25 units in stock at expected demand of 0.19 units/day,highly variable weekly demand (CV 1.46)
BR004,MED370,Glimepiride 3mg (Summit Lifesciences),Antidiabetic,8,0.685,1.34,3.445,2.983,0.1071,0.1071,74.67,18.77,0,0,2,0.00685,1.178,LOW,LOW,0.0,74.7 days of cover: 8 units in stock at expected demand of 0.11 units/day,highly variable weekly demand (CV 1.18)
BR004,MED371,Glimepiride 3mg (TrueLife Remedies),Antidiabetic,15,0.454,0.969,2.219,2.101,0.0,0.0649,231.28,49.98,0,0,0,0.0,5.099,LOW,LOW,0.0,231.3 days of cover: 15 units in stock at expected demand of 0.06 units/day,highly variable weekly demand (CV 5.10)
BR004,MED373,Glimepiride + Metformin 2mg/500mg (Aarogya Formulations),Antidiabetic,17,1.092,2.515,5.841,4.54,0.1786,0.1786,95.2,26.21,0,0,0,0.0,1.592,LOW,LOW,0.0,95.2 days of cover: 17 units in stock at expected demand of 0.18 units/day,highly variable weekly demand (CV 1.59)
BR004,MED375,Glimepiride + Metformin 2mg/500mg (Summit Lifesciences),Antidiabetic,10,0.536,1.18,2.433,2.182,0.1071,0.1071,93.33,32.08,0,0,0,0.0,2.521,LOW,LOW,0.0,93.3 days of cover: 10 units in stock at expected demand of 0.11 units/day,highly variable weekly demand (CV 2.52)
BR004,MED376,Glimepiride + Metformin 1mg/500mg,Antidiabetic,11,1.67,3.381,7.78,5.119,0.4286,0.4286,25.67,15.04,0,0,0,0.0,0.992,LOW,LOW,0.0,25.7 days of cover: 11 units in stock at expected demand of 0.43 units/day,
BR004,MED377,Glimepiride + Metformin 1mg/500mg (CarePlus Laboratories),Antidiabetic,14,1.532,3.266,8.452,4.98,0.3214,0.3214,43.56,19.68,0,0,1,0.00411,0.885,LOW,LOW,0.0,43.6 days of cover: 14 units in stock at expected demand of 0.32 units/day,
BR004,MED378,Glimepiride + Metformin 1mg/500mg (Stellar Formulations),Antidiabetic,9,1.115,2.361,6.248,4.563,0.2857,0.2857,31.5,13.81,0,1,2,0.00411,0.95,LOW,LOW,0.0,31.5 days of cover: 9 units in stock at expected demand of 0.29 units/day,
BR004,MED379,Glimepiride + Metformin 1mg/500mg (Summit Lifesciences),Antidiabetic,18,0.938,2.171,5.058,3.236,0.0714,0.134,134.33,38.94,0,0,1,0.00137,1.344,LOW,LOW,0.0,134.3 days of cover: 18 units in stock at expected demand of 0.13 units/day,highly variable weekly demand (CV 1.34)
BR004,MED382,Metformin 500mg (CureLine Healthcare),Antidiabetic,14,0.988,2.359,5.011,3.286,0.1071,0.1411,99.19,29.82,0,0,4,0.01644,0.876,LOW,LOW,0.0,99.2 days of cover: 14 units in stock at expected demand of 0.14 units/day,
BR004,MED386,Metformin 850mg (CureLine Healthcare),Antidiabetic,10,2.595,5.179,12.204,8.088,0.6071,0.6071,16.47,8.65,1,1,6,0.01918,0.579,LOW,LOW,0.0,16.5 days of cover: 10 units in stock at expected demand of 0.61 units/day,
BR004,MED387,Metformin 850mg (Stellar Formulations),Antidiabetic,11,1.025,2.199,5.287,3.323,0.2143,0.2143,51.33,23.17,0,0,2,0.00411,1.673,LOW,LOW,0.0,51.3 days of cover: 11 units in stock at expected demand of 0.21 units/day,highly variable weekly demand (CV 1.67)
BR004,MED388,Metformin 850mg (VitaCure Remedies),Antidiabetic,6,0.867,1.998,5.416,3.166,0.2857,0.2857,21.0,13.27,0,0,3,0.01233,1.873,LOW,LOW,0.0,21.0 days of cover: 6 units in stock at expected demand of 0.29 units/day,highly variable weekly demand (CV 1.87)
BR004,MED389,Metformin 1000mg,Antidiabetic,15,0.833,1.749,3.99,3.131,0.0357,0.119,126.05,33.54,0,0,2,0.01096,1.294,LOW,LOW,0.0,126.1 days of cover: 15 units in stock at expected demand of 0.12 units/day,highly variable weekly demand (CV 1.29)
BR004,MED390,Metformin 1000mg (BlueCrest Pharma),Antidiabetic,13,1.347,3.105,7.373,4.796,0.2857,0.2857,45.5,18.97,0,0,1,0.00137,1.075,LOW,LOW,0.0,45.5 days of cover: 13 units in stock at expected demand of 0.29 units/day,highly variable weekly demand (CV 1.08)
BR004,MED391,Metformin 1000mg (HealthAxis Pharma),Antidiabetic,14,4.841,10.424,25.444,10.335,0.9286,0.9286,15.08,9.48,0,0,6,0.02055,0.508,LOW,LOW,0.0,15.1 days of cover: 14 units in stock at expected demand of 0.93 units/day,
BR004,MED392,Metformin 1000mg (LifeSpring Pharma),Antidiabetic,55,18.639,40.284,88.817,28.958,2.6786,2.6786,20.53,13.3,0,0,1,0.00274,0.363,LOW,LOW,0.0,20.5 days of cover: 55 units in stock at expected demand of 2.68 units/day,
BR004,MED393,Metformin 1000mg (TrueLife Remedies),Antidiabetic,6,1.325,2.464,6.586,4.773,0.3929,0.3929,15.27,8.8,0,0,4,0.02192,1.16,LOW,LOW,0.0,15.3 days of cover: 6 units in stock at expected demand of 0.39 units/day,highly variable weekly demand (CV 1.16)
BR004,MED394,Sitagliptin 100mg (BlueCrest Pharma),Antidiabetic,9,0.582,1.115,2.438,2.228,0.0357,0.0831,108.25,28.28,0,0,1,0.00411,1.507,LOW,LOW,0.0,108.2 days of cover: 9 units in stock at expected demand of 0.08 units/day,highly variable weekly demand (CV 1.51)
BR004,MED395,Sitagliptin 100mg (CarePlus Laboratories),Antidiabetic,47,8.702,19.176,41.836,19.021,1.25,1.25,37.6,17.3,0,0,1,0.00137,0.425,LOW,LOW,0.0,37.6 days of cover: 47 units in stock at expected demand of 1.25 units/day,
BR004,MED396,Sitagliptin 100mg (HealthAxis Pharma),Antidiabetic,95,40.947,82.59,178.902,51.266,5.8929,5.8929,16.12,12.97,0,0,2,0.01096,0.238,LOW,LOW,0.0,16.1 days of cover: 95 units in stock at expected demand of 5.89 units/day,
BR004,MED397,Sitagliptin 50mg,Antidiabetic,15,3.476,7.547,15.101,8.969,0.6071,0.6071,24.71,11.71,0,0,3,0.01233,0.746,LOW,LOW,0.0,24.7 days of cover: 15 units in stock at expected demand of 0.61 units/day,
BR004,MED398,Sitagliptin 50mg (ApexLife Pharma),Antidiabetic,10,2.975,5.933,14.534,8.468,0.6071,0.6071,16.47,8.27,0,0,2,0.00822,1.102,LOW,LOW,0.0,16.5 days of cover: 10 units in stock at expected demand of 0.61 units/day,highly variable weekly demand (CV 1.10)
BR004,MED399,Sitagliptin 50mg (BlueCrest Pharma),Antidiabetic,21,6.886,14.557,33.86,17.205,1.25,1.25,16.8,8.54,0,1,5,0.01096,0.48,LOW,LOW,0.0,16.8 days of cover: 21 units in stock at expected demand of 1.25 units/day,
BR004,MED400,Sitagliptin 50mg (Crestview Pharma),Antidiabetic,22,2.974,6.762,12.962,8.468,0.3571,0.4249,51.78,18.19,0,0,1,0.00411,1.327,LOW,LOW,0.0,51.8 days of cover: 22 units in stock at expected demand of 0.42 units/day,highly variable weekly demand (CV 1.33)
BR004,MED401,Sitagliptin 50mg (HealthAxis Pharma),Antidiabetic,5,0.483,0.801,1.982,2.13,0.0714,0.0714,70.0,16.43,0,3,3,0.00548,1.201,LOW,LOW,0.0,70.0 days of cover: 5 units in stock at expected demand of 0.07 units/day,highly variable weekly demand (CV 1.20)
BR004,MED403,Sitagliptin 50mg (Stellar Formulations),Antidiabetic,11,1.268,2.52,6.349,4.717,0.2857,0.2857,38.5,16.32,0,0,1,0.01096,1.07,LOW,LOW,0.0,38.5 days of cover: 11 units in stock at expected demand of 0.29 units/day,highly variable weekly demand (CV 1.07)
BR004,MED405,Sitagliptin 50mg (TrueLife Remedies),Antidiabetic,13,0.683,1.495,3.719,2.981,0.0357,0.0976,133.24,30.53,0,0,3,0.0137,1.549,LOW,LOW,0.0,133.2 days of cover: 13 units in stock at expected demand of 0.10 units/day,highly variable weekly demand (CV 1.55)
BR004,MED406,Ambroxol + Levosalbutamol Syrup 100ml (Aarogya Formulations),Respiratory,6,0.643,1.305,3.25,2.289,0.1429,0.1429,42.0,18.35,0,0,3,0.01096,1.166,LOW,LOW,0.0,42.0 days of cover: 6 units in stock at expected demand of 0.14 units/day,highly variable weekly demand (CV 1.17)
BR004,MED407,Ambroxol + Levosalbutamol Syrup 100ml (NovaMed Laboratories),Respiratory,12,3.853,7.815,19.099,9.347,0.6429,0.6429,18.67,8.99,0,1,1,0.00137,0.608,LOW,LOW,0.0,18.7 days of cover: 12 units in stock at expected demand of 0.64 units/day,
BR004,MED409,Ambroxol + Levosalbutamol Syrup 100ml (VitaCure Remedies),Respiratory,10,0.493,1.097,2.697,2.139,0.0357,0.0704,141.99,32.73,0,0,1,0.00411,1.223,LOW,LOW,0.0,142.0 days of cover: 10 units in stock at expected demand of 0.07 units/day,highly variable weekly demand (CV 1.22)
BR004,MED410,Ambroxol + Levosalbutamol Syrup 60ml,Respiratory,9,0.722,1.512,3.63,3.02,0.1071,0.1071,84.0,20.86,0,0,1,0.00137,0.986,LOW,LOW,0.0,84.0 days of cover: 9 units in stock at expected demand of 0.11 units/day,
BR004,MED412,Budesonide Inhaler 200mcg (ApexLife Pharma),Respiratory,9,0.729,1.637,3.73,3.027,0.1786,0.1786,50.4,20.81,0,0,0,0.0,1.264,LOW,LOW,0.0,50.4 days of cover: 9 units in stock at expected demand of 0.18 units/day,highly variable weekly demand (CV 1.26)
BR004,MED413,Budesonide Inhaler 200mcg (BlueCrest Pharma),Respiratory,10,0.481,1.002,2.4,2.128,0.0714,0.0714,140.0,32.89,0,0,0,0.0,1.779,LOW,LOW,0.0,140.0 days of cover: 10 units in stock at expected demand of 0.07 units/day,highly variable weekly demand (CV 1.78)
BR004,MED414,Budesonide Inhaler 200mcg (VitaCure Remedies),Respiratory,9,1.155,2.528,5.679,4.604,0.3214,0.3214,28.0,13.68,0,0,0,0.0,1.039,LOW,LOW,0.0,28.0 days of cover: 9 units in stock at expected demand of 0.32 units/day,highly variable weekly demand (CV 1.04)
BR004,MED416,Dextromethorphan Syrup 100ml (HealthAxis Pharma),Respiratory,16,5.323,11.271,25.405,10.816,0.8571,0.8571,18.67,10.36,0,2,2,0.00548,0.605,LOW,LOW,0.0,18.7 days of cover: 16 units in stock at expected demand of 0.86 units/day,
BR004,MED417,Dextromethorphan Syrup 100ml (LifeSpring Pharma),Respiratory,7,0.903,2.043,4.578,3.202,0.2143,0.2143,32.67,15.3,0,0,0,0.0,1.048,LOW,LOW,0.0,32.7 days of cover: 7 units in stock at expected demand of 0.21 units/day,highly variable weekly demand (CV 1.05)
BR004,MED418,Dextromethorphan Syrup 100ml (Summit Lifesciences),Respiratory,10,0.785,1.694,4.521,3.083,0.1429,0.1429,70.0,22.71,0,0,2,0.00959,1.375,LOW,LOW,0.0,70.0 days of cover: 10 units in stock at expected demand of 0.14 units/day,highly variable weekly demand (CV 1.37)
BR004,MED419,Dextromethorphan Syrup 100ml (TrueLife Remedies),Respiratory,8,0.666,1.453,3.334,2.313,0.1429,0.1429,56.0,24.21,0,0,0,0.0,1.261,LOW,LOW,0.0,56.0 days of cover: 8 units in stock at expected demand of 0.14 units/day,highly variable weekly demand (CV 1.26)
BR004,MED420,Montelukast 10mg (CureLine Healthcare),Respiratory,9,1.858,3.814,8.999,5.307,0.3214,0.3214,28.0,11.87,0,0,3,0.00548,0.754,LOW,LOW,0.0,28.0 days of cover: 9 units in stock at expected demand of 0.32 units/day,
BR004,MED421,Montelukast 10mg (LifeSpring Pharma),Respiratory,9,0.792,1.797,4.243,3.09,0.1429,0.1429,63.0,20.39,0,0,1,0.00137,0.683,LOW,LOW,0.0,63.0 days of cover: 9 units in stock at expected demand of 0.14 units/day,
BR004,MED422,Montelukast 10mg (NovaMed Laboratories),Respiratory,11,0.377,0.769,1.908,2.024,0.0,0.0539,204.24,38.04,0,0,0,0.0,1.516,LOW,LOW,0.0,204.2 days of cover: 11 units in stock at expected demand of 0.05 units/day,highly variable weekly demand (CV 1.52)
BR004,MED423,Montelukast 10mg (Summit Lifesciences),Respiratory,9,0.55,1.185,2.863,2.197,0.0714,0.0786,114.55,28.68,0,2,1,0.00274,1.495,LOW,LOW,0.0,114.5 days of cover: 9 units in stock at expected demand of 0.08 units/day,highly variable weekly demand (CV 1.49)
BR004,MED424,Montelukast 10mg (TrueLife Remedies),Respiratory,17,0.708,1.422,3.121,3.006,0.0357,0.1011,168.08,39.59,0,0,1,0.00822,1.507,LOW,LOW,0.0,168.1 days of cover: 17 units in stock at expected demand of 0.10 units/day,highly variable weekly demand (CV 1.51)
BR004,MED425,Montelukast 5mg,Respiratory,16,0.911,2.063,5.135,3.209,0.1071,0.1301,122.94,34.9,0,0,1,0.00137,1.261,LOW,LOW,0.0,122.9 days of cover: 16 units in stock at expected demand of 0.13 units/day,highly variable weekly demand (CV 1.26)
BR004,MED426,Montelukast 5mg (CarePlus Laboratories),Respiratory,4,0.257,0.471,1.314,1.904,0.0,0.0367,108.95,14.71,0,0,0,0.0,2.556,LOW,LOW,0.0,108.9 days of cover: 4 units in stock at expected demand of 0.04 units/day,highly variable weekly demand (CV 2.56)
BR004,MED428,Montelukast 5mg (Summit Lifesciences),Respiratory,12,0.726,1.606,3.89,3.024,0.1429,0.1429,84.0,27.78,0,0,0,0.0,1.402,LOW,LOW,0.0,84.0 days of cover: 12 units in stock at expected demand of 0.14 units/day,highly variable weekly demand (CV 1.40)
BR004,MED430,Salbutamol Inhaler 100mcg (Aarogya Formulations),Respiratory,4,0.432,0.842,1.972,2.078,0.1071,0.1071,37.33,13.47,0,0,0,0.0,1.622,LOW,LOW,0.0,37.3 days of cover: 4 units in stock at expected demand of 0.11 units/day,highly variable weekly demand (CV 1.62)
BR004,MED433,Salbutamol Inhaler 100mcg (Summit Lifesciences),Respiratory,14,0.789,1.577,4.191,3.088,0.0714,0.1127,124.21,31.74,0,3,2,0.00959,1.445,LOW,LOW,0.0,124.2 days of cover: 14 units in stock at expected demand of 0.11 units/day,highly variable weekly demand (CV 1.44)
BR004,MED434,Salbutamol Inhaler 100mcg (TrueLife Remedies),Respiratory,8,0.692,1.51,3.604,2.99,0.1429,0.1429,56.0,18.73,0,0,0,0.0,1.862,LOW,LOW,0.0,56.0 days of cover: 8 units in stock at expected demand of 0.14 units/day,highly variable weekly demand (CV 1.86)
BR004,MED435,Salbutamol Inhaler 100mcg (VitaCure Remedies),Respiratory,21,1.022,2.543,6.457,3.32,0.2143,0.2143,98.0,44.28,0,0,0,0.0,1.341,LOW,LOW,0.0,98.0 days of cover: 21 units in stock at expected demand of 0.21 units/day,highly variable weekly demand (CV 1.34)
BR004,MED436,Salbutamol Inhaler 200mcg,Respiratory,8,1.377,2.884,6.383,4.825,0.2857,0.2857,28.0,11.61,0,0,5,0.01507,0.834,LOW,LOW,0.0,28.0 days of cover: 8 units in stock at expected demand of 0.29 units/day,
BR004,MED437,Salbutamol Inhaler 200mcg (BlueCrest Pharma),Respiratory,9,0.776,1.657,3.81,3.074,0.1786,0.1786,50.4,20.49,0,0,0,0.0,1.391,LOW,LOW,0.0,50.4 days of cover: 9 units in stock at expected demand of 0.18 units/day,highly variable weekly demand (CV 1.39)
BR004,MED438,Salbutamol Inhaler 200mcg (CarePlus Laboratories),Respiratory,8,0.375,0.732,1.88,2.021,0.0,0.0536,149.33,27.71,0,0,0,0.0,2.556,LOW,LOW,0.0,149.3 days of cover: 8 units in stock at expected demand of 0.05 units/day,highly variable weekly demand (CV 2.56)
BR004,MED439,Salbutamol Inhaler 200mcg (HealthAxis Pharma),Respiratory,12,0.783,1.855,4.311,3.081,0.1429,0.1429,84.0,27.26,0,0,0,0.0,1.01,LOW,LOW,0.0,84.0 days of cover: 12 units in stock at expected demand of 0.14 units/day,highly variable weekly demand (CV 1.01)
BR004,MED440,Salbutamol Inhaler 200mcg (Stellar Formulations),Respiratory,15,1.116,2.511,6.212,4.564,0.2143,0.2143,70.0,23.01,0,0,0,0.0,0.801,LOW,LOW,0.0,70.0 days of cover: 15 units in stock at expected demand of 0.21 units/day,
BR004,MED441,Salbutamol Inhaler 200mcg (Summit Lifesciences),Respiratory,9,0.624,1.361,3.108,2.271,0.1071,0.1071,84.0,27.74,0,0,1,0.00411,1.817,LOW,LOW,0.0,84.0 days of cover: 9 units in stock at expected demand of 0.11 units/day,highly variable weekly demand (CV 1.82)
BR004,MED442,Calcium + Vitamin D3 500mg/250IU (Aarogya Formulations),Vitamins,11,0.519,1.281,2.958,2.166,0.0714,0.0741,148.36,35.55,0,0,0,0.0,1.605,LOW,LOW,0.0,148.4 days of cover: 11 units in stock at expected demand of 0.07 units/day,highly variable weekly demand (CV 1.61)
BR004,MED443,Calcium + Vitamin D3 500mg/250IU (ApexLife Pharma),Vitamins,14,5.547,11.739,26.458,11.04,0.8929,0.8929,15.68,8.88,0,0,6,0.02192,0.462,LOW,LOW,0.0,15.7 days of cover: 14 units in stock at expected demand of 0.89 units/day,
BR004,MED445,Calcium + Vitamin D3 500mg/250IU (HealthAxis Pharma),Vitamins,20,4.949,10.114,22.675,10.442,0.75,0.75,26.67,13.41,0,0,0,0.0,0.599,LOW,LOW,0.0,26.7 days of cover: 20 units in stock at expected demand of 0.75 units/day,
BR004,MED446,Calcium + Vitamin D3 500mg/250IU (LifeSpring Pharma),Vitamins,21,7.096,14.504,33.306,17.415,1.1786,1.1786,17.82,8.44,0,0,1,0.01233,0.551,LOW,LOW,0.0,17.8 days of cover: 21 units in stock at expected demand of 1.18 units/day,
BR004,MED447,Calcium + Vitamin D3 500mg/250IU (Summit Lifesciences),Vitamins,13,2.164,4.912,10.653,7.658,0.3571,0.3571,36.4,11.88,0,0,4,0.01781,0.989,LOW,LOW,0.0,36.4 days of cover: 13 units in stock at expected demand of 0.36 units/day,
BR004,MED451,Iron + Folic Acid 100mg/500mcg (CureLine Healthcare),Vitamins,9,0.52,0.98,2.523,2.167,0.0,0.0743,121.15,29.07,0,0,1,0.00685,2.09,LOW,LOW,0.0,121.2 days of cover: 9 units in stock at expected demand of 0.07 units/day,highly variable weekly demand (CV 2.09)
BR004,MED452,Iron + Folic Acid 100mg/500mcg (HealthAxis Pharma),Vitamins,8,1.585,3.61,8.868,5.034,0.2857,0.2857,28.0,11.12,0,0,1,0.00685,0.926,LOW,LOW,0.0,28.0 days of cover: 8 units in stock at expected demand of 0.29 units/day,
BR004,MED453,Iron + Folic Acid 100mg/500mcg (LifeSpring Pharma),Vitamins,20,0.81,2.072,4.169,3.108,0.0,0.1157,172.84,45.05,0,4,2,0.0137,1.523,LOW,LOW,0.0,172.8 days of cover: 20 units in stock at expected demand of 0.12 units/day,highly variable weekly demand (CV 1.52)
BR004,MED454,Iron + Folic Acid 100mg/500mcg (Stellar Formulations),Vitamins,44,18.201,38.077,83.199,28.519,2.7143,2.7143,16.21,10.8,0,0,2,0.00685,0.344,LOW,LOW,0.0,16.2 days of cover: 44 units in stock at expected demand of 2.71 units/day,
BR004,MED455,Iron + Folic Acid 100mg/500mcg (Summit Lifesciences),Vitamins,9,0.52,0.98,2.523,2.167,0.0,0.0743,121.15,29.07,0,0,1,0.00685,1.639,LOW,LOW,0.0,121.2 days of cover: 9 units in stock at expected demand of 0.07 units/day,highly variable weekly demand (CV 1.64)
BR004,MED456,Iron + Folic Acid 100mg/500mcg (VitaCure Remedies),Vitamins,14,1.792,4.059,9.039,5.24,0.3214,0.3214,43.56,18.7,0,0,1,0.00411,1.237,LOW,LOW,0.0,43.6 days of cover: 14 units in stock at expected demand of 0.32 units/day,highly variable weekly demand (CV 1.24)
BR004,MED457,Multivitamin B-complex+C (BlueCrest Pharma),Vitamins,9,0.756,1.664,4.048,3.054,0.1071,0.108,83.33,20.63,0,3,2,0.01096,1.53,LOW,LOW,0.0,83.3 days of cover: 9 units in stock at expected demand of 0.11 units/day,highly variable weekly demand (CV 1.53)
BR004,MED458,Multivitamin B-complex+C (HealthAxis Pharma),Vitamins,5,0.612,1.204,2.765,2.259,0.0357,0.0874,57.19,15.49,0,2,1,0.00274,1.667,LOW,LOW,0.0,57.2 days of cover: 5 units in stock at expected demand of 0.09 units/day,highly variable weekly demand (CV 1.67)
BR004,MED460,Multivitamin B-complex+C (TrueLife Remedies),Vitamins,21,4.922,8.59,19.566,10.416,0.5714,0.7031,29.87,14.11,0,2,4,0.01507,0.618,LOW,LOW,0.0,29.9 days of cover: 21 units in stock at expected demand of 0.70 units/day,
BR004,MED461,Vitamin C Chewable 500mg (Aarogya Formulations),Vitamins,29,10.546,21.385,50.153,20.865,1.8214,1.8214,15.92,9.73,0,0,2,0.00548,0.503,LOW,LOW,0.0,15.9 days of cover: 29 units in stock at expected demand of 1.82 units/day,
BR004,MED463,Vitamin C Chewable 500mg (HealthAxis Pharma),Vitamins,12,1.214,2.624,6.49,4.662,0.2143,0.2143,56.0,18.02,0,0,4,0.01096,0.788,LOW,LOW,0.0,56.0 days of cover: 12 units in stock at expected demand of 0.21 units/day,
BR004,MED464,Vitamin C Chewable 500mg (TrueLife Remedies),Vitamins,14,0.558,1.348,2.732,2.204,0.0357,0.0797,175.63,44.46,0,0,0,0.0,1.184,LOW,LOW,0.0,175.6 days of cover: 14 units in stock at expected demand of 0.08 units/day,highly variable weekly demand (CV 1.18)
BR004,MED466,Vitamin C Chewable 1000mg (ApexLife Pharma),Vitamins,69,19.592,39.078,85.773,29.911,2.6071,2.7989,24.65,16.15,0,0,3,0.02329,0.272,LOW,LOW,0.0,24.7 days of cover: 69 units in stock at expected demand of 2.80 units/day,
BR004,MED467,Vitamin C Chewable 1000mg (BlueCrest Pharma),Vitamins,16,1.122,2.431,5.523,4.57,0.1429,0.1603,99.82,24.51,0,1,1,0.00137,1.041,LOW,LOW,0.0,99.8 days of cover: 16 units in stock at expected demand of 0.16 units/day,highly variable weekly demand (CV 1.04)
BR004,MED469,Vitamin C Chewable 1000mg (CureLine Healthcare),Vitamins,15,1.852,3.75,8.841,5.3,0.3214,0.3214,46.67,19.81,0,0,3,0.01644,1.009,LOW,LOW,0.0,46.7 days of cover: 15 units in stock at expected demand of 0.32 units/day,highly variable weekly demand (CV 1.01)
BR004,MED470,Vitamin C Chewable 1000mg (NovaMed Laboratories),Vitamins,13,4.248,9.547,22.515,9.741,0.8214,0.8214,15.83,9.34,0,0,2,0.00411,0.737,LOW,LOW,0.0,15.8 days of cover: 13 units in stock at expected demand of 0.82 units/day,
BR004,MED471,Vitamin C Chewable 1000mg (Summit Lifesciences),Vitamins,15,1.3,2.871,7.002,4.748,0.2143,0.2143,70.0,22.11,0,0,2,0.01918,0.966,LOW,LOW,0.0,70.0 days of cover: 15 units in stock at expected demand of 0.21 units/day,
BR004,MED472,Vitamin C Chewable 1000mg (TrueLife Remedies),Vitamins,10,0.881,1.91,4.933,3.18,0.1429,0.1429,70.0,22.01,0,0,3,0.01644,1.737,LOW,LOW,0.0,70.0 days of cover: 10 units in stock at expected demand of 0.14 units/day,highly variable weekly demand (CV 1.74)
BR004,MED473,Vitamin C Chewable 1000mg (VitaCure Remedies),Vitamins,19,4.307,8.953,19.063,9.8,0.5357,0.6153,30.88,13.57,0,2,5,0.0137,0.719,LOW,LOW,0.0,30.9 days of cover: 19 units in stock at expected demand of 0.62 units/day,
BR004,MED474,Vitamin D3 60000IU (TrueLife Remedies),Vitamins,14,0.48,1.082,2.381,2.126,0.0,0.0686,204.17,46.1,0,0,0,0.0,2.392,LOW,LOW,0.0,204.2 days of cover: 14 units in stock at expected demand of 0.07 units/day,highly variable weekly demand (CV 2.39)
BR004,MED475,Vitamin D3 60000IU (VitaCure Remedies),Vitamins,12,1.643,3.622,8.068,5.092,0.3214,0.3214,37.33,16.5,0,0,4,0.02055,0.922,LOW,LOW,0.0,37.3 days of cover: 12 units in stock at expected demand of 0.32 units/day,
BR004,MED477,Vitamin D3 1000IU (Summit Lifesciences),Vitamins,11,0.653,1.437,3.882,2.3,0.0714,0.0933,117.92,33.48,0,0,2,0.00822,1.212,LOW,LOW,0.0,117.9 days of cover: 11 units in stock at expected demand of 0.09 units/day,highly variable weekly demand (CV 1.21)
BR004,MED478,Calamine Lotion 100ml (CureLine Healthcare),Dermatological,10,0.898,1.98,4.549,3.196,0.2143,0.2143,46.67,21.9,0,0,0,0.0,1.123,LOW,LOW,0.0,46.7 days of cover: 10 units in stock at expected demand of 0.21 units/day,highly variable weekly demand (CV 1.12)
BR004,MED479,Calamine Lotion 100ml (LifeSpring Pharma),Dermatological,9,0.402,0.875,2.042,2.048,0.0357,0.0574,156.72,30.76,0,0,0,0.0,1.366,LOW,LOW,0.0,156.7 days of cover: 9 units in stock at expected demand of 0.06 units/day,highly variable weekly demand (CV 1.37)
BR004,MED481,Calamine Lotion 100ml (TrueLife Remedies),Dermatological,8,0.584,1.271,2.863,2.23,0.1071,0.1071,74.67,25.11,0,0,0,0.0,0.976,LOW,LOW,0.0,74.7 days of cover: 8 units in stock at expected demand of 0.11 units/day,
BR004,MED482,Clotrimazole Cream 1% (ApexLife Pharma),Dermatological,13,0.793,1.567,3.788,3.091,0.1429,0.1429,91.0,29.44,0,0,0,0.0,0.845,LOW,LOW,0.0,91.0 days of cover: 13 units in stock at expected demand of 0.14 units/day,
BR004,MED483,Clotrimazole Cream 1% (CureLine Healthcare),Dermatological,11,1.299,2.598,5.963,4.747,0.25,0.25,44.0,16.22,0,4,4,0.0137,0.522,LOW,LOW,0.0,44.0 days of cover: 11 units in stock at expected demand of 0.25 units/day,
BR004,MED484,Clotrimazole Cream 2%,Dermatological,5,0.972,2.131,4.734,3.27,0.25,0.25,20.0,10.7,2,2,7,0.02055,0.672,LOW,LOW,0.0,20.0 days of cover: 5 units in stock at expected demand of 0.25 units/day,
BR004,MED485,Clotrimazole Cream 2% (Stellar Formulations),Dermatological,12,0.502,1.046,2.536,2.149,0.0714,0.0717,167.33,39.09,0,0,0,0.0,1.68,LOW,LOW,0.0,167.3 days of cover: 12 units in stock at expected demand of 0.07 units/day,highly variable weekly demand (CV 1.68)
BR004,MED486,Clotrimazole Cream 2% (TrueLife Remedies),Dermatological,8,0.947,1.916,4.525,3.245,0.1786,0.1786,44.8,17.26,0,0,1,0.00137,1.956,LOW,LOW,0.0,44.8 days of cover: 8 units in stock at expected demand of 0.18 units/day,highly variable weekly demand (CV 1.96)
BR004,MED487,Fusidic Acid Cream 2% (ApexLife Pharma),Dermatological,6,0.536,0.976,2.168,2.182,0.0714,0.0766,78.36,19.25,0,0,1,0.00137,1.058,LOW,LOW,0.0,78.4 days of cover: 6 units in stock at expected demand of 0.08 units/day,highly variable weekly demand (CV 1.06)
BR004,MED489,Fusidic Acid Cream 2% (VitaCure Remedies),Dermatological,20,0.356,0.889,2.04,2.002,0.0,0.0509,393.26,69.93,0,0,0,0.0,2.007,LOW,LOW,0.0,393.3 days of cover: 20 units in stock at expected demand of 0.05 units/day,highly variable weekly demand (CV 2.01)
BR004,MED490,Hydrocortisone Cream 1% (CarePlus Laboratories),Dermatological,10,2.348,4.67,10.223,7.842,0.3929,0.3929,25.45,8.93,0,2,3,0.01233,0.811,LOW,LOW,0.0,25.5 days of cover: 10 units in stock at expected demand of 0.39 units/day,
BR004,MED491,Hydrocortisone Cream 1% (CureLine Healthcare),Dermatological,9,2.444,4.84,11.432,7.938,0.4286,0.4286,21.0,7.94,0,0,1,0.00137,0.514,LOW,LOW,0.0,21.0 days of cover: 9 units in stock at expected demand of 0.43 units/day,
BR004,MED492,Hydrocortisone Cream 1% (Summit Lifesciences),Dermatological,6,0.537,1.153,2.502,2.184,0.1071,0.1071,56.0,19.23,0,0,0,0.0,1.785,LOW,LOW,0.0,56.0 days of cover: 6 units in stock at expected demand of 0.11 units/day,highly variable weekly demand (CV 1.78)
BR004,MED493,Ketoconazole Shampoo 2% (Aarogya Formulations),Dermatological,4,0.72,1.455,3.517,3.019,0.2143,0.2143,18.67,9.27,0,0,0,0.0,0.799,LOW,LOW,0.0,18.7 days of cover: 4 units in stock at expected demand of 0.21 units/day,
BR004,MED494,Ketoconazole Shampoo 2% (LifeSpring Pharma),Dermatological,9,0.347,0.759,1.591,1.994,0.0,0.0496,181.56,31.59,0,0,0,0.0,1.276,LOW,LOW,0.0,181.6 days of cover: 9 units in stock at expected demand of 0.05 units/day,highly variable weekly demand (CV 1.28)
BR004,MED495,Ketoconazole Shampoo 2% (VitaCure Remedies),Dermatological,4,0.645,1.364,2.923,2.291,0.1786,0.1786,22.4,12.22,0,0,0,0.0,1.252,LOW,LOW,0.0,22.4 days of cover: 4 units in stock at expected demand of 0.18 units/day,highly variable weekly demand (CV 1.25)
BR004,MED496,Mupirocin Ointment 2% (ApexLife Pharma),Dermatological,13,0.488,1.065,2.458,2.134,0.0714,0.0714,182.0,42.64,0,0,0,0.0,1.264,LOW,LOW,0.0,182.0 days of cover: 13 units in stock at expected demand of 0.07 units/day,highly variable weekly demand (CV 1.26)
BR004,MED497,Mupirocin Ointment 2% (CarePlus Laboratories),Dermatological,6,1.228,2.26,5.324,4.677,0.2143,0.2143,28.0,8.98,1,3,7,0.02329,0.603,LOW,LOW,0.0,28.0 days of cover: 6 units in stock at expected demand of 0.21 units/day,
BR004,MED498,Mupirocin Ointment 2% (NovaMed Laboratories),Dermatological,11,0.531,1.065,2.53,2.177,0.0357,0.0759,145.01,35.37,0,0,1,0.00274,1.785,LOW,LOW,0.0,145.0 days of cover: 11 units in stock at expected demand of 0.08 units/day,highly variable weekly demand (CV 1.78)
BR004,MED499,Mupirocin Ointment 2% (Summit Lifesciences),Dermatological,9,1.002,2.126,5.109,3.3,0.25,0.25,36.0,19.09,0,0,0,0.0,0.938,LOW,LOW,0.0,36.0 days of cover: 9 units in stock at expected demand of 0.25 units/day,
BR004,MED500,Mupirocin Ointment 2% (VitaCure Remedies),Dermatological,3,0.347,0.764,1.573,1.994,0.0714,0.0714,42.0,10.53,0,0,0,0.0,1.166,LOW,LOW,0.0,42.0 days of cover: 3 units in stock at expected demand of 0.07 units/day,highly variable weekly demand (CV 1.17)
BR005,MED003,Amoxicillin 500mg,Antibiotics,22,3.392,6.226,13.693,8.886,0.3571,0.4846,45.4,17.33,0,1,5,0.01096,0.543,LOW,LOW,0.0,45.4 days of cover: 22 units in stock at expected demand of 0.48 units/day,
BR005,MED006,Paracetamol Suspension 250mg/5ml,Antipyretics,16,0.886,1.711,3.965,3.184,0.0714,0.1266,126.41,35.18,0,0,1,0.00411,1.061,LOW,LOW,0.0,126.4 days of cover: 16 units in stock at expected demand of 0.13 units/day,highly variable weekly demand (CV 1.06)
BR005,MED007,Cetirizine 10mg,Antihistamines,81,40.313,78.533,170.002,50.632,5.5357,5.759,14.06,11.2,2,4,11,0.01918,0.208,LOW,LOW,0.0,14.1 days of cover: 81 units in stock at expected demand of 5.76 units/day,
BR005,MED008,Fexofenadine 120mg,Antihistamines,15,0.493,1.153,2.774,2.14,0.0357,0.0704,212.98,49.07,0,0,0,0.0,1.622,LOW,LOW,0.0,213.0 days of cover: 15 units in stock at expected demand of 0.07 units/day,highly variable weekly demand (CV 1.62)
BR005,MED009,Pantoprazole 40mg,Gastrointestinal,103,29.529,59.603,131.385,39.848,4.1786,4.2184,24.42,18.09,0,0,2,0.01644,0.223,LOW,LOW,0.0,24.4 days of cover: 103 units in stock at expected demand of 4.22 units/day,
BR005,MED010,Ondansetron 4mg,Gastrointestinal,6,0.708,1.489,3.396,3.006,0.1429,0.1429,42.0,13.97,0,0,3,0.00822,1.098,LOW,LOW,0.0,42.0 days of cover: 6 units in stock at expected demand of 0.14 units/day,highly variable weekly demand (CV 1.10)
BR005,MED012,Atorvastatin 10mg,Cardiovascular,90,44.4,87.963,194.552,54.719,6.2143,6.3429,14.19,11.51,0,0,1,0.00137,0.263,LOW,LOW,0.0,14.2 days of cover: 90 units in stock at expected demand of 6.34 units/day,
BR005,MED015,Ambroxol + Levosalbutamol Syrup 100ml,Respiratory,51,16.386,32.82,69.932,26.705,2.3214,2.3409,21.79,13.37,0,0,0,0.0,0.259,LOW,LOW,0.0,21.8 days of cover: 51 units in stock at expected demand of 2.34 units/day,
BR005,MED016,Salbutamol Inhaler 100mcg,Respiratory,13,0.599,1.258,2.957,2.246,0.0357,0.0856,151.92,40.52,0,0,1,0.00274,2.576,LOW,LOW,0.0,151.9 days of cover: 13 units in stock at expected demand of 0.09 units/day,highly variable weekly demand (CV 2.58)
BR005,MED017,Vitamin C Chewable 500mg,Vitamins,81,14.169,28.011,58.281,24.488,2.0357,2.0357,39.79,23.15,0,0,0,0.0,0.429,LOW,LOW,0.0,39.8 days of cover: 81 units in stock at expected demand of 2.04 units/day,
BR005,MED018,Vitamin D3 60000IU,Vitamins,6,1.78,3.924,10.313,5.228,0.3929,0.3929,15.27,8.03,0,0,2,0.00548,1.015,LOW,LOW,0.0,15.3 days of cover: 6 units in stock at expected demand of 0.39 units/day,highly variable weekly demand (CV 1.01)
BR005,MED020,Mupirocin Ointment 2%,Dermatological,26,1.177,2.283,5.365,4.625,0.1429,0.1681,154.63,39.35,0,0,0,0.0,0.702,LOW,LOW,0.0,154.6 days of cover: 26 units in stock at expected demand of 0.17 units/day,
BR005,MED021,Ibuprofen 400mg,Analgesics,19,5.533,12.18,28.097,11.026,0.8929,0.8929,21.28,12.06,0,0,3,0.00548,0.388,LOW,LOW,0.0,21.3 days of cover: 19 units in stock at expected demand of 0.89 units/day,
BR005,MED023,Naproxen 250mg,Analgesics,3,0.595,1.312,3.325,2.242,0.1786,0.1786,16.8,9.37,0,0,0,0.0,1.106,LOW,LOW,0.0,16.8 days of cover: 3 units in stock at expected demand of 0.18 units/day,highly variable weekly demand (CV 1.11)
BR005,MED025,Ciprofloxacin 500mg,Antibiotics,15,3.653,7.016,16.314,9.146,0.5714,0.5714,26.25,11.48,0,1,4,0.00685,0.684,LOW,LOW,0.0,26.2 days of cover: 15 units in stock at expected demand of 0.57 units/day,
BR005,MED026,Doxycycline 100mg,Antibiotics,11,2.601,5.783,13.437,8.095,0.4643,0.4643,23.69,9.51,0,0,1,0.00548,0.613,LOW,LOW,0.0,23.7 days of cover: 11 units in stock at expected demand of 0.46 units/day,
BR005,MED028,Mefenamic Acid 250mg,Antipyretics,34,0.687,1.394,3.155,2.985,0.0,0.0981,346.43,79.73,0,0,0,0.0,1.817,LOW,LOW,0.0,346.4 days of cover: 34 units in stock at expected demand of 0.10 units/day,highly variable weekly demand (CV 1.82)
BR005,MED029,Paracetamol Drops 100mg/ml,Antipyretics,12,1.634,3.606,7.456,5.083,0.2857,0.2857,42.0,16.53,0,6,1,0.00822,0.886,LOW,LOW,0.0,42.0 days of cover: 12 units in stock at expected demand of 0.29 units/day,
BR005,MED032,Chlorpheniramine 4mg,Antihistamines,22,1.036,2.172,5.546,3.334,0.1786,0.1786,123.2,46.19,0,0,0,0.0,1.357,LOW,LOW,0.0,123.2 days of cover: 22 units in stock at expected demand of 0.18 units/day,highly variable weekly demand (CV 1.36)
BR005,MED036,Loperamide 2mg,Gastrointestinal,13,0.912,1.848,4.264,3.21,0.1071,0.1303,99.78,28.35,0,0,1,0.00137,1.21,LOW,LOW,0.0,99.8 days of cover: 13 units in stock at expected demand of 0.13 units/day,highly variable weekly demand (CV 1.21)
BR005,MED037,Telmisartan 40mg,Cardiovascular,246,68.787,139.11,300.025,79.106,10.3214,10.3214,23.83,21.77,0,0,1,0.00685,0.221,LOW,LOW,0.0,23.8 days of cover: 246 units in stock at expected demand of 10.32 units/day,
BR005,MED038,Losartan 50mg,Cardiovascular,17,6.164,12.807,29.656,11.658,1.0357,1.0357,16.41,10.21,0,5,6,0.01781,0.58,LOW,LOW,0.0,16.4 days of cover: 17 units in stock at expected demand of 1.04 units/day,
BR005,MED039,Metoprolol 50mg,Cardiovascular,35,9.756,20.474,45.411,20.075,1.6071,1.6071,21.78,12.2,0,0,2,0.01096,0.524,LOW,LOW,0.0,21.8 days of cover: 35 units in stock at expected demand of 1.61 units/day,
BR005,MED041,Clopidogrel 75mg,Cardiovascular,21,0.612,1.272,3.166,2.259,0.0357,0.0874,240.2,65.07,0,0,0,0.0,2.025,LOW,LOW,0.0,240.2 days of cover: 21 units in stock at expected demand of 0.09 units/day,highly variable weekly demand (CV 2.02)
BR005,MED042,Aspirin 75mg,Cardiovascular,43,10.192,22.307,49.969,20.511,1.8929,1.8929,22.72,14.68,0,0,2,0.00685,0.247,LOW,LOW,0.0,22.7 days of cover: 43 units in stock at expected demand of 1.89 units/day,
BR005,MED044,Sitagliptin 100mg,Antidiabetic,32,1.537,3.473,9.624,4.985,0.2857,0.2857,112.0,44.93,0,0,0,0.0,1.167,LOW,LOW,0.0,112.0 days of cover: 32 units in stock at expected demand of 0.29 units/day,highly variable weekly demand (CV 1.17)
BR005,MED045,Gliclazide 80mg,Antidiabetic,14,1.163,2.748,6.087,4.612,0.2143,0.2143,65.33,21.25,0,0,2,0.01507,1.142,LOW,LOW,0.0,65.3 days of cover: 14 units in stock at expected demand of 0.21 units/day,highly variable weekly demand (CV 1.14)
BR005,MED046,Montelukast 10mg,Respiratory,34,13.048,25.185,53.616,23.367,1.8214,1.864,18.24,10.19,0,0,0,0.0,0.37,LOW,LOW,0.0,18.2 days of cover: 34 units in stock at expected demand of 1.86 units/day,
BR005,MED047,Budesonide Inhaler 200mcg,Respiratory,10,0.549,1.249,2.744,2.196,0.0714,0.0784,127.5,31.88,0,0,0,0.0,1.454,LOW,LOW,0.0,127.5 days of cover: 10 units in stock at expected demand of 0.08 units/day,highly variable weekly demand (CV 1.45)
BR005,MED049,Multivitamin B-complex+C,Vitamins,31,10.919,22.546,49.626,21.238,1.9643,1.9643,15.78,10.22,0,0,0,0.0,0.509,LOW,LOW,0.0,15.8 days of cover: 31 units in stock at expected demand of 1.96 units/day,
BR005,MED050,Calcium + Vitamin D3 500mg/250IU,Vitamins,12,1.447,3.386,7.434,4.895,0.2857,0.2857,42.0,17.16,0,0,8,0.02055,0.665,LOW,LOW,0.0,42.0 days of cover: 12 units in stock at expected demand of 0.29 units/day,
BR005,MED051,Iron + Folic Acid 100mg/500mcg,Vitamins,14,0.725,1.65,4.352,3.024,0.1429,0.1429,98.0,32.41,0,0,0,0.0,1.662,LOW,LOW,0.0,98.0 days of cover: 14 units in stock at expected demand of 0.14 units/day,highly variable weekly demand (CV 1.66)
BR005,MED052,Hydrocortisone Cream 1%,Dermatological,18,0.47,0.982,2.008,2.116,0.0357,0.0671,268.09,59.55,0,0,0,0.0,1.648,LOW,LOW,0.0,268.1 days of cover: 18 units in stock at expected demand of 0.07 units/day,highly variable weekly demand (CV 1.65)
BR005,MED053,Fusidic Acid Cream 2%,Dermatological,13,0.677,1.429,3.089,2.976,0.1071,0.1071,121.33,30.58,0,0,0,0.0,1.088,LOW,LOW,0.0,121.3 days of cover: 13 units in stock at expected demand of 0.11 units/day,highly variable weekly demand (CV 1.09)
BR005,MED054,Calamine Lotion 100ml,Dermatological,10,0.388,0.86,1.804,2.035,0.0357,0.0554,180.41,34.4,0,0,0,0.0,1.08,LOW,LOW,0.0,180.4 days of cover: 10 units in stock at expected demand of 0.06 units/day,highly variable weekly demand (CV 1.08)
BR005,MED055,Ketoconazole Shampoo 2%,Dermatological,14,1.398,2.829,6.894,4.846,0.3214,0.3214,43.56,20.22,0,0,0,0.0,0.968,LOW,LOW,0.0,43.6 days of cover: 14 units in stock at expected demand of 0.32 units/day,
BR005,MED056,Aceclofenac + Paracetamol 100mg/325mg (HealthAxis Pharma),Analgesics,8,0.556,1.185,2.74,2.203,0.0714,0.0794,100.72,25.42,0,0,0,0.0,1.142,LOW,LOW,0.0,100.7 days of cover: 8 units in stock at expected demand of 0.08 units/day,highly variable weekly demand (CV 1.14)
BR005,MED057,Aceclofenac + Paracetamol 100mg/325mg (LifeSpring Pharma),Analgesics,26,0.567,1.537,3.381,2.214,0.0357,0.081,320.99,82.2,0,0,0,0.0,1.661,LOW,LOW,0.0,321.0 days of cover: 26 units in stock at expected demand of 0.08 units/day,highly variable weekly demand (CV 1.66)
BR005,MED058,Aceclofenac + Paracetamol 100mg/325mg (VitaCure Remedies),Analgesics,20,4.569,9.486,21.218,10.063,0.6786,0.6786,29.47,13.91,1,1,1,0.00137,0.58,LOW,LOW,0.0,29.5 days of cover: 20 units in stock at expected demand of 0.68 units/day,
BR005,MED059,Diclofenac 50mg (Aarogya Formulations),Analgesics,22,0.573,1.268,2.956,2.219,0.0357,0.0819,268.76,69.4,0,0,0,0.0,2.216,LOW,LOW,0.0,268.8 days of cover: 22 units in stock at expected demand of 0.08 units/day,highly variable weekly demand (CV 2.22)
BR005,MED060,Diclofenac 50mg (CarePlus Laboratories),Analgesics,26,6.811,14.142,32.283,17.13,0.9286,0.973,26.72,10.62,0,0,0,0.0,0.544,LOW,LOW,0.0,26.7 days of cover: 26 units in stock at expected demand of 0.97 units/day,
BR005,MED061,Diclofenac 50mg (Stellar Formulations),Analgesics,8,1.27,2.571,6.057,4.718,0.2857,0.2857,28.0,11.87,0,4,2,0.00822,0.77,LOW,LOW,0.0,28.0 days of cover: 8 units in stock at expected demand of 0.29 units/day,
BR005,MED062,Diclofenac 50mg (TrueLife Remedies),Analgesics,11,1.249,2.84,6.715,4.697,0.3571,0.3571,30.8,16.39,0,0,0,0.0,1.233,LOW,LOW,0.0,30.8 days of cover: 11 units in stock at expected demand of 0.36 units/day,highly variable weekly demand (CV 1.23)
BR005,MED064,Diclofenac 100mg,Analgesics,12,0.926,2.053,4.418,3.224,0.1786,0.1786,67.2,26.05,0,4,4,0.01644,0.995,LOW,LOW,0.0,67.2 days of cover: 12 units in stock at expected demand of 0.18 units/day,
BR005,MED065,Diclofenac 100mg (CureLine Healthcare),Analgesics,14,0.668,1.643,3.692,2.315,0.1429,0.1429,98.0,42.33,0,0,0,0.0,0.937,LOW,LOW,0.0,98.0 days of cover: 14 units in stock at expected demand of 0.14 units/day,
BR005,MED067,Ibuprofen 400mg (Aarogya Formulations),Analgesics,17,0.755,1.664,4.367,3.053,0.1071,0.1079,157.62,38.98,0,0,0,0.0,1.366,LOW,LOW,0.0,157.6 days of cover: 17 units in stock at expected demand of 0.11 units/day,highly variable weekly demand (CV 1.37)
BR005,MED068,Ibuprofen 400mg (CureLine Healthcare),Analgesics,16,1.638,3.497,7.371,5.087,0.2857,0.2857,56.0,22.02,0,0,1,0.00548,1.445,LOW,LOW,0.0,56.0 days of cover: 16 units in stock at expected demand of 0.29 units/day,highly variable weekly demand (CV 1.45)
BR005,MED069,Ibuprofen 400mg (HealthAxis Pharma),Analgesics,20,6.914,14.503,32.704,17.232,1.1429,1.1429,17.5,8.12,0,0,3,0.01096,0.4,LOW,LOW,0.0,17.5 days of cover: 20 units in stock at expected demand of 1.14 units/day,
BR005,MED070,Ibuprofen 400mg (NovaMed Laboratories),Analgesics,42,8.465,18.323,39.017,18.784,1.0714,1.2093,34.73,15.65,0,0,2,0.01233,0.453,LOW,LOW,0.0,34.7 days of cover: 42 units in stock at expected demand of 1.21 units/day,
BR005,MED071,Ibuprofen 400mg (Stellar Formulations),Analgesics,15,1.365,3.07,7.415,4.813,0.2143,0.2143,70.0,21.82,0,0,3,0.0137,0.975,LOW,LOW,0.0,70.0 days of cover: 15 units in stock at expected demand of 0.21 units/day,
BR005,MED072,Ibuprofen 400mg (VitaCure Remedies),Analgesics,16,0.664,1.405,3.702,2.311,0.0357,0.0949,168.67,48.46,0,0,1,0.00411,1.854,LOW,LOW,0.0,168.7 days of cover: 16 units in stock at expected demand of 0.09 units/day,highly variable weekly demand (CV 1.85)
BR005,MED074,Ibuprofen 200mg (LifeSpring Pharma),Analgesics,11,1.169,2.669,5.634,4.617,0.1786,0.1786,61.6,16.68,0,0,2,0.00959,1.507,LOW,LOW,0.0,61.6 days of cover: 11 units in stock at expected demand of 0.18 units/day,highly variable weekly demand (CV 1.51)
BR005,MED075,Ibuprofen 200mg (Summit Lifesciences),Analgesics,11,3.756,8.181,18.282,9.249,0.6071,0.6071,18.12,8.33,0,0,1,0.00137,0.512,LOW,LOW,0.0,18.1 days of cover: 11 units in stock at expected demand of 0.61 units/day,
BR005,MED076,Ibuprofen 200mg (TrueLife Remedies),Analgesics,12,4.772,10.244,23.513,10.265,0.8214,0.8214,14.61,8.18,0,0,3,0.0137,0.608,LOW,LOW,0.0,14.6 days of cover: 12 units in stock at expected demand of 0.82 units/day,
BR005,MED077,Ibuprofen 200mg (VitaCure Remedies),Analgesics,10,1.408,3.132,7.258,4.856,0.25,0.25,40.0,14.42,0,0,2,0.0137,1.179,LOW,LOW,0.0,40.0 days of cover: 10 units in stock at expected demand of 0.25 units/day,highly variable weekly demand (CV 1.18)
BR005,MED081,Ibuprofen 600mg (NovaMed Laboratories),Analgesics,30,6.987,15.415,34.586,17.306,1.0,1.0,30.0,12.13,0,0,1,0.00137,0.317,LOW,LOW,0.0,30.0 days of cover: 30 units in stock at expected demand of 1.00 units/day,
BR005,MED082,Naproxen 250mg (CureLine Healthcare),Analgesics,37,13.609,28.668,62.551,23.928,2.1429,2.1429,17.27,10.82,0,0,2,0.01096,0.305,LOW,LOW,0.0,17.3 days of cover: 37 units in stock at expected demand of 2.14 units/day,
BR005,MED084,Naproxen 250mg (VitaCure Remedies),Analgesics,25,8.805,18.283,40.33,19.124,1.5,1.5,16.67,9.15,0,0,1,0.00137,0.538,LOW,LOW,0.0,16.7 days of cover: 25 units in stock at expected demand of 1.50 units/day,
BR005,MED085,Naproxen 500mg,Analgesics,7,0.52,1.313,3.095,2.167,0.0357,0.0743,94.23,22.61,0,0,3,0.02329,1.171,LOW,LOW,0.0,94.2 days of cover: 7 units in stock at expected demand of 0.07 units/day,highly variable weekly demand (CV 1.17)
BR005,MED086,Naproxen 500mg (CarePlus Laboratories),Analgesics,132,57.607,110.532,253.002,67.926,8.3571,8.3571,15.79,13.6,0,1,3,0.02192,0.238,LOW,LOW,0.0,15.8 days of cover: 132 units in stock at expected demand of 8.36 units/day,
BR005,MED087,Naproxen 500mg (LifeSpring Pharma),Analgesics,3,0.483,1.163,2.779,2.13,0.1429,0.1429,21.0,9.86,0,0,0,0.0,1.119,LOW,LOW,0.0,21.0 days of cover: 3 units in stock at expected demand of 0.14 units/day,highly variable weekly demand (CV 1.12)
BR005,MED088,Naproxen 500mg (NovaMed Laboratories),Analgesics,19,0.665,1.605,3.555,2.312,0.0714,0.095,200.0,57.53,0,0,0,0.0,2.229,LOW,LOW,0.0,200.0 days of cover: 19 units in stock at expected demand of 0.10 units/day,highly variable weekly demand (CV 2.23)
BR005,MED089,Paracetamol 500mg (Aarogya Formulations),Analgesics,23,0.531,1.105,2.532,2.177,0.0,0.0759,303.2,73.95,0,0,0,0.0,1.755,LOW,LOW,0.0,303.2 days of cover: 23 units in stock at expected demand of 0.08 units/day,highly variable weekly demand (CV 1.75)
BR005,MED090,Paracetamol 500mg (CarePlus Laboratories),Analgesics,12,2.073,4.979,10.572,5.522,0.2857,0.2961,40.52,15.21,0,0,3,0.00822,0.702,LOW,LOW,0.0,40.5 days of cover: 12 units in stock at expected demand of 0.30 units/day,
BR005,MED093,Paracetamol 250mg,Analgesics,16,0.383,0.827,2.078,2.03,0.0,0.0547,292.43,55.17,0,0,0,0.0,3.295,LOW,LOW,0.0,292.4 days of cover: 16 units in stock at expected demand of 0.05 units/day,highly variable weekly demand (CV 3.30)
BR005,MED094,Paracetamol 250mg (Stellar Formulations),Analgesics,8,0.999,2.305,5.207,3.297,0.1786,0.1786,44.8,16.99,0,0,1,0.00685,0.965,LOW,LOW,0.0,44.8 days of cover: 8 units in stock at expected demand of 0.18 units/day,
BR005,MED095,Amoxicillin 250mg,Antibiotics,14,4.073,8.109,18.851,9.567,0.7143,0.7143,19.6,10.24,0,3,4,0.00959,0.457,LOW,LOW,0.0,19.6 days of cover: 14 units in stock at expected demand of 0.71 units/day,
BR005,MED096,Amoxicillin 250mg (CureLine Healthcare),Antibiotics,12,3.527,7.225,16.157,9.021,0.6071,0.6071,19.76,9.31,0,5,4,0.02055,0.465,LOW,LOW,0.0,19.8 days of cover: 12 units in stock at expected demand of 0.61 units/day,
BR005,MED097,Amoxicillin 250mg (LifeSpring Pharma),Antibiotics,30,6.526,13.943,30.49,16.845,0.9643,0.9643,31.11,12.47,0,0,0,0.0,0.468,LOW,LOW,0.0,31.1 days of cover: 30 units in stock at expected demand of 0.96 units/day,
BR005,MED098,Amoxicillin 250mg (NovaMed Laboratories),Antibiotics,6,2.121,4.822,11.27,5.569,0.4286,0.4286,14.0,7.54,0,0,1,0.00548,0.555,LOW,LOW,0.0,14.0 days of cover: 6 units in stock at expected demand of 0.43 units/day,
BR005,MED099,Amoxicillin 250mg (Stellar Formulations),Antibiotics,11,0.477,0.958,1.976,2.124,0.0357,0.0681,161.43,36.25,0,0,0,0.0,1.233,LOW,LOW,0.0,161.4 days of cover: 11 units in stock at expected demand of 0.07 units/day,highly variable weekly demand (CV 1.23)
BR005,MED101,Amoxicillin + Clavulanic Acid 625mg (CureLine Healthcare),Antibiotics,4,0.327,0.673,1.667,1.974,0.0357,0.0467,85.63,14.18,0,0,0,0.0,1.14,LOW,LOW,0.0,85.6 days of cover: 4 units in stock at expected demand of 0.05 units/day,highly variable weekly demand (CV 1.14)
BR005,MED102,Amoxicillin + Clavulanic Acid 625mg (HealthAxis Pharma),Antibiotics,22,1.443,2.824,6.181,4.891,0.1429,0.2061,106.72,31.49,0,0,1,0.00685,0.859,LOW,LOW,0.0,106.7 days of cover: 22 units in stock at expected demand of 0.21 units/day,
BR005,MED103,Amoxicillin + Clavulanic Acid 625mg (Stellar Formulations),Antibiotics,9,1.277,2.675,6.124,4.725,0.25,0.25,36.0,13.33,0,0,1,0.00411,0.98,LOW,LOW,0.0,36.0 days of cover: 9 units in stock at expected demand of 0.25 units/day,
BR005,MED106,Amoxicillin + Clavulanic Acid 375mg (Summit Lifesciences),Antibiotics,6,0.924,1.992,4.399,3.222,0.2143,0.2143,28.0,13.04,0,0,5,0.01096,0.66,LOW,LOW,0.0,28.0 days of cover: 6 units in stock at expected demand of 0.21 units/day,
BR005,MED107,Amoxicillin + Clavulanic Acid 375mg (TrueLife Remedies),Antibiotics,16,4.033,8.402,18.358,9.526,0.6786,0.6786,23.58,11.76,0,0,2,0.00548,0.623,LOW,LOW,0.0,23.6 days of cover: 16 units in stock at expected demand of 0.68 units/day,
BR005,MED108,Azithromycin 500mg (Aarogya Formulations),Antibiotics,25,6.598,13.617,30.073,16.917,0.9643,0.9643,25.93,10.34,0,0,6,0.02055,0.5,LOW,LOW,0.0,25.9 days of cover: 25 units in stock at expected demand of 0.96 units/day,
BR005,MED110,Azithromycin 500mg (VitaCure Remedies),Antibiotics,10,0.625,1.198,2.714,2.271,0.0714,0.0893,112.0,30.82,0,0,1,0.00137,1.431,LOW,LOW,0.0,112.0 days of cover: 10 units in stock at expected demand of 0.09 units/day,highly variable weekly demand (CV 1.43)
BR005,MED112,Azithromycin 250mg (ApexLife Pharma),Antibiotics,6,2.045,4.593,10.687,5.493,0.3929,0.3929,15.27,7.65,0,0,1,0.00822,0.819,LOW,LOW,0.0,15.3 days of cover: 6 units in stock at expected demand of 0.39 units/day,
BR005,MED114,Azithromycin 250mg (CarePlus Laboratories),Antibiotics,16,1.711,3.622,7.534,5.159,0.2857,0.2857,56.0,21.71,0,0,0,0.0,0.919,LOW,LOW,0.0,56.0 days of cover: 16 units in stock at expected demand of 0.29 units/day,
BR005,MED115,Azithromycin 250mg (CureLine Healthcare),Antibiotics,12,0.605,1.192,2.758,2.252,0.0714,0.0864,138.84,37.3,0,0,0,0.0,1.009,LOW,LOW,0.0,138.8 days of cover: 12 units in stock at expected demand of 0.09 units/day,highly variable weekly demand (CV 1.01)
BR005,MED116,Azithromycin 250mg (HealthAxis Pharma),Antibiotics,14,3.161,6.665,15.18,8.655,0.5357,0.5357,26.13,11.32,0,1,5,0.01644,0.503,LOW,LOW,0.0,26.1 days of cover: 14 units in stock at expected demand of 0.54 units/day,
BR005,MED118,Azithromycin 250mg (NovaMed Laboratories),Antibiotics,13,0.851,1.801,3.851,3.149,0.1786,0.1786,72.8,28.9,0,0,0,0.0,1.076,LOW,LOW,0.0,72.8 days of cover: 13 units in stock at expected demand of 0.18 units/day,highly variable weekly demand (CV 1.08)
BR005,MED119,Azithromycin 250mg (TrueLife Remedies),Antibiotics,14,0.941,1.882,4.388,3.24,0.1071,0.1344,104.14,30.25,0,0,1,0.00137,0.87,LOW,LOW,0.0,104.1 days of cover: 14 units in stock at expected demand of 0.13 units/day,
BR005,MED120,Cefixime 200mg (ApexLife Pharma),Antibiotics,7,1.664,3.621,8.175,5.113,0.3214,0.3214,21.78,9.58,0,0,1,0.00685,0.906,LOW,LOW,0.0,21.8 days of cover: 7 units in stock at expected demand of 0.32 units/day,
BR005,MED121,Cefixime 200mg (CureLine Healthcare),Antibiotics,17,0.692,1.479,3.439,2.99,0.0714,0.0989,171.97,39.8,0,0,0,0.0,1.722,LOW,LOW,0.0,172.0 days of cover: 17 units in stock at expected demand of 0.10 units/day,highly variable weekly demand (CV 1.72)
BR005,MED123,Cefixime 200mg (Stellar Formulations),Antibiotics,16,0.397,0.819,2.168,2.044,0.0,0.0567,282.12,54.79,0,0,0,0.0,2.556,LOW,LOW,0.0,282.1 days of cover: 16 units in stock at expected demand of 0.06 units/day,highly variable weekly demand (CV 2.56)
BR005,MED124,Cefixime 100mg,Antibiotics,21,0.563,1.099,3.059,2.21,0.0357,0.0804,261.1,66.52,0,0,0,0.0,1.521,LOW,LOW,0.0,261.1 days of cover: 21 units in stock at expected demand of 0.08 units/day,highly variable weekly demand (CV 1.52)
BR005,MED125,Cefixime 100mg (HealthAxis Pharma),Antibiotics,6,2.031,4.668,10.581,5.479,0.4286,0.4286,14.0,7.67,0,0,1,0.00411,1.311,LOW,LOW,0.0,14.0 days of cover: 6 units in stock at expected demand of 0.43 units/day,highly variable weekly demand (CV 1.31)
BR005,MED126,Cefixime 100mg (NovaMed Laboratories),Antibiotics,7,0.61,1.272,3.021,2.256,0.1429,0.1429,49.0,21.72,0,0,0,0.0,1.112,LOW,LOW,0.0,49.0 days of cover: 7 units in stock at expected demand of 0.14 units/day,highly variable weekly demand (CV 1.11)
BR005,MED128,Ciprofloxacin 500mg (BlueCrest Pharma),Antibiotics,6,0.632,1.335,2.99,2.278,0.1786,0.1786,33.6,18.44,0,0,0,0.0,1.132,LOW,LOW,0.0,33.6 days of cover: 6 units in stock at expected demand of 0.18 units/day,highly variable weekly demand (CV 1.13)
BR005,MED130,Ciprofloxacin 250mg (LifeSpring Pharma),Antibiotics,28,8.779,17.842,37.887,19.098,1.5,1.5,18.67,10.26,0,0,5,0.01644,0.401,LOW,LOW,0.0,18.7 days of cover: 28 units in stock at expected demand of 1.50 units/day,
BR005,MED131,Doxycycline 100mg (Aarogya Formulations),Antibiotics,13,3.791,7.965,17.643,9.285,0.6429,0.6429,20.22,9.8,0,0,2,0.00274,0.429,LOW,LOW,0.0,20.2 days of cover: 13 units in stock at expected demand of 0.64 units/day,
BR005,MED132,Doxycycline 100mg (ApexLife Pharma),Antibiotics,9,1.504,3.451,7.426,4.953,0.3571,0.3571,25.2,12.72,0,3,1,0.00411,0.834,LOW,LOW,0.0,25.2 days of cover: 9 units in stock at expected demand of 0.36 units/day,
BR005,MED133,Doxycycline 100mg (HealthAxis Pharma),Antibiotics,7,0.648,1.38,2.747,2.295,0.0714,0.0926,75.62,21.35,0,0,1,0.01781,2.243,LOW,LOW,0.0,75.6 days of cover: 7 units in stock at expected demand of 0.09 units/day,highly variable weekly demand (CV 2.24)
BR005,MED134,Doxycycline 100mg (Summit Lifesciences),Antibiotics,10,2.746,5.798,13.412,8.239,0.4643,0.4643,21.54,8.5,0,0,4,0.01096,0.534,LOW,LOW,0.0,21.5 days of cover: 10 units in stock at expected demand of 0.46 units/day,
BR005,MED136,Mefenamic Acid 250mg (HealthAxis Pharma),Antipyretics,9,1.218,2.298,4.944,4.667,0.25,0.25,36.0,13.5,0,0,1,0.00274,1.127,LOW,LOW,0.0,36.0 days of cover: 9 units in stock at expected demand of 0.25 units/day,highly variable weekly demand (CV 1.13)
BR005,MED137,Mefenamic Acid 250mg (LifeSpring Pharma),Antipyretics,11,1.378,2.813,6.67,4.827,0.25,0.25,44.0,15.95,0,0,1,0.00137,0.895,LOW,LOW,0.0,44.0 days of cover: 11 units in stock at expected demand of 0.25 units/day,
BR005,MED138,Mefenamic Acid 250mg (NovaMed Laboratories),Antipyretics,25,6.606,13.712,28.409,16.925,1.0,1.0,25.0,10.34,0,0,1,0.00959,0.493,LOW,LOW,0.0,25.0 days of cover: 25 units in stock at expected demand of 1.00 units/day,
BR005,MED141,Mefenamic Acid 500mg (HealthAxis Pharma),Antipyretics,11,1.881,3.79,8.247,5.329,0.3214,0.3214,34.22,14.45,0,0,2,0.00685,0.785,LOW,LOW,0.0,34.2 days of cover: 11 units in stock at expected demand of 0.32 units/day,
BR005,MED143,Mefenamic Acid 500mg (LifeSpring Pharma),Antipyretics,3,0.521,1.174,3.114,2.168,0.2143,0.2143,14.0,9.69,0,0,0,0.0,1.357,LOW,LOW,0.0,14.0 days of cover: 3 units in stock at expected demand of 0.21 units/day,highly variable weekly demand (CV 1.36)
BR005,MED145,Mefenamic Acid 500mg (Stellar Formulations),Antipyretics,18,0.399,0.76,1.731,2.045,0.0,0.057,315.79,61.61,0,0,0,0.0,2.153,LOW,LOW,0.0,315.8 days of cover: 18 units in stock at expected demand of 0.06 units/day,highly variable weekly demand (CV 2.15)
BR005,MED146,Mefenamic Acid 500mg (Summit Lifesciences),Antipyretics,6,0.575,1.105,2.344,2.222,0.0714,0.0821,73.04,18.9,0,0,2,0.01096,1.002,LOW,LOW,0.0,73.0 days of cover: 6 units in stock at expected demand of 0.08 units/day,highly variable weekly demand (CV 1.00)
BR005,MED147,Mefenamic Acid 500mg (TrueLife Remedies),Antipyretics,15,0.951,1.925,4.118,3.249,0.1429,0.1429,105.0,32.32,0,0,0,0.0,0.859,LOW,LOW,0.0,105.0 days of cover: 15 units in stock at expected demand of 0.14 units/day,
BR005,MED149,Paracetamol 650mg (Aarogya Formulations),Antipyretics,8,1.699,3.505,8.11,5.147,0.3571,0.3571,22.4,10.88,0,0,4,0.01918,0.883,LOW,LOW,0.0,22.4 days of cover: 8 units in stock at expected demand of 0.36 units/day,
BR005,MED150,Paracetamol 650mg (CarePlus Laboratories),Antipyretics,15,1.316,3.004,6.709,4.765,0.3214,0.3214,46.67,22.04,0,0,0,0.0,0.776,LOW,LOW,0.0,46.7 days of cover: 15 units in stock at expected demand of 0.32 units/day,
BR005,MED151,Paracetamol Drops 100mg/ml (Aarogya Formulations),Antipyretics,12,2.128,4.446,10.464,7.622,0.3929,0.3929,30.55,11.02,0,0,4,0.0137,0.552,LOW,LOW,0.0,30.5 days of cover: 12 units in stock at expected demand of 0.39 units/day,
BR005,MED153,Paracetamol Suspension 250mg/5ml (BlueCrest Pharma),Antipyretics,4,0.597,1.284,2.776,2.243,0.1071,0.1071,37.33,12.48,0,0,2,0.02192,1.625,LOW,LOW,0.0,37.3 days of cover: 4 units in stock at expected demand of 0.11 units/day,highly variable weekly demand (CV 1.62)
BR005,MED156,Paracetamol Suspension 250mg/5ml (TrueLife Remedies),Antipyretics,11,1.064,2.207,5.227,4.512,0.3214,0.3214,34.22,17.07,0,0,0,0.0,1.356,LOW,LOW,0.0,34.2 days of cover: 11 units in stock at expected demand of 0.32 units/day,highly variable weekly demand (CV 1.36)
BR005,MED157,Paracetamol Suspension 125mg/5ml,Antipyretics,18,0.691,1.705,4.118,2.989,0.1071,0.1071,168.0,42.15,0,0,0,0.0,1.311,LOW,LOW,0.0,168.0 days of cover: 18 units in stock at expected demand of 0.11 units/day,highly variable weekly demand (CV 1.31)
BR005,MED160,Paracetamol Suspension 125mg/5ml (TrueLife Remedies),Antipyretics,27,1.183,2.155,4.584,4.631,0.1071,0.169,159.76,40.81,0,0,1,0.00685,1.585,LOW,LOW,0.0,159.8 days of cover: 27 units in stock at expected demand of 0.17 units/day,highly variable weekly demand (CV 1.58)
BR005,MED162,Cetirizine 10mg (ApexLife Pharma),Antihistamines,8,1.355,2.837,6.621,4.803,0.2857,0.2857,28.0,11.66,0,0,2,0.00548,0.831,LOW,LOW,0.0,28.0 days of cover: 8 units in stock at expected demand of 0.29 units/day,
BR005,MED164,Cetirizine 10mg (LifeSpring Pharma),Antihistamines,7,1.072,2.232,5.61,4.521,0.1786,0.1786,39.2,10.84,0,0,1,0.00137,1.058,LOW,LOW,0.0,39.2 days of cover: 7 units in stock at expected demand of 0.18 units/day,highly variable weekly demand (CV 1.06)
BR005,MED165,Cetirizine 10mg (Stellar Formulations),Antihistamines,29,5.184,10.126,23.163,10.678,0.5,0.7406,39.16,19.01,0,0,7,0.01644,0.646,LOW,LOW,0.0,39.2 days of cover: 29 units in stock at expected demand of 0.74 units/day,
BR005,MED167,Cetirizine 10mg (TrueLife Remedies),Antihistamines,33,11.091,21.074,48.706,21.41,1.6786,1.6786,19.66,10.79,0,4,6,0.01507,0.373,LOW,LOW,0.0,19.7 days of cover: 33 units in stock at expected demand of 1.68 units/day,
BR005,MED168,Cetirizine 5mg,Antihistamines,7,1.366,3.008,6.535,4.814,0.2857,0.2857,24.5,10.18,0,0,1,0.00137,0.986,LOW,LOW,0.0,24.5 days of cover: 7 units in stock at expected demand of 0.29 units/day,
BR005,MED170,Cetirizine 5mg (CureLine Healthcare),Antihistamines,5,0.443,0.852,1.911,2.089,0.0,0.0633,79.01,16.75,0,0,1,0.00685,2.69,LOW,LOW,0.0,79.0 days of cover: 5 units in stock at expected demand of 0.06 units/day,highly variable weekly demand (CV 2.69)
BR005,MED172,Cetirizine 5mg (Summit Lifesciences),Antihistamines,17,0.773,1.774,4.622,3.072,0.0357,0.1104,153.95,38.74,0,0,1,0.00822,1.298,LOW,LOW,0.0,153.9 days of cover: 17 units in stock at expected demand of 0.11 units/day,highly variable weekly demand (CV 1.30)
BR005,MED174,Cetirizine 5mg (VitaCure Remedies),Antihistamines,17,0.892,2.001,5.189,3.191,0.0714,0.1274,133.41,37.29,0,0,2,0.00411,1.982,LOW,LOW,0.0,133.4 days of cover: 17 units in stock at expected demand of 0.13 units/day,highly variable weekly demand (CV 1.98)
BR005,MED175,Chlorpheniramine 4mg (ApexLife Pharma),Antihistamines,7,0.518,1.165,2.595,2.165,0.0714,0.074,94.59,22.63,0,0,0,0.0,1.258,LOW,LOW,0.0,94.6 days of cover: 7 units in stock at expected demand of 0.07 units/day,highly variable weekly demand (CV 1.26)
BR005,MED176,Chlorpheniramine 4mg (BlueCrest Pharma),Antihistamines,40,1.029,2.292,4.996,3.327,0.1071,0.147,272.11,84.16,0,0,0,0.0,1.575,LOW,LOW,0.0,272.1 days of cover: 40 units in stock at expected demand of 0.15 units/day,highly variable weekly demand (CV 1.57)
BR005,MED177,Chlorpheniramine 4mg (CarePlus Laboratories),Antihistamines,16,0.975,2.114,5.334,3.273,0.1071,0.1393,114.87,34.22,0,0,2,0.01233,1.223,LOW,LOW,0.0,114.9 days of cover: 16 units in stock at expected demand of 0.14 units/day,highly variable weekly demand (CV 1.22)
BR005,MED178,Chlorpheniramine 4mg (HealthAxis Pharma),Antihistamines,25,0.886,1.934,4.761,3.184,0.0714,0.1266,197.52,54.96,0,0,0,0.0,1.031,LOW,LOW,0.0,197.5 days of cover: 25 units in stock at expected demand of 0.13 units/day,highly variable weekly demand (CV 1.03)
BR005,MED180,Chlorpheniramine 4mg (VitaCure Remedies),Antihistamines,9,0.489,1.088,2.359,2.136,0.0714,0.0714,126.0,29.49,0,0,0,0.0,1.911,LOW,LOW,0.0,126.0 days of cover: 9 units in stock at expected demand of 0.07 units/day,highly variable weekly demand (CV 1.91)
BR005,MED181,Fexofenadine 120mg (ApexLife Pharma),Antihistamines,17,0.948,2.129,5.3,3.246,0.1429,0.1429,119.0,36.66,0,0,0,0.0,1.187,LOW,LOW,0.0,119.0 days of cover: 17 units in stock at expected demand of 0.14 units/day,highly variable weekly demand (CV 1.19)
BR005,MED182,Fexofenadine 120mg (BlueCrest Pharma),Antihistamines,30,6.984,14.424,32.652,17.303,0.9643,0.9977,30.07,12.14,0,0,1,0.00959,0.559,LOW,LOW,0.0,30.1 days of cover: 30 units in stock at expected demand of 1.00 units/day,
BR005,MED183,Fexofenadine 120mg (CureLine Healthcare),Antihistamines,18,3.064,6.237,13.131,8.557,0.3571,0.4377,41.12,14.72,0,0,1,0.00274,0.762,LOW,LOW,0.0,41.1 days of cover: 18 units in stock at expected demand of 0.44 units/day,
BR005,MED184,Fexofenadine 120mg (LifeSpring Pharma),Antihistamines,12,2.125,4.677,11.337,7.618,0.3929,0.3929,30.55,11.03,0,0,1,0.00274,1.13,LOW,LOW,0.0,30.5 days of cover: 12 units in stock at expected demand of 0.39 units/day,highly variable weekly demand (CV 1.13)
BR005,MED185,Fexofenadine 120mg (TrueLife Remedies),Antihistamines,10,0.726,1.585,3.716,3.024,0.1071,0.1071,93.33,23.15,0,0,1,0.00548,1.402,LOW,LOW,0.0,93.3 days of cover: 10 units in stock at expected demand of 0.11 units/day,highly variable weekly demand (CV 1.40)
BR005,MED188,Fexofenadine 180mg (HealthAxis Pharma),Antihistamines,7,0.43,0.931,2.225,2.077,0.0357,0.0614,113.95,23.59,0,0,0,0.0,1.72,LOW,LOW,0.0,114.0 days of cover: 7 units in stock at expected demand of 0.06 units/day,highly variable weekly demand (CV 1.72)
BR005,MED189,Fexofenadine 180mg (TrueLife Remedies),Antihistamines,8,1.004,2.241,5.251,3.303,0.1786,0.1786,44.8,16.95,0,0,3,0.01233,1.77,LOW,LOW,0.0,44.8 days of cover: 8 units in stock at expected demand of 0.18 units/day,highly variable weekly demand (CV 1.77)
BR005,MED190,Levocetirizine 5mg (Aarogya Formulations),Antihistamines,18,1.42,2.939,7.667,4.868,0.25,0.25,72.0,25.88,0,0,1,0.00685,0.848,LOW,LOW,0.0,72.0 days of cover: 18 units in stock at expected demand of 0.25 units/day,
BR005,MED191,Levocetirizine 5mg (BlueCrest Pharma),Antihistamines,16,4.188,9.025,20.44,9.682,0.6429,0.6429,24.89,11.57,0,0,4,0.01096,0.445,LOW,LOW,0.0,24.9 days of cover: 16 units in stock at expected demand of 0.64 units/day,
BR005,MED192,Levocetirizine 5mg (CureLine Healthcare),Antihistamines,15,1.062,2.238,5.589,4.51,0.1429,0.1517,98.87,23.28,0,0,1,0.00685,1.445,LOW,LOW,0.0,98.9 days of cover: 15 units in stock at expected demand of 0.15 units/day,highly variable weekly demand (CV 1.44)
BR005,MED193,Levocetirizine 5mg (LifeSpring Pharma),Antihistamines,13,0.792,1.77,4.047,3.09,0.1429,0.1429,91.0,29.45,0,0,0,0.0,1.088,LOW,LOW,0.0,91.0 days of cover: 13 units in stock at expected demand of 0.14 units/day,highly variable weekly demand (CV 1.09)
BR005,MED194,Levocetirizine 5mg (NovaMed Laboratories),Antihistamines,15,3.167,6.313,14.403,8.661,0.3929,0.4524,33.15,12.12,0,0,5,0.02192,0.661,LOW,LOW,0.0,33.2 days of cover: 15 units in stock at expected demand of 0.45 units/day,
BR005,MED195,Levocetirizine 5mg (VitaCure Remedies),Antihistamines,10,0.529,1.163,2.738,2.175,0.0714,0.0756,132.33,32.18,0,0,0,0.0,1.142,LOW,LOW,0.0,132.3 days of cover: 10 units in stock at expected demand of 0.08 units/day,highly variable weekly demand (CV 1.14)
BR005,MED196,Levocetirizine 2.5mg,Antihistamines,14,0.905,2.082,5.215,3.203,0.1429,0.1429,98.0,30.6,0,0,0,0.0,1.862,LOW,LOW,0.0,98.0 days of cover: 14 units in stock at expected demand of 0.14 units/day,highly variable weekly demand (CV 1.86)
BR005,MED197,Levocetirizine 2.5mg (LifeSpring Pharma),Antihistamines,20,7.308,14.983,34.064,17.627,1.2143,1.2143,16.47,7.94,0,0,1,0.00137,0.44,LOW,LOW,0.0,16.5 days of cover: 20 units in stock at expected demand of 1.21 units/day,
BR005,MED198,Levocetirizine 2.5mg (Stellar Formulations),Antihistamines,14,0.433,1.079,2.444,2.079,0.0,0.0619,226.33,47.14,0,0,0,0.0,2.229,LOW,LOW,0.0,226.3 days of cover: 14 units in stock at expected demand of 0.06 units/day,highly variable weekly demand (CV 2.23)
BR005,MED199,Montelukast + Levocetirizine 10mg/5mg (Aarogya Formulations),Antihistamines,22,0.739,1.554,4.553,3.038,0.0714,0.1056,208.39,50.69,0,0,0,0.0,1.341,LOW,LOW,0.0,208.4 days of cover: 22 units in stock at expected demand of 0.11 units/day,highly variable weekly demand (CV 1.34)
BR005,MED200,Montelukast + Levocetirizine 10mg/5mg (HealthAxis Pharma),Antihistamines,14,3.561,7.66,18.127,9.055,0.7143,0.7143,19.6,10.82,2,2,5,0.02055,0.53,LOW,LOW,0.0,19.6 days of cover: 14 units in stock at expected demand of 0.71 units/day,
BR005,MED201,Montelukast + Levocetirizine 10mg/5mg (NovaMed Laboratories),Antihistamines,18,0.963,2.08,6.134,3.262,0.1429,0.1429,126.0,38.63,0,0,1,0.00411,1.12,LOW,LOW,0.0,126.0 days of cover: 18 units in stock at expected demand of 0.14 units/day,highly variable weekly demand (CV 1.12)
BR005,MED202,Montelukast + Levocetirizine 10mg/5mg (Stellar Formulations),Antihistamines,22,6.863,13.412,31.215,17.182,0.9286,0.9804,22.44,8.96,2,3,4,0.01644,0.525,LOW,LOW,0.0,22.4 days of cover: 22 units in stock at expected demand of 0.98 units/day,
BR005,MED203,Montelukast + Levocetirizine 10mg/5mg (TrueLife Remedies),Antihistamines,11,0.595,1.331,3.176,2.242,0.1071,0.1071,102.67,34.34,0,0,0,0.0,1.277,LOW,LOW,0.0,102.7 days of cover: 11 units in stock at expected demand of 0.11 units/day,highly variable weekly demand (CV 1.28)
BR005,MED204,Montelukast + Levocetirizine 10mg/5mg (VitaCure Remedies),Antihistamines,22,1.575,3.659,8.844,5.023,0.25,0.25,88.0,30.66,0,0,3,0.01507,1.285,LOW,LOW,0.0,88.0 days of cover: 22 units in stock at expected demand of 0.25 units/day,highly variable weekly demand (CV 1.28)
BR005,MED207,Domperidone 10mg (CureLine Healthcare),Gastrointestinal,17,1.506,3.379,7.732,4.955,0.3571,0.3571,47.6,24.02,0,0,0,0.0,0.621,LOW,LOW,0.0,47.6 days of cover: 17 units in stock at expected demand of 0.36 units/day,
BR005,MED208,Domperidone 10mg (HealthAxis Pharma),Gastrointestinal,10,0.533,1.223,3.074,2.18,0.1071,0.1071,93.33,32.11,0,0,0,0.0,1.53,LOW,LOW,0.0,93.3 days of cover: 10 units in stock at expected demand of 0.11 units/day,highly variable weekly demand (CV 1.53)
BR005,MED209,Domperidone 10mg (LifeSpring Pharma),Gastrointestinal,11,1.14,2.663,5.869,4.589,0.2857,0.2857,38.5,16.78,0,0,0,0.0,1.294,LOW,LOW,0.0,38.5 days of cover: 11 units in stock at expected demand of 0.29 units/day,highly variable weekly demand (CV 1.29)
BR005,MED210,Domperidone 10mg (NovaMed Laboratories),Gastrointestinal,16,1.697,3.648,7.78,5.145,0.3929,0.3929,40.73,21.77,1,1,5,0.01096,0.659,LOW,LOW,0.0,40.7 days of cover: 16 units in stock at expected demand of 0.39 units/day,
BR005,MED211,Loperamide 2mg (Aarogya Formulations),Gastrointestinal,15,0.542,1.259,3.524,2.189,0.0714,0.0774,193.73,47.97,0,0,0,0.0,1.556,LOW,LOW,0.0,193.7 days of cover: 15 units in stock at expected demand of 0.08 units/day,highly variable weekly demand (CV 1.56)
BR005,MED212,Loperamide 2mg (BlueCrest Pharma),Gastrointestinal,3,0.55,1.207,2.838,2.197,0.1071,0.1071,28.0,9.56,0,0,1,0.00685,1.242,LOW,LOW,0.0,28.0 days of cover: 3 units in stock at expected demand of 0.11 units/day,highly variable weekly demand (CV 1.24)
BR005,MED213,Loperamide 2mg (LifeSpring Pharma),Gastrointestinal,9,0.564,1.284,2.959,2.211,0.1071,0.1071,84.0,28.49,0,0,0,0.0,1.086,LOW,LOW,0.0,84.0 days of cover: 9 units in stock at expected demand of 0.11 units/day,highly variable weekly demand (CV 1.09)
BR005,MED214,Omeprazole 20mg (Aarogya Formulations),Gastrointestinal,9,0.626,1.394,3.153,2.273,0.1071,0.1071,84.0,27.72,0,0,0,0.0,1.112,LOW,LOW,0.0,84.0 days of cover: 9 units in stock at expected demand of 0.11 units/day,highly variable weekly demand (CV 1.11)
BR005,MED215,Omeprazole 20mg (CarePlus Laboratories),Gastrointestinal,12,5.187,10.61,23.558,10.681,0.8214,0.8214,14.61,7.86,0,0,2,0.00548,0.472,LOW,LOW,0.0,14.6 days of cover: 12 units in stock at expected demand of 0.82 units/day,
BR005,MED216,Omeprazole 20mg (CureLine Healthcare),Gastrointestinal,10,0.522,1.2,2.749,2.168,0.0714,0.0746,134.1,32.29,0,0,0,0.0,1.59,LOW,LOW,0.0,134.1 days of cover: 10 units in stock at expected demand of 0.07 units/day,highly variable weekly demand (CV 1.59)
BR005,MED217,Omeprazole 20mg (HealthAxis Pharma),Gastrointestinal,11,0.943,1.961,4.521,3.241,0.1786,0.1786,61.6,23.76,0,0,2,0.00822,1.485,LOW,LOW,0.0,61.6 days of cover: 11 units in stock at expected demand of 0.18 units/day,highly variable weekly demand (CV 1.48)
BR005,MED218,Omeprazole 20mg (LifeSpring Pharma),Gastrointestinal,12,0.948,2.107,4.619,3.246,0.1786,0.1786,67.2,25.88,0,0,1,0.00685,0.85,LOW,LOW,0.0,67.2 days of cover: 12 units in stock at expected demand of 0.18 units/day,
BR005,MED220,Omeprazole 20mg (VitaCure Remedies),Gastrointestinal,12,0.842,1.957,4.076,3.14,0.25,0.25,48.0,26.75,0,0,0,0.0,1.036,LOW,LOW,0.0,48.0 days of cover: 12 units in stock at expected demand of 0.25 units/day,highly variable weekly demand (CV 1.04)
BR005,MED221,Omeprazole 40mg,Gastrointestinal,9,0.766,1.586,3.784,3.064,0.1071,0.1094,82.25,20.56,0,0,2,0.00685,1.261,LOW,LOW,0.0,82.2 days of cover: 9 units in stock at expected demand of 0.11 units/day,highly variable weekly demand (CV 1.26)
BR005,MED223,Omeprazole 40mg (LifeSpring Pharma),Gastrointestinal,21,7.607,15.619,33.954,17.926,1.3929,1.3929,15.08,8.2,0,0,4,0.01096,0.562,LOW,LOW,0.0,15.1 days of cover: 21 units in stock at expected demand of 1.39 units/day,
BR005,MED225,Omeprazole 40mg (TrueLife Remedies),Gastrointestinal,7,0.753,1.837,3.899,3.051,0.2143,0.2143,32.67,16.06,0,0,0,0.0,1.396,LOW,LOW,0.0,32.7 days of cover: 7 units in stock at expected demand of 0.21 units/day,highly variable weekly demand (CV 1.40)
BR005,MED226,Ondansetron 4mg (Aarogya Formulations),Gastrointestinal,15,2.835,6.481,14.214,8.329,0.5357,0.5357,28.0,12.61,0,0,0,0.0,0.678,LOW,LOW,0.0,28.0 days of cover: 15 units in stock at expected demand of 0.54 units/day,
BR005,MED227,Ondansetron 4mg (BlueCrest Pharma),Gastrointestinal,12,0.68,1.497,3.366,2.979,0.1071,0.1071,112.0,28.2,0,0,0,0.0,1.485,LOW,LOW,0.0,112.0 days of cover: 12 units in stock at expected demand of 0.11 units/day,highly variable weekly demand (CV 1.48)
BR005,MED229,Ondansetron 4mg (CureLine Healthcare),Gastrointestinal,19,0.845,1.694,4.099,3.143,0.0714,0.1207,157.4,42.32,0,0,1,0.00411,1.599,LOW,LOW,0.0,157.4 days of cover: 19 units in stock at expected demand of 0.12 units/day,highly variable weekly demand (CV 1.60)
BR005,MED230,Ondansetron 4mg (LifeSpring Pharma),Gastrointestinal,10,0.773,1.768,4.202,3.071,0.2143,0.2143,46.67,22.79,0,0,0,0.0,1.46,LOW,LOW,0.0,46.7 days of cover: 10 units in stock at expected demand of 0.21 units/day,highly variable weekly demand (CV 1.46)
BR005,MED231,Ondansetron 4mg (NovaMed Laboratories),Gastrointestinal,6,1.585,3.368,8.568,5.033,0.3571,0.3571,16.8,8.34,0,2,4,0.02329,0.618,LOW,LOW,0.0,16.8 days of cover: 6 units in stock at expected demand of 0.36 units/day,
BR005,MED232,Ondansetron 4mg (Stellar Formulations),Gastrointestinal,11,0.504,1.161,2.664,2.15,0.0357,0.072,152.78,35.81,0,0,0,0.0,0.933,LOW,LOW,0.0,152.8 days of cover: 11 units in stock at expected demand of 0.07 units/day,
BR005,MED233,Ondansetron 4mg (Summit Lifesciences),Gastrointestinal,11,0.729,1.627,3.634,3.027,0.1786,0.1786,61.6,25.44,0,0,0,0.0,1.023,LOW,LOW,0.0,61.6 days of cover: 11 units in stock at expected demand of 0.18 units/day,highly variable weekly demand (CV 1.02)
BR005,MED234,Ondansetron 4mg (VitaCure Remedies),Gastrointestinal,35,9.276,19.27,41.581,19.595,1.4643,1.4643,23.9,12.5,0,0,0,0.0,0.492,LOW,LOW,0.0,23.9 days of cover: 35 units in stock at expected demand of 1.46 units/day,
BR005,MED235,Ondansetron 8mg,Gastrointestinal,19,0.685,1.491,3.643,2.984,0.0714,0.0979,194.16,44.57,0,0,0,0.0,1.017,LOW,LOW,0.0,194.2 days of cover: 19 units in stock at expected demand of 0.10 units/day,highly variable weekly demand (CV 1.02)
BR005,MED236,Ondansetron 8mg (LifeSpring Pharma),Gastrointestinal,117,47.686,96.881,212.163,58.005,7.1786,7.1786,16.3,14.12,0,0,0,0.0,0.153,LOW,LOW,0.0,16.3 days of cover: 117 units in stock at expected demand of 7.18 units/day,
BR005,MED237,Ondansetron 8mg (TrueLife Remedies),Gastrointestinal,8,0.701,1.628,3.61,2.999,0.1786,0.1786,44.8,18.67,0,0,0,0.0,1.181,LOW,LOW,0.0,44.8 days of cover: 8 units in stock at expected demand of 0.18 units/day,highly variable weekly demand (CV 1.18)
BR005,MED238,Ondansetron 8mg (VitaCure Remedies),Gastrointestinal,14,1.97,4.22,9.374,5.418,0.3571,0.3571,39.2,18.09,0,0,1,0.00274,0.788,LOW,LOW,0.0,39.2 days of cover: 14 units in stock at expected demand of 0.36 units/day,
BR005,MED241,ORS Powder 21.8g (Stellar Formulations),Gastrointestinal,39,9.154,19.084,41.509,19.472,1.4286,1.4286,27.3,14.02,0,0,0,0.0,0.403,LOW,LOW,0.0,27.3 days of cover: 39 units in stock at expected demand of 1.43 units/day,
BR005,MED242,ORS Powder 21.8g (Summit Lifesciences),Gastrointestinal,13,0.433,0.865,2.127,2.079,0.0,0.0619,210.16,43.77,0,0,0,0.0,2.312,LOW,LOW,0.0,210.2 days of cover: 13 units in stock at expected demand of 0.06 units/day,highly variable weekly demand (CV 2.31)
BR005,MED243,ORS Powder 21.8g (TrueLife Remedies),Gastrointestinal,20,0.95,2.075,4.922,3.249,0.1429,0.1429,140.0,43.09,0,0,0,0.0,1.063,LOW,LOW,0.0,140.0 days of cover: 20 units in stock at expected demand of 0.14 units/day,highly variable weekly demand (CV 1.06)
BR005,MED244,ORS Powder 21.8g (VitaCure Remedies),Gastrointestinal,15,0.946,1.894,4.222,3.244,0.1071,0.1351,110.99,32.37,0,0,1,0.00685,0.915,LOW,LOW,0.0,111.0 days of cover: 15 units in stock at expected demand of 0.14 units/day,
BR005,MED246,Pantoprazole 40mg (CarePlus Laboratories),Gastrointestinal,12,2.195,4.682,10.432,7.689,0.5,0.5,24.0,10.92,0,0,0,0.0,0.915,LOW,LOW,0.0,24.0 days of cover: 12 units in stock at expected demand of 0.50 units/day,
BR005,MED247,Pantoprazole 40mg (NovaMed Laboratories),Gastrointestinal,30,6.969,14.907,32.861,17.288,1.0357,1.0357,28.97,12.15,0,0,1,0.00822,0.389,LOW,LOW,0.0,29.0 days of cover: 30 units in stock at expected demand of 1.04 units/day,
BR005,MED248,Pantoprazole 40mg (TrueLife Remedies),Gastrointestinal,11,0.626,1.408,3.275,2.272,0.1071,0.1071,102.67,33.89,0,0,0,0.0,1.862,LOW,LOW,0.0,102.7 days of cover: 11 units in stock at expected demand of 0.11 units/day,highly variable weekly demand (CV 1.86)
BR005,MED249,Pantoprazole 20mg,Gastrointestinal,29,7.527,15.998,34.596,17.846,1.2143,1.2143,23.88,11.38,0,0,5,0.01507,0.434,LOW,LOW,0.0,23.9 days of cover: 29 units in stock at expected demand of 1.21 units/day,
BR005,MED250,Pantoprazole 20mg (ApexLife Pharma),Gastrointestinal,10,2.707,5.713,12.369,8.201,0.5,0.5,20.0,8.54,0,0,4,0.0137,0.378,LOW,LOW,0.0,20.0 days of cover: 10 units in stock at expected demand of 0.50 units/day,
BR005,MED251,Pantoprazole 20mg (BlueCrest Pharma),Gastrointestinal,5,0.96,1.949,4.486,3.258,0.25,0.25,20.0,10.74,0,0,1,0.00137,1.037,LOW,LOW,0.0,20.0 days of cover: 5 units in stock at expected demand of 0.25 units/day,highly variable weekly demand (CV 1.04)
BR005,MED252,Pantoprazole 20mg (CarePlus Laboratories),Gastrointestinal,8,0.974,2.195,4.452,3.272,0.2857,0.2857,28.0,17.11,1,1,2,0.00822,0.913,LOW,LOW,0.0,28.0 days of cover: 8 units in stock at expected demand of 0.29 units/day,
BR005,MED253,Pantoprazole 20mg (Stellar Formulations),Gastrointestinal,9,0.713,1.591,3.733,3.011,0.1429,0.1429,63.0,20.92,0,0,0,0.0,1.102,LOW,LOW,0.0,63.0 days of cover: 9 units in stock at expected demand of 0.14 units/day,highly variable weekly demand (CV 1.10)
BR005,MED255,Pantoprazole 20mg (VitaCure Remedies),Gastrointestinal,11,1.132,2.161,4.346,4.58,0.1786,0.1786,61.6,16.81,0,3,2,0.00548,1.423,LOW,LOW,0.0,61.6 days of cover: 11 units in stock at expected demand of 0.18 units/day,highly variable weekly demand (CV 1.42)
BR005,MED256,Amlodipine 5mg (BlueCrest Pharma),Cardiovascular,30,7.586,16.623,37.544,17.905,1.1429,1.1429,26.25,11.73,0,0,1,0.00274,0.526,LOW,LOW,0.0,26.2 days of cover: 30 units in stock at expected demand of 1.14 units/day,
BR005,MED257,Amlodipine 5mg (LifeSpring Pharma),Cardiovascular,31,6.997,15.365,33.247,17.316,0.8571,0.9996,31.01,12.53,0,0,3,0.0137,0.465,LOW,LOW,0.0,31.0 days of cover: 31 units in stock at expected demand of 1.00 units/day,
BR005,MED258,Amlodipine 5mg (NovaMed Laboratories),Cardiovascular,17,1.211,2.62,6.084,4.659,0.2143,0.2143,79.33,25.54,0,0,2,0.01781,1.176,LOW,LOW,0.0,79.3 days of cover: 17 units in stock at expected demand of 0.21 units/day,highly variable weekly demand (CV 1.18)
BR005,MED259,Amlodipine 5mg (Stellar Formulations),Cardiovascular,11,0.825,1.813,4.128,3.123,0.1786,0.1786,61.6,24.66,0,0,1,0.00822,1.272,LOW,LOW,0.0,61.6 days of cover: 11 units in stock at expected demand of 0.18 units/day,highly variable weekly demand (CV 1.27)
BR005,MED260,Amlodipine 5mg (VitaCure Remedies),Cardiovascular,21,0.425,1.01,2.575,2.072,0.0,0.0607,345.88,70.95,0,0,0,0.0,5.099,LOW,LOW,0.0,345.9 days of cover: 21 units in stock at expected demand of 0.06 units/day,highly variable weekly demand (CV 5.10)
BR005,MED261,Amlodipine 2.5mg,Cardiovascular,13,0.434,0.968,2.23,2.081,0.0,0.062,209.68,43.73,0,0,0,0.0,1.592,LOW,LOW,0.0,209.7 days of cover: 13 units in stock at expected demand of 0.06 units/day,highly variable weekly demand (CV 1.59)
BR005,MED262,Amlodipine 2.5mg (LifeSpring Pharma),Cardiovascular,20,5.252,11.27,23.296,10.746,0.8214,0.8214,24.35,13.03,0,0,4,0.01507,0.71,LOW,LOW,0.0,24.3 days of cover: 20 units in stock at expected demand of 0.82 units/day,
BR005,MED263,Amlodipine 2.5mg (Stellar Formulations),Cardiovascular,19,2.479,5.334,11.997,7.973,0.4643,0.4643,40.92,16.68,0,0,2,0.00959,1.029,LOW,LOW,0.0,40.9 days of cover: 19 units in stock at expected demand of 0.46 units/day,highly variable weekly demand (CV 1.03)
BR005,MED264,Amlodipine 2.5mg (Summit Lifesciences),Cardiovascular,37,8.915,19.388,44.345,19.234,1.8571,1.8571,19.92,13.47,1,1,3,0.00548,0.408,LOW,LOW,0.0,19.9 days of cover: 37 units in stock at expected demand of 1.86 units/day,
BR005,MED265,Amlodipine 2.5mg (TrueLife Remedies),Cardiovascular,80,29.967,59.356,126.174,40.286,4.1071,4.281,18.69,13.9,0,0,1,0.00137,0.351,LOW,LOW,0.0,18.7 days of cover: 80 units in stock at expected demand of 4.28 units/day,
BR005,MED266,Amlodipine 2.5mg (VitaCure Remedies),Cardiovascular,21,0.863,2.201,5.383,3.161,0.1429,0.1429,147.0,46.5,0,0,0,0.0,1.366,LOW,LOW,0.0,147.0 days of cover: 21 units in stock at expected demand of 0.14 units/day,highly variable weekly demand (CV 1.37)
BR005,MED268,Amlodipine 10mg (LifeSpring Pharma),Cardiovascular,20,1.092,2.228,4.962,4.54,0.1071,0.156,128.21,30.84,0,0,2,0.00822,1.605,LOW,LOW,0.0,128.2 days of cover: 20 units in stock at expected demand of 0.16 units/day,highly variable weekly demand (CV 1.61)
BR005,MED270,Aspirin 75mg (Aarogya Formulations),Cardiovascular,34,10.956,23.565,52.789,21.274,2.0357,2.0357,16.7,11.19,0,0,4,0.00959,0.343,LOW,LOW,0.0,16.7 days of cover: 34 units in stock at expected demand of 2.04 units/day,
BR005,MED271,Aspirin 75mg (ApexLife Pharma),Cardiovascular,4,0.518,0.833,2.663,2.164,0.25,0.25,16.0,12.94,0,0,0,0.0,1.071,LOW,LOW,0.0,16.0 days of cover: 4 units in stock at expected demand of 0.25 units/day,highly variable weekly demand (CV 1.07)
BR005,MED274,Aspirin 75mg (LifeSpring Pharma),Cardiovascular,11,0.511,1.286,3.122,2.158,0.1071,0.1071,102.67,35.68,0,0,0,0.0,2.469,LOW,LOW,0.0,102.7 days of cover: 11 units in stock at expected demand of 0.11 units/day,highly variable weekly demand (CV 2.47)
BR005,MED275,Aspirin 75mg (NovaMed Laboratories),Cardiovascular,12,1.465,2.325,6.963,4.914,0.3214,0.3214,37.33,17.09,0,4,3,0.01507,1.627,LOW,LOW,0.0,37.3 days of cover: 12 units in stock at expected demand of 0.32 units/day,highly variable weekly demand (CV 1.63)
BR005,MED276,Aspirin 75mg (Stellar Formulations),Cardiovascular,65,11.593,23.971,51.397,21.912,1.6429,1.6561,39.25,20.76,0,0,0,0.0,0.654,LOW,LOW,0.0,39.2 days of cover: 65 units in stock at expected demand of 1.66 units/day,
BR005,MED277,Aspirin 150mg,Cardiovascular,4,0.344,0.551,1.676,1.991,0.0,0.0491,81.4,14.06,0,0,3,0.01781,1.564,LOW,LOW,0.0,81.4 days of cover: 4 units in stock at expected demand of 0.05 units/day,highly variable weekly demand (CV 1.56)
BR005,MED279,Aspirin 150mg (Summit Lifesciences),Cardiovascular,26,1.165,2.371,5.795,4.613,0.2143,0.2143,121.33,39.45,0,0,2,0.00959,1.428,LOW,LOW,0.0,121.3 days of cover: 26 units in stock at expected demand of 0.21 units/day,highly variable weekly demand (CV 1.43)
BR005,MED281,Atorvastatin 10mg (Aarogya Formulations),Cardiovascular,9,0.926,2.134,5.229,3.225,0.2143,0.2143,42.0,19.53,0,0,1,0.00822,1.286,LOW,LOW,0.0,42.0 days of cover: 9 units in stock at expected demand of 0.21 units/day,highly variable weekly demand (CV 1.29)
BR005,MED282,Atorvastatin 10mg (ApexLife Pharma),Cardiovascular,11,1.628,3.602,8.591,5.076,0.4286,0.4286,25.67,15.17,0,0,0,0.0,0.89,LOW,LOW,0.0,25.7 days of cover: 11 units in stock at expected demand of 0.43 units/day,
BR005,MED284,Atorvastatin 10mg (Summit Lifesciences),Cardiovascular,43,9.863,20.739,45.821,20.182,1.3571,1.409,30.52,14.91,0,0,3,0.00411,0.409,LOW,LOW,0.0,30.5 days of cover: 43 units in stock at expected demand of 1.41 units/day,
BR005,MED287,Atorvastatin 20mg (CarePlus Laboratories),Cardiovascular,10,3.391,7.467,16.746,8.885,0.6429,0.6429,15.56,7.88,0,0,2,0.00411,0.879,LOW,LOW,0.0,15.6 days of cover: 10 units in stock at expected demand of 0.64 units/day,
BR005,MED289,Atorvastatin 40mg (CureLine Healthcare),Cardiovascular,20,0.899,2.206,4.941,3.197,0.1071,0.1284,155.73,43.79,0,6,1,0.00822,1.616,LOW,LOW,0.0,155.7 days of cover: 20 units in stock at expected demand of 0.13 units/day,highly variable weekly demand (CV 1.62)
BR005,MED290,Atorvastatin 40mg (LifeSpring Pharma),Cardiovascular,4,0.474,1.057,2.578,2.12,0.1429,0.1429,28.0,13.21,0,0,1,0.01644,1.91,LOW,LOW,0.0,28.0 days of cover: 4 units in stock at expected demand of 0.14 units/day,highly variable weekly demand (CV 1.91)
BR005,MED291,Atorvastatin 40mg (VitaCure Remedies),Cardiovascular,14,0.858,2.022,5.352,3.156,0.1429,0.1429,98.0,31.05,0,3,1,0.00411,1.32,LOW,LOW,0.0,98.0 days of cover: 14 units in stock at expected demand of 0.14 units/day,highly variable weekly demand (CV 1.32)
BR005,MED293,Clopidogrel 75mg (BlueCrest Pharma),Cardiovascular,19,1.251,2.59,6.94,4.7,0.1786,0.1787,106.31,28.3,0,0,2,0.00548,1.04,LOW,LOW,0.0,106.3 days of cover: 19 units in stock at expected demand of 0.18 units/day,highly variable weekly demand (CV 1.04)
BR005,MED294,Clopidogrel 75mg (CureLine Healthcare),Cardiovascular,17,2.047,4.888,11.455,5.495,0.4643,0.4643,36.62,21.66,0,0,0,0.0,1.055,LOW,LOW,0.0,36.6 days of cover: 17 units in stock at expected demand of 0.46 units/day,highly variable weekly demand (CV 1.05)
BR005,MED295,Clopidogrel 75mg (NovaMed Laboratories),Cardiovascular,9,0.859,1.925,4.704,3.158,0.25,0.25,36.0,19.95,0,0,0,0.0,1.114,LOW,LOW,0.0,36.0 days of cover: 9 units in stock at expected demand of 0.25 units/day,highly variable weekly demand (CV 1.11)
BR005,MED296,Clopidogrel 75mg (Stellar Formulations),Cardiovascular,17,1.589,3.768,9.967,5.037,0.5,0.5,34.0,23.63,0,0,0,0.0,0.774,LOW,LOW,0.0,34.0 days of cover: 17 units in stock at expected demand of 0.50 units/day,
BR005,MED297,Losartan 50mg (Aarogya Formulations),Cardiovascular,15,0.913,1.547,4.718,3.212,0.0714,0.1304,115.01,32.69,2,8,4,0.02192,2.007,LOW,LOW,0.0,115.0 days of cover: 15 units in stock at expected demand of 0.13 units/day,highly variable weekly demand (CV 2.01)
BR005,MED298,Losartan 50mg (CarePlus Laboratories),Cardiovascular,17,1.158,2.355,6.57,4.606,0.1786,0.1786,95.2,25.84,0,0,2,0.01096,1.38,LOW,LOW,0.0,95.2 days of cover: 17 units in stock at expected demand of 0.18 units/day,highly variable weekly demand (CV 1.38)
BR005,MED300,Losartan 25mg,Cardiovascular,9,0.677,1.398,3.821,2.975,0.1071,0.1071,84.0,21.18,0,0,2,0.00959,2.202,LOW,LOW,0.0,84.0 days of cover: 9 units in stock at expected demand of 0.11 units/day,highly variable weekly demand (CV 2.20)
BR005,MED302,Losartan 25mg (HealthAxis Pharma),Cardiovascular,18,6.283,13.3,30.186,16.601,1.0714,1.0714,16.8,7.59,0,0,1,0.00411,0.548,LOW,LOW,0.0,16.8 days of cover: 18 units in stock at expected demand of 1.07 units/day,
BR005,MED303,Losartan 25mg (NovaMed Laboratories),Cardiovascular,18,1.105,2.487,6.578,4.554,0.1429,0.1579,114.03,27.67,0,0,0,0.0,1.499,LOW,LOW,0.0,114.0 days of cover: 18 units in stock at expected demand of 0.16 units/day,highly variable weekly demand (CV 1.50)
BR005,MED304,Losartan 25mg (Summit Lifesciences),Cardiovascular,14,0.676,1.407,3.448,2.975,0.0,0.0966,144.97,32.94,0,0,1,0.00548,2.026,LOW,LOW,0.0,145.0 days of cover: 14 units in stock at expected demand of 0.10 units/day,highly variable weekly demand (CV 2.03)
BR005,MED307,Metoprolol 50mg (BlueCrest Pharma),Cardiovascular,91,28.466,57.214,122.008,38.785,3.8214,4.0666,22.38,16.42,0,0,2,0.00822,0.273,LOW,LOW,0.0,22.4 days of cover: 91 units in stock at expected demand of 4.07 units/day,
BR005,MED308,Metoprolol 50mg (CureLine Healthcare),Cardiovascular,16,1.301,3.052,7.272,4.749,0.2143,0.2143,74.67,23.58,0,0,0,0.0,0.865,LOW,LOW,0.0,74.7 days of cover: 16 units in stock at expected demand of 0.21 units/day,
BR005,MED309,Metoprolol 50mg (NovaMed Laboratories),Cardiovascular,11,1.365,2.667,6.468,4.813,0.4643,0.4643,23.69,16.0,0,0,0,0.0,1.134,LOW,LOW,0.0,23.7 days of cover: 11 units in stock at expected demand of 0.46 units/day,highly variable weekly demand (CV 1.13)
BR005,MED310,Metoprolol 25mg,Cardiovascular,28,8.814,18.089,41.377,19.133,1.5,1.5,18.67,10.24,0,4,3,0.02055,0.74,LOW,LOW,0.0,18.7 days of cover: 28 units in stock at expected demand of 1.50 units/day,
BR005,MED312,Metoprolol 25mg (HealthAxis Pharma),Cardiovascular,28,0.764,1.868,4.392,3.062,0.1071,0.1091,256.54,64.01,0,0,0,0.0,1.439,LOW,LOW,0.0,256.5 days of cover: 28 units in stock at expected demand of 0.11 units/day,highly variable weekly demand (CV 1.44)
BR005,MED313,Metoprolol 25mg (LifeSpring Pharma),Cardiovascular,18,0.437,0.893,2.243,2.084,0.0,0.0624,288.33,60.46,0,0,0,0.0,1.049,LOW,LOW,0.0,288.3 days of cover: 18 units in stock at expected demand of 0.06 units/day,highly variable weekly demand (CV 1.05)
BR005,MED314,Rosuvastatin 10mg (BlueCrest Pharma),Cardiovascular,40,9.532,20.437,45.152,19.851,1.4286,1.4286,28.0,14.11,0,0,5,0.01233,0.566,LOW,LOW,0.0,28.0 days of cover: 40 units in stock at expected demand of 1.43 units/day,
BR005,MED315,Rosuvastatin 10mg (NovaMed Laboratories),Cardiovascular,15,0.448,0.906,2.193,2.095,0.0,0.064,234.38,50.12,0,0,0,0.0,1.846,LOW,LOW,0.0,234.4 days of cover: 15 units in stock at expected demand of 0.06 units/day,highly variable weekly demand (CV 1.85)
BR005,MED316,Rosuvastatin 10mg (Summit Lifesciences),Cardiovascular,28,9.408,18.827,42.463,19.727,1.6071,1.6071,17.42,9.94,0,0,1,0.00274,0.39,LOW,LOW,0.0,17.4 days of cover: 28 units in stock at expected demand of 1.61 units/day,
BR005,MED317,Rosuvastatin 5mg,Cardiovascular,18,1.928,4.248,10.888,5.376,0.3929,0.3929,45.82,23.44,0,0,1,0.00274,0.967,LOW,LOW,0.0,45.8 days of cover: 18 units in stock at expected demand of 0.39 units/day,
BR005,MED318,Rosuvastatin 5mg (BlueCrest Pharma),Cardiovascular,14,0.74,1.644,4.12,3.039,0.0357,0.1057,132.43,32.25,0,0,1,0.00822,1.882,LOW,LOW,0.0,132.4 days of cover: 14 units in stock at expected demand of 0.11 units/day,highly variable weekly demand (CV 1.88)
BR005,MED320,Rosuvastatin 5mg (Stellar Formulations),Cardiovascular,29,7.286,15.773,34.555,17.605,1.0714,1.0714,27.07,11.53,0,0,3,0.00822,0.395,LOW,LOW,0.0,27.1 days of cover: 29 units in stock at expected demand of 1.07 units/day,
BR005,MED321,Rosuvastatin 5mg (VitaCure Remedies),Cardiovascular,6,0.941,2.197,6.005,3.239,0.3929,0.3929,15.27,12.97,0,0,2,0.01781,1.363,LOW,LOW,0.0,15.3 days of cover: 6 units in stock at expected demand of 0.39 units/day,highly variable weekly demand (CV 1.36)
BR005,MED323,Rosuvastatin 20mg (NovaMed Laboratories),Cardiovascular,16,0.858,1.889,4.212,3.156,0.1429,0.1429,112.0,35.49,0,0,2,0.01918,1.161,LOW,LOW,0.0,112.0 days of cover: 16 units in stock at expected demand of 0.14 units/day,highly variable weekly demand (CV 1.16)
BR005,MED324,Rosuvastatin 20mg (Stellar Formulations),Cardiovascular,28,7.453,16.031,36.52,17.771,1.2143,1.2143,23.06,11.03,0,0,2,0.00411,0.41,LOW,LOW,0.0,23.1 days of cover: 28 units in stock at expected demand of 1.21 units/day,
BR005,MED325,Rosuvastatin 20mg (Summit Lifesciences),Cardiovascular,32,0.911,2.3,5.135,3.209,0.0714,0.1301,245.88,69.8,0,0,0,0.0,2.477,LOW,LOW,0.0,245.9 days of cover: 32 units in stock at expected demand of 0.13 units/day,highly variable weekly demand (CV 2.48)
BR005,MED328,Telmisartan 40mg (CureLine Healthcare),Cardiovascular,19,0.638,1.572,3.433,2.285,0.0714,0.0911,208.46,58.21,0,0,0,0.0,1.6,LOW,LOW,0.0,208.5 days of cover: 19 units in stock at expected demand of 0.09 units/day,highly variable weekly demand (CV 1.60)
BR005,MED329,Telmisartan 40mg (NovaMed Laboratories),Cardiovascular,36,13.744,28.356,62.845,24.063,2.3929,2.3929,15.04,10.47,0,0,3,0.02192,0.379,LOW,LOW,0.0,15.0 days of cover: 36 units in stock at expected demand of 2.39 units/day,
BR005,MED330,Telmisartan 40mg (Stellar Formulations),Cardiovascular,18,0.593,1.337,3.568,2.24,0.0714,0.0847,212.48,56.25,0,0,0,0.0,1.705,LOW,LOW,0.0,212.5 days of cover: 18 units in stock at expected demand of 0.08 units/day,highly variable weekly demand (CV 1.71)
BR005,MED331,Telmisartan 40mg (VitaCure Remedies),Cardiovascular,18,1.712,3.947,9.286,5.161,0.3571,0.3571,50.4,24.41,0,0,1,0.00137,1.414,LOW,LOW,0.0,50.4 days of cover: 18 units in stock at expected demand of 0.36 units/day,highly variable weekly demand (CV 1.41)
BR005,MED332,Telmisartan 20mg,Cardiovascular,30,9.873,20.207,46.605,20.191,1.9643,1.9643,15.27,10.4,0,2,5,0.02466,0.82,LOW,LOW,0.0,15.3 days of cover: 30 units in stock at expected demand of 1.96 units/day,
BR005,MED333,Telmisartan 20mg (HealthAxis Pharma),Cardiovascular,14,0.742,1.649,3.826,3.04,0.0714,0.106,132.08,32.24,0,0,1,0.00411,1.145,LOW,LOW,0.0,132.1 days of cover: 14 units in stock at expected demand of 0.11 units/day,highly variable weekly demand (CV 1.14)
BR005,MED334,Telmisartan 20mg (LifeSpring Pharma),Cardiovascular,7,0.592,1.25,2.855,2.239,0.1786,0.1786,39.2,21.88,0,0,0,0.0,1.185,LOW,LOW,0.0,39.2 days of cover: 7 units in stock at expected demand of 0.18 units/day,highly variable weekly demand (CV 1.18)
BR005,MED336,Telmisartan 80mg,Cardiovascular,17,1.294,2.996,7.066,4.742,0.25,0.25,68.0,25.09,0,0,0,0.0,1.112,LOW,LOW,0.0,68.0 days of cover: 17 units in stock at expected demand of 0.25 units/day,highly variable weekly demand (CV 1.11)
BR005,MED337,Telmisartan 80mg (ApexLife Pharma),Cardiovascular,21,1.693,3.446,9.512,5.141,0.5357,0.5357,39.2,28.59,0,0,0,0.0,0.971,LOW,LOW,0.0,39.2 days of cover: 21 units in stock at expected demand of 0.54 units/day,
BR005,MED338,Telmisartan 80mg (BlueCrest Pharma),Cardiovascular,23,7.91,17.075,38.764,18.229,1.3929,1.3929,16.51,8.83,0,0,0,0.0,0.358,LOW,LOW,0.0,16.5 days of cover: 23 units in stock at expected demand of 1.39 units/day,
BR005,MED339,Telmisartan 80mg (CureLine Healthcare),Cardiovascular,11,1.785,3.673,8.713,5.233,0.4286,0.4286,25.67,14.71,0,0,1,0.00274,1.041,LOW,LOW,0.0,25.7 days of cover: 11 units in stock at expected demand of 0.43 units/day,highly variable weekly demand (CV 1.04)
BR005,MED340,Telmisartan 80mg (NovaMed Laboratories),Cardiovascular,8,2.18,4.696,11.854,7.674,0.5,0.5,16.0,7.3,0,0,1,0.00274,0.839,LOW,LOW,0.0,16.0 days of cover: 8 units in stock at expected demand of 0.50 units/day,
BR005,MED342,Telmisartan 80mg (Summit Lifesciences),Cardiovascular,14,2.627,5.305,12.437,8.121,0.4643,0.4643,30.15,12.07,0,1,7,0.01781,0.607,LOW,LOW,0.0,30.2 days of cover: 14 units in stock at expected demand of 0.46 units/day,
BR005,MED343,Telmisartan 80mg (TrueLife Remedies),Cardiovascular,26,6.379,13.909,31.071,16.697,0.8571,0.9113,28.53,10.9,0,0,1,0.00274,0.67,LOW,LOW,0.0,28.5 days of cover: 26 units in stock at expected demand of 0.91 units/day,
BR005,MED344,Gliclazide 80mg (Aarogya Formulations),Antidiabetic,36,14.214,27.789,60.239,24.533,2.1786,2.1786,16.52,10.27,0,0,1,0.01233,0.505,LOW,LOW,0.0,16.5 days of cover: 36 units in stock at expected demand of 2.18 units/day,
BR005,MED346,Gliclazide 80mg (CarePlus Laboratories),Antidiabetic,27,5.846,12.467,26.587,11.34,0.6429,0.8351,32.33,16.67,0,0,1,0.00137,0.642,LOW,LOW,0.0,32.3 days of cover: 27 units in stock at expected demand of 0.84 units/day,
BR005,MED347,Gliclazide 80mg (LifeSpring Pharma),Antidiabetic,15,0.575,1.181,2.873,2.222,0.0357,0.0821,182.61,47.25,0,0,0,0.0,1.096,LOW,LOW,0.0,182.6 days of cover: 15 units in stock at expected demand of 0.08 units/day,highly variable weekly demand (CV 1.10)
BR005,MED348,Gliclazide 80mg (TrueLife Remedies),Antidiabetic,12,0.603,1.283,2.957,2.249,0.0,0.0861,139.3,37.35,0,0,2,0.00822,1.837,LOW,LOW,0.0,139.3 days of cover: 12 units in stock at expected demand of 0.09 units/day,highly variable weekly demand (CV 1.84)
BR005,MED350,Gliclazide 40mg (BlueCrest Pharma),Antidiabetic,17,0.674,1.486,3.787,2.973,0.0714,0.0963,176.56,40.03,0,0,0,0.0,1.639,LOW,LOW,0.0,176.6 days of cover: 17 units in stock at expected demand of 0.10 units/day,highly variable weekly demand (CV 1.64)
BR005,MED351,Gliclazide 40mg (Lumina Pharma),Antidiabetic,17,3.209,6.339,14.922,8.702,0.6071,0.6071,28.0,13.68,0,0,1,0.00411,0.776,LOW,LOW,0.0,28.0 days of cover: 17 units in stock at expected demand of 0.61 units/day,
BR005,MED352,Gliclazide 40mg (NovaMed Laboratories),Antidiabetic,14,0.579,1.21,3.035,2.226,0.0357,0.0827,169.26,44.03,0,0,0,0.0,2.208,LOW,LOW,0.0,169.3 days of cover: 14 units in stock at expected demand of 0.08 units/day,highly variable weekly demand (CV 2.21)
BR005,MED353,Gliclazide 40mg (Stellar Formulations),Antidiabetic,6,0.787,1.767,4.863,3.086,0.1429,0.1429,42.0,13.61,0,0,2,0.01644,1.358,LOW,LOW,0.0,42.0 days of cover: 6 units in stock at expected demand of 0.14 units/day,highly variable weekly demand (CV 1.36)
BR005,MED354,Gliclazide 40mg (Summit Lifesciences),Antidiabetic,53,21.429,43.353,91.401,31.747,3.0357,3.0613,17.31,11.69,0,0,3,0.01096,0.334,LOW,LOW,0.0,17.3 days of cover: 53 units in stock at expected demand of 3.06 units/day,
BR005,MED355,Glimepiride 2mg (BlueCrest Pharma),Antidiabetic,19,1.249,3.255,7.715,4.697,0.1429,0.1784,106.49,28.32,0,0,2,0.00685,1.384,LOW,LOW,0.0,106.5 days of cover: 19 units in stock at expected demand of 0.18 units/day,highly variable weekly demand (CV 1.38)
BR005,MED357,Glimepiride 2mg (Stellar Formulations),Antidiabetic,30,10.921,21.837,46.772,21.24,1.8571,1.8571,16.15,9.89,0,7,3,0.01644,0.458,LOW,LOW,0.0,16.2 days of cover: 30 units in stock at expected demand of 1.86 units/day,
BR005,MED358,Glimepiride 2mg (VitaCure Remedies),Antidiabetic,37,10.206,22.132,48.664,20.525,1.7143,1.7143,21.58,12.62,0,0,3,0.01096,0.578,LOW,LOW,0.0,21.6 days of cover: 37 units in stock at expected demand of 1.71 units/day,
BR005,MED359,Glimepiride 1mg,Antidiabetic,11,1.105,2.556,5.428,4.553,0.2857,0.2857,38.5,16.91,0,0,0,0.0,1.785,LOW,LOW,0.0,38.5 days of cover: 11 units in stock at expected demand of 0.29 units/day,highly variable weekly demand (CV 1.78)
BR005,MED360,Glimepiride 1mg (CarePlus Laboratories),Antidiabetic,30,9.649,19.783,44.939,19.967,1.6786,1.6786,17.87,10.52,0,0,3,0.0137,0.409,LOW,LOW,0.0,17.9 days of cover: 30 units in stock at expected demand of 1.68 units/day,
BR005,MED361,Glimepiride 1mg (CureLine Healthcare),Antidiabetic,23,8.144,17.023,39.163,18.463,1.5357,1.5357,14.98,8.72,0,0,1,0.00411,0.467,LOW,LOW,0.0,15.0 days of cover: 23 units in stock at expected demand of 1.54 units/day,
BR005,MED363,Glimepiride 1mg (Summit Lifesciences),Antidiabetic,16,3.765,8.363,18.575,9.259,0.7143,0.7143,22.4,12.1,0,0,0,0.0,0.864,LOW,LOW,0.0,22.4 days of cover: 16 units in stock at expected demand of 0.71 units/day,
BR005,MED365,Glimepiride 3mg,Antidiabetic,14,1.16,2.586,6.081,4.608,0.1786,0.1786,78.4,21.27,0,0,2,0.00959,1.29,LOW,LOW,0.0,78.4 days of cover: 14 units in stock at expected demand of 0.18 units/day,highly variable weekly demand (CV 1.29)
BR005,MED367,Glimepiride 3mg (CureLine Healthcare),Antidiabetic,19,3.323,7.12,15.125,8.817,0.5714,0.5714,33.25,15.08,0,0,1,0.00411,1.015,LOW,LOW,0.0,33.2 days of cover: 19 units in stock at expected demand of 0.57 units/day,highly variable weekly demand (CV 1.02)
BR005,MED368,Glimepiride 3mg (NovaMed Laboratories),Antidiabetic,20,0.619,1.489,4.156,2.266,0.0714,0.0884,226.17,61.78,0,0,0,0.0,1.992,LOW,LOW,0.0,226.2 days of cover: 20 units in stock at expected demand of 0.09 units/day,highly variable weekly demand (CV 1.99)
BR005,MED369,Glimepiride 3mg (Stellar Formulations),Antidiabetic,14,1.404,3.142,7.375,4.852,0.2857,0.2857,49.0,20.2,0,0,2,0.00959,0.949,LOW,LOW,0.0,49.0 days of cover: 14 units in stock at expected demand of 0.29 units/day,
BR005,MED370,Glimepiride 3mg (Summit Lifesciences),Antidiabetic,14,1.068,2.356,5.209,4.516,0.1786,0.1786,78.4,21.7,0,0,2,0.00274,1.264,LOW,LOW,0.0,78.4 days of cover: 14 units in stock at expected demand of 0.18 units/day,highly variable weekly demand (CV 1.26)
BR005,MED371,Glimepiride 3mg (TrueLife Remedies),Antidiabetic,4,0.66,1.47,3.624,2.307,0.1786,0.1786,22.4,12.14,0,0,2,0.00959,2.873,LOW,LOW,0.0,22.4 days of cover: 4 units in stock at expected demand of 0.18 units/day,highly variable weekly demand (CV 2.87)
BR005,MED372,Glimepiride 3mg (VitaCure Remedies),Antidiabetic,12,0.654,1.451,3.42,2.3,0.1071,0.1071,112.0,36.52,0,0,0,0.0,1.162,LOW,LOW,0.0,112.0 days of cover: 12 units in stock at expected demand of 0.11 units/day,highly variable weekly demand (CV 1.16)
BR005,MED373,Glimepiride + Metformin 2mg/500mg (Aarogya Formulations),Antidiabetic,6,1.151,2.403,6.054,4.599,0.4286,0.4286,14.0,9.13,0,0,4,0.02192,1.111,LOW,LOW,0.0,14.0 days of cover: 6 units in stock at expected demand of 0.43 units/day,highly variable weekly demand (CV 1.11)
BR005,MED375,Glimepiride + Metformin 2mg/500mg (Summit Lifesciences),Antidiabetic,4,0.452,1.069,2.322,2.099,0.1429,0.1429,28.0,13.34,0,0,0,0.0,1.347,LOW,LOW,0.0,28.0 days of cover: 4 units in stock at expected demand of 0.14 units/day,highly variable weekly demand (CV 1.35)
BR005,MED376,Glimepiride + Metformin 1mg/500mg,Antidiabetic,15,1.402,2.889,6.969,4.85,0.2857,0.2857,52.5,21.65,0,0,1,0.00274,0.875,LOW,LOW,0.0,52.5 days of cover: 15 units in stock at expected demand of 0.29 units/day,
BR005,MED377,Glimepiride + Metformin 1mg/500mg (CarePlus Laboratories),Antidiabetic,9,1.339,3.095,6.924,4.787,0.4286,0.4286,21.0,13.16,0,0,0,0.0,1.072,LOW,LOW,0.0,21.0 days of cover: 9 units in stock at expected demand of 0.43 units/day,highly variable weekly demand (CV 1.07)
BR005,MED378,Glimepiride + Metformin 1mg/500mg (Stellar Formulations),Antidiabetic,16,4.271,9.333,20.413,9.765,0.8214,0.8214,19.48,11.47,0,0,0,0.0,0.783,LOW,LOW,0.0,19.5 days of cover: 16 units in stock at expected demand of 0.82 units/day,
BR005,MED379,Glimepiride + Metformin 1mg/500mg (Summit Lifesciences),Antidiabetic,9,1.249,2.747,7.291,4.697,0.3214,0.3214,28.0,13.41,0,3,1,0.00411,0.85,LOW,LOW,0.0,28.0 days of cover: 9 units in stock at expected demand of 0.32 units/day,
BR005,MED380,Glimepiride + Metformin 1mg/500mg (VitaCure Remedies),Antidiabetic,45,9.632,20.556,45.296,19.951,1.4286,1.4286,31.5,15.79,0,0,2,0.00548,0.396,LOW,LOW,0.0,31.5 days of cover: 45 units in stock at expected demand of 1.43 units/day,
BR005,MED382,Metformin 500mg (CureLine Healthcare),Antidiabetic,8,1.188,2.705,5.743,4.636,0.25,0.25,32.0,12.08,0,0,2,0.00685,1.023,LOW,LOW,0.0,32.0 days of cover: 8 units in stock at expected demand of 0.25 units/day,highly variable weekly demand (CV 1.02)
BR005,MED384,Metformin 500mg (TrueLife Remedies),Antidiabetic,10,1.212,2.779,7.215,4.661,0.3214,0.3214,31.11,15.02,0,0,1,0.00137,1.068,LOW,LOW,0.0,31.1 days of cover: 10 units in stock at expected demand of 0.32 units/day,highly variable weekly demand (CV 1.07)
BR005,MED387,Metformin 850mg (Stellar Formulations),Antidiabetic,6,0.715,1.72,4.08,3.014,0.2143,0.2143,28.0,13.93,0,0,3,0.02055,1.022,LOW,LOW,0.0,28.0 days of cover: 6 units in stock at expected demand of 0.21 units/day,highly variable weekly demand (CV 1.02)
BR005,MED388,Metformin 850mg (VitaCure Remedies),Antidiabetic,9,1.229,2.659,6.309,4.678,0.4643,0.4643,19.38,13.47,0,0,0,0.0,1.391,LOW,LOW,0.0,19.4 days of cover: 9 units in stock at expected demand of 0.46 units/day,highly variable weekly demand (CV 1.39)
BR005,MED389,Metformin 1000mg,Antidiabetic,17,1.502,3.407,7.991,4.95,0.25,0.25,68.0,24.04,0,0,2,0.00685,0.875,LOW,LOW,0.0,68.0 days of cover: 17 units in stock at expected demand of 0.25 units/day,
BR005,MED390,Metformin 1000mg (BlueCrest Pharma),Antidiabetic,14,1.875,3.947,8.639,5.323,0.4643,0.4643,30.15,18.41,0,4,3,0.01918,1.179,LOW,LOW,0.0,30.2 days of cover: 14 units in stock at expected demand of 0.46 units/day,highly variable weekly demand (CV 1.18)
BR005,MED394,Sitagliptin 100mg (BlueCrest Pharma),Antidiabetic,3,0.397,0.868,2.067,2.043,0.1429,0.1429,21.0,10.28,0,0,0,0.0,1.447,LOW,LOW,0.0,21.0 days of cover: 3 units in stock at expected demand of 0.14 units/day,highly variable weekly demand (CV 1.45)
BR005,MED395,Sitagliptin 100mg (CarePlus Laboratories),Antidiabetic,31,8.343,17.784,39.425,18.662,1.4286,1.4286,21.7,11.63,0,0,1,0.00137,0.561,LOW,LOW,0.0,21.7 days of cover: 31 units in stock at expected demand of 1.43 units/day,
BR005,MED396,Sitagliptin 100mg (HealthAxis Pharma),Antidiabetic,139,60.634,123.392,261.688,70.953,8.5714,8.662,16.05,13.71,0,0,0,0.0,0.217,LOW,LOW,0.0,16.0 days of cover: 139 units in stock at expected demand of 8.66 units/day,
BR005,MED397,Sitagliptin 50mg,Antidiabetic,21,6.817,13.969,30.402,17.136,0.9643,0.9739,21.56,8.58,0,0,2,0.01096,0.66,LOW,LOW,0.0,21.6 days of cover: 21 units in stock at expected demand of 0.97 units/day,
BR005,MED398,Sitagliptin 50mg (ApexLife Pharma),Antidiabetic,24,4.85,10.514,23.259,10.343,0.7143,0.7143,33.6,16.24,0,0,0,0.0,0.588,LOW,LOW,0.0,33.6 days of cover: 24 units in stock at expected demand of 0.71 units/day,
BR005,MED399,Sitagliptin 50mg (BlueCrest Pharma),Antidiabetic,54,19.317,40.064,85.399,29.636,2.8214,2.8214,19.14,12.75,1,1,2,0.01096,0.319,LOW,LOW,0.0,19.1 days of cover: 54 units in stock at expected demand of 2.82 units/day,
BR005,MED401,Sitagliptin 50mg (HealthAxis Pharma),Antidiabetic,13,1.068,2.315,5.176,4.516,0.1786,0.1786,72.8,20.15,0,0,1,0.00411,1.192,LOW,LOW,0.0,72.8 days of cover: 13 units in stock at expected demand of 0.18 units/day,highly variable weekly demand (CV 1.19)
BR005,MED403,Sitagliptin 50mg (Stellar Formulations),Antidiabetic,18,0.661,1.542,3.86,2.308,0.0714,0.0944,190.62,54.59,0,0,0,0.0,1.206,LOW,LOW,0.0,190.6 days of cover: 18 units in stock at expected demand of 0.09 units/day,highly variable weekly demand (CV 1.21)
BR005,MED404,Sitagliptin 50mg (Summit Lifesciences),Antidiabetic,11,2.127,4.287,10.566,7.621,0.4643,0.4643,23.69,10.1,0,0,1,0.00274,1.286,LOW,LOW,0.0,23.7 days of cover: 11 units in stock at expected demand of 0.46 units/day,highly variable weekly demand (CV 1.29)
BR005,MED405,Sitagliptin 50mg (TrueLife Remedies),Antidiabetic,12,1.455,3.236,7.283,4.903,0.25,0.25,48.0,17.13,0,0,1,0.00548,1.292,LOW,LOW,0.0,48.0 days of cover: 12 units in stock at expected demand of 0.25 units/day,highly variable weekly demand (CV 1.29)
BR005,MED406,Ambroxol + Levosalbutamol Syrup 100ml (Aarogya Formulations),Respiratory,9,1.156,2.581,6.113,4.604,0.25,0.25,36.0,13.68,0,0,0,0.0,1.082,LOW,LOW,0.0,36.0 days of cover: 9 units in stock at expected demand of 0.25 units/day,highly variable weekly demand (CV 1.08)
BR005,MED407,Ambroxol + Levosalbutamol Syrup 100ml (NovaMed Laboratories),Respiratory,25,6.903,13.938,30.871,17.222,0.9643,0.9861,25.35,10.16,0,0,1,0.00685,0.52,LOW,LOW,0.0,25.4 days of cover: 25 units in stock at expected demand of 0.99 units/day,
BR005,MED408,Ambroxol + Levosalbutamol Syrup 100ml (Summit Lifesciences),Respiratory,6,1.133,2.574,5.844,4.582,0.2857,0.2857,21.0,9.17,0,0,0,0.0,0.863,LOW,LOW,0.0,21.0 days of cover: 6 units in stock at expected demand of 0.29 units/day,
BR005,MED409,Ambroxol + Levosalbutamol Syrup 100ml (VitaCure Remedies),Respiratory,9,0.921,2.109,4.65,3.219,0.2143,0.2143,42.0,19.57,0,0,0,0.0,1.015,LOW,LOW,0.0,42.0 days of cover: 9 units in stock at expected demand of 0.21 units/day,highly variable weekly demand (CV 1.01)
BR005,MED410,Ambroxol + Levosalbutamol Syrup 60ml,Respiratory,16,0.946,2.17,4.901,3.244,0.1429,0.1429,112.0,34.53,0,0,0,0.0,1.243,LOW,LOW,0.0,112.0 days of cover: 16 units in stock at expected demand of 0.14 units/day,highly variable weekly demand (CV 1.24)
BR005,MED411,Ambroxol + Levosalbutamol Syrup 60ml (NovaMed Laboratories),Respiratory,24,6.659,13.774,29.892,16.977,0.9643,0.9643,24.89,9.9,0,0,5,0.0137,0.481,LOW,LOW,0.0,24.9 days of cover: 24 units in stock at expected demand of 0.96 units/day,
BR005,MED412,Budesonide Inhaler 200mcg (ApexLife Pharma),Respiratory,15,1.0,2.262,5.554,3.299,0.1429,0.1429,105.0,31.83,0,0,2,0.00685,1.156,LOW,LOW,0.0,105.0 days of cover: 15 units in stock at expected demand of 0.14 units/day,highly variable weekly demand (CV 1.16)
BR005,MED413,Budesonide Inhaler 200mcg (BlueCrest Pharma),Respiratory,11,0.708,1.53,3.833,3.006,0.1429,0.1429,77.0,25.62,0,0,0,0.0,1.523,LOW,LOW,0.0,77.0 days of cover: 11 units in stock at expected demand of 0.14 units/day,highly variable weekly demand (CV 1.52)
BR005,MED414,Budesonide Inhaler 200mcg (VitaCure Remedies),Respiratory,18,1.109,2.401,6.248,4.557,0.1786,0.1786,100.8,27.65,0,0,0,0.0,1.058,LOW,LOW,0.0,100.8 days of cover: 18 units in stock at expected demand of 0.18 units/day,highly variable weekly demand (CV 1.06)
BR005,MED415,Budesonide Inhaler 100mcg,Respiratory,9,1.11,2.394,5.594,4.558,0.2143,0.2143,42.0,13.82,0,0,4,0.01781,0.746,LOW,LOW,0.0,42.0 days of cover: 9 units in stock at expected demand of 0.21 units/day,
BR005,MED417,Dextromethorphan Syrup 100ml (LifeSpring Pharma),Respiratory,16,1.053,2.25,5.136,4.502,0.1786,0.1786,89.6,24.88,0,0,0,0.0,1.111,LOW,LOW,0.0,89.6 days of cover: 16 units in stock at expected demand of 0.18 units/day,highly variable weekly demand (CV 1.11)
BR005,MED418,Dextromethorphan Syrup 100ml (Summit Lifesciences),Respiratory,24,1.028,1.838,4.187,3.327,0.0714,0.1469,163.42,50.5,0,0,1,0.00137,1.108,LOW,LOW,0.0,163.4 days of cover: 24 units in stock at expected demand of 0.15 units/day,highly variable weekly demand (CV 1.11)
BR005,MED419,Dextromethorphan Syrup 100ml (TrueLife Remedies),Respiratory,10,0.809,1.9,4.467,3.107,0.1429,0.1429,70.0,22.53,0,0,2,0.01233,1.002,LOW,LOW,0.0,70.0 days of cover: 10 units in stock at expected demand of 0.14 units/day,highly variable weekly demand (CV 1.00)
BR005,MED420,Montelukast 10mg (CureLine Healthcare),Respiratory,15,3.634,7.005,15.735,9.127,0.6786,0.6786,22.11,11.5,2,2,2,0.00411,0.574,LOW,LOW,0.0,22.1 days of cover: 15 units in stock at expected demand of 0.68 units/day,
BR005,MED421,Montelukast 10mg (LifeSpring Pharma),Respiratory,18,1.446,3.087,7.665,4.894,0.25,0.25,72.0,25.75,0,0,2,0.00548,0.806,LOW,LOW,0.0,72.0 days of cover: 18 units in stock at expected demand of 0.25 units/day,
BR005,MED422,Montelukast 10mg (NovaMed Laboratories),Respiratory,11,0.647,1.458,3.571,2.293,0.0714,0.0924,119.01,33.58,0,0,2,0.00548,1.277,LOW,LOW,0.0,119.0 days of cover: 11 units in stock at expected demand of 0.09 units/day,highly variable weekly demand (CV 1.28)
BR005,MED423,Montelukast 10mg (Summit Lifesciences),Respiratory,6,0.591,1.29,2.695,2.237,0.1071,0.1071,56.0,18.78,0,0,0,0.0,1.507,LOW,LOW,0.0,56.0 days of cover: 6 units in stock at expected demand of 0.11 units/day,highly variable weekly demand (CV 1.51)
BR005,MED424,Montelukast 10mg (TrueLife Remedies),Respiratory,11,1.788,3.83,8.487,5.237,0.3929,0.3929,28.0,14.7,0,0,0,0.0,1.061,LOW,LOW,0.0,28.0 days of cover: 11 units in stock at expected demand of 0.39 units/day,highly variable weekly demand (CV 1.06)
BR005,MED425,Montelukast 5mg,Respiratory,20,0.601,1.223,3.265,2.247,0.0357,0.0859,232.95,62.31,0,0,0,0.0,1.265,LOW,LOW,0.0,232.9 days of cover: 20 units in stock at expected demand of 0.09 units/day,highly variable weekly demand (CV 1.26)
BR005,MED426,Montelukast 5mg (CarePlus Laboratories),Respiratory,3,0.458,0.863,2.169,2.104,0.1429,0.1429,21.0,9.98,0,0,0,0.0,1.661,LOW,LOW,0.0,21.0 days of cover: 3 units in stock at expected demand of 0.14 units/day,highly variable weekly demand (CV 1.66)
BR005,MED428,Montelukast 5mg (Summit Lifesciences),Respiratory,13,0.992,2.323,5.486,3.29,0.1786,0.1786,72.8,27.66,0,2,1,0.00274,1.166,LOW,LOW,0.0,72.8 days of cover: 13 units in stock at expected demand of 0.18 units/day,highly variable weekly demand (CV 1.17)
BR005,MED430,Salbutamol Inhaler 100mcg (Aarogya Formulations),Respiratory,8,0.427,0.844,1.99,2.074,0.0,0.061,131.15,27.0,0,0,0,0.0,2.208,LOW,LOW,0.0,131.1 days of cover: 8 units in stock at expected demand of 0.06 units/day,highly variable weekly demand (CV 2.21)
BR005,MED431,Salbutamol Inhaler 100mcg (ApexLife Pharma),Respiratory,20,3.578,7.665,16.339,9.072,0.4286,0.5111,39.13,15.43,0,0,8,0.02192,0.573,LOW,LOW,0.0,39.1 days of cover: 20 units in stock at expected demand of 0.51 units/day,
BR005,MED432,Salbutamol Inhaler 100mcg (Stellar Formulations),Respiratory,59,17.937,38.863,82.394,28.256,2.5357,2.5624,23.03,14.62,0,1,5,0.01096,0.312,LOW,LOW,0.0,23.0 days of cover: 59 units in stock at expected demand of 2.56 units/day,
BR005,MED433,Salbutamol Inhaler 100mcg (Summit Lifesciences),Respiratory,5,0.787,1.931,4.605,3.085,0.25,0.25,20.0,11.35,0,0,0,0.0,1.009,LOW,LOW,0.0,20.0 days of cover: 5 units in stock at expected demand of 0.25 units/day,highly variable weekly demand (CV 1.01)
BR005,MED434,Salbutamol Inhaler 100mcg (TrueLife Remedies),Respiratory,11,0.626,1.471,3.245,2.273,0.1071,0.1071,102.67,33.88,0,0,0,0.0,1.813,LOW,LOW,0.0,102.7 days of cover: 11 units in stock at expected demand of 0.11 units/day,highly variable weekly demand (CV 1.81)
BR005,MED435,Salbutamol Inhaler 100mcg (VitaCure Remedies),Respiratory,13,0.991,2.209,5.713,3.289,0.1786,0.1786,72.8,27.67,0,0,0,0.0,1.001,LOW,LOW,0.0,72.8 days of cover: 13 units in stock at expected demand of 0.18 units/day,highly variable weekly demand (CV 1.00)
BR005,MED436,Salbutamol Inhaler 200mcg,Respiratory,13,2.688,5.718,12.43,8.182,0.3929,0.3929,33.09,11.12,0,2,2,0.00959,0.73,LOW,LOW,0.0,33.1 days of cover: 13 units in stock at expected demand of 0.39 units/day,
BR005,MED437,Salbutamol Inhaler 200mcg (BlueCrest Pharma),Respiratory,14,0.685,1.647,4.208,2.983,0.1071,0.1071,130.67,32.85,0,0,0,0.0,1.133,LOW,LOW,0.0,130.7 days of cover: 14 units in stock at expected demand of 0.11 units/day,highly variable weekly demand (CV 1.13)
BR005,MED438,Salbutamol Inhaler 200mcg (CarePlus Laboratories),Respiratory,11,0.424,0.915,1.992,2.071,0.0,0.0606,181.6,37.18,0,0,0,0.0,2.229,LOW,LOW,0.0,181.6 days of cover: 11 units in stock at expected demand of 0.06 units/day,highly variable weekly demand (CV 2.23)
BR005,MED439,Salbutamol Inhaler 200mcg (HealthAxis Pharma),Respiratory,9,1.923,4.036,8.932,5.371,0.3214,0.3214,28.0,11.73,0,0,1,0.00685,0.935,LOW,LOW,0.0,28.0 days of cover: 9 units in stock at expected demand of 0.32 units/day,
BR005,MED440,Salbutamol Inhaler 200mcg (Stellar Formulations),Respiratory,13,1.752,4.205,9.168,5.2,0.3929,0.3929,33.09,17.5,0,0,0,0.0,0.72,LOW,LOW,0.0,33.1 days of cover: 13 units in stock at expected demand of 0.39 units/day,
BR005,MED441,Salbutamol Inhaler 200mcg (Summit Lifesciences),Respiratory,10,0.459,1.075,2.431,2.105,0.0357,0.0656,152.51,33.25,0,0,0,0.0,1.779,LOW,LOW,0.0,152.5 days of cover: 10 units in stock at expected demand of 0.07 units/day,highly variable weekly demand (CV 1.78)
BR005,MED442,Calcium + Vitamin D3 500mg/250IU (Aarogya Formulations),Vitamins,10,0.886,1.981,4.668,3.185,0.1429,0.1429,70.0,21.98,0,0,0,0.0,1.106,LOW,LOW,0.0,70.0 days of cover: 10 units in stock at expected demand of 0.14 units/day,highly variable weekly demand (CV 1.11)
BR005,MED443,Calcium + Vitamin D3 500mg/250IU (ApexLife Pharma),Vitamins,26,6.367,13.861,30.068,16.686,0.8929,0.9096,28.58,10.91,0,0,6,0.02466,0.461,LOW,LOW,0.0,28.6 days of cover: 26 units in stock at expected demand of 0.91 units/day,
BR005,MED444,Calcium + Vitamin D3 500mg/250IU (CureLine Healthcare),Vitamins,25,7.269,15.005,33.688,17.588,0.9643,1.0384,24.07,9.95,0,0,1,0.00274,0.791,LOW,LOW,0.0,24.1 days of cover: 25 units in stock at expected demand of 1.04 units/day,
BR005,MED446,Calcium + Vitamin D3 500mg/250IU (LifeSpring Pharma),Vitamins,45,9.729,21.014,45.641,20.048,1.5,1.5,30.0,15.71,0,0,2,0.01781,0.497,LOW,LOW,0.0,30.0 days of cover: 45 units in stock at expected demand of 1.50 units/day,
BR005,MED447,Calcium + Vitamin D3 500mg/250IU (Summit Lifesciences),Vitamins,11,2.732,5.936,13.283,8.226,0.5,0.5,22.0,9.36,0,0,1,0.00274,0.655,LOW,LOW,0.0,22.0 days of cover: 11 units in stock at expected demand of 0.50 units/day,
BR005,MED450,Iron + Folic Acid 100mg/500mcg (CarePlus Laboratories),Vitamins,15,1.597,3.699,7.709,5.045,0.3571,0.3571,42.0,20.81,0,0,0,0.0,0.885,LOW,LOW,0.0,42.0 days of cover: 15 units in stock at expected demand of 0.36 units/day,
BR005,MED451,Iron + Folic Acid 100mg/500mcg (CureLine Healthcare),Vitamins,24,0.951,2.067,5.042,3.249,0.1071,0.1359,176.66,51.71,0,0,0,0.0,1.311,LOW,LOW,0.0,176.7 days of cover: 24 units in stock at expected demand of 0.14 units/day,highly variable weekly demand (CV 1.31)
BR005,MED452,Iron + Folic Acid 100mg/500mcg (HealthAxis Pharma),Vitamins,13,1.139,2.456,5.019,4.587,0.2143,0.2143,60.67,19.84,0,0,1,0.00274,1.302,LOW,LOW,0.0,60.7 days of cover: 13 units in stock at expected demand of 0.21 units/day,highly variable weekly demand (CV 1.30)
BR005,MED453,Iron + Folic Acid 100mg/500mcg (LifeSpring Pharma),Vitamins,32,1.075,2.374,6.001,4.524,0.1071,0.1536,208.37,49.51,0,0,1,0.00137,1.072,LOW,LOW,0.0,208.4 days of cover: 32 units in stock at expected demand of 0.15 units/day,highly variable weekly demand (CV 1.07)
BR005,MED455,Iron + Folic Acid 100mg/500mcg (Summit Lifesciences),Vitamins,16,0.522,1.037,2.53,2.168,0.0,0.0746,214.56,51.66,0,0,0,0.0,1.306,LOW,LOW,0.0,214.6 days of cover: 16 units in stock at expected demand of 0.07 units/day,highly variable weekly demand (CV 1.31)
BR005,MED456,Iron + Folic Acid 100mg/500mcg (VitaCure Remedies),Vitamins,11,2.98,5.96,13.814,8.474,0.6429,0.6429,17.11,9.09,2,2,2,0.0137,0.749,LOW,LOW,0.0,17.1 days of cover: 11 units in stock at expected demand of 0.64 units/day,
BR005,MED458,Multivitamin B-complex+C (HealthAxis Pharma),Vitamins,17,1.272,2.725,6.916,4.721,0.2143,0.2143,79.33,25.21,0,0,1,0.00548,1.29,LOW,LOW,0.0,79.3 days of cover: 17 units in stock at expected demand of 0.21 units/day,highly variable weekly demand (CV 1.29)
BR005,MED462,Vitamin C Chewable 500mg (ApexLife Pharma),Vitamins,9,2.885,6.204,14.594,8.379,0.5357,0.5357,16.8,7.52,0,0,3,0.00685,0.718,LOW,LOW,0.0,16.8 days of cover: 9 units in stock at expected demand of 0.54 units/day,
BR005,MED464,Vitamin C Chewable 500mg (TrueLife Remedies),Vitamins,8,0.878,1.952,4.605,3.177,0.1786,0.1786,44.8,17.63,0,0,0,0.0,1.294,LOW,LOW,0.0,44.8 days of cover: 8 units in stock at expected demand of 0.18 units/day,highly variable weekly demand (CV 1.29)
BR005,MED465,Vitamin C Chewable 1000mg,Vitamins,27,5.994,12.998,27.241,11.488,0.6786,0.8563,31.53,16.45,0,0,2,0.00685,0.55,LOW,LOW,0.0,31.5 days of cover: 27 units in stock at expected demand of 0.86 units/day,
BR005,MED467,Vitamin C Chewable 1000mg (BlueCrest Pharma),Vitamins,11,1.738,3.972,8.684,5.186,0.4643,0.4643,23.69,14.85,0,0,0,0.0,0.645,LOW,LOW,0.0,23.7 days of cover: 11 units in stock at expected demand of 0.46 units/day,
BR005,MED469,Vitamin C Chewable 1000mg (CureLine Healthcare),Vitamins,25,1.49,3.023,7.376,4.938,0.25,0.25,100.0,35.44,0,0,1,0.00685,1.323,LOW,LOW,0.0,100.0 days of cover: 25 units in stock at expected demand of 0.25 units/day,highly variable weekly demand (CV 1.32)
BR005,MED471,Vitamin C Chewable 1000mg (Summit Lifesciences),Vitamins,16,2.478,5.441,12.45,7.971,0.3571,0.3571,44.8,14.05,0,0,3,0.00959,0.967,LOW,LOW,0.0,44.8 days of cover: 16 units in stock at expected demand of 0.36 units/day,
BR005,MED472,Vitamin C Chewable 1000mg (TrueLife Remedies),Vitamins,19,1.173,2.576,6.515,4.621,0.1429,0.1676,113.38,28.78,0,0,1,0.00822,1.661,LOW,LOW,0.0,113.4 days of cover: 19 units in stock at expected demand of 0.17 units/day,highly variable weekly demand (CV 1.66)
BR005,MED473,Vitamin C Chewable 1000mg (VitaCure Remedies),Vitamins,19,5.458,10.73,25.693,10.952,0.8571,0.8571,22.17,12.14,0,1,1,0.00137,0.895,LOW,LOW,0.0,22.2 days of cover: 19 units in stock at expected demand of 0.86 units/day,
BR005,MED474,Vitamin D3 60000IU (TrueLife Remedies),Vitamins,25,0.925,1.987,5.672,3.223,0.1429,0.1429,175.0,54.3,0,0,0,0.0,1.72,LOW,LOW,0.0,175.0 days of cover: 25 units in stock at expected demand of 0.14 units/day,highly variable weekly demand (CV 1.72)
BR005,MED475,Vitamin D3 60000IU (VitaCure Remedies),Vitamins,15,3.03,6.162,13.048,8.523,0.4286,0.4329,34.65,12.32,0,0,1,0.00685,0.958,LOW,LOW,0.0,34.7 days of cover: 15 units in stock at expected demand of 0.43 units/day,
BR005,MED476,Vitamin D3 1000IU,Vitamins,17,3.105,6.136,13.353,8.599,0.4643,0.4643,36.62,13.84,0,3,8,0.02055,0.755,LOW,LOW,0.0,36.6 days of cover: 17 units in stock at expected demand of 0.46 units/day,
BR005,MED477,Vitamin D3 1000IU (Summit Lifesciences),Vitamins,10,1.848,4.356,9.554,5.297,0.5,0.5,20.0,13.22,0,1,1,0.00137,1.655,LOW,LOW,0.0,20.0 days of cover: 10 units in stock at expected demand of 0.50 units/day,highly variable weekly demand (CV 1.66)
BR005,MED478,Calamine Lotion 100ml (CureLine Healthcare),Dermatological,10,0.687,1.426,3.262,2.985,0.0714,0.0981,101.89,23.45,0,0,1,0.00685,1.143,LOW,LOW,0.0,101.9 days of cover: 10 units in stock at expected demand of 0.10 units/day,highly variable weekly demand (CV 1.14)
BR005,MED479,Calamine Lotion 100ml (LifeSpring Pharma),Dermatological,9,0.684,1.404,3.111,2.983,0.0714,0.0977,92.11,21.12,0,0,2,0.00685,1.527,LOW,LOW,0.0,92.1 days of cover: 9 units in stock at expected demand of 0.10 units/day,highly variable weekly demand (CV 1.53)
BR005,MED481,Calamine Lotion 100ml (TrueLife Remedies),Dermatological,22,0.811,1.478,3.726,3.109,0.0357,0.1159,189.89,49.53,0,0,2,0.00822,1.102,LOW,LOW,0.0,189.9 days of cover: 22 units in stock at expected demand of 0.12 units/day,highly variable weekly demand (CV 1.10)
BR005,MED482,Clotrimazole Cream 1% (ApexLife Pharma),Dermatological,11,1.323,2.726,6.182,4.772,0.2857,0.2857,38.5,16.14,0,0,0,0.0,0.628,LOW,LOW,0.0,38.5 days of cover: 11 units in stock at expected demand of 0.29 units/day,
BR005,MED483,Clotrimazole Cream 1% (CureLine Healthcare),Dermatological,10,3.277,6.483,14.853,8.771,0.6071,0.6071,16.47,7.98,2,2,7,0.02055,0.597,LOW,LOW,0.0,16.5 days of cover: 10 units in stock at expected demand of 0.61 units/day,
BR005,MED484,Clotrimazole Cream 2%,Dermatological,10,1.171,2.338,5.453,4.619,0.2143,0.2143,46.67,15.15,0,0,4,0.01096,0.689,LOW,LOW,0.0,46.7 days of cover: 10 units in stock at expected demand of 0.21 units/day,
BR005,MED485,Clotrimazole Cream 2% (Stellar Formulations),Dermatological,13,0.442,0.956,1.912,2.088,0.0357,0.0631,205.88,43.58,0,0,0,0.0,1.521,LOW,LOW,0.0,205.9 days of cover: 13 units in stock at expected demand of 0.06 units/day,highly variable weekly demand (CV 1.52)
BR005,MED486,Clotrimazole Cream 2% (TrueLife Remedies),Dermatological,13,0.514,1.097,2.51,2.16,0.0714,0.0734,177.04,42.13,0,0,0,0.0,1.313,LOW,LOW,0.0,177.0 days of cover: 13 units in stock at expected demand of 0.07 units/day,highly variable weekly demand (CV 1.31)
BR005,MED488,Fusidic Acid Cream 2% (BlueCrest Pharma),Dermatological,3,0.482,1.013,2.42,2.129,0.1429,0.1429,21.0,9.86,0,0,1,0.00959,0.783,LOW,LOW,0.0,21.0 days of cover: 3 units in stock at expected demand of 0.14 units/day,
BR005,MED489,Fusidic Acid Cream 2% (VitaCure Remedies),Dermatological,19,0.427,0.679,1.655,2.073,0.0,0.061,311.48,64.16,0,0,0,0.0,2.229,LOW,LOW,0.0,311.5 days of cover: 19 units in stock at expected demand of 0.06 units/day,highly variable weekly demand (CV 2.23)
BR005,MED492,Hydrocortisone Cream 1% (Summit Lifesciences),Dermatological,10,0.396,0.872,1.804,2.043,0.0357,0.0566,176.77,34.26,0,0,0,0.0,1.53,LOW,LOW,0.0,176.8 days of cover: 10 units in stock at expected demand of 0.06 units/day,highly variable weekly demand (CV 1.53)
BR005,MED493,Ketoconazole Shampoo 2% (Aarogya Formulations),Dermatological,12,0.951,2.043,4.466,3.249,0.1429,0.1429,84.0,25.85,0,0,1,0.00959,0.892,LOW,LOW,0.0,84.0 days of cover: 12 units in stock at expected demand of 0.14 units/day,
BR005,MED494,Ketoconazole Shampoo 2% (LifeSpring Pharma),Dermatological,9,1.041,2.245,4.711,3.339,0.2143,0.2143,42.0,18.87,0,0,0,0.0,0.888,LOW,LOW,0.0,42.0 days of cover: 9 units in stock at expected demand of 0.21 units/day,
BR005,MED495,Ketoconazole Shampoo 2% (VitaCure Remedies),Dermatological,8,1.047,2.055,4.082,4.496,0.2143,0.2143,37.33,12.46,2,2,1,0.00274,0.907,LOW,LOW,0.0,37.3 days of cover: 8 units in stock at expected demand of 0.21 units/day,
BR005,MED496,Mupirocin Ointment 2% (ApexLife Pharma),Dermatological,13,1.716,3.309,7.552,5.164,0.3214,0.3214,40.44,17.62,0,1,2,0.00411,0.756,LOW,LOW,0.0,40.4 days of cover: 13 units in stock at expected demand of 0.32 units/day,
BR005,MED498,Mupirocin Ointment 2% (NovaMed Laboratories),Dermatological,28,0.744,1.457,2.783,3.043,0.0,0.1063,263.44,64.41,0,0,0,0.0,1.817,LOW,LOW,0.0,263.4 days of cover: 28 units in stock at expected demand of 0.11 units/day,highly variable weekly demand (CV 1.82)
BR005,MED499,Mupirocin Ointment 2% (Summit Lifesciences),Dermatological,14,0.57,1.211,2.806,2.217,0.0714,0.0814,171.93,44.2,0,0,0,0.0,1.157,LOW,LOW,0.0,171.9 days of cover: 14 units in stock at expected demand of 0.08 units/day,highly variable weekly demand (CV 1.16)
BR005,MED500,Mupirocin Ointment 2% (VitaCure Remedies),Dermatological,11,0.557,1.069,2.375,2.203,0.0357,0.0796,138.24,34.95,0,0,1,0.00274,1.82,LOW,LOW,0.0,138.2 days of cover: 11 units in stock at expected demand of 0.08 units/day,highly variable weekly demand (CV 1.82)
