GRN Date,Store,Item Code,Batch No,Expiry,Supplier,Qty Received,Cost Price
2025-06-01,BR001,MED001,BAT006807,2028-04-18,Apex Pharma Wholesale,30,19.3
2025-06-01,BR001,MED002,BAT001894,2027-11-21,Dadar Wholesale Drugs,1,29.52
2025-06-01,BR001,MED002,BAT004827,2027-09-26,Dadar Wholesale Drugs,1,28.66
2025-06-01,BR001,MED002,BAT007245,2027-10-08,Dadar Wholesale Drugs,16,30.82
2025-06-01,BR001,MED003,BAT007153,2027-02-02,Bhiwandi Drug Depot,13,72.74
2025-06-01,BR001,MED003,BAT006041,2027-03-31,Goregaon Medi Wholesale,4,72.49
2025-06-01,BR001,MED004,BAT005948,2027-02-12,Chembur Pharma Depot,3,95.66
2025-06-01,BR001,MED005,BAT006801,2028-04-06,Mira Road Drug House,27,21.79
2025-06-01,BR001,MED006,BAT005520,2025-09-18,Lifeline Medico Distributors,7,35.53
2025-06-01,BR001,MED006,BAT003724,2026-01-23,Malad Healthcare Supply,4,35.13
2025-06-01,BR001,MED006,BAT006194,2025-10-04,Malad Healthcare Supply,5,37.68
2025-06-01,BR001,MED007,BAT006581,2028-03-30,Lifeline Medico Distributors,19,14.39
2025-06-01,BR001,MED008,BAT007223,2028-01-31,Om Sai Medicorp,7,151.15
2025-06-01,BR001,MED008,BAT003752,2028-01-31,Vashi Pharma Hub,10,132.55
2025-06-01,BR001,MED009,BAT005394,2027-04-02,Arihant Pharma Traders,15,53.92
2025-06-01,BR001,MED009,BAT006348,2027-02-26,Arihant Pharma Traders,6,64.49
2025-06-01,BR001,MED009,BAT007315,2026-10-11,Arihant Pharma Traders,66,67.07
2025-06-01,BR001,MED010,BAT005554,2028-03-14,Sai Pharma Distributors,11,37.79
2025-06-01,BR001,MED010,BAT006356,2028-01-09,Sai Pharma Distributors,1,37.91
2025-06-01,BR001,MED010,BAT007328,2027-12-20,Sai Pharma Distributors,5,38.91
2025-06-01,BR001,MED011,BAT005988,2028-04-07,Siddhivinayak Drug Agency,14,26.23
2025-06-01,BR001,MED011,BAT007026,2027-12-13,Siddhivinayak Drug Agency,102,25.05
2025-06-01,BR001,MED012,BAT006970,2027-03-20,Sahyadri Pharma Distributors,124,70.85
2025-06-01,BR001,MED013,BAT007375,2028-04-11,Ulhasnagar Drug Centre,60,25.08
2025-06-01,BR001,MED014,BAT004253,2028-01-24,Jai Hind Medical Agencies,18,99.49
2025-06-01,BR001,MED014,BAT006731,2025-09-09,Jai Hind Medical Agencies,17,111.42
2025-06-01,BR001,MED015,BAT000719,2026-06-08,Kalyan Medical Stores,12,84.49
2025-06-01,BR001,MED015,BAT004364,2026-05-05,Jai Hind Medical Agencies,1,91.99
2025-06-01,BR001,MED015,BAT006942,2025-11-26,Jai Hind Medical Agencies,21,81.69
2025-06-01,BR001,MED016,BAT000016,2026-05-13,Vashi Pharma Hub,2,116.98
2025-06-01,BR001,MED016,BAT002213,2026-03-04,Vashi Pharma Hub,3,132.52
2025-06-01,BR001,MED016,BAT006875,2026-09-22,Ulhasnagar Drug Centre,8,126.73
2025-06-01,BR001,MED017,BAT007341,2027-04-07,Ulhasnagar Drug Centre,46,22.89
2025-06-01,BR001,MED017,BAT005193,2027-03-26,Mira Road Drug House,4,20.12
2025-06-01,BR001,MED018,BAT002188,2026-05-29,Thane Medico Traders,6,116.54
2025-06-01,BR001,MED018,BAT006042,2026-09-22,Vasai Virar Medico,6,106.61
2025-06-01,BR001,MED018,BAT006895,2026-10-23,Vasai Virar Medico,6,113.19
2025-06-01,BR001,MED019,BAT006813,2026-08-18,Mira Road Drug House,13,54.14
2025-06-01,BR001,MED020,BAT002140,2026-04-23,Apex Pharma Wholesale,11,96.7
2025-06-01,BR001,MED020,BAT007316,2026-09-13,Apex Pharma Wholesale,5,110.59
2025-06-01,BR001,MED021,BAT001247,2028-01-09,Dadar Wholesale Drugs,2,26.72
2025-06-01,BR001,MED021,BAT004373,2027-12-04,Dadar Wholesale Drugs,3,22.57
2025-06-01,BR001,MED021,BAT006077,2025-09-12,Dadar Wholesale Drugs,2,23.2
2025-06-01,BR001,MED021,BAT006671,2027-12-29,Dadar Wholesale Drugs,1,24.49
2025-06-01,BR001,MED022,BAT004562,2027-03-12,Sahyadri Pharma Distributors,2,56.05
2025-06-01,BR001,MED022,BAT006509,2027-03-22,Sahyadri Pharma Distributors,2,48.69
2025-06-01,BR001,MED022,BAT006743,2027-02-03,Sahyadri Pharma Distributors,5,51.08
2025-06-01,BR001,MED022,BAT007037,2027-04-06,Sahyadri Pharma Distributors,2,56.77
2025-06-01,BR001,MED022,BAT004485,2027-02-04,Apex Pharma Wholesale,2,49.91
2025-06-01,BR001,MED023,BAT006759,2028-04-09,Bhiwandi Drug Depot,12,60.18
2025-06-01,BR001,MED024,BAT004986,2027-01-04,Bhiwandi Drug Depot,2,75.23
2025-06-01,BR001,MED024,BAT006318,2026-11-20,Bhiwandi Drug Depot,3,90.04
2025-06-01,BR001,MED024,BAT007392,2027-01-10,Om Sai Medicorp,27,79.54
2025-06-01,BR001,MED025,BAT004964,2028-03-14,Siddhivinayak Drug Agency,1,41.93
2025-06-01,BR001,MED025,BAT006196,2028-02-22,Siddhivinayak Drug Agency,2,47.43
2025-06-01,BR001,MED025,BAT006665,2028-04-02,Siddhivinayak Drug Agency,1,47.45
2025-06-01,BR001,MED025,BAT007095,2028-04-10,Siddhivinayak Drug Agency,2,47.34
2025-06-01,BR001,MED026,BAT001427,2026-11-29,Goregaon Medi Wholesale,4,51.24
2025-06-01,BR001,MED026,BAT003437,2025-06-24,Goregaon Medi Wholesale,7,53.84
2025-06-01,BR001,MED026,BAT004426,2026-12-10,Goregaon Medi Wholesale,6,57.22
2025-06-01,BR001,MED026,BAT007038,2025-11-27,Goregaon Medi Wholesale,6,56.29
2025-06-01,BR001,MED028,BAT006419,2028-04-23,Malad Healthcare Supply,4,36.03
2025-06-01,BR001,MED029,BAT003481,2026-08-27,Ulhasnagar Drug Centre,2,25.88
2025-06-01,BR001,MED029,BAT005420,2026-07-30,Ulhasnagar Drug Centre,11,29.88
2025-06-01,BR001,MED029,BAT006233,2026-05-22,Ulhasnagar Drug Centre,3,29.55
2025-06-01,BR001,MED030,BAT006672,2028-01-17,Malad Healthcare Supply,15,49.11
2025-06-01,BR001,MED031,BAT007380,2026-10-28,Western Drugs & Surgicals,34,137.37
2025-06-01,BR001,MED032,BAT002861,2025-06-26,Kalyan Medical Stores,4,9.36
2025-06-01,BR001,MED032,BAT005421,2025-09-11,Kalyan Medical Stores,7,9.07
2025-06-01,BR001,MED033,BAT006420,2027-04-14,Pioneer Healthcare Distributors,32,37.77
2025-06-01,BR001,MED033,BAT007003,2027-03-09,Pioneer Healthcare Distributors,48,43.75
2025-06-01,BR001,MED034,BAT007075,2027-12-30,Western Drugs & Surgicals,60,38.5
2025-06-01,BR001,MED034,BAT005950,2028-02-21,Dadar Wholesale Drugs,9,33.6
2025-06-01,BR001,MED035,BAT006510,2026-03-29,Vasai Virar Medico,7,15.23
2025-06-01,BR001,MED036,BAT003408,2027-10-21,Konkan Healthcare Traders,4,23.49
2025-06-01,BR001,MED036,BAT006498,2027-12-09,Konkan Healthcare Traders,7,21.78
2025-06-01,BR001,MED037,BAT004936,2028-03-04,Pioneer Healthcare Distributors,30,92.8
2025-06-01,BR001,MED037,BAT006721,2027-11-29,Pioneer Healthcare Distributors,47,96.13
2025-06-01,BR001,MED038,BAT003196,2027-12-24,Arihant Pharma Traders,1,67.57
2025-06-01,BR001,MED038,BAT003801,2027-12-18,Arihant Pharma Traders,6,66.99
2025-06-01,BR001,MED038,BAT004277,2028-02-25,Arihant Pharma Traders,1,61.23
2025-06-01,BR001,MED038,BAT004882,2028-02-20,Neelkanth Pharma Link,1,59.14
2025-06-01,BR001,MED038,BAT005944,2028-03-07,Neelkanth Pharma Link,1,62.92
2025-06-01,BR001,MED038,BAT006986,2028-05-10,Neelkanth Pharma Link,1,63.63
2025-06-01,BR001,MED039,BAT007096,2028-02-08,Konkan Healthcare Traders,43,47.57
2025-06-01,BR001,MED040,BAT006390,2027-01-03,Pioneer Healthcare Distributors,5,133.78
2025-06-01,BR001,MED043,BAT006746,2026-12-01,Shree Ganesh Medico,11,120.35
2025-06-01,BR001,MED043,BAT005329,2027-03-25,Vashi Pharma Hub,21,113.82
2025-06-01,BR001,MED044,BAT000044,2027-05-06,Jai Hind Medical Agencies,1,278.26
2025-06-01,BR001,MED044,BAT001672,2027-07-17,Jai Hind Medical Agencies,5,274.09
2025-06-01,BR001,MED044,BAT003852,2027-08-23,Jai Hind Medical Agencies,5,308.13
2025-06-01,BR001,MED044,BAT007106,2025-08-04,Jai Hind Medical Agencies,6,268.3
2025-06-01,BR001,MED055,BAT000650,2027-12-26,Mira Road Drug House,3,140.29
2025-06-01,BR001,MED055,BAT006947,2025-07-10,Mira Road Drug House,5,134.4
2025-06-01,BR001,MED063,BAT005744,2027-12-31,Konkan Healthcare Traders,6,31.82
2025-06-01,BR001,MED063,BAT006454,2025-08-21,Konkan Healthcare Traders,3,28.76
2025-06-01,BR001,MED063,BAT007382,2025-11-25,Lifeline Medico Distributors,1,30.66
2025-06-01,BR001,MED067,BAT000067,2027-09-27,Sai Pharma Distributors,2,24.55
2025-06-01,BR001,MED067,BAT004207,2027-09-20,Sai Pharma Distributors,2,22.83
2025-06-01,BR001,MED069,BAT006915,2028-04-06,Dadar Wholesale Drugs,17,22.22
2025-06-01,BR001,MED071,BAT000574,2027-10-26,Goregaon Medi Wholesale,1,22.69
2025-06-01,BR001,MED071,BAT001674,2027-07-31,Goregaon Medi Wholesale,1,25.71
2025-06-01,BR001,MED071,BAT007224,2028-05-14,Goregaon Medi Wholesale,7,21.99
2025-06-01,BR001,MED071,BAT003985,2027-09-28,Sahyadri Pharma Distributors,6,23.96
2025-06-01,BR001,MED072,BAT002227,2028-01-31,Konkan Healthcare Traders,5,25.7
2025-06-01,BR001,MED072,BAT006408,2028-03-02,Konkan Healthcare Traders,6,25.96
2025-06-01,BR001,MED073,BAT006943,2028-04-08,Sahyadri Pharma Distributors,22,30.49
2025-06-01,BR001,MED082,BAT007361,2028-03-23,Om Sai Medicorp,39,60.48
2025-06-01,BR001,MED082,BAT001960,2028-01-15,Bhiwandi Drug Depot,11,58.12
2025-06-01,BR001,MED082,BAT006433,2027-11-20,Bhiwandi Drug Depot,4,59.06
2025-06-01,BR001,MED091,BAT005999,2028-04-17,Goregaon Medi Wholesale,8,18.45
2025-06-01,BR001,MED091,BAT006879,2028-01-16,Goregaon Medi Wholesale,16,19.64
2025-06-01,BR001,MED092,BAT003396,2028-01-09,Bhiwandi Drug Depot,6,17.85
2025-06-01,BR001,MED092,BAT001159,2027-12-24,Apex Pharma Wholesale,3,18.21
2025-06-01,BR001,MED092,BAT006198,2027-12-14,Apex Pharma Wholesale,3,21.33
2025-06-01,BR001,MED093,BAT002822,2027-09-25,Bhiwandi Drug Depot,7,21.44
2025-06-01,BR001,MED093,BAT005634,2027-10-03,Bhiwandi Drug Depot,7,24.7
2025-06-01,BR001,MED097,BAT003412,2027-02-04,Bhiwandi Drug Depot,4,97.23
2025-06-01,BR001,MED097,BAT006544,2026-10-17,Chembur Pharma Depot,14,88.77
2025-06-01,BR001,MED098,BAT006377,2027-03-30,Bhiwandi Drug Depot,5,88.46
2025-06-01,BR001,MED098,BAT007078,2026-10-08,Bhiwandi Drug Depot,11,91.98
2025-06-01,BR001,MED100,BAT000537,2026-06-12,Om Sai Medicorp,3,92.42
2025-06-01,BR001,MED100,BAT005057,2025-06-11,Om Sai Medicorp,1,80.34
2025-06-01,BR001,MED100,BAT000100,2026-10-27,Kalyan Medical Stores,2,91.26
2025-06-01,BR001,MED101,BAT002992,2026-11-07,Om Sai Medicorp,5,176.78
2025-06-01,BR001,MED101,BAT006714,2027-04-05,Goregaon Medi Wholesale,7,152.61
2025-06-01,BR001,MED103,BAT004404,2027-03-10,Om Sai Medicorp,6,138.58
2025-06-01,BR001,MED103,BAT005396,2025-07-23,Om Sai Medicorp,3,126.12
2025-06-01,BR001,MED103,BAT001852,2026-10-07,Bhiwandi Drug Depot,2,128.75
2025-06-01,BR001,MED103,BAT006675,2027-04-26,Bhiwandi Drug Depot,6,145.53
2025-06-01,BR001,MED106,BAT006516,2025-10-02,Sai Pharma Distributors,5,166.17
2025-06-01,BR001,MED106,BAT006982,2026-10-14,Sai Pharma Distributors,1,156.44
2025-06-01,BR001,MED106,BAT003246,2027-02-15,Deccan Drug House,1,179.12
2025-06-01,BR001,MED106,BAT005021,2027-03-30,Deccan Drug House,1,160.63
2025-06-01,BR001,MED115,BAT004588,2026-11-12,Sai Pharma Distributors,5,125.78
2025-06-01,BR001,MED115,BAT006647,2026-10-08,Sai Pharma Distributors,25,116.71
2025-06-01,BR001,MED115,BAT006285,2027-03-22,Siddhivinayak Drug Agency,7,126.37
2025-06-01,BR001,MED120,BAT004663,2027-02-05,Om Sai Medicorp,6,80.12
2025-06-01,BR001,MED120,BAT000120,2026-09-25,Deccan Drug House,1,95.09
2025-06-01,BR001,MED120,BAT007408,2026-11-12,Sai Pharma Distributors,5,78.71
2025-06-01,BR001,MED121,BAT004975,2027-03-03,Sai Pharma Distributors,5,92.11
2025-06-01,BR001,MED121,BAT005965,2026-09-29,Sai Pharma Distributors,7,83.72
2025-06-01,BR001,MED123,BAT003878,2027-02-25,Deccan Drug House,5,72.49
2025-06-01,BR001,MED125,BAT006066,2027-01-05,Sai Pharma Distributors,11,82.95
2025-06-01,BR001,MED130,BAT006435,2028-01-07,Deccan Drug House,6,50.29
2025-06-01,BR001,MED130,BAT005041,2028-01-26,Goregaon Medi Wholesale,4,46.0
2025-06-01,BR001,MED142,BAT006423,2028-01-11,Bombay Medi Supply,10,40.71
2025-06-01,BR001,MED142,BAT007031,2027-11-11,Bombay Medi Supply,17,38.12
2025-06-01,BR001,MED150,BAT006135,2028-02-23,Ulhasnagar Drug Centre,11,21.73
2025-06-01,BR001,MED150,BAT007202,2028-04-26,Ulhasnagar Drug Centre,5,18.12
2025-06-01,BR001,MED152,BAT006666,2025-10-09,Maharashtra Pharma Link,19,32.77
2025-06-01,BR001,MED152,BAT003960,2026-02-21,Lifeline Medico Distributors,1,36.6
2025-06-01,BR001,MED155,BAT006137,2026-02-04,Lifeline Medico Distributors,1,33.73
2025-06-01,BR001,MED155,BAT007185,2025-07-28,Lifeline Medico Distributors,11,35.83
2025-06-01,BR001,MED156,BAT005426,2026-01-22,Shree Ganesh Medico,8,38.37
2025-06-01,BR001,MED156,BAT002571,2026-01-26,Maharashtra Pharma Link,3,37.99
2025-06-01,BR001,MED159,BAT006766,2026-04-12,Ulhasnagar Drug Centre,13,51.25
2025-06-01,BR001,MED161,BAT005473,2025-06-09,Lifeline Medico Distributors,2,44.87
2025-06-01,BR001,MED161,BAT001131,2025-11-26,Chembur Pharma Depot,2,40.62
2025-06-01,BR001,MED161,BAT004227,2025-12-06,Chembur Pharma Depot,7,40.5
2025-06-01,BR001,MED170,BAT002617,2027-10-20,Bhiwandi Drug Depot,4,19.34
2025-06-01,BR001,MED173,BAT005651,2028-02-22,Shree Ganesh Medico,8,17.95
2025-06-01,BR001,MED173,BAT006676,2027-12-20,Maharashtra Pharma Link,20,16.93
2025-06-01,BR001,MED179,BAT005474,2028-03-02,Western Drugs & Surgicals,6,9.86
2025-06-01,BR001,MED179,BAT006437,2028-03-30,Western Drugs & Surgicals,5,9.82
2025-06-01,BR001,MED179,BAT003865,2028-03-06,Maharashtra Pharma Link,6,8.58
2025-06-01,BR001,MED186,BAT005966,2028-03-29,Bhiwandi Drug Depot,14,185.98
2025-06-01,BR001,MED187,BAT000641,2027-12-05,Western Drugs & Surgicals,10,165.34
2025-06-01,BR001,MED187,BAT001580,2027-09-19,Panvel Pharma Supplies,2,153.71
2025-06-01,BR001,MED188,BAT004202,2027-10-24,Western Drugs & Surgicals,4,159.78
2025-06-01,BR001,MED188,BAT005794,2027-12-21,Panvel Pharma Supplies,7,150.38
2025-06-01,BR001,MED196,BAT001255,2027-11-11,Lifeline Medico Distributors,7,58.57
2025-06-01,BR001,MED196,BAT004184,2025-07-13,Mira Road Drug House,2,53.41
2025-06-01,BR001,MED196,BAT007345,2025-11-10,Mira Road Drug House,7,57.23
2025-06-01,BR001,MED204,BAT003498,2027-02-13,Lifeline Medico Distributors,5,117.24
2025-06-01,BR001,MED204,BAT007208,2027-03-30,Lifeline Medico Distributors,6,132.2
2025-06-01,BR001,MED204,BAT000955,2026-07-12,Panvel Pharma Supplies,2,123.1
2025-06-01,BR001,MED204,BAT002271,2025-08-02,Panvel Pharma Supplies,5,131.41
2025-06-01,BR001,MED204,BAT005925,2025-08-13,Panvel Pharma Supplies,6,121.35
2025-06-01,BR001,MED205,BAT006886,2028-04-22,Western Drugs & Surgicals,1,41.12
2025-06-01,BR001,MED205,BAT005397,2028-01-25,Mahalaxmi Pharma Agencies,3,38.18
2025-06-01,BR001,MED205,BAT007108,2027-10-23,Mahalaxmi Pharma Agencies,8,39.16
2025-06-01,BR001,MED205,BAT006621,2028-02-15,Arihant Pharma Traders,1,39.22
2025-06-01,BR001,MED205,BAT007032,2027-11-26,Arihant Pharma Traders,1,37.5
2025-06-01,BR001,MED213,BAT006756,2027-12-29,Konkan Healthcare Traders,10,19.44
2025-06-01,BR001,MED214,BAT003264,2027-01-17,Sai Pharma Distributors,2,35.43
2025-06-01,BR001,MED214,BAT004688,2027-03-01,Vasai Virar Medico,7,33.89
2025-06-01,BR001,MED214,BAT007109,2027-01-22,Vasai Virar Medico,7,39.41
2025-06-01,BR001,MED220,BAT002632,2026-10-02,Arihant Pharma Traders,13,39.69
2025-06-01,BR001,MED220,BAT000220,2026-11-14,Neelkanth Pharma Link,2,40.92
2025-06-01,BR001,MED220,BAT001588,2026-11-12,Neelkanth Pharma Link,3,42.84
2025-06-01,BR001,MED229,BAT005492,2027-12-23,Vasai Virar Medico,6,39.18
2025-06-01,BR001,MED234,BAT002718,2028-01-30,Konkan Healthcare Traders,4,41.46
2025-06-01,BR001,MED234,BAT007397,2025-09-14,Arihant Pharma Traders,26,43.57
2025-06-01,BR001,MED241,BAT004559,2026-02-11,Konkan Healthcare Traders,11,17.09
2025-06-01,BR001,MED241,BAT005560,2025-11-01,Konkan Healthcare Traders,3,15.87
2025-06-01,BR001,MED247,BAT005753,2027-03-30,Sai Pharma Distributors,13,52.1
2025-06-01,BR001,MED247,BAT006698,2027-01-07,Konkan Healthcare Traders,14,52.4
2025-06-01,BR001,MED248,BAT006531,2025-10-18,Dadar Wholesale Drugs,6,56.89
2025-06-01,BR001,MED248,BAT003161,2026-12-20,Pioneer Healthcare Distributors,4,59.5
2025-06-01,BR001,MED253,BAT006908,2026-12-10,Dadar Wholesale Drugs,7,72.1
2025-06-01,BR001,MED253,BAT004454,2026-12-12,Arihant Pharma Traders,6,71.28
2025-06-01,BR001,MED257,BAT005916,2027-10-24,Om Sai Medicorp,1,27.44
2025-06-01,BR001,MED257,BAT005317,2028-01-12,Siddhivinayak Drug Agency,8,27.82
2025-06-01,BR001,MED262,BAT004832,2027-08-15,Bombay Medi Supply,1,34.28
2025-06-01,BR001,MED262,BAT007210,2028-01-27,Bombay Medi Supply,5,35.19
2025-06-01,BR001,MED262,BAT004284,2028-03-07,Arihant Pharma Traders,4,36.04
2025-06-01,BR001,MED262,BAT005399,2028-02-26,Arihant Pharma Traders,4,37.42
2025-06-01,BR001,MED268,BAT003761,2028-02-20,Sahyadri Pharma Distributors,6,34.16
2025-06-01,BR001,MED268,BAT005599,2028-01-02,Sahyadri Pharma Distributors,2,36.4
2025-06-01,BR001,MED269,BAT006034,2028-02-06,Siddhivinayak Drug Agency,18,31.36
2025-06-01,BR001,MED269,BAT007187,2028-03-24,Siddhivinayak Drug Agency,110,36.6
2025-06-01,BR001,MED277,BAT002359,2027-11-07,Pioneer Healthcare Distributors,3,7.58
2025-06-01,BR001,MED277,BAT004299,2028-01-09,Pioneer Healthcare Distributors,6,7.46
2025-06-01,BR001,MED277,BAT006373,2028-03-27,Neelkanth Pharma Link,5,6.62
2025-06-01,BR001,MED277,BAT007306,2028-02-28,Neelkanth Pharma Link,6,7.05
2025-06-01,BR001,MED278,BAT006350,2028-04-16,Om Sai Medicorp,7,6.06
2025-06-01,BR001,MED280,BAT004745,2028-02-06,Navkar Pharma Agency,2,7.42
2025-06-01,BR001,MED280,BAT007406,2025-11-10,Navkar Pharma Agency,21,7.12
2025-06-01,BR001,MED283,BAT006330,2026-12-09,Dadar Wholesale Drugs,19,66.8
2025-06-01,BR001,MED284,BAT006114,2027-03-22,Sahyadri Pharma Distributors,17,74.72
2025-06-01,BR001,MED289,BAT003384,2026-10-03,Dadar Wholesale Drugs,5,101.43
2025-06-01,BR001,MED289,BAT006287,2025-11-05,Dadar Wholesale Drugs,2,107.24
2025-06-01,BR001,MED290,BAT005706,2027-03-22,Konkan Healthcare Traders,3,115.0
2025-06-01,BR001,MED294,BAT004690,2027-10-26,Om Sai Medicorp,1,79.62
2025-06-01,BR001,MED294,BAT007214,2027-10-25,Om Sai Medicorp,4,67.3
2025-06-01,BR001,MED294,BAT001043,2028-01-05,Siddhivinayak Drug Agency,6,70.43
2025-06-01,BR001,MED294,BAT005519,2027-12-13,Siddhivinayak Drug Agency,7,78.62
2025-06-01,BR001,MED299,BAT007289,2028-04-07,Bombay Medi Supply,105,70.97
2025-06-01,BR001,MED305,BAT006764,2025-11-17,Dadar Wholesale Drugs,42,67.27
2025-06-01,BR001,MED311,BAT004220,2027-12-02,Neelkanth Pharma Link,5,61.19
2025-06-01,BR001,MED311,BAT006921,2027-11-23,Neelkanth Pharma Link,35,67.26
2025-06-01,BR001,MED312,BAT005557,2027-11-07,Arihant Pharma Traders,10,56.77
2025-06-01,BR001,MED315,BAT000315,2026-07-10,Bombay Medi Supply,1,128.48
2025-06-01,BR001,MED315,BAT007244,2027-03-21,Bombay Medi Supply,6,127.17
2025-06-01,BR001,MED319,BAT006163,2027-03-21,Navkar Pharma Agency,34,160.42
2025-06-01,BR001,MED319,BAT006797,2026-12-19,Navkar Pharma Agency,37,153.71
2025-06-01,BR001,MED321,BAT004643,2027-02-18,Sahyadri Pharma Distributors,8,146.29
2025-06-01,BR001,MED321,BAT006311,2026-10-30,Sahyadri Pharma Distributors,5,134.64
2025-06-01,BR001,MED334,BAT006620,2028-01-18,Sahyadri Pharma Distributors,4,103.96
2025-06-01,BR001,MED334,BAT007411,2028-02-02,Sahyadri Pharma Distributors,14,105.73
2025-06-01,BR001,MED335,BAT003931,2028-03-01,Om Sai Medicorp,7,104.26
2025-06-01,BR001,MED335,BAT003764,2027-08-25,Arihant Pharma Traders,3,120.65
2025-06-01,BR001,MED335,BAT002853,2028-02-15,Siddhivinayak Drug Agency,2,120.83
2025-06-01,BR001,MED336,BAT006165,2028-03-17,Arihant Pharma Traders,5,118.39
2025-06-01,BR001,MED339,BAT003124,2027-09-28,Om Sai Medicorp,10,121.62
2025-06-01,BR001,MED339,BAT005453,2028-02-26,Pioneer Healthcare Distributors,6,113.72
2025-06-01,BR001,MED339,BAT006220,2028-02-25,Pioneer Healthcare Distributors,5,131.19
2025-06-01,BR001,MED341,BAT006603,2028-03-23,Om Sai Medicorp,1,138.76
2025-06-01,BR001,MED341,BAT007034,2028-01-11,Om Sai Medicorp,4,146.4
2025-06-01,BR001,MED341,BAT007346,2027-12-15,Om Sai Medicorp,1,140.46
2025-06-01,BR001,MED343,BAT004000,2028-02-22,Sahyadri Pharma Distributors,9,143.8
2025-06-01,BR001,MED343,BAT005764,2028-01-05,Sahyadri Pharma Distributors,3,145.07
2025-06-01,BR001,MED343,BAT007068,2028-03-03,Sahyadri Pharma Distributors,23,128.45
2025-06-01,BR001,MED344,BAT005307,2028-02-12,Navkar Pharma Agency,13,52.89
2025-06-01,BR001,MED344,BAT006610,2027-10-27,Navkar Pharma Agency,14,55.32
2025-06-01,BR001,MED359,BAT000502,2027-11-27,Thane Medico Traders,7,120.57
2025-06-01,BR001,MED359,BAT006902,2027-11-27,Thane Medico Traders,7,115.42
2025-06-01,BR001,MED359,BAT000359,2027-06-10,Pioneer Healthcare Distributors,2,131.0
2025-06-01,BR001,MED359,BAT002303,2027-07-29,Jai Hind Medical Agencies,7,110.32
2025-06-01,BR001,MED368,BAT006753,2027-10-07,Shree Ganesh Medico,7,165.42
2025-06-01,BR001,MED368,BAT004545,2025-07-05,Neelkanth Pharma Link,9,166.19
2025-06-01,BR001,MED371,BAT000371,2027-12-16,Shree Ganesh Medico,7,141.65
2025-06-01,BR001,MED371,BAT003165,2028-02-10,Shree Ganesh Medico,7,143.69
2025-06-01,BR001,MED371,BAT002047,2027-10-24,Navkar Pharma Agency,5,153.05
2025-06-01,BR001,MED371,BAT006265,2028-01-05,Navkar Pharma Agency,7,166.81
2025-06-01,BR001,MED377,BAT002524,2026-10-19,Bombay Medi Supply,9,115.14
2025-06-01,BR001,MED377,BAT005478,2026-11-06,Bombay Medi Supply,7,118.98
2025-06-01,BR001,MED377,BAT006954,2027-01-15,Bombay Medi Supply,5,121.77
2025-06-01,BR001,MED381,BAT006580,2027-02-03,Ulhasnagar Drug Centre,17,135.82
2025-06-01,BR001,MED403,BAT002430,2027-12-08,Shree Ganesh Medico,8,324.47
2025-06-01,BR001,MED403,BAT006448,2027-09-25,Shree Ganesh Medico,3,317.47
2025-06-01,BR001,MED405,BAT000556,2027-11-21,Arihant Pharma Traders,6,355.36
2025-06-01,BR001,MED405,BAT007167,2028-03-19,Arihant Pharma Traders,6,357.24
2025-06-01,BR001,MED411,BAT006209,2026-10-16,Siddhivinayak Drug Agency,3,102.12
2025-06-01,BR001,MED417,BAT000908,2026-09-29,Vashi Pharma Hub,4,83.35
2025-06-01,BR001,MED417,BAT005360,2025-08-25,Vashi Pharma Hub,9,76.74
2025-06-01,BR001,MED417,BAT006406,2025-10-06,Vashi Pharma Hub,8,84.5
2025-06-01,BR001,MED421,BAT002123,2027-01-03,Siddhivinayak Drug Agency,4,160.43
2025-06-01,BR001,MED421,BAT006844,2026-10-12,Siddhivinayak Drug Agency,11,160.62
2025-06-01,BR001,MED422,BAT004323,2026-09-23,Siddhivinayak Drug Agency,6,138.96
2025-06-01,BR001,MED422,BAT006937,2025-07-22,Jai Hind Medical Agencies,5,119.15
2025-06-01,BR001,MED425,BAT001906,2026-12-11,Kalyan Medical Stores,5,170.52
2025-06-01,BR001,MED425,BAT005779,2026-10-11,Kalyan Medical Stores,3,152.52
2025-06-01,BR001,MED427,BAT005812,2026-09-01,Siddhivinayak Drug Agency,7,170.72
2025-06-01,BR001,MED440,BAT003158,2026-08-01,Maharashtra Pharma Link,6,130.16
2025-06-01,BR001,MED440,BAT004659,2026-04-25,Maharashtra Pharma Link,1,135.7
2025-06-01,BR001,MED440,BAT005903,2026-06-02,Maharashtra Pharma Link,6,124.96
2025-06-01,BR001,MED443,BAT007120,2027-02-07,Ulhasnagar Drug Centre,21,91.62
2025-06-01,BR001,MED444,BAT005186,2027-03-20,Thane Medico Traders,1,92.1
2025-06-01,BR001,MED444,BAT005563,2027-02-16,Thane Medico Traders,2,84.86
2025-06-01,BR001,MED444,BAT006116,2027-04-18,Thane Medico Traders,1,98.85
2025-06-01,BR001,MED444,BAT006358,2027-04-07,Thane Medico Traders,1,101.24
2025-06-01,BR001,MED444,BAT006701,2027-03-05,Thane Medico Traders,1,94.87
2025-06-01,BR001,MED444,BAT007069,2027-04-07,Thane Medico Traders,1,99.64
2025-06-01,BR001,MED445,BAT006312,2027-02-15,Mahalaxmi Pharma Agencies,1,97.25
2025-06-01,BR001,MED445,BAT006336,2026-12-06,Navkar Pharma Agency,6,95.86
2025-06-01,BR001,MED445,BAT005580,2027-03-22,Goregaon Medi Wholesale,5,80.74
2025-06-01,BR001,MED445,BAT006873,2026-09-27,Goregaon Medi Wholesale,14,82.7
2025-06-01,BR001,MED451,BAT005997,2025-07-22,Navkar Pharma Agency,1,65.07
2025-06-01,BR001,MED451,BAT001661,2026-11-24,Panvel Pharma Supplies,5,62.78
2025-06-01,BR001,MED451,BAT003632,2026-12-28,Panvel Pharma Supplies,7,61.98
2025-06-01,BR001,MED455,BAT004041,2026-11-30,Deccan Drug House,2,60.51
2025-06-01,BR001,MED455,BAT004605,2027-03-09,Deccan Drug House,7,66.0
2025-06-01,BR001,MED455,BAT002132,2026-12-27,Apex Pharma Wholesale,6,60.12
2025-06-01,BR001,MED457,BAT005463,2026-12-10,Panvel Pharma Supplies,7,30.46
2025-06-01,BR001,MED457,BAT006562,2025-10-12,Panvel Pharma Supplies,7,31.65
2025-06-01,BR001,MED459,BAT007136,2027-04-18,Deccan Drug House,66,36.59
2025-06-01,BR001,MED463,BAT007221,2026-10-06,Deccan Drug House,12,18.04
2025-06-01,BR001,MED464,BAT004363,2026-12-04,Mahalaxmi Pharma Agencies,7,21.42
2025-06-01,BR001,MED464,BAT006011,2026-10-20,Mahalaxmi Pharma Agencies,6,18.22
2025-06-01,BR001,MED464,BAT006656,2026-11-04,Mahalaxmi Pharma Agencies,7,22.09
2025-06-01,BR001,MED467,BAT001982,2027-01-25,Apex Pharma Wholesale,5,27.99
2025-06-01,BR001,MED467,BAT006063,2027-02-25,Apex Pharma Wholesale,16,28.08
2025-06-01,BR001,MED467,BAT006901,2026-12-08,Apex Pharma Wholesale,5,27.82
2025-06-01,BR001,MED470,BAT005698,2027-04-02,Navkar Pharma Agency,13,25.06
2025-06-01,BR001,MED470,BAT006894,2026-11-01,Navkar Pharma Agency,5,25.68
2025-06-01,BR001,MED477,BAT004042,2026-08-14,Deccan Drug House,1,141.94
2025-06-01,BR001,MED477,BAT006755,2026-10-28,Vasai Virar Medico,5,146.04
2025-06-01,BR001,MED480,BAT006705,2028-04-06,Panvel Pharma Supplies,9,51.17
2025-06-01,BR001,MED481,BAT005899,2028-02-12,Neelkanth Pharma Link,4,57.94
2025-06-01,BR001,MED483,BAT004706,2026-09-14,Lifeline Medico Distributors,1,51.61
2025-06-01,BR001,MED483,BAT006341,2026-08-24,Lifeline Medico Distributors,1,51.22
2025-06-01,BR001,MED483,BAT006634,2026-10-20,Lifeline Medico Distributors,2,55.83
2025-06-01,BR001,MED483,BAT007196,2025-06-17,Lifeline Medico Distributors,10,58.58
2025-06-01,BR001,MED487,BAT000980,2026-12-24,Dadar Wholesale Drugs,1,97.95
2025-06-01,BR001,MED487,BAT005666,2025-09-08,Dadar Wholesale Drugs,3,119.86
2025-06-01,BR001,MED488,BAT006820,2026-11-03,Neelkanth Pharma Link,11,118.97
2025-06-01,BR001,MED490,BAT004540,2026-12-07,Lifeline Medico Distributors,1,43.87
2025-06-01,BR001,MED490,BAT006527,2025-08-07,Lifeline Medico Distributors,10,47.71
2025-06-01,BR001,MED490,BAT003786,2027-02-18,Mira Road Drug House,1,44.1
2025-06-01,BR001,MED490,BAT006342,2026-12-30,Mira Road Drug House,1,47.77
2025-06-01,BR001,MED490,BAT006535,2027-03-14,Mira Road Drug House,1,42.92
2025-06-01,BR001,MED490,BAT006702,2025-10-27,Mira Road Drug House,1,47.55
2025-06-01,BR001,MED493,BAT006846,2027-10-30,Vasai Virar Medico,10,145.77
2025-06-01,BR001,MED498,BAT005187,2026-06-26,Jai Hind Medical Agencies,9,102.97
2025-06-01,BR002,MED001,BAT006536,2028-01-06,Goregaon Medi Wholesale,39,19.44
2025-06-01,BR002,MED002,BAT004827,2027-09-26,Dadar Wholesale Drugs,3,28.66
2025-06-01,BR002,MED003,BAT006475,2027-01-20,Bhiwandi Drug Depot,4,63.84
2025-06-01,BR002,MED003,BAT007088,2026-11-04,Goregaon Medi Wholesale,12,75.06
2025-06-01,BR002,MED004,BAT005719,2027-02-01,Deccan Drug House,1,94.17
2025-06-01,BR002,MED004,BAT005620,2026-10-24,Bhiwandi Drug Depot,3,81.05
2025-06-01,BR002,MED004,BAT005948,2027-02-12,Chembur Pharma Depot,1,95.66
2025-06-01,BR002,MED005,BAT005667,2028-03-06,Mira Road Drug House,2,22.41
2025-06-01,BR002,MED006,BAT003724,2026-01-23,Malad Healthcare Supply,3,35.13
2025-06-01,BR002,MED006,BAT006194,2025-10-04,Malad Healthcare Supply,1,37.68
2025-06-01,BR002,MED007,BAT007197,2028-01-07,Apex Pharma Wholesale,65,18.18
2025-06-01,BR002,MED008,BAT007223,2028-01-31,Om Sai Medicorp,9,151.15
2025-06-01,BR002,MED008,BAT003752,2028-01-31,Vashi Pharma Hub,2,132.55
2025-06-01,BR002,MED009,BAT003517,2027-02-21,Konkan Healthcare Traders,18,60.18
2025-06-01,BR002,MED009,BAT006407,2027-01-18,Konkan Healthcare Traders,15,58.76
2025-06-01,BR002,MED010,BAT003352,2027-09-26,Sai Pharma Distributors,10,43.02
2025-06-01,BR002,MED010,BAT005554,2028-03-14,Sai Pharma Distributors,4,37.79
2025-06-01,BR002,MED010,BAT006356,2028-01-09,Sai Pharma Distributors,4,37.91
2025-06-01,BR002,MED010,BAT007328,2027-12-20,Sai Pharma Distributors,4,38.91
2025-06-01,BR002,MED011,BAT005827,2028-03-02,Siddhivinayak Drug Agency,15,25.41
2025-06-01,BR002,MED011,BAT006928,2028-01-16,Siddhivinayak Drug Agency,85,26.24
2025-06-01,BR002,MED012,BAT007366,2026-12-02,Konkan Healthcare Traders,115,75.65
2025-06-01,BR002,MED012,BAT001448,2026-12-29,Sahyadri Pharma Distributors,31,79.72
2025-06-01,BR002,MED013,BAT006985,2028-02-27,Ulhasnagar Drug Centre,31,22.16
2025-06-01,BR002,MED014,BAT006624,2028-02-13,Jai Hind Medical Agencies,15,102.47
2025-06-01,BR002,MED014,BAT007272,2025-09-24,Jai Hind Medical Agencies,39,103.53
2025-06-01,BR002,MED015,BAT005828,2026-09-25,Western Drugs & Surgicals,14,89.79
2025-06-01,BR002,MED015,BAT007105,2025-08-25,Jai Hind Medical Agencies,23,86.01
2025-06-01,BR002,MED016,BAT000016,2026-05-13,Vashi Pharma Hub,3,116.98
2025-06-01,BR002,MED016,BAT006875,2026-09-22,Ulhasnagar Drug Centre,5,126.73
2025-06-01,BR002,MED017,BAT006718,2027-03-05,Mira Road Drug House,27,18.09
2025-06-01,BR002,MED018,BAT002188,2026-05-29,Thane Medico Traders,2,116.54
2025-06-01,BR002,MED018,BAT003278,2026-01-11,Thane Medico Traders,2,119.14
2025-06-01,BR002,MED018,BAT004442,2026-03-12,Thane Medico Traders,4,107.98
2025-06-01,BR002,MED018,BAT006042,2026-09-22,Vasai Virar Medico,5,106.61
2025-06-01,BR002,MED018,BAT006895,2026-10-23,Vasai Virar Medico,5,113.19
2025-06-01,BR002,MED019,BAT006184,2026-06-01,Lifeline Medico Distributors,1,64.62
2025-06-01,BR002,MED019,BAT007182,2025-09-29,Lifeline Medico Distributors,13,56.98
2025-06-01,BR002,MED019,BAT003741,2026-08-12,Mira Road Drug House,1,58.26
2025-06-01,BR002,MED019,BAT005662,2026-09-01,Mira Road Drug House,1,65.45
2025-06-01,BR002,MED020,BAT002140,2026-04-23,Apex Pharma Wholesale,2,96.7
2025-06-01,BR002,MED020,BAT004206,2026-03-10,Apex Pharma Wholesale,4,102.89
2025-06-01,BR002,MED020,BAT005961,2026-04-01,Apex Pharma Wholesale,4,101.23
2025-06-01,BR002,MED020,BAT007316,2026-09-13,Apex Pharma Wholesale,4,110.59
2025-06-01,BR002,MED021,BAT001137,2028-01-07,Dadar Wholesale Drugs,1,23.66
2025-06-01,BR002,MED021,BAT006671,2027-12-29,Dadar Wholesale Drugs,7,24.49
2025-06-01,BR002,MED022,BAT004562,2027-03-12,Sahyadri Pharma Distributors,1,56.05
2025-06-01,BR002,MED022,BAT006509,2027-03-22,Sahyadri Pharma Distributors,2,48.69
2025-06-01,BR002,MED022,BAT007037,2027-04-06,Sahyadri Pharma Distributors,1,56.77
2025-06-01,BR002,MED023,BAT003644,2027-12-03,Bhiwandi Drug Depot,5,52.7
2025-06-01,BR002,MED023,BAT006759,2028-04-09,Bhiwandi Drug Depot,5,60.18
2025-06-01,BR002,MED024,BAT007020,2026-12-25,Om Sai Medicorp,11,79.66
2025-06-01,BR002,MED025,BAT004144,2028-02-05,Siddhivinayak Drug Agency,1,47.17
2025-06-01,BR002,MED025,BAT004964,2028-03-14,Siddhivinayak Drug Agency,1,41.93
2025-06-01,BR002,MED025,BAT005678,2028-02-11,Siddhivinayak Drug Agency,1,45.22
2025-06-01,BR002,MED025,BAT006196,2028-02-22,Siddhivinayak Drug Agency,1,47.43
2025-06-01,BR002,MED025,BAT006665,2028-04-02,Siddhivinayak Drug Agency,1,47.45
2025-06-01,BR002,MED025,BAT007095,2028-04-10,Siddhivinayak Drug Agency,1,47.34
2025-06-01,BR002,MED026,BAT004426,2026-12-10,Goregaon Medi Wholesale,2,57.22
2025-06-01,BR002,MED026,BAT007038,2025-11-27,Goregaon Medi Wholesale,12,56.29
2025-06-01,BR002,MED027,BAT003602,2026-12-23,Siddhivinayak Drug Agency,3,162.22
2025-06-01,BR002,MED027,BAT005053,2027-02-19,Siddhivinayak Drug Agency,1,154.96
2025-06-01,BR002,MED027,BAT005327,2026-12-23,Siddhivinayak Drug Agency,1,165.84
2025-06-01,BR002,MED027,BAT006959,2026-10-31,Siddhivinayak Drug Agency,2,164.89
2025-06-01,BR002,MED028,BAT000028,2027-08-12,Malad Healthcare Supply,2,31.07
2025-06-01,BR002,MED028,BAT004871,2028-01-17,Malad Healthcare Supply,5,31.63
2025-06-01,BR002,MED028,BAT006419,2028-04-23,Malad Healthcare Supply,5,36.03
2025-06-01,BR002,MED029,BAT003481,2026-08-27,Ulhasnagar Drug Centre,8,25.88
2025-06-01,BR002,MED029,BAT004080,2026-08-13,Ulhasnagar Drug Centre,3,27.84
2025-06-01,BR002,MED029,BAT005420,2026-07-30,Ulhasnagar Drug Centre,1,29.88
2025-06-01,BR002,MED029,BAT006233,2026-05-22,Ulhasnagar Drug Centre,4,29.55
2025-06-01,BR002,MED030,BAT006575,2028-03-21,Malad Healthcare Supply,19,48.67
2025-06-01,BR002,MED031,BAT006744,2027-04-02,Thane Medico Traders,16,168.09
2025-06-01,BR002,MED032,BAT002861,2025-06-26,Kalyan Medical Stores,6,9.36
2025-06-01,BR002,MED032,BAT005421,2025-09-11,Kalyan Medical Stores,5,9.07
2025-06-01,BR002,MED033,BAT005485,2027-02-08,Pioneer Healthcare Distributors,8,39.31
2025-06-01,BR002,MED034,BAT004370,2028-02-21,Konkan Healthcare Traders,6,39.1
2025-06-01,BR002,MED034,BAT005412,2027-09-25,Western Drugs & Surgicals,2,31.86
2025-06-01,BR002,MED034,BAT006814,2025-07-04,Dadar Wholesale Drugs,30,30.79
2025-06-01,BR002,MED035,BAT005867,2026-03-14,Vasai Virar Medico,8,14.86
2025-06-01,BR002,MED036,BAT001875,2027-06-24,Konkan Healthcare Traders,4,21.32
2025-06-01,BR002,MED036,BAT003408,2027-10-21,Konkan Healthcare Traders,5,23.49
2025-06-01,BR002,MED036,BAT006498,2027-12-09,Konkan Healthcare Traders,5,21.78
2025-06-01,BR002,MED037,BAT003101,2027-12-22,Pioneer Healthcare Distributors,15,103.88
2025-06-01,BR002,MED038,BAT007228,2027-11-27,Pioneer Healthcare Distributors,9,63.84
2025-06-01,BR002,MED038,BAT005944,2028-03-07,Neelkanth Pharma Link,4,62.92
2025-06-01,BR002,MED038,BAT006986,2028-05-10,Neelkanth Pharma Link,1,63.63
2025-06-01,BR002,MED039,BAT006733,2028-04-25,Konkan Healthcare Traders,25,56.6
2025-06-01,BR002,MED040,BAT006576,2026-10-06,Neelkanth Pharma Link,14,128.15
2025-06-01,BR002,MED043,BAT006722,2027-04-01,Vashi Pharma Hub,20,103.88
2025-06-01,BR002,MED043,BAT007137,2026-10-20,Navkar Pharma Agency,35,115.68
2025-06-01,BR002,MED044,BAT003852,2027-08-23,Jai Hind Medical Agencies,4,308.13
2025-06-01,BR002,MED044,BAT007106,2025-08-04,Jai Hind Medical Agencies,12,268.3
2025-06-01,BR002,MED055,BAT005644,2027-11-09,Shree Ganesh Medico,5,140.07
2025-06-01,BR002,MED055,BAT003868,2025-08-12,Panvel Pharma Supplies,2,146.13
2025-06-01,BR002,MED055,BAT000650,2027-12-26,Mira Road Drug House,3,140.29
2025-06-01,BR002,MED055,BAT006947,2025-07-10,Mira Road Drug House,2,134.4
2025-06-01,BR002,MED063,BAT007382,2025-11-25,Lifeline Medico Distributors,13,30.66
2025-06-01,BR002,MED067,BAT000067,2027-09-27,Sai Pharma Distributors,4,24.55
2025-06-01,BR002,MED067,BAT004207,2027-09-20,Sai Pharma Distributors,3,22.83
2025-06-01,BR002,MED069,BAT006987,2028-01-28,Dadar Wholesale Drugs,1,23.96
2025-06-01,BR002,MED069,BAT007301,2025-12-01,Dadar Wholesale Drugs,11,23.58
2025-06-01,BR002,MED069,BAT004447,2028-02-22,Chembur Pharma Depot,4,22.5
2025-06-01,BR002,MED071,BAT000574,2027-10-26,Goregaon Medi Wholesale,1,22.69
2025-06-01,BR002,MED071,BAT007224,2028-05-14,Goregaon Medi Wholesale,10,21.99
2025-06-01,BR002,MED072,BAT004592,2027-09-15,Sai Pharma Distributors,2,22.75
2025-06-01,BR002,MED072,BAT002227,2028-01-31,Konkan Healthcare Traders,3,25.7
2025-06-01,BR002,MED072,BAT006408,2028-03-02,Konkan Healthcare Traders,5,25.96
2025-06-01,BR002,MED073,BAT006569,2027-12-16,Sahyadri Pharma Distributors,13,28.03
2025-06-01,BR002,MED082,BAT002677,2028-02-01,Bhiwandi Drug Depot,6,62.4
2025-06-01,BR002,MED082,BAT005839,2027-10-30,Bhiwandi Drug Depot,13,60.92
2025-06-01,BR002,MED091,BAT005999,2028-04-17,Goregaon Medi Wholesale,3,18.45
2025-06-01,BR002,MED091,BAT007077,2028-02-27,Goregaon Medi Wholesale,22,18.5
2025-06-01,BR002,MED092,BAT003396,2028-01-09,Bhiwandi Drug Depot,3,17.85
2025-06-01,BR002,MED092,BAT006198,2027-12-14,Apex Pharma Wholesale,5,21.33
2025-06-01,BR002,MED093,BAT002822,2027-09-25,Bhiwandi Drug Depot,1,21.44
2025-06-01,BR002,MED093,BAT005634,2027-10-03,Bhiwandi Drug Depot,5,24.7
2025-06-01,BR002,MED097,BAT007199,2026-12-23,Deccan Drug House,20,97.44
2025-06-01,BR002,MED097,BAT001203,2026-12-03,Chembur Pharma Depot,3,85.64
2025-06-01,BR002,MED098,BAT005886,2026-11-30,Bhiwandi Drug Depot,1,83.23
2025-06-01,BR002,MED098,BAT006377,2027-03-30,Bhiwandi Drug Depot,1,88.46
2025-06-01,BR002,MED098,BAT007078,2026-10-08,Bhiwandi Drug Depot,9,91.98
2025-06-01,BR002,MED100,BAT005057,2025-06-11,Om Sai Medicorp,1,80.34
2025-06-01,BR002,MED100,BAT000100,2026-10-27,Kalyan Medical Stores,2,91.26
2025-06-01,BR002,MED101,BAT006714,2027-04-05,Goregaon Medi Wholesale,4,152.61
2025-06-01,BR002,MED103,BAT004404,2027-03-10,Om Sai Medicorp,1,138.58
2025-06-01,BR002,MED103,BAT006675,2027-04-26,Bhiwandi Drug Depot,5,145.53
2025-06-01,BR002,MED106,BAT006455,2025-07-19,Sai Pharma Distributors,2,158.82
2025-06-01,BR002,MED106,BAT006516,2025-10-02,Sai Pharma Distributors,1,166.17
2025-06-01,BR002,MED106,BAT006982,2026-10-14,Sai Pharma Distributors,1,156.44
2025-06-01,BR002,MED106,BAT003246,2027-02-15,Deccan Drug House,1,179.12
2025-06-01,BR002,MED106,BAT005021,2027-03-30,Deccan Drug House,1,160.63
2025-06-01,BR002,MED115,BAT006647,2026-10-08,Sai Pharma Distributors,23,116.71
2025-06-01,BR002,MED115,BAT006285,2027-03-22,Siddhivinayak Drug Agency,3,126.37
2025-06-01,BR002,MED120,BAT005538,2026-09-03,Om Sai Medicorp,4,88.19
2025-06-01,BR002,MED120,BAT007408,2026-11-12,Sai Pharma Distributors,10,78.71
2025-06-01,BR002,MED121,BAT004975,2027-03-03,Sai Pharma Distributors,5,92.11
2025-06-01,BR002,MED121,BAT005965,2026-09-29,Sai Pharma Distributors,3,83.72
2025-06-01,BR002,MED123,BAT003878,2027-02-25,Deccan Drug House,4,72.49
2025-06-01,BR002,MED125,BAT006066,2027-01-05,Sai Pharma Distributors,4,82.95
2025-06-01,BR002,MED125,BAT004282,2026-10-25,Bhiwandi Drug Depot,3,80.64
2025-06-01,BR002,MED130,BAT002478,2028-01-09,Goregaon Medi Wholesale,3,55.83
2025-06-01,BR002,MED130,BAT007080,2027-11-25,Goregaon Medi Wholesale,16,54.95
2025-06-01,BR002,MED142,BAT007303,2028-03-13,Bombay Medi Supply,33,39.49
2025-06-01,BR002,MED150,BAT004774,2027-11-21,Maharashtra Pharma Link,5,21.62
2025-06-01,BR002,MED150,BAT001653,2027-12-14,Ulhasnagar Drug Centre,2,18.54
2025-06-01,BR002,MED150,BAT006135,2028-02-23,Ulhasnagar Drug Centre,4,21.73
2025-06-01,BR002,MED150,BAT007202,2028-04-26,Ulhasnagar Drug Centre,4,18.12
2025-06-01,BR002,MED152,BAT006584,2026-03-08,Maharashtra Pharma Link,8,38.08
2025-06-01,BR002,MED155,BAT006808,2026-03-19,Lifeline Medico Distributors,7,35.88
2025-06-01,BR002,MED156,BAT005426,2026-01-22,Shree Ganesh Medico,5,38.37
2025-06-01,BR002,MED156,BAT002571,2026-01-26,Maharashtra Pharma Link,5,37.99
2025-06-01,BR002,MED156,BAT005993,2026-01-10,Maharashtra Pharma Link,5,35.64
2025-06-01,BR002,MED156,BAT002022,2025-08-04,Mira Road Drug House,2,33.65
2025-06-01,BR002,MED159,BAT006626,2025-12-13,Ulhasnagar Drug Centre,4,45.53
2025-06-01,BR002,MED161,BAT004227,2025-12-06,Chembur Pharma Depot,4,40.5
2025-06-01,BR002,MED170,BAT002617,2027-10-20,Bhiwandi Drug Depot,4,19.34
2025-06-01,BR002,MED173,BAT007042,2028-02-20,Shree Ganesh Medico,68,18.99
2025-06-01,BR002,MED179,BAT006437,2028-03-30,Western Drugs & Surgicals,4,9.82
2025-06-01,BR002,MED186,BAT006779,2028-05-01,Bhiwandi Drug Depot,20,180.23
2025-06-01,BR002,MED187,BAT000641,2027-12-05,Western Drugs & Surgicals,5,165.34
2025-06-01,BR002,MED187,BAT001580,2027-09-19,Panvel Pharma Supplies,2,153.71
2025-06-01,BR002,MED188,BAT004202,2027-10-24,Western Drugs & Surgicals,2,159.78
2025-06-01,BR002,MED188,BAT005794,2027-12-21,Panvel Pharma Supplies,9,150.38
2025-06-01,BR002,MED196,BAT004184,2025-07-13,Mira Road Drug House,2,53.41
2025-06-01,BR002,MED196,BAT007345,2025-11-10,Mira Road Drug House,9,57.23
2025-06-01,BR002,MED204,BAT003498,2027-02-13,Lifeline Medico Distributors,2,117.24
2025-06-01,BR002,MED204,BAT007208,2027-03-30,Lifeline Medico Distributors,5,132.2
2025-06-01,BR002,MED204,BAT005925,2025-08-13,Panvel Pharma Supplies,6,121.35
2025-06-01,BR002,MED205,BAT006886,2028-04-22,Western Drugs & Surgicals,1,41.12
2025-06-01,BR002,MED205,BAT007108,2027-10-23,Mahalaxmi Pharma Agencies,10,39.16
2025-06-01,BR002,MED205,BAT006391,2027-09-18,Arihant Pharma Traders,4,43.2
2025-06-01,BR002,MED205,BAT006621,2028-02-15,Arihant Pharma Traders,1,39.22
2025-06-01,BR002,MED205,BAT007032,2027-11-26,Arihant Pharma Traders,1,37.5
2025-06-01,BR002,MED213,BAT000213,2027-12-05,Konkan Healthcare Traders,2,21.31
2025-06-01,BR002,MED213,BAT006756,2027-12-29,Konkan Healthcare Traders,5,19.44
2025-06-01,BR002,MED213,BAT004811,2027-10-12,Arihant Pharma Traders,4,19.01
2025-06-01,BR002,MED214,BAT004688,2027-03-01,Vasai Virar Medico,9,33.89
2025-06-01,BR002,MED214,BAT007109,2027-01-22,Vasai Virar Medico,5,39.41
2025-06-01,BR002,MED220,BAT002632,2026-10-02,Arihant Pharma Traders,12,39.69
2025-06-01,BR002,MED220,BAT000220,2026-11-14,Neelkanth Pharma Link,1,40.92
2025-06-01,BR002,MED220,BAT001588,2026-11-12,Neelkanth Pharma Link,8,42.84
2025-06-01,BR002,MED229,BAT000229,2027-12-02,Vasai Virar Medico,3,41.25
2025-06-01,BR002,MED229,BAT005492,2027-12-23,Vasai Virar Medico,5,39.18
2025-06-01,BR002,MED234,BAT001501,2027-12-03,Arihant Pharma Traders,6,44.24
2025-06-01,BR002,MED234,BAT006685,2027-09-21,Arihant Pharma Traders,3,42.35
2025-06-01,BR002,MED241,BAT002554,2026-01-05,Konkan Healthcare Traders,2,17.21
2025-06-01,BR002,MED241,BAT007065,2026-02-17,Konkan Healthcare Traders,36,17.9
2025-06-01,BR002,MED247,BAT003667,2027-03-02,Konkan Healthcare Traders,4,52.84
2025-06-01,BR002,MED247,BAT006439,2026-09-14,Vasai Virar Medico,6,49.48
2025-06-01,BR002,MED248,BAT006531,2025-10-18,Dadar Wholesale Drugs,3,56.89
2025-06-01,BR002,MED248,BAT003161,2026-12-20,Pioneer Healthcare Distributors,5,59.5
2025-06-01,BR002,MED253,BAT000253,2026-06-11,Dadar Wholesale Drugs,1,61.27
2025-06-01,BR002,MED253,BAT003810,2026-09-06,Dadar Wholesale Drugs,5,62.67
2025-06-01,BR002,MED253,BAT006908,2026-12-10,Dadar Wholesale Drugs,5,72.1
2025-06-01,BR002,MED253,BAT004454,2026-12-12,Arihant Pharma Traders,5,71.28
2025-06-01,BR002,MED257,BAT006554,2028-04-05,Om Sai Medicorp,7,26.74
2025-06-01,BR002,MED262,BAT007210,2028-01-27,Bombay Medi Supply,14,35.19
2025-06-01,BR002,MED262,BAT004284,2028-03-07,Arihant Pharma Traders,2,36.04
2025-06-01,BR002,MED268,BAT003761,2028-02-20,Sahyadri Pharma Distributors,5,34.16
2025-06-01,BR002,MED268,BAT005599,2028-01-02,Sahyadri Pharma Distributors,4,36.4
2025-06-01,BR002,MED269,BAT006710,2027-12-01,Dadar Wholesale Drugs,25,32.87
2025-06-01,BR002,MED269,BAT003738,2028-02-17,Siddhivinayak Drug Agency,5,37.1
2025-06-01,BR002,MED269,BAT007233,2025-07-06,Sahyadri Pharma Distributors,49,33.9
2025-06-01,BR002,MED277,BAT004299,2028-01-09,Pioneer Healthcare Distributors,3,7.46
2025-06-01,BR002,MED277,BAT006373,2028-03-27,Neelkanth Pharma Link,5,6.62
2025-06-01,BR002,MED277,BAT007306,2028-02-28,Neelkanth Pharma Link,5,7.05
2025-06-01,BR002,MED278,BAT005895,2028-02-08,Bombay Medi Supply,7,6.94
2025-06-01,BR002,MED278,BAT007189,2028-02-17,Bombay Medi Supply,20,6.46
2025-06-01,BR002,MED280,BAT006557,2028-04-07,Navkar Pharma Agency,11,7.45
2025-06-01,BR002,MED280,BAT006890,2027-12-26,Navkar Pharma Agency,3,6.52
2025-06-01,BR002,MED283,BAT004268,2027-01-02,Dadar Wholesale Drugs,3,77.79
2025-06-01,BR002,MED284,BAT006608,2027-04-16,Sahyadri Pharma Distributors,16,82.14
2025-06-01,BR002,MED289,BAT003384,2026-10-03,Dadar Wholesale Drugs,2,101.43
2025-06-01,BR002,MED289,BAT006287,2025-11-05,Dadar Wholesale Drugs,9,107.24
2025-06-01,BR002,MED290,BAT000290,2026-11-29,Konkan Healthcare Traders,3,100.65
2025-06-01,BR002,MED290,BAT005706,2027-03-22,Konkan Healthcare Traders,6,115.0
2025-06-01,BR002,MED294,BAT007214,2027-10-25,Om Sai Medicorp,5,67.3
2025-06-01,BR002,MED294,BAT001043,2028-01-05,Siddhivinayak Drug Agency,5,70.43
2025-06-01,BR002,MED294,BAT005519,2027-12-13,Siddhivinayak Drug Agency,3,78.62
2025-06-01,BR002,MED299,BAT004784,2028-03-16,Bombay Medi Supply,26,75.58
2025-06-01,BR002,MED299,BAT006558,2027-11-19,Bombay Medi Supply,12,72.68
2025-06-01,BR002,MED305,BAT007277,2028-04-09,Navkar Pharma Agency,39,84.6
2025-06-01,BR002,MED311,BAT006097,2028-02-20,Arihant Pharma Traders,9,67.46
2025-06-01,BR002,MED312,BAT000312,2027-09-18,Arihant Pharma Traders,1,55.82
2025-06-01,BR002,MED312,BAT002027,2027-12-07,Arihant Pharma Traders,5,62.48
2025-06-01,BR002,MED312,BAT005557,2027-11-07,Arihant Pharma Traders,5,56.77
2025-06-01,BR002,MED315,BAT000315,2026-07-10,Bombay Medi Supply,4,128.48
2025-06-01,BR002,MED315,BAT007244,2027-03-21,Bombay Medi Supply,5,127.17
2025-06-01,BR002,MED315,BAT002996,2025-08-29,Sahyadri Pharma Distributors,3,124.4
2025-06-01,BR002,MED319,BAT006750,2027-04-29,Navkar Pharma Agency,10,149.42
2025-06-01,BR002,MED321,BAT004643,2027-02-18,Sahyadri Pharma Distributors,2,146.29
2025-06-01,BR002,MED321,BAT006311,2026-10-30,Sahyadri Pharma Distributors,13,134.64
2025-06-01,BR002,MED334,BAT004699,2027-11-14,Sahyadri Pharma Distributors,2,105.18
2025-06-01,BR002,MED334,BAT006620,2028-01-18,Sahyadri Pharma Distributors,5,103.96
2025-06-01,BR002,MED334,BAT007411,2028-02-02,Sahyadri Pharma Distributors,5,105.73
2025-06-01,BR002,MED335,BAT003931,2028-03-01,Om Sai Medicorp,6,104.26
2025-06-01,BR002,MED335,BAT002853,2028-02-15,Siddhivinayak Drug Agency,1,120.83
2025-06-01,BR002,MED336,BAT003898,2028-01-07,Arihant Pharma Traders,1,133.53
2025-06-01,BR002,MED336,BAT006165,2028-03-17,Arihant Pharma Traders,11,118.39
2025-06-01,BR002,MED339,BAT003124,2027-09-28,Om Sai Medicorp,3,121.62
2025-06-01,BR002,MED339,BAT000339,2027-10-07,Pioneer Healthcare Distributors,2,134.07
2025-06-01,BR002,MED339,BAT002029,2027-09-13,Pioneer Healthcare Distributors,4,136.01
2025-06-01,BR002,MED339,BAT005453,2028-02-26,Pioneer Healthcare Distributors,5,113.72
2025-06-01,BR002,MED339,BAT006220,2028-02-25,Pioneer Healthcare Distributors,5,131.19
2025-06-01,BR002,MED341,BAT001808,2028-01-15,Om Sai Medicorp,1,140.61
2025-06-01,BR002,MED341,BAT002254,2027-12-22,Om Sai Medicorp,1,134.91
2025-06-01,BR002,MED341,BAT003045,2028-01-06,Om Sai Medicorp,1,135.68
2025-06-01,BR002,MED341,BAT005181,2027-11-07,Om Sai Medicorp,1,140.31
2025-06-01,BR002,MED341,BAT006290,2027-10-19,Om Sai Medicorp,1,144.61
2025-06-01,BR002,MED341,BAT006603,2028-03-23,Om Sai Medicorp,1,138.76
2025-06-01,BR002,MED341,BAT006789,2025-08-07,Om Sai Medicorp,10,139.26
2025-06-01,BR002,MED341,BAT007034,2028-01-11,Om Sai Medicorp,1,146.4
2025-06-01,BR002,MED341,BAT007346,2027-12-15,Om Sai Medicorp,1,140.46
2025-06-01,BR002,MED343,BAT006017,2028-03-18,Sahyadri Pharma Distributors,12,125.33
2025-06-01,BR002,MED344,BAT004115,2028-01-21,Navkar Pharma Agency,17,51.68
2025-06-01,BR002,MED359,BAT000502,2027-11-27,Thane Medico Traders,6,120.57
2025-06-01,BR002,MED359,BAT006902,2027-11-27,Thane Medico Traders,6,115.42
2025-06-01,BR002,MED368,BAT000368,2027-06-05,Shree Ganesh Medico,2,156.12
2025-06-01,BR002,MED368,BAT006753,2027-10-07,Shree Ganesh Medico,6,165.42
2025-06-01,BR002,MED368,BAT001840,2027-07-07,Neelkanth Pharma Link,6,164.27
2025-06-01,BR002,MED368,BAT003115,2027-12-09,Neelkanth Pharma Link,5,163.81
2025-06-01,BR002,MED371,BAT003165,2028-02-10,Shree Ganesh Medico,6,143.69
2025-06-01,BR002,MED371,BAT006265,2028-01-05,Navkar Pharma Agency,6,166.81
2025-06-01,BR002,MED377,BAT006954,2027-01-15,Bombay Medi Supply,10,121.77
2025-06-01,BR002,MED381,BAT007134,2027-04-17,Ulhasnagar Drug Centre,76,124.78
2025-06-01,BR002,MED403,BAT006448,2027-09-25,Shree Ganesh Medico,11,317.47
2025-06-01,BR002,MED405,BAT000556,2027-11-21,Arihant Pharma Traders,1,355.36
2025-06-01,BR002,MED405,BAT004494,2027-11-03,Arihant Pharma Traders,7,338.82
2025-06-01,BR002,MED405,BAT005503,2027-09-24,Arihant Pharma Traders,4,363.14
2025-06-01,BR002,MED405,BAT007167,2028-03-19,Arihant Pharma Traders,5,357.24
2025-06-01,BR002,MED411,BAT007255,2026-06-25,Maharashtra Pharma Link,10,112.1
2025-06-01,BR002,MED411,BAT006283,2026-08-06,Ulhasnagar Drug Centre,5,93.5
2025-06-01,BR002,MED417,BAT000908,2026-09-29,Vashi Pharma Hub,1,83.35
2025-06-01,BR002,MED417,BAT006406,2025-10-06,Vashi Pharma Hub,4,84.5
2025-06-01,BR002,MED421,BAT002964,2026-11-23,Siddhivinayak Drug Agency,2,138.68
2025-06-01,BR002,MED421,BAT003638,2027-01-02,Siddhivinayak Drug Agency,4,133.04
2025-06-01,BR002,MED421,BAT006844,2026-10-12,Siddhivinayak Drug Agency,1,160.62
2025-06-01,BR002,MED422,BAT002804,2026-07-25,Siddhivinayak Drug Agency,1,135.57
2025-06-01,BR002,MED422,BAT004323,2026-09-23,Siddhivinayak Drug Agency,5,138.96
2025-06-01,BR002,MED422,BAT006937,2025-07-22,Jai Hind Medical Agencies,5,119.15
2025-06-01,BR002,MED425,BAT000810,2026-10-04,Kalyan Medical Stores,5,162.0
2025-06-01,BR002,MED425,BAT001906,2026-12-11,Kalyan Medical Stores,5,170.52
2025-06-01,BR002,MED425,BAT005779,2026-10-11,Kalyan Medical Stores,5,152.52
2025-06-01,BR002,MED427,BAT003048,2025-09-15,Kalyan Medical Stores,4,169.93
2025-06-01,BR002,MED427,BAT005812,2026-09-01,Siddhivinayak Drug Agency,5,170.72
2025-06-01,BR002,MED440,BAT003158,2026-08-01,Maharashtra Pharma Link,4,130.16
2025-06-01,BR002,MED440,BAT005903,2026-06-02,Maharashtra Pharma Link,4,124.96
2025-06-01,BR002,MED443,BAT006803,2027-01-31,Ulhasnagar Drug Centre,14,88.07
2025-06-01,BR002,MED444,BAT006116,2027-04-18,Thane Medico Traders,1,98.85
2025-06-01,BR002,MED444,BAT006701,2027-03-05,Thane Medico Traders,11,94.87
2025-06-01,BR002,MED444,BAT007069,2027-04-07,Thane Medico Traders,1,99.64
2025-06-01,BR002,MED445,BAT003713,2027-01-05,Mahalaxmi Pharma Agencies,5,91.3
2025-06-01,BR002,MED445,BAT006312,2027-02-15,Mahalaxmi Pharma Agencies,1,97.25
2025-06-01,BR002,MED445,BAT004903,2026-11-25,Navkar Pharma Agency,2,95.72
2025-06-01,BR002,MED445,BAT006900,2025-10-08,Navkar Pharma Agency,10,90.22
2025-06-01,BR002,MED451,BAT003632,2026-12-28,Panvel Pharma Supplies,8,61.98
2025-06-01,BR002,MED455,BAT004041,2026-11-30,Deccan Drug House,2,60.51
2025-06-01,BR002,MED455,BAT004605,2027-03-09,Deccan Drug House,5,66.0
2025-06-01,BR002,MED455,BAT002132,2026-12-27,Apex Pharma Wholesale,5,60.12
2025-06-01,BR002,MED457,BAT005463,2026-12-10,Panvel Pharma Supplies,3,30.46
2025-06-01,BR002,MED457,BAT006562,2025-10-12,Panvel Pharma Supplies,5,31.65
2025-06-01,BR002,MED459,BAT006397,2027-04-03,Navkar Pharma Agency,30,37.07
2025-06-01,BR002,MED459,BAT006799,2027-02-22,Navkar Pharma Agency,8,36.65
2025-06-01,BR002,MED463,BAT006003,2027-03-27,Thane Medico Traders,8,21.65
2025-06-01,BR002,MED464,BAT004363,2026-12-04,Mahalaxmi Pharma Agencies,4,21.42
2025-06-01,BR002,MED464,BAT006656,2026-11-04,Mahalaxmi Pharma Agencies,1,22.09
2025-06-01,BR002,MED467,BAT006063,2027-02-25,Apex Pharma Wholesale,4,28.08
2025-06-01,BR002,MED467,BAT006901,2026-12-08,Apex Pharma Wholesale,10,27.82
2025-06-01,BR002,MED470,BAT005698,2027-04-02,Navkar Pharma Agency,6,25.06
2025-06-01,BR002,MED477,BAT006755,2026-10-28,Vasai Virar Medico,3,146.04
2025-06-01,BR002,MED480,BAT004918,2028-03-28,Panvel Pharma Supplies,1,56.55
2025-06-01,BR002,MED480,BAT006705,2028-04-06,Panvel Pharma Supplies,1,51.17
2025-06-01,BR002,MED480,BAT007023,2028-02-15,Panvel Pharma Supplies,10,58.01
2025-06-01,BR002,MED480,BAT007349,2028-04-02,Panvel Pharma Supplies,1,53.97
2025-06-01,BR002,MED481,BAT001994,2027-11-17,Mahalaxmi Pharma Agencies,5,61.34
2025-06-01,BR002,MED481,BAT004423,2027-10-23,Dadar Wholesale Drugs,5,52.85
2025-06-01,BR002,MED481,BAT005899,2028-02-12,Neelkanth Pharma Link,5,57.94
2025-06-01,BR002,MED483,BAT006341,2026-08-24,Lifeline Medico Distributors,1,51.22
2025-06-01,BR002,MED483,BAT006634,2026-10-20,Lifeline Medico Distributors,9,55.83
2025-06-01,BR002,MED483,BAT007071,2026-06-11,Lifeline Medico Distributors,1,61.62
2025-06-01,BR002,MED487,BAT000980,2026-12-24,Dadar Wholesale Drugs,1,97.95
2025-06-01,BR002,MED487,BAT005666,2025-09-08,Dadar Wholesale Drugs,5,119.86
2025-06-01,BR002,MED488,BAT005410,2026-10-14,Dadar Wholesale Drugs,4,113.05
2025-06-01,BR002,MED488,BAT006820,2026-11-03,Neelkanth Pharma Link,5,118.97
2025-06-01,BR002,MED490,BAT004540,2026-12-07,Lifeline Medico Distributors,1,43.87
2025-06-01,BR002,MED490,BAT003786,2027-02-18,Mira Road Drug House,1,44.1
2025-06-01,BR002,MED490,BAT006342,2026-12-30,Mira Road Drug House,1,47.77
2025-06-01,BR002,MED490,BAT006535,2027-03-14,Mira Road Drug House,1,42.92
2025-06-01,BR002,MED490,BAT006702,2025-10-27,Mira Road Drug House,2,47.55
2025-06-01,BR002,MED493,BAT004948,2028-02-23,Panvel Pharma Supplies,2,142.03
2025-06-01,BR002,MED493,BAT006846,2027-10-30,Vasai Virar Medico,2,145.77
2025-06-01,BR002,MED498,BAT000498,2025-11-22,Dadar Wholesale Drugs,4,106.47
2025-06-01,BR002,MED498,BAT005187,2026-06-26,Jai Hind Medical Agencies,5,102.97
2025-06-01,BR003,MED001,BAT006417,2028-04-14,Goregaon Medi Wholesale,11,17.15
2025-06-01,BR003,MED001,BAT007340,2027-12-17,Goregaon Medi Wholesale,73,17.33
2025-06-01,BR003,MED002,BAT007180,2028-04-03,Dadar Wholesale Drugs,15,31.1
2025-06-01,BR003,MED003,BAT006475,2027-01-20,Bhiwandi Drug Depot,1,63.84
2025-06-01,BR003,MED003,BAT006847,2027-05-03,Bhiwandi Drug Depot,17,73.6
2025-06-01,BR003,MED003,BAT004070,2026-12-19,Goregaon Medi Wholesale,1,71.03
2025-06-01,BR003,MED003,BAT006293,2026-12-29,Goregaon Medi Wholesale,1,63.66
2025-06-01,BR003,MED004,BAT005719,2027-02-01,Deccan Drug House,1,94.17
2025-06-01,BR003,MED004,BAT006476,2026-10-03,Bhiwandi Drug Depot,4,95.11
2025-06-01,BR003,MED004,BAT005948,2027-02-12,Chembur Pharma Depot,1,95.66
2025-06-01,BR003,MED005,BAT006984,2025-08-08,Mira Road Drug House,26,19.43
2025-06-01,BR003,MED006,BAT005520,2025-09-18,Lifeline Medico Distributors,1,35.53
2025-06-01,BR003,MED006,BAT003724,2026-01-23,Malad Healthcare Supply,11,35.13
2025-06-01,BR003,MED006,BAT006194,2025-10-04,Malad Healthcare Supply,5,37.68
2025-06-01,BR003,MED008,BAT007223,2028-01-31,Om Sai Medicorp,7,151.15
2025-06-01,BR003,MED008,BAT003752,2028-01-31,Vashi Pharma Hub,7,132.55
2025-06-01,BR003,MED009,BAT006223,2027-01-26,Konkan Healthcare Traders,4,59.82
2025-06-01,BR003,MED009,BAT007049,2026-12-16,Konkan Healthcare Traders,50,53.39
2025-06-01,BR003,MED009,BAT005394,2027-04-02,Arihant Pharma Traders,20,53.92
2025-06-01,BR003,MED010,BAT003352,2027-09-26,Sai Pharma Distributors,4,43.02
2025-06-01,BR003,MED010,BAT005554,2028-03-14,Sai Pharma Distributors,5,37.79
2025-06-01,BR003,MED010,BAT006356,2028-01-09,Sai Pharma Distributors,5,37.91
2025-06-01,BR003,MED010,BAT007328,2027-12-20,Sai Pharma Distributors,6,38.91
2025-06-01,BR003,MED011,BAT007374,2027-12-22,Siddhivinayak Drug Agency,162,25.94
2025-06-01,BR003,MED012,BAT004351,2027-03-10,Konkan Healthcare Traders,45,81.64
2025-06-01,BR003,MED012,BAT006118,2027-02-27,Om Sai Medicorp,20,77.55
2025-06-01,BR003,MED013,BAT006996,2028-03-22,Ulhasnagar Drug Centre,29,24.95
2025-06-01,BR003,MED014,BAT005699,2028-04-08,Jai Hind Medical Agencies,14,95.76
2025-06-01,BR003,MED014,BAT006848,2027-10-01,Jai Hind Medical Agencies,35,97.47
2025-06-01,BR003,MED015,BAT002104,2026-05-18,Western Drugs & Surgicals,6,89.97
2025-06-01,BR003,MED015,BAT006538,2025-09-22,Western Drugs & Surgicals,18,85.63
2025-06-01,BR003,MED016,BAT000016,2026-05-13,Vashi Pharma Hub,4,116.98
2025-06-01,BR003,MED016,BAT002213,2026-03-04,Vashi Pharma Hub,2,132.52
2025-06-01,BR003,MED016,BAT006875,2026-09-22,Ulhasnagar Drug Centre,7,126.73
2025-06-01,BR003,MED017,BAT007240,2027-04-29,Ulhasnagar Drug Centre,40,21.04
2025-06-01,BR003,MED018,BAT006895,2026-10-23,Vasai Virar Medico,5,113.19
2025-06-01,BR003,MED019,BAT006822,2025-07-17,Lifeline Medico Distributors,11,65.91
2025-06-01,BR003,MED019,BAT003145,2026-08-16,Mira Road Drug House,3,65.55
2025-06-01,BR003,MED019,BAT005662,2026-09-01,Mira Road Drug House,1,65.45
2025-06-01,BR003,MED019,BAT006664,2026-05-20,Mira Road Drug House,1,64.29
2025-06-01,BR003,MED020,BAT002140,2026-04-23,Apex Pharma Wholesale,4,96.7
2025-06-01,BR003,MED020,BAT005961,2026-04-01,Apex Pharma Wholesale,11,101.23
2025-06-01,BR003,MED020,BAT007316,2026-09-13,Apex Pharma Wholesale,5,110.59
2025-06-01,BR003,MED022,BAT006509,2027-03-22,Sahyadri Pharma Distributors,1,48.69
2025-06-01,BR003,MED022,BAT007037,2027-04-06,Sahyadri Pharma Distributors,10,56.77
2025-06-01,BR003,MED023,BAT000023,2027-11-01,Pioneer Healthcare Distributors,2,62.66
2025-06-01,BR003,MED023,BAT003644,2027-12-03,Bhiwandi Drug Depot,7,52.7
2025-06-01,BR003,MED023,BAT006759,2028-04-09,Bhiwandi Drug Depot,7,60.18
2025-06-01,BR003,MED023,BAT001201,2027-10-27,Apex Pharma Wholesale,2,54.5
2025-06-01,BR003,MED024,BAT006399,2026-12-10,Om Sai Medicorp,22,84.45
2025-06-01,BR003,MED025,BAT006665,2028-04-02,Siddhivinayak Drug Agency,9,47.45
2025-06-01,BR003,MED025,BAT007095,2028-04-10,Siddhivinayak Drug Agency,2,47.34
2025-06-01,BR003,MED026,BAT004426,2026-12-10,Goregaon Medi Wholesale,3,57.22
2025-06-01,BR003,MED026,BAT006020,2025-06-23,Goregaon Medi Wholesale,2,54.37
2025-06-01,BR003,MED026,BAT007038,2025-11-27,Goregaon Medi Wholesale,6,56.29
2025-06-01,BR003,MED027,BAT005837,2027-04-05,Siddhivinayak Drug Agency,6,167.66
2025-06-01,BR003,MED027,BAT006913,2025-10-09,Siddhivinayak Drug Agency,7,149.9
2025-06-01,BR003,MED027,BAT006959,2026-10-31,Siddhivinayak Drug Agency,2,164.89
2025-06-01,BR003,MED028,BAT006419,2028-04-23,Malad Healthcare Supply,6,36.03
2025-06-01,BR003,MED029,BAT003481,2026-08-27,Ulhasnagar Drug Centre,7,25.88
2025-06-01,BR003,MED029,BAT004080,2026-08-13,Ulhasnagar Drug Centre,3,27.84
2025-06-01,BR003,MED030,BAT006234,2028-04-15,Malad Healthcare Supply,11,50.56
2025-06-01,BR003,MED031,BAT006732,2027-04-23,Thane Medico Traders,28,152.28
2025-06-01,BR003,MED032,BAT002861,2025-06-26,Kalyan Medical Stores,4,9.36
2025-06-01,BR003,MED032,BAT005421,2025-09-11,Kalyan Medical Stores,7,9.07
2025-06-01,BR003,MED033,BAT006375,2027-03-26,Pioneer Healthcare Distributors,24,41.14
2025-06-01,BR003,MED033,BAT007051,2027-02-06,Pioneer Healthcare Distributors,58,38.68
2025-06-01,BR003,MED034,BAT003691,2027-10-24,Konkan Healthcare Traders,14,34.01
2025-06-01,BR003,MED034,BAT005039,2027-09-08,Western Drugs & Surgicals,3,38.78
2025-06-01,BR003,MED034,BAT006720,2025-10-08,Dadar Wholesale Drugs,29,31.02
2025-06-01,BR003,MED035,BAT006960,2026-02-27,Arihant Pharma Traders,14,17.81
2025-06-01,BR003,MED035,BAT005867,2026-03-14,Vasai Virar Medico,1,14.86
2025-06-01,BR003,MED036,BAT003408,2027-10-21,Konkan Healthcare Traders,2,23.49
2025-06-01,BR003,MED036,BAT006498,2027-12-09,Konkan Healthcare Traders,7,21.78
2025-06-01,BR003,MED037,BAT004736,2027-11-24,Pioneer Healthcare Distributors,56,103.24
2025-06-01,BR003,MED037,BAT005789,2027-11-17,Pioneer Healthcare Distributors,16,102.43
2025-06-01,BR003,MED037,BAT006745,2027-10-03,Pioneer Healthcare Distributors,29,93.44
2025-06-01,BR003,MED038,BAT003196,2027-12-24,Arihant Pharma Traders,2,67.57
2025-06-01,BR003,MED038,BAT004277,2028-02-25,Arihant Pharma Traders,1,61.23
2025-06-01,BR003,MED038,BAT006823,2027-11-13,Arihant Pharma Traders,5,59.98
2025-06-01,BR003,MED038,BAT004882,2028-02-20,Neelkanth Pharma Link,1,59.14
2025-06-01,BR003,MED038,BAT005944,2028-03-07,Neelkanth Pharma Link,1,62.92
2025-06-01,BR003,MED038,BAT006986,2028-05-10,Neelkanth Pharma Link,1,63.63
2025-06-01,BR003,MED039,BAT007229,2028-01-29,Konkan Healthcare Traders,43,53.1
2025-06-01,BR003,MED040,BAT006903,2026-12-01,Neelkanth Pharma Link,14,125.93
2025-06-01,BR003,MED043,BAT006218,2027-03-15,Vashi Pharma Hub,24,125.37
2025-06-01,BR003,MED043,BAT007381,2026-12-01,Vashi Pharma Hub,48,116.28
2025-06-01,BR003,MED044,BAT003852,2027-08-23,Jai Hind Medical Agencies,9,308.13
2025-06-01,BR003,MED044,BAT007106,2025-08-04,Jai Hind Medical Agencies,5,268.3
2025-06-01,BR003,MED055,BAT005644,2027-11-09,Shree Ganesh Medico,4,140.07
2025-06-01,BR003,MED055,BAT000650,2027-12-26,Mira Road Drug House,2,140.29
2025-06-01,BR003,MED055,BAT006947,2025-07-10,Mira Road Drug House,6,134.4
2025-06-01,BR003,MED063,BAT007230,2028-04-27,Konkan Healthcare Traders,17,31.15
2025-06-01,BR003,MED063,BAT007382,2025-11-25,Lifeline Medico Distributors,1,30.66
2025-06-01,BR003,MED067,BAT000067,2027-09-27,Sai Pharma Distributors,4,24.55
2025-06-01,BR003,MED069,BAT002772,2027-09-07,Dadar Wholesale Drugs,1,20.97
2025-06-01,BR003,MED069,BAT006577,2025-08-17,Dadar Wholesale Drugs,2,20.6
2025-06-01,BR003,MED069,BAT005774,2025-09-04,Chembur Pharma Depot,1,21.21
2025-06-01,BR003,MED069,BAT006598,2025-08-25,Chembur Pharma Depot,1,22.4
2025-06-01,BR003,MED069,BAT007317,2025-09-25,Chembur Pharma Depot,20,20.69
2025-06-01,BR003,MED071,BAT000574,2027-10-26,Goregaon Medi Wholesale,2,22.69
2025-06-01,BR003,MED071,BAT007224,2028-05-14,Goregaon Medi Wholesale,7,21.99
2025-06-01,BR003,MED071,BAT003985,2027-09-28,Sahyadri Pharma Distributors,4,23.96
2025-06-01,BR003,MED072,BAT002227,2028-01-31,Konkan Healthcare Traders,1,25.7
2025-06-01,BR003,MED072,BAT006408,2028-03-02,Konkan Healthcare Traders,13,25.96
2025-06-01,BR003,MED073,BAT005555,2028-03-14,Sahyadri Pharma Distributors,7,31.94
2025-06-01,BR003,MED082,BAT006499,2028-02-03,Bhiwandi Drug Depot,12,55.26
2025-06-01,BR003,MED091,BAT006945,2025-09-25,Goregaon Medi Wholesale,34,17.71
2025-06-01,BR003,MED092,BAT003396,2028-01-09,Bhiwandi Drug Depot,6,17.85
2025-06-01,BR003,MED092,BAT001159,2027-12-24,Apex Pharma Wholesale,6,18.21
2025-06-01,BR003,MED092,BAT006198,2027-12-14,Apex Pharma Wholesale,4,21.33
2025-06-01,BR003,MED093,BAT002822,2027-09-25,Bhiwandi Drug Depot,1,21.44
2025-06-01,BR003,MED093,BAT005634,2027-10-03,Bhiwandi Drug Depot,11,24.7
2025-06-01,BR003,MED097,BAT004742,2026-12-20,Chembur Pharma Depot,12,85.17
2025-06-01,BR003,MED097,BAT005885,2025-08-27,Chembur Pharma Depot,7,88.88
2025-06-01,BR003,MED098,BAT006377,2027-03-30,Bhiwandi Drug Depot,1,88.46
2025-06-01,BR003,MED098,BAT006604,2026-10-23,Bhiwandi Drug Depot,7,99.94
2025-06-01,BR003,MED100,BAT000537,2026-06-12,Om Sai Medicorp,1,92.42
2025-06-01,BR003,MED100,BAT000100,2026-10-27,Kalyan Medical Stores,6,91.26
2025-06-01,BR003,MED101,BAT006714,2027-04-05,Goregaon Medi Wholesale,11,152.61
2025-06-01,BR003,MED103,BAT004404,2027-03-10,Om Sai Medicorp,3,138.58
2025-06-01,BR003,MED103,BAT005396,2025-07-23,Om Sai Medicorp,8,126.12
2025-06-01,BR003,MED103,BAT006675,2027-04-26,Bhiwandi Drug Depot,6,145.53
2025-06-01,BR003,MED106,BAT006982,2026-10-14,Sai Pharma Distributors,9,156.44
2025-06-01,BR003,MED106,BAT005021,2027-03-30,Deccan Drug House,2,160.63
2025-06-01,BR003,MED115,BAT004588,2026-11-12,Sai Pharma Distributors,4,125.78
2025-06-01,BR003,MED115,BAT006647,2026-10-08,Sai Pharma Distributors,24,116.71
2025-06-01,BR003,MED115,BAT006285,2027-03-22,Siddhivinayak Drug Agency,7,126.37
2025-06-01,BR003,MED120,BAT004663,2027-02-05,Om Sai Medicorp,7,80.12
2025-06-01,BR003,MED120,BAT007408,2026-11-12,Sai Pharma Distributors,5,78.71
2025-06-01,BR003,MED121,BAT004975,2027-03-03,Sai Pharma Distributors,6,92.11
2025-06-01,BR003,MED121,BAT005965,2026-09-29,Sai Pharma Distributors,4,83.72
2025-06-01,BR003,MED123,BAT003878,2027-02-25,Deccan Drug House,6,72.49
2025-06-01,BR003,MED123,BAT000123,2026-09-30,Bhiwandi Drug Depot,4,69.13
2025-06-01,BR003,MED125,BAT006066,2027-01-05,Sai Pharma Distributors,6,82.95
2025-06-01,BR003,MED125,BAT004282,2026-10-25,Bhiwandi Drug Depot,1,80.64
2025-06-01,BR003,MED130,BAT003650,2028-02-03,Deccan Drug House,1,52.83
2025-06-01,BR003,MED142,BAT006313,2028-04-03,Bombay Medi Supply,3,39.59
2025-06-01,BR003,MED150,BAT006135,2028-02-23,Ulhasnagar Drug Centre,3,21.73
2025-06-01,BR003,MED150,BAT007202,2028-04-26,Ulhasnagar Drug Centre,18,18.12
2025-06-01,BR003,MED152,BAT007373,2026-01-25,Maharashtra Pharma Link,22,38.54
2025-06-01,BR003,MED155,BAT006322,2025-11-08,Lifeline Medico Distributors,6,33.46
2025-06-01,BR003,MED155,BAT006925,2025-07-10,Lifeline Medico Distributors,5,31.95
2025-06-01,BR003,MED156,BAT005426,2026-01-22,Shree Ganesh Medico,1,38.37
2025-06-01,BR003,MED156,BAT002571,2026-01-26,Maharashtra Pharma Link,7,37.99
2025-06-01,BR003,MED159,BAT006269,2025-09-20,Malad Healthcare Supply,6,48.86
2025-06-01,BR003,MED161,BAT001131,2025-11-26,Chembur Pharma Depot,1,40.62
2025-06-01,BR003,MED161,BAT004227,2025-12-06,Chembur Pharma Depot,7,40.5
2025-06-01,BR003,MED170,BAT000170,2027-05-16,Shree Ganesh Medico,1,17.9
2025-06-01,BR003,MED170,BAT002617,2027-10-20,Bhiwandi Drug Depot,6,19.34
2025-06-01,BR003,MED173,BAT007204,2028-01-22,Shree Ganesh Medico,123,16.84
2025-06-01,BR003,MED173,BAT005264,2028-04-02,Vashi Pharma Hub,1,16.57
2025-06-01,BR003,MED179,BAT006437,2028-03-30,Western Drugs & Surgicals,9,9.82
2025-06-01,BR003,MED186,BAT000186,2027-12-05,Mira Road Drug House,4,162.86
2025-06-01,BR003,MED186,BAT006271,2025-11-03,Mira Road Drug House,4,142.27
2025-06-01,BR003,MED187,BAT000641,2027-12-05,Western Drugs & Surgicals,2,165.34
2025-06-01,BR003,MED188,BAT004202,2027-10-24,Western Drugs & Surgicals,10,159.78
2025-06-01,BR003,MED188,BAT005794,2027-12-21,Panvel Pharma Supplies,7,150.38
2025-06-01,BR003,MED196,BAT001255,2027-11-11,Lifeline Medico Distributors,6,58.57
2025-06-01,BR003,MED196,BAT004184,2025-07-13,Mira Road Drug House,2,53.41
2025-06-01,BR003,MED196,BAT007345,2025-11-10,Mira Road Drug House,7,57.23
2025-06-01,BR003,MED204,BAT003498,2027-02-13,Lifeline Medico Distributors,5,117.24
2025-06-01,BR003,MED204,BAT007208,2027-03-30,Lifeline Medico Distributors,6,132.2
2025-06-01,BR003,MED204,BAT000955,2026-07-12,Panvel Pharma Supplies,3,123.1
2025-06-01,BR003,MED204,BAT005925,2025-08-13,Panvel Pharma Supplies,2,121.35
2025-06-01,BR003,MED205,BAT006886,2028-04-22,Western Drugs & Surgicals,7,41.12
2025-06-01,BR003,MED213,BAT000213,2027-12-05,Konkan Healthcare Traders,3,21.31
2025-06-01,BR003,MED213,BAT006756,2027-12-29,Konkan Healthcare Traders,6,19.44
2025-06-01,BR003,MED213,BAT004811,2027-10-12,Arihant Pharma Traders,1,19.01
2025-06-01,BR003,MED214,BAT003264,2027-01-17,Sai Pharma Distributors,3,35.43
2025-06-01,BR003,MED214,BAT004688,2027-03-01,Vasai Virar Medico,7,33.89
2025-06-01,BR003,MED214,BAT007109,2027-01-22,Vasai Virar Medico,7,39.41
2025-06-01,BR003,MED220,BAT002632,2026-10-02,Arihant Pharma Traders,15,39.69
2025-06-01,BR003,MED220,BAT000220,2026-11-14,Neelkanth Pharma Link,6,40.92
2025-06-01,BR003,MED220,BAT001588,2026-11-12,Neelkanth Pharma Link,5,42.84
2025-06-01,BR003,MED229,BAT005492,2027-12-23,Vasai Virar Medico,3,39.18
2025-06-01,BR003,MED234,BAT006046,2028-03-31,Konkan Healthcare Traders,10,47.04
2025-06-01,BR003,MED234,BAT007319,2028-03-09,Arihant Pharma Traders,23,46.41
2025-06-01,BR003,MED241,BAT002658,2026-02-06,Konkan Healthcare Traders,7,16.03
2025-06-01,BR003,MED241,BAT006977,2025-12-30,Konkan Healthcare Traders,23,17.25
2025-06-01,BR003,MED247,BAT007363,2026-11-25,Konkan Healthcare Traders,23,60.68
2025-06-01,BR003,MED247,BAT005062,2027-03-01,Vasai Virar Medico,10,51.15
2025-06-01,BR003,MED248,BAT000248,2026-05-22,Dadar Wholesale Drugs,4,51.56
2025-06-01,BR003,MED248,BAT006531,2025-10-18,Dadar Wholesale Drugs,2,56.89
2025-06-01,BR003,MED248,BAT003161,2026-12-20,Pioneer Healthcare Distributors,7,59.5
2025-06-01,BR003,MED253,BAT003810,2026-09-06,Dadar Wholesale Drugs,4,62.67
2025-06-01,BR003,MED253,BAT006908,2026-12-10,Dadar Wholesale Drugs,7,72.1
2025-06-01,BR003,MED253,BAT004454,2026-12-12,Arihant Pharma Traders,7,71.28
2025-06-01,BR003,MED257,BAT007110,2025-10-10,Om Sai Medicorp,25,28.17
2025-06-01,BR003,MED257,BAT005807,2028-02-06,Siddhivinayak Drug Agency,11,26.92
2025-06-01,BR003,MED262,BAT007210,2028-01-27,Bombay Medi Supply,5,35.19
2025-06-01,BR003,MED262,BAT004284,2028-03-07,Arihant Pharma Traders,1,36.04
2025-06-01,BR003,MED262,BAT005399,2028-02-26,Arihant Pharma Traders,14,37.42
2025-06-01,BR003,MED268,BAT003761,2028-02-20,Sahyadri Pharma Distributors,6,34.16
2025-06-01,BR003,MED268,BAT005599,2028-01-02,Sahyadri Pharma Distributors,3,36.4
2025-06-01,BR003,MED269,BAT006817,2027-11-28,Dadar Wholesale Drugs,21,31.9
2025-06-01,BR003,MED269,BAT007212,2027-11-07,Dadar Wholesale Drugs,92,34.43
2025-06-01,BR003,MED269,BAT003738,2028-02-17,Siddhivinayak Drug Agency,17,37.1
2025-06-01,BR003,MED277,BAT006373,2028-03-27,Neelkanth Pharma Link,16,6.62
2025-06-01,BR003,MED277,BAT007306,2028-02-28,Neelkanth Pharma Link,2,7.05
2025-06-01,BR003,MED278,BAT006677,2027-11-17,Om Sai Medicorp,4,6.11
2025-06-01,BR003,MED278,BAT007337,2027-11-05,Bombay Medi Supply,22,6.73
2025-06-01,BR003,MED280,BAT003918,2028-02-15,Navkar Pharma Agency,1,6.79
2025-06-01,BR003,MED280,BAT007307,2028-02-27,Navkar Pharma Agency,19,7.81
2025-06-01,BR003,MED283,BAT006382,2027-01-07,Neelkanth Pharma Link,8,74.24
2025-06-01,BR003,MED289,BAT000723,2026-09-17,Dadar Wholesale Drugs,2,99.56
2025-06-01,BR003,MED289,BAT003384,2026-10-03,Dadar Wholesale Drugs,6,101.43
2025-06-01,BR003,MED289,BAT006287,2025-11-05,Dadar Wholesale Drugs,7,107.24
2025-06-01,BR003,MED290,BAT000290,2026-11-29,Konkan Healthcare Traders,1,100.65
2025-06-01,BR003,MED290,BAT003310,2026-11-01,Konkan Healthcare Traders,5,95.51
2025-06-01,BR003,MED290,BAT005706,2027-03-22,Konkan Healthcare Traders,7,115.0
2025-06-01,BR003,MED294,BAT007214,2027-10-25,Om Sai Medicorp,6,67.3
2025-06-01,BR003,MED294,BAT001043,2028-01-05,Siddhivinayak Drug Agency,5,70.43
2025-06-01,BR003,MED294,BAT005519,2027-12-13,Siddhivinayak Drug Agency,2,78.62
2025-06-01,BR003,MED299,BAT006383,2028-04-26,Bombay Medi Supply,28,64.48
2025-06-01,BR003,MED305,BAT004992,2025-07-13,Dadar Wholesale Drugs,3,66.69
2025-06-01,BR003,MED305,BAT006891,2027-12-29,Dadar Wholesale Drugs,56,73.89
2025-06-01,BR003,MED311,BAT005974,2027-11-06,Om Sai Medicorp,9,62.29
2025-06-01,BR003,MED311,BAT001091,2028-01-05,Neelkanth Pharma Link,2,68.5
2025-06-01,BR003,MED312,BAT002027,2027-12-07,Arihant Pharma Traders,6,62.48
2025-06-01,BR003,MED315,BAT007244,2027-03-21,Bombay Medi Supply,12,127.17
2025-06-01,BR003,MED319,BAT006384,2027-03-11,Navkar Pharma Agency,27,174.74
2025-06-01,BR003,MED319,BAT006797,2026-12-19,Navkar Pharma Agency,19,153.71
2025-06-01,BR003,MED321,BAT004643,2027-02-18,Sahyadri Pharma Distributors,4,146.29
2025-06-01,BR003,MED334,BAT004699,2027-11-14,Sahyadri Pharma Distributors,5,105.18
2025-06-01,BR003,MED334,BAT006620,2028-01-18,Sahyadri Pharma Distributors,6,103.96
2025-06-01,BR003,MED334,BAT007411,2028-02-02,Sahyadri Pharma Distributors,6,105.73
2025-06-01,BR003,MED335,BAT003931,2028-03-01,Om Sai Medicorp,7,104.26
2025-06-01,BR003,MED335,BAT002853,2028-02-15,Siddhivinayak Drug Agency,6,120.83
2025-06-01,BR003,MED336,BAT001466,2027-11-29,Navkar Pharma Agency,3,119.49
2025-06-01,BR003,MED336,BAT002318,2027-12-20,Navkar Pharma Agency,6,134.86
2025-06-01,BR003,MED336,BAT003898,2028-01-07,Arihant Pharma Traders,6,133.53
2025-06-01,BR003,MED336,BAT006165,2028-03-17,Arihant Pharma Traders,6,118.39
2025-06-01,BR003,MED339,BAT003124,2027-09-28,Om Sai Medicorp,7,121.62
2025-06-01,BR003,MED339,BAT000339,2027-10-07,Pioneer Healthcare Distributors,2,134.07
2025-06-01,BR003,MED339,BAT005453,2028-02-26,Pioneer Healthcare Distributors,6,113.72
2025-06-01,BR003,MED339,BAT006220,2028-02-25,Pioneer Healthcare Distributors,5,131.19
2025-06-01,BR003,MED341,BAT006726,2027-11-19,Om Sai Medicorp,2,147.99
2025-06-01,BR003,MED341,BAT007034,2028-01-11,Om Sai Medicorp,1,146.4
2025-06-01,BR003,MED341,BAT007346,2027-12-15,Om Sai Medicorp,14,140.46
2025-06-01,BR003,MED343,BAT006757,2028-02-20,Sahyadri Pharma Distributors,16,125.0
2025-06-01,BR003,MED344,BAT005655,2028-03-02,Navkar Pharma Agency,8,47.72
2025-06-01,BR003,MED344,BAT006461,2027-12-11,Navkar Pharma Agency,10,47.32
2025-06-01,BR003,MED359,BAT000502,2027-11-27,Thane Medico Traders,1,120.57
2025-06-01,BR003,MED359,BAT006902,2027-11-27,Thane Medico Traders,7,115.42
2025-06-01,BR003,MED359,BAT002303,2027-07-29,Jai Hind Medical Agencies,3,110.32
2025-06-01,BR003,MED368,BAT000368,2027-06-05,Shree Ganesh Medico,4,156.12
2025-06-01,BR003,MED368,BAT006753,2027-10-07,Shree Ganesh Medico,6,165.42
2025-06-01,BR003,MED368,BAT001840,2027-07-07,Neelkanth Pharma Link,6,164.27
2025-06-01,BR003,MED368,BAT003115,2027-12-09,Neelkanth Pharma Link,6,163.81
2025-06-01,BR003,MED368,BAT004545,2025-07-05,Neelkanth Pharma Link,4,166.19
2025-06-01,BR003,MED371,BAT000371,2027-12-16,Shree Ganesh Medico,2,141.65
2025-06-01,BR003,MED371,BAT003165,2028-02-10,Shree Ganesh Medico,7,143.69
2025-06-01,BR003,MED371,BAT002047,2027-10-24,Navkar Pharma Agency,5,153.05
2025-06-01,BR003,MED371,BAT006265,2028-01-05,Navkar Pharma Agency,7,166.81
2025-06-01,BR003,MED377,BAT005478,2026-11-06,Bombay Medi Supply,1,118.98
2025-06-01,BR003,MED377,BAT006954,2027-01-15,Bombay Medi Supply,11,121.77
2025-06-01,BR003,MED381,BAT005148,2026-12-30,Neelkanth Pharma Link,8,135.04
2025-06-01,BR003,MED381,BAT006727,2026-12-04,Neelkanth Pharma Link,31,137.2
2025-06-01,BR003,MED403,BAT002430,2027-12-08,Shree Ganesh Medico,4,324.47
2025-06-01,BR003,MED403,BAT003662,2027-10-14,Shree Ganesh Medico,1,378.2
2025-06-01,BR003,MED403,BAT006448,2027-09-25,Shree Ganesh Medico,6,317.47
2025-06-01,BR003,MED405,BAT000556,2027-11-21,Arihant Pharma Traders,1,355.36
2025-06-01,BR003,MED405,BAT005503,2027-09-24,Arihant Pharma Traders,4,363.14
2025-06-01,BR003,MED405,BAT007167,2028-03-19,Arihant Pharma Traders,6,357.24
2025-06-01,BR003,MED411,BAT006283,2026-08-06,Ulhasnagar Drug Centre,1,93.5
2025-06-01,BR003,MED411,BAT007150,2026-11-05,Ulhasnagar Drug Centre,14,108.22
2025-06-01,BR003,MED417,BAT000908,2026-09-29,Vashi Pharma Hub,5,83.35
2025-06-01,BR003,MED417,BAT006406,2025-10-06,Vashi Pharma Hub,2,84.5
2025-06-01,BR003,MED421,BAT002123,2027-01-03,Siddhivinayak Drug Agency,2,160.43
2025-06-01,BR003,MED421,BAT003638,2027-01-02,Siddhivinayak Drug Agency,4,133.04
2025-06-01,BR003,MED421,BAT006844,2026-10-12,Siddhivinayak Drug Agency,5,160.62
2025-06-01,BR003,MED422,BAT002804,2026-07-25,Siddhivinayak Drug Agency,2,135.57
2025-06-01,BR003,MED422,BAT004323,2026-09-23,Siddhivinayak Drug Agency,6,138.96
2025-06-01,BR003,MED422,BAT006937,2025-07-22,Jai Hind Medical Agencies,5,119.15
2025-06-01,BR003,MED425,BAT001906,2026-12-11,Kalyan Medical Stores,1,170.52
2025-06-01,BR003,MED425,BAT005779,2026-10-11,Kalyan Medical Stores,8,152.52
2025-06-01,BR003,MED427,BAT005812,2026-09-01,Siddhivinayak Drug Agency,8,170.72
2025-06-01,BR003,MED440,BAT005903,2026-06-02,Maharashtra Pharma Link,8,124.96
2025-06-01,BR003,MED443,BAT005099,2027-02-16,Ulhasnagar Drug Centre,7,103.15
2025-06-01,BR003,MED443,BAT006526,2026-11-08,Ulhasnagar Drug Centre,1,102.29
2025-06-01,BR003,MED444,BAT006116,2027-04-18,Thane Medico Traders,1,98.85
2025-06-01,BR003,MED444,BAT006358,2027-04-07,Thane Medico Traders,9,101.24
2025-06-01,BR003,MED444,BAT007069,2027-04-07,Thane Medico Traders,1,99.64
2025-06-01,BR003,MED445,BAT006413,2027-04-20,Navkar Pharma Agency,10,94.39
2025-06-01,BR003,MED445,BAT007152,2026-10-28,Goregaon Medi Wholesale,18,90.11
2025-06-01,BR003,MED451,BAT005997,2025-07-22,Navkar Pharma Agency,9,65.07
2025-06-01,BR003,MED455,BAT004041,2026-11-30,Deccan Drug House,1,60.51
2025-06-01,BR003,MED455,BAT004605,2027-03-09,Deccan Drug House,7,66.0
2025-06-01,BR003,MED455,BAT002132,2026-12-27,Apex Pharma Wholesale,1,60.12
2025-06-01,BR003,MED457,BAT006562,2025-10-12,Panvel Pharma Supplies,7,31.65
2025-06-01,BR003,MED459,BAT007136,2027-04-18,Deccan Drug House,62,36.59
2025-06-01,BR003,MED463,BAT003011,2027-02-14,Thane Medico Traders,1,19.38
2025-06-01,BR003,MED463,BAT005130,2027-02-07,Thane Medico Traders,8,20.74
2025-06-01,BR003,MED463,BAT006003,2027-03-27,Thane Medico Traders,1,21.65
2025-06-01,BR003,MED463,BAT007221,2026-10-06,Deccan Drug House,1,18.04
2025-06-01,BR003,MED464,BAT004363,2026-12-04,Mahalaxmi Pharma Agencies,3,21.42
2025-06-01,BR003,MED464,BAT006656,2026-11-04,Mahalaxmi Pharma Agencies,11,22.09
2025-06-01,BR003,MED467,BAT003821,2026-11-24,Vasai Virar Medico,7,27.7
2025-06-01,BR003,MED467,BAT001982,2027-01-25,Apex Pharma Wholesale,3,27.99
2025-06-01,BR003,MED467,BAT004854,2026-09-11,Apex Pharma Wholesale,1,23.89
2025-06-01,BR003,MED467,BAT006063,2027-02-25,Apex Pharma Wholesale,6,28.08
2025-06-01,BR003,MED467,BAT006901,2026-12-08,Apex Pharma Wholesale,6,27.82
2025-06-01,BR003,MED470,BAT006169,2027-03-29,Navkar Pharma Agency,7,28.26
2025-06-01,BR003,MED470,BAT007117,2027-01-13,Navkar Pharma Agency,12,29.2
2025-06-01,BR003,MED477,BAT004042,2026-08-14,Deccan Drug House,5,141.94
2025-06-01,BR003,MED477,BAT006755,2026-10-28,Vasai Virar Medico,5,146.04
2025-06-01,BR003,MED480,BAT006705,2028-04-06,Panvel Pharma Supplies,1,51.17
2025-06-01,BR003,MED480,BAT007295,2028-05-06,Panvel Pharma Supplies,15,48.3
2025-06-01,BR003,MED480,BAT007349,2028-04-02,Panvel Pharma Supplies,1,53.97
2025-06-01,BR003,MED481,BAT001994,2027-11-17,Mahalaxmi Pharma Agencies,1,61.34
2025-06-01,BR003,MED481,BAT005899,2028-02-12,Neelkanth Pharma Link,6,57.94
2025-06-01,BR003,MED483,BAT004706,2026-09-14,Lifeline Medico Distributors,1,51.61
2025-06-01,BR003,MED483,BAT006634,2026-10-20,Lifeline Medico Distributors,2,55.83
2025-06-01,BR003,MED483,BAT007071,2026-06-11,Lifeline Medico Distributors,1,61.62
2025-06-01,BR003,MED483,BAT007196,2025-06-17,Lifeline Medico Distributors,10,58.58
2025-06-01,BR003,MED483,BAT007165,2025-06-16,Vasai Virar Medico,2,61.88
2025-06-01,BR003,MED487,BAT000980,2026-12-24,Dadar Wholesale Drugs,3,97.95
2025-06-01,BR003,MED487,BAT005666,2025-09-08,Dadar Wholesale Drugs,1,119.86
2025-06-01,BR003,MED488,BAT001378,2027-01-13,Dadar Wholesale Drugs,1,108.03
2025-06-01,BR003,MED488,BAT005410,2026-10-14,Dadar Wholesale Drugs,6,113.05
2025-06-01,BR003,MED488,BAT006820,2026-11-03,Neelkanth Pharma Link,6,118.97
2025-06-01,BR003,MED490,BAT006342,2026-12-30,Mira Road Drug House,5,47.77
2025-06-01,BR003,MED490,BAT006535,2027-03-14,Mira Road Drug House,1,42.92
2025-06-01,BR003,MED493,BAT004948,2028-02-23,Panvel Pharma Supplies,1,142.03
2025-06-01,BR003,MED493,BAT006846,2027-10-30,Vasai Virar Medico,10,145.77
2025-06-01,BR003,MED498,BAT000498,2025-11-22,Dadar Wholesale Drugs,2,106.47
2025-06-01,BR003,MED498,BAT005187,2026-06-26,Jai Hind Medical Agencies,6,102.97
2025-06-02,BR001,MED022,BAT007434,2026-11-14,Apex Pharma Wholesale,2,56.82
2025-06-02,BR001,MED022,BAT007454,2026-12-06,Sahyadri Pharma Distributors,2,57.08
2025-06-02,BR001,MED173,BAT007437,2028-04-23,Shree Ganesh Medico,123,18.41
2025-06-02,BR001,MED179,BAT007419,2025-07-02,Mira Road Drug House,6,9.02
2025-06-02,BR001,MED336,BAT007464,2028-03-22,Navkar Pharma Agency,12,132.97
2025-06-02,BR001,MED444,BAT007468,2027-01-12,Thane Medico Traders,10,97.21
2025-06-02,BR001,MED470,BAT007446,2027-05-07,Navkar Pharma Agency,1,29.28
2025-06-02,BR002,MED022,BAT007434,2026-11-14,Apex Pharma Wholesale,1,56.82
2025-06-02,BR002,MED022,BAT007454,2026-12-06,Sahyadri Pharma Distributors,8,57.08
2025-06-02,BR002,MED033,BAT007447,2027-04-10,Pioneer Healthcare Distributors,87,40.5
2025-06-02,BR002,MED179,BAT007419,2025-07-02,Mira Road Drug House,13,9.02
2025-06-02,BR002,MED234,BAT007460,2025-08-06,Konkan Healthcare Traders,22,42.59
2025-06-02,BR002,MED319,BAT007441,2026-10-20,Navkar Pharma Agency,76,158.59
2025-06-02,BR002,MED336,BAT007464,2028-03-22,Navkar Pharma Agency,5,132.97
2025-06-02,BR002,MED344,BAT007442,2028-05-07,Navkar Pharma Agency,35,52.95
2025-06-02,BR002,MED444,BAT007468,2027-01-12,Thane Medico Traders,1,97.21
2025-06-02,BR002,MED470,BAT007446,2027-05-07,Navkar Pharma Agency,14,29.28
2025-06-02,BR003,MED022,BAT007434,2026-11-14,Apex Pharma Wholesale,2,56.82
2025-06-02,BR003,MED022,BAT007454,2026-12-06,Sahyadri Pharma Distributors,2,57.08
2025-06-02,BR003,MED073,BAT007448,2027-10-26,Sai Pharma Distributors,23,31.38
2025-06-02,BR003,MED155,BAT007425,2026-04-29,Lifeline Medico Distributors,17,33.79
2025-06-02,BR003,MED179,BAT007419,2025-07-02,Mira Road Drug House,6,9.02
2025-06-02,BR003,MED284,BAT007414,2027-01-07,Sahyadri Pharma Distributors,30,72.8
2025-06-02,BR003,MED336,BAT007464,2028-03-22,Navkar Pharma Agency,6,132.97
2025-06-02,BR003,MED344,BAT007465,2028-04-15,Navkar Pharma Agency,48,56.72
2025-06-02,BR003,MED444,BAT007468,2027-01-12,Thane Medico Traders,1,97.21
2025-06-02,BR003,MED470,BAT007446,2027-05-07,Navkar Pharma Agency,1,29.28
2025-06-03,BR001,MED027,BAT007485,2027-05-08,Siddhivinayak Drug Agency,13,153.42
2025-06-03,BR001,MED037,BAT007486,2028-03-08,Pioneer Healthcare Distributors,205,99.63
2025-06-03,BR001,MED040,BAT007477,2027-01-10,Neelkanth Pharma Link,29,137.54
2025-06-03,BR001,MED067,BAT007513,2027-12-26,Sai Pharma Distributors,7,24.2
2025-06-03,BR001,MED241,BAT007512,2025-12-15,Konkan Healthcare Traders,36,15.4
2025-06-03,BR001,MED257,BAT007504,2027-10-06,Om Sai Medicorp,35,25.14
2025-06-03,BR001,MED411,BAT007484,2026-07-01,Siddhivinayak Drug Agency,2,104.48
2025-06-03,BR001,MED477,BAT007511,2026-05-16,Deccan Drug House,6,132.09
2025-06-03,BR002,MED024,BAT007502,2027-01-16,Om Sai Medicorp,21,87.85
2025-06-03,BR002,MED027,BAT007485,2027-05-08,Siddhivinayak Drug Agency,8,153.42
2025-06-03,BR002,MED037,BAT007469,2027-11-15,Pioneer Healthcare Distributors,167,95.73
2025-06-03,BR002,MED067,BAT007513,2027-12-26,Sai Pharma Distributors,5,24.2
2025-06-03,BR002,MED299,BAT007482,2027-11-25,Bombay Medi Supply,88,71.74
2025-06-03,BR002,MED411,BAT007484,2026-07-01,Siddhivinayak Drug Agency,1,104.48
2025-06-03,BR002,MED477,BAT007511,2026-05-16,Deccan Drug House,13,132.09
2025-06-03,BR003,MED021,BAT007473,2025-09-18,Dadar Wholesale Drugs,20,23.9
2025-06-03,BR003,MED067,BAT007513,2027-12-26,Sai Pharma Distributors,12,24.2
2025-06-03,BR003,MED142,BAT007480,2025-10-15,Mira Road Drug House,46,37.5
2025-06-03,BR003,MED299,BAT007482,2027-11-25,Bombay Medi Supply,108,71.74
2025-06-03,BR003,MED411,BAT007484,2026-07-01,Siddhivinayak Drug Agency,1,104.48
2025-06-03,BR003,MED477,BAT007511,2026-05-16,Deccan Drug House,6,132.09
2025-06-04,BR001,MED155,BAT007518,2025-12-19,Lifeline Medico Distributors,19,34.13
2025-06-04,BR001,MED205,BAT007554,2028-01-16,Arihant Pharma Traders,14,41.5
2025-06-04,BR001,MED312,BAT007560,2027-12-09,Arihant Pharma Traders,6,57.34
2025-06-04,BR001,MED381,BAT007520,2025-12-11,Neelkanth Pharma Link,108,128.23
2025-06-04,BR002,MED155,BAT007518,2025-12-19,Lifeline Medico Distributors,16,34.13
2025-06-04,BR002,MED205,BAT007554,2028-01-16,Arihant Pharma Traders,1,41.5
2025-06-04,BR002,MED257,BAT007550,2027-10-07,Om Sai Medicorp,24,28.96
2025-06-04,BR002,MED283,BAT007543,2027-01-08,Neelkanth Pharma Link,40,82.55
2025-06-04,BR002,MED284,BAT007564,2026-10-31,Sahyadri Pharma Distributors,26,77.37
2025-06-04,BR002,MED312,BAT007560,2027-12-09,Arihant Pharma Traders,5,57.34
2025-06-04,BR003,MED082,BAT007534,2027-12-15,Bhiwandi Drug Depot,57,55.64
2025-06-04,BR003,MED130,BAT007537,2025-10-27,Kalyan Medical Stores,35,50.38
2025-06-04,BR003,MED205,BAT007540,2028-01-30,Western Drugs & Surgicals,16,37.35
2025-06-04,BR003,MED205,BAT007554,2028-01-16,Arihant Pharma Traders,1,41.5
2025-06-04,BR003,MED283,BAT007543,2027-01-08,Neelkanth Pharma Link,40,82.55
2025-06-04,BR003,MED311,BAT007546,2027-10-12,Neelkanth Pharma Link,37,62.81
2025-06-04,BR003,MED312,BAT007560,2027-12-09,Arihant Pharma Traders,13,57.34
2025-06-04,BR003,MED319,BAT007561,2025-07-30,Navkar Pharma Agency,83,153.26
2025-06-05,BR001,MED001,BAT007587,2027-12-08,Sai Pharma Distributors,75,18.61
2025-06-05,BR001,MED025,BAT007588,2028-01-29,Deccan Drug House,10,46.9
2025-06-05,BR001,MED035,BAT007604,2025-07-23,Vasai Virar Medico,19,16.18
2025-06-05,BR001,MED043,BAT007579,2026-10-18,Vashi Pharma Hub,44,117.62
2025-06-05,BR001,MED072,BAT007605,2027-10-15,Sai Pharma Distributors,7,23.05
2025-06-05,BR001,MED262,BAT007596,2028-01-05,Arihant Pharma Traders,6,36.9
2025-06-05,BR001,MED339,BAT007600,2027-11-19,Pioneer Healthcare Distributors,6,112.93
2025-06-05,BR001,MED344,BAT007602,2028-01-09,Navkar Pharma Agency,42,51.27
2025-06-05,BR001,MED411,BAT007577,2026-07-21,Siddhivinayak Drug Agency,17,105.53
2025-06-05,BR001,MED481,BAT007608,2027-12-19,Mahalaxmi Pharma Agencies,13,53.85
2025-06-05,BR002,MED025,BAT007588,2028-01-29,Deccan Drug House,8,46.9
2025-06-05,BR002,MED072,BAT007605,2027-10-15,Sai Pharma Distributors,5,23.05
2025-06-05,BR002,MED262,BAT007596,2028-01-05,Arihant Pharma Traders,5,36.9
2025-06-05,BR002,MED339,BAT007600,2027-11-19,Pioneer Healthcare Distributors,5,112.93
2025-06-05,BR002,MED481,BAT007608,2027-12-19,Mahalaxmi Pharma Agencies,5,53.85
2025-06-05,BR003,MED072,BAT007605,2027-10-15,Sai Pharma Distributors,7,23.05
2025-06-05,BR003,MED262,BAT007596,2028-01-05,Arihant Pharma Traders,6,36.9
2025-06-05,BR003,MED339,BAT007600,2027-11-19,Pioneer Healthcare Distributors,6,112.93
2025-06-05,BR003,MED381,BAT007576,2025-07-25,Neelkanth Pharma Link,118,130.92
2025-06-05,BR003,MED443,BAT007586,2027-05-08,Ulhasnagar Drug Centre,19,100.58
2025-06-05,BR003,MED481,BAT007608,2027-12-19,Mahalaxmi Pharma Agencies,6,53.85
2025-06-06,BR001,MED002,BAT007611,2025-11-13,Dadar Wholesale Drugs,1,30.11
2025-06-06,BR001,MED005,BAT007625,2025-11-04,Mira Road Drug House,89,19.35
2025-06-06,BR001,MED006,BAT007612,2025-10-13,Lifeline Medico Distributors,6,37.78
2025-06-06,BR001,MED130,BAT007622,2028-04-30,Deccan Drug House,26,45.79
2025-06-06,BR001,MED187,BAT007616,2028-03-30,Panvel Pharma Supplies,7,135.33
2025-06-06,BR001,MED467,BAT007639,2027-01-26,Apex Pharma Wholesale,6,26.18
2025-06-06,BR001,MED490,BAT007620,2025-11-24,Lifeline Medico Distributors,1,48.49
2025-06-06,BR002,MED002,BAT007611,2025-11-13,Dadar Wholesale Drugs,12,30.11
2025-06-06,BR002,MED006,BAT007612,2025-10-13,Lifeline Medico Distributors,13,37.78
2025-06-06,BR002,MED187,BAT007616,2028-03-30,Panvel Pharma Supplies,5,135.33
2025-06-06,BR002,MED247,BAT007641,2027-03-20,Konkan Healthcare Traders,19,52.9
2025-06-06,BR002,MED467,BAT007639,2027-01-26,Apex Pharma Wholesale,5,26.18
2025-06-06,BR002,MED490,BAT007620,2025-11-24,Lifeline Medico Distributors,1,48.49
2025-06-06,BR003,MED002,BAT007611,2025-11-13,Dadar Wholesale Drugs,1,30.11
2025-06-06,BR003,MED005,BAT007621,2027-12-23,Mira Road Drug House,74,19.99
2025-06-06,BR003,MED006,BAT007612,2025-10-13,Lifeline Medico Distributors,6,37.78
2025-06-06,BR003,MED007,BAT007610,2028-02-26,Malad Healthcare Supply,93,17.9
2025-06-06,BR003,MED015,BAT007613,2025-12-13,Kalyan Medical Stores,35,94.58
2025-06-06,BR003,MED187,BAT007616,2028-03-30,Panvel Pharma Supplies,12,135.33
2025-06-06,BR003,MED459,BAT007647,2027-01-21,Navkar Pharma Agency,69,30.27
2025-06-06,BR003,MED467,BAT007639,2027-01-26,Apex Pharma Wholesale,6,26.18
2025-06-06,BR003,MED490,BAT007620,2025-11-24,Lifeline Medico Distributors,1,48.49
2025-06-07,BR001,MED003,BAT007670,2027-01-08,Bhiwandi Drug Depot,1,75.62
2025-06-07,BR001,MED103,BAT007681,2027-02-22,Om Sai Medicorp,7,143.64
2025-06-07,BR001,MED284,BAT007673,2027-03-13,Sahyadri Pharma Distributors,30,74.03
2025-06-07,BR001,MED321,BAT007684,2027-03-25,Sahyadri Pharma Distributors,6,143.54
2025-06-07,BR001,MED411,BAT007669,2026-09-26,Ulhasnagar Drug Centre,1,107.36
2025-06-07,BR002,MED003,BAT007670,2027-01-08,Bhiwandi Drug Depot,1,75.62
2025-06-07,BR002,MED082,BAT007662,2028-03-20,Om Sai Medicorp,32,59.78
2025-06-07,BR002,MED103,BAT007681,2027-02-22,Om Sai Medicorp,10,143.64
2025-06-07,BR002,MED321,BAT007684,2027-03-25,Sahyadri Pharma Distributors,5,143.54
2025-06-07,BR002,MED343,BAT007687,2027-10-16,Sahyadri Pharma Distributors,19,124.24
2025-06-07,BR002,MED411,BAT007669,2026-09-26,Ulhasnagar Drug Centre,1,107.36
2025-06-07,BR002,MED459,BAT007661,2027-01-17,Deccan Drug House,48,35.54
2025-06-07,BR003,MED003,BAT007670,2027-01-08,Bhiwandi Drug Depot,1,75.62
2025-06-07,BR003,MED034,BAT007680,2028-01-09,Konkan Healthcare Traders,82,35.7
2025-06-07,BR003,MED103,BAT007681,2027-02-22,Om Sai Medicorp,6,143.64
2025-06-07,BR003,MED321,BAT007684,2027-03-25,Sahyadri Pharma Distributors,6,143.54
2025-06-07,BR003,MED411,BAT007669,2026-09-26,Ulhasnagar Drug Centre,1,107.36
2025-06-08,BR001,MED019,BAT007696,2025-08-16,Mira Road Drug House,21,59.76
2025-06-08,BR001,MED021,BAT007690,2025-08-20,Dadar Wholesale Drugs,18,22.85
2025-06-08,BR001,MED033,BAT007725,2027-04-08,Pioneer Healthcare Distributors,114,44.03
2025-06-08,BR001,MED142,BAT007709,2028-03-16,Lifeline Medico Distributors,46,37.45
2025-06-08,BR001,MED159,BAT007701,2025-11-07,Malad Healthcare Supply,21,49.34
2025-06-08,BR001,MED161,BAT007710,2025-07-21,Lifeline Medico Distributors,6,40.9
2025-06-08,BR001,MED186,BAT007703,2025-08-15,Mira Road Drug House,27,142.61
2025-06-08,BR001,MED403,BAT007734,2028-03-27,Konkan Healthcare Traders,6,323.74
2025-06-08,BR001,MED464,BAT007738,2027-01-16,Mahalaxmi Pharma Agencies,7,18.52
2025-06-08,BR001,MED480,BAT007716,2027-12-16,Panvel Pharma Supplies,14,49.6
2025-06-08,BR002,MED021,BAT007690,2025-08-20,Dadar Wholesale Drugs,13,22.85
2025-06-08,BR002,MED035,BAT007726,2026-02-18,Vasai Virar Medico,15,15.55
2025-06-08,BR002,MED161,BAT007710,2025-07-21,Lifeline Medico Distributors,5,40.9
2025-06-08,BR002,MED269,BAT007705,2025-11-21,Dadar Wholesale Drugs,90,32.62
2025-06-08,BR002,MED403,BAT007734,2028-03-27,Konkan Healthcare Traders,5,323.74
2025-06-08,BR002,MED464,BAT007738,2027-01-16,Mahalaxmi Pharma Agencies,9,18.52
2025-06-08,BR003,MED161,BAT007710,2025-07-21,Lifeline Medico Distributors,6,40.9
2025-06-08,BR003,MED186,BAT007692,2028-03-05,Mira Road Drug House,29,166.38
2025-06-08,BR003,MED280,BAT007731,2025-08-05,Navkar Pharma Agency,20,6.55
2025-06-08,BR003,MED403,BAT007734,2028-03-27,Konkan Healthcare Traders,5,323.74
2025-06-08,BR003,MED464,BAT007738,2027-01-16,Mahalaxmi Pharma Agencies,7,18.52
2025-06-09,BR001,MED014,BAT007770,2028-01-27,Jai Hind Medical Agencies,64,106.06
2025-06-09,BR001,MED022,BAT007753,2026-12-27,Apex Pharma Wholesale,2,56.62
2025-06-09,BR001,MED063,BAT007756,2025-10-11,Chembur Pharma Depot,16,28.69
2025-06-09,BR001,MED097,BAT007757,2027-04-19,Deccan Drug House,21,87.4
2025-06-09,BR001,MED106,BAT007758,2027-02-12,Deccan Drug House,1,186.74
2025-06-09,BR001,MED283,BAT007762,2026-11-09,Neelkanth Pharma Link,40,80.58
2025-06-09,BR001,MED319,BAT007764,2026-12-07,Navkar Pharma Agency,84,164.88
2025-06-09,BR001,MED445,BAT007741,2027-03-12,Navkar Pharma Agency,1,96.3
2025-06-09,BR001,MED459,BAT007767,2026-11-15,Deccan Drug House,65,31.41
2025-06-09,BR002,MED001,BAT007780,2028-05-20,Apex Pharma Wholesale,63,17.8
2025-06-09,BR002,MED019,BAT007752,2026-06-14,Mira Road Drug House,14,64.53
2025-06-09,BR002,MED022,BAT007753,2026-12-27,Apex Pharma Wholesale,2,56.62
2025-06-09,BR002,MED031,BAT007754,2027-03-07,Mira Road Drug House,25,136.83
2025-06-09,BR002,MED034,BAT007772,2028-03-15,Western Drugs & Surgicals,65,38.26
2025-06-09,BR002,MED106,BAT007758,2027-02-12,Deccan Drug House,1,186.74
2025-06-09,BR002,MED445,BAT007741,2027-03-12,Navkar Pharma Agency,1,96.3
2025-06-09,BR003,MED012,BAT007769,2027-01-02,Sahyadri Pharma Distributors,133,68.93
2025-06-09,BR003,MED022,BAT007753,2026-12-27,Apex Pharma Wholesale,2,56.62
2025-06-09,BR003,MED033,BAT007781,2026-10-26,Pioneer Healthcare Distributors,127,42.8
2025-06-09,BR003,MED097,BAT007757,2027-04-19,Deccan Drug House,20,87.4
2025-06-09,BR003,MED106,BAT007758,2027-02-12,Deccan Drug House,1,186.74
2025-06-09,BR003,MED257,BAT007786,2027-11-19,Om Sai Medicorp,31,26.4
2025-06-09,BR003,MED445,BAT007741,2027-03-12,Navkar Pharma Agency,1,96.3
2025-06-10,BR001,MED004,BAT007803,2027-03-24,Chembur Pharma Depot,12,85.25
2025-06-10,BR001,MED015,BAT007818,2026-10-07,Western Drugs & Surgicals,35,90.69
2025-06-10,BR001,MED038,BAT007836,2027-11-14,Pioneer Healthcare Distributors,17,64.38
2025-06-10,BR001,MED229,BAT007815,2025-12-20,Western Drugs & Surgicals,6,40.42
2025-06-10,BR001,MED278,BAT007798,2027-11-21,Bombay Medi Supply,22,7.13
2025-06-10,BR002,MED004,BAT007803,2027-03-24,Chembur Pharma Depot,1,85.25
2025-06-10,BR002,MED009,BAT007817,2027-05-27,Arihant Pharma Traders,69,55.2
2025-06-10,BR002,MED229,BAT007815,2025-12-20,Western Drugs & Surgicals,4,40.42
2025-06-10,BR003,MED004,BAT007803,2027-03-24,Chembur Pharma Depot,1,85.25
2025-06-10,BR003,MED027,BAT007835,2026-11-19,Siddhivinayak Drug Agency,14,144.06
2025-06-10,BR003,MED037,BAT007819,2027-12-03,Pioneer Healthcare Distributors,204,85.73
2025-06-10,BR003,MED098,BAT007813,2026-11-06,Bhiwandi Drug Depot,14,88.41
2025-06-10,BR003,MED229,BAT007815,2025-12-20,Western Drugs & Surgicals,14,40.42
2025-06-11,BR001,MED002,BAT007877,2028-05-23,Dadar Wholesale Drugs,1,30.76
2025-06-11,BR001,MED004,BAT007860,2026-11-01,Deccan Drug House,1,88.23
2025-06-11,BR001,MED025,BAT007864,2028-05-23,Deccan Drug House,1,38.47
2025-06-11,BR001,MED155,BAT007881,2025-09-28,Lifeline Medico Distributors,22,36.02
2025-06-11,BR001,MED269,BAT007884,2027-11-29,Dadar Wholesale Drugs,128,33.34
2025-06-11,BR001,MED421,BAT007891,2027-05-22,Siddhivinayak Drug Agency,7,142.35
2025-06-11,BR001,MED444,BAT007894,2027-01-18,Thane Medico Traders,1,97.62
2025-06-11,BR001,MED470,BAT007901,2027-03-17,Navkar Pharma Agency,20,26.72
2025-06-11,BR002,MED002,BAT007877,2028-05-23,Dadar Wholesale Drugs,1,30.76
2025-06-11,BR002,MED004,BAT007860,2026-11-01,Deccan Drug House,1,88.23
2025-06-11,BR002,MED013,BAT007861,2027-11-07,Ulhasnagar Drug Centre,47,23.27
2025-06-11,BR002,MED025,BAT007864,2028-05-23,Deccan Drug House,1,38.47
2025-06-11,BR002,MED040,BAT007878,2027-03-21,Pioneer Healthcare Distributors,22,142.69
2025-06-11,BR002,MED069,BAT007854,2025-08-14,Dadar Wholesale Drugs,14,21.34
2025-06-11,BR002,MED098,BAT007895,2026-12-14,Sai Pharma Distributors,11,83.96
2025-06-11,BR002,MED280,BAT007853,2028-01-28,Navkar Pharma Agency,18,6.51
2025-06-11,BR002,MED421,BAT007891,2027-05-22,Siddhivinayak Drug Agency,5,142.35
2025-06-11,BR002,MED444,BAT007894,2027-01-18,Thane Medico Traders,1,97.62
2025-06-11,BR003,MED002,BAT007877,2028-05-23,Dadar Wholesale Drugs,1,30.76
2025-06-11,BR003,MED004,BAT007860,2026-11-01,Deccan Drug House,1,88.23
2025-06-11,BR003,MED013,BAT007861,2027-11-07,Ulhasnagar Drug Centre,56,23.27
2025-06-11,BR003,MED025,BAT007864,2028-05-23,Deccan Drug House,1,38.47
2025-06-11,BR003,MED030,BAT007865,2028-05-21,Malad Healthcare Supply,24,48.75
2025-06-11,BR003,MED269,BAT007884,2027-11-29,Dadar Wholesale Drugs,111,33.34
2025-06-11,BR003,MED421,BAT007891,2027-05-22,Siddhivinayak Drug Agency,14,142.35
2025-06-11,BR003,MED444,BAT007894,2027-01-18,Thane Medico Traders,1,97.62
2025-06-12,BR001,MED034,BAT007945,2028-05-04,Konkan Healthcare Traders,84,33.84
2025-06-12,BR001,MED069,BAT007925,2028-05-05,Chembur Pharma Depot,18,20.75
2025-06-12,BR001,MED073,BAT007920,2025-10-21,Goregaon Medi Wholesale,20,27.07
2025-06-12,BR001,MED091,BAT007922,2027-11-20,Goregaon Medi Wholesale,34,19.65
2025-06-12,BR001,MED405,BAT007942,2028-04-09,Arihant Pharma Traders,6,356.66
2025-06-12,BR001,MED417,BAT007917,2025-12-12,Ulhasnagar Drug Centre,8,69.9
2025-06-12,BR001,MED463,BAT007918,2025-07-26,Deccan Drug House,1,19.63
2025-06-12,BR002,MED005,BAT007902,2025-11-19,Mira Road Drug House,63,20.85
2025-06-12,BR002,MED152,BAT007923,2026-04-17,Lifeline Medico Distributors,16,32.26
2025-06-12,BR002,MED405,BAT007942,2028-04-09,Arihant Pharma Traders,5,356.66
2025-06-12,BR002,MED417,BAT007917,2025-12-12,Ulhasnagar Drug Centre,9,69.9
2025-06-12,BR002,MED463,BAT007918,2025-07-26,Deccan Drug House,1,19.63
2025-06-12,BR003,MED035,BAT007937,2026-01-19,Vasai Virar Medico,18,17.41
2025-06-12,BR003,MED040,BAT007906,2027-02-28,Pioneer Healthcare Distributors,23,133.97
2025-06-12,BR003,MED405,BAT007942,2028-04-09,Arihant Pharma Traders,6,356.66
2025-06-12,BR003,MED417,BAT007917,2025-12-12,Ulhasnagar Drug Centre,7,69.9
2025-06-12,BR003,MED463,BAT007918,2025-07-26,Deccan Drug House,12,19.63
2025-06-13,BR001,MED009,BAT007986,2027-03-06,Konkan Healthcare Traders,83,61.11
2025-06-13,BR001,MED027,BAT007978,2026-12-11,Siddhivinayak Drug Agency,12,152.06
2025-06-13,BR001,MED043,BAT007962,2027-04-13,Vashi Pharma Hub,52,106.5
2025-06-13,BR001,MED100,BAT007966,2026-11-26,Om Sai Medicorp,7,83.8
2025-06-13,BR001,MED101,BAT007979,2027-04-07,Goregaon Medi Wholesale,7,157.07
2025-06-13,BR001,MED299,BAT007955,2028-03-18,Bombay Medi Supply,117,72.29
2025-06-13,BR001,MED315,BAT007960,2027-05-10,Bombay Medi Supply,11,129.14
2025-06-13,BR001,MED341,BAT007948,2027-10-20,Om Sai Medicorp,15,144.99
2025-06-13,BR001,MED444,BAT007997,2027-03-25,Thane Medico Traders,2,101.05
2025-06-13,BR001,MED483,BAT007977,2025-09-19,Lifeline Medico Distributors,1,56.65
2025-06-13,BR002,MED027,BAT007978,2026-12-11,Siddhivinayak Drug Agency,1,152.06
2025-06-13,BR002,MED043,BAT007962,2027-04-13,Vashi Pharma Hub,45,106.5
2025-06-13,BR002,MED091,BAT007965,2028-05-13,Goregaon Medi Wholesale,26,17.71
2025-06-13,BR002,MED100,BAT007966,2026-11-26,Om Sai Medicorp,9,83.8
2025-06-13,BR002,MED101,BAT007979,2027-04-07,Goregaon Medi Wholesale,9,157.07
2025-06-13,BR002,MED315,BAT007960,2027-05-10,Bombay Medi Supply,6,129.14
2025-06-13,BR002,MED444,BAT007997,2027-03-25,Thane Medico Traders,1,101.05
2025-06-13,BR002,MED483,BAT007977,2025-09-19,Lifeline Medico Distributors,1,56.65
2025-06-13,BR003,MED009,BAT007986,2027-03-06,Konkan Healthcare Traders,84,61.11
2025-06-13,BR003,MED014,BAT007992,2025-07-14,Jai Hind Medical Agencies,56,105.73
2025-06-13,BR003,MED027,BAT007978,2026-12-11,Siddhivinayak Drug Agency,1,152.06
2025-06-13,BR003,MED091,BAT007965,2028-05-13,Goregaon Medi Wholesale,39,17.71
2025-06-13,BR003,MED100,BAT007966,2026-11-26,Om Sai Medicorp,7,83.8
2025-06-13,BR003,MED101,BAT007979,2027-04-07,Goregaon Medi Wholesale,7,157.07
2025-06-13,BR003,MED155,BAT007967,2025-10-18,Lifeline Medico Distributors,19,33.29
2025-06-13,BR003,MED315,BAT007960,2027-05-10,Bombay Medi Supply,7,129.14
2025-06-13,BR003,MED343,BAT007990,2027-12-11,Sahyadri Pharma Distributors,25,125.74
2025-06-13,BR003,MED444,BAT007997,2027-03-25,Thane Medico Traders,2,101.05
2025-06-13,BR003,MED483,BAT007977,2025-09-19,Lifeline Medico Distributors,1,56.65
2025-06-14,BR001,MED018,BAT008029,2026-09-09,Thane Medico Traders,6,108.37
2025-06-14,BR001,MED179,BAT008019,2025-07-14,Mira Road Drug House,6,8.65
2025-06-14,BR001,MED205,BAT008020,2027-12-07,Arihant Pharma Traders,1,42.92
2025-06-14,BR001,MED294,BAT008024,2028-01-07,Om Sai Medicorp,6,76.14
2025-06-14,BR001,MED463,BAT008043,2027-03-23,Thane Medico Traders,1,21.08
2025-06-14,BR001,MED470,BAT008044,2027-01-18,Navkar Pharma Agency,1,29.06
2025-06-14,BR002,MED018,BAT008029,2026-09-09,Thane Medico Traders,5,108.37
2025-06-14,BR002,MED073,BAT008031,2027-12-10,Goregaon Medi Wholesale,17,26.06
2025-06-14,BR002,MED155,BAT008016,2025-11-09,Lifeline Medico Distributors,14,30.71
2025-06-14,BR002,MED159,BAT007999,2026-02-25,Ulhasnagar Drug Centre,15,50.68
2025-06-14,BR002,MED179,BAT008019,2025-07-14,Mira Road Drug House,4,8.65
2025-06-14,BR002,MED205,BAT008020,2027-12-07,Arihant Pharma Traders,1,42.92
2025-06-14,BR002,MED294,BAT008024,2028-01-07,Om Sai Medicorp,11,76.14
2025-06-14,BR002,MED381,BAT008026,2025-10-06,Kalyan Medical Stores,84,119.69
2025-06-14,BR002,MED443,BAT008008,2027-03-10,Ulhasnagar Drug Centre,18,98.25
2025-06-14,BR002,MED463,BAT008043,2027-03-23,Thane Medico Traders,10,21.08
2025-06-14,BR002,MED470,BAT008044,2027-01-18,Navkar Pharma Agency,13,29.06
2025-06-14,BR002,MED490,BAT008009,2026-12-07,Lifeline Medico Distributors,8,43.78
2025-06-14,BR003,MED018,BAT008029,2026-09-09,Thane Medico Traders,13,108.37
2025-06-14,BR003,MED019,BAT008010,2026-07-30,Lifeline Medico Distributors,18,63.74
2025-06-14,BR003,MED063,BAT008001,2028-03-27,Lifeline Medico Distributors,18,27.58
2025-06-14,BR003,MED159,BAT007999,2026-02-25,Ulhasnagar Drug Centre,18,50.68
2025-06-14,BR003,MED179,BAT008019,2025-07-14,Mira Road Drug House,6,8.65
2025-06-14,BR003,MED205,BAT008020,2027-12-07,Arihant Pharma Traders,14,42.92
2025-06-14,BR003,MED241,BAT008045,2026-04-30,Konkan Healthcare Traders,44,17.61
2025-06-14,BR003,MED294,BAT008024,2028-01-07,Om Sai Medicorp,6,76.14
2025-06-14,BR003,MED463,BAT008043,2027-03-23,Thane Medico Traders,1,21.08
2025-06-14,BR003,MED470,BAT008044,2027-01-18,Navkar Pharma Agency,1,29.06
2025-06-14,BR003,MED490,BAT008009,2026-12-07,Lifeline Medico Distributors,12,43.78
2025-06-15,BR001,MED004,BAT008063,2025-08-23,Chembur Pharma Depot,1,88.4
2025-06-15,BR001,MED007,BAT008046,2028-04-24,Lifeline Medico Distributors,106,17.22
2025-06-15,BR001,MED011,BAT008070,2028-04-11,Siddhivinayak Drug Agency,169,24.75
2025-06-15,BR001,MED028,BAT008056,2027-10-29,Malad Healthcare Supply,6,36.09
2025-06-15,BR001,MED280,BAT008085,2028-05-11,Navkar Pharma Agency,19,6.5
2025-06-15,BR001,MED335,BAT008076,2028-01-10,Om Sai Medicorp,6,100.92
2025-06-15,BR002,MED004,BAT008063,2025-08-23,Chembur Pharma Depot,1,88.4
2025-06-15,BR002,MED028,BAT008056,2027-10-29,Malad Healthcare Supply,5,36.09
2025-06-15,BR002,MED039,BAT008073,2028-02-27,Konkan Healthcare Traders,34,48.01
2025-06-15,BR002,MED319,BAT008068,2027-04-03,Navkar Pharma Agency,67,162.13
2025-06-15,BR002,MED335,BAT008076,2028-01-10,Om Sai Medicorp,11,100.92
2025-06-15,BR003,MED004,BAT008063,2025-08-23,Chembur Pharma Depot,12,88.4
2025-06-15,BR003,MED028,BAT008056,2027-10-29,Malad Healthcare Supply,12,36.09
2025-06-15,BR003,MED031,BAT008051,2026-10-24,Mira Road Drug House,33,127.84
2025-06-15,BR003,MED043,BAT008074,2026-10-25,Navkar Pharma Agency,48,112.88
2025-06-15,BR003,MED319,BAT008087,2027-03-06,Navkar Pharma Agency,84,171.29
2025-06-15,BR003,MED335,BAT008076,2028-01-10,Om Sai Medicorp,6,100.92
2025-06-16,BR001,MED003,BAT008119,2025-09-05,Bhiwandi Drug Depot,16,75.94
2025-06-16,BR001,MED020,BAT008137,2026-06-23,Shree Ganesh Medico,4,102.37
2025-06-16,BR001,MED247,BAT008102,2027-05-23,Konkan Healthcare Traders,25,59.23
2025-06-16,BR001,MED440,BAT008106,2026-11-22,Maharashtra Pharma Link,6,134.62
2025-06-16,BR001,MED493,BAT008134,2027-10-21,Vasai Virar Medico,6,135.06
2025-06-16,BR002,MED007,BAT008136,2028-04-24,Apex Pharma Wholesale,79,16.3
2025-06-16,BR002,MED020,BAT008137,2026-06-23,Shree Ganesh Medico,3,102.37
2025-06-16,BR002,MED311,BAT008094,2025-09-26,Om Sai Medicorp,28,64.94
2025-06-16,BR002,MED440,BAT008106,2026-11-22,Maharashtra Pharma Link,4,134.62
2025-06-16,BR002,MED493,BAT008134,2027-10-21,Vasai Virar Medico,5,135.06
2025-06-16,BR003,MED001,BAT008118,2027-12-06,Goregaon Medi Wholesale,90,18.06
2025-06-16,BR003,MED020,BAT008137,2026-06-23,Shree Ganesh Medico,4,102.37
2025-06-16,BR003,MED024,BAT008121,2027-05-16,Bhiwandi Drug Depot,28,89.36
2025-06-16,BR003,MED440,BAT008106,2026-11-22,Maharashtra Pharma Link,5,134.62
2025-06-16,BR003,MED493,BAT008134,2027-10-21,Vasai Virar Medico,6,135.06
2025-06-17,BR001,MED013,BAT008158,2027-11-11,Ulhasnagar Drug Centre,56,21.49
2025-06-17,BR001,MED055,BAT008172,2028-05-29,Shree Ganesh Medico,6,167.85
2025-06-17,BR001,MED092,BAT008162,2028-04-13,Bhiwandi Drug Depot,6,19.55
2025-06-17,BR001,MED106,BAT008175,2025-08-31,Deccan Drug House,15,161.94
2025-06-17,BR001,MED152,BAT008164,2025-11-10,Maharashtra Pharma Link,24,38.05
2025-06-17,BR001,MED459,BAT008181,2027-04-23,Deccan Drug House,70,36.34
2025-06-17,BR001,MED490,BAT008156,2025-10-17,Lifeline Medico Distributors,1,45.28
2025-06-17,BR002,MED011,BAT008157,2028-01-16,Siddhivinayak Drug Agency,150,28.26
2025-06-17,BR002,MED033,BAT008171,2025-07-10,Pioneer Healthcare Distributors,98,37.97
2025-06-17,BR002,MED055,BAT008172,2028-05-29,Shree Ganesh Medico,5,167.85
2025-06-17,BR002,MED092,BAT008162,2028-04-13,Bhiwandi Drug Depot,12,19.55
2025-06-17,BR002,MED130,BAT008154,2028-03-17,Goregaon Medi Wholesale,23,56.11
2025-06-17,BR002,MED490,BAT008156,2025-10-17,Lifeline Medico Distributors,1,45.28
2025-06-17,BR003,MED055,BAT008172,2028-05-29,Shree Ganesh Medico,12,167.85
2025-06-17,BR003,MED069,BAT008152,2027-11-28,Dadar Wholesale Drugs,19,23.62
2025-06-17,BR003,MED092,BAT008162,2028-04-13,Bhiwandi Drug Depot,7,19.55
2025-06-17,BR003,MED142,BAT008148,2028-02-13,Mira Road Drug House,48,39.3
2025-06-17,BR003,MED470,BAT008169,2027-05-23,Navkar Pharma Agency,18,27.08
2025-06-17,BR003,MED490,BAT008156,2025-10-17,Lifeline Medico Distributors,1,45.28
2025-06-18,BR001,MED012,BAT008233,2027-04-25,Konkan Healthcare Traders,134,68.52
2025-06-18,BR001,MED037,BAT008235,2028-05-25,Pioneer Healthcare Distributors,193,102.26
2025-06-18,BR001,MED205,BAT008219,2028-03-20,Arihant Pharma Traders,1,39.78
2025-06-18,BR001,MED268,BAT008197,2028-04-28,Neelkanth Pharma Link,7,39.03
2025-06-18,BR001,MED319,BAT008224,2026-12-10,Navkar Pharma Agency,97,172.98
2025-06-18,BR001,MED411,BAT008209,2026-11-30,Ulhasnagar Drug Centre,1,109.82
2025-06-18,BR001,MED487,BAT008229,2025-09-21,Dadar Wholesale Drugs,12,117.05
2025-06-18,BR002,MED014,BAT008234,2025-09-21,Jai Hind Medical Agencies,50,98.98
2025-06-18,BR002,MED037,BAT008235,2028-05-25,Pioneer Healthcare Distributors,159,102.26
2025-06-18,BR002,MED205,BAT008219,2028-03-20,Arihant Pharma Traders,12,39.78
2025-06-18,BR002,MED268,BAT008197,2028-04-28,Neelkanth Pharma Link,6,39.03
2025-06-18,BR002,MED269,BAT008221,2025-09-06,Dadar Wholesale Drugs,95,29.85
2025-06-18,BR002,MED411,BAT008209,2026-11-30,Ulhasnagar Drug Centre,1,109.82
2025-06-18,BR002,MED487,BAT008229,2025-09-21,Dadar Wholesale Drugs,3,117.05
2025-06-18,BR003,MED015,BAT008211,2026-07-14,Western Drugs & Surgicals,35,94.21
2025-06-18,BR003,MED205,BAT008219,2028-03-20,Arihant Pharma Traders,1,39.78
2025-06-18,BR003,MED234,BAT008220,2028-03-22,Arihant Pharma Traders,28,41.39
2025-06-18,BR003,MED268,BAT008197,2028-04-28,Neelkanth Pharma Link,7,39.03
2025-06-18,BR003,MED278,BAT008204,2028-05-20,Bombay Medi Supply,25,6.9
2025-06-18,BR003,MED411,BAT008209,2026-11-30,Ulhasnagar Drug Centre,14,109.82
2025-06-18,BR003,MED487,BAT008229,2025-09-21,Dadar Wholesale Drugs,4,117.05
2025-06-19,BR001,MED004,BAT008271,2025-11-21,Chembur Pharma Depot,1,96.52
2025-06-19,BR001,MED025,BAT008254,2028-05-03,Siddhivinayak Drug Agency,1,48.01
2025-06-19,BR001,MED025,BAT008274,2027-10-30,Siddhivinayak Drug Agency,2,44.34
2025-06-19,BR001,MED038,BAT008243,2028-05-08,Neelkanth Pharma Link,1,62.56
2025-06-19,BR001,MED040,BAT008285,2027-04-22,Pioneer Healthcare Distributors,24,139.14
2025-06-19,BR001,MED289,BAT008250,2027-01-22,Dadar Wholesale Drugs,7,96.88
2025-06-19,BR001,MED377,BAT008283,2027-01-07,Jai Hind Medical Agencies,7,131.71
2025-06-19,BR001,MED443,BAT008270,2025-12-18,Ulhasnagar Drug Centre,27,102.44
2025-06-19,BR001,MED445,BAT008290,2026-12-17,Mahalaxmi Pharma Agencies,16,84.62
2025-06-19,BR001,MED470,BAT008284,2027-05-04,Navkar Pharma Agency,1,24.77
2025-06-19,BR002,MED004,BAT008271,2025-11-21,Chembur Pharma Depot,10,96.52
2025-06-19,BR002,MED025,BAT008254,2028-05-03,Siddhivinayak Drug Agency,1,48.01
2025-06-19,BR002,MED025,BAT008274,2027-10-30,Siddhivinayak Drug Agency,9,44.34
2025-06-19,BR002,MED038,BAT008243,2028-05-08,Neelkanth Pharma Link,1,62.56
2025-06-19,BR002,MED284,BAT008273,2026-12-06,Siddhivinayak Drug Agency,27,71.1
2025-06-19,BR002,MED289,BAT008250,2027-01-22,Dadar Wholesale Drugs,6,96.88
2025-06-19,BR002,MED377,BAT008283,2027-01-07,Jai Hind Medical Agencies,6,131.71
2025-06-19,BR002,MED470,BAT008284,2027-05-04,Navkar Pharma Agency,1,24.77
2025-06-19,BR003,MED004,BAT008271,2025-11-21,Chembur Pharma Depot,1,96.52
2025-06-19,BR003,MED025,BAT008254,2028-05-03,Siddhivinayak Drug Agency,12,48.01
2025-06-19,BR003,MED025,BAT008274,2027-10-30,Siddhivinayak Drug Agency,2,44.34
2025-06-19,BR003,MED038,BAT008243,2028-05-08,Neelkanth Pharma Link,1,62.56
2025-06-19,BR003,MED289,BAT008250,2027-01-22,Dadar Wholesale Drugs,7,96.88
2025-06-19,BR003,MED299,BAT008261,2028-02-25,Bombay Medi Supply,116,63.54
2025-06-19,BR003,MED377,BAT008283,2027-01-07,Jai Hind Medical Agencies,6,131.71
2025-06-19,BR003,MED470,BAT008284,2027-05-04,Navkar Pharma Agency,1,24.77
2025-06-20,BR001,MED005,BAT008304,2028-03-25,Mira Road Drug House,86,22.86
2025-06-20,BR001,MED031,BAT008317,2027-02-21,Thane Medico Traders,34,162.46
2025-06-20,BR001,MED069,BAT008315,2025-12-10,Chembur Pharma Depot,19,24.8
2025-06-20,BR001,MED204,BAT008308,2027-05-15,Lifeline Medico Distributors,6,126.15
2025-06-20,BR001,MED381,BAT008297,2025-08-06,Neelkanth Pharma Link,120,116.83
2025-06-20,BR002,MED204,BAT008308,2027-05-15,Lifeline Medico Distributors,5,126.15
2025-06-20,BR003,MED130,BAT008316,2027-11-29,Goregaon Medi Wholesale,27,55.63
2025-06-20,BR003,MED204,BAT008308,2027-05-15,Lifeline Medico Distributors,6,126.15
2025-06-20,BR003,MED284,BAT008324,2026-12-10,Sahyadri Pharma Distributors,29,87.25
2025-06-21,BR001,MED063,BAT008329,2025-08-30,Chembur Pharma Depot,1,25.84
2025-06-21,BR001,MED205,BAT008375,2027-12-25,Mahalaxmi Pharma Agencies,1,35.94
2025-06-21,BR001,MED305,BAT008359,2028-01-31,Navkar Pharma Agency,50,77.62
2025-06-21,BR001,MED311,BAT008328,2027-11-06,Neelkanth Pharma Link,30,68.97
2025-06-21,BR001,MED312,BAT008350,2028-01-08,Arihant Pharma Traders,7,56.55
2025-06-21,BR001,MED445,BAT008371,2026-10-25,Navkar Pharma Agency,1,92.89
2025-06-21,BR001,MED483,BAT008340,2026-10-11,Lifeline Medico Distributors,2,57.68
2025-06-21,BR002,MED063,BAT008329,2025-08-30,Chembur Pharma Depot,14,25.84
2025-06-21,BR002,MED205,BAT008375,2027-12-25,Mahalaxmi Pharma Agencies,1,35.94
2025-06-21,BR002,MED312,BAT008350,2028-01-08,Arihant Pharma Traders,6,56.55
2025-06-21,BR002,MED445,BAT008371,2026-10-25,Navkar Pharma Agency,13,92.89
2025-06-21,BR002,MED483,BAT008340,2026-10-11,Lifeline Medico Distributors,9,57.68
2025-06-21,BR003,MED039,BAT008366,2027-11-12,Konkan Healthcare Traders,43,50.09
2025-06-21,BR003,MED063,BAT008329,2025-08-30,Chembur Pharma Depot,1,25.84
2025-06-21,BR003,MED205,BAT008375,2027-12-25,Mahalaxmi Pharma Agencies,1,35.94
2025-06-21,BR003,MED312,BAT008350,2028-01-08,Arihant Pharma Traders,6,56.55
2025-06-21,BR003,MED344,BAT008362,2027-12-07,Navkar Pharma Agency,38,52.08
2025-06-21,BR003,MED445,BAT008371,2026-10-25,Navkar Pharma Agency,1,92.89
2025-06-21,BR003,MED483,BAT008340,2026-10-11,Lifeline Medico Distributors,2,57.68
2025-06-22,BR001,MED001,BAT008401,2028-05-18,Apex Pharma Wholesale,75,17.91
2025-06-22,BR001,MED024,BAT008413,2026-12-16,Om Sai Medicorp,27,84.04
2025-06-22,BR001,MED030,BAT008379,2027-11-28,Malad Healthcare Supply,21,51.68
2025-06-22,BR001,MED142,BAT008385,2027-12-30,Lifeline Medico Distributors,46,42.54
2025-06-22,BR001,MED220,BAT008404,2027-05-30,Arihant Pharma Traders,6,45.38
2025-06-22,BR001,MED234,BAT008405,2028-01-07,Arihant Pharma Traders,25,47.76
2025-06-22,BR001,MED344,BAT008410,2028-03-21,Navkar Pharma Agency,40,48.24
2025-06-22,BR001,MED444,BAT008421,2027-05-27,Thane Medico Traders,1,91.22
2025-06-22,BR002,MED001,BAT008412,2028-03-20,Apex Pharma Wholesale,58,20.82
2025-06-22,BR002,MED220,BAT008404,2027-05-30,Arihant Pharma Traders,5,45.38
2025-06-22,BR002,MED444,BAT008421,2027-05-27,Thane Medico Traders,1,91.22
2025-06-22,BR003,MED040,BAT008390,2026-12-12,Neelkanth Pharma Link,24,140.72
2025-06-22,BR003,MED082,BAT008415,2028-01-20,Om Sai Medicorp,44,55.71
2025-06-22,BR003,MED220,BAT008404,2027-05-30,Arihant Pharma Traders,6,45.38
2025-06-22,BR003,MED443,BAT008400,2025-12-09,Ulhasnagar Drug Centre,25,88.23
2025-06-22,BR003,MED444,BAT008421,2027-05-27,Thane Medico Traders,11,91.22
2025-06-23,BR001,MED006,BAT008436,2025-11-02,Lifeline Medico Distributors,6,32.0
2025-06-23,BR001,MED026,BAT008442,2027-02-14,Goregaon Medi Wholesale,6,54.05
2025-06-23,BR001,MED097,BAT008456,2027-02-02,Bhiwandi Drug Depot,22,92.42
2025-06-23,BR001,MED098,BAT008471,2027-01-30,Sai Pharma Distributors,1,91.76
2025-06-23,BR001,MED253,BAT008474,2027-04-04,Arihant Pharma Traders,6,66.76
2025-06-23,BR001,MED269,BAT008451,2028-05-06,Dadar Wholesale Drugs,110,29.19
2025-06-23,BR001,MED339,BAT008462,2027-12-03,Om Sai Medicorp,6,117.15
2025-06-23,BR001,MED411,BAT008454,2026-11-21,Siddhivinayak Drug Agency,15,113.86
2025-06-23,BR001,MED444,BAT008482,2027-04-13,Thane Medico Traders,1,86.63
2025-06-23,BR002,MED006,BAT008436,2025-11-02,Lifeline Medico Distributors,4,32.0
2025-06-23,BR002,MED015,BAT008455,2026-08-01,Jai Hind Medical Agencies,25,80.94
2025-06-23,BR002,MED017,BAT008441,2027-01-07,Ulhasnagar Drug Centre,30,21.48
2025-06-23,BR002,MED026,BAT008442,2027-02-14,Goregaon Medi Wholesale,4,54.05
2025-06-23,BR002,MED097,BAT008437,2027-01-01,Chembur Pharma Depot,16,92.97
2025-06-23,BR002,MED098,BAT008471,2027-01-30,Sai Pharma Distributors,13,91.76
2025-06-23,BR002,MED186,BAT008432,2028-03-02,Mira Road Drug House,21,153.08
2025-06-23,BR002,MED241,BAT008473,2026-05-28,Konkan Healthcare Traders,34,16.09
2025-06-23,BR002,MED253,BAT008474,2027-04-04,Arihant Pharma Traders,5,66.76
2025-06-23,BR002,MED257,BAT008450,2027-11-09,Om Sai Medicorp,24,27.49
2025-06-23,BR002,MED299,BAT008433,2025-10-05,Bombay Medi Supply,86,69.28
2025-06-23,BR002,MED339,BAT008462,2027-12-03,Om Sai Medicorp,5,117.15
2025-06-23,BR002,MED444,BAT008482,2027-04-13,Thane Medico Traders,1,86.63
2025-06-23,BR003,MED006,BAT008436,2025-11-02,Lifeline Medico Distributors,6,32.0
2025-06-23,BR003,MED022,BAT008427,2026-12-27,Apex Pharma Wholesale,8,51.08
2025-06-23,BR003,MED026,BAT008442,2027-02-14,Goregaon Medi Wholesale,15,54.05
2025-06-23,BR003,MED098,BAT008471,2027-01-30,Sai Pharma Distributors,1,91.76
2025-06-23,BR003,MED253,BAT008474,2027-04-04,Arihant Pharma Traders,6,66.76
2025-06-23,BR003,MED269,BAT008451,2028-05-06,Dadar Wholesale Drugs,103,29.19
2025-06-23,BR003,MED339,BAT008462,2027-12-03,Om Sai Medicorp,5,117.15
2025-06-23,BR003,MED444,BAT008482,2027-04-13,Thane Medico Traders,1,86.63
2025-06-23,BR003,MED480,BAT008435,2028-04-27,Panvel Pharma Supplies,14,51.21
2025-06-24,BR001,MED009,BAT008540,2027-04-23,Konkan Healthcare Traders,83,62.6
2025-06-24,BR001,MED071,BAT008523,2028-05-04,Sahyadri Pharma Distributors,6,24.59
2025-06-24,BR001,MED082,BAT008526,2028-04-21,Om Sai Medicorp,44,53.51
2025-06-24,BR001,MED120,BAT008510,2027-01-20,Om Sai Medicorp,6,94.96
2025-06-24,BR001,MED321,BAT008543,2027-04-01,Sahyadri Pharma Distributors,6,158.57
2025-06-24,BR001,MED457,BAT008520,2026-12-27,Panvel Pharma Supplies,7,29.19
2025-06-24,BR001,MED463,BAT008535,2027-03-12,Thane Medico Traders,12,18.29
2025-06-24,BR001,MED483,BAT008504,2026-10-26,Lifeline Medico Distributors,10,55.69
2025-06-24,BR001,MED483,BAT008522,2026-08-12,Lifeline Medico Distributors,2,51.26
2025-06-24,BR001,MED498,BAT008505,2026-08-04,Panvel Pharma Supplies,7,100.67
2025-06-24,BR002,MED071,BAT008523,2028-05-04,Sahyadri Pharma Distributors,5,24.59
2025-06-24,BR002,MED120,BAT008510,2027-01-20,Om Sai Medicorp,4,94.96
2025-06-24,BR002,MED142,BAT008483,2027-11-03,Bombay Medi Supply,37,40.3
2025-06-24,BR002,MED173,BAT008529,2027-11-10,Shree Ganesh Medico,95,18.8
2025-06-24,BR002,MED234,BAT008538,2028-04-09,Arihant Pharma Traders,17,41.29
2025-06-24,BR002,MED321,BAT008543,2027-04-01,Sahyadri Pharma Distributors,5,158.57
2025-06-24,BR002,MED457,BAT008520,2026-12-27,Panvel Pharma Supplies,10,29.19
2025-06-24,BR002,MED483,BAT008522,2026-08-12,Lifeline Medico Distributors,1,51.26
2025-06-24,BR002,MED498,BAT008505,2026-08-04,Panvel Pharma Supplies,5,100.67
2025-06-24,BR003,MED005,BAT008485,2028-03-18,Mira Road Drug House,85,23.25
2025-06-24,BR003,MED007,BAT008492,2027-10-29,Malad Healthcare Supply,86,15.65
2025-06-24,BR003,MED017,BAT008506,2027-03-29,Mira Road Drug House,41,18.28
2025-06-24,BR003,MED071,BAT008523,2028-05-04,Sahyadri Pharma Distributors,14,24.59
2025-06-24,BR003,MED120,BAT008510,2027-01-20,Om Sai Medicorp,6,94.96
2025-06-24,BR003,MED321,BAT008543,2027-04-01,Sahyadri Pharma Distributors,15,158.57
2025-06-24,BR003,MED381,BAT008517,2027-03-18,Neelkanth Pharma Link,106,141.5
2025-06-24,BR003,MED457,BAT008520,2026-12-27,Panvel Pharma Supplies,7,29.19
2025-06-24,BR003,MED459,BAT008521,2026-11-03,Deccan Drug House,67,36.76
2025-06-24,BR003,MED483,BAT008504,2026-10-26,Lifeline Medico Distributors,9,55.69
2025-06-24,BR003,MED483,BAT008522,2026-08-12,Lifeline Medico Distributors,2,51.26
2025-06-24,BR003,MED498,BAT008505,2026-08-04,Panvel Pharma Supplies,7,100.67
2025-06-25,BR001,MED004,BAT008590,2027-03-23,Chembur Pharma Depot,1,88.41
2025-06-25,BR001,MED019,BAT008548,2025-09-08,Lifeline Medico Distributors,19,56.31
2025-06-25,BR001,MED025,BAT008568,2028-05-21,Siddhivinayak Drug Agency,14,43.87
2025-06-25,BR001,MED027,BAT008569,2026-12-01,Siddhivinayak Drug Agency,1,157.58
2025-06-25,BR001,MED150,BAT008573,2028-03-22,Ulhasnagar Drug Centre,5,19.41
2025-06-25,BR001,MED159,BAT008575,2026-03-21,Ulhasnagar Drug Centre,23,49.74
2025-06-25,BR001,MED205,BAT008596,2028-03-06,Arihant Pharma Traders,1,39.67
2025-06-25,BR001,MED262,BAT008592,2028-04-22,Arihant Pharma Traders,16,31.16
2025-06-25,BR001,MED278,BAT008579,2028-04-14,Bombay Medi Supply,24,6.29
2025-06-25,BR001,MED341,BAT008593,2028-05-27,Om Sai Medicorp,1,150.03
2025-06-25,BR001,MED463,BAT008606,2027-04-04,Thane Medico Traders,2,19.38
2025-06-25,BR001,MED470,BAT008587,2027-06-10,Navkar Pharma Agency,17,23.77
2025-06-25,BR001,MED490,BAT008565,2027-01-20,Lifeline Medico Distributors,1,42.96
2025-06-25,BR002,MED004,BAT008590,2027-03-23,Chembur Pharma Depot,1,88.41
2025-06-25,BR002,MED009,BAT008601,2026-11-18,Konkan Healthcare Traders,66,59.47
2025-06-25,BR002,MED025,BAT008568,2028-05-21,Siddhivinayak Drug Agency,1,43.87
2025-06-25,BR002,MED027,BAT008569,2026-12-01,Siddhivinayak Drug Agency,1,157.58
2025-06-25,BR002,MED043,BAT008570,2026-12-14,Vashi Pharma Hub,48,124.17
2025-06-25,BR002,MED073,BAT008602,2028-01-15,Sai Pharma Distributors,15,30.82
2025-06-25,BR002,MED150,BAT008573,2028-03-22,Ulhasnagar Drug Centre,4,19.41
2025-06-25,BR002,MED155,BAT008551,2026-01-25,Lifeline Medico Distributors,18,30.48
2025-06-25,BR002,MED205,BAT008596,2028-03-06,Arihant Pharma Traders,1,39.67
2025-06-25,BR002,MED262,BAT008592,2028-04-22,Arihant Pharma Traders,5,31.16
2025-06-25,BR002,MED305,BAT008563,2028-05-12,Dadar Wholesale Drugs,52,78.34
2025-06-25,BR002,MED341,BAT008593,2028-05-27,Om Sai Medicorp,1,150.03
2025-06-25,BR002,MED463,BAT008606,2027-04-04,Thane Medico Traders,1,19.38
2025-06-25,BR002,MED490,BAT008565,2027-01-20,Lifeline Medico Distributors,1,42.96
2025-06-25,BR003,MED004,BAT008590,2027-03-23,Chembur Pharma Depot,1,88.41
2025-06-25,BR003,MED011,BAT008556,2028-05-30,Siddhivinayak Drug Agency,175,28.73
2025-06-25,BR003,MED025,BAT008568,2028-05-21,Siddhivinayak Drug Agency,1,43.87
2025-06-25,BR003,MED027,BAT008569,2026-12-01,Siddhivinayak Drug Agency,1,157.58
2025-06-25,BR003,MED150,BAT008573,2028-03-22,Ulhasnagar Drug Centre,5,19.41
2025-06-25,BR003,MED205,BAT008596,2028-03-06,Arihant Pharma Traders,14,39.67
2025-06-25,BR003,MED247,BAT008578,2027-01-07,Vasai Virar Medico,28,51.31
2025-06-25,BR003,MED262,BAT008592,2028-04-22,Arihant Pharma Traders,5,31.16
2025-06-25,BR003,MED319,BAT008599,2027-04-21,Navkar Pharma Agency,84,175.63
2025-06-25,BR003,MED341,BAT008593,2028-05-27,Om Sai Medicorp,1,150.03
2025-06-25,BR003,MED343,BAT008605,2028-02-13,Sahyadri Pharma Distributors,20,129.16
2025-06-25,BR003,MED463,BAT008606,2027-04-04,Thane Medico Traders,2,19.38
2025-06-25,BR003,MED490,BAT008565,2027-01-20,Lifeline Medico Distributors,1,42.96
2025-06-26,BR001,MED106,BAT008638,2027-02-03,Om Sai Medicorp,1,164.84
2025-06-26,BR001,MED155,BAT008613,2026-04-12,Lifeline Medico Distributors,21,36.85
2025-06-26,BR001,MED411,BAT008615,2026-09-02,Maharashtra Pharma Link,1,104.16
2025-06-26,BR002,MED013,BAT008616,2028-03-06,Ulhasnagar Drug Centre,56,23.33
2025-06-26,BR002,MED106,BAT008638,2027-02-03,Om Sai Medicorp,11,164.84
2025-06-26,BR002,MED152,BAT008621,2026-02-05,Lifeline Medico Distributors,20,36.11
2025-06-26,BR002,MED411,BAT008615,2026-09-02,Maharashtra Pharma Link,11,104.16
2025-06-26,BR002,MED459,BAT008607,2027-04-11,Deccan Drug House,49,33.02
2025-06-26,BR003,MED021,BAT008610,2025-08-29,Dadar Wholesale Drugs,19,23.36
2025-06-26,BR003,MED043,BAT008637,2027-05-26,Shree Ganesh Medico,49,115.24
2025-06-26,BR003,MED106,BAT008638,2027-02-03,Om Sai Medicorp,1,164.84
2025-06-26,BR003,MED155,BAT008613,2026-04-12,Lifeline Medico Distributors,23,36.85
2025-06-26,BR003,MED305,BAT008649,2027-12-06,Navkar Pharma Agency,49,71.38
2025-06-26,BR003,MED411,BAT008615,2026-09-02,Maharashtra Pharma Link,1,104.16
2025-06-26,BR003,MED445,BAT008653,2026-11-21,Navkar Pharma Agency,14,96.07
2025-06-27,BR001,MED035,BAT008691,2026-03-13,Vasai Virar Medico,19,17.52
2025-06-27,BR001,MED044,BAT008683,2028-04-12,Jai Hind Medical Agencies,6,257.82
2025-06-27,BR001,MED091,BAT008685,2028-05-17,Goregaon Medi Wholesale,39,19.16
2025-06-27,BR001,MED156,BAT008671,2026-01-06,Maharashtra Pharma Link,14,34.03
2025-06-27,BR001,MED161,BAT008687,2025-11-03,Chembur Pharma Depot,6,43.58
2025-06-27,BR001,MED241,BAT008688,2025-12-15,Konkan Healthcare Traders,42,16.43
2025-06-27,BR002,MED019,BAT008661,2026-07-12,Mira Road Drug House,16,55.96
2025-06-27,BR002,MED030,BAT008660,2028-01-24,Malad Healthcare Supply,17,49.7
2025-06-27,BR002,MED044,BAT008683,2028-04-12,Jai Hind Medical Agencies,5,257.82
2025-06-27,BR002,MED156,BAT008671,2026-01-06,Maharashtra Pharma Link,5,34.03
2025-06-27,BR002,MED161,BAT008687,2025-11-03,Chembur Pharma Depot,5,43.58
2025-06-27,BR003,MED044,BAT008683,2028-04-12,Jai Hind Medical Agencies,15,257.82
2025-06-27,BR003,MED156,BAT008671,2026-01-06,Maharashtra Pharma Link,6,34.03
2025-06-27,BR003,MED161,BAT008687,2025-11-03,Chembur Pharma Depot,6,43.58
2025-06-28,BR001,MED038,BAT008719,2028-04-13,Arihant Pharma Traders,1,68.92
2025-06-28,BR001,MED421,BAT008730,2027-03-24,Vashi Pharma Hub,7,139.21
2025-06-28,BR001,MED445,BAT008731,2027-06-02,Navkar Pharma Agency,1,93.85
2025-06-28,BR001,MED477,BAT008726,2026-06-27,Deccan Drug House,17,131.97
2025-06-28,BR001,MED480,BAT008708,2025-07-28,Panvel Pharma Supplies,1,51.01
2025-06-28,BR001,MED488,BAT008701,2027-02-19,Dadar Wholesale Drugs,6,94.95
2025-06-28,BR002,MED038,BAT008709,2028-04-22,Arihant Pharma Traders,14,58.19
2025-06-28,BR002,MED038,BAT008719,2028-04-13,Arihant Pharma Traders,1,68.92
2025-06-28,BR002,MED319,BAT008715,2027-05-07,Navkar Pharma Agency,73,173.28
2025-06-28,BR002,MED421,BAT008730,2027-03-24,Vashi Pharma Hub,5,139.21
2025-06-28,BR002,MED445,BAT008731,2027-06-02,Navkar Pharma Agency,1,93.85
2025-06-28,BR002,MED477,BAT008726,2026-06-27,Deccan Drug House,4,131.97
2025-06-28,BR002,MED480,BAT008708,2025-07-28,Panvel Pharma Supplies,11,51.01
2025-06-28,BR002,MED488,BAT008701,2027-02-19,Dadar Wholesale Drugs,4,94.95
2025-06-28,BR003,MED038,BAT008719,2028-04-13,Arihant Pharma Traders,1,68.92
2025-06-28,BR003,MED421,BAT008730,2027-03-24,Vashi Pharma Hub,6,139.21
2025-06-28,BR003,MED445,BAT008731,2027-06-02,Navkar Pharma Agency,1,93.85
2025-06-28,BR003,MED477,BAT008726,2026-06-27,Deccan Drug House,5,131.97
2025-06-28,BR003,MED480,BAT008708,2025-07-28,Panvel Pharma Supplies,1,51.01
2025-06-28,BR003,MED488,BAT008701,2027-02-19,Dadar Wholesale Drugs,15,94.95
2025-06-29,BR001,MED022,BAT008760,2027-05-08,Sahyadri Pharma Distributors,2,54.14
2025-06-29,BR001,MED023,BAT008761,2028-06-05,Bhiwandi Drug Depot,7,56.99
2025-06-29,BR001,MED033,BAT008762,2027-06-07,Pioneer Healthcare Distributors,113,39.47
2025-06-29,BR001,MED123,BAT008742,2026-11-07,Deccan Drug House,7,79.72
2025-06-29,BR001,MED280,BAT008777,2027-12-22,Navkar Pharma Agency,19,7.54
2025-06-29,BR001,MED336,BAT008755,2028-02-03,Arihant Pharma Traders,12,134.44
2025-06-29,BR001,MED343,BAT008768,2028-05-09,Sahyadri Pharma Distributors,21,147.73
2025-06-29,BR002,MED005,BAT008739,2028-01-31,Mira Road Drug House,65,22.39
2025-06-29,BR002,MED022,BAT008760,2027-05-08,Sahyadri Pharma Distributors,2,54.14
2025-06-29,BR002,MED023,BAT008761,2028-06-05,Bhiwandi Drug Depot,5,56.99
2025-06-29,BR002,MED123,BAT008742,2026-11-07,Deccan Drug House,9,79.72
2025-06-29,BR002,MED278,BAT008753,2027-12-12,Bombay Medi Supply,19,6.35
2025-06-29,BR002,MED336,BAT008755,2028-02-03,Arihant Pharma Traders,5,134.44
2025-06-29,BR002,MED343,BAT008785,2028-01-17,Sahyadri Pharma Distributors,20,150.99
2025-06-29,BR002,MED344,BAT008756,2028-05-06,Navkar Pharma Agency,36,46.04
2025-06-29,BR003,MED022,BAT008760,2027-05-08,Sahyadri Pharma Distributors,2,54.14
2025-06-29,BR003,MED023,BAT008761,2028-06-05,Bhiwandi Drug Depot,7,56.99
2025-06-29,BR003,MED033,BAT008772,2027-06-12,Pioneer Healthcare Distributors,114,40.34
2025-06-29,BR003,MED037,BAT008773,2028-03-03,Pioneer Healthcare Distributors,206,95.18
2025-06-29,BR003,MED123,BAT008742,2026-11-07,Deccan Drug House,7,79.72
2025-06-29,BR003,MED173,BAT008764,2028-02-07,Shree Ganesh Medico,111,19.09
2025-06-29,BR003,MED336,BAT008755,2028-02-03,Arihant Pharma Traders,6,134.44
2025-06-30,BR001,MED039,BAT008828,2028-03-31,Om Sai Medicorp,46,54.24
2025-06-30,BR001,MED205,BAT008820,2027-11-21,Arihant Pharma Traders,16,38.73
2025-06-30,BR001,MED247,BAT008833,2027-06-06,Konkan Healthcare Traders,29,53.05
2025-06-30,BR002,MED024,BAT008816,2027-06-14,Om Sai Medicorp,20,73.33
2025-06-30,BR003,MED002,BAT008804,2027-12-05,Dadar Wholesale Drugs,16,27.81
2025-06-30,BR003,MED091,BAT008806,2027-11-18,Goregaon Medi Wholesale,37,18.89
2025-06-30,BR003,MED098,BAT008818,2027-02-17,Bhiwandi Drug Depot,15,84.9
2025-06-30,BR003,MED142,BAT008792,2025-07-22,Lifeline Medico Distributors,44,38.94
2025-06-30,BR003,MED344,BAT008823,2028-02-28,Navkar Pharma Agency,44,54.71
2025-07-01,BR001,MED015,BAT008849,2026-08-17,Western Drugs & Surgicals,33,94.88
2025-07-01,BR001,MED027,BAT008851,2027-02-08,Siddhivinayak Drug Agency,2,140.44
2025-07-01,BR001,MED073,BAT008872,2028-04-11,Goregaon Medi Wholesale,25,28.81
2025-07-01,BR001,MED170,BAT008854,2025-10-29,Mira Road Drug House,7,19.69
2025-07-01,BR001,MED173,BAT008879,2027-12-03,Shree Ganesh Medico,126,16.59
2025-07-01,BR001,MED319,BAT008867,2027-06-11,Navkar Pharma Agency,87,168.77
2025-07-01,BR002,MED027,BAT008851,2027-02-08,Siddhivinayak Drug Agency,9,140.44
2025-07-01,BR002,MED170,BAT008854,2025-10-29,Mira Road Drug House,9,19.69
2025-07-01,BR003,MED003,BAT008857,2027-04-04,Goregaon Medi Wholesale,15,70.85
2025-07-01,BR003,MED013,BAT008842,2028-01-27,Ulhasnagar Drug Centre,53,22.6
2025-07-01,BR003,MED027,BAT008851,2027-02-08,Siddhivinayak Drug Agency,2,140.44
2025-07-01,BR003,MED073,BAT008843,2028-04-11,Sahyadri Pharma Distributors,21,32.52
2025-07-01,BR003,MED097,BAT008875,2025-09-09,Chembur Pharma Depot,23,87.92
2025-07-01,BR003,MED170,BAT008854,2025-10-29,Mira Road Drug House,7,19.69
2025-07-02,BR001,MED003,BAT008928,2027-01-12,Om Sai Medicorp,1,72.33
2025-07-02,BR001,MED004,BAT008908,2025-11-22,Chembur Pharma Depot,15,93.65
2025-07-02,BR001,MED125,BAT008929,2025-11-22,Bhiwandi Drug Depot,7,93.43
2025-07-02,BR001,MED459,BAT008926,2027-06-18,Navkar Pharma Agency,70,30.45
2025-07-02,BR001,MED480,BAT008907,2028-03-12,Panvel Pharma Supplies,1,50.55
2025-07-02,BR002,MED003,BAT008928,2027-01-12,Om Sai Medicorp,13,72.33
2025-07-02,BR002,MED034,BAT008933,2028-05-21,Konkan Healthcare Traders,65,35.58
2025-07-02,BR002,MED125,BAT008929,2025-11-22,Bhiwandi Drug Depot,5,93.43
2025-07-02,BR002,MED142,BAT008913,2025-09-18,Mira Road Drug House,42,41.37
2025-07-02,BR002,MED280,BAT008916,2028-06-07,Navkar Pharma Agency,18,7.32
2025-07-02,BR002,MED381,BAT008905,2027-02-09,Neelkanth Pharma Link,93,122.25
2025-07-02,BR002,MED459,BAT008926,2027-06-18,Navkar Pharma Agency,55,30.45
2025-07-02,BR002,MED480,BAT008907,2028-03-12,Panvel Pharma Supplies,1,50.55
2025-07-02,BR003,MED003,BAT008928,2027-01-12,Om Sai Medicorp,1,72.33
2025-07-02,BR003,MED015,BAT008909,2025-10-07,Western Drugs & Surgicals,33,92.06
2025-07-02,BR003,MED125,BAT008929,2025-11-22,Bhiwandi Drug Depot,6,93.43
2025-07-02,BR003,MED152,BAT008897,2026-01-27,Maharashtra Pharma Link,25,36.13
2025-07-02,BR003,MED280,BAT008916,2028-06-07,Navkar Pharma Agency,22,7.32
2025-07-02,BR003,MED480,BAT008907,2028-03-12,Panvel Pharma Supplies,1,50.55
2025-07-03,BR001,MED106,BAT008952,2026-12-22,Deccan Drug House,1,163.97
2025-07-03,BR001,MED130,BAT008953,2028-01-13,Goregaon Medi Wholesale,33,46.57
2025-07-03,BR001,MED155,BAT008956,2025-12-02,Lifeline Medico Distributors,22,33.37
2025-07-03,BR001,MED283,BAT008943,2027-02-22,Neelkanth Pharma Link,39,72.49
2025-07-03,BR001,MED411,BAT008946,2026-09-03,Ulhasnagar Drug Centre,1,98.55
2025-07-03,BR002,MED021,BAT008949,2028-04-28,Dadar Wholesale Drugs,15,22.96
2025-07-03,BR002,MED069,BAT008940,2026-01-06,Dadar Wholesale Drugs,14,24.25
2025-07-03,BR002,MED082,BAT008966,2028-05-09,Bhiwandi Drug Depot,29,62.08
2025-07-03,BR002,MED106,BAT008952,2026-12-22,Deccan Drug House,1,163.97
2025-07-03,BR002,MED155,BAT008956,2025-12-02,Lifeline Medico Distributors,16,33.37
2025-07-03,BR002,MED284,BAT008978,2027-06-03,Sahyadri Pharma Distributors,24,75.67
2025-07-03,BR002,MED411,BAT008946,2026-09-03,Ulhasnagar Drug Centre,1,98.55
2025-07-03,BR003,MED009,BAT008963,2027-02-10,Arihant Pharma Traders,91,65.12
2025-07-03,BR003,MED038,BAT008939,2028-04-05,Neelkanth Pharma Link,14,63.93
2025-07-03,BR003,MED106,BAT008952,2026-12-22,Deccan Drug House,1,163.97
2025-07-03,BR003,MED411,BAT008946,2026-09-03,Ulhasnagar Drug Centre,1,98.55
2025-07-03,BR003,MED459,BAT008971,2027-01-09,Navkar Pharma Agency,70,31.45
2025-07-04,BR001,MED003,BAT009015,2027-06-05,Om Sai Medicorp,15,64.63
2025-07-04,BR001,MED020,BAT009001,2025-12-05,Shree Ganesh Medico,5,98.03
2025-07-04,BR001,MED063,BAT008985,2028-05-06,Lifeline Medico Distributors,17,28.82
2025-07-04,BR001,MED142,BAT009005,2028-01-19,Bombay Medi Supply,53,44.88
2025-07-04,BR001,MED480,BAT008998,2025-11-19,Panvel Pharma Supplies,14,47.05
2025-07-04,BR001,MED480,BAT008999,2026-01-08,Panvel Pharma Supplies,1,49.67
2025-07-04,BR001,MED487,BAT009000,2027-02-03,Dadar Wholesale Drugs,7,112.32
2025-07-04,BR002,MED012,BAT009021,2026-11-11,Sahyadri Pharma Distributors,104,70.79
2025-07-04,BR002,MED020,BAT009001,2025-12-05,Shree Ganesh Medico,4,98.03
2025-07-04,BR002,MED091,BAT009003,2027-12-22,Goregaon Medi Wholesale,29,19.11
2025-07-04,BR002,MED257,BAT009008,2028-04-12,Siddhivinayak Drug Agency,25,27.33
2025-07-04,BR002,MED269,BAT008992,2027-12-28,Dadar Wholesale Drugs,106,32.86
2025-07-04,BR002,MED480,BAT008999,2026-01-08,Panvel Pharma Supplies,1,49.67
2025-07-04,BR002,MED487,BAT009000,2027-02-03,Dadar Wholesale Drugs,5,112.32
2025-07-04,BR003,MED020,BAT009001,2025-12-05,Shree Ganesh Medico,5,98.03
2025-07-04,BR003,MED480,BAT008999,2026-01-08,Panvel Pharma Supplies,13,49.67
2025-07-04,BR003,MED487,BAT009000,2027-02-03,Dadar Wholesale Drugs,7,112.32
2025-07-05,BR001,MED011,BAT009031,2027-12-21,Dadar Wholesale Drugs,166,24.44
2025-07-05,BR001,MED014,BAT009067,2027-12-21,Jai Hind Medical Agencies,61,95.74
2025-07-05,BR001,MED019,BAT009037,2025-08-12,Mira Road Drug House,19,54.6
2025-07-05,BR001,MED021,BAT009028,2025-09-25,Dadar Wholesale Drugs,17,24.03
2025-07-05,BR001,MED025,BAT009038,2028-01-28,Deccan Drug House,2,42.53
2025-07-05,BR001,MED037,BAT009057,2025-09-23,Pioneer Healthcare Distributors,197,92.79
2025-07-05,BR001,MED040,BAT009039,2027-03-09,Pioneer Healthcare Distributors,24,143.19
2025-07-05,BR001,MED098,BAT009052,2027-01-04,Bhiwandi Drug Depot,15,80.35
2025-07-05,BR001,MED299,BAT009045,2028-02-14,Bombay Medi Supply,110,64.19
2025-07-05,BR001,MED381,BAT009035,2027-02-08,Ulhasnagar Drug Centre,117,130.0
2025-07-05,BR001,MED444,BAT009066,2026-12-05,Thane Medico Traders,13,91.51
2025-07-05,BR002,MED025,BAT009038,2028-01-28,Deccan Drug House,9,42.53
2025-07-05,BR002,MED043,BAT009058,2027-06-13,Vashi Pharma Hub,47,124.64
2025-07-05,BR002,MED444,BAT009066,2026-12-05,Thane Medico Traders,1,91.51
2025-07-05,BR003,MED019,BAT009030,2026-07-16,Lifeline Medico Distributors,18,60.74
2025-07-05,BR003,MED025,BAT009038,2028-01-28,Deccan Drug House,2,42.53
2025-07-05,BR003,MED040,BAT009039,2027-03-09,Pioneer Healthcare Distributors,23,143.19
2025-07-05,BR003,MED278,BAT009062,2028-02-04,Arihant Pharma Traders,26,7.34
2025-07-05,BR003,MED444,BAT009066,2026-12-05,Thane Medico Traders,1,91.51
2025-07-06,BR001,MED025,BAT009075,2028-04-27,Siddhivinayak Drug Agency,1,48.3
2025-07-06,BR001,MED027,BAT009085,2027-05-23,Siddhivinayak Drug Agency,1,157.2
2025-07-06,BR001,MED341,BAT009100,2025-11-28,Om Sai Medicorp,13,142.71
2025-07-06,BR001,MED344,BAT009101,2025-10-30,Navkar Pharma Agency,39,47.7
2025-07-06,BR001,MED490,BAT009092,2025-08-19,Mira Road Drug House,1,42.64
2025-07-06,BR002,MED025,BAT009075,2028-04-27,Siddhivinayak Drug Agency,1,48.3
2025-07-06,BR002,MED027,BAT009085,2027-05-23,Siddhivinayak Drug Agency,1,157.2
2025-07-06,BR002,MED341,BAT009100,2025-11-28,Om Sai Medicorp,1,142.71
2025-07-06,BR002,MED490,BAT009092,2025-08-19,Mira Road Drug House,1,42.64
2025-07-06,BR003,MED025,BAT009075,2028-04-27,Siddhivinayak Drug Agency,1,48.3
2025-07-06,BR003,MED027,BAT009085,2027-05-23,Siddhivinayak Drug Agency,1,157.2
2025-07-06,BR003,MED069,BAT009079,2025-09-20,Chembur Pharma Depot,18,24.33
2025-07-06,BR003,MED106,BAT009104,2027-02-17,Om Sai Medicorp,14,185.58
2025-07-06,BR003,MED341,BAT009100,2025-11-28,Om Sai Medicorp,1,142.71
2025-07-06,BR003,MED490,BAT009092,2025-08-19,Mira Road Drug House,12,42.64
2025-07-07,BR001,MED004,BAT009129,2027-04-04,Deccan Drug House,1,81.45
2025-07-07,BR001,MED007,BAT009120,2028-02-23,Malad Healthcare Supply,82,16.67
2025-07-07,BR001,MED010,BAT009156,2028-06-18,Sai Pharma Distributors,5,45.55
2025-07-07,BR001,MED013,BAT009130,2028-05-20,Ulhasnagar Drug Centre,54,21.61
2025-07-07,BR001,MED043,BAT009114,2026-11-12,Navkar Pharma Agency,53,109.68
2025-07-07,BR001,MED055,BAT009146,2028-01-27,Shree Ganesh Medico,6,166.67
2025-07-07,BR001,MED257,BAT009127,2028-06-09,Siddhivinayak Drug Agency,28,29.79
2025-07-07,BR001,MED341,BAT009116,2027-11-15,Om Sai Medicorp,1,126.75
2025-07-07,BR001,MED427,BAT009141,2027-05-11,Kalyan Medical Stores,8,148.32
2025-07-07,BR001,MED444,BAT009155,2026-12-24,Thane Medico Traders,1,87.63
2025-07-07,BR002,MED004,BAT009129,2027-04-04,Deccan Drug House,11,81.45
2025-07-07,BR002,MED010,BAT009156,2028-06-18,Sai Pharma Distributors,4,45.55
2025-07-07,BR002,MED033,BAT009144,2027-03-05,Pioneer Healthcare Distributors,85,42.37
2025-07-07,BR002,MED055,BAT009146,2028-01-27,Shree Ganesh Medico,5,166.67
2025-07-07,BR002,MED341,BAT009116,2027-11-15,Om Sai Medicorp,1,126.75
2025-07-07,BR002,MED427,BAT009141,2027-05-11,Kalyan Medical Stores,5,148.32
2025-07-07,BR002,MED444,BAT009155,2026-12-24,Thane Medico Traders,1,87.63
2025-07-07,BR003,MED004,BAT009129,2027-04-04,Deccan Drug House,1,81.45
2025-07-07,BR003,MED010,BAT009156,2028-06-18,Sai Pharma Distributors,5,45.55
2025-07-07,BR003,MED012,BAT009157,2027-05-15,Om Sai Medicorp,140,79.33
2025-07-07,BR003,MED055,BAT009146,2028-01-27,Shree Ganesh Medico,12,166.67
2025-07-07,BR003,MED130,BAT009149,2028-05-21,Deccan Drug House,31,45.49
2025-07-07,BR003,MED257,BAT009127,2028-06-09,Siddhivinayak Drug Agency,29,29.79
2025-07-07,BR003,MED341,BAT009116,2027-11-15,Om Sai Medicorp,13,126.75
2025-07-07,BR003,MED427,BAT009141,2027-05-11,Kalyan Medical Stores,7,148.32
2025-07-07,BR003,MED444,BAT009155,2026-12-24,Thane Medico Traders,12,87.63
2025-07-08,BR001,MED001,BAT009179,2028-06-21,Goregaon Medi Wholesale,72,19.22
2025-07-08,BR001,MED027,BAT009186,2027-02-06,Siddhivinayak Drug Agency,13,159.87
2025-07-08,BR001,MED029,BAT009173,2026-08-23,Ulhasnagar Drug Centre,6,25.45
2025-07-08,BR001,MED038,BAT009187,2028-03-29,Arihant Pharma Traders,1,64.49
2025-07-08,BR001,MED071,BAT009199,2028-01-19,Sahyadri Pharma Distributors,6,21.8
2025-07-08,BR001,MED213,BAT009172,2028-04-09,Konkan Healthcare Traders,6,21.25
2025-07-08,BR001,MED290,BAT009214,2027-01-08,Konkan Healthcare Traders,12,114.52
2025-07-08,BR002,MED027,BAT009186,2027-02-06,Siddhivinayak Drug Agency,1,159.87
2025-07-08,BR002,MED029,BAT009173,2026-08-23,Ulhasnagar Drug Centre,4,25.45
2025-07-08,BR002,MED038,BAT009187,2028-03-29,Arihant Pharma Traders,1,64.49
2025-07-08,BR002,MED071,BAT009199,2028-01-19,Sahyadri Pharma Distributors,4,21.8
2025-07-08,BR002,MED213,BAT009172,2028-04-09,Konkan Healthcare Traders,5,21.25
2025-07-08,BR002,MED290,BAT009214,2027-01-08,Konkan Healthcare Traders,6,114.52
2025-07-08,BR003,MED027,BAT009186,2027-02-06,Siddhivinayak Drug Agency,1,159.87
2025-07-08,BR003,MED029,BAT009173,2026-08-23,Ulhasnagar Drug Centre,15,25.45
2025-07-08,BR003,MED038,BAT009187,2028-03-29,Arihant Pharma Traders,1,64.49
2025-07-08,BR003,MED071,BAT009199,2028-01-19,Sahyadri Pharma Distributors,6,21.8
2025-07-08,BR003,MED213,BAT009172,2028-04-09,Konkan Healthcare Traders,11,21.25
2025-07-08,BR003,MED269,BAT009183,2025-11-29,Dadar Wholesale Drugs,104,30.95
2025-07-08,BR003,MED290,BAT009214,2027-01-08,Konkan Healthcare Traders,6,114.52
2025-07-08,BR003,MED311,BAT009190,2028-05-23,Neelkanth Pharma Link,36,61.13
2025-07-08,BR003,MED319,BAT009207,2027-03-18,Navkar Pharma Agency,91,156.53
2025-07-09,BR001,MED005,BAT009224,2025-08-30,Mira Road Drug House,94,21.3
2025-07-09,BR001,MED017,BAT009225,2026-01-20,Mira Road Drug House,44,17.9
2025-07-09,BR001,MED034,BAT009243,2025-08-28,Western Drugs & Surgicals,96,32.89
2025-07-09,BR001,MED038,BAT009264,2028-06-03,Arihant Pharma Traders,13,58.97
2025-07-09,BR001,MED103,BAT009228,2027-03-22,Bhiwandi Drug Depot,6,138.59
2025-07-09,BR001,MED121,BAT009268,2026-11-24,Sai Pharma Distributors,7,94.73
2025-07-09,BR001,MED186,BAT009254,2028-01-28,Bhiwandi Drug Depot,29,159.72
2025-07-09,BR001,MED268,BAT009237,2025-09-13,Neelkanth Pharma Link,6,38.18
2025-07-09,BR001,MED284,BAT009256,2027-04-24,Dadar Wholesale Drugs,34,71.07
2025-07-09,BR001,MED444,BAT009275,2027-01-11,Thane Medico Traders,1,94.05
2025-07-09,BR001,MED463,BAT009261,2027-02-20,Deccan Drug House,1,17.62
2025-07-09,BR001,MED470,BAT009270,2025-10-14,Navkar Pharma Agency,15,28.02
2025-07-09,BR002,MED001,BAT009266,2027-12-30,Sai Pharma Distributors,57,17.21
2025-07-09,BR002,MED031,BAT009218,2026-12-03,Mira Road Drug House,23,135.43
2025-07-09,BR002,MED037,BAT009244,2028-03-15,Pioneer Healthcare Distributors,180,100.27
2025-07-09,BR002,MED038,BAT009264,2028-06-03,Arihant Pharma Traders,1,58.97
2025-07-09,BR002,MED040,BAT009265,2027-01-09,Pioneer Healthcare Distributors,18,118.87
2025-07-09,BR002,MED103,BAT009228,2027-03-22,Bhiwandi Drug Depot,5,138.59
2025-07-09,BR002,MED121,BAT009268,2026-11-24,Sai Pharma Distributors,5,94.73
2025-07-09,BR002,MED205,BAT009235,2028-06-11,Western Drugs & Surgicals,10,41.34
2025-07-09,BR002,MED268,BAT009237,2025-09-13,Neelkanth Pharma Link,5,38.18
2025-07-09,BR002,MED444,BAT009275,2027-01-11,Thane Medico Traders,1,94.05
2025-07-09,BR002,MED463,BAT009261,2027-02-20,Deccan Drug House,1,17.62
2025-07-09,BR002,MED470,BAT009262,2027-01-25,Navkar Pharma Agency,14,24.83
2025-07-09,BR003,MED001,BAT009242,2028-03-20,Goregaon Medi Wholesale,89,20.17
2025-07-09,BR003,MED014,BAT009267,2025-09-25,Jai Hind Medical Agencies,63,97.87
2025-07-09,BR003,MED034,BAT009219,2028-03-26,Dadar Wholesale Drugs,83,33.37
2025-07-09,BR003,MED038,BAT009264,2028-06-03,Arihant Pharma Traders,1,58.97
2025-07-09,BR003,MED043,BAT009246,2026-01-15,Navkar Pharma Agency,56,103.95
2025-07-09,BR003,MED103,BAT009228,2027-03-22,Bhiwandi Drug Depot,6,138.59
2025-07-09,BR003,MED121,BAT009268,2026-11-24,Sai Pharma Distributors,6,94.73
2025-07-09,BR003,MED155,BAT009232,2025-11-25,Lifeline Medico Distributors,21,32.96
2025-07-09,BR003,MED205,BAT009235,2028-06-11,Western Drugs & Surgicals,16,41.34
2025-07-09,BR003,MED268,BAT009237,2025-09-13,Neelkanth Pharma Link,6,38.18
2025-07-09,BR003,MED444,BAT009275,2027-01-11,Thane Medico Traders,1,94.05
2025-07-09,BR003,MED463,BAT009261,2027-02-20,Deccan Drug House,1,17.62
2025-07-10,BR001,MED022,BAT009306,2026-12-13,Apex Pharma Wholesale,2,48.0
2025-07-10,BR001,MED063,BAT009278,2028-03-09,Lifeline Medico Distributors,1,28.7
2025-07-10,BR001,MED093,BAT009287,2028-01-29,Bhiwandi Drug Depot,7,23.61
2025-07-10,BR001,MED319,BAT009313,2027-06-12,Navkar Pharma Agency,83,152.9
2025-07-10,BR001,MED483,BAT009285,2026-09-02,Lifeline Medico Distributors,1,51.52
2025-07-10,BR002,MED022,BAT009306,2026-12-13,Apex Pharma Wholesale,2,48.0
2025-07-10,BR002,MED063,BAT009278,2028-03-09,Lifeline Medico Distributors,14,28.7
2025-07-10,BR002,MED093,BAT009287,2028-01-29,Bhiwandi Drug Depot,9,23.61
2025-07-10,BR002,MED130,BAT009289,2025-12-13,Goregaon Medi Wholesale,26,54.51
2025-07-10,BR002,MED483,BAT009285,2026-09-02,Lifeline Medico Distributors,1,51.52
2025-07-10,BR003,MED022,BAT009306,2026-12-13,Apex Pharma Wholesale,9,48.0
2025-07-10,BR003,MED063,BAT009278,2028-03-09,Lifeline Medico Distributors,1,28.7
2025-07-10,BR003,MED082,BAT009316,2027-12-25,Om Sai Medicorp,40,57.03
2025-07-10,BR003,MED093,BAT009287,2028-01-29,Bhiwandi Drug Depot,7,23.61
2025-07-10,BR003,MED159,BAT009291,2026-06-13,Ulhasnagar Drug Centre,24,43.69
2025-07-10,BR003,MED343,BAT009323,2028-01-01,Sahyadri Pharma Distributors,24,149.7
2025-07-10,BR003,MED381,BAT009293,2027-05-27,Kalyan Medical Stores,113,111.4
2025-07-10,BR003,MED483,BAT009285,2026-09-02,Lifeline Medico Distributors,12,51.52
2025-07-11,BR001,MED004,BAT009343,2025-09-05,Deccan Drug House,1,87.21
2025-07-11,BR001,MED031,BAT009355,2025-10-16,Western Drugs & Surgicals,29,139.36
2025-07-11,BR001,MED092,BAT009346,2028-06-18,Apex Pharma Wholesale,6,21.09
2025-07-11,BR001,MED155,BAT009335,2025-08-26,Lifeline Medico Distributors,23,34.86
2025-07-11,BR001,MED234,BAT009349,2028-06-23,Arihant Pharma Traders,28,41.04
2025-07-11,BR001,MED425,BAT009342,2027-02-28,Kalyan Medical Stores,8,179.0
2025-07-11,BR002,MED004,BAT009343,2025-09-05,Deccan Drug House,1,87.21
2025-07-11,BR002,MED013,BAT009328,2028-06-22,Ulhasnagar Drug Centre,52,26.07
2025-07-11,BR002,MED092,BAT009346,2028-06-18,Apex Pharma Wholesale,5,21.09
2025-07-11,BR002,MED155,BAT009335,2025-08-26,Lifeline Medico Distributors,17,34.86
2025-07-11,BR002,MED311,BAT009338,2025-11-28,Neelkanth Pharma Link,33,74.29
2025-07-11,BR002,MED425,BAT009342,2027-02-28,Kalyan Medical Stores,5,179.0
2025-07-11,BR003,MED004,BAT009343,2025-09-05,Deccan Drug House,13,87.21
2025-07-11,BR003,MED005,BAT009327,2027-11-24,Mira Road Drug House,105,19.21
2025-07-11,BR003,MED030,BAT009330,2028-02-11,Malad Healthcare Supply,21,45.38
2025-07-11,BR003,MED031,BAT009355,2025-10-16,Western Drugs & Surgicals,32,139.36
2025-07-11,BR003,MED092,BAT009346,2028-06-18,Apex Pharma Wholesale,7,21.09
2025-07-11,BR003,MED142,BAT009334,2027-11-24,Lifeline Medico Distributors,57,40.43
2025-07-11,BR003,MED425,BAT009342,2027-02-28,Kalyan Medical Stores,11,179.0
2025-07-12,BR001,MED002,BAT009373,2027-11-22,Dadar Wholesale Drugs,14,29.56
2025-07-12,BR001,MED009,BAT009404,2027-03-13,Konkan Healthcare Traders,98,58.59
2025-07-12,BR001,MED015,BAT009374,2026-12-02,Western Drugs & Surgicals,30,90.15
2025-07-12,BR001,MED069,BAT009385,2028-03-02,Chembur Pharma Depot,17,25.62
2025-07-12,BR001,MED091,BAT009375,2028-05-20,Goregaon Medi Wholesale,36,21.75
2025-07-12,BR001,MED205,BAT009370,2028-04-13,Western Drugs & Surgicals,14,40.99
2025-07-12,BR001,MED294,BAT009402,2025-09-09,Om Sai Medicorp,6,64.78
2025-07-12,BR001,MED305,BAT009391,2025-10-29,Navkar Pharma Agency,52,74.57
2025-07-12,BR001,MED403,BAT009381,2028-06-28,Shree Ganesh Medico,17,340.25
2025-07-12,BR001,MED411,BAT009382,2026-10-26,Maharashtra Pharma Link,1,102.3
2025-07-12,BR002,MED039,BAT009394,2028-03-09,Om Sai Medicorp,34,52.89
2025-07-12,BR002,MED205,BAT009370,2028-04-13,Western Drugs & Surgicals,1,40.99
2025-07-12,BR002,MED247,BAT009398,2027-06-09,Vasai Virar Medico,19,60.15
2025-07-12,BR002,MED294,BAT009402,2025-09-09,Om Sai Medicorp,5,64.78
2025-07-12,BR002,MED403,BAT009381,2028-06-28,Shree Ganesh Medico,4,340.25
2025-07-12,BR002,MED411,BAT009382,2026-10-26,Maharashtra Pharma Link,1,102.3
2025-07-12,BR003,MED205,BAT009370,2028-04-13,Western Drugs & Surgicals,1,40.99
2025-07-12,BR003,MED294,BAT009402,2025-09-09,Om Sai Medicorp,12,64.78
2025-07-12,BR003,MED403,BAT009381,2028-06-28,Shree Ganesh Medico,5,340.25
2025-07-12,BR003,MED411,BAT009382,2026-10-26,Maharashtra Pharma Link,1,102.3
2025-07-13,BR001,MED120,BAT009437,2026-12-03,Deccan Drug House,15,83.61
2025-07-13,BR001,MED269,BAT009413,2028-03-21,Dadar Wholesale Drugs,105,29.92
2025-07-13,BR001,MED278,BAT009432,2028-01-31,Om Sai Medicorp,22,6.82
2025-07-13,BR001,MED280,BAT009451,2028-06-26,Navkar Pharma Agency,19,6.7
2025-07-13,BR001,MED334,BAT009460,2028-03-04,Sahyadri Pharma Distributors,6,105.15
2025-07-13,BR001,MED451,BAT009428,2026-12-09,Panvel Pharma Supplies,7,58.97
2025-07-13,BR001,MED455,BAT009444,2027-05-28,Thane Medico Traders,7,71.49
2025-07-13,BR001,MED459,BAT009435,2027-03-17,Navkar Pharma Agency,65,33.88
2025-07-13,BR001,MED463,BAT009446,2027-01-04,Deccan Drug House,1,20.01
2025-07-13,BR001,MED470,BAT009447,2027-01-09,Navkar Pharma Agency,1,27.79
2025-07-13,BR002,MED120,BAT009437,2026-12-03,Deccan Drug House,4,83.61
2025-07-13,BR002,MED299,BAT009424,2028-06-18,Bombay Medi Supply,89,73.28
2025-07-13,BR002,MED319,BAT009433,2026-12-31,Navkar Pharma Agency,67,149.35
2025-07-13,BR002,MED334,BAT009460,2028-03-04,Sahyadri Pharma Distributors,5,105.15
2025-07-13,BR002,MED451,BAT009428,2026-12-09,Panvel Pharma Supplies,5,58.97
2025-07-13,BR002,MED455,BAT009444,2027-05-28,Thane Medico Traders,5,71.49
2025-07-13,BR002,MED459,BAT009435,2027-03-17,Navkar Pharma Agency,45,33.88
2025-07-13,BR002,MED463,BAT009446,2027-01-04,Deccan Drug House,1,20.01
2025-07-13,BR002,MED470,BAT009447,2027-01-09,Navkar Pharma Agency,1,27.79
2025-07-13,BR003,MED098,BAT009448,2027-01-22,Sai Pharma Distributors,15,81.64
2025-07-13,BR003,MED120,BAT009437,2026-12-03,Deccan Drug House,6,83.61
2025-07-13,BR003,MED280,BAT009451,2028-06-26,Navkar Pharma Agency,18,6.7
2025-07-13,BR003,MED299,BAT009419,2027-12-23,Bombay Medi Supply,107,66.79
2025-07-13,BR003,MED334,BAT009460,2028-03-04,Sahyadri Pharma Distributors,6,105.15
2025-07-13,BR003,MED451,BAT009428,2026-12-09,Panvel Pharma Supplies,7,58.97
2025-07-13,BR003,MED455,BAT009444,2027-05-28,Thane Medico Traders,7,71.49
2025-07-13,BR003,MED463,BAT009446,2027-01-04,Deccan Drug House,12,20.01
2025-07-13,BR003,MED470,BAT009447,2027-01-09,Navkar Pharma Agency,1,27.79
2025-07-14,BR001,MED012,BAT009473,2027-06-21,Om Sai Medicorp,128,79.16
2025-07-14,BR001,MED022,BAT009503,2027-05-02,Apex Pharma Wholesale,8,51.67
2025-07-14,BR001,MED490,BAT009461,2026-11-25,Mira Road Drug House,14,43.41
2025-07-14,BR002,MED009,BAT009502,2027-04-12,Konkan Healthcare Traders,73,54.11
2025-07-14,BR002,MED014,BAT009462,2025-08-10,Jai Hind Medical Agencies,48,105.42
2025-07-14,BR002,MED205,BAT009505,2028-04-07,Arihant Pharma Traders,14,39.91
2025-07-14,BR002,MED283,BAT009471,2025-08-28,Dadar Wholesale Drugs,32,73.16
2025-07-14,BR002,MED341,BAT009497,2027-12-26,Om Sai Medicorp,10,143.6
2025-07-14,BR002,MED344,BAT009486,2027-12-12,Navkar Pharma Agency,33,49.27
2025-07-14,BR003,MED011,BAT009490,2028-05-16,Siddhivinayak Drug Agency,176,29.63
2025-07-14,BR003,MED035,BAT009474,2026-02-26,Arihant Pharma Traders,20,16.15
2025-07-14,BR003,MED038,BAT009492,2028-04-05,Arihant Pharma Traders,14,62.15
2025-07-15,BR001,MED020,BAT009534,2026-05-21,Shree Ganesh Medico,5,106.61
2025-07-15,BR001,MED022,BAT009570,2026-12-31,Sahyadri Pharma Distributors,2,54.17
2025-07-15,BR001,MED033,BAT009557,2027-01-31,Pioneer Healthcare Distributors,124,38.63
2025-07-15,BR001,MED311,BAT009547,2025-12-17,Neelkanth Pharma Link,35,66.98
2025-07-15,BR001,MED368,BAT009530,2028-05-22,Ulhasnagar Drug Centre,7,143.42
2025-07-15,BR001,MED411,BAT009533,2026-01-23,Siddhivinayak Drug Agency,14,92.87
2025-07-15,BR001,MED483,BAT009569,2026-05-22,Vasai Virar Medico,1,64.46
2025-07-15,BR001,MED493,BAT009519,2028-03-22,Panvel Pharma Supplies,12,144.46
2025-07-15,BR002,MED011,BAT009520,2027-12-08,Siddhivinayak Drug Agency,144,27.53
2025-07-15,BR002,MED020,BAT009534,2026-05-21,Shree Ganesh Medico,18,106.61
2025-07-15,BR002,MED022,BAT009570,2026-12-31,Sahyadri Pharma Distributors,2,54.17
2025-07-15,BR002,MED030,BAT009515,2028-01-08,Malad Healthcare Supply,16,42.59
2025-07-15,BR002,MED035,BAT009575,2026-06-04,Sahyadri Pharma Distributors,15,17.21
2025-07-15,BR002,MED073,BAT009523,2028-06-29,Goregaon Medi Wholesale,15,31.37
2025-07-15,BR002,MED091,BAT009538,2028-01-09,Goregaon Medi Wholesale,31,17.84
2025-07-15,BR002,MED368,BAT009530,2028-05-22,Ulhasnagar Drug Centre,6,143.42
2025-07-15,BR002,MED483,BAT009569,2026-05-22,Vasai Virar Medico,1,64.46
2025-07-15,BR002,MED493,BAT009519,2028-03-22,Panvel Pharma Supplies,5,144.46
2025-07-15,BR003,MED007,BAT009514,2028-05-28,Malad Healthcare Supply,79,18.09
2025-07-15,BR003,MED020,BAT009534,2026-05-21,Shree Ganesh Medico,5,106.61
2025-07-15,BR003,MED022,BAT009570,2026-12-31,Sahyadri Pharma Distributors,2,54.17
2025-07-15,BR003,MED234,BAT009576,2028-04-10,Konkan Healthcare Traders,26,42.02
2025-07-15,BR003,MED283,BAT009528,2027-01-01,Dadar Wholesale Drugs,36,78.36
2025-07-15,BR003,MED368,BAT009530,2028-05-22,Ulhasnagar Drug Centre,6,143.42
2025-07-15,BR003,MED443,BAT009553,2026-12-30,Ulhasnagar Drug Centre,23,92.5
2025-07-15,BR003,MED483,BAT009569,2026-05-22,Vasai Virar Medico,1,64.46
2025-07-15,BR003,MED493,BAT009519,2028-03-22,Panvel Pharma Supplies,6,144.46
2025-07-16,BR001,MED027,BAT009589,2027-03-09,Siddhivinayak Drug Agency,1,165.23
2025-07-16,BR001,MED043,BAT009601,2027-04-21,Vashi Pharma Hub,64,127.36
2025-07-16,BR001,MED150,BAT009605,2025-10-08,Maharashtra Pharma Link,6,19.82
2025-07-16,BR001,MED241,BAT009622,2026-01-01,Konkan Healthcare Traders,42,17.35
2025-07-16,BR001,MED262,BAT009594,2028-01-23,Bombay Medi Supply,16,34.53
2025-07-16,BR001,MED312,BAT009582,2028-02-13,Arihant Pharma Traders,6,53.69
2025-07-16,BR001,MED411,BAT009596,2026-12-13,Ulhasnagar Drug Centre,1,110.87
2025-07-16,BR001,MED443,BAT009587,2027-05-11,Ulhasnagar Drug Centre,23,103.93
2025-07-16,BR002,MED005,BAT009583,2028-03-13,Mira Road Drug House,67,19.11
2025-07-16,BR002,MED007,BAT009584,2028-05-24,Lifeline Medico Distributors,60,14.66
2025-07-16,BR002,MED027,BAT009589,2027-03-09,Siddhivinayak Drug Agency,1,165.23
2025-07-16,BR002,MED150,BAT009605,2025-10-08,Maharashtra Pharma Link,4,19.82
2025-07-16,BR002,MED262,BAT009594,2028-01-23,Bombay Medi Supply,5,34.53
2025-07-16,BR002,MED312,BAT009582,2028-02-13,Arihant Pharma Traders,11,53.69
2025-07-16,BR002,MED381,BAT009613,2027-04-14,Neelkanth Pharma Link,99,116.83
2025-07-16,BR002,MED411,BAT009596,2026-12-13,Ulhasnagar Drug Centre,1,110.87
2025-07-16,BR003,MED013,BAT009585,2026-01-02,Ulhasnagar Drug Centre,52,23.87
2025-07-16,BR003,MED027,BAT009589,2027-03-09,Siddhivinayak Drug Agency,13,165.23
2025-07-16,BR003,MED039,BAT009617,2028-04-01,Konkan Healthcare Traders,35,53.85
2025-07-16,BR003,MED063,BAT009602,2028-03-03,Lifeline Medico Distributors,18,26.17
2025-07-16,BR003,MED150,BAT009605,2025-10-08,Maharashtra Pharma Link,6,19.82
2025-07-16,BR003,MED186,BAT009606,2027-12-17,Bhiwandi Drug Depot,27,182.27
2025-07-16,BR003,MED262,BAT009594,2028-01-23,Bombay Medi Supply,5,34.53
2025-07-16,BR003,MED278,BAT009595,2028-03-16,Bombay Medi Supply,23,5.86
2025-07-16,BR003,MED312,BAT009582,2028-02-13,Arihant Pharma Traders,6,53.69
2025-07-16,BR003,MED411,BAT009596,2026-12-13,Ulhasnagar Drug Centre,14,110.87
2025-07-17,BR001,MED019,BAT009636,2025-08-26,Lifeline Medico Distributors,22,57.93
2025-07-17,BR001,MED021,BAT009637,2027-12-03,Dadar Wholesale Drugs,19,26.51
2025-07-17,BR001,MED036,BAT009663,2028-02-11,Konkan Healthcare Traders,7,21.15
2025-07-17,BR001,MED040,BAT009645,2026-12-22,Neelkanth Pharma Link,22,129.56
2025-07-17,BR001,MED421,BAT009643,2027-04-30,Siddhivinayak Drug Agency,7,134.59
2025-07-17,BR001,MED481,BAT009644,2027-12-14,Dadar Wholesale Drugs,5,60.14
2025-07-17,BR001,MED490,BAT009630,2026-12-16,Lifeline Medico Distributors,1,43.28
2025-07-17,BR002,MED015,BAT009635,2026-08-09,Western Drugs & Surgicals,30,85.96
2025-07-17,BR002,MED019,BAT009631,2025-11-07,Lifeline Medico Distributors,18,62.83
2025-07-17,BR002,MED036,BAT009663,2028-02-11,Konkan Healthcare Traders,5,21.15
2025-07-17,BR002,MED421,BAT009643,2027-04-30,Siddhivinayak Drug Agency,5,134.59
2025-07-17,BR002,MED481,BAT009644,2027-12-14,Dadar Wholesale Drugs,4,60.14
2025-07-17,BR002,MED490,BAT009630,2026-12-16,Lifeline Medico Distributors,10,43.28
2025-07-17,BR003,MED009,BAT009658,2027-05-06,Konkan Healthcare Traders,84,61.57
2025-07-17,BR003,MED033,BAT009649,2027-06-05,Pioneer Healthcare Distributors,111,39.62
2025-07-17,BR003,MED036,BAT009663,2028-02-11,Konkan Healthcare Traders,11,21.15
2025-07-17,BR003,MED073,BAT009639,2028-03-02,Goregaon Medi Wholesale,26,27.9
2025-07-17,BR003,MED421,BAT009643,2027-04-30,Siddhivinayak Drug Agency,6,134.59
2025-07-17,BR003,MED470,BAT009661,2027-05-26,Navkar Pharma Agency,15,29.18
2025-07-17,BR003,MED481,BAT009644,2027-12-14,Dadar Wholesale Drugs,13,60.14
2025-07-17,BR003,MED490,BAT009630,2026-12-16,Lifeline Medico Distributors,1,43.28
2025-07-18,BR001,MED025,BAT009680,2028-03-11,Deccan Drug House,1,47.5
2025-07-18,BR001,MED073,BAT009707,2028-03-01,Sahyadri Pharma Distributors,20,32.33
2025-07-18,BR001,MED082,BAT009693,2028-06-17,Bhiwandi Drug Depot,37,53.79
2025-07-18,BR001,MED100,BAT009668,2027-03-12,Kalyan Medical Stores,12,92.71
2025-07-18,BR001,MED341,BAT009701,2028-01-19,Om Sai Medicorp,1,134.52
2025-07-18,BR001,MED343,BAT009710,2028-01-15,Sahyadri Pharma Distributors,21,125.54
2025-07-18,BR001,MED377,BAT009704,2026-01-20,Jai Hind Medical Agencies,6,127.0
2025-07-18,BR001,MED470,BAT009706,2027-06-30,Navkar Pharma Agency,14,25.51
2025-07-18,BR002,MED017,BAT009667,2027-02-23,Mira Road Drug House,34,18.55
2025-07-18,BR002,MED025,BAT009680,2028-03-11,Deccan Drug House,1,47.5
2025-07-18,BR002,MED069,BAT009683,2028-04-21,Dadar Wholesale Drugs,14,22.07
2025-07-18,BR002,MED100,BAT009668,2027-03-12,Kalyan Medical Stores,5,92.71
2025-07-18,BR002,MED155,BAT009685,2026-01-10,Lifeline Medico Distributors,20,36.29
2025-07-18,BR002,MED159,BAT009676,2026-05-29,Malad Healthcare Supply,15,43.74
2025-07-18,BR002,MED341,BAT009701,2028-01-19,Om Sai Medicorp,1,134.52
2025-07-18,BR002,MED377,BAT009704,2026-01-20,Jai Hind Medical Agencies,5,127.0
2025-07-18,BR003,MED024,BAT009664,2027-05-21,Bhiwandi Drug Depot,29,76.66
2025-07-18,BR003,MED025,BAT009680,2028-03-11,Deccan Drug House,12,47.5
2025-07-18,BR003,MED037,BAT009698,2028-06-17,Pioneer Healthcare Distributors,182,94.21
2025-07-18,BR003,MED100,BAT009668,2027-03-12,Kalyan Medical Stores,6,92.71
2025-07-18,BR003,MED155,BAT009685,2026-01-10,Lifeline Medico Distributors,18,36.29
2025-07-18,BR003,MED341,BAT009701,2028-01-19,Om Sai Medicorp,12,134.52
2025-07-18,BR003,MED377,BAT009704,2026-01-20,Jai Hind Medical Agencies,6,127.0
2025-07-19,BR001,MED002,BAT009711,2025-08-15,Dadar Wholesale Drugs,1,32.03
2025-07-19,BR001,MED003,BAT009714,2027-05-11,Bhiwandi Drug Depot,1,69.31
2025-07-19,BR001,MED027,BAT009727,2027-06-22,Siddhivinayak Drug Agency,1,157.38
2025-07-19,BR001,MED038,BAT009738,2028-06-16,Arihant Pharma Traders,16,66.35
2025-07-19,BR001,MED044,BAT009739,2025-12-30,Jai Hind Medical Agencies,6,275.42
2025-07-19,BR001,MED161,BAT009742,2025-09-16,Chembur Pharma Depot,6,48.02
2025-07-19,BR001,MED480,BAT009736,2028-01-31,Panvel Pharma Supplies,1,48.53
2025-07-19,BR001,MED490,BAT009726,2027-02-06,Lifeline Medico Distributors,1,48.47
2025-07-19,BR002,MED002,BAT009711,2025-08-15,Dadar Wholesale Drugs,12,32.03
2025-07-19,BR002,MED003,BAT009714,2027-05-11,Bhiwandi Drug Depot,12,69.31
2025-07-19,BR002,MED027,BAT009727,2027-06-22,Siddhivinayak Drug Agency,1,157.38
2025-07-19,BR002,MED044,BAT009739,2025-12-30,Jai Hind Medical Agencies,5,275.42
2025-07-19,BR002,MED161,BAT009742,2025-09-16,Chembur Pharma Depot,4,48.02
2025-07-19,BR002,MED269,BAT009723,2028-04-16,Dadar Wholesale Drugs,94,30.13
2025-07-19,BR002,MED284,BAT009748,2027-01-19,Sahyadri Pharma Distributors,26,72.02
2025-07-19,BR002,MED480,BAT009736,2028-01-31,Panvel Pharma Supplies,1,48.53
2025-07-19,BR002,MED490,BAT009726,2027-02-06,Lifeline Medico Distributors,1,48.47
2025-07-19,BR003,MED002,BAT009711,2025-08-15,Dadar Wholesale Drugs,1,32.03
2025-07-19,BR003,MED003,BAT009714,2027-05-11,Bhiwandi Drug Depot,1,69.31
2025-07-19,BR003,MED027,BAT009727,2027-06-22,Siddhivinayak Drug Agency,1,157.38
2025-07-19,BR003,MED044,BAT009739,2025-12-30,Jai Hind Medical Agencies,6,275.42
2025-07-19,BR003,MED161,BAT009742,2025-09-16,Chembur Pharma Depot,6,48.02
2025-07-19,BR003,MED269,BAT009730,2028-06-14,Siddhivinayak Drug Agency,102,32.32
2025-07-19,BR003,MED445,BAT009750,2026-12-22,Navkar Pharma Agency,17,84.77
2025-07-19,BR003,MED480,BAT009736,2028-01-31,Panvel Pharma Supplies,1,48.53
2025-07-19,BR003,MED490,BAT009726,2027-02-06,Lifeline Medico Distributors,13,48.47
2025-07-20,BR001,MED022,BAT009784,2027-05-28,Sahyadri Pharma Distributors,2,53.24
2025-07-20,BR001,MED179,BAT009758,2025-10-29,Maharashtra Pharma Link,6,8.45
2025-07-20,BR001,MED319,BAT009789,2027-01-31,Navkar Pharma Agency,90,153.63
2025-07-20,BR001,MED403,BAT009775,2028-06-06,Shree Ganesh Medico,6,386.65
2025-07-20,BR001,MED445,BAT009791,2027-04-19,Mahalaxmi Pharma Agencies,16,94.14
2025-07-20,BR002,MED022,BAT009784,2027-05-28,Sahyadri Pharma Distributors,7,53.24
2025-07-20,BR002,MED082,BAT009768,2028-01-27,Om Sai Medicorp,30,58.12
2025-07-20,BR002,MED173,BAT009757,2028-06-15,Maharashtra Pharma Link,81,17.46
2025-07-20,BR002,MED179,BAT009758,2025-10-29,Maharashtra Pharma Link,4,8.45
2025-07-20,BR002,MED234,BAT009780,2028-03-21,Arihant Pharma Traders,19,44.12
2025-07-20,BR002,MED403,BAT009775,2028-06-06,Shree Ganesh Medico,5,386.65
2025-07-20,BR003,MED022,BAT009784,2027-05-28,Sahyadri Pharma Distributors,2,53.24
2025-07-20,BR003,MED173,BAT009779,2028-03-22,Shree Ganesh Medico,103,18.16
2025-07-20,BR003,MED179,BAT009758,2025-10-29,Maharashtra Pharma Link,6,8.45
2025-07-20,BR003,MED319,BAT009789,2027-01-31,Navkar Pharma Agency,88,153.63
2025-07-20,BR003,MED403,BAT009775,2028-06-06,Shree Ganesh Medico,6,386.65
2025-07-21,BR001,MED098,BAT009802,2027-04-21,Bhiwandi Drug Depot,1,94.57
2025-07-21,BR001,MED142,BAT009803,2027-12-06,Bombay Medi Supply,46,45.66
2025-07-21,BR001,MED173,BAT009818,2027-12-16,Shree Ganesh Medico,110,16.52
2025-07-21,BR001,MED214,BAT009841,2025-08-17,Sai Pharma Distributors,6,36.29
2025-07-21,BR001,MED269,BAT009800,2028-06-25,Dadar Wholesale Drugs,102,31.72
2025-07-21,BR001,MED440,BAT009798,2025-11-29,Maharashtra Pharma Link,6,134.07
2025-07-21,BR001,MED444,BAT009843,2025-11-07,Thane Medico Traders,1,91.54
2025-07-21,BR001,MED483,BAT009840,2026-11-07,Vasai Virar Medico,12,54.1
2025-07-21,BR001,MED490,BAT009811,2027-02-08,Lifeline Medico Distributors,1,44.42
2025-07-21,BR002,MED098,BAT009802,2027-04-21,Bhiwandi Drug Depot,1,94.57
2025-07-21,BR002,MED214,BAT009841,2025-08-17,Sai Pharma Distributors,5,36.29
2025-07-21,BR002,MED280,BAT009821,2028-05-08,Navkar Pharma Agency,19,6.79
2025-07-21,BR002,MED319,BAT009835,2026-12-21,Navkar Pharma Agency,83,156.17
2025-07-21,BR002,MED440,BAT009798,2025-11-29,Maharashtra Pharma Link,4,134.07
2025-07-21,BR002,MED444,BAT009843,2025-11-07,Thane Medico Traders,1,91.54
2025-07-21,BR002,MED483,BAT009840,2026-11-07,Vasai Virar Medico,1,54.1
2025-07-21,BR002,MED490,BAT009811,2027-02-08,Lifeline Medico Distributors,1,44.42
2025-07-21,BR003,MED098,BAT009802,2027-04-21,Bhiwandi Drug Depot,1,94.57
2025-07-21,BR003,MED205,BAT009831,2028-01-20,Arihant Pharma Traders,14,40.39
2025-07-21,BR003,MED214,BAT009841,2025-08-17,Sai Pharma Distributors,6,36.29
2025-07-21,BR003,MED344,BAT009824,2028-05-17,Navkar Pharma Agency,43,46.11
2025-07-21,BR003,MED440,BAT009798,2025-11-29,Maharashtra Pharma Link,15,134.07
2025-07-21,BR003,MED444,BAT009843,2025-11-07,Thane Medico Traders,1,91.54
2025-07-21,BR003,MED483,BAT009840,2026-11-07,Vasai Virar Medico,1,54.1
2025-07-21,BR003,MED490,BAT009811,2027-02-08,Lifeline Medico Distributors,1,44.42
2025-07-22,BR001,MED007,BAT009858,2028-03-04,Apex Pharma Wholesale,82,17.79
2025-07-22,BR001,MED015,BAT009875,2026-11-21,Western Drugs & Surgicals,34,84.81
2025-07-22,BR001,MED025,BAT009860,2028-02-02,Siddhivinayak Drug Agency,2,40.39
2025-07-22,BR001,MED097,BAT009845,2026-01-14,Chembur Pharma Depot,21,86.03
2025-07-22,BR001,MED159,BAT009849,2025-11-22,Ulhasnagar Drug Centre,20,50.22
2025-07-22,BR001,MED229,BAT009887,2027-12-30,Vasai Virar Medico,13,39.99
2025-07-22,BR001,MED299,BAT009856,2028-05-29,Bombay Medi Supply,110,73.99
2025-07-22,BR001,MED381,BAT009857,2027-05-15,Neelkanth Pharma Link,104,115.78
2025-07-22,BR001,MED470,BAT009890,2027-01-16,Navkar Pharma Agency,13,29.08
2025-07-22,BR002,MED025,BAT009860,2028-02-02,Siddhivinayak Drug Agency,9,40.39
2025-07-22,BR002,MED043,BAT009861,2025-09-16,Vashi Pharma Hub,46,121.17
2025-07-22,BR002,MED097,BAT009845,2026-01-14,Chembur Pharma Depot,17,86.03
2025-07-22,BR002,MED229,BAT009887,2027-12-30,Vasai Virar Medico,5,39.99
2025-07-22,BR002,MED443,BAT009851,2026-11-28,Ulhasnagar Drug Centre,17,103.04
2025-07-22,BR002,MED470,BAT009890,2027-01-16,Navkar Pharma Agency,15,29.08
2025-07-22,BR003,MED025,BAT009860,2028-02-02,Siddhivinayak Drug Agency,2,40.39
2025-07-22,BR003,MED091,BAT009877,2027-12-31,Goregaon Medi Wholesale,43,19.56
2025-07-22,BR003,MED229,BAT009887,2027-12-30,Vasai Virar Medico,6,39.99
2025-07-22,BR003,MED470,BAT009874,2027-01-16,Navkar Pharma Agency,17,27.12
2025-07-23,BR001,MED024,BAT009910,2026-11-25,Bhiwandi Drug Depot,31,76.66
2025-07-23,BR001,MED038,BAT009893,2028-05-17,Neelkanth Pharma Link,1,71.4
2025-07-23,BR001,MED063,BAT009912,2028-04-15,Lifeline Medico Distributors,1,26.45
2025-07-23,BR001,MED336,BAT009945,2028-01-01,Navkar Pharma Agency,6,115.67
2025-07-23,BR001,MED480,BAT009932,2028-01-01,Panvel Pharma Supplies,1,53.13
2025-07-23,BR001,MED488,BAT009933,2027-05-10,Neelkanth Pharma Link,6,126.58
2025-07-23,BR002,MED024,BAT009910,2026-11-25,Bhiwandi Drug Depot,22,76.66
2025-07-23,BR002,MED035,BAT009938,2026-03-23,Arihant Pharma Traders,16,17.48
2025-07-23,BR002,MED038,BAT009893,2028-05-17,Neelkanth Pharma Link,1,71.4
2025-07-23,BR002,MED063,BAT009912,2028-04-15,Lifeline Medico Distributors,1,26.45
2025-07-23,BR002,MED241,BAT009934,2026-01-12,Konkan Healthcare Traders,28,17.18
2025-07-23,BR002,MED278,BAT009907,2028-01-26,Bombay Medi Supply,19,6.8
2025-07-23,BR002,MED305,BAT009908,2028-01-03,Dadar Wholesale Drugs,47,69.74
2025-07-23,BR002,MED336,BAT009945,2028-01-01,Navkar Pharma Agency,5,115.67
2025-07-23,BR002,MED480,BAT009932,2028-01-01,Panvel Pharma Supplies,1,53.13
2025-07-23,BR002,MED488,BAT009933,2027-05-10,Neelkanth Pharma Link,4,126.58
2025-07-23,BR003,MED038,BAT009893,2028-05-17,Neelkanth Pharma Link,1,71.4
2025-07-23,BR003,MED043,BAT009911,2027-04-03,Shree Ganesh Medico,55,119.64
2025-07-23,BR003,MED063,BAT009912,2028-04-15,Lifeline Medico Distributors,1,26.45
2025-07-23,BR003,MED069,BAT009913,2025-08-16,Dadar Wholesale Drugs,27,24.37
2025-07-23,BR003,MED097,BAT009914,2027-02-11,Chembur Pharma Depot,26,96.36
2025-07-23,BR003,MED142,BAT009916,2028-05-02,Lifeline Medico Distributors,52,37.78
2025-07-23,BR003,MED336,BAT009945,2028-01-01,Navkar Pharma Agency,6,115.67
2025-07-23,BR003,MED480,BAT009932,2028-01-01,Panvel Pharma Supplies,1,53.13
2025-07-23,BR003,MED488,BAT009933,2027-05-10,Neelkanth Pharma Link,6,126.58
2025-07-24,BR001,MED003,BAT009959,2026-11-30,Bhiwandi Drug Depot,18,76.36
2025-07-24,BR001,MED025,BAT009973,2028-04-13,Siddhivinayak Drug Agency,2,45.65
2025-07-24,BR001,MED030,BAT009951,2028-06-03,Malad Healthcare Supply,21,48.77
2025-07-24,BR001,MED155,BAT009962,2025-08-31,Lifeline Medico Distributors,21,34.41
2025-07-24,BR001,MED341,BAT009957,2028-04-17,Om Sai Medicorp,1,137.07
2025-07-24,BR002,MED025,BAT009973,2028-04-13,Siddhivinayak Drug Agency,1,45.65
2025-07-24,BR002,MED152,BAT009953,2026-07-04,Maharashtra Pharma Link,21,37.08
2025-07-24,BR002,MED341,BAT009957,2028-04-17,Om Sai Medicorp,1,137.07
2025-07-24,BR003,MED003,BAT009959,2026-11-30,Bhiwandi Drug Depot,19,76.36
2025-07-24,BR003,MED025,BAT009973,2028-04-13,Siddhivinayak Drug Agency,2,45.65
2025-07-24,BR003,MED341,BAT009957,2028-04-17,Om Sai Medicorp,1,137.07
2025-07-24,BR003,MED459,BAT009949,2027-02-02,Deccan Drug House,63,29.76
2025-07-25,BR001,MED037,BAT010003,2028-05-16,Pioneer Healthcare Distributors,191,89.47
2025-07-25,BR001,MED205,BAT010018,2026-01-17,Arihant Pharma Traders,14,39.34
2025-07-25,BR001,MED359,BAT010026,2028-01-24,Pioneer Healthcare Distributors,7,130.18
2025-07-25,BR001,MED459,BAT010020,2027-01-28,Navkar Pharma Agency,61,31.33
2025-07-25,BR001,MED483,BAT010029,2026-08-27,Vasai Virar Medico,1,53.22
2025-07-25,BR002,MED186,BAT009992,2027-12-09,Mira Road Drug House,21,164.91
2025-07-25,BR002,MED205,BAT010018,2026-01-17,Arihant Pharma Traders,1,39.34
2025-07-25,BR002,MED359,BAT010026,2028-01-24,Pioneer Healthcare Distributors,6,130.18
2025-07-25,BR002,MED483,BAT010029,2026-08-27,Vasai Virar Medico,1,53.22
2025-07-25,BR003,MED019,BAT010002,2026-07-15,Mira Road Drug House,20,62.99
2025-07-25,BR003,MED205,BAT010018,2026-01-17,Arihant Pharma Traders,1,39.34
2025-07-25,BR003,MED359,BAT010026,2028-01-24,Pioneer Healthcare Distributors,11,130.18
2025-07-25,BR003,MED470,BAT010028,2027-05-14,Navkar Pharma Agency,15,23.97
2025-07-25,BR003,MED483,BAT010029,2026-08-27,Vasai Virar Medico,1,53.22
2025-07-26,BR001,MED027,BAT010043,2027-05-05,Siddhivinayak Drug Agency,12,143.56
2025-07-26,BR001,MED043,BAT010044,2027-02-12,Shree Ganesh Medico,55,118.59
2025-07-26,BR001,MED069,BAT010038,2028-04-01,Chembur Pharma Depot,18,21.08
2025-07-26,BR001,MED280,BAT010058,2027-12-15,Navkar Pharma Agency,18,6.57
2025-07-26,BR001,MED341,BAT010061,2028-05-13,Om Sai Medicorp,1,131.13
2025-07-26,BR001,MED444,BAT010051,2026-12-27,Thane Medico Traders,1,86.99
2025-07-26,BR001,MED444,BAT010063,2027-05-06,Thane Medico Traders,12,103.38
2025-07-26,BR001,MED445,BAT010064,2026-12-03,Navkar Pharma Agency,1,97.54
2025-07-26,BR002,MED130,BAT010035,2028-05-20,Deccan Drug House,23,47.58
2025-07-26,BR002,MED341,BAT010061,2028-05-13,Om Sai Medicorp,12,131.13
2025-07-26,BR002,MED444,BAT010051,2026-12-27,Thane Medico Traders,1,86.99
2025-07-26,BR002,MED444,BAT010063,2027-05-06,Thane Medico Traders,1,103.38
2025-07-26,BR002,MED445,BAT010064,2026-12-03,Navkar Pharma Agency,1,97.54
2025-07-26,BR003,MED027,BAT010043,2027-05-05,Siddhivinayak Drug Agency,12,143.56
2025-07-26,BR003,MED130,BAT010035,2028-05-20,Deccan Drug House,33,47.58
2025-07-26,BR003,MED241,BAT010030,2026-02-05,Konkan Healthcare Traders,45,17.49
2025-07-26,BR003,MED257,BAT010057,2028-05-04,Om Sai Medicorp,32,26.35
2025-07-26,BR003,MED341,BAT010061,2028-05-13,Om Sai Medicorp,1,131.13
2025-07-26,BR003,MED444,BAT010051,2026-12-27,Thane Medico Traders,11,86.99
2025-07-26,BR003,MED444,BAT010063,2027-05-06,Thane Medico Traders,1,103.38
2025-07-26,BR003,MED445,BAT010064,2026-12-03,Navkar Pharma Agency,1,97.54
2025-07-27,BR001,MED005,BAT010076,2028-03-18,Mira Road Drug House,95,23.56
2025-07-27,BR001,MED025,BAT010081,2028-03-08,Siddhivinayak Drug Agency,1,47.84
2025-07-27,BR001,MED027,BAT010097,2027-01-15,Siddhivinayak Drug Agency,1,138.1
2025-07-27,BR001,MED247,BAT010110,2027-04-23,Sai Pharma Distributors,30,55.25
2025-07-27,BR001,MED411,BAT010085,2026-06-15,Maharashtra Pharma Link,2,99.94
2025-07-27,BR002,MED025,BAT010081,2028-03-08,Siddhivinayak Drug Agency,1,47.84
2025-07-27,BR002,MED027,BAT010097,2027-01-15,Siddhivinayak Drug Agency,11,138.1
2025-07-27,BR002,MED142,BAT010077,2028-01-19,Bombay Medi Supply,36,37.58
2025-07-27,BR002,MED411,BAT010085,2026-06-15,Maharashtra Pharma Link,10,99.94
2025-07-27,BR003,MED005,BAT010088,2028-01-15,Mira Road Drug House,87,23.26
2025-07-27,BR003,MED025,BAT010081,2028-03-08,Siddhivinayak Drug Agency,1,47.84
2025-07-27,BR003,MED027,BAT010097,2027-01-15,Siddhivinayak Drug Agency,1,138.1
2025-07-27,BR003,MED247,BAT010110,2027-04-23,Sai Pharma Distributors,25,55.25
2025-07-27,BR003,MED381,BAT010093,2027-04-14,Neelkanth Pharma Link,99,128.84
2025-07-27,BR003,MED411,BAT010085,2026-06-15,Maharashtra Pharma Link,1,99.94
2025-07-28,BR001,MED026,BAT010120,2027-01-12,Goregaon Medi Wholesale,6,48.99
2025-07-28,BR001,MED038,BAT010163,2025-09-23,Arihant Pharma Traders,1,69.75
2025-07-28,BR001,MED234,BAT010151,2027-12-24,Konkan Healthcare Traders,28,42.92
2025-07-28,BR001,MED262,BAT010139,2028-05-16,Bombay Medi Supply,18,36.0
2025-07-28,BR001,MED269,BAT010153,2028-06-04,Sahyadri Pharma Distributors,114,35.95
2025-07-28,BR001,MED467,BAT010161,2027-07-02,Vasai Virar Medico,6,25.67
2025-07-28,BR001,MED470,BAT010145,2027-01-15,Navkar Pharma Agency,19,28.27
2025-07-28,BR001,MED477,BAT010146,2026-10-13,Deccan Drug House,5,133.47
2025-07-28,BR002,MED026,BAT010120,2027-01-12,Goregaon Medi Wholesale,13,48.99
2025-07-28,BR002,MED038,BAT010163,2025-09-23,Arihant Pharma Traders,13,69.75
2025-07-28,BR002,MED155,BAT010125,2025-09-02,Lifeline Medico Distributors,14,34.3
2025-07-28,BR002,MED262,BAT010139,2028-05-16,Bombay Medi Supply,4,36.0
2025-07-28,BR002,MED269,BAT010153,2028-06-04,Sahyadri Pharma Distributors,92,35.95
2025-07-28,BR002,MED467,BAT010161,2027-07-02,Vasai Virar Medico,4,25.67
2025-07-28,BR002,MED477,BAT010146,2026-10-13,Deccan Drug House,4,133.47
2025-07-28,BR003,MED026,BAT010120,2027-01-12,Goregaon Medi Wholesale,6,48.99
2025-07-28,BR003,MED038,BAT010163,2025-09-23,Arihant Pharma Traders,1,69.75
2025-07-28,BR003,MED039,BAT010164,2028-06-22,Konkan Healthcare Traders,44,52.47
2025-07-28,BR003,MED262,BAT010139,2028-05-16,Bombay Medi Supply,5,36.0
2025-07-28,BR003,MED280,BAT010170,2028-06-14,Navkar Pharma Agency,19,7.65
2025-07-28,BR003,MED299,BAT010130,2028-06-19,Bombay Medi Supply,103,74.3
2025-07-28,BR003,MED467,BAT010161,2027-07-02,Vasai Virar Medico,6,25.67
2025-07-28,BR003,MED477,BAT010146,2026-10-13,Deccan Drug House,16,133.47
2025-07-29,BR001,MED001,BAT010183,2025-09-03,Goregaon Medi Wholesale,77,16.86
2025-07-29,BR001,MED022,BAT010189,2027-06-05,Apex Pharma Wholesale,1,51.83
2025-07-29,BR001,MED106,BAT010192,2027-05-26,Deccan Drug House,14,188.31
2025-07-29,BR001,MED130,BAT010205,2028-07-09,Goregaon Medi Wholesale,33,47.51
2025-07-29,BR001,MED422,BAT010178,2027-03-25,Jai Hind Medical Agencies,7,131.36
2025-07-29,BR001,MED463,BAT010211,2027-04-06,Deccan Drug House,13,19.89
2025-07-29,BR001,MED464,BAT010212,2027-01-25,Mahalaxmi Pharma Agencies,7,18.12
2025-07-29,BR001,MED470,BAT010216,2027-05-16,Navkar Pharma Agency,1,25.24
2025-07-29,BR002,MED001,BAT010213,2028-03-05,Sai Pharma Distributors,49,16.87
2025-07-29,BR002,MED021,BAT010184,2028-05-14,Dadar Wholesale Drugs,13,25.08
2025-07-29,BR002,MED022,BAT010189,2027-06-05,Apex Pharma Wholesale,7,51.83
2025-07-29,BR002,MED106,BAT010192,2027-05-26,Deccan Drug House,1,188.31
2025-07-29,BR002,MED422,BAT010178,2027-03-25,Jai Hind Medical Agencies,5,131.36
2025-07-29,BR002,MED463,BAT010211,2027-04-06,Deccan Drug House,1,19.89
2025-07-29,BR002,MED464,BAT010212,2027-01-25,Mahalaxmi Pharma Agencies,5,18.12
2025-07-29,BR002,MED470,BAT010216,2027-05-16,Navkar Pharma Agency,1,25.24
2025-07-29,BR003,MED014,BAT010217,2028-05-03,Jai Hind Medical Agencies,56,105.6
2025-07-29,BR003,MED015,BAT010179,2026-12-29,Kalyan Medical Stores,27,89.31
2025-07-29,BR003,MED021,BAT010184,2028-05-14,Dadar Wholesale Drugs,18,25.08
2025-07-29,BR003,MED022,BAT010189,2027-06-05,Apex Pharma Wholesale,1,51.83
2025-07-29,BR003,MED040,BAT010191,2027-05-16,Neelkanth Pharma Link,25,120.85
2025-07-29,BR003,MED106,BAT010192,2027-05-26,Deccan Drug House,1,188.31
2025-07-29,BR003,MED422,BAT010178,2027-03-25,Jai Hind Medical Agencies,6,131.36
2025-07-29,BR003,MED463,BAT010211,2027-04-06,Deccan Drug House,1,19.89
2025-07-29,BR003,MED464,BAT010212,2027-01-25,Mahalaxmi Pharma Agencies,12,18.12
2025-07-29,BR003,MED470,BAT010216,2027-05-16,Navkar Pharma Agency,1,25.24
2025-07-30,BR001,MED011,BAT010233,2028-04-19,Siddhivinayak Drug Agency,192,26.24
2025-07-30,BR001,MED257,BAT010243,2028-07-02,Om Sai Medicorp,35,25.4
2025-07-30,BR001,MED339,BAT010247,2028-07-15,Pioneer Healthcare Distributors,6,132.63
2025-07-30,BR001,MED344,BAT010257,2028-04-29,Navkar Pharma Agency,37,56.25
2025-07-30,BR001,MED405,BAT010261,2028-03-27,Arihant Pharma Traders,12,327.97
2025-07-30,BR001,MED445,BAT010221,2026-12-21,Mahalaxmi Pharma Agencies,1,90.5
2025-07-30,BR001,MED480,BAT010225,2026-02-01,Panvel Pharma Supplies,1,55.55
2025-07-30,BR001,MED490,BAT010226,2026-01-19,Lifeline Medico Distributors,1,47.53
2025-07-30,BR002,MED040,BAT010236,2025-12-15,Pioneer Healthcare Distributors,23,115.95
2025-07-30,BR002,MED257,BAT010243,2028-07-02,Om Sai Medicorp,26,25.4
2025-07-30,BR002,MED339,BAT010247,2028-07-15,Pioneer Healthcare Distributors,5,132.63
2025-07-30,BR002,MED405,BAT010261,2028-03-27,Arihant Pharma Traders,5,327.97
2025-07-30,BR002,MED445,BAT010221,2026-12-21,Mahalaxmi Pharma Agencies,14,90.5
2025-07-30,BR002,MED459,BAT010222,2027-03-26,Deccan Drug House,52,35.91
2025-07-30,BR002,MED470,BAT010253,2027-04-04,Navkar Pharma Agency,16,28.94
2025-07-30,BR002,MED480,BAT010225,2026-02-01,Panvel Pharma Supplies,1,55.55
2025-07-30,BR002,MED490,BAT010226,2026-01-19,Lifeline Medico Distributors,1,47.53
2025-07-30,BR003,MED017,BAT010227,2027-03-02,Mira Road Drug House,40,18.48
2025-07-30,BR003,MED098,BAT010238,2027-05-27,Om Sai Medicorp,17,87.34
2025-07-30,BR003,MED269,BAT010244,2028-05-19,Siddhivinayak Drug Agency,122,34.17
2025-07-30,BR003,MED339,BAT010247,2028-07-15,Pioneer Healthcare Distributors,5,132.63
2025-07-30,BR003,MED405,BAT010261,2028-03-27,Arihant Pharma Traders,6,327.97
2025-07-30,BR003,MED445,BAT010221,2026-12-21,Mahalaxmi Pharma Agencies,1,90.5
2025-07-30,BR003,MED480,BAT010225,2026-02-01,Panvel Pharma Supplies,14,55.55
2025-07-30,BR003,MED490,BAT010226,2026-01-19,Lifeline Medico Distributors,1,47.53
2025-07-31,BR001,MED020,BAT010310,2026-07-25,Apex Pharma Wholesale,19,105.45
2025-07-31,BR001,MED028,BAT010269,2028-03-25,Malad Healthcare Supply,6,33.13
2025-07-31,BR001,MED063,BAT010297,2028-02-03,Konkan Healthcare Traders,18,28.03
2025-07-31,BR001,MED098,BAT010267,2026-12-11,Bhiwandi Drug Depot,14,89.68
2025-07-31,BR001,MED371,BAT010317,2028-04-07,Shree Ganesh Medico,7,137.3
2025-07-31,BR001,MED483,BAT010290,2026-09-29,Lifeline Medico Distributors,1,51.9
2025-07-31,BR002,MED013,BAT010278,2028-03-05,Ulhasnagar Drug Centre,52,22.9
2025-07-31,BR002,MED020,BAT010310,2026-07-25,Apex Pharma Wholesale,3,105.45
2025-07-31,BR002,MED028,BAT010269,2028-03-25,Malad Healthcare Supply,5,33.13
2025-07-31,BR002,MED031,BAT010279,2026-01-10,Mira Road Drug House,25,129.83
2025-07-31,BR002,MED098,BAT010267,2026-12-11,Bhiwandi Drug Depot,1,89.68
2025-07-31,BR002,MED343,BAT010306,2027-12-15,Sahyadri Pharma Distributors,22,146.21
2025-07-31,BR002,MED371,BAT010317,2028-04-07,Shree Ganesh Medico,6,137.3
2025-07-31,BR002,MED483,BAT010290,2026-09-29,Lifeline Medico Distributors,1,51.9
2025-07-31,BR003,MED001,BAT010308,2028-01-25,Apex Pharma Wholesale,77,20.52
2025-07-31,BR003,MED009,BAT010309,2027-01-27,Konkan Healthcare Traders,86,56.95
2025-07-31,BR003,MED013,BAT010278,2028-03-05,Ulhasnagar Drug Centre,67,22.9
2025-07-31,BR003,MED020,BAT010310,2026-07-25,Apex Pharma Wholesale,4,105.45
2025-07-31,BR003,MED028,BAT010269,2028-03-25,Malad Healthcare Supply,6,33.13
2025-07-31,BR003,MED030,BAT010270,2025-12-29,Malad Healthcare Supply,21,42.94
2025-07-31,BR003,MED098,BAT010267,2026-12-11,Bhiwandi Drug Depot,1,89.68
2025-07-31,BR003,MED284,BAT010302,2027-04-22,Sahyadri Pharma Distributors,29,73.35
2025-07-31,BR003,MED371,BAT010317,2028-04-07,Shree Ganesh Medico,7,137.3
2025-07-31,BR003,MED459,BAT010307,2027-02-10,Navkar Pharma Agency,63,36.72
2025-07-31,BR003,MED483,BAT010290,2026-09-29,Lifeline Medico Distributors,12,51.9
2025-08-01,BR001,MED006,BAT010336,2026-06-28,Bombay Medi Supply,6,39.68
2025-08-01,BR001,MED009,BAT010365,2027-02-27,Konkan Healthcare Traders,89,56.51
2025-08-01,BR001,MED019,BAT010340,2025-11-20,Lifeline Medico Distributors,19,63.2
2025-08-01,BR001,MED150,BAT010324,2028-06-10,Maharashtra Pharma Link,5,18.58
2025-08-01,BR001,MED152,BAT010319,2026-07-17,Maharashtra Pharma Link,28,34.04
2025-08-01,BR001,MED179,BAT010328,2028-02-09,Maharashtra Pharma Link,6,8.7
2025-08-01,BR001,MED253,BAT010332,2027-05-15,Dadar Wholesale Drugs,6,70.76
2025-08-01,BR001,MED321,BAT010367,2027-03-07,Sahyadri Pharma Distributors,6,131.48
2025-08-01,BR002,MED006,BAT010336,2026-06-28,Bombay Medi Supply,13,39.68
2025-08-01,BR002,MED014,BAT010371,2026-02-17,Jai Hind Medical Agencies,52,114.3
2025-08-01,BR002,MED082,BAT010341,2028-06-19,Bhiwandi Drug Depot,29,53.66
2025-08-01,BR002,MED091,BAT010342,2028-07-01,Goregaon Medi Wholesale,27,19.58
2025-08-01,BR002,MED150,BAT010324,2028-06-10,Maharashtra Pharma Link,4,18.58
2025-08-01,BR002,MED179,BAT010328,2028-02-09,Maharashtra Pharma Link,13,8.7
2025-08-01,BR002,MED205,BAT010347,2028-03-08,Arihant Pharma Traders,11,40.12
2025-08-01,BR002,MED253,BAT010332,2027-05-15,Dadar Wholesale Drugs,5,70.76
2025-08-01,BR002,MED321,BAT010367,2027-03-07,Sahyadri Pharma Distributors,5,131.48
2025-08-01,BR003,MED006,BAT010336,2026-06-28,Bombay Medi Supply,6,39.68
2025-08-01,BR003,MED007,BAT010339,2027-12-24,Malad Healthcare Supply,79,17.24
2025-08-01,BR003,MED150,BAT010324,2028-06-10,Maharashtra Pharma Link,17,18.58
2025-08-01,BR003,MED152,BAT010319,2026-07-17,Maharashtra Pharma Link,27,34.04
2025-08-01,BR003,MED155,BAT010326,2025-10-06,Lifeline Medico Distributors,21,35.33
2025-08-01,BR003,MED179,BAT010328,2028-02-09,Maharashtra Pharma Link,6,8.7
2025-08-01,BR003,MED253,BAT010332,2027-05-15,Dadar Wholesale Drugs,6,70.76
2025-08-01,BR003,MED321,BAT010367,2027-03-07,Sahyadri Pharma Distributors,6,131.48
2025-08-02,BR001,MED004,BAT010372,2027-01-21,Deccan Drug House,1,97.34
2025-08-02,BR001,MED044,BAT010388,2028-03-20,Jai Hind Medical Agencies,16,256.73
2025-08-02,BR001,MED427,BAT010385,2025-09-15,Kalyan Medical Stores,7,159.14
2025-08-02,BR001,MED463,BAT010397,2027-04-25,Thane Medico Traders,2,20.46
2025-08-02,BR001,MED480,BAT010379,2028-05-16,Panvel Pharma Supplies,14,48.68
2025-08-02,BR002,MED004,BAT010372,2027-01-21,Deccan Drug House,1,97.34
2025-08-02,BR002,MED012,BAT010386,2027-04-30,Om Sai Medicorp,102,80.62
2025-08-02,BR002,MED037,BAT010387,2028-02-05,Pioneer Healthcare Distributors,163,87.98
2025-08-02,BR002,MED044,BAT010388,2028-03-20,Jai Hind Medical Agencies,5,256.73
2025-08-02,BR002,MED427,BAT010385,2025-09-15,Kalyan Medical Stores,5,159.14
2025-08-02,BR002,MED463,BAT010397,2027-04-25,Thane Medico Traders,9,20.46
2025-08-02,BR003,MED004,BAT010372,2027-01-21,Deccan Drug House,1,97.34
2025-08-02,BR003,MED044,BAT010388,2028-03-20,Jai Hind Medical Agencies,5,256.73
2025-08-02,BR003,MED427,BAT010385,2025-09-15,Kalyan Medical Stores,6,159.14
2025-08-02,BR003,MED463,BAT010397,2027-04-25,Thane Medico Traders,2,20.46
2025-08-03,BR001,MED008,BAT010439,2028-06-09,Om Sai Medicorp,7,129.46
2025-08-03,BR001,MED014,BAT010440,2028-05-24,Jai Hind Medical Agencies,63,98.86
2025-08-03,BR001,MED031,BAT010407,2026-01-10,Mira Road Drug House,29,137.97
2025-08-03,BR001,MED035,BAT010425,2026-06-16,Vasai Virar Medico,21,16.85
2025-08-03,BR001,MED069,BAT010426,2026-01-02,Chembur Pharma Depot,1,24.29
2025-08-03,BR001,MED150,BAT010409,2027-12-06,Maharashtra Pharma Link,16,18.48
2025-08-03,BR001,MED155,BAT010419,2025-12-04,Lifeline Medico Distributors,20,36.35
2025-08-03,BR001,MED205,BAT010444,2025-11-08,Arihant Pharma Traders,16,36.44
2025-08-03,BR001,MED341,BAT010433,2027-12-06,Om Sai Medicorp,1,124.29
2025-08-03,BR001,MED381,BAT010423,2027-03-17,Ulhasnagar Drug Centre,102,116.95
2025-08-03,BR001,MED444,BAT010437,2027-01-18,Thane Medico Traders,1,93.72
2025-08-03,BR002,MED005,BAT010403,2028-05-29,Mira Road Drug House,69,21.12
2025-08-03,BR002,MED008,BAT010439,2028-06-09,Om Sai Medicorp,5,129.46
2025-08-03,BR002,MED069,BAT010426,2026-01-02,Chembur Pharma Depot,14,24.29
2025-08-03,BR002,MED150,BAT010409,2027-12-06,Maharashtra Pharma Link,4,18.48
2025-08-03,BR002,MED341,BAT010433,2027-12-06,Om Sai Medicorp,1,124.29
2025-08-03,BR002,MED444,BAT010437,2027-01-18,Thane Medico Traders,10,93.72
2025-08-03,BR003,MED008,BAT010439,2028-06-09,Om Sai Medicorp,7,129.46
2025-08-03,BR003,MED022,BAT010441,2027-01-22,Apex Pharma Wholesale,8,51.79
2025-08-03,BR003,MED033,BAT010413,2027-02-07,Pioneer Healthcare Distributors,111,37.56
2025-08-03,BR003,MED034,BAT010424,2028-01-25,Konkan Healthcare Traders,90,36.7
2025-08-03,BR003,MED069,BAT010426,2026-01-02,Chembur Pharma Depot,1,24.29
2025-08-03,BR003,MED150,BAT010409,2027-12-06,Maharashtra Pharma Link,5,18.48
2025-08-03,BR003,MED311,BAT010432,2025-12-10,Om Sai Medicorp,34,59.03
2025-08-03,BR003,MED341,BAT010433,2027-12-06,Om Sai Medicorp,1,124.29
2025-08-03,BR003,MED444,BAT010437,2027-01-18,Thane Medico Traders,1,93.72
2025-08-04,BR001,MED010,BAT010478,2028-05-09,Sai Pharma Distributors,16,40.56
2025-08-04,BR001,MED013,BAT010453,2028-02-26,Ulhasnagar Drug Centre,66,25.82
2025-08-04,BR001,MED027,BAT010480,2027-02-28,Siddhivinayak Drug Agency,1,159.81
2025-08-04,BR001,MED073,BAT010497,2028-01-31,Sahyadri Pharma Distributors,25,32.32
2025-08-04,BR001,MED142,BAT010466,2028-02-16,Bombay Medi Supply,52,37.46
2025-08-04,BR001,MED277,BAT010455,2028-02-18,Pioneer Healthcare Distributors,6,6.86
2025-08-04,BR001,MED315,BAT010507,2027-01-27,Sahyadri Pharma Distributors,11,136.55
2025-08-04,BR001,MED459,BAT010495,2027-05-26,Navkar Pharma Agency,65,33.52
2025-08-04,BR001,MED490,BAT010463,2026-12-13,Mira Road Drug House,1,42.16
2025-08-04,BR002,MED007,BAT010456,2028-03-24,Malad Healthcare Supply,57,16.26
2025-08-04,BR002,MED010,BAT010478,2028-05-09,Sai Pharma Distributors,4,40.56
2025-08-04,BR002,MED011,BAT010464,2028-02-10,Siddhivinayak Drug Agency,154,26.56
2025-08-04,BR002,MED027,BAT010480,2027-02-28,Siddhivinayak Drug Agency,1,159.81
2025-08-04,BR002,MED033,BAT010454,2027-04-16,Pioneer Healthcare Distributors,85,44.76
2025-08-04,BR002,MED034,BAT010460,2028-02-21,Western Drugs & Surgicals,62,37.49
2025-08-04,BR002,MED097,BAT010486,2027-04-15,Deccan Drug House,16,90.46
2025-08-04,BR002,MED277,BAT010455,2028-02-18,Pioneer Healthcare Distributors,5,6.86
2025-08-04,BR002,MED315,BAT010507,2027-01-27,Sahyadri Pharma Distributors,6,136.55
2025-08-04,BR002,MED459,BAT010511,2026-12-27,Navkar Pharma Agency,53,33.04
2025-08-04,BR002,MED490,BAT010463,2026-12-13,Mira Road Drug House,11,42.16
2025-08-04,BR003,MED010,BAT010478,2028-05-09,Sai Pharma Distributors,5,40.56
2025-08-04,BR003,MED011,BAT010479,2028-07-13,Siddhivinayak Drug Agency,178,29.81
2025-08-04,BR003,MED027,BAT010480,2027-02-28,Siddhivinayak Drug Agency,1,159.81
2025-08-04,BR003,MED035,BAT010481,2025-12-14,Vasai Virar Medico,21,14.1
2025-08-04,BR003,MED038,BAT010482,2028-05-03,Arihant Pharma Traders,15,68.41
2025-08-04,BR003,MED082,BAT010483,2028-03-09,Bhiwandi Drug Depot,44,57.16
2025-08-04,BR003,MED277,BAT010455,2028-02-18,Pioneer Healthcare Distributors,6,6.86
2025-08-04,BR003,MED278,BAT010474,2028-02-28,Bombay Medi Supply,23,6.71
2025-08-04,BR003,MED305,BAT010475,2025-12-26,Dadar Wholesale Drugs,50,70.76
2025-08-04,BR003,MED315,BAT010507,2027-01-27,Sahyadri Pharma Distributors,7,136.55
2025-08-04,BR003,MED319,BAT010476,2027-07-09,Navkar Pharma Agency,82,164.29
2025-08-04,BR003,MED490,BAT010463,2026-12-13,Mira Road Drug House,1,42.16
2025-08-05,BR001,MED002,BAT010525,2025-10-26,Dadar Wholesale Drugs,15,28.94
2025-08-05,BR001,MED033,BAT010526,2027-03-19,Pioneer Healthcare Distributors,124,40.88
2025-08-05,BR001,MED040,BAT010551,2027-01-02,Pioneer Healthcare Distributors,29,132.04
2025-08-05,BR001,MED121,BAT010554,2027-05-01,Sai Pharma Distributors,7,90.62
2025-08-05,BR001,MED188,BAT010514,2027-12-20,Panvel Pharma Supplies,7,154.06
2025-08-05,BR001,MED278,BAT010516,2027-12-13,Bombay Medi Supply,27,6.15
2025-08-05,BR001,MED319,BAT010538,2026-12-12,Navkar Pharma Agency,91,173.77
2025-08-05,BR001,MED341,BAT010566,2028-04-03,Om Sai Medicorp,1,145.66
2025-08-05,BR001,MED411,BAT010543,2027-01-08,Ulhasnagar Drug Centre,15,93.37
2025-08-05,BR001,MED483,BAT010547,2026-12-12,Vasai Virar Medico,1,55.61
2025-08-05,BR002,MED121,BAT010554,2027-05-01,Sai Pharma Distributors,5,90.62
2025-08-05,BR002,MED159,BAT010534,2026-02-10,Ulhasnagar Drug Centre,19,49.51
2025-08-05,BR002,MED188,BAT010514,2027-12-20,Panvel Pharma Supplies,5,154.06
2025-08-05,BR002,MED299,BAT010517,2027-12-19,Bombay Medi Supply,88,64.97
2025-08-05,BR002,MED319,BAT010538,2026-12-12,Navkar Pharma Agency,73,173.77
2025-08-05,BR002,MED341,BAT010566,2028-04-03,Om Sai Medicorp,1,145.66
2025-08-05,BR002,MED381,BAT010542,2027-03-18,Ulhasnagar Drug Centre,93,125.32
2025-08-05,BR002,MED483,BAT010547,2026-12-12,Vasai Virar Medico,10,55.61
2025-08-05,BR003,MED002,BAT010525,2025-10-26,Dadar Wholesale Drugs,17,28.94
2025-08-05,BR003,MED024,BAT010549,2027-03-09,Om Sai Medicorp,31,79.18
2025-08-05,BR003,MED037,BAT010527,2027-12-18,Pioneer Healthcare Distributors,195,93.5
2025-08-05,BR003,MED121,BAT010554,2027-05-01,Sai Pharma Distributors,7,90.62
2025-08-05,BR003,MED159,BAT010534,2026-02-10,Ulhasnagar Drug Centre,21,49.51
2025-08-05,BR003,MED188,BAT010514,2027-12-20,Panvel Pharma Supplies,7,154.06
2025-08-05,BR003,MED341,BAT010566,2028-04-03,Om Sai Medicorp,1,145.66
2025-08-05,BR003,MED445,BAT010564,2027-02-22,Goregaon Medi Wholesale,16,82.43
2025-08-05,BR003,MED483,BAT010547,2026-12-12,Vasai Virar Medico,1,55.61
2025-08-06,BR001,MED026,BAT010581,2027-02-23,Goregaon Medi Wholesale,5,55.37
2025-08-06,BR001,MED032,BAT010592,2025-12-07,Kalyan Medical Stores,7,7.91
2025-08-06,BR001,MED043,BAT010620,2027-03-12,Vashi Pharma Hub,55,118.29
2025-08-06,BR001,MED106,BAT010621,2027-01-16,Sai Pharma Distributors,1,155.25
2025-08-06,BR001,MED156,BAT010599,2026-06-09,Shree Ganesh Medico,4,41.53
2025-08-06,BR001,MED186,BAT010577,2026-01-21,Mira Road Drug House,25,164.94
2025-08-06,BR001,MED241,BAT010625,2026-04-18,Konkan Healthcare Traders,43,18.37
2025-08-06,BR001,MED290,BAT010616,2027-06-15,Konkan Healthcare Traders,7,106.18
2025-08-06,BR002,MED015,BAT010580,2026-09-13,Kalyan Medical Stores,23,95.09
2025-08-06,BR002,MED026,BAT010581,2027-02-23,Goregaon Medi Wholesale,4,55.37
2025-08-06,BR002,MED032,BAT010592,2025-12-07,Kalyan Medical Stores,5,7.91
2025-08-06,BR002,MED106,BAT010621,2027-01-16,Sai Pharma Distributors,1,155.25
2025-08-06,BR002,MED156,BAT010599,2026-06-09,Shree Ganesh Medico,3,41.53
2025-08-06,BR002,MED290,BAT010616,2027-06-15,Konkan Healthcare Traders,10,106.18
2025-08-06,BR003,MED026,BAT010581,2027-02-23,Goregaon Medi Wholesale,5,55.37
2025-08-06,BR003,MED031,BAT010573,2026-12-19,Mira Road Drug House,28,136.65
2025-08-06,BR003,MED032,BAT010592,2025-12-07,Kalyan Medical Stores,7,7.91
2025-08-06,BR003,MED106,BAT010621,2027-01-16,Sai Pharma Distributors,1,155.25
2025-08-06,BR003,MED142,BAT010598,2028-04-15,Mira Road Drug House,50,42.27
2025-08-06,BR003,MED156,BAT010599,2026-06-09,Shree Ganesh Medico,14,41.53
2025-08-06,BR003,MED290,BAT010616,2027-06-15,Konkan Healthcare Traders,7,106.18
2025-08-07,BR001,MED022,BAT010648,2027-05-29,Apex Pharma Wholesale,10,56.83
2025-08-07,BR001,MED025,BAT010655,2028-06-27,Siddhivinayak Drug Agency,1,42.68
2025-08-07,BR001,MED029,BAT010633,2026-12-18,Ulhasnagar Drug Centre,6,31.53
2025-08-07,BR001,MED097,BAT010628,2027-05-14,Bhiwandi Drug Depot,23,92.13
2025-08-07,BR001,MED204,BAT010638,2025-12-27,Panvel Pharma Supplies,6,122.01
2025-08-07,BR001,MED283,BAT010640,2027-01-26,Neelkanth Pharma Link,42,86.98
2025-08-07,BR001,MED377,BAT010670,2027-07-24,Jai Hind Medical Agencies,7,113.91
2025-08-07,BR001,MED444,BAT010665,2027-03-27,Thane Medico Traders,1,96.97
2025-08-07,BR002,MED022,BAT010648,2027-05-29,Apex Pharma Wholesale,1,56.83
2025-08-07,BR002,MED025,BAT010655,2028-06-27,Siddhivinayak Drug Agency,11,42.68
2025-08-07,BR002,MED029,BAT010633,2026-12-18,Ulhasnagar Drug Centre,5,31.53
2025-08-07,BR002,MED073,BAT010668,2028-05-18,Sahyadri Pharma Distributors,17,32.34
2025-08-07,BR002,MED204,BAT010638,2025-12-27,Panvel Pharma Supplies,5,122.01
2025-08-07,BR002,MED377,BAT010670,2027-07-24,Jai Hind Medical Agencies,6,113.91
2025-08-07,BR002,MED443,BAT010645,2027-04-26,Ulhasnagar Drug Centre,19,97.02
2025-08-07,BR002,MED444,BAT010665,2027-03-27,Thane Medico Traders,1,96.97
2025-08-07,BR003,MED022,BAT010648,2027-05-29,Apex Pharma Wholesale,2,56.83
2025-08-07,BR003,MED025,BAT010655,2028-06-27,Siddhivinayak Drug Agency,1,42.68
2025-08-07,BR003,MED029,BAT010633,2026-12-18,Ulhasnagar Drug Centre,6,31.53
2025-08-07,BR003,MED073,BAT010668,2028-05-18,Sahyadri Pharma Distributors,21,32.34
2025-08-07,BR003,MED204,BAT010638,2025-12-27,Panvel Pharma Supplies,6,122.01
2025-08-07,BR003,MED283,BAT010640,2027-01-26,Neelkanth Pharma Link,41,86.98
2025-08-07,BR003,MED377,BAT010670,2027-07-24,Jai Hind Medical Agencies,6,113.91
2025-08-07,BR003,MED443,BAT010645,2027-04-26,Ulhasnagar Drug Centre,24,97.02
2025-08-07,BR003,MED444,BAT010665,2027-03-27,Thane Medico Traders,1,96.97
2025-08-08,BR001,MED005,BAT010682,2028-05-19,Mira Road Drug House,91,22.5
2025-08-08,BR001,MED017,BAT010673,2027-02-03,Ulhasnagar Drug Centre,49,22.63
2025-08-08,BR001,MED248,BAT010707,2027-03-08,Pioneer Healthcare Distributors,7,61.37
2025-08-08,BR001,MED294,BAT010708,2028-03-20,Om Sai Medicorp,13,69.93
2025-08-08,BR001,MED343,BAT010710,2028-07-08,Sahyadri Pharma Distributors,21,140.66
2025-08-08,BR002,MED248,BAT010707,2027-03-08,Pioneer Healthcare Distributors,5,61.37
2025-08-08,BR002,MED294,BAT010708,2028-03-20,Om Sai Medicorp,5,69.93
2025-08-08,BR003,MED012,BAT010693,2025-11-07,Om Sai Medicorp,123,72.79
2025-08-08,BR003,MED248,BAT010707,2027-03-08,Pioneer Healthcare Distributors,7,61.37
2025-08-08,BR003,MED294,BAT010708,2028-03-20,Om Sai Medicorp,6,69.93
2025-08-08,BR003,MED344,BAT010711,2028-02-05,Navkar Pharma Agency,40,47.91
2025-08-09,BR001,MED004,BAT010721,2026-12-18,Deccan Drug House,1,88.04
2025-08-09,BR001,MED012,BAT010751,2027-04-14,Om Sai Medicorp,124,75.88
2025-08-09,BR001,MED015,BAT010722,2026-08-01,Western Drugs & Surgicals,31,83.55
2025-08-09,BR001,MED021,BAT010723,2028-06-07,Dadar Wholesale Drugs,17,23.39
2025-08-09,BR001,MED039,BAT010752,2028-01-29,Om Sai Medicorp,39,50.22
2025-08-09,BR001,MED411,BAT010737,2027-01-18,Ulhasnagar Drug Centre,2,97.48
2025-08-09,BR001,MED417,BAT010739,2027-01-22,Vashi Pharma Hub,7,73.95
2025-08-09,BR001,MED444,BAT010749,2027-05-01,Thane Medico Traders,14,105.3
2025-08-09,BR002,MED004,BAT010721,2026-12-18,Deccan Drug House,1,88.04
2025-08-09,BR002,MED009,BAT010750,2027-05-09,Konkan Healthcare Traders,65,64.7
2025-08-09,BR002,MED043,BAT010729,2027-01-18,Shree Ganesh Medico,44,114.84
2025-08-09,BR002,MED269,BAT010725,2028-07-23,Siddhivinayak Drug Agency,86,33.16
2025-08-09,BR002,MED411,BAT010737,2027-01-18,Ulhasnagar Drug Centre,10,97.48
2025-08-09,BR002,MED417,BAT010739,2027-01-22,Vashi Pharma Hub,5,73.95
2025-08-09,BR002,MED444,BAT010749,2027-05-01,Thane Medico Traders,1,105.3
2025-08-09,BR003,MED004,BAT010721,2026-12-18,Deccan Drug House,13,88.04
2025-08-09,BR003,MED043,BAT010753,2027-03-31,Vashi Pharma Hub,54,116.39
2025-08-09,BR003,MED411,BAT010737,2027-01-18,Ulhasnagar Drug Centre,1,97.48
2025-08-09,BR003,MED417,BAT010739,2027-01-22,Vashi Pharma Hub,11,73.95
2025-08-09,BR003,MED444,BAT010749,2027-05-01,Thane Medico Traders,1,105.3
2025-08-10,BR001,MED007,BAT010763,2027-12-19,Malad Healthcare Supply,81,18.33
2025-08-10,BR001,MED025,BAT010786,2028-06-12,Deccan Drug House,1,43.86
2025-08-10,BR001,MED027,BAT010787,2027-06-19,Siddhivinayak Drug Agency,13,153.82
2025-08-10,BR001,MED038,BAT010794,2028-01-02,Arihant Pharma Traders,1,58.12
2025-08-10,BR001,MED103,BAT010796,2027-03-01,Om Sai Medicorp,7,124.35
2025-08-10,BR001,MED280,BAT010799,2028-02-19,Navkar Pharma Agency,19,7.93
2025-08-10,BR001,MED305,BAT010781,2026-02-08,Dadar Wholesale Drugs,60,81.09
2025-08-10,BR001,MED341,BAT010782,2028-03-28,Om Sai Medicorp,18,143.11
2025-08-10,BR001,MED411,BAT010769,2027-01-01,Ulhasnagar Drug Centre,1,106.11
2025-08-10,BR002,MED019,BAT010761,2026-07-31,Mira Road Drug House,17,60.34
2025-08-10,BR002,MED025,BAT010786,2028-06-12,Deccan Drug House,1,43.86
2025-08-10,BR002,MED027,BAT010787,2027-06-19,Siddhivinayak Drug Agency,1,153.82
2025-08-10,BR002,MED035,BAT010793,2026-05-15,Arihant Pharma Traders,17,15.31
2025-08-10,BR002,MED038,BAT010794,2028-01-02,Arihant Pharma Traders,1,58.12
2025-08-10,BR002,MED103,BAT010796,2027-03-01,Om Sai Medicorp,10,124.35
2025-08-10,BR002,MED280,BAT010799,2028-02-19,Navkar Pharma Agency,17,7.93
2025-08-10,BR002,MED411,BAT010769,2027-01-01,Ulhasnagar Drug Centre,1,106.11
2025-08-10,BR003,MED025,BAT010786,2028-06-12,Deccan Drug House,1,43.86
2025-08-10,BR003,MED027,BAT010787,2027-06-19,Siddhivinayak Drug Agency,1,153.82
2025-08-10,BR003,MED038,BAT010794,2028-01-02,Arihant Pharma Traders,1,58.12
2025-08-10,BR003,MED069,BAT010771,2028-01-12,Dadar Wholesale Drugs,19,21.85
2025-08-10,BR003,MED091,BAT010773,2027-12-22,Goregaon Medi Wholesale,38,21.57
2025-08-10,BR003,MED103,BAT010796,2027-03-01,Om Sai Medicorp,6,124.35
2025-08-10,BR003,MED234,BAT010798,2028-01-21,Konkan Healthcare Traders,28,43.31
2025-08-10,BR003,MED280,BAT010799,2028-02-19,Navkar Pharma Agency,19,7.93
2025-08-10,BR003,MED381,BAT010774,2026-12-29,Neelkanth Pharma Link,104,122.94
2025-08-10,BR003,MED411,BAT010769,2027-01-01,Ulhasnagar Drug Centre,1,106.11
2025-08-11,BR001,MED004,BAT010829,2025-12-05,Chembur Pharma Depot,1,89.14
2025-08-11,BR001,MED018,BAT010830,2026-11-01,Vasai Virar Medico,6,106.67
2025-08-11,BR001,MED022,BAT010843,2027-07-20,Apex Pharma Wholesale,2,49.11
2025-08-11,BR001,MED037,BAT010844,2028-01-15,Pioneer Healthcare Distributors,199,91.75
2025-08-11,BR001,MED038,BAT010819,2028-03-08,Neelkanth Pharma Link,14,67.74
2025-08-11,BR001,MED082,BAT010822,2028-03-27,Bhiwandi Drug Depot,39,63.11
2025-08-11,BR001,MED098,BAT010858,2027-02-20,Sai Pharma Distributors,15,84.55
2025-08-11,BR001,MED268,BAT010863,2028-02-24,Sahyadri Pharma Distributors,7,35.45
2025-08-11,BR001,MED299,BAT010827,2028-06-18,Bombay Medi Supply,106,66.2
2025-08-11,BR001,MED470,BAT010854,2027-05-16,Navkar Pharma Agency,1,25.15
2025-08-11,BR002,MED004,BAT010829,2025-12-05,Chembur Pharma Depot,10,89.14
2025-08-11,BR002,MED018,BAT010830,2026-11-01,Vasai Virar Medico,5,106.67
2025-08-11,BR002,MED022,BAT010843,2027-07-20,Apex Pharma Wholesale,7,49.11
2025-08-11,BR002,MED142,BAT010823,2027-12-20,Bombay Medi Supply,37,41.44
2025-08-11,BR002,MED155,BAT010832,2026-01-18,Lifeline Medico Distributors,14,30.08
2025-08-11,BR002,MED268,BAT010863,2028-02-24,Sahyadri Pharma Distributors,6,35.45
2025-08-11,BR002,MED344,BAT010813,2025-10-25,Navkar Pharma Agency,34,46.94
2025-08-11,BR002,MED470,BAT010854,2027-05-16,Navkar Pharma Agency,12,25.15
2025-08-11,BR003,MED003,BAT010842,2027-01-07,Bhiwandi Drug Depot,15,69.92
2025-08-11,BR003,MED004,BAT010829,2025-12-05,Chembur Pharma Depot,1,89.14
2025-08-11,BR003,MED018,BAT010830,2026-11-01,Vasai Virar Medico,6,106.67
2025-08-11,BR003,MED022,BAT010843,2027-07-20,Apex Pharma Wholesale,2,49.11
2025-08-11,BR003,MED097,BAT010846,2025-11-24,Chembur Pharma Depot,23,95.85
2025-08-11,BR003,MED241,BAT010862,2025-12-17,Konkan Healthcare Traders,47,15.76
2025-08-11,BR003,MED268,BAT010863,2028-02-24,Sahyadri Pharma Distributors,7,35.45
2025-08-11,BR003,MED269,BAT010850,2028-03-04,Siddhivinayak Drug Agency,105,34.02
2025-08-11,BR003,MED299,BAT010836,2028-04-27,Bombay Medi Supply,108,72.99
2025-08-11,BR003,MED470,BAT010854,2027-05-16,Navkar Pharma Agency,1,25.15
2025-08-12,BR001,MED020,BAT010890,2026-08-10,Apex Pharma Wholesale,4,97.25
2025-08-12,BR001,MED024,BAT010877,2027-02-26,Om Sai Medicorp,29,86.96
2025-08-12,BR001,MED034,BAT010871,2028-01-09,Dadar Wholesale Drugs,82,32.5
2025-08-12,BR001,MED091,BAT010869,2028-07-14,Goregaon Medi Wholesale,34,20.33
2025-08-12,BR001,MED205,BAT010881,2028-02-08,Arihant Pharma Traders,1,39.94
2025-08-12,BR001,MED284,BAT010900,2027-04-02,Sahyadri Pharma Distributors,33,84.16
2025-08-12,BR001,MED319,BAT010904,2027-04-10,Navkar Pharma Agency,92,170.9
2025-08-12,BR001,MED445,BAT010887,2027-07-06,Goregaon Medi Wholesale,1,93.98
2025-08-12,BR001,MED470,BAT010909,2027-05-08,Navkar Pharma Agency,14,29.62
2025-08-12,BR002,MED020,BAT010890,2026-08-10,Apex Pharma Wholesale,3,97.25
2025-08-12,BR002,MED205,BAT010881,2028-02-08,Arihant Pharma Traders,1,39.94
2025-08-12,BR002,MED234,BAT010908,2028-02-12,Konkan Healthcare Traders,17,38.12
2025-08-12,BR002,MED445,BAT010887,2027-07-06,Goregaon Medi Wholesale,1,93.98
2025-08-12,BR002,MED470,BAT010909,2027-05-08,Navkar Pharma Agency,1,29.62
2025-08-12,BR003,MED020,BAT010890,2026-08-10,Apex Pharma Wholesale,21,97.25
2025-08-12,BR003,MED205,BAT010881,2028-02-08,Arihant Pharma Traders,14,39.94
2025-08-12,BR003,MED343,BAT010905,2028-01-11,Sahyadri Pharma Distributors,24,141.76
2025-08-12,BR003,MED445,BAT010887,2027-07-06,Goregaon Medi Wholesale,1,93.98
2025-08-12,BR003,MED459,BAT010889,2026-12-24,Deccan Drug House,64,33.6
2025-08-12,BR003,MED470,BAT010909,2027-05-08,Navkar Pharma Agency,1,29.62
2025-08-13,BR001,MED173,BAT010939,2028-04-26,Shree Ganesh Medico,108,15.88
2025-08-13,BR001,MED269,BAT010942,2028-06-16,Siddhivinayak Drug Agency,130,32.6
2025-08-13,BR001,MED335,BAT010946,2025-12-30,Arihant Pharma Traders,7,119.57
2025-08-13,BR001,MED341,BAT010955,2027-12-17,Om Sai Medicorp,1,124.29
2025-08-13,BR001,MED440,BAT010925,2026-11-16,Maharashtra Pharma Link,7,140.3
2025-08-13,BR001,MED445,BAT010949,2027-07-23,Navkar Pharma Agency,17,91.33
2025-08-13,BR002,MED173,BAT010921,2028-03-07,Maharashtra Pharma Link,74,19.2
2025-08-13,BR002,MED247,BAT010951,2027-01-30,Konkan Healthcare Traders,17,60.23
2025-08-13,BR002,MED335,BAT010946,2025-12-30,Arihant Pharma Traders,11,119.57
2025-08-13,BR002,MED341,BAT010955,2027-12-17,Om Sai Medicorp,1,124.29
2025-08-13,BR002,MED440,BAT010925,2026-11-16,Maharashtra Pharma Link,12,140.3
2025-08-13,BR003,MED019,BAT010926,2026-12-24,Lifeline Medico Distributors,24,66.06
2025-08-13,BR003,MED040,BAT010928,2027-06-08,Pioneer Healthcare Distributors,26,141.59
2025-08-13,BR003,MED155,BAT010937,2026-01-27,Lifeline Medico Distributors,20,32.53
2025-08-13,BR003,MED173,BAT010921,2028-03-07,Maharashtra Pharma Link,98,19.2
2025-08-13,BR003,MED335,BAT010946,2025-12-30,Arihant Pharma Traders,6,119.57
2025-08-13,BR003,MED341,BAT010955,2027-12-17,Om Sai Medicorp,14,124.29
2025-08-13,BR003,MED440,BAT010925,2026-11-16,Maharashtra Pharma Link,6,140.3
2025-08-14,BR001,MED055,BAT010961,2028-01-16,Mira Road Drug House,7,150.77
2025-08-14,BR001,MED067,BAT010994,2028-07-26,Sai Pharma Distributors,7,24.16
2025-08-14,BR001,MED069,BAT010971,2028-05-15,Dadar Wholesale Drugs,19,21.2
2025-08-14,BR001,MED106,BAT010974,2027-02-21,Deccan Drug House,1,192.98
2025-08-14,BR001,MED381,BAT010982,2025-12-14,Kalyan Medical Stores,120,128.99
2025-08-14,BR001,MED480,BAT010969,2025-12-01,Panvel Pharma Supplies,1,49.01
2025-08-14,BR002,MED055,BAT010961,2028-01-16,Mira Road Drug House,5,150.77
2025-08-14,BR002,MED067,BAT010994,2028-07-26,Sai Pharma Distributors,5,24.16
2025-08-14,BR002,MED106,BAT010974,2027-02-21,Deccan Drug House,13,192.98
2025-08-14,BR002,MED480,BAT010969,2025-12-01,Panvel Pharma Supplies,1,49.01
2025-08-14,BR003,MED005,BAT010960,2025-11-04,Mira Road Drug House,92,20.22
2025-08-14,BR003,MED055,BAT010961,2028-01-16,Mira Road Drug House,7,150.77
2025-08-14,BR003,MED067,BAT010994,2028-07-26,Sai Pharma Distributors,12,24.16
2025-08-14,BR003,MED106,BAT010974,2027-02-21,Deccan Drug House,1,192.98
2025-08-14,BR003,MED130,BAT010963,2026-02-07,Kalyan Medical Stores,29,46.75
2025-08-14,BR003,MED411,BAT010968,2026-09-17,Ulhasnagar Drug Centre,14,110.15
2025-08-14,BR003,MED470,BAT010959,2027-07-01,Navkar Pharma Agency,16,25.23
2025-08-14,BR003,MED480,BAT010969,2025-12-01,Panvel Pharma Supplies,1,49.01
2025-08-15,BR001,MED155,BAT011021,2025-11-26,Lifeline Medico Distributors,19,36.26
2025-08-15,BR001,MED336,BAT011037,2026-01-19,Navkar Pharma Agency,14,130.68
2025-08-15,BR001,MED344,BAT011027,2028-02-04,Navkar Pharma Agency,43,55.6
2025-08-15,BR001,MED459,BAT011039,2027-03-20,Navkar Pharma Agency,65,31.49
2025-08-15,BR001,MED490,BAT011015,2027-06-13,Mira Road Drug House,15,47.65
2025-08-15,BR002,MED001,BAT011016,2028-05-15,Goregaon Medi Wholesale,49,17.84
2025-08-15,BR002,MED039,BAT011033,2028-01-27,Konkan Healthcare Traders,34,55.33
2025-08-15,BR002,MED278,BAT011010,2028-02-10,Bombay Medi Supply,22,6.23
2025-08-15,BR002,MED283,BAT011024,2026-12-22,Neelkanth Pharma Link,31,70.77
2025-08-15,BR002,MED336,BAT011037,2026-01-19,Navkar Pharma Agency,5,130.68
2025-08-15,BR003,MED319,BAT011026,2027-03-12,Navkar Pharma Agency,89,168.43
2025-08-15,BR003,MED336,BAT011037,2026-01-19,Navkar Pharma Agency,6,130.68
2025-08-15,BR003,MED480,BAT011014,2026-01-28,Panvel Pharma Supplies,14,48.67
2025-08-16,BR001,MED063,BAT011048,2028-08-01,Lifeline Medico Distributors,14,27.87
2025-08-16,BR001,MED159,BAT011045,2026-07-13,Malad Healthcare Supply,23,42.02
2025-08-16,BR001,MED445,BAT011070,2026-12-30,Mahalaxmi Pharma Agencies,1,100.71
2025-08-16,BR002,MED013,BAT011055,2028-04-18,Ulhasnagar Drug Centre,46,23.12
2025-08-16,BR002,MED033,BAT011056,2025-09-12,Pioneer Healthcare Distributors,81,43.49
2025-08-16,BR002,MED241,BAT011079,2026-05-27,Konkan Healthcare Traders,32,18.3
2025-08-16,BR002,MED445,BAT011070,2026-12-30,Mahalaxmi Pharma Agencies,13,100.71
2025-08-16,BR003,MED009,BAT011074,2027-07-23,Konkan Healthcare Traders,88,54.02
2025-08-16,BR003,MED043,BAT011057,2027-02-17,Navkar Pharma Agency,49,109.92
2025-08-16,BR003,MED445,BAT011070,2026-12-30,Mahalaxmi Pharma Agencies,1,100.71
2025-08-17,BR001,MED019,BAT011091,2026-12-29,Mira Road Drug House,18,60.68
2025-08-17,BR001,MED031,BAT011092,2027-01-24,Mira Road Drug House,28,126.28
2025-08-17,BR001,MED125,BAT011082,2027-06-19,Sai Pharma Distributors,6,98.42
2025-08-17,BR001,MED262,BAT011100,2028-05-06,Arihant Pharma Traders,16,31.44
2025-08-17,BR001,MED444,BAT011127,2027-03-06,Thane Medico Traders,1,101.52
2025-08-17,BR001,MED457,BAT011103,2025-11-15,Panvel Pharma Supplies,7,34.31
2025-08-17,BR001,MED480,BAT011090,2025-09-22,Panvel Pharma Supplies,1,52.94
2025-08-17,BR002,MED125,BAT011082,2027-06-19,Sai Pharma Distributors,5,98.42
2025-08-17,BR002,MED262,BAT011100,2028-05-06,Arihant Pharma Traders,5,31.44
2025-08-17,BR002,MED444,BAT011127,2027-03-06,Thane Medico Traders,1,101.52
2025-08-17,BR002,MED457,BAT011103,2025-11-15,Panvel Pharma Supplies,5,34.31
2025-08-17,BR002,MED480,BAT011090,2025-09-22,Panvel Pharma Supplies,11,52.94
2025-08-17,BR003,MED014,BAT011122,2028-06-24,Jai Hind Medical Agencies,67,107.19
2025-08-17,BR003,MED033,BAT011113,2027-07-18,Pioneer Healthcare Distributors,113,40.96
2025-08-17,BR003,MED125,BAT011082,2027-06-19,Sai Pharma Distributors,6,98.42
2025-08-17,BR003,MED262,BAT011100,2028-05-06,Arihant Pharma Traders,5,31.44
2025-08-17,BR003,MED444,BAT011111,2027-02-05,Thane Medico Traders,10,100.62
2025-08-17,BR003,MED444,BAT011127,2027-03-06,Thane Medico Traders,1,101.52
2025-08-17,BR003,MED457,BAT011103,2025-11-15,Panvel Pharma Supplies,12,34.31
2025-08-17,BR003,MED480,BAT011090,2025-09-22,Panvel Pharma Supplies,1,52.94
2025-08-18,BR001,MED001,BAT011136,2028-01-02,Goregaon Medi Wholesale,78,18.91
2025-08-18,BR001,MED072,BAT011176,2028-05-07,Sai Pharma Distributors,7,25.7
2025-08-18,BR001,MED097,BAT011139,2027-04-09,Bhiwandi Drug Depot,24,93.43
2025-08-18,BR001,MED120,BAT011165,2025-11-07,Om Sai Medicorp,6,78.28
2025-08-18,BR001,MED205,BAT011166,2028-03-29,Arihant Pharma Traders,14,42.16
2025-08-18,BR001,MED214,BAT011187,2027-05-17,Sahyadri Pharma Distributors,7,40.59
2025-08-18,BR001,MED311,BAT011160,2028-01-30,Neelkanth Pharma Link,37,70.59
2025-08-18,BR001,MED368,BAT011148,2028-02-12,Ulhasnagar Drug Centre,13,138.53
2025-08-18,BR001,MED463,BAT011150,2027-02-14,Deccan Drug House,2,19.56
2025-08-18,BR002,MED043,BAT011175,2027-05-16,Shree Ganesh Medico,57,121.92
2025-08-18,BR002,MED072,BAT011176,2028-05-07,Sai Pharma Distributors,5,25.7
2025-08-18,BR002,MED120,BAT011165,2025-11-07,Om Sai Medicorp,4,78.28
2025-08-18,BR002,MED130,BAT011141,2026-02-13,Kalyan Medical Stores,22,48.27
2025-08-18,BR002,MED155,BAT011144,2026-04-06,Lifeline Medico Distributors,16,31.05
2025-08-18,BR002,MED214,BAT011187,2027-05-17,Sahyadri Pharma Distributors,5,40.59
2025-08-18,BR002,MED368,BAT011148,2028-02-12,Ulhasnagar Drug Centre,5,138.53
2025-08-18,BR002,MED463,BAT011150,2027-02-14,Deccan Drug House,9,19.56
2025-08-18,BR003,MED001,BAT011136,2028-01-02,Goregaon Medi Wholesale,77,18.91
2025-08-18,BR003,MED013,BAT011130,2026-02-19,Ulhasnagar Drug Centre,56,22.2
2025-08-18,BR003,MED015,BAT011151,2026-12-28,Kalyan Medical Stores,32,77.83
2025-08-18,BR003,MED063,BAT011137,2028-04-09,Lifeline Medico Distributors,16,27.63
2025-08-18,BR003,MED072,BAT011176,2028-05-07,Sai Pharma Distributors,7,25.7
2025-08-18,BR003,MED120,BAT011165,2025-11-07,Om Sai Medicorp,6,78.28
2025-08-18,BR003,MED214,BAT011187,2027-05-17,Sahyadri Pharma Distributors,7,40.59
2025-08-18,BR003,MED368,BAT011148,2028-02-12,Ulhasnagar Drug Centre,6,138.53
2025-08-18,BR003,MED463,BAT011150,2027-02-14,Deccan Drug House,2,19.56
2025-08-18,BR003,MED490,BAT011135,2027-02-15,Lifeline Medico Distributors,12,41.71
2025-08-19,BR001,MED022,BAT011220,2027-03-28,Apex Pharma Wholesale,10,55.49
2025-08-19,BR001,MED026,BAT011206,2027-05-20,Goregaon Medi Wholesale,16,52.66
2025-08-19,BR001,MED030,BAT011197,2025-11-24,Malad Healthcare Supply,19,48.6
2025-08-19,BR001,MED100,BAT011209,2026-01-06,Om Sai Medicorp,6,76.39
2025-08-19,BR001,MED130,BAT011199,2026-02-06,Goregaon Medi Wholesale,30,47.66
2025-08-19,BR001,MED187,BAT011212,2028-03-20,Western Drugs & Surgicals,7,152.51
2025-08-19,BR002,MED007,BAT011196,2025-12-08,Malad Healthcare Supply,55,15.47
2025-08-19,BR002,MED022,BAT011220,2027-03-28,Apex Pharma Wholesale,1,55.49
2025-08-19,BR002,MED026,BAT011206,2027-05-20,Goregaon Medi Wholesale,4,52.66
2025-08-19,BR002,MED100,BAT011209,2026-01-06,Om Sai Medicorp,5,76.39
2025-08-19,BR002,MED187,BAT011212,2028-03-20,Western Drugs & Surgicals,5,152.51
2025-08-19,BR002,MED257,BAT011201,2028-04-25,Siddhivinayak Drug Agency,26,31.58
2025-08-19,BR002,MED319,BAT011215,2027-03-27,Navkar Pharma Agency,78,153.6
2025-08-19,BR003,MED007,BAT011205,2028-02-25,Apex Pharma Wholesale,75,16.68
2025-08-19,BR003,MED022,BAT011220,2027-03-28,Apex Pharma Wholesale,1,55.49
2025-08-19,BR003,MED026,BAT011206,2027-05-20,Goregaon Medi Wholesale,5,52.66
2025-08-19,BR003,MED100,BAT011209,2026-01-06,Om Sai Medicorp,12,76.39
2025-08-19,BR003,MED142,BAT011192,2028-02-14,Bombay Medi Supply,45,46.5
2025-08-19,BR003,MED187,BAT011212,2028-03-20,Western Drugs & Surgicals,7,152.51
2025-08-20,BR001,MED003,BAT011245,2027-06-29,Bhiwandi Drug Depot,17,71.67
2025-08-20,BR001,MED015,BAT011255,2025-12-08,Western Drugs & Surgicals,34,94.58
2025-08-20,BR001,MED278,BAT011263,2028-02-10,Bombay Medi Supply,24,6.59
2025-08-20,BR001,MED336,BAT011267,2028-08-06,Navkar Pharma Agency,6,133.78
2025-08-20,BR001,MED470,BAT011279,2027-04-25,Navkar Pharma Agency,1,24.64
2025-08-20,BR001,MED483,BAT011276,2026-12-30,Lifeline Medico Distributors,1,60.22
2025-08-20,BR002,MED002,BAT011244,2026-02-09,Dadar Wholesale Drugs,14,27.68
2025-08-20,BR002,MED005,BAT011241,2026-03-03,Mira Road Drug House,67,22.65
2025-08-20,BR002,MED040,BAT011281,2026-12-26,Pioneer Healthcare Distributors,24,129.29
2025-08-20,BR002,MED069,BAT011256,2028-01-02,Chembur Pharma Depot,16,25.72
2025-08-20,BR002,MED097,BAT011258,2027-06-26,Chembur Pharma Depot,24,86.08
2025-08-20,BR002,MED311,BAT011265,2028-02-19,Neelkanth Pharma Link,33,64.78
2025-08-20,BR002,MED336,BAT011267,2028-08-06,Navkar Pharma Agency,5,133.78
2025-08-20,BR002,MED470,BAT011279,2027-04-25,Navkar Pharma Agency,1,24.64
2025-08-20,BR002,MED483,BAT011276,2026-12-30,Lifeline Medico Distributors,1,60.22
2025-08-20,BR003,MED037,BAT011280,2028-05-20,Pioneer Healthcare Distributors,186,92.04
2025-08-20,BR003,MED257,BAT011249,2028-06-22,Siddhivinayak Drug Agency,29,30.2
2025-08-20,BR003,MED336,BAT011267,2028-08-06,Navkar Pharma Agency,6,133.78
2025-08-20,BR003,MED470,BAT011279,2027-04-25,Navkar Pharma Agency,1,24.64
2025-08-20,BR003,MED483,BAT011276,2026-12-30,Lifeline Medico Distributors,12,60.22
2025-08-21,BR001,MED013,BAT011298,2028-04-19,Ulhasnagar Drug Centre,60,25.46
2025-08-21,BR001,MED025,BAT011315,2028-03-04,Siddhivinayak Drug Agency,2,42.83
2025-08-21,BR001,MED036,BAT011325,2027-12-26,Konkan Healthcare Traders,7,23.43
2025-08-21,BR001,MED043,BAT011316,2027-06-02,Vashi Pharma Hub,52,110.0
2025-08-21,BR001,MED063,BAT011289,2025-12-02,Lifeline Medico Distributors,1,25.22
2025-08-21,BR001,MED257,BAT011302,2028-06-10,Siddhivinayak Drug Agency,32,27.43
2025-08-21,BR001,MED488,BAT011297,2025-12-19,Dadar Wholesale Drugs,16,94.98
2025-08-21,BR001,MED493,BAT011310,2028-06-11,Panvel Pharma Supplies,6,141.8
2025-08-21,BR002,MED025,BAT011315,2028-03-04,Siddhivinayak Drug Agency,1,42.83
2025-08-21,BR002,MED031,BAT011299,2027-03-06,Mira Road Drug House,24,131.09
2025-08-21,BR002,MED036,BAT011325,2027-12-26,Konkan Healthcare Traders,5,23.43
2025-08-21,BR002,MED063,BAT011289,2025-12-02,Lifeline Medico Distributors,1,25.22
2025-08-21,BR002,MED142,BAT011293,2026-01-26,Mira Road Drug House,40,35.91
2025-08-21,BR002,MED459,BAT011296,2027-06-12,Navkar Pharma Agency,49,32.73
2025-08-21,BR002,MED488,BAT011297,2025-12-19,Dadar Wholesale Drugs,4,94.98
2025-08-21,BR002,MED493,BAT011310,2028-06-11,Panvel Pharma Supplies,5,141.8
2025-08-21,BR003,MED025,BAT011315,2028-03-04,Siddhivinayak Drug Agency,2,42.83
2025-08-21,BR003,MED036,BAT011325,2027-12-26,Konkan Healthcare Traders,7,23.43
2025-08-21,BR003,MED063,BAT011289,2025-12-02,Lifeline Medico Distributors,1,25.22
2025-08-21,BR003,MED488,BAT011297,2025-12-19,Dadar Wholesale Drugs,6,94.98
2025-08-21,BR003,MED493,BAT011310,2028-06-11,Panvel Pharma Supplies,13,141.8
2025-08-22,BR001,MED027,BAT011337,2027-03-14,Siddhivinayak Drug Agency,11,158.15
2025-08-22,BR001,MED033,BAT011352,2027-07-09,Pioneer Healthcare Distributors,106,43.13
2025-08-22,BR001,MED038,BAT011342,2025-12-19,Pioneer Healthcare Distributors,1,59.26
2025-08-22,BR001,MED101,BAT011355,2027-02-23,Om Sai Medicorp,11,154.53
2025-08-22,BR001,MED142,BAT011331,2028-01-28,Bombay Medi Supply,54,46.55
2025-08-22,BR001,MED247,BAT011328,2027-06-25,Konkan Healthcare Traders,26,49.84
2025-08-22,BR001,MED411,BAT011334,2026-09-23,Maharashtra Pharma Link,1,102.82
2025-08-22,BR001,MED443,BAT011336,2027-04-18,Ulhasnagar Drug Centre,26,96.87
2025-08-22,BR002,MED014,BAT011365,2025-10-30,Jai Hind Medical Agencies,50,102.86
2025-08-22,BR002,MED021,BAT011329,2028-03-12,Dadar Wholesale Drugs,14,25.27
2025-08-22,BR002,MED027,BAT011337,2027-03-14,Siddhivinayak Drug Agency,1,158.15
2025-08-22,BR002,MED037,BAT011353,2028-07-10,Pioneer Healthcare Distributors,164,93.17
2025-08-22,BR002,MED038,BAT011342,2025-12-19,Pioneer Healthcare Distributors,1,59.26
2025-08-22,BR002,MED063,BAT011330,2025-09-29,Lifeline Medico Distributors,14,26.77
2025-08-22,BR002,MED101,BAT011355,2027-02-23,Om Sai Medicorp,5,154.53
2025-08-22,BR002,MED205,BAT011356,2028-02-13,Arihant Pharma Traders,11,39.05
2025-08-22,BR002,MED284,BAT011366,2027-07-30,Sahyadri Pharma Distributors,25,74.83
2025-08-22,BR002,MED411,BAT011334,2026-09-23,Maharashtra Pharma Link,1,102.82
2025-08-22,BR003,MED022,BAT011341,2027-04-24,Apex Pharma Wholesale,7,52.7
2025-08-22,BR003,MED027,BAT011337,2027-03-14,Siddhivinayak Drug Agency,1,158.15
2025-08-22,BR003,MED038,BAT011342,2025-12-19,Pioneer Healthcare Distributors,14,59.26
2025-08-22,BR003,MED101,BAT011355,2027-02-23,Om Sai Medicorp,7,154.53
2025-08-22,BR003,MED411,BAT011334,2026-09-23,Maharashtra Pharma Link,1,102.82
2025-08-22,BR003,MED459,BAT011364,2027-01-12,Navkar Pharma Agency,61,30.17
2025-08-23,BR001,MED009,BAT011415,2027-07-12,Konkan Healthcare Traders,96,63.27
2025-08-23,BR001,MED027,BAT011370,2027-03-10,Siddhivinayak Drug Agency,1,148.06
2025-08-23,BR001,MED152,BAT011386,2026-02-06,Maharashtra Pharma Link,25,32.62
2025-08-23,BR001,MED234,BAT011416,2028-06-14,Konkan Healthcare Traders,26,41.26
2025-08-23,BR001,MED334,BAT011368,2028-01-14,Sahyadri Pharma Distributors,6,109.42
2025-08-23,BR001,MED425,BAT011382,2027-05-27,Ulhasnagar Drug Centre,7,186.06
2025-08-23,BR001,MED445,BAT011405,2027-02-03,Navkar Pharma Agency,17,80.62
2025-08-23,BR001,MED463,BAT011412,2027-03-18,Thane Medico Traders,12,19.95
2025-08-23,BR001,MED464,BAT011413,2027-04-04,Mahalaxmi Pharma Agencies,7,19.59
2025-08-23,BR001,MED483,BAT011396,2027-01-14,Vasai Virar Medico,1,59.75
2025-08-23,BR002,MED024,BAT011397,2027-04-17,Om Sai Medicorp,20,73.45
2025-08-23,BR002,MED027,BAT011370,2027-03-10,Siddhivinayak Drug Agency,1,148.06
2025-08-23,BR002,MED334,BAT011368,2028-01-14,Sahyadri Pharma Distributors,11,109.42
2025-08-23,BR002,MED425,BAT011382,2027-05-27,Ulhasnagar Drug Centre,5,186.06
2025-08-23,BR002,MED463,BAT011412,2027-03-18,Thane Medico Traders,1,19.95
2025-08-23,BR002,MED464,BAT011413,2027-04-04,Mahalaxmi Pharma Agencies,5,19.59
2025-08-23,BR002,MED483,BAT011396,2027-01-14,Vasai Virar Medico,10,59.75
2025-08-23,BR003,MED027,BAT011370,2027-03-10,Siddhivinayak Drug Agency,14,148.06
2025-08-23,BR003,MED334,BAT011368,2028-01-14,Sahyadri Pharma Distributors,6,109.42
2025-08-23,BR003,MED425,BAT011382,2027-05-27,Ulhasnagar Drug Centre,6,186.06
2025-08-23,BR003,MED463,BAT011412,2027-03-18,Thane Medico Traders,1,19.95
2025-08-23,BR003,MED464,BAT011413,2027-04-04,Mahalaxmi Pharma Agencies,7,19.59
2025-08-23,BR003,MED483,BAT011396,2027-01-14,Vasai Virar Medico,1,59.75
2025-08-24,BR001,MED002,BAT011422,2028-07-08,Dadar Wholesale Drugs,1,27.41
2025-08-24,BR001,MED003,BAT011429,2027-07-14,Bhiwandi Drug Depot,1,67.35
2025-08-24,BR001,MED155,BAT011426,2025-11-25,Lifeline Medico Distributors,17,34.03
2025-08-24,BR001,MED280,BAT011456,2028-04-02,Navkar Pharma Agency,23,7.03
2025-08-24,BR001,MED467,BAT011466,2027-02-19,Vasai Virar Medico,15,27.52
2025-08-24,BR002,MED002,BAT011422,2028-07-08,Dadar Wholesale Drugs,1,27.41
2025-08-24,BR002,MED003,BAT011429,2027-07-14,Bhiwandi Drug Depot,12,67.35
2025-08-24,BR002,MED015,BAT011423,2026-07-12,Kalyan Medical Stores,21,87.89
2025-08-24,BR002,MED017,BAT011424,2026-01-10,Mira Road Drug House,30,18.52
2025-08-24,BR002,MED073,BAT011430,2028-07-07,Goregaon Medi Wholesale,16,30.03
2025-08-24,BR002,MED155,BAT011432,2026-01-29,Lifeline Medico Distributors,14,29.98
2025-08-24,BR002,MED305,BAT011447,2025-11-11,Dadar Wholesale Drugs,47,72.97
2025-08-24,BR002,MED467,BAT011466,2027-02-19,Vasai Virar Medico,4,27.52
2025-08-24,BR003,MED002,BAT011422,2028-07-08,Dadar Wholesale Drugs,1,27.41
2025-08-24,BR003,MED003,BAT011429,2027-07-14,Bhiwandi Drug Depot,1,67.35
2025-08-24,BR003,MED021,BAT011425,2028-05-14,Dadar Wholesale Drugs,18,22.13
2025-08-24,BR003,MED278,BAT011427,2028-01-26,Bombay Medi Supply,22,7.15
2025-08-24,BR003,MED467,BAT011466,2027-02-19,Vasai Virar Medico,6,27.52
2025-08-25,BR001,MED038,BAT011496,2028-01-31,Arihant Pharma Traders,14,58.84
2025-08-25,BR001,MED336,BAT011506,2028-04-01,Navkar Pharma Agency,7,110.77
2025-08-25,BR001,MED463,BAT011509,2027-04-21,Deccan Drug House,1,20.15
2025-08-25,BR001,MED481,BAT011518,2028-02-05,Mahalaxmi Pharma Agencies,14,54.32
2025-08-25,BR002,MED038,BAT011496,2028-01-31,Arihant Pharma Traders,1,58.84
2025-08-25,BR002,MED269,BAT011491,2025-11-09,Dadar Wholesale Drugs,91,35.48
2025-08-25,BR002,MED280,BAT011514,2028-05-10,Navkar Pharma Agency,17,7.22
2025-08-25,BR002,MED336,BAT011506,2028-04-01,Navkar Pharma Agency,11,110.77
2025-08-25,BR002,MED463,BAT011509,2027-04-21,Deccan Drug House,1,20.15
2025-08-25,BR002,MED481,BAT011518,2028-02-05,Mahalaxmi Pharma Agencies,5,54.32
2025-08-25,BR003,MED003,BAT011494,2027-03-01,Bhiwandi Drug Depot,15,66.91
2025-08-25,BR003,MED038,BAT011496,2028-01-31,Arihant Pharma Traders,1,58.84
2025-08-25,BR003,MED082,BAT011488,2028-02-20,Om Sai Medicorp,43,53.07
2025-08-25,BR003,MED098,BAT011500,2027-05-09,Om Sai Medicorp,17,94.49
2025-08-25,BR003,MED280,BAT011514,2028-05-10,Navkar Pharma Agency,21,7.22
2025-08-25,BR003,MED336,BAT011506,2028-04-01,Navkar Pharma Agency,6,110.77
2025-08-25,BR003,MED463,BAT011509,2027-04-21,Deccan Drug House,12,20.15
2025-08-25,BR003,MED481,BAT011518,2028-02-05,Mahalaxmi Pharma Agencies,6,54.32
2025-08-26,BR001,MED025,BAT011534,2028-06-04,Siddhivinayak Drug Agency,1,47.64
2025-08-26,BR001,MED030,BAT011526,2028-03-22,Malad Healthcare Supply,1,44.22
2025-08-26,BR001,MED319,BAT011544,2027-05-12,Navkar Pharma Agency,88,156.24
2025-08-26,BR001,MED341,BAT011560,2028-01-03,Om Sai Medicorp,1,140.02
2025-08-26,BR001,MED403,BAT011562,2028-02-02,Konkan Healthcare Traders,5,374.61
2025-08-26,BR001,MED444,BAT011564,2027-01-19,Thane Medico Traders,13,101.38
2025-08-26,BR002,MED025,BAT011534,2028-06-04,Siddhivinayak Drug Agency,1,47.64
2025-08-26,BR002,MED030,BAT011526,2028-03-22,Malad Healthcare Supply,14,44.22
2025-08-26,BR002,MED091,BAT011520,2028-07-26,Goregaon Medi Wholesale,27,18.04
2025-08-26,BR002,MED341,BAT011560,2028-01-03,Om Sai Medicorp,13,140.02
2025-08-26,BR002,MED381,BAT011547,2027-07-21,Neelkanth Pharma Link,92,124.66
2025-08-26,BR002,MED403,BAT011562,2028-02-02,Konkan Healthcare Traders,4,374.61
2025-08-26,BR002,MED444,BAT011564,2027-01-19,Thane Medico Traders,1,101.38
2025-08-26,BR003,MED025,BAT011534,2028-06-04,Siddhivinayak Drug Agency,12,47.64
2025-08-26,BR003,MED030,BAT011526,2028-03-22,Malad Healthcare Supply,1,44.22
2025-08-26,BR003,MED069,BAT011527,2025-11-25,Dadar Wholesale Drugs,19,21.88
2025-08-26,BR003,MED130,BAT011553,2028-06-22,Goregaon Medi Wholesale,31,52.48
2025-08-26,BR003,MED269,BAT011524,2028-08-01,Dadar Wholesale Drugs,102,32.89
2025-08-26,BR003,MED341,BAT011560,2028-01-03,Om Sai Medicorp,1,140.02
2025-08-26,BR003,MED381,BAT011547,2027-07-21,Neelkanth Pharma Link,109,124.66
2025-08-26,BR003,MED403,BAT011562,2028-02-02,Konkan Healthcare Traders,17,374.61
2025-08-26,BR003,MED444,BAT011564,2027-01-19,Thane Medico Traders,1,101.38
2025-08-26,BR003,MED445,BAT011533,2027-06-23,Goregaon Medi Wholesale,16,98.3
2025-08-27,BR001,MED004,BAT011582,2027-06-11,Deccan Drug House,1,85.41
2025-08-27,BR001,MED005,BAT011591,2028-02-12,Mira Road Drug House,102,22.98
2025-08-27,BR001,MED011,BAT011593,2028-02-18,Siddhivinayak Drug Agency,196,27.09
2025-08-27,BR001,MED038,BAT011613,2028-01-08,Arihant Pharma Traders,1,67.14
2025-08-27,BR001,MED205,BAT011596,2028-01-19,Western Drugs & Surgicals,15,40.32
2025-08-27,BR001,MED321,BAT011616,2027-03-26,Sahyadri Pharma Distributors,6,128.62
2025-08-27,BR001,MED411,BAT011580,2026-08-10,Ulhasnagar Drug Centre,1,104.26
2025-08-27,BR001,MED459,BAT011589,2027-01-28,Deccan Drug House,68,35.94
2025-08-27,BR001,MED480,BAT011581,2028-05-09,Panvel Pharma Supplies,1,48.44
2025-08-27,BR001,MED487,BAT011606,2027-06-16,Dadar Wholesale Drugs,6,110.29
2025-08-27,BR002,MED004,BAT011582,2027-06-11,Deccan Drug House,1,85.41
2025-08-27,BR002,MED038,BAT011613,2028-01-08,Arihant Pharma Traders,13,67.14
2025-08-27,BR002,MED321,BAT011616,2027-03-26,Sahyadri Pharma Distributors,5,128.62
2025-08-27,BR002,MED411,BAT011580,2026-08-10,Ulhasnagar Drug Centre,11,104.26
2025-08-27,BR002,MED480,BAT011581,2028-05-09,Panvel Pharma Supplies,1,48.44
2025-08-27,BR002,MED487,BAT011606,2027-06-16,Dadar Wholesale Drugs,11,110.29
2025-08-27,BR003,MED004,BAT011582,2027-06-11,Deccan Drug House,1,85.41
2025-08-27,BR003,MED038,BAT011613,2028-01-08,Arihant Pharma Traders,1,67.14
2025-08-27,BR003,MED155,BAT011586,2025-11-29,Lifeline Medico Distributors,19,32.65
2025-08-27,BR003,MED205,BAT011596,2028-01-19,Western Drugs & Surgicals,15,40.32
2025-08-27,BR003,MED311,BAT011599,2028-04-24,Neelkanth Pharma Link,37,65.99
2025-08-27,BR003,MED321,BAT011616,2027-03-26,Sahyadri Pharma Distributors,15,128.62
2025-08-27,BR003,MED411,BAT011580,2026-08-10,Ulhasnagar Drug Centre,1,104.26
2025-08-27,BR003,MED480,BAT011581,2028-05-09,Panvel Pharma Supplies,1,48.44
2025-08-27,BR003,MED487,BAT011606,2027-06-16,Dadar Wholesale Drugs,6,110.29
2025-08-28,BR001,MED021,BAT011621,2028-06-13,Dadar Wholesale Drugs,19,24.9
2025-08-28,BR001,MED027,BAT011622,2027-03-29,Siddhivinayak Drug Agency,15,159.24
2025-08-28,BR001,MED040,BAT011623,2027-02-15,Neelkanth Pharma Link,30,127.87
2025-08-28,BR001,MED073,BAT011636,2028-01-12,Sai Pharma Distributors,21,30.58
2025-08-28,BR001,MED098,BAT011624,2025-10-27,Bhiwandi Drug Depot,1,93.29
2025-08-28,BR001,MED106,BAT011639,2025-12-31,Om Sai Medicorp,1,188.14
2025-08-28,BR002,MED009,BAT011647,2027-01-24,Konkan Healthcare Traders,64,58.52
2025-08-28,BR002,MED082,BAT011638,2028-07-03,Bhiwandi Drug Depot,30,55.58
2025-08-28,BR002,MED098,BAT011624,2025-10-27,Bhiwandi Drug Depot,14,93.29
2025-08-28,BR002,MED106,BAT011639,2025-12-31,Om Sai Medicorp,1,188.14
2025-08-28,BR002,MED234,BAT011649,2028-01-20,Konkan Healthcare Traders,21,45.51
2025-08-28,BR003,MED098,BAT011624,2025-10-27,Bhiwandi Drug Depot,1,93.29
2025-08-28,BR003,MED106,BAT011639,2025-12-31,Om Sai Medicorp,14,188.14
2025-08-29,BR001,MED091,BAT011671,2028-07-24,Goregaon Medi Wholesale,37,19.52
2025-08-29,BR001,MED269,BAT011661,2025-12-08,Dadar Wholesale Drugs,120,33.88
2025-08-29,BR001,MED480,BAT011667,2025-11-18,Panvel Pharma Supplies,1,52.87
2025-08-29,BR002,MED033,BAT011683,2027-06-27,Pioneer Healthcare Distributors,80,44.8
2025-08-29,BR002,MED480,BAT011667,2025-11-18,Panvel Pharma Supplies,1,52.87
2025-08-29,BR003,MED480,BAT011667,2025-11-18,Panvel Pharma Supplies,12,52.87
2025-08-30,BR001,MED028,BAT011706,2028-05-23,Malad Healthcare Supply,12,33.68
2025-08-30,BR001,MED035,BAT011727,2026-03-08,Vasai Virar Medico,21,14.13
2025-08-30,BR001,MED037,BAT011719,2028-02-25,Pioneer Healthcare Distributors,189,92.2
2025-08-30,BR001,MED038,BAT011708,2028-05-23,Neelkanth Pharma Link,1,61.28
2025-08-30,BR001,MED411,BAT011724,2026-12-20,Siddhivinayak Drug Agency,15,113.24
2025-08-30,BR001,MED470,BAT011726,2026-02-23,Navkar Pharma Agency,14,28.03
2025-08-30,BR001,MED490,BAT011718,2027-07-19,Mira Road Drug House,14,39.7
2025-08-30,BR002,MED028,BAT011706,2028-05-23,Malad Healthcare Supply,5,33.68
2025-08-30,BR002,MED038,BAT011708,2028-05-23,Neelkanth Pharma Link,1,61.28
2025-08-30,BR002,MED490,BAT011718,2027-07-19,Mira Road Drug House,1,39.7
2025-08-30,BR003,MED028,BAT011706,2028-05-23,Malad Healthcare Supply,6,33.68
2025-08-30,BR003,MED038,BAT011708,2028-05-23,Neelkanth Pharma Link,1,61.28
2025-08-30,BR003,MED091,BAT011721,2025-11-25,Goregaon Medi Wholesale,36,19.81
2025-08-30,BR003,MED247,BAT011729,2027-01-04,Konkan Healthcare Traders,24,52.13
2025-08-30,BR003,MED319,BAT011715,2027-04-13,Navkar Pharma Agency,90,175.63
2025-08-30,BR003,MED490,BAT011718,2027-07-19,Mira Road Drug House,1,39.7
2025-08-31,BR001,MED018,BAT011779,2026-09-01,Thane Medico Traders,6,101.55
2025-08-31,BR001,MED031,BAT011780,2027-08-14,Thane Medico Traders,31,135.86
2025-08-31,BR001,MED106,BAT011752,2027-02-14,Deccan Drug House,1,155.63
2025-08-31,BR001,MED229,BAT011755,2028-05-21,Vasai Virar Medico,6,38.65
2025-08-31,BR001,MED305,BAT011749,2025-10-29,Dadar Wholesale Drugs,51,72.33
2025-08-31,BR002,MED012,BAT011778,2026-03-10,Konkan Healthcare Traders,124,78.37
2025-08-31,BR002,MED018,BAT011779,2026-09-01,Thane Medico Traders,5,101.55
2025-08-31,BR002,MED034,BAT011759,2028-05-24,Konkan Healthcare Traders,62,36.07
2025-08-31,BR002,MED106,BAT011752,2027-02-14,Deccan Drug House,1,155.63
2025-08-31,BR002,MED152,BAT011739,2026-06-19,Maharashtra Pharma Link,22,34.63
2025-08-31,BR002,MED159,BAT011741,2026-08-10,Malad Healthcare Supply,18,41.9
2025-08-31,BR002,MED229,BAT011755,2028-05-21,Vasai Virar Medico,4,38.65
2025-08-31,BR002,MED459,BAT011769,2026-03-05,Deccan Drug House,53,36.94
2025-08-31,BR003,MED011,BAT011737,2028-07-04,Dadar Wholesale Drugs,185,26.18
2025-08-31,BR003,MED012,BAT011757,2027-03-23,Om Sai Medicorp,143,75.58
2025-08-31,BR003,MED015,BAT011758,2026-07-22,Western Drugs & Surgicals,29,79.36
2025-08-31,BR003,MED018,BAT011779,2026-09-01,Thane Medico Traders,6,101.55
2025-08-31,BR003,MED035,BAT011771,2026-07-07,Arihant Pharma Traders,21,16.43
2025-08-31,BR003,MED043,BAT011751,2027-02-26,Vashi Pharma Hub,50,123.18
2025-08-31,BR003,MED106,BAT011752,2027-02-14,Deccan Drug House,1,155.63
2025-08-31,BR003,MED229,BAT011755,2028-05-21,Vasai Virar Medico,6,38.65
2025-09-01,BR001,MED004,BAT011791,2027-04-21,Chembur Pharma Depot,12,92.1
2025-09-01,BR001,MED014,BAT011829,2028-03-02,Jai Hind Medical Agencies,68,98.78
2025-09-01,BR001,MED024,BAT011815,2027-04-21,Bhiwandi Drug Depot,29,79.62
2025-09-01,BR001,MED034,BAT011817,2028-06-07,Western Drugs & Surgicals,86,36.69
2025-09-01,BR001,MED098,BAT011801,2027-01-10,Bhiwandi Drug Depot,14,92.56
2025-09-01,BR001,MED186,BAT011806,2025-11-05,Mira Road Drug House,24,165.19
2025-09-01,BR001,MED204,BAT011788,2027-03-22,Lifeline Medico Distributors,6,116.95
2025-09-01,BR001,MED403,BAT011836,2028-08-10,Shree Ganesh Medico,5,327.1
2025-09-01,BR002,MED004,BAT011791,2027-04-21,Chembur Pharma Depot,1,92.1
2025-09-01,BR002,MED013,BAT011785,2028-04-08,Ulhasnagar Drug Centre,49,21.99
2025-09-01,BR002,MED043,BAT011818,2027-04-17,Vashi Pharma Hub,46,121.3
2025-09-01,BR002,MED173,BAT011804,2028-01-24,Shree Ganesh Medico,70,17.48
2025-09-01,BR002,MED186,BAT011806,2025-11-05,Mira Road Drug House,18,165.19
2025-09-01,BR002,MED204,BAT011788,2027-03-22,Lifeline Medico Distributors,5,116.95
2025-09-01,BR002,MED299,BAT011782,2028-05-12,Bombay Medi Supply,104,71.29
2025-09-01,BR002,MED343,BAT011825,2028-05-06,Sahyadri Pharma Distributors,22,138.62
2025-09-01,BR002,MED403,BAT011836,2028-08-10,Shree Ganesh Medico,18,327.1
2025-09-01,BR003,MED004,BAT011791,2027-04-21,Chembur Pharma Depot,1,92.1
2025-09-01,BR003,MED005,BAT011784,2025-11-13,Mira Road Drug House,89,19.85
2025-09-01,BR003,MED017,BAT011783,2027-07-10,Navkar Pharma Agency,46,20.13
2025-09-01,BR003,MED034,BAT011817,2028-06-07,Western Drugs & Surgicals,85,36.69
2025-09-01,BR003,MED063,BAT011830,2028-08-10,Konkan Healthcare Traders,20,32.48
2025-09-01,BR003,MED142,BAT011787,2026-02-27,Mira Road Drug House,44,35.93
2025-09-01,BR003,MED204,BAT011788,2027-03-22,Lifeline Medico Distributors,6,116.95
2025-09-01,BR003,MED344,BAT011835,2028-01-26,Navkar Pharma Agency,51,51.04
2025-09-01,BR003,MED403,BAT011836,2028-08-10,Shree Ganesh Medico,5,327.1
2025-09-01,BR003,MED411,BAT011811,2026-11-28,Siddhivinayak Drug Agency,14,108.45
2025-09-01,BR003,MED459,BAT011827,2027-05-17,Deccan Drug House,64,30.46
2025-09-02,BR001,MED022,BAT011841,2027-06-12,Apex Pharma Wholesale,2,55.07
2025-09-02,BR001,MED027,BAT011864,2027-07-13,Siddhivinayak Drug Agency,14,161.8
2025-09-02,BR001,MED037,BAT011893,2028-03-01,Pioneer Healthcare Distributors,759,85.58
2025-09-02,BR001,MED082,BAT011853,2028-04-13,Bhiwandi Drug Depot,41,57.02
2025-09-02,BR001,MED155,BAT011844,2026-03-26,Lifeline Medico Distributors,18,32.38
2025-09-02,BR001,MED205,BAT011870,2028-03-19,Arihant Pharma Traders,1,41.54
2025-09-02,BR001,MED299,BAT011842,2028-03-02,Bombay Medi Supply,119,73.51
2025-09-02,BR001,MED344,BAT011876,2028-05-23,Navkar Pharma Agency,44,56.44
2025-09-02,BR001,MED377,BAT011849,2027-05-31,Bombay Medi Supply,6,131.31
2025-09-02,BR001,MED490,BAT011881,2027-07-08,Lifeline Medico Distributors,1,46.62
2025-09-02,BR002,MED001,BAT011850,2028-01-15,Goregaon Medi Wholesale,56,19.36
2025-09-02,BR002,MED015,BAT011863,2026-11-10,Kalyan Medical Stores,23,95.35
2025-09-02,BR002,MED022,BAT011841,2027-06-12,Apex Pharma Wholesale,2,55.07
2025-09-02,BR002,MED027,BAT011864,2027-07-13,Siddhivinayak Drug Agency,1,161.8
2025-09-02,BR002,MED037,BAT011893,2028-03-01,Pioneer Healthcare Distributors,638,85.58
2025-09-02,BR002,MED205,BAT011870,2028-03-19,Arihant Pharma Traders,1,41.54
2025-09-02,BR002,MED319,BAT011875,2027-05-04,Navkar Pharma Agency,76,172.89
2025-09-02,BR002,MED344,BAT011876,2028-05-23,Navkar Pharma Agency,45,56.44
2025-09-02,BR002,MED377,BAT011849,2027-05-31,Bombay Medi Supply,11,131.31
2025-09-02,BR002,MED490,BAT011881,2027-07-08,Lifeline Medico Distributors,11,46.62
2025-09-02,BR003,MED009,BAT011882,2027-03-26,Konkan Healthcare Traders,99,54.52
2025-09-02,BR003,MED013,BAT011862,2028-06-30,Ulhasnagar Drug Centre,60,21.42
2025-09-02,BR003,MED022,BAT011841,2027-06-12,Apex Pharma Wholesale,2,55.07
2025-09-02,BR003,MED024,BAT011851,2027-03-23,Bhiwandi Drug Depot,25,88.11
2025-09-02,BR003,MED027,BAT011864,2027-07-13,Siddhivinayak Drug Agency,1,161.8
2025-09-02,BR003,MED037,BAT011893,2028-03-01,Pioneer Healthcare Distributors,746,85.58
2025-09-02,BR003,MED205,BAT011870,2028-03-19,Arihant Pharma Traders,1,41.54
2025-09-02,BR003,MED283,BAT011873,2027-07-17,Neelkanth Pharma Link,41,80.12
2025-09-02,BR003,MED284,BAT011857,2027-05-31,Siddhivinayak Drug Agency,30,72.84
2025-09-02,BR003,MED377,BAT011849,2027-05-31,Bombay Medi Supply,6,131.31
2025-09-02,BR003,MED490,BAT011881,2027-07-08,Lifeline Medico Distributors,1,46.62
2025-09-03,BR001,MED025,BAT011910,2028-06-10,Siddhivinayak Drug Agency,11,40.34
2025-09-03,BR001,MED027,BAT011920,2027-02-17,Siddhivinayak Drug Agency,1,145.26
2025-09-03,BR001,MED029,BAT011911,2027-01-18,Ulhasnagar Drug Centre,16,30.8
2025-09-03,BR001,MED043,BAT011922,2027-01-27,Vashi Pharma Hub,59,115.84
2025-09-03,BR001,MED106,BAT011938,2027-07-28,Sai Pharma Distributors,12,164.9
2025-09-03,BR001,MED277,BAT011949,2028-04-10,Pioneer Healthcare Distributors,6,7.62
2025-09-03,BR001,MED405,BAT011933,2025-09-25,Arihant Pharma Traders,6,392.15
2025-09-03,BR001,MED445,BAT011934,2027-02-11,Navkar Pharma Agency,1,87.14
2025-09-03,BR001,MED480,BAT011908,2028-01-17,Panvel Pharma Supplies,13,58.16
2025-09-03,BR002,MED019,BAT011909,2026-12-19,Lifeline Medico Distributors,15,54.8
2025-09-03,BR002,MED025,BAT011910,2028-06-10,Siddhivinayak Drug Agency,1,40.34
2025-09-03,BR002,MED027,BAT011920,2027-02-17,Siddhivinayak Drug Agency,12,145.26
2025-09-03,BR002,MED029,BAT011911,2027-01-18,Ulhasnagar Drug Centre,4,30.8
2025-09-03,BR002,MED106,BAT011938,2027-07-28,Sai Pharma Distributors,1,164.9
2025-09-03,BR002,MED269,BAT011948,2028-07-03,Sahyadri Pharma Distributors,91,33.67
2025-09-03,BR002,MED277,BAT011949,2028-04-10,Pioneer Healthcare Distributors,12,7.62
2025-09-03,BR002,MED405,BAT011933,2025-09-25,Arihant Pharma Traders,13,392.15
2025-09-03,BR002,MED445,BAT011934,2027-02-11,Navkar Pharma Agency,14,87.14
2025-09-03,BR002,MED470,BAT011936,2027-07-28,Navkar Pharma Agency,13,26.72
2025-09-03,BR002,MED480,BAT011908,2028-01-17,Panvel Pharma Supplies,1,58.16
2025-09-03,BR003,MED025,BAT011910,2028-06-10,Siddhivinayak Drug Agency,1,40.34
2025-09-03,BR003,MED027,BAT011920,2027-02-17,Siddhivinayak Drug Agency,1,145.26
2025-09-03,BR003,MED029,BAT011911,2027-01-18,Ulhasnagar Drug Centre,6,30.8
2025-09-03,BR003,MED031,BAT011952,2027-05-20,Thane Medico Traders,30,148.24
2025-09-03,BR003,MED106,BAT011938,2027-07-28,Sai Pharma Distributors,1,164.9
2025-09-03,BR003,MED155,BAT011904,2026-03-27,Lifeline Medico Distributors,17,36.05
2025-09-03,BR003,MED159,BAT011926,2026-07-22,Malad Healthcare Supply,23,49.31
2025-09-03,BR003,MED277,BAT011949,2028-04-10,Pioneer Healthcare Distributors,6,7.62
2025-09-03,BR003,MED299,BAT011906,2028-06-21,Bombay Medi Supply,115,65.03
2025-09-03,BR003,MED305,BAT011916,2026-03-01,Dadar Wholesale Drugs,53,80.35
2025-09-03,BR003,MED405,BAT011933,2025-09-25,Arihant Pharma Traders,6,392.15
2025-09-03,BR003,MED445,BAT011934,2027-02-11,Navkar Pharma Agency,1,87.14
2025-09-03,BR003,MED470,BAT011936,2027-07-28,Navkar Pharma Agency,17,26.72
2025-09-03,BR003,MED480,BAT011908,2028-01-17,Panvel Pharma Supplies,1,58.16
2025-09-04,BR001,MED072,BAT011973,2028-05-31,Konkan Healthcare Traders,7,24.44
2025-09-04,BR001,MED173,BAT011975,2028-06-04,Shree Ganesh Medico,94,18.88
2025-09-04,BR001,MED381,BAT011956,2027-08-10,Neelkanth Pharma Link,118,132.72
2025-09-04,BR001,MED444,BAT011988,2027-02-26,Thane Medico Traders,1,97.08
2025-09-04,BR002,MED072,BAT011973,2028-05-31,Konkan Healthcare Traders,10,24.44
2025-09-04,BR002,MED444,BAT011988,2027-02-26,Thane Medico Traders,1,97.08
2025-09-04,BR003,MED014,BAT011985,2028-03-17,Jai Hind Medical Agencies,61,114.28
2025-09-04,BR003,MED040,BAT011967,2027-05-21,Neelkanth Pharma Link,25,135.89
2025-09-04,BR003,MED072,BAT011973,2028-05-31,Konkan Healthcare Traders,7,24.44
2025-09-04,BR003,MED173,BAT011975,2028-06-04,Shree Ganesh Medico,93,18.88
2025-09-04,BR003,MED444,BAT011988,2027-02-26,Thane Medico Traders,1,97.08
2025-09-05,BR001,MED001,BAT012003,2028-06-29,Goregaon Medi Wholesale,76,18.28
2025-09-05,BR001,MED007,BAT011990,2028-06-18,Malad Healthcare Supply,78,16.84
2025-09-05,BR001,MED039,BAT012025,2028-07-11,Konkan Healthcare Traders,40,56.53
2025-09-05,BR001,MED063,BAT012000,2025-12-29,Lifeline Medico Distributors,15,30.84
2025-09-05,BR001,MED213,BAT012009,2028-07-08,Arihant Pharma Traders,7,20.13
2025-09-05,BR001,MED319,BAT012029,2027-04-17,Navkar Pharma Agency,81,144.09
2025-09-05,BR001,MED463,BAT012002,2027-03-29,Deccan Drug House,2,20.15
2025-09-05,BR002,MED007,BAT012015,2028-02-18,Apex Pharma Wholesale,53,17.99
2025-09-05,BR002,MED155,BAT011996,2026-07-19,Lifeline Medico Distributors,16,36.31
2025-09-05,BR002,MED213,BAT012009,2028-07-08,Arihant Pharma Traders,5,20.13
2025-09-05,BR002,MED283,BAT012010,2026-01-01,Dadar Wholesale Drugs,32,71.16
2025-09-05,BR002,MED463,BAT012002,2027-03-29,Deccan Drug House,9,20.15
2025-09-05,BR003,MED001,BAT012003,2028-06-29,Goregaon Medi Wholesale,78,18.28
2025-09-05,BR003,MED007,BAT012004,2028-07-06,Malad Healthcare Supply,77,16.17
2025-09-05,BR003,MED152,BAT011995,2026-08-06,Maharashtra Pharma Link,28,37.72
2025-09-05,BR003,MED213,BAT012009,2028-07-08,Arihant Pharma Traders,7,20.13
2025-09-05,BR003,MED269,BAT011998,2025-11-01,Dadar Wholesale Drugs,118,30.49
2025-09-05,BR003,MED463,BAT012002,2027-03-29,Deccan Drug House,2,20.15
2025-09-05,BR003,MED490,BAT012014,2025-11-04,Lifeline Medico Distributors,12,40.51
2025-09-06,BR001,MED017,BAT012045,2027-03-07,Mira Road Drug House,46,19.0
2025-09-06,BR001,MED038,BAT012072,2028-04-23,Arihant Pharma Traders,1,63.01
2025-09-06,BR001,MED103,BAT012050,2027-08-22,Bhiwandi Drug Depot,6,147.73
2025-09-06,BR001,MED161,BAT012037,2026-04-25,Chembur Pharma Depot,6,43.68
2025-09-06,BR001,MED170,BAT012052,2028-04-17,Bhiwandi Drug Depot,11,19.41
2025-09-06,BR001,MED179,BAT012053,2028-03-15,Western Drugs & Surgicals,6,9.05
2025-09-06,BR001,MED336,BAT012077,2028-01-26,Navkar Pharma Agency,6,125.7
2025-09-06,BR001,MED341,BAT012057,2028-05-09,Om Sai Medicorp,1,124.68
2025-09-06,BR001,MED341,BAT012070,2028-03-30,Om Sai Medicorp,1,127.97
2025-09-06,BR001,MED422,BAT012080,2025-09-28,Jai Hind Medical Agencies,7,113.12
2025-09-06,BR002,MED005,BAT012034,2025-10-02,Mira Road Drug House,66,22.81
2025-09-06,BR002,MED038,BAT012072,2028-04-23,Arihant Pharma Traders,1,63.01
2025-09-06,BR002,MED103,BAT012050,2027-08-22,Bhiwandi Drug Depot,5,147.73
2025-09-06,BR002,MED161,BAT012037,2026-04-25,Chembur Pharma Depot,12,43.68
2025-09-06,BR002,MED170,BAT012052,2028-04-17,Bhiwandi Drug Depot,5,19.41
2025-09-06,BR002,MED179,BAT012053,2028-03-15,Western Drugs & Surgicals,4,9.05
2025-09-06,BR002,MED257,BAT012067,2028-06-19,Om Sai Medicorp,23,25.11
2025-09-06,BR002,MED336,BAT012077,2028-01-26,Navkar Pharma Agency,12,125.7
2025-09-06,BR002,MED341,BAT012057,2028-05-09,Om Sai Medicorp,1,124.68
2025-09-06,BR002,MED341,BAT012070,2028-03-30,Om Sai Medicorp,1,127.97
2025-09-06,BR002,MED422,BAT012080,2025-09-28,Jai Hind Medical Agencies,5,113.12
2025-09-06,BR003,MED038,BAT012072,2028-04-23,Arihant Pharma Traders,1,63.01
2025-09-06,BR003,MED039,BAT012082,2028-01-16,Konkan Healthcare Traders,44,56.56
2025-09-06,BR003,MED097,BAT012066,2026-02-11,Chembur Pharma Depot,20,80.68
2025-09-06,BR003,MED103,BAT012050,2027-08-22,Bhiwandi Drug Depot,6,147.73
2025-09-06,BR003,MED161,BAT012037,2026-04-25,Chembur Pharma Depot,6,43.68
2025-09-06,BR003,MED170,BAT012052,2028-04-17,Bhiwandi Drug Depot,7,19.41
2025-09-06,BR003,MED179,BAT012053,2028-03-15,Western Drugs & Surgicals,16,9.05
2025-09-06,BR003,MED234,BAT012075,2028-03-07,Arihant Pharma Traders,24,47.79
2025-09-06,BR003,MED336,BAT012077,2028-01-26,Navkar Pharma Agency,6,125.7
2025-09-06,BR003,MED341,BAT012057,2028-05-09,Om Sai Medicorp,1,124.68
2025-09-06,BR003,MED341,BAT012070,2028-03-30,Om Sai Medicorp,1,127.97
2025-09-06,BR003,MED343,BAT012085,2028-03-08,Sahyadri Pharma Distributors,22,151.39
2025-09-06,BR003,MED422,BAT012080,2025-09-28,Jai Hind Medical Agencies,6,113.12
2025-09-06,BR003,MED445,BAT012081,2027-01-12,Navkar Pharma Agency,18,91.31
2025-09-07,BR001,MED009,BAT012122,2027-06-10,Konkan Healthcare Traders,96,59.04
2025-09-07,BR001,MED130,BAT012103,2028-03-08,Goregaon Medi Wholesale,29,52.66
2025-09-07,BR001,MED241,BAT012086,2026-07-07,Konkan Healthcare Traders,46,16.67
2025-09-07,BR001,MED280,BAT012116,2025-10-05,Navkar Pharma Agency,20,7.72
2025-09-07,BR001,MED470,BAT012121,2027-05-19,Navkar Pharma Agency,1,26.93
2025-09-07,BR001,MED483,BAT012090,2025-10-15,Lifeline Medico Distributors,1,51.21
2025-09-07,BR002,MED130,BAT012103,2028-03-08,Goregaon Medi Wholesale,21,52.66
2025-09-07,BR002,MED241,BAT012086,2026-07-07,Konkan Healthcare Traders,34,16.67
2025-09-07,BR002,MED470,BAT012121,2027-05-19,Navkar Pharma Agency,1,26.93
2025-09-07,BR002,MED483,BAT012090,2025-10-15,Lifeline Medico Distributors,1,51.21
2025-09-07,BR003,MED319,BAT012117,2027-05-18,Navkar Pharma Agency,87,148.42
2025-09-07,BR003,MED470,BAT012121,2027-05-19,Navkar Pharma Agency,1,26.93
2025-09-07,BR003,MED483,BAT012090,2025-10-15,Lifeline Medico Distributors,1,51.21
2025-09-08,BR001,MED013,BAT012130,2028-03-30,Ulhasnagar Drug Centre,55,23.6
2025-09-08,BR001,MED020,BAT012157,2025-12-25,Apex Pharma Wholesale,5,96.75
2025-09-08,BR001,MED069,BAT012143,2028-07-14,Dadar Wholesale Drugs,18,23.92
2025-09-08,BR001,MED092,BAT012159,2028-06-05,Bhiwandi Drug Depot,6,17.36
2025-09-08,BR001,MED220,BAT012174,2027-07-23,Arihant Pharma Traders,6,44.98
2025-09-08,BR002,MED011,BAT012135,2028-06-15,Siddhivinayak Drug Agency,145,26.96
2025-09-08,BR002,MED020,BAT012157,2025-12-25,Apex Pharma Wholesale,4,96.75
2025-09-08,BR002,MED035,BAT012141,2026-06-21,Vasai Virar Medico,15,14.86
2025-09-08,BR002,MED092,BAT012159,2028-06-05,Bhiwandi Drug Depot,5,17.36
2025-09-08,BR002,MED142,BAT012131,2028-06-13,Bombay Medi Supply,33,43.62
2025-09-08,BR002,MED205,BAT012173,2028-07-05,Arihant Pharma Traders,13,36.95
2025-09-08,BR002,MED220,BAT012174,2027-07-23,Arihant Pharma Traders,5,44.98
2025-09-08,BR002,MED278,BAT012133,2028-05-08,Bombay Medi Supply,19,6.62
2025-09-08,BR002,MED381,BAT012153,2027-05-19,Kalyan Medical Stores,90,118.69
2025-09-08,BR003,MED020,BAT012157,2025-12-25,Apex Pharma Wholesale,5,96.75
2025-09-08,BR003,MED069,BAT012143,2028-07-14,Dadar Wholesale Drugs,18,23.92
2025-09-08,BR003,MED073,BAT012171,2028-07-28,Sahyadri Pharma Distributors,27,29.88
2025-09-08,BR003,MED092,BAT012159,2028-06-05,Bhiwandi Drug Depot,14,17.36
2025-09-08,BR003,MED220,BAT012174,2027-07-23,Arihant Pharma Traders,6,44.98
2025-09-09,BR001,MED026,BAT012205,2027-04-26,Goregaon Medi Wholesale,6,51.11
2025-09-09,BR001,MED262,BAT012196,2028-03-29,Bombay Medi Supply,2,34.61
2025-09-09,BR001,MED289,BAT012188,2027-08-16,Dadar Wholesale Drugs,12,109.25
2025-09-09,BR001,MED334,BAT012216,2028-01-20,Sahyadri Pharma Distributors,14,114.54
2025-09-09,BR001,MED411,BAT012199,2026-11-30,Siddhivinayak Drug Agency,1,108.26
2025-09-09,BR001,MED445,BAT012202,2027-06-24,Navkar Pharma Agency,17,92.66
2025-09-09,BR001,MED459,BAT012203,2027-05-01,Deccan Drug House,77,33.4
2025-09-09,BR001,MED477,BAT012191,2027-01-23,Deccan Drug House,5,131.28
2025-09-09,BR002,MED026,BAT012205,2027-04-26,Goregaon Medi Wholesale,5,51.11
2025-09-09,BR002,MED069,BAT012208,2026-03-24,Chembur Pharma Depot,17,22.68
2025-09-09,BR002,MED247,BAT012213,2027-08-26,Vasai Virar Medico,20,50.75
2025-09-09,BR002,MED262,BAT012196,2028-03-29,Bombay Medi Supply,2,34.61
2025-09-09,BR002,MED289,BAT012188,2027-08-16,Dadar Wholesale Drugs,6,109.25
2025-09-09,BR002,MED334,BAT012216,2028-01-20,Sahyadri Pharma Distributors,5,114.54
2025-09-09,BR002,MED411,BAT012199,2026-11-30,Siddhivinayak Drug Agency,1,108.26
2025-09-09,BR002,MED459,BAT012222,2027-01-20,Deccan Drug House,62,29.75
2025-09-09,BR002,MED477,BAT012191,2027-01-23,Deccan Drug House,4,131.28
2025-09-09,BR003,MED026,BAT012205,2027-04-26,Goregaon Medi Wholesale,6,51.11
2025-09-09,BR003,MED027,BAT012192,2027-02-05,Siddhivinayak Drug Agency,12,146.45
2025-09-09,BR003,MED262,BAT012196,2028-03-29,Bombay Medi Supply,14,34.61
2025-09-09,BR003,MED278,BAT012187,2028-06-22,Bombay Medi Supply,22,6.08
2025-09-09,BR003,MED289,BAT012188,2027-08-16,Dadar Wholesale Drugs,6,109.25
2025-09-09,BR003,MED334,BAT012216,2028-01-20,Sahyadri Pharma Distributors,6,114.54
2025-09-09,BR003,MED411,BAT012199,2026-11-30,Siddhivinayak Drug Agency,1,108.26
2025-09-09,BR003,MED477,BAT012191,2027-01-23,Deccan Drug House,5,131.28
2025-09-10,BR001,MED012,BAT012248,2027-06-09,Om Sai Medicorp,141,68.95
2025-09-10,BR001,MED019,BAT012231,2026-01-28,Lifeline Medico Distributors,18,65.18
2025-09-10,BR001,MED022,BAT012230,2027-08-01,Sahyadri Pharma Distributors,2,49.96
2025-09-10,BR001,MED063,BAT012269,2028-01-22,Chembur Pharma Depot,1,29.27
2025-09-10,BR001,MED155,BAT012244,2025-12-14,Lifeline Medico Distributors,20,35.73
2025-09-10,BR001,MED205,BAT012277,2028-01-29,Arihant Pharma Traders,1,41.03
2025-09-10,BR001,MED278,BAT012260,2028-08-04,Bombay Medi Supply,25,5.96
2025-09-10,BR001,MED480,BAT012239,2025-11-25,Panvel Pharma Supplies,1,52.79
2025-09-10,BR001,MED480,BAT012267,2025-12-29,Panvel Pharma Supplies,1,49.05
2025-09-10,BR002,MED022,BAT012230,2027-08-01,Sahyadri Pharma Distributors,2,49.96
2025-09-10,BR002,MED033,BAT012273,2027-06-21,Pioneer Healthcare Distributors,77,43.21
2025-09-10,BR002,MED063,BAT012252,2028-04-10,Lifeline Medico Distributors,14,28.12
2025-09-10,BR002,MED063,BAT012269,2028-01-22,Chembur Pharma Depot,1,29.27
2025-09-10,BR002,MED205,BAT012277,2028-01-29,Arihant Pharma Traders,1,41.03
2025-09-10,BR002,MED480,BAT012239,2025-11-25,Panvel Pharma Supplies,1,52.79
2025-09-10,BR002,MED480,BAT012267,2025-12-29,Panvel Pharma Supplies,11,49.05
2025-09-10,BR003,MED019,BAT012231,2026-01-28,Lifeline Medico Distributors,19,65.18
2025-09-10,BR003,MED022,BAT012230,2027-08-01,Sahyadri Pharma Distributors,9,49.96
2025-09-10,BR003,MED043,BAT012249,2027-06-28,Navkar Pharma Agency,62,124.95
2025-09-10,BR003,MED063,BAT012269,2028-01-22,Chembur Pharma Depot,1,29.27
2025-09-10,BR003,MED155,BAT012233,2025-10-27,Lifeline Medico Distributors,17,34.52
2025-09-10,BR003,MED205,BAT012277,2028-01-29,Arihant Pharma Traders,1,41.03
2025-09-10,BR003,MED480,BAT012239,2025-11-25,Panvel Pharma Supplies,1,52.79
2025-09-10,BR003,MED480,BAT012267,2025-12-29,Panvel Pharma Supplies,1,49.05
2025-09-11,BR001,MED003,BAT012311,2027-03-25,Goregaon Medi Wholesale,1,69.15
2025-09-11,BR001,MED025,BAT012298,2028-02-12,Siddhivinayak Drug Agency,1,42.2
2025-09-11,BR001,MED040,BAT012300,2027-04-27,Neelkanth Pharma Link,28,127.11
2025-09-11,BR001,MED097,BAT012313,2025-12-18,Chembur Pharma Depot,19,91.51
2025-09-11,BR001,MED098,BAT012319,2027-08-10,Bhiwandi Drug Depot,1,81.16
2025-09-11,BR001,MED125,BAT012322,2027-06-05,Sai Pharma Distributors,7,91.5
2025-09-11,BR001,MED142,BAT012291,2028-04-30,Bombay Medi Supply,46,45.83
2025-09-11,BR001,MED269,BAT012306,2028-02-26,Siddhivinayak Drug Agency,118,35.69
2025-09-11,BR001,MED417,BAT012327,2027-06-21,Vashi Pharma Hub,8,76.59
2025-09-11,BR001,MED421,BAT012307,2025-11-30,Siddhivinayak Drug Agency,7,153.67
2025-09-11,BR001,MED483,BAT012310,2026-09-27,Lifeline Medico Distributors,13,56.83
2025-09-11,BR002,MED003,BAT012311,2027-03-25,Goregaon Medi Wholesale,12,69.15
2025-09-11,BR002,MED014,BAT012329,2028-05-20,Jai Hind Medical Agencies,51,95.36
2025-09-11,BR002,MED025,BAT012298,2028-02-12,Siddhivinayak Drug Agency,1,42.2
2025-09-11,BR002,MED040,BAT012312,2027-05-14,Neelkanth Pharma Link,20,122.58
2025-09-11,BR002,MED098,BAT012319,2027-08-10,Bhiwandi Drug Depot,1,81.16
2025-09-11,BR002,MED125,BAT012322,2027-06-05,Sai Pharma Distributors,5,91.5
2025-09-11,BR002,MED417,BAT012327,2027-06-21,Vashi Pharma Hub,9,76.59
2025-09-11,BR002,MED421,BAT012307,2025-11-30,Siddhivinayak Drug Agency,5,153.67
2025-09-11,BR002,MED483,BAT012310,2026-09-27,Lifeline Medico Distributors,1,56.83
2025-09-11,BR003,MED003,BAT012311,2027-03-25,Goregaon Medi Wholesale,1,69.15
2025-09-11,BR003,MED015,BAT012316,2026-03-26,Western Drugs & Surgicals,29,84.61
2025-09-11,BR003,MED025,BAT012298,2028-02-12,Siddhivinayak Drug Agency,1,42.2
2025-09-11,BR003,MED098,BAT012319,2027-08-10,Bhiwandi Drug Depot,1,81.16
2025-09-11,BR003,MED125,BAT012322,2027-06-05,Sai Pharma Distributors,7,91.5
2025-09-11,BR003,MED417,BAT012327,2027-06-21,Vashi Pharma Hub,7,76.59
2025-09-11,BR003,MED421,BAT012307,2025-11-30,Siddhivinayak Drug Agency,6,153.67
2025-09-11,BR003,MED443,BAT012308,2027-02-18,Ulhasnagar Drug Centre,26,102.84
2025-09-11,BR003,MED483,BAT012310,2026-09-27,Lifeline Medico Distributors,1,56.83
2025-09-12,BR001,MED055,BAT012334,2026-01-01,Mira Road Drug House,7,142.26
2025-09-12,BR001,MED341,BAT012351,2028-08-01,Om Sai Medicorp,1,128.27
2025-09-12,BR001,MED343,BAT012364,2028-02-15,Sahyadri Pharma Distributors,21,138.54
2025-09-12,BR001,MED444,BAT012355,2027-08-12,Thane Medico Traders,1,90.96
2025-09-12,BR001,MED498,BAT012370,2026-10-24,Jai Hind Medical Agencies,7,101.65
2025-09-12,BR002,MED017,BAT012342,2026-02-19,Mira Road Drug House,29,18.58
2025-09-12,BR002,MED055,BAT012334,2026-01-01,Mira Road Drug House,10,142.26
2025-09-12,BR002,MED341,BAT012351,2028-08-01,Om Sai Medicorp,12,128.27
2025-09-12,BR002,MED443,BAT012346,2027-02-12,Ulhasnagar Drug Centre,18,90.98
2025-09-12,BR002,MED444,BAT012355,2027-08-12,Thane Medico Traders,1,90.96
2025-09-12,BR002,MED498,BAT012370,2026-10-24,Jai Hind Medical Agencies,5,101.65
2025-09-12,BR003,MED002,BAT012340,2028-08-22,Dadar Wholesale Drugs,15,27.99
2025-09-12,BR003,MED055,BAT012334,2026-01-01,Mira Road Drug House,7,142.26
2025-09-12,BR003,MED341,BAT012351,2028-08-01,Om Sai Medicorp,1,128.27
2025-09-12,BR003,MED444,BAT012355,2027-08-12,Thane Medico Traders,1,90.96
2025-09-12,BR003,MED498,BAT012370,2026-10-24,Jai Hind Medical Agencies,11,101.65
2025-09-13,BR001,MED015,BAT012402,2026-01-28,Western Drugs & Surgicals,31,93.34
2025-09-13,BR001,MED159,BAT012381,2026-08-16,Ulhasnagar Drug Centre,20,46.36
2025-09-13,BR001,MED294,BAT012375,2028-08-25,Sahyadri Pharma Distributors,12,77.4
2025-09-13,BR002,MED294,BAT012375,2028-08-25,Sahyadri Pharma Distributors,5,77.4
2025-09-13,BR002,MED319,BAT012409,2027-06-01,Navkar Pharma Agency,79,165.94
2025-09-13,BR002,MED343,BAT012414,2028-03-15,Sahyadri Pharma Distributors,21,129.9
2025-09-13,BR003,MED013,BAT012387,2028-08-05,Ulhasnagar Drug Centre,52,25.49
2025-09-13,BR003,MED030,BAT012390,2028-01-26,Malad Healthcare Supply,17,51.69
2025-09-13,BR003,MED294,BAT012375,2028-08-25,Sahyadri Pharma Distributors,6,77.4
2025-09-13,BR003,MED381,BAT012384,2027-07-14,Neelkanth Pharma Link,104,116.44
2025-09-14,BR001,MED027,BAT012437,2027-02-27,Siddhivinayak Drug Agency,12,152.19
2025-09-14,BR001,MED091,BAT012438,2028-07-11,Goregaon Medi Wholesale,37,20.6
2025-09-14,BR001,MED262,BAT012431,2028-01-23,Bombay Medi Supply,17,31.35
2025-09-14,BR001,MED444,BAT012453,2027-06-06,Thane Medico Traders,13,100.72
2025-09-14,BR002,MED027,BAT012437,2027-02-27,Siddhivinayak Drug Agency,1,152.19
2025-09-14,BR002,MED091,BAT012438,2028-07-11,Goregaon Medi Wholesale,26,20.6
2025-09-14,BR002,MED262,BAT012431,2028-01-23,Bombay Medi Supply,4,31.35
2025-09-14,BR002,MED444,BAT012453,2027-06-06,Thane Medico Traders,1,100.72
2025-09-14,BR003,MED027,BAT012437,2027-02-27,Siddhivinayak Drug Agency,1,152.19
2025-09-14,BR003,MED091,BAT012438,2028-07-11,Goregaon Medi Wholesale,40,20.6
2025-09-14,BR003,MED262,BAT012431,2028-01-23,Bombay Medi Supply,5,31.35
2025-09-14,BR003,MED444,BAT012453,2027-06-06,Thane Medico Traders,1,100.72
2025-09-15,BR001,MED003,BAT012479,2027-06-28,Bhiwandi Drug Depot,15,73.61
2025-09-15,BR001,MED027,BAT012497,2027-08-22,Siddhivinayak Drug Agency,1,146.97
2025-09-15,BR001,MED033,BAT012466,2027-05-08,Pioneer Healthcare Distributors,118,41.27
2025-09-15,BR001,MED043,BAT012481,2027-05-30,Vashi Pharma Hub,57,111.59
2025-09-15,BR001,MED044,BAT012467,2028-03-21,Jai Hind Medical Agencies,5,260.52
2025-09-15,BR001,MED205,BAT012499,2028-07-31,Mahalaxmi Pharma Agencies,1,39.89
2025-09-15,BR001,MED247,BAT012507,2027-04-29,Konkan Healthcare Traders,28,57.32
2025-09-15,BR001,MED312,BAT012489,2028-02-01,Arihant Pharma Traders,6,54.52
2025-09-15,BR001,MED319,BAT012501,2027-04-12,Navkar Pharma Agency,97,158.62
2025-09-15,BR001,MED339,BAT012502,2028-04-19,Konkan Healthcare Traders,17,112.97
2025-09-15,BR001,MED341,BAT012492,2028-03-06,Om Sai Medicorp,13,142.81
2025-09-15,BR001,MED443,BAT012478,2027-05-07,Ulhasnagar Drug Centre,25,100.82
2025-09-15,BR001,MED455,BAT012513,2027-04-03,Thane Medico Traders,7,62.93
2025-09-15,BR001,MED493,BAT012505,2028-04-13,Vasai Virar Medico,13,135.73
2025-09-15,BR002,MED027,BAT012497,2027-08-22,Siddhivinayak Drug Agency,1,146.97
2025-09-15,BR002,MED043,BAT012498,2027-04-19,Navkar Pharma Agency,48,109.7
2025-09-15,BR002,MED044,BAT012467,2028-03-21,Jai Hind Medical Agencies,16,260.52
2025-09-15,BR002,MED205,BAT012499,2028-07-31,Mahalaxmi Pharma Agencies,1,39.89
2025-09-15,BR002,MED312,BAT012489,2028-02-01,Arihant Pharma Traders,5,54.52
2025-09-15,BR002,MED339,BAT012502,2028-04-19,Konkan Healthcare Traders,4,112.97
2025-09-15,BR002,MED341,BAT012492,2028-03-06,Om Sai Medicorp,1,142.81
2025-09-15,BR002,MED455,BAT012513,2027-04-03,Thane Medico Traders,5,62.93
2025-09-15,BR002,MED493,BAT012505,2028-04-13,Vasai Virar Medico,5,135.73
2025-09-15,BR003,MED003,BAT012465,2027-08-29,Bhiwandi Drug Depot,16,75.79
2025-09-15,BR003,MED005,BAT012480,2025-12-18,Mira Road Drug House,81,21.61
2025-09-15,BR003,MED027,BAT012497,2027-08-22,Siddhivinayak Drug Agency,1,146.97
2025-09-15,BR003,MED033,BAT012466,2027-05-08,Pioneer Healthcare Distributors,112,41.27
2025-09-15,BR003,MED044,BAT012467,2028-03-21,Jai Hind Medical Agencies,5,260.52
2025-09-15,BR003,MED205,BAT012499,2028-07-31,Mahalaxmi Pharma Agencies,14,39.89
2025-09-15,BR003,MED312,BAT012489,2028-02-01,Arihant Pharma Traders,13,54.52
2025-09-15,BR003,MED339,BAT012502,2028-04-19,Konkan Healthcare Traders,5,112.97
2025-09-15,BR003,MED341,BAT012492,2028-03-06,Om Sai Medicorp,1,142.81
2025-09-15,BR003,MED455,BAT012513,2027-04-03,Thane Medico Traders,11,62.93
2025-09-15,BR003,MED493,BAT012505,2028-04-13,Vasai Virar Medico,6,135.73
2025-09-16,BR001,MED010,BAT012529,2028-08-02,Vasai Virar Medico,5,38.64
2025-09-16,BR001,MED030,BAT012516,2028-07-10,Malad Healthcare Supply,1,45.32
2025-09-16,BR001,MED038,BAT012530,2028-08-09,Neelkanth Pharma Link,14,62.24
2025-09-16,BR001,MED071,BAT012567,2028-04-20,Sahyadri Pharma Distributors,7,22.81
2025-09-16,BR001,MED082,BAT012546,2028-05-24,Om Sai Medicorp,46,59.68
2025-09-16,BR001,MED161,BAT012524,2026-07-12,Chembur Pharma Depot,13,46.52
2025-09-16,BR001,MED321,BAT012541,2027-07-23,Navkar Pharma Agency,5,132.77
2025-09-16,BR001,MED444,BAT012560,2027-07-03,Thane Medico Traders,1,100.82
2025-09-16,BR001,MED470,BAT012545,2025-10-12,Navkar Pharma Agency,15,26.41
2025-09-16,BR001,MED470,BAT012565,2027-06-06,Navkar Pharma Agency,1,29.62
2025-09-16,BR002,MED010,BAT012529,2028-08-02,Vasai Virar Medico,4,38.64
2025-09-16,BR002,MED030,BAT012516,2028-07-10,Malad Healthcare Supply,14,45.32
2025-09-16,BR002,MED071,BAT012567,2028-04-20,Sahyadri Pharma Distributors,10,22.81
2025-09-16,BR002,MED161,BAT012524,2026-07-12,Chembur Pharma Depot,5,46.52
2025-09-16,BR002,MED280,BAT012554,2025-10-20,Navkar Pharma Agency,20,6.57
2025-09-16,BR002,MED321,BAT012541,2027-07-23,Navkar Pharma Agency,5,132.77
2025-09-16,BR002,MED344,BAT012542,2028-04-18,Navkar Pharma Agency,36,55.56
2025-09-16,BR002,MED444,BAT012560,2027-07-03,Thane Medico Traders,1,100.82
2025-09-16,BR002,MED470,BAT012565,2027-06-06,Navkar Pharma Agency,14,29.62
2025-09-16,BR003,MED010,BAT012529,2028-08-02,Vasai Virar Medico,5,38.64
2025-09-16,BR003,MED030,BAT012516,2028-07-10,Malad Healthcare Supply,1,45.32
2025-09-16,BR003,MED038,BAT012530,2028-08-09,Neelkanth Pharma Link,14,62.24
2025-09-16,BR003,MED071,BAT012567,2028-04-20,Sahyadri Pharma Distributors,7,22.81
2025-09-16,BR003,MED161,BAT012524,2026-07-12,Chembur Pharma Depot,6,46.52
2025-09-16,BR003,MED319,BAT012556,2027-02-18,Navkar Pharma Agency,91,153.77
2025-09-16,BR003,MED321,BAT012541,2027-07-23,Navkar Pharma Agency,5,132.77
2025-09-16,BR003,MED444,BAT012560,2027-07-03,Thane Medico Traders,14,100.82
2025-09-16,BR003,MED470,BAT012565,2027-06-06,Navkar Pharma Agency,1,29.62
2025-09-17,BR001,MED006,BAT012573,2026-03-29,Lifeline Medico Distributors,6,37.22
2025-09-17,BR001,MED011,BAT012585,2028-03-04,Siddhivinayak Drug Agency,181,29.56
2025-09-17,BR001,MED022,BAT012572,2027-08-26,Apex Pharma Wholesale,1,48.42
2025-09-17,BR001,MED030,BAT012576,2028-02-21,Malad Healthcare Supply,17,51.29
2025-09-17,BR001,MED155,BAT012588,2025-11-01,Lifeline Medico Distributors,17,30.37
2025-09-17,BR001,MED341,BAT012629,2028-04-27,Om Sai Medicorp,1,126.73
2025-09-17,BR001,MED490,BAT012617,2025-12-04,Mira Road Drug House,1,44.32
2025-09-17,BR002,MED001,BAT012623,2028-02-27,Apex Pharma Wholesale,56,18.06
2025-09-17,BR002,MED006,BAT012573,2026-03-29,Lifeline Medico Distributors,4,37.22
2025-09-17,BR002,MED013,BAT012575,2028-04-22,Ulhasnagar Drug Centre,49,23.33
2025-09-17,BR002,MED021,BAT012586,2028-06-12,Dadar Wholesale Drugs,14,26.41
2025-09-17,BR002,MED022,BAT012572,2027-08-26,Apex Pharma Wholesale,1,48.42
2025-09-17,BR002,MED082,BAT012624,2028-05-09,Om Sai Medicorp,30,63.14
2025-09-17,BR002,MED097,BAT012602,2027-06-01,Chembur Pharma Depot,18,89.95
2025-09-17,BR002,MED155,BAT012604,2026-04-09,Lifeline Medico Distributors,15,35.47
2025-09-17,BR002,MED305,BAT012606,2028-05-14,Navkar Pharma Agency,54,74.09
2025-09-17,BR002,MED341,BAT012629,2028-04-27,Om Sai Medicorp,1,126.73
2025-09-17,BR002,MED490,BAT012617,2025-12-04,Mira Road Drug House,1,44.32
2025-09-17,BR003,MED006,BAT012573,2026-03-29,Lifeline Medico Distributors,16,37.22
2025-09-17,BR003,MED014,BAT012631,2026-02-14,Jai Hind Medical Agencies,60,106.59
2025-09-17,BR003,MED022,BAT012572,2027-08-26,Apex Pharma Wholesale,1,48.42
2025-09-17,BR003,MED082,BAT012587,2028-08-26,Bhiwandi Drug Depot,46,54.9
2025-09-17,BR003,MED155,BAT012578,2025-10-19,Lifeline Medico Distributors,20,29.71
2025-09-17,BR003,MED280,BAT012627,2028-08-21,Navkar Pharma Agency,19,7.93
2025-09-17,BR003,MED341,BAT012629,2028-04-27,Om Sai Medicorp,1,126.73
2025-09-17,BR003,MED445,BAT012630,2027-02-20,Navkar Pharma Agency,18,93.05
2025-09-17,BR003,MED459,BAT012593,2027-08-14,Deccan Drug House,64,31.78
2025-09-17,BR003,MED490,BAT012617,2025-12-04,Mira Road Drug House,1,44.32
2025-09-18,BR001,MED025,BAT012659,2028-04-19,Deccan Drug House,1,44.86
2025-09-18,BR001,MED032,BAT012647,2028-03-01,Kalyan Medical Stores,7,9.4
2025-09-18,BR001,MED063,BAT012655,2026-03-25,Lifeline Medico Distributors,16,27.75
2025-09-18,BR001,MED073,BAT012660,2028-04-28,Sahyadri Pharma Distributors,22,27.09
2025-09-18,BR001,MED440,BAT012644,2026-08-27,Maharashtra Pharma Link,6,120.78
2025-09-18,BR002,MED025,BAT012659,2028-04-19,Deccan Drug House,1,44.86
2025-09-18,BR002,MED031,BAT012636,2025-11-07,Mira Road Drug House,22,126.61
2025-09-18,BR002,MED032,BAT012647,2028-03-01,Kalyan Medical Stores,5,9.4
2025-09-18,BR002,MED142,BAT012649,2028-06-20,Bombay Medi Supply,37,44.73
2025-09-18,BR002,MED440,BAT012644,2026-08-27,Maharashtra Pharma Link,4,120.78
2025-09-18,BR003,MED025,BAT012659,2028-04-19,Deccan Drug House,10,44.86
2025-09-18,BR003,MED032,BAT012647,2028-03-01,Kalyan Medical Stores,11,9.4
2025-09-18,BR003,MED186,BAT012640,2025-12-30,Mira Road Drug House,24,140.09
2025-09-18,BR003,MED299,BAT012651,2028-07-30,Bombay Medi Supply,120,73.01
2025-09-18,BR003,MED440,BAT012644,2026-08-27,Maharashtra Pharma Link,15,120.78
2025-09-19,BR001,MED027,BAT012688,2027-08-01,Siddhivinayak Drug Agency,1,140.61
2025-09-19,BR001,MED427,BAT012696,2027-05-24,Kalyan Medical Stores,7,144.03
2025-09-19,BR002,MED027,BAT012688,2027-08-01,Siddhivinayak Drug Agency,10,140.61
2025-09-19,BR002,MED173,BAT012691,2028-02-07,Maharashtra Pharma Link,71,17.48
2025-09-19,BR002,MED269,BAT012683,2025-11-04,Dadar Wholesale Drugs,106,31.78
2025-09-19,BR002,MED427,BAT012696,2027-05-24,Kalyan Medical Stores,5,144.03
2025-09-19,BR003,MED027,BAT012688,2027-08-01,Siddhivinayak Drug Agency,1,140.61
2025-09-19,BR003,MED043,BAT012703,2025-11-30,Vashi Pharma Hub,56,122.05
2025-09-19,BR003,MED311,BAT012706,2028-08-19,Om Sai Medicorp,34,63.39
2025-09-19,BR003,MED427,BAT012696,2027-05-24,Kalyan Medical Stores,6,144.03
2025-09-20,BR001,MED001,BAT012754,2028-03-28,Apex Pharma Wholesale,77,20.39
2025-09-20,BR001,MED013,BAT012732,2028-02-04,Ulhasnagar Drug Centre,56,25.22
2025-09-20,BR001,MED022,BAT012744,2027-07-12,Sahyadri Pharma Distributors,2,51.53
2025-09-20,BR001,MED155,BAT012723,2026-07-10,Lifeline Medico Distributors,1,34.34
2025-09-20,BR001,MED205,BAT012734,2028-06-28,Arihant Pharma Traders,13,36.81
2025-09-20,BR001,MED269,BAT012762,2028-07-06,Sahyadri Pharma Distributors,116,34.22
2025-09-20,BR001,MED283,BAT012728,2026-02-26,Neelkanth Pharma Link,43,74.49
2025-09-20,BR001,MED299,BAT012737,2028-08-14,Bombay Medi Supply,107,70.65
2025-09-20,BR001,MED459,BAT012752,2026-03-19,Navkar Pharma Agency,62,32.72
2025-09-20,BR002,MED009,BAT012743,2027-06-25,Arihant Pharma Traders,62,60.43
2025-09-20,BR002,MED022,BAT012744,2027-07-12,Sahyadri Pharma Distributors,1,51.53
2025-09-20,BR002,MED039,BAT012756,2028-02-28,Konkan Healthcare Traders,35,53.29
2025-09-20,BR002,MED073,BAT012761,2028-06-27,Sahyadri Pharma Distributors,17,28.15
2025-09-20,BR002,MED155,BAT012723,2026-07-10,Lifeline Medico Distributors,1,34.34
2025-09-20,BR002,MED205,BAT012734,2028-06-28,Arihant Pharma Traders,1,36.81
2025-09-20,BR002,MED299,BAT012729,2028-04-19,Bombay Medi Supply,91,74.14
2025-09-20,BR002,MED459,BAT012741,2025-12-17,Navkar Pharma Agency,47,34.07
2025-09-20,BR003,MED022,BAT012744,2027-07-12,Sahyadri Pharma Distributors,10,51.53
2025-09-20,BR003,MED130,BAT012721,2028-07-19,Goregaon Medi Wholesale,27,54.6
2025-09-20,BR003,MED155,BAT012723,2026-07-10,Lifeline Medico Distributors,1,34.34
2025-09-20,BR003,MED205,BAT012734,2028-06-28,Arihant Pharma Traders,1,36.81
2025-09-21,BR001,MED003,BAT012771,2027-01-24,Goregaon Medi Wholesale,1,66.8
2025-09-21,BR001,MED014,BAT012794,2026-02-20,Jai Hind Medical Agencies,62,94.22
2025-09-21,BR001,MED121,BAT012785,2027-02-16,Sai Pharma Distributors,7,82.54
2025-09-21,BR001,MED234,BAT012789,2028-02-14,Konkan Healthcare Traders,24,44.19
2025-09-21,BR001,MED284,BAT012764,2027-03-02,Sahyadri Pharma Distributors,31,76.7
2025-09-21,BR001,MED381,BAT012780,2027-04-13,Neelkanth Pharma Link,108,139.88
2025-09-21,BR001,MED480,BAT012782,2025-10-30,Panvel Pharma Supplies,1,48.49
2025-09-21,BR002,MED003,BAT012771,2027-01-24,Goregaon Medi Wholesale,1,66.8
2025-09-21,BR002,MED015,BAT012772,2027-01-05,Western Drugs & Surgicals,25,80.67
2025-09-21,BR002,MED121,BAT012785,2027-02-16,Sai Pharma Distributors,5,82.54
2025-09-21,BR002,MED284,BAT012802,2027-04-24,Sahyadri Pharma Distributors,31,74.84
2025-09-21,BR002,MED480,BAT012782,2025-10-30,Panvel Pharma Supplies,1,48.49
2025-09-21,BR003,MED003,BAT012771,2027-01-24,Goregaon Medi Wholesale,1,66.8
2025-09-21,BR003,MED121,BAT012785,2027-02-16,Sai Pharma Distributors,11,82.54
2025-09-21,BR003,MED257,BAT012790,2028-06-11,Om Sai Medicorp,30,30.86
2025-09-21,BR003,MED480,BAT012782,2025-10-30,Panvel Pharma Supplies,14,48.49
2025-09-22,BR001,MED002,BAT012806,2026-03-30,Dadar Wholesale Drugs,15,28.67
2025-09-22,BR001,MED007,BAT012809,2028-08-13,Malad Healthcare Supply,69,15.54
2025-09-22,BR001,MED043,BAT012836,2027-05-22,Vashi Pharma Hub,60,109.13
2025-09-22,BR001,MED120,BAT012844,2025-11-30,Om Sai Medicorp,14,77.93
2025-09-22,BR001,MED341,BAT012839,2028-04-30,Om Sai Medicorp,1,135.13
2025-09-22,BR001,MED467,BAT012850,2027-07-02,Vasai Virar Medico,5,28.47
2025-09-22,BR001,MED483,BAT012834,2026-08-20,Vasai Virar Medico,1,62.19
2025-09-22,BR002,MED120,BAT012844,2025-11-30,Om Sai Medicorp,5,77.93
2025-09-22,BR002,MED341,BAT012839,2028-04-30,Om Sai Medicorp,1,135.13
2025-09-22,BR002,MED381,BAT012829,2027-03-15,Kalyan Medical Stores,91,126.89
2025-09-22,BR002,MED445,BAT012841,2027-06-25,Mahalaxmi Pharma Agencies,15,92.24
2025-09-22,BR002,MED467,BAT012850,2027-07-02,Vasai Virar Medico,4,28.47
2025-09-22,BR002,MED470,BAT012851,2027-06-16,Navkar Pharma Agency,14,24.21
2025-09-22,BR002,MED483,BAT012834,2026-08-20,Vasai Virar Medico,1,62.19
2025-09-22,BR003,MED009,BAT012835,2027-08-23,Konkan Healthcare Traders,88,58.16
2025-09-22,BR003,MED120,BAT012844,2025-11-30,Om Sai Medicorp,6,77.93
2025-09-22,BR003,MED173,BAT012845,2028-02-21,Shree Ganesh Medico,103,16.51
2025-09-22,BR003,MED247,BAT012846,2027-02-17,Sai Pharma Distributors,26,57.91
2025-09-22,BR003,MED278,BAT012824,2028-04-09,Arihant Pharma Traders,23,7.39
2025-09-22,BR003,MED341,BAT012839,2028-04-30,Om Sai Medicorp,13,135.13
2025-09-22,BR003,MED467,BAT012850,2027-07-02,Vasai Virar Medico,5,28.47
2025-09-22,BR003,MED483,BAT012834,2026-08-20,Vasai Virar Medico,1,62.19
2025-09-23,BR001,MED004,BAT012885,2027-06-21,Chembur Pharma Depot,1,88.51
2025-09-23,BR001,MED156,BAT012853,2026-08-03,Maharashtra Pharma Link,6,39.62
2025-09-23,BR001,MED173,BAT012876,2028-08-13,Shree Ganesh Medico,97,18.7
2025-09-23,BR001,MED253,BAT012856,2027-08-21,Dadar Wholesale Drugs,6,63.07
2025-09-23,BR001,MED480,BAT012882,2026-01-08,Panvel Pharma Supplies,1,51.5
2025-09-23,BR001,MED483,BAT012883,2026-11-13,Vasai Virar Medico,2,62.02
2025-09-23,BR002,MED004,BAT012885,2027-06-21,Chembur Pharma Depot,1,88.51
2025-09-23,BR002,MED152,BAT012863,2026-03-03,Malad Healthcare Supply,19,34.22
2025-09-23,BR002,MED156,BAT012853,2026-08-03,Maharashtra Pharma Link,5,39.62
2025-09-23,BR002,MED159,BAT012854,2026-08-12,Malad Healthcare Supply,14,46.41
2025-09-23,BR002,MED253,BAT012856,2027-08-21,Dadar Wholesale Drugs,5,63.07
2025-09-23,BR002,MED480,BAT012882,2026-01-08,Panvel Pharma Supplies,1,51.5
2025-09-23,BR002,MED483,BAT012883,2026-11-13,Vasai Virar Medico,1,62.02
2025-09-23,BR003,MED001,BAT012884,2028-02-10,Apex Pharma Wholesale,90,20.81
2025-09-23,BR003,MED004,BAT012869,2026-02-06,Chembur Pharma Depot,11,95.52
2025-09-23,BR003,MED004,BAT012885,2027-06-21,Chembur Pharma Depot,1,88.51
2025-09-23,BR003,MED156,BAT012853,2026-08-03,Maharashtra Pharma Link,6,39.62
2025-09-23,BR003,MED159,BAT012875,2026-08-04,Ulhasnagar Drug Centre,22,50.07
2025-09-23,BR003,MED253,BAT012856,2027-08-21,Dadar Wholesale Drugs,6,63.07
2025-09-23,BR003,MED480,BAT012882,2026-01-08,Panvel Pharma Supplies,1,51.5
2025-09-23,BR003,MED483,BAT012883,2026-11-13,Vasai Virar Medico,2,62.02
2025-09-24,BR001,MED016,BAT012939,2026-09-15,Vashi Pharma Hub,12,123.04
2025-09-24,BR001,MED019,BAT012900,2026-12-03,Lifeline Medico Distributors,1,59.23
2025-09-24,BR001,MED101,BAT012935,2027-04-11,Bhiwandi Drug Depot,11,151.9
2025-09-24,BR001,MED257,BAT012926,2028-05-21,Siddhivinayak Drug Agency,36,30.91
2025-09-24,BR001,MED268,BAT012944,2028-08-24,Sahyadri Pharma Distributors,12,39.33
2025-09-24,BR001,MED305,BAT012911,2028-03-06,Dadar Wholesale Drugs,55,74.75
2025-09-24,BR001,MED335,BAT012938,2028-07-26,Siddhivinayak Drug Agency,6,111.9
2025-09-24,BR002,MED005,BAT012899,2028-08-09,Mira Road Drug House,61,19.63
2025-09-24,BR002,MED016,BAT012939,2026-09-15,Vashi Pharma Hub,5,123.04
2025-09-24,BR002,MED019,BAT012900,2026-12-03,Lifeline Medico Distributors,14,59.23
2025-09-24,BR002,MED101,BAT012935,2027-04-11,Bhiwandi Drug Depot,5,151.9
2025-09-24,BR002,MED268,BAT012944,2028-08-24,Sahyadri Pharma Distributors,6,39.33
2025-09-24,BR002,MED335,BAT012938,2028-07-26,Siddhivinayak Drug Agency,5,111.9
2025-09-24,BR003,MED011,BAT012915,2028-05-24,Siddhivinayak Drug Agency,192,29.36
2025-09-24,BR003,MED013,BAT012916,2028-07-29,Ulhasnagar Drug Centre,60,23.75
2025-09-24,BR003,MED016,BAT012939,2026-09-15,Vashi Pharma Hub,7,123.04
2025-09-24,BR003,MED019,BAT012900,2026-12-03,Lifeline Medico Distributors,1,59.23
2025-09-24,BR003,MED039,BAT012940,2028-05-24,Om Sai Medicorp,45,54.13
2025-09-24,BR003,MED069,BAT012918,2028-02-26,Dadar Wholesale Drugs,21,21.44
2025-09-24,BR003,MED101,BAT012935,2027-04-11,Bhiwandi Drug Depot,7,151.9
2025-09-24,BR003,MED268,BAT012944,2028-08-24,Sahyadri Pharma Distributors,6,39.33
2025-09-24,BR003,MED269,BAT012896,2028-06-24,Sahyadri Pharma Distributors,106,31.48
2025-09-24,BR003,MED335,BAT012938,2028-07-26,Siddhivinayak Drug Agency,12,111.9
2025-09-25,BR001,MED005,BAT012945,2025-12-31,Mira Road Drug House,97,19.94
2025-09-25,BR001,MED006,BAT012976,2026-05-23,Lifeline Medico Distributors,16,38.13
2025-09-25,BR001,MED031,BAT012960,2027-03-27,Mira Road Drug House,33,127.83
2025-09-25,BR001,MED142,BAT012962,2028-02-05,Bombay Medi Supply,53,43.12
2025-09-25,BR001,MED403,BAT012985,2028-04-20,Konkan Healthcare Traders,6,399.61
2025-09-25,BR002,MED006,BAT012976,2026-05-23,Lifeline Medico Distributors,4,38.13
2025-09-25,BR002,MED024,BAT012959,2027-07-26,Bhiwandi Drug Depot,22,91.83
2025-09-25,BR002,MED278,BAT012969,2025-12-04,Bombay Medi Supply,24,6.4
2025-09-25,BR002,MED403,BAT012985,2028-04-20,Konkan Healthcare Traders,5,399.61
2025-09-25,BR002,MED463,BAT012986,2027-03-14,Thane Medico Traders,8,22.24
2025-09-25,BR003,MED006,BAT012976,2026-05-23,Lifeline Medico Distributors,5,38.13
2025-09-25,BR003,MED007,BAT012946,2028-07-27,Malad Healthcare Supply,78,17.04
2025-09-25,BR003,MED019,BAT012958,2026-11-15,Mira Road Drug House,20,54.7
2025-09-25,BR003,MED024,BAT012959,2027-07-26,Bhiwandi Drug Depot,30,91.83
2025-09-25,BR003,MED031,BAT012960,2027-03-27,Mira Road Drug House,32,127.83
2025-09-25,BR003,MED040,BAT012948,2027-07-01,Neelkanth Pharma Link,26,123.3
2025-09-25,BR003,MED403,BAT012985,2028-04-20,Konkan Healthcare Traders,6,399.61
2025-09-25,BR003,MED411,BAT012956,2027-01-24,Ulhasnagar Drug Centre,16,92.72
2025-09-26,BR001,MED044,BAT013006,2028-03-19,Jai Hind Medical Agencies,15,271.65
2025-09-26,BR001,MED098,BAT013020,2027-09-02,Sai Pharma Distributors,15,81.07
2025-09-26,BR001,MED123,BAT013009,2027-03-14,Deccan Drug House,7,83.97
2025-09-26,BR001,MED155,BAT013000,2026-02-20,Lifeline Medico Distributors,1,34.31
2025-09-26,BR001,MED319,BAT013013,2027-02-07,Navkar Pharma Agency,88,162.92
2025-09-26,BR001,MED445,BAT013016,2027-06-21,Goregaon Medi Wholesale,17,100.04
2025-09-26,BR001,MED483,BAT013001,2026-01-07,Lifeline Medico Distributors,1,54.39
2025-09-26,BR001,MED490,BAT012998,2027-08-15,Lifeline Medico Distributors,1,44.99
2025-09-26,BR002,MED035,BAT013002,2026-07-25,Vasai Virar Medico,15,14.36
2025-09-26,BR002,MED044,BAT013006,2028-03-19,Jai Hind Medical Agencies,3,271.65
2025-09-26,BR002,MED123,BAT013009,2027-03-14,Deccan Drug House,5,83.97
2025-09-26,BR002,MED155,BAT013000,2026-02-20,Lifeline Medico Distributors,1,34.31
2025-09-26,BR002,MED186,BAT012992,2028-03-28,Mira Road Drug House,20,159.21
2025-09-26,BR002,MED247,BAT013022,2027-07-06,Konkan Healthcare Traders,18,55.29
2025-09-26,BR002,MED483,BAT013001,2026-01-07,Lifeline Medico Distributors,1,54.39
2025-09-26,BR002,MED490,BAT012998,2027-08-15,Lifeline Medico Distributors,11,44.99
2025-09-26,BR003,MED044,BAT013006,2028-03-19,Jai Hind Medical Agencies,12,271.65
2025-09-26,BR003,MED098,BAT013007,2027-08-16,Om Sai Medicorp,14,88.91
2025-09-26,BR003,MED123,BAT013009,2027-03-14,Deccan Drug House,7,83.97
2025-09-26,BR003,MED142,BAT012987,2025-10-17,Lifeline Medico Distributors,47,36.8
2025-09-26,BR003,MED155,BAT013000,2026-02-20,Lifeline Medico Distributors,1,34.31
2025-09-26,BR003,MED483,BAT013001,2026-01-07,Lifeline Medico Distributors,10,54.39
2025-09-26,BR003,MED490,BAT012998,2027-08-15,Lifeline Medico Distributors,1,44.99
2025-09-27,BR001,MED027,BAT013034,2027-07-11,Siddhivinayak Drug Agency,1,150.67
2025-09-27,BR001,MED028,BAT013035,2028-06-28,Malad Healthcare Supply,12,35.34
2025-09-27,BR001,MED038,BAT013052,2028-05-11,Arihant Pharma Traders,14,63.36
2025-09-27,BR001,MED069,BAT013026,2028-03-21,Chembur Pharma Depot,20,23.42
2025-09-27,BR001,MED092,BAT013045,2028-07-11,Bhiwandi Drug Depot,6,20.29
2025-09-27,BR001,MED106,BAT013037,2027-08-29,Deccan Drug House,1,166.34
2025-09-27,BR001,MED262,BAT013047,2028-09-02,Arihant Pharma Traders,17,30.84
2025-09-27,BR001,MED294,BAT013053,2028-02-20,Om Sai Medicorp,6,66.55
2025-09-27,BR001,MED411,BAT013025,2026-12-02,Maharashtra Pharma Link,17,99.55
2025-09-27,BR001,MED480,BAT013033,2025-11-06,Panvel Pharma Supplies,13,53.13
2025-09-27,BR002,MED027,BAT013034,2027-07-11,Siddhivinayak Drug Agency,1,150.67
2025-09-27,BR002,MED028,BAT013035,2028-06-28,Malad Healthcare Supply,5,35.34
2025-09-27,BR002,MED038,BAT013052,2028-05-11,Arihant Pharma Traders,1,63.36
2025-09-27,BR002,MED043,BAT013043,2027-01-31,Vashi Pharma Hub,45,120.8
2025-09-27,BR002,MED092,BAT013045,2028-07-11,Bhiwandi Drug Depot,11,20.29
2025-09-27,BR002,MED106,BAT013037,2027-08-29,Deccan Drug House,1,166.34
2025-09-27,BR002,MED262,BAT013047,2028-09-02,Arihant Pharma Traders,4,30.84
2025-09-27,BR002,MED294,BAT013053,2028-02-20,Om Sai Medicorp,11,66.55
2025-09-27,BR002,MED411,BAT013025,2026-12-02,Maharashtra Pharma Link,11,99.55
2025-09-27,BR002,MED444,BAT013059,2027-08-25,Thane Medico Traders,9,85.8
2025-09-27,BR002,MED480,BAT013033,2025-11-06,Panvel Pharma Supplies,1,53.13
2025-09-27,BR003,MED027,BAT013034,2027-07-11,Siddhivinayak Drug Agency,13,150.67
2025-09-27,BR003,MED028,BAT013035,2028-06-28,Malad Healthcare Supply,6,35.34
2025-09-27,BR003,MED038,BAT013052,2028-05-11,Arihant Pharma Traders,1,63.36
2025-09-27,BR003,MED092,BAT013045,2028-07-11,Bhiwandi Drug Depot,7,20.29
2025-09-27,BR003,MED106,BAT013037,2027-08-29,Deccan Drug House,12,166.34
2025-09-27,BR003,MED262,BAT013047,2028-09-02,Arihant Pharma Traders,5,30.84
2025-09-27,BR003,MED283,BAT013028,2025-12-04,Dadar Wholesale Drugs,36,69.62
2025-09-27,BR003,MED294,BAT013053,2028-02-20,Om Sai Medicorp,6,66.55
2025-09-27,BR003,MED480,BAT013033,2025-11-06,Panvel Pharma Supplies,1,53.13
2025-09-28,BR001,MED025,BAT013068,2028-06-21,Siddhivinayak Drug Agency,2,41.41
2025-09-28,BR001,MED027,BAT013095,2027-09-04,Siddhivinayak Drug Agency,1,147.8
2025-09-28,BR001,MED033,BAT013110,2027-02-02,Pioneer Healthcare Distributors,104,43.83
2025-09-28,BR001,MED034,BAT013079,2028-05-05,Dadar Wholesale Drugs,76,35.94
2025-09-28,BR001,MED073,BAT013123,2028-09-05,Sahyadri Pharma Distributors,27,31.25
2025-09-28,BR001,MED097,BAT013100,2026-02-26,Chembur Pharma Depot,23,81.59
2025-09-28,BR001,MED205,BAT013103,2028-07-30,Western Drugs & Surgicals,1,37.25
2025-09-28,BR001,MED311,BAT013106,2028-02-27,Om Sai Medicorp,36,61.17
2025-09-28,BR001,MED445,BAT013108,2027-06-11,Mahalaxmi Pharma Agencies,1,92.18
2025-09-28,BR002,MED011,BAT013075,2028-04-15,Siddhivinayak Drug Agency,142,27.63
2025-09-28,BR002,MED012,BAT013093,2027-07-22,Om Sai Medicorp,107,72.82
2025-09-28,BR002,MED025,BAT013068,2028-06-21,Siddhivinayak Drug Agency,9,41.41
2025-09-28,BR002,MED027,BAT013095,2027-09-04,Siddhivinayak Drug Agency,1,147.8
2025-09-28,BR002,MED033,BAT013096,2027-06-24,Pioneer Healthcare Distributors,76,36.96
2025-09-28,BR002,MED034,BAT013079,2028-05-05,Dadar Wholesale Drugs,60,35.94
2025-09-28,BR002,MED205,BAT013103,2028-07-30,Western Drugs & Surgicals,1,37.25
2025-09-28,BR002,MED445,BAT013108,2027-06-11,Mahalaxmi Pharma Agencies,1,92.18
2025-09-28,BR003,MED015,BAT013094,2026-10-30,Western Drugs & Surgicals,29,89.9
2025-09-28,BR003,MED025,BAT013068,2028-06-21,Siddhivinayak Drug Agency,2,41.41
2025-09-28,BR003,MED027,BAT013095,2027-09-04,Siddhivinayak Drug Agency,1,147.8
2025-09-28,BR003,MED033,BAT013110,2027-02-02,Pioneer Healthcare Distributors,109,43.83
2025-09-28,BR003,MED035,BAT013098,2025-12-10,Sahyadri Pharma Distributors,23,14.93
2025-09-28,BR003,MED097,BAT013071,2027-06-27,Chembur Pharma Depot,19,82.48
2025-09-28,BR003,MED205,BAT013103,2028-07-30,Western Drugs & Surgicals,1,37.25
2025-09-28,BR003,MED343,BAT013117,2028-05-08,Sahyadri Pharma Distributors,22,122.22
2025-09-28,BR003,MED381,BAT013088,2027-04-10,Ulhasnagar Drug Centre,106,133.04
2025-09-28,BR003,MED445,BAT013108,2027-06-11,Mahalaxmi Pharma Agencies,1,92.18
2025-09-29,BR001,MED003,BAT013160,2027-09-06,Om Sai Medicorp,17,68.81
2025-09-29,BR001,MED015,BAT013132,2026-10-26,Kalyan Medical Stores,34,87.55
2025-09-29,BR001,MED019,BAT013142,2026-12-27,Mira Road Drug House,18,55.91
2025-09-29,BR001,MED067,BAT013163,2028-08-20,Sai Pharma Distributors,7,26.16
2025-09-29,BR001,MED130,BAT013137,2028-02-18,Goregaon Medi Wholesale,27,49.47
2025-09-29,BR001,MED278,BAT013156,2026-04-12,Arihant Pharma Traders,24,7.37
2025-09-29,BR001,MED334,BAT013157,2028-06-12,Sahyadri Pharma Distributors,6,113.58
2025-09-29,BR001,MED422,BAT013172,2027-09-02,Jai Hind Medical Agencies,7,121.91
2025-09-29,BR002,MED003,BAT013160,2027-09-06,Om Sai Medicorp,13,68.81
2025-09-29,BR002,MED007,BAT013136,2028-08-09,Malad Healthcare Supply,57,15.53
2025-09-29,BR002,MED067,BAT013163,2028-08-20,Sai Pharma Distributors,5,26.16
2025-09-29,BR002,MED334,BAT013157,2028-06-12,Sahyadri Pharma Distributors,13,113.58
2025-09-29,BR002,MED422,BAT013172,2027-09-02,Jai Hind Medical Agencies,5,121.91
2025-09-29,BR003,MED012,BAT013161,2027-03-26,Om Sai Medicorp,141,79.1
2025-09-29,BR003,MED067,BAT013163,2028-08-20,Sai Pharma Distributors,12,26.16
2025-09-29,BR003,MED319,BAT013169,2027-06-10,Navkar Pharma Agency,93,153.11
2025-09-29,BR003,MED334,BAT013157,2028-06-12,Sahyadri Pharma Distributors,6,113.58
2025-09-29,BR003,MED344,BAT013170,2028-06-11,Navkar Pharma Agency,45,47.32
2025-09-29,BR003,MED422,BAT013172,2027-09-02,Jai Hind Medical Agencies,6,121.91
2025-09-29,BR003,MED459,BAT013159,2027-02-16,Navkar Pharma Agency,68,33.38
2025-09-30,BR001,MED022,BAT013223,2027-06-11,Sahyadri Pharma Distributors,2,50.11
2025-09-30,BR001,MED025,BAT013188,2028-08-18,Siddhivinayak Drug Agency,2,41.83
2025-09-30,BR001,MED027,BAT013189,2025-11-21,Siddhivinayak Drug Agency,1,157.26
2025-09-30,BR001,MED030,BAT013179,2028-08-14,Malad Healthcare Supply,20,44.24
2025-09-30,BR001,MED039,BAT013224,2026-02-21,Konkan Healthcare Traders,43,48.1
2025-09-30,BR001,MED106,BAT013209,2027-06-08,Sai Pharma Distributors,1,189.12
2025-09-30,BR001,MED341,BAT013220,2028-05-27,Om Sai Medicorp,17,121.93
2025-09-30,BR001,MED477,BAT013205,2027-02-28,Deccan Drug House,6,140.69
2025-09-30,BR001,MED493,BAT013206,2028-05-05,Panvel Pharma Supplies,6,135.07
2025-09-30,BR002,MED022,BAT013223,2027-06-11,Sahyadri Pharma Distributors,2,50.11
2025-09-30,BR002,MED025,BAT013188,2028-08-18,Siddhivinayak Drug Agency,1,41.83
2025-09-30,BR002,MED027,BAT013189,2025-11-21,Siddhivinayak Drug Agency,12,157.26
2025-09-30,BR002,MED073,BAT013225,2028-07-25,Sai Pharma Distributors,17,28.65
2025-09-30,BR002,MED106,BAT013209,2027-06-08,Sai Pharma Distributors,10,189.12
2025-09-30,BR002,MED130,BAT013181,2028-05-14,Goregaon Medi Wholesale,20,46.01
2025-09-30,BR002,MED477,BAT013205,2027-02-28,Deccan Drug House,13,140.69
2025-09-30,BR002,MED493,BAT013206,2028-05-05,Panvel Pharma Supplies,5,135.07
2025-09-30,BR003,MED017,BAT013178,2027-09-13,Mira Road Drug House,44,20.02
2025-09-30,BR003,MED022,BAT013223,2027-06-11,Sahyadri Pharma Distributors,2,50.11
2025-09-30,BR003,MED025,BAT013188,2028-08-18,Siddhivinayak Drug Agency,2,41.83
2025-09-30,BR003,MED027,BAT013189,2025-11-21,Siddhivinayak Drug Agency,1,157.26
2025-09-30,BR003,MED106,BAT013209,2027-06-08,Sai Pharma Distributors,1,189.12
2025-09-30,BR003,MED241,BAT013226,2026-07-02,Konkan Healthcare Traders,40,18.35
2025-09-30,BR003,MED305,BAT013198,2025-12-23,Dadar Wholesale Drugs,53,72.14
2025-09-30,BR003,MED477,BAT013205,2027-02-28,Deccan Drug House,6,140.69
2025-09-30,BR003,MED493,BAT013206,2028-05-05,Panvel Pharma Supplies,6,135.07
2025-10-01,BR001,MED021,BAT013236,2028-06-23,Dadar Wholesale Drugs,19,23.77
2025-10-01,BR001,MED022,BAT013245,2027-03-15,Apex Pharma Wholesale,2,56.09
2025-10-01,BR001,MED093,BAT013239,2028-08-09,Bhiwandi Drug Depot,7,25.26
2025-10-01,BR001,MED098,BAT013249,2027-07-10,Bhiwandi Drug Depot,1,89.89
2025-10-01,BR001,MED150,BAT013251,2028-03-23,Maharashtra Pharma Link,6,18.35
2025-10-01,BR001,MED444,BAT013266,2027-08-25,Thane Medico Traders,1,94.95
2025-10-01,BR001,MED480,BAT013264,2026-01-22,Panvel Pharma Supplies,1,51.89
2025-10-01,BR002,MED022,BAT013245,2027-03-15,Apex Pharma Wholesale,1,56.09
2025-10-01,BR002,MED069,BAT013238,2026-03-16,Dadar Wholesale Drugs,14,23.29
2025-10-01,BR002,MED091,BAT013248,2028-06-14,Goregaon Medi Wholesale,32,20.1
2025-10-01,BR002,MED093,BAT013239,2028-08-09,Bhiwandi Drug Depot,5,25.26
2025-10-01,BR002,MED098,BAT013249,2027-07-10,Bhiwandi Drug Depot,13,89.89
2025-10-01,BR002,MED150,BAT013251,2028-03-23,Maharashtra Pharma Link,13,18.35
2025-10-01,BR002,MED257,BAT013254,2028-07-27,Om Sai Medicorp,29,29.56
2025-10-01,BR002,MED343,BAT013273,2028-05-01,Sahyadri Pharma Distributors,18,134.26
2025-10-01,BR002,MED444,BAT013266,2027-08-25,Thane Medico Traders,1,94.95
2025-10-01,BR002,MED480,BAT013264,2026-01-22,Panvel Pharma Supplies,1,51.89
2025-10-01,BR003,MED002,BAT013232,2028-02-17,Dadar Wholesale Drugs,16,28.45
2025-10-01,BR003,MED022,BAT013245,2027-03-15,Apex Pharma Wholesale,10,56.09
2025-10-01,BR003,MED043,BAT013267,2027-08-07,Vashi Pharma Hub,51,115.25
2025-10-01,BR003,MED093,BAT013239,2028-08-09,Bhiwandi Drug Depot,11,25.26
2025-10-01,BR003,MED098,BAT013249,2027-07-10,Bhiwandi Drug Depot,1,89.89
2025-10-01,BR003,MED130,BAT013250,2025-10-27,Goregaon Medi Wholesale,30,45.82
2025-10-01,BR003,MED150,BAT013251,2028-03-23,Maharashtra Pharma Link,6,18.35
2025-10-01,BR003,MED311,BAT013259,2028-02-03,Neelkanth Pharma Link,39,61.85
2025-10-01,BR003,MED444,BAT013266,2027-08-25,Thane Medico Traders,12,94.95
2025-10-01,BR003,MED480,BAT013264,2026-01-22,Panvel Pharma Supplies,1,51.89
2025-10-02,BR001,MED027,BAT013283,2027-05-23,Siddhivinayak Drug Agency,14,159.14
2025-10-02,BR001,MED027,BAT013299,2027-03-06,Siddhivinayak Drug Agency,1,138.57
2025-10-02,BR001,MED100,BAT013279,2026-03-09,Kalyan Medical Stores,7,83.4
2025-10-02,BR001,MED186,BAT013291,2028-07-08,Bhiwandi Drug Depot,26,150.25
2025-10-02,BR001,MED343,BAT013316,2028-03-09,Sahyadri Pharma Distributors,21,133.11
2025-10-02,BR002,MED027,BAT013283,2027-05-23,Siddhivinayak Drug Agency,1,159.14
2025-10-02,BR002,MED027,BAT013299,2027-03-06,Siddhivinayak Drug Agency,1,138.57
2025-10-02,BR002,MED040,BAT013278,2027-07-15,Neelkanth Pharma Link,24,126.93
2025-10-02,BR002,MED100,BAT013279,2026-03-09,Kalyan Medical Stores,5,83.4
2025-10-02,BR002,MED241,BAT013313,2026-02-07,Konkan Healthcare Traders,31,17.24
2025-10-02,BR003,MED021,BAT013274,2028-08-21,Dadar Wholesale Drugs,18,25.59
2025-10-02,BR003,MED027,BAT013283,2027-05-23,Siddhivinayak Drug Agency,1,159.14
2025-10-02,BR003,MED027,BAT013299,2027-03-06,Siddhivinayak Drug Agency,1,138.57
2025-10-02,BR003,MED100,BAT013279,2026-03-09,Kalyan Medical Stores,6,83.4
2025-10-02,BR003,MED284,BAT013275,2027-09-11,Sahyadri Pharma Distributors,30,79.53
2025-10-03,BR001,MED002,BAT013320,2025-12-27,Dadar Wholesale Drugs,1,28.49
2025-10-03,BR001,MED009,BAT013350,2027-03-25,Konkan Healthcare Traders,82,55.76
2025-10-03,BR001,MED115,BAT013334,2027-09-09,Siddhivinayak Drug Agency,12,117.98
2025-10-03,BR001,MED152,BAT013326,2026-03-20,Malad Healthcare Supply,29,37.17
2025-10-03,BR001,MED204,BAT013337,2025-12-13,Panvel Pharma Supplies,6,133.48
2025-10-03,BR001,MED241,BAT013363,2026-01-20,Konkan Healthcare Traders,40,19.04
2025-10-03,BR001,MED341,BAT013358,2028-06-08,Om Sai Medicorp,1,148.14
2025-10-03,BR001,MED459,BAT013349,2026-02-25,Deccan Drug House,68,32.6
2025-10-03,BR002,MED002,BAT013320,2025-12-27,Dadar Wholesale Drugs,1,28.49
2025-10-03,BR002,MED115,BAT013334,2027-09-09,Siddhivinayak Drug Agency,5,117.98
2025-10-03,BR002,MED204,BAT013337,2025-12-13,Panvel Pharma Supplies,11,133.48
2025-10-03,BR002,MED319,BAT013318,2027-07-26,Navkar Pharma Agency,74,150.38
2025-10-03,BR002,MED341,BAT013358,2028-06-08,Om Sai Medicorp,11,148.14
2025-10-03,BR003,MED002,BAT013320,2025-12-27,Dadar Wholesale Drugs,1,28.49
2025-10-03,BR003,MED115,BAT013334,2027-09-09,Siddhivinayak Drug Agency,6,117.98
2025-10-03,BR003,MED204,BAT013337,2025-12-13,Panvel Pharma Supplies,6,133.48
2025-10-03,BR003,MED269,BAT013328,2028-02-27,Dadar Wholesale Drugs,119,31.41
2025-10-03,BR003,MED299,BAT013339,2028-02-17,Bombay Medi Supply,111,69.15
2025-10-03,BR003,MED341,BAT013358,2028-06-08,Om Sai Medicorp,1,148.14
2025-10-04,BR001,MED024,BAT013380,2027-06-11,Bhiwandi Drug Depot,26,76.3
2025-10-04,BR001,MED038,BAT013381,2028-08-01,Arihant Pharma Traders,1,61.81
2025-10-04,BR001,MED196,BAT013365,2028-07-26,Mira Road Drug House,7,52.69
2025-10-04,BR001,MED463,BAT013402,2027-04-26,Thane Medico Traders,14,20.96
2025-10-04,BR001,MED467,BAT013395,2026-02-21,Apex Pharma Wholesale,6,27.04
2025-10-04,BR001,MED488,BAT013378,2025-12-06,Dadar Wholesale Drugs,6,117.68
2025-10-04,BR002,MED014,BAT013397,2026-03-30,Jai Hind Medical Agencies,50,114.49
2025-10-04,BR002,MED038,BAT013381,2028-08-01,Arihant Pharma Traders,12,61.81
2025-10-04,BR002,MED196,BAT013365,2028-07-26,Mira Road Drug House,5,52.69
2025-10-04,BR002,MED234,BAT013399,2028-05-07,Arihant Pharma Traders,19,43.19
2025-10-04,BR002,MED344,BAT013389,2028-08-25,Navkar Pharma Agency,33,48.78
2025-10-04,BR002,MED463,BAT013402,2027-04-26,Thane Medico Traders,1,20.96
2025-10-04,BR002,MED467,BAT013395,2026-02-21,Apex Pharma Wholesale,12,27.04
2025-10-04,BR002,MED488,BAT013378,2025-12-06,Dadar Wholesale Drugs,12,117.68
2025-10-04,BR003,MED003,BAT013396,2027-07-22,Om Sai Medicorp,14,64.02
2025-10-04,BR003,MED038,BAT013381,2028-08-01,Arihant Pharma Traders,1,61.81
2025-10-04,BR003,MED073,BAT013398,2028-02-07,Sai Pharma Distributors,25,30.04
2025-10-04,BR003,MED082,BAT013367,2028-03-17,Bhiwandi Drug Depot,46,54.31
2025-10-04,BR003,MED091,BAT013364,2028-05-08,Goregaon Medi Wholesale,39,21.25
2025-10-04,BR003,MED196,BAT013365,2028-07-26,Mira Road Drug House,11,52.69
2025-10-04,BR003,MED463,BAT013402,2027-04-26,Thane Medico Traders,1,20.96
2025-10-04,BR003,MED467,BAT013395,2026-02-21,Apex Pharma Wholesale,6,27.04
2025-10-04,BR003,MED488,BAT013378,2025-12-06,Dadar Wholesale Drugs,6,117.68
2025-10-05,BR001,MED013,BAT013411,2028-02-09,Ulhasnagar Drug Centre,55,25.79
2025-10-05,BR001,MED022,BAT013439,2027-06-07,Sahyadri Pharma Distributors,9,52.12
2025-10-05,BR001,MED063,BAT013440,2026-04-14,Konkan Healthcare Traders,18,29.36
2025-10-05,BR001,MED214,BAT013431,2027-07-18,Sahyadri Pharma Distributors,7,37.45
2025-10-05,BR001,MED405,BAT013404,2028-09-17,Arihant Pharma Traders,4,324.38
2025-10-05,BR002,MED001,BAT013416,2028-06-30,Goregaon Medi Wholesale,58,18.09
2025-10-05,BR002,MED009,BAT013447,2027-04-28,Konkan Healthcare Traders,70,56.23
2025-10-05,BR002,MED013,BAT013411,2028-02-09,Ulhasnagar Drug Centre,53,25.79
2025-10-05,BR002,MED015,BAT013417,2026-01-16,Western Drugs & Surgicals,22,88.81
2025-10-05,BR002,MED022,BAT013439,2027-06-07,Sahyadri Pharma Distributors,2,52.12
2025-10-05,BR002,MED159,BAT013421,2026-06-20,Malad Healthcare Supply,15,50.07
2025-10-05,BR002,MED214,BAT013431,2027-07-18,Sahyadri Pharma Distributors,5,37.45
2025-10-05,BR002,MED405,BAT013404,2028-09-17,Arihant Pharma Traders,11,324.38
2025-10-05,BR002,MED459,BAT013429,2027-05-12,Deccan Drug House,49,35.41
2025-10-05,BR003,MED022,BAT013439,2027-06-07,Sahyadri Pharma Distributors,2,52.12
2025-10-05,BR003,MED063,BAT013406,2026-02-22,Lifeline Medico Distributors,19,25.55
2025-10-05,BR003,MED214,BAT013431,2027-07-18,Sahyadri Pharma Distributors,7,37.45
2025-10-05,BR003,MED405,BAT013404,2028-09-17,Arihant Pharma Traders,4,324.38
2025-10-06,BR001,MED007,BAT013463,2028-02-09,Apex Pharma Wholesale,71,15.96
2025-10-06,BR001,MED020,BAT013502,2027-03-01,Vashi Pharma Hub,5,107.59
2025-10-06,BR001,MED091,BAT013481,2028-08-17,Goregaon Medi Wholesale,42,21.99
2025-10-06,BR001,MED155,BAT013451,2025-11-23,Lifeline Medico Distributors,1,35.1
2025-10-06,BR001,MED262,BAT013505,2028-07-18,Arihant Pharma Traders,6,36.99
2025-10-06,BR001,MED319,BAT013494,2027-03-11,Navkar Pharma Agency,90,148.98
2025-10-06,BR001,MED411,BAT013462,2026-12-16,Siddhivinayak Drug Agency,1,96.58
2025-10-06,BR001,MED421,BAT013472,2025-11-03,Western Drugs & Surgicals,16,149.81
2025-10-06,BR001,MED444,BAT013508,2027-07-30,Thane Medico Traders,14,97.28
2025-10-06,BR001,MED470,BAT013500,2027-05-07,Navkar Pharma Agency,1,28.58
2025-10-06,BR001,MED483,BAT013474,2026-08-15,Lifeline Medico Distributors,1,60.01
2025-10-06,BR002,MED020,BAT013502,2027-03-01,Vashi Pharma Hub,15,107.59
2025-10-06,BR002,MED031,BAT013503,2027-06-27,Thane Medico Traders,25,162.95
2025-10-06,BR002,MED043,BAT013476,2027-09-15,Vashi Pharma Hub,46,111.55
2025-10-06,BR002,MED082,BAT013479,2028-05-26,Om Sai Medicorp,35,58.64
2025-10-06,BR002,MED155,BAT013451,2025-11-23,Lifeline Medico Distributors,1,35.1
2025-10-06,BR002,MED262,BAT013505,2028-07-18,Arihant Pharma Traders,5,36.99
2025-10-06,BR002,MED411,BAT013462,2026-12-16,Siddhivinayak Drug Agency,1,96.58
2025-10-06,BR002,MED421,BAT013472,2025-11-03,Western Drugs & Surgicals,4,149.81
2025-10-06,BR002,MED444,BAT013508,2027-07-30,Thane Medico Traders,1,97.28
2025-10-06,BR002,MED470,BAT013500,2027-05-07,Navkar Pharma Agency,13,28.58
2025-10-06,BR002,MED483,BAT013474,2026-08-15,Lifeline Medico Distributors,1,60.01
2025-10-06,BR003,MED020,BAT013502,2027-03-01,Vashi Pharma Hub,5,107.59
2025-10-06,BR003,MED040,BAT013475,2027-09-22,Pioneer Healthcare Distributors,26,131.57
2025-10-06,BR003,MED097,BAT013482,2027-06-03,Bhiwandi Drug Depot,19,98.04
2025-10-06,BR003,MED155,BAT013451,2025-11-23,Lifeline Medico Distributors,1,35.1
2025-10-06,BR003,MED234,BAT013490,2028-07-03,Arihant Pharma Traders,25,42.04
2025-10-06,BR003,MED262,BAT013505,2028-07-18,Arihant Pharma Traders,5,36.99
2025-10-06,BR003,MED411,BAT013462,2026-12-16,Siddhivinayak Drug Agency,1,96.58
2025-10-06,BR003,MED421,BAT013472,2025-11-03,Western Drugs & Surgicals,5,149.81
2025-10-06,BR003,MED444,BAT013508,2027-07-30,Thane Medico Traders,1,97.28
2025-10-06,BR003,MED470,BAT013500,2027-05-07,Navkar Pharma Agency,1,28.58
2025-10-06,BR003,MED483,BAT013474,2026-08-15,Lifeline Medico Distributors,11,60.01
2025-10-07,BR001,MED004,BAT013517,2026-01-31,Bhiwandi Drug Depot,12,90.29
2025-10-07,BR001,MED030,BAT013518,2028-04-04,Malad Healthcare Supply,1,44.58
2025-10-07,BR001,MED038,BAT013562,2028-07-10,Arihant Pharma Traders,1,59.37
2025-10-07,BR001,MED205,BAT013544,2028-09-20,Arihant Pharma Traders,1,38.64
2025-10-07,BR001,MED229,BAT013546,2028-05-03,Pioneer Healthcare Distributors,6,40.77
2025-10-07,BR001,MED234,BAT013566,2028-02-11,Konkan Healthcare Traders,25,44.75
2025-10-07,BR001,MED269,BAT013529,2026-01-10,Dadar Wholesale Drugs,118,35.29
2025-10-07,BR001,MED280,BAT013551,2028-08-13,Navkar Pharma Agency,21,6.87
2025-10-07,BR001,MED284,BAT013552,2027-05-01,Sahyadri Pharma Distributors,36,83.89
2025-10-07,BR001,MED440,BAT013537,2025-10-28,Maharashtra Pharma Link,6,123.1
2025-10-07,BR001,MED443,BAT013538,2027-08-07,Ulhasnagar Drug Centre,25,90.85
2025-10-07,BR001,MED444,BAT013568,2027-03-20,Thane Medico Traders,1,95.41
2025-10-07,BR002,MED004,BAT013517,2026-01-31,Bhiwandi Drug Depot,1,90.29
2025-10-07,BR002,MED030,BAT013518,2028-04-04,Malad Healthcare Supply,1,44.58
2025-10-07,BR002,MED038,BAT013562,2028-07-10,Arihant Pharma Traders,1,59.37
2025-10-07,BR002,MED097,BAT013542,2027-07-26,Chembur Pharma Depot,18,79.82
2025-10-07,BR002,MED205,BAT013544,2028-09-20,Arihant Pharma Traders,11,38.64
2025-10-07,BR002,MED229,BAT013546,2028-05-03,Pioneer Healthcare Distributors,4,40.77
2025-10-07,BR002,MED311,BAT013511,2028-07-22,Neelkanth Pharma Link,29,66.25
2025-10-07,BR002,MED440,BAT013537,2025-10-28,Maharashtra Pharma Link,4,123.1
2025-10-07,BR002,MED444,BAT013568,2027-03-20,Thane Medico Traders,1,95.41
2025-10-07,BR003,MED004,BAT013517,2026-01-31,Bhiwandi Drug Depot,1,90.29
2025-10-07,BR003,MED030,BAT013518,2028-04-04,Malad Healthcare Supply,1,44.58
2025-10-07,BR003,MED038,BAT013562,2028-07-10,Arihant Pharma Traders,1,59.37
2025-10-07,BR003,MED205,BAT013544,2028-09-20,Arihant Pharma Traders,1,38.64
2025-10-07,BR003,MED229,BAT013546,2028-05-03,Pioneer Healthcare Distributors,6,40.77
2025-10-07,BR003,MED280,BAT013551,2028-08-13,Navkar Pharma Agency,25,6.87
2025-10-07,BR003,MED440,BAT013537,2025-10-28,Maharashtra Pharma Link,6,123.1
2025-10-07,BR003,MED444,BAT013568,2027-03-20,Thane Medico Traders,1,95.41
2025-10-07,BR003,MED445,BAT013559,2027-08-16,Navkar Pharma Agency,20,87.1
2025-10-08,BR001,MED001,BAT013608,2028-05-18,Apex Pharma Wholesale,75,20.64
2025-10-08,BR001,MED043,BAT013607,2026-02-05,Shree Ganesh Medico,46,116.42
2025-10-08,BR001,MED120,BAT013594,2027-05-14,Om Sai Medicorp,6,82.53
2025-10-08,BR001,MED155,BAT013572,2026-05-19,Lifeline Medico Distributors,16,32.03
2025-10-08,BR001,MED344,BAT013604,2028-07-26,Navkar Pharma Agency,46,55.98
2025-10-08,BR001,MED381,BAT013588,2027-02-18,Ulhasnagar Drug Centre,127,132.93
2025-10-08,BR001,MED470,BAT013614,2027-05-31,Navkar Pharma Agency,16,25.22
2025-10-08,BR001,MED490,BAT013578,2025-12-20,Mira Road Drug House,1,39.81
2025-10-08,BR002,MED120,BAT013594,2027-05-14,Om Sai Medicorp,4,82.53
2025-10-08,BR002,MED142,BAT013583,2028-02-28,Lifeline Medico Distributors,34,39.34
2025-10-08,BR002,MED173,BAT013598,2028-05-03,Shree Ganesh Medico,83,16.05
2025-10-08,BR002,MED269,BAT013571,2028-04-23,Dadar Wholesale Drugs,96,35.08
2025-10-08,BR002,MED490,BAT013578,2025-12-20,Mira Road Drug House,1,39.81
2025-10-08,BR003,MED005,BAT013574,2028-09-16,Mira Road Drug House,77,20.96
2025-10-08,BR003,MED120,BAT013594,2027-05-14,Om Sai Medicorp,15,82.53
2025-10-08,BR003,MED155,BAT013572,2026-05-19,Lifeline Medico Distributors,17,32.03
2025-10-08,BR003,MED490,BAT013578,2025-12-20,Mira Road Drug House,1,39.81
2025-10-09,BR001,MED011,BAT013636,2028-04-30,Siddhivinayak Drug Agency,163,25.33
2025-10-09,BR001,MED023,BAT013641,2028-05-22,Pioneer Healthcare Distributors,11,54.42
2025-10-09,BR001,MED040,BAT013621,2027-04-19,Neelkanth Pharma Link,33,116.27
2025-10-09,BR001,MED155,BAT013625,2026-06-10,Lifeline Medico Distributors,17,30.05
2025-10-09,BR001,MED299,BAT013629,2028-08-21,Bombay Medi Supply,125,71.92
2025-10-09,BR001,MED336,BAT013651,2028-08-13,Arihant Pharma Traders,13,137.45
2025-10-09,BR001,MED405,BAT013653,2028-03-23,Arihant Pharma Traders,6,389.72
2025-10-09,BR002,MED023,BAT013641,2028-05-22,Pioneer Healthcare Distributors,5,54.42
2025-10-09,BR002,MED155,BAT013625,2026-06-10,Lifeline Medico Distributors,16,30.05
2025-10-09,BR002,MED283,BAT013628,2026-02-14,Dadar Wholesale Drugs,36,78.57
2025-10-09,BR002,MED299,BAT013629,2028-08-21,Bombay Medi Supply,106,71.92
2025-10-09,BR002,MED336,BAT013651,2028-08-13,Arihant Pharma Traders,5,137.45
2025-10-09,BR002,MED405,BAT013653,2028-03-23,Arihant Pharma Traders,5,389.72
2025-10-09,BR003,MED009,BAT013640,2027-02-17,Konkan Healthcare Traders,85,58.02
2025-10-09,BR003,MED023,BAT013641,2028-05-22,Pioneer Healthcare Distributors,7,54.42
2025-10-09,BR003,MED034,BAT013642,2028-08-12,Konkan Healthcare Traders,78,36.01
2025-10-09,BR003,MED336,BAT013651,2028-08-13,Arihant Pharma Traders,6,137.45
2025-10-09,BR003,MED405,BAT013653,2028-03-23,Arihant Pharma Traders,15,389.72
2025-10-09,BR003,MED459,BAT013654,2026-03-08,Navkar Pharma Agency,66,32.67
2025-10-10,BR001,MED097,BAT013680,2026-04-14,Chembur Pharma Depot,19,80.91
2025-10-10,BR001,MED457,BAT013665,2026-02-24,Panvel Pharma Supplies,7,34.83
2025-10-10,BR002,MED017,BAT013657,2025-12-27,Mira Road Drug House,37,21.71
2025-10-10,BR002,MED019,BAT013661,2026-03-17,Lifeline Medico Distributors,15,58.38
2025-10-10,BR002,MED457,BAT013665,2026-02-24,Panvel Pharma Supplies,9,34.83
2025-10-10,BR003,MED013,BAT013669,2028-04-17,Ulhasnagar Drug Centre,63,24.19
2025-10-10,BR003,MED457,BAT013665,2026-02-24,Panvel Pharma Supplies,7,34.83
2025-10-11,BR001,MED010,BAT013720,2028-08-14,Vasai Virar Medico,15,40.16
2025-10-11,BR001,MED451,BAT013707,2027-07-19,Navkar Pharma Agency,6,52.44
2025-10-11,BR001,MED470,BAT013719,2027-09-21,Navkar Pharma Agency,1,28.02
2025-10-11,BR001,MED490,BAT013692,2027-07-23,Lifeline Medico Distributors,1,40.49
2025-10-11,BR002,MED010,BAT013720,2028-08-14,Vasai Virar Medico,4,40.16
2025-10-11,BR002,MED451,BAT013707,2027-07-19,Navkar Pharma Agency,11,52.44
2025-10-11,BR002,MED470,BAT013719,2027-09-21,Navkar Pharma Agency,1,28.02
2025-10-11,BR002,MED490,BAT013692,2027-07-23,Lifeline Medico Distributors,1,40.49
2025-10-11,BR003,MED001,BAT013708,2028-09-08,Apex Pharma Wholesale,80,18.44
2025-10-11,BR003,MED010,BAT013720,2028-08-14,Vasai Virar Medico,5,40.16
2025-10-11,BR003,MED014,BAT013709,2026-03-21,Jai Hind Medical Agencies,60,98.3
2025-10-11,BR003,MED015,BAT013710,2026-02-05,Western Drugs & Surgicals,31,87.07
2025-10-11,BR003,MED278,BAT013714,2028-05-29,Arihant Pharma Traders,23,6.45
2025-10-11,BR003,MED319,BAT013725,2027-04-06,Navkar Pharma Agency,83,145.19
2025-10-11,BR003,MED451,BAT013707,2027-07-19,Navkar Pharma Agency,6,52.44
2025-10-11,BR003,MED470,BAT013719,2027-09-21,Navkar Pharma Agency,1,28.02
2025-10-11,BR003,MED490,BAT013692,2027-07-23,Lifeline Medico Distributors,14,40.49
2025-10-12,BR001,MED022,BAT013749,2027-09-23,Apex Pharma Wholesale,2,54.82
2025-10-12,BR001,MED027,BAT013762,2027-08-10,Siddhivinayak Drug Agency,1,141.79
2025-10-12,BR001,MED082,BAT013751,2028-03-21,Om Sai Medicorp,40,62.73
2025-10-12,BR001,MED173,BAT013754,2028-07-31,Shree Ganesh Medico,94,18.61
2025-10-12,BR001,MED371,BAT013759,2028-05-25,Navkar Pharma Agency,7,165.7
2025-10-12,BR002,MED022,BAT013749,2027-09-23,Apex Pharma Wholesale,2,54.82
2025-10-12,BR002,MED027,BAT013762,2027-08-10,Siddhivinayak Drug Agency,1,141.79
2025-10-12,BR002,MED033,BAT013763,2027-04-20,Pioneer Healthcare Distributors,78,40.68
2025-10-12,BR002,MED063,BAT013742,2028-07-19,Lifeline Medico Distributors,14,26.32
2025-10-12,BR002,MED305,BAT013757,2028-09-12,Dadar Wholesale Drugs,45,80.93
2025-10-12,BR002,MED371,BAT013759,2028-05-25,Navkar Pharma Agency,10,165.7
2025-10-12,BR002,MED381,BAT013739,2027-08-24,Neelkanth Pharma Link,101,123.41
2025-10-12,BR002,MED443,BAT013747,2027-05-15,Ulhasnagar Drug Centre,17,86.75
2025-10-12,BR003,MED022,BAT013749,2027-09-23,Apex Pharma Wholesale,2,54.82
2025-10-12,BR003,MED027,BAT013762,2027-08-10,Siddhivinayak Drug Agency,13,141.79
2025-10-12,BR003,MED043,BAT013775,2027-07-11,Navkar Pharma Agency,54,119.98
2025-10-12,BR003,MED257,BAT013767,2028-02-17,Siddhivinayak Drug Agency,29,27.27
2025-10-12,BR003,MED284,BAT013768,2027-03-31,Siddhivinayak Drug Agency,32,88.0
2025-10-12,BR003,MED341,BAT013758,2028-05-21,Om Sai Medicorp,16,122.16
2025-10-12,BR003,MED371,BAT013759,2028-05-25,Navkar Pharma Agency,7,165.7
2025-10-13,BR001,MED004,BAT013810,2027-05-14,Chembur Pharma Depot,2,94.42
2025-10-13,BR001,MED005,BAT013790,2025-11-07,Mira Road Drug House,77,22.55
2025-10-13,BR001,MED033,BAT013827,2027-04-20,Pioneer Healthcare Distributors,108,37.74
2025-10-13,BR001,MED035,BAT013798,2026-05-31,Vasai Virar Medico,20,14.08
2025-10-13,BR001,MED071,BAT013812,2028-02-18,Sahyadri Pharma Distributors,6,21.44
2025-10-13,BR001,MED205,BAT013802,2028-03-12,Arihant Pharma Traders,1,35.91
2025-10-13,BR001,MED247,BAT013816,2027-04-12,Konkan Healthcare Traders,25,49.08
2025-10-13,BR002,MED004,BAT013810,2027-05-14,Chembur Pharma Depot,1,94.42
2025-10-13,BR002,MED039,BAT013785,2028-03-25,Konkan Healthcare Traders,36,56.45
2025-10-13,BR002,MED071,BAT013812,2028-02-18,Sahyadri Pharma Distributors,5,21.44
2025-10-13,BR002,MED205,BAT013802,2028-03-12,Arihant Pharma Traders,12,35.91
2025-10-13,BR002,MED445,BAT013824,2027-08-03,Navkar Pharma Agency,16,80.49
2025-10-13,BR003,MED004,BAT013810,2027-05-14,Chembur Pharma Depot,2,94.42
2025-10-13,BR003,MED007,BAT013791,2028-05-06,Malad Healthcare Supply,70,18.47
2025-10-13,BR003,MED071,BAT013812,2028-02-18,Sahyadri Pharma Distributors,6,21.44
2025-10-13,BR003,MED159,BAT013792,2026-07-05,Ulhasnagar Drug Centre,18,45.86
2025-10-13,BR003,MED205,BAT013802,2028-03-12,Arihant Pharma Traders,1,35.91
2025-10-13,BR003,MED343,BAT013834,2028-06-04,Sahyadri Pharma Distributors,26,124.28
2025-10-14,BR001,MED015,BAT013854,2026-12-15,Western Drugs & Surgicals,38,89.01
2025-10-14,BR001,MED069,BAT013858,2028-04-18,Dadar Wholesale Drugs,19,20.67
2025-10-14,BR001,MED142,BAT013842,2028-03-13,Bombay Medi Supply,42,45.07
2025-10-14,BR001,MED156,BAT013849,2026-09-05,Mira Road Drug House,6,33.57
2025-10-14,BR001,MED480,BAT013853,2028-05-21,Panvel Pharma Supplies,13,56.57
2025-10-14,BR002,MED005,BAT013844,2028-04-19,Mira Road Drug House,61,20.55
2025-10-14,BR002,MED007,BAT013845,2026-04-09,Lifeline Medico Distributors,55,17.28
2025-10-14,BR002,MED069,BAT013858,2028-04-18,Dadar Wholesale Drugs,14,20.67
2025-10-14,BR002,MED156,BAT013849,2026-09-05,Mira Road Drug House,4,33.57
2025-10-14,BR002,MED480,BAT013853,2028-05-21,Panvel Pharma Supplies,1,56.57
2025-10-14,BR003,MED069,BAT013858,2028-04-18,Dadar Wholesale Drugs,20,20.67
2025-10-14,BR003,MED142,BAT013842,2028-03-13,Bombay Medi Supply,40,45.07
2025-10-14,BR003,MED156,BAT013849,2026-09-05,Mira Road Drug House,6,33.57
2025-10-14,BR003,MED311,BAT013861,2028-02-21,Om Sai Medicorp,36,64.65
2025-10-14,BR003,MED480,BAT013853,2028-05-21,Panvel Pharma Supplies,1,56.57
2025-10-15,BR001,MED024,BAT013903,2027-08-31,Bhiwandi Drug Depot,27,74.47
2025-10-15,BR001,MED025,BAT013893,2028-08-16,Siddhivinayak Drug Agency,2,45.41
2025-10-15,BR001,MED030,BAT013886,2028-09-13,Malad Healthcare Supply,1,44.61
2025-10-15,BR001,MED036,BAT013933,2028-09-22,Konkan Healthcare Traders,7,22.93
2025-10-15,BR001,MED038,BAT013894,2028-05-19,Neelkanth Pharma Link,1,69.86
2025-10-15,BR001,MED043,BAT013934,2027-06-07,Vashi Pharma Hub,56,121.28
2025-10-15,BR001,MED130,BAT013909,2028-06-20,Kalyan Medical Stores,31,51.54
2025-10-15,BR001,MED188,BAT013888,2025-11-20,Panvel Pharma Supplies,7,160.74
2025-10-15,BR001,MED341,BAT013918,2028-07-13,Om Sai Medicorp,1,130.5
2025-10-15,BR001,MED417,BAT013927,2027-07-06,Vashi Pharma Hub,6,73.55
2025-10-15,BR001,MED459,BAT013928,2027-05-05,Navkar Pharma Agency,76,32.4
2025-10-15,BR001,MED464,BAT013940,2027-06-07,Mahalaxmi Pharma Agencies,7,19.32
2025-10-15,BR002,MED025,BAT013893,2028-08-16,Siddhivinayak Drug Agency,2,45.41
2025-10-15,BR002,MED030,BAT013886,2028-09-13,Malad Healthcare Supply,13,44.61
2025-10-15,BR002,MED036,BAT013933,2028-09-22,Konkan Healthcare Traders,5,22.93
2025-10-15,BR002,MED038,BAT013894,2028-05-19,Neelkanth Pharma Link,1,69.86
2025-10-15,BR002,MED130,BAT013909,2028-06-20,Kalyan Medical Stores,22,51.54
2025-10-15,BR002,MED188,BAT013888,2025-11-20,Panvel Pharma Supplies,5,160.74
2025-10-15,BR002,MED280,BAT013915,2028-06-20,Navkar Pharma Agency,20,7.19
2025-10-15,BR002,MED319,BAT013916,2027-05-15,Navkar Pharma Agency,82,154.6
2025-10-15,BR002,MED341,BAT013918,2028-07-13,Om Sai Medicorp,13,130.5
2025-10-15,BR002,MED417,BAT013927,2027-07-06,Vashi Pharma Hub,10,73.55
2025-10-15,BR002,MED459,BAT013928,2027-05-05,Navkar Pharma Agency,60,32.4
2025-10-15,BR002,MED464,BAT013940,2027-06-07,Mahalaxmi Pharma Agencies,5,19.32
2025-10-15,BR003,MED025,BAT013893,2028-08-16,Siddhivinayak Drug Agency,2,45.41
2025-10-15,BR003,MED030,BAT013886,2028-09-13,Malad Healthcare Supply,1,44.61
2025-10-15,BR003,MED036,BAT013933,2028-09-22,Konkan Healthcare Traders,7,22.93
2025-10-15,BR003,MED038,BAT013894,2028-05-19,Neelkanth Pharma Link,14,69.86
2025-10-15,BR003,MED188,BAT013888,2025-11-20,Panvel Pharma Supplies,7,160.74
2025-10-15,BR003,MED283,BAT013889,2027-08-08,Neelkanth Pharma Link,37,85.73
2025-10-15,BR003,MED341,BAT013918,2028-07-13,Om Sai Medicorp,1,130.5
2025-10-15,BR003,MED381,BAT013899,2027-09-20,Neelkanth Pharma Link,120,125.83
2025-10-15,BR003,MED417,BAT013927,2027-07-06,Vashi Pharma Hub,11,73.55
2025-10-15,BR003,MED464,BAT013940,2027-06-07,Mahalaxmi Pharma Agencies,7,19.32
2025-10-16,BR001,MED017,BAT013946,2027-09-01,Navkar Pharma Agency,47,21.69
2025-10-16,BR001,MED018,BAT013977,2027-02-24,Thane Medico Traders,6,112.93
2025-10-16,BR001,MED073,BAT013970,2028-09-03,Goregaon Medi Wholesale,25,27.22
2025-10-16,BR001,MED444,BAT013975,2027-03-22,Thane Medico Traders,1,104.52
2025-10-16,BR001,MED490,BAT013969,2026-02-03,Mira Road Drug House,11,44.41
2025-10-16,BR002,MED018,BAT013977,2027-02-24,Thane Medico Traders,5,112.93
2025-10-16,BR002,MED186,BAT013971,2028-03-11,Bhiwandi Drug Depot,19,178.57
2025-10-16,BR002,MED344,BAT013973,2028-03-30,Navkar Pharma Agency,35,54.41
2025-10-16,BR002,MED444,BAT013975,2027-03-22,Thane Medico Traders,1,104.52
2025-10-16,BR002,MED490,BAT013969,2026-02-03,Mira Road Drug House,1,44.41
2025-10-16,BR003,MED018,BAT013977,2027-02-24,Thane Medico Traders,12,112.93
2025-10-16,BR003,MED247,BAT013979,2027-04-04,Vasai Virar Medico,23,52.98
2025-10-16,BR003,MED444,BAT013975,2027-03-22,Thane Medico Traders,13,104.52
2025-10-16,BR003,MED490,BAT013969,2026-02-03,Mira Road Drug House,1,44.41
2025-10-17,BR001,MED004,BAT013998,2027-07-17,Chembur Pharma Depot,1,86.74
2025-10-17,BR001,MED012,BAT013986,2027-04-19,Om Sai Medicorp,131,72.97
2025-10-17,BR001,MED019,BAT013988,2026-11-20,Mira Road Drug House,20,55.3
2025-10-17,BR001,MED027,BAT014015,2027-08-11,Siddhivinayak Drug Agency,2,139.52
2025-10-17,BR001,MED092,BAT014018,2028-04-23,Apex Pharma Wholesale,6,19.86
2025-10-17,BR001,MED098,BAT013996,2027-04-05,Bhiwandi Drug Depot,1,91.48
2025-10-17,BR001,MED179,BAT013991,2028-07-29,Maharashtra Pharma Link,16,9.0
2025-10-17,BR001,MED311,BAT014008,2028-07-21,Neelkanth Pharma Link,34,67.77
2025-10-17,BR001,MED336,BAT014022,2028-03-26,Navkar Pharma Agency,7,125.27
2025-10-17,BR001,MED403,BAT014029,2028-03-17,Konkan Healthcare Traders,5,358.24
2025-10-17,BR001,MED445,BAT014023,2027-08-14,Navkar Pharma Agency,17,85.8
2025-10-17,BR002,MED004,BAT013998,2027-07-17,Chembur Pharma Depot,11,86.74
2025-10-17,BR002,MED027,BAT014015,2027-08-11,Siddhivinayak Drug Agency,1,139.52
2025-10-17,BR002,MED092,BAT014018,2028-04-23,Apex Pharma Wholesale,5,19.86
2025-10-17,BR002,MED098,BAT013996,2027-04-05,Bhiwandi Drug Depot,1,91.48
2025-10-17,BR002,MED179,BAT013991,2028-07-29,Maharashtra Pharma Link,4,9.0
2025-10-17,BR002,MED269,BAT013993,2028-08-18,Dadar Wholesale Drugs,107,32.65
2025-10-17,BR002,MED336,BAT014022,2028-03-26,Navkar Pharma Agency,11,125.27
2025-10-17,BR002,MED403,BAT014029,2028-03-17,Konkan Healthcare Traders,4,358.24
2025-10-17,BR003,MED004,BAT013998,2027-07-17,Chembur Pharma Depot,1,86.74
2025-10-17,BR003,MED011,BAT014014,2028-05-13,Siddhivinayak Drug Agency,174,25.93
2025-10-17,BR003,MED019,BAT013988,2026-11-20,Mira Road Drug House,20,55.3
2025-10-17,BR003,MED027,BAT014015,2027-08-11,Siddhivinayak Drug Agency,2,139.52
2025-10-17,BR003,MED092,BAT014018,2028-04-23,Apex Pharma Wholesale,7,19.86
2025-10-17,BR003,MED098,BAT013996,2027-04-05,Bhiwandi Drug Depot,14,91.48
2025-10-17,BR003,MED179,BAT013991,2028-07-29,Maharashtra Pharma Link,6,9.0
2025-10-17,BR003,MED336,BAT014022,2028-03-26,Navkar Pharma Agency,6,125.27
2025-10-17,BR003,MED403,BAT014029,2028-03-17,Konkan Healthcare Traders,5,358.24
2025-10-17,BR003,MED411,BAT014011,2027-01-10,Siddhivinayak Drug Agency,17,107.16
2025-10-17,BR003,MED443,BAT013995,2027-03-27,Ulhasnagar Drug Centre,26,97.69
2025-10-18,BR001,MED009,BAT014062,2027-04-22,Arihant Pharma Traders,81,56.36
2025-10-18,BR001,MED014,BAT014072,2028-03-17,Jai Hind Medical Agencies,69,99.42
2025-10-18,BR001,MED155,BAT014046,2026-07-08,Lifeline Medico Distributors,1,33.35
2025-10-18,BR001,MED269,BAT014058,2026-02-19,Sahyadri Pharma Distributors,106,36.2
2025-10-18,BR001,MED278,BAT014066,2025-12-05,Arihant Pharma Traders,23,7.22
2025-10-18,BR001,MED480,BAT014039,2028-06-09,Panvel Pharma Supplies,1,55.42
2025-10-18,BR001,MED481,BAT014070,2028-06-11,Mahalaxmi Pharma Agencies,6,54.96
2025-10-18,BR002,MED015,BAT014040,2026-03-21,Western Drugs & Surgicals,23,96.46
2025-10-18,BR002,MED091,BAT014043,2028-07-10,Goregaon Medi Wholesale,30,18.23
2025-10-18,BR002,MED155,BAT014046,2026-07-08,Lifeline Medico Distributors,12,33.35
2025-10-18,BR002,MED480,BAT014039,2028-06-09,Panvel Pharma Supplies,1,55.42
2025-10-18,BR002,MED481,BAT014070,2028-06-11,Mahalaxmi Pharma Agencies,5,54.96
2025-10-18,BR003,MED021,BAT014041,2026-05-03,Dadar Wholesale Drugs,19,25.62
2025-10-18,BR003,MED030,BAT014032,2028-04-09,Malad Healthcare Supply,14,46.14
2025-10-18,BR003,MED031,BAT014034,2026-03-03,Mira Road Drug House,30,125.74
2025-10-18,BR003,MED155,BAT014046,2026-07-08,Lifeline Medico Distributors,1,33.35
2025-10-18,BR003,MED205,BAT014056,2028-02-21,Arihant Pharma Traders,14,42.55
2025-10-18,BR003,MED470,BAT014030,2027-03-08,Navkar Pharma Agency,15,24.92
2025-10-18,BR003,MED480,BAT014039,2028-06-09,Panvel Pharma Supplies,13,55.42
2025-10-18,BR003,MED481,BAT014070,2028-06-11,Mahalaxmi Pharma Agencies,6,54.96
2025-10-19,BR001,MED334,BAT014096,2028-05-21,Sahyadri Pharma Distributors,6,121.58
2025-10-19,BR002,MED247,BAT014094,2027-08-04,Konkan Healthcare Traders,17,55.62
2025-10-19,BR002,MED334,BAT014096,2028-05-21,Sahyadri Pharma Distributors,5,121.58
2025-10-19,BR003,MED024,BAT014090,2027-05-01,Om Sai Medicorp,25,87.19
2025-10-19,BR003,MED334,BAT014096,2028-05-21,Sahyadri Pharma Distributors,6,121.58
2025-10-20,BR001,MED002,BAT014131,2028-03-27,Dadar Wholesale Drugs,1,32.42
2025-10-20,BR001,MED003,BAT014148,2027-08-30,Bhiwandi Drug Depot,1,76.05
2025-10-20,BR001,MED034,BAT014149,2028-08-18,Konkan Healthcare Traders,79,33.48
2025-10-20,BR001,MED055,BAT014122,2026-05-04,Mira Road Drug House,6,138.77
2025-10-20,BR001,MED248,BAT014118,2027-07-20,Pioneer Healthcare Distributors,11,55.3
2025-10-20,BR001,MED280,BAT014167,2028-04-09,Navkar Pharma Agency,24,7.48
2025-10-20,BR001,MED305,BAT014126,2028-04-26,Dadar Wholesale Drugs,53,78.64
2025-10-20,BR001,MED444,BAT014163,2027-03-16,Thane Medico Traders,1,89.4
2025-10-20,BR002,MED002,BAT014131,2028-03-27,Dadar Wholesale Drugs,12,32.42
2025-10-20,BR002,MED003,BAT014148,2027-08-30,Bhiwandi Drug Depot,1,76.05
2025-10-20,BR002,MED055,BAT014122,2026-05-04,Mira Road Drug House,11,138.77
2025-10-20,BR002,MED073,BAT014164,2028-06-23,Sai Pharma Distributors,20,26.73
2025-10-20,BR002,MED248,BAT014118,2027-07-20,Pioneer Healthcare Distributors,5,55.3
2025-10-20,BR002,MED444,BAT014163,2027-03-16,Thane Medico Traders,1,89.4
2025-10-20,BR003,MED002,BAT014131,2028-03-27,Dadar Wholesale Drugs,1,32.42
2025-10-20,BR003,MED003,BAT014148,2027-08-30,Bhiwandi Drug Depot,1,76.05
2025-10-20,BR003,MED055,BAT014122,2026-05-04,Mira Road Drug House,6,138.77
2025-10-20,BR003,MED073,BAT014164,2028-06-23,Sai Pharma Distributors,30,26.73
2025-10-20,BR003,MED248,BAT014118,2027-07-20,Pioneer Healthcare Distributors,7,55.3
2025-10-20,BR003,MED444,BAT014163,2027-03-16,Thane Medico Traders,1,89.4
2025-10-21,BR001,MED026,BAT014200,2027-09-12,Goregaon Medi Wholesale,5,53.1
2025-10-21,BR001,MED031,BAT014181,2027-06-26,Western Drugs & Surgicals,32,130.15
2025-10-21,BR001,MED159,BAT014175,2026-06-29,Ulhasnagar Drug Centre,21,41.36
2025-10-21,BR001,MED241,BAT014208,2026-04-14,Konkan Healthcare Traders,41,16.67
2025-10-21,BR001,MED289,BAT014190,2026-02-18,Dadar Wholesale Drugs,7,90.1
2025-10-21,BR001,MED463,BAT014221,2027-07-08,Thane Medico Traders,14,21.99
2025-10-21,BR001,MED483,BAT014197,2027-02-26,Lifeline Medico Distributors,2,53.58
2025-10-21,BR002,MED026,BAT014200,2027-09-12,Goregaon Medi Wholesale,4,53.1
2025-10-21,BR002,MED040,BAT014201,2027-10-06,Pioneer Healthcare Distributors,24,119.85
2025-10-21,BR002,MED097,BAT014204,2027-02-27,Chembur Pharma Depot,19,95.76
2025-10-21,BR002,MED159,BAT014175,2026-06-29,Ulhasnagar Drug Centre,14,41.36
2025-10-21,BR002,MED289,BAT014190,2026-02-18,Dadar Wholesale Drugs,6,90.1
2025-10-21,BR002,MED343,BAT014215,2028-07-12,Sahyadri Pharma Distributors,21,139.33
2025-10-21,BR002,MED483,BAT014197,2027-02-26,Lifeline Medico Distributors,9,53.58
2025-10-21,BR003,MED015,BAT014199,2026-04-25,Jai Hind Medical Agencies,35,89.32
2025-10-21,BR003,MED026,BAT014200,2027-09-12,Goregaon Medi Wholesale,5,53.1
2025-10-21,BR003,MED033,BAT014182,2027-03-22,Pioneer Healthcare Distributors,99,42.3
2025-10-21,BR003,MED289,BAT014190,2026-02-18,Dadar Wholesale Drugs,7,90.1
2025-10-21,BR003,MED299,BAT014177,2028-07-29,Bombay Medi Supply,107,74.25
2025-10-21,BR003,MED483,BAT014197,2027-02-26,Lifeline Medico Distributors,2,53.58
2025-10-22,BR001,MED025,BAT014254,2028-04-12,Deccan Drug House,12,42.51
2025-10-22,BR001,MED097,BAT014245,2027-06-14,Deccan Drug House,19,92.96
2025-10-22,BR001,MED098,BAT014246,2027-03-28,Bhiwandi Drug Depot,18,91.11
2025-10-22,BR001,MED103,BAT014257,2027-09-11,Om Sai Medicorp,13,139.46
2025-10-22,BR001,MED312,BAT014285,2028-03-18,Arihant Pharma Traders,12,61.61
2025-10-22,BR001,MED319,BAT014262,2027-07-12,Navkar Pharma Agency,107,146.34
2025-10-22,BR001,MED381,BAT014253,2027-02-24,Neelkanth Pharma Link,121,118.51
2025-10-22,BR002,MED001,BAT014273,2025-12-14,Apex Pharma Wholesale,51,18.92
2025-10-22,BR002,MED011,BAT014240,2028-07-16,Dadar Wholesale Drugs,164,25.8
2025-10-22,BR002,MED014,BAT014288,2028-03-11,Jai Hind Medical Agencies,51,111.04
2025-10-22,BR002,MED019,BAT014242,2026-03-20,Lifeline Medico Distributors,14,67.63
2025-10-22,BR002,MED025,BAT014254,2028-04-12,Deccan Drug House,1,42.51
2025-10-22,BR002,MED035,BAT014279,2026-03-07,Vasai Virar Medico,15,14.25
2025-10-22,BR002,MED043,BAT014255,2027-08-09,Vashi Pharma Hub,54,107.94
2025-10-22,BR002,MED103,BAT014257,2027-09-11,Om Sai Medicorp,5,139.46
2025-10-22,BR002,MED278,BAT014260,2028-09-14,Bombay Medi Supply,21,6.22
2025-10-22,BR002,MED312,BAT014285,2028-03-18,Arihant Pharma Traders,5,61.61
2025-10-22,BR003,MED025,BAT014254,2028-04-12,Deccan Drug House,1,42.51
2025-10-22,BR003,MED103,BAT014257,2027-09-11,Om Sai Medicorp,6,139.46
2025-10-22,BR003,MED155,BAT014231,2026-08-05,Lifeline Medico Distributors,16,36.2
2025-10-22,BR003,MED241,BAT014282,2026-06-21,Konkan Healthcare Traders,36,16.83
2025-10-22,BR003,MED312,BAT014285,2028-03-18,Arihant Pharma Traders,6,61.61
2025-10-23,BR001,MED007,BAT014327,2026-03-04,Apex Pharma Wholesale,74,16.22
2025-10-23,BR001,MED155,BAT014309,2026-02-05,Lifeline Medico Distributors,16,30.56
2025-10-23,BR001,MED283,BAT014315,2027-10-03,Neelkanth Pharma Link,44,79.17
2025-10-23,BR001,MED411,BAT014299,2027-01-07,Ulhasnagar Drug Centre,1,99.12
2025-10-23,BR001,MED455,BAT014317,2027-05-05,Deccan Drug House,7,65.46
2025-10-23,BR001,MED470,BAT014325,2027-09-05,Navkar Pharma Agency,15,26.35
2025-10-23,BR002,MED142,BAT014308,2028-07-21,Bombay Medi Supply,37,40.47
2025-10-23,BR002,MED411,BAT014299,2027-01-07,Ulhasnagar Drug Centre,1,99.12
2025-10-23,BR002,MED455,BAT014317,2027-05-05,Deccan Drug House,9,65.46
2025-10-23,BR003,MED063,BAT014302,2028-02-26,Chembur Pharma Depot,21,29.31
2025-10-23,BR003,MED091,BAT014305,2028-08-25,Goregaon Medi Wholesale,45,20.0
2025-10-23,BR003,MED269,BAT014294,2028-05-19,Dadar Wholesale Drugs,104,31.03
2025-10-23,BR003,MED411,BAT014299,2027-01-07,Ulhasnagar Drug Centre,1,99.12
2025-10-23,BR003,MED455,BAT014317,2027-05-05,Deccan Drug House,7,65.46
2025-10-23,BR003,MED470,BAT014325,2027-09-05,Navkar Pharma Agency,15,26.35
2025-10-24,BR001,MED021,BAT014338,2025-12-18,Dadar Wholesale Drugs,20,25.89
2025-10-24,BR001,MED044,BAT014381,2028-08-18,Jai Hind Medical Agencies,5,270.62
2025-10-24,BR001,MED069,BAT014351,2026-04-03,Chembur Pharma Depot,23,23.9
2025-10-24,BR001,MED082,BAT014377,2028-04-03,Om Sai Medicorp,41,64.44
2025-10-24,BR001,MED341,BAT014361,2028-04-25,Om Sai Medicorp,1,121.85
2025-10-24,BR001,MED411,BAT014365,2026-12-28,Ulhasnagar Drug Centre,19,110.56
2025-10-24,BR001,MED463,BAT014374,2027-04-30,Deccan Drug House,1,20.21
2025-10-24,BR002,MED044,BAT014381,2028-08-18,Jai Hind Medical Agencies,5,270.62
2025-10-24,BR002,MED341,BAT014361,2028-04-25,Om Sai Medicorp,1,121.85
2025-10-24,BR002,MED411,BAT014365,2026-12-28,Ulhasnagar Drug Centre,12,110.56
2025-10-24,BR002,MED463,BAT014374,2027-04-30,Deccan Drug House,1,20.21
2025-10-24,BR003,MED043,BAT014375,2027-10-01,Vashi Pharma Hub,52,111.17
2025-10-24,BR003,MED044,BAT014381,2028-08-18,Jai Hind Medical Agencies,16,270.62
2025-10-24,BR003,MED082,BAT014370,2028-07-23,Bhiwandi Drug Depot,44,59.03
2025-10-24,BR003,MED341,BAT014361,2028-04-25,Om Sai Medicorp,1,121.85
2025-10-24,BR003,MED463,BAT014374,2027-04-30,Deccan Drug House,14,20.21
2025-10-25,BR001,MED025,BAT014392,2028-09-01,Deccan Drug House,1,47.47
2025-10-25,BR001,MED040,BAT014401,2027-05-24,Pioneer Healthcare Distributors,28,130.64
2025-10-25,BR001,MED277,BAT014419,2028-10-05,Siddhivinayak Drug Agency,6,7.69
2025-10-25,BR001,MED444,BAT014430,2027-07-27,Thane Medico Traders,15,96.41
2025-10-25,BR001,MED445,BAT014431,2027-03-27,Navkar Pharma Agency,1,87.1
2025-10-25,BR001,MED467,BAT014432,2027-08-08,Vasai Virar Medico,16,26.78
2025-10-25,BR001,MED477,BAT014413,2027-01-23,Deccan Drug House,6,136.31
2025-10-25,BR001,MED490,BAT014414,2027-03-07,Lifeline Medico Distributors,1,40.22
2025-10-25,BR002,MED012,BAT014433,2027-03-29,Sahyadri Pharma Distributors,117,75.42
2025-10-25,BR002,MED025,BAT014392,2028-09-01,Deccan Drug House,1,47.47
2025-10-25,BR002,MED173,BAT014395,2028-08-07,Maharashtra Pharma Link,77,16.12
2025-10-25,BR002,MED277,BAT014419,2028-10-05,Siddhivinayak Drug Agency,5,7.69
2025-10-25,BR002,MED381,BAT014410,2027-09-30,Neelkanth Pharma Link,93,132.6
2025-10-25,BR002,MED445,BAT014431,2027-03-27,Navkar Pharma Agency,14,87.1
2025-10-25,BR002,MED467,BAT014432,2027-08-08,Vasai Virar Medico,4,26.78
2025-10-25,BR002,MED477,BAT014413,2027-01-23,Deccan Drug House,14,136.31
2025-10-25,BR002,MED490,BAT014414,2027-03-07,Lifeline Medico Distributors,1,40.22
2025-10-25,BR003,MED002,BAT014386,2028-04-22,Dadar Wholesale Drugs,16,30.1
2025-10-25,BR003,MED005,BAT014400,2028-03-16,Mira Road Drug House,72,23.51
2025-10-25,BR003,MED025,BAT014392,2028-09-01,Deccan Drug House,10,47.47
2025-10-25,BR003,MED039,BAT014415,2026-01-27,Konkan Healthcare Traders,40,48.17
2025-10-25,BR003,MED069,BAT014403,2028-10-10,Chembur Pharma Depot,20,24.98
2025-10-25,BR003,MED152,BAT014387,2026-10-02,Maharashtra Pharma Link,21,31.89
2025-10-25,BR003,MED186,BAT014389,2028-04-08,Mira Road Drug House,24,173.65
2025-10-25,BR003,MED277,BAT014419,2028-10-05,Siddhivinayak Drug Agency,5,7.69
2025-10-25,BR003,MED445,BAT014431,2027-03-27,Navkar Pharma Agency,1,87.1
2025-10-25,BR003,MED459,BAT014411,2027-07-23,Navkar Pharma Agency,70,31.4
2025-10-25,BR003,MED467,BAT014432,2027-08-08,Vasai Virar Medico,6,26.78
2025-10-25,BR003,MED477,BAT014413,2027-01-23,Deccan Drug House,6,136.31
2025-10-25,BR003,MED490,BAT014414,2027-03-07,Lifeline Medico Distributors,1,40.22
2025-10-26,BR001,MED001,BAT014466,2028-03-11,Sai Pharma Distributors,81,19.22
2025-10-26,BR001,MED013,BAT014442,2028-08-22,Ulhasnagar Drug Centre,61,25.29
2025-10-26,BR001,MED027,BAT014456,2027-08-24,Siddhivinayak Drug Agency,11,143.3
2025-10-26,BR001,MED029,BAT014438,2026-09-27,Ulhasnagar Drug Centre,6,25.81
2025-10-26,BR001,MED440,BAT014445,2027-04-07,Maharashtra Pharma Link,17,121.24
2025-10-26,BR001,MED480,BAT014447,2028-03-20,Panvel Pharma Supplies,1,50.0
2025-10-26,BR002,MED013,BAT014442,2028-08-22,Ulhasnagar Drug Centre,48,25.29
2025-10-26,BR002,MED029,BAT014438,2026-09-27,Ulhasnagar Drug Centre,5,25.81
2025-10-26,BR002,MED440,BAT014445,2027-04-07,Maharashtra Pharma Link,4,121.24
2025-10-26,BR002,MED459,BAT014465,2027-07-24,Deccan Drug House,50,36.33
2025-10-26,BR002,MED480,BAT014447,2028-03-20,Panvel Pharma Supplies,10,50.0
2025-10-26,BR003,MED027,BAT014456,2027-08-24,Siddhivinayak Drug Agency,11,143.3
2025-10-26,BR003,MED029,BAT014438,2026-09-27,Ulhasnagar Drug Centre,6,25.81
2025-10-26,BR003,MED319,BAT014461,2027-05-20,Navkar Pharma Agency,87,165.22
2025-10-26,BR003,MED344,BAT014463,2028-05-03,Navkar Pharma Agency,41,46.13
2025-10-26,BR003,MED440,BAT014445,2027-04-07,Maharashtra Pharma Link,5,121.24
2025-10-26,BR003,MED480,BAT014447,2028-03-20,Panvel Pharma Supplies,1,50.0
2025-10-27,BR001,MED022,BAT014488,2026-04-14,Apex Pharma Wholesale,2,50.49
2025-10-27,BR001,MED043,BAT014503,2027-09-04,Vashi Pharma Hub,57,115.64
2025-10-27,BR001,MED063,BAT014489,2028-08-27,Lifeline Medico Distributors,18,28.3
2025-10-27,BR001,MED073,BAT014516,2028-03-15,Sahyadri Pharma Distributors,26,27.15
2025-10-27,BR001,MED205,BAT014505,2028-08-20,Arihant Pharma Traders,12,43.29
2025-10-27,BR001,MED284,BAT014519,2027-06-19,Sahyadri Pharma Distributors,37,81.51
2025-10-27,BR001,MED470,BAT014527,2027-05-08,Navkar Pharma Agency,1,24.44
2025-10-27,BR002,MED017,BAT014514,2027-04-26,Navkar Pharma Agency,42,20.13
2025-10-27,BR002,MED022,BAT014488,2026-04-14,Apex Pharma Wholesale,2,50.49
2025-10-27,BR002,MED033,BAT014502,2027-08-09,Pioneer Healthcare Distributors,77,37.68
2025-10-27,BR002,MED284,BAT014519,2027-06-19,Sahyadri Pharma Distributors,31,81.51
2025-10-27,BR002,MED470,BAT014527,2027-05-08,Navkar Pharma Agency,13,24.44
2025-10-27,BR003,MED022,BAT014488,2026-04-14,Apex Pharma Wholesale,2,50.49
2025-10-27,BR003,MED470,BAT014527,2027-05-08,Navkar Pharma Agency,1,24.44
2025-10-28,BR001,MED003,BAT014564,2027-05-06,Bhiwandi Drug Depot,15,67.47
2025-10-28,BR001,MED005,BAT014530,2028-04-21,Mira Road Drug House,72,20.03
2025-10-28,BR001,MED015,BAT014565,2026-11-10,Jai Hind Medical Agencies,40,89.5
2025-10-28,BR001,MED025,BAT014566,2028-09-19,Siddhivinayak Drug Agency,2,43.05
2025-10-28,BR001,MED027,BAT014567,2027-06-01,Siddhivinayak Drug Agency,1,146.21
2025-10-28,BR001,MED038,BAT014569,2028-03-23,Arihant Pharma Traders,14,69.58
2025-10-28,BR001,MED186,BAT014572,2028-06-23,Bhiwandi Drug Depot,31,159.88
2025-10-28,BR001,MED321,BAT014579,2027-08-14,Navkar Pharma Agency,5,157.92
2025-10-28,BR001,MED343,BAT014587,2028-06-19,Sahyadri Pharma Distributors,24,124.64
2025-10-28,BR001,MED344,BAT014558,2028-08-28,Navkar Pharma Agency,44,48.61
2025-10-28,BR001,MED463,BAT014562,2027-04-06,Deccan Drug House,1,18.47
2025-10-28,BR001,MED487,BAT014563,2027-04-16,Dadar Wholesale Drugs,14,111.52
2025-10-28,BR002,MED025,BAT014566,2028-09-19,Siddhivinayak Drug Agency,1,43.05
2025-10-28,BR002,MED027,BAT014567,2027-06-01,Siddhivinayak Drug Agency,1,146.21
2025-10-28,BR002,MED034,BAT014568,2028-04-09,Konkan Healthcare Traders,61,37.55
2025-10-28,BR002,MED039,BAT014543,2028-03-27,Om Sai Medicorp,39,56.28
2025-10-28,BR002,MED082,BAT014537,2028-09-12,Bhiwandi Drug Depot,32,58.36
2025-10-28,BR002,MED321,BAT014579,2027-08-14,Navkar Pharma Agency,5,157.92
2025-10-28,BR002,MED463,BAT014562,2027-04-06,Deccan Drug House,11,18.47
2025-10-28,BR002,MED487,BAT014563,2027-04-16,Dadar Wholesale Drugs,5,111.52
2025-10-28,BR003,MED025,BAT014566,2028-09-19,Siddhivinayak Drug Agency,2,43.05
2025-10-28,BR003,MED027,BAT014567,2027-06-01,Siddhivinayak Drug Agency,1,146.21
2025-10-28,BR003,MED035,BAT014588,2026-10-03,Sahyadri Pharma Distributors,18,15.39
2025-10-28,BR003,MED040,BAT014544,2027-09-07,Neelkanth Pharma Link,27,137.4
2025-10-28,BR003,MED097,BAT014570,2027-04-29,Deccan Drug House,20,81.93
2025-10-28,BR003,MED173,BAT014528,2028-06-13,Shree Ganesh Medico,101,18.77
2025-10-28,BR003,MED284,BAT014541,2027-10-12,Dadar Wholesale Drugs,32,71.92
2025-10-28,BR003,MED321,BAT014579,2027-08-14,Navkar Pharma Agency,16,157.92
2025-10-28,BR003,MED463,BAT014562,2027-04-06,Deccan Drug House,1,18.47
2025-10-28,BR003,MED487,BAT014563,2027-04-16,Dadar Wholesale Drugs,6,111.52
2025-10-29,BR001,MED006,BAT014615,2026-04-20,Lifeline Medico Distributors,6,37.45
2025-10-29,BR001,MED038,BAT014600,2028-04-29,Neelkanth Pharma Link,1,70.04
2025-10-29,BR001,MED067,BAT014632,2028-06-19,Sai Pharma Distributors,11,25.8
2025-10-29,BR001,MED142,BAT014602,2026-01-17,Bombay Medi Supply,44,39.4
2025-10-29,BR001,MED204,BAT014621,2026-02-17,Panvel Pharma Supplies,6,128.21
2025-10-29,BR001,MED257,BAT014592,2028-07-21,Om Sai Medicorp,30,26.11
2025-10-29,BR001,MED443,BAT014612,2027-05-26,Ulhasnagar Drug Centre,25,105.0
2025-10-29,BR001,MED459,BAT014627,2027-05-29,Deccan Drug House,83,30.71
2025-10-29,BR001,MED477,BAT014630,2027-03-01,Deccan Drug House,16,125.5
2025-10-29,BR001,MED483,BAT014598,2026-03-06,Lifeline Medico Distributors,11,52.9
2025-10-29,BR002,MED006,BAT014615,2026-04-20,Lifeline Medico Distributors,5,37.45
2025-10-29,BR002,MED009,BAT014616,2027-09-06,Arihant Pharma Traders,71,56.19
2025-10-29,BR002,MED021,BAT014599,2028-05-30,Dadar Wholesale Drugs,14,21.99
2025-10-29,BR002,MED038,BAT014600,2028-04-29,Neelkanth Pharma Link,1,70.04
2025-10-29,BR002,MED067,BAT014632,2028-06-19,Sai Pharma Distributors,5,25.8
2025-10-29,BR002,MED152,BAT014620,2026-10-03,Lifeline Medico Distributors,20,30.45
2025-10-29,BR002,MED204,BAT014621,2026-02-17,Panvel Pharma Supplies,4,128.21
2025-10-29,BR002,MED280,BAT014623,2028-05-21,Navkar Pharma Agency,19,7.21
2025-10-29,BR002,MED299,BAT014596,2028-03-12,Bombay Medi Supply,97,67.2
2025-10-29,BR002,MED477,BAT014630,2027-03-01,Deccan Drug House,4,125.5
2025-10-29,BR002,MED483,BAT014598,2026-03-06,Lifeline Medico Distributors,1,52.9
2025-10-29,BR002,MED490,BAT014614,2027-08-15,Lifeline Medico Distributors,9,44.47
2025-10-29,BR003,MED006,BAT014615,2026-04-20,Lifeline Medico Distributors,6,37.45
2025-10-29,BR003,MED009,BAT014616,2027-09-06,Arihant Pharma Traders,87,56.19
2025-10-29,BR003,MED038,BAT014600,2028-04-29,Neelkanth Pharma Link,14,70.04
2025-10-29,BR003,MED067,BAT014632,2028-06-19,Sai Pharma Distributors,7,25.8
2025-10-29,BR003,MED142,BAT014602,2026-01-17,Bombay Medi Supply,44,39.4
2025-10-29,BR003,MED204,BAT014621,2026-02-17,Panvel Pharma Supplies,16,128.21
2025-10-29,BR003,MED477,BAT014630,2027-03-01,Deccan Drug House,5,125.5
2025-10-29,BR003,MED483,BAT014598,2026-03-06,Lifeline Medico Distributors,1,52.9
2025-10-30,BR001,MED038,BAT014671,2028-03-09,Arihant Pharma Traders,1,58.33
2025-10-30,BR001,MED072,BAT014684,2028-04-06,Konkan Healthcare Traders,7,25.56
2025-10-30,BR001,MED155,BAT014648,2026-07-02,Lifeline Medico Distributors,1,32.21
2025-10-30,BR001,MED173,BAT014650,2028-10-04,Maharashtra Pharma Link,112,17.22
2025-10-30,BR001,MED205,BAT014675,2026-05-06,Western Drugs & Surgicals,1,35.81
2025-10-30,BR001,MED445,BAT014686,2027-07-04,Mahalaxmi Pharma Agencies,21,90.74
2025-10-30,BR001,MED470,BAT014682,2027-10-09,Navkar Pharma Agency,16,24.01
2025-10-30,BR002,MED038,BAT014671,2028-03-09,Arihant Pharma Traders,14,58.33
2025-10-30,BR002,MED072,BAT014684,2028-04-06,Konkan Healthcare Traders,9,25.56
2025-10-30,BR002,MED155,BAT014648,2026-07-02,Lifeline Medico Distributors,1,32.21
2025-10-30,BR002,MED205,BAT014675,2026-05-06,Western Drugs & Surgicals,1,35.81
2025-10-30,BR003,MED013,BAT014655,2028-06-19,Ulhasnagar Drug Centre,65,23.89
2025-10-30,BR003,MED038,BAT014671,2028-03-09,Arihant Pharma Traders,1,58.33
2025-10-30,BR003,MED072,BAT014684,2028-04-06,Konkan Healthcare Traders,7,25.56
2025-10-30,BR003,MED130,BAT014674,2028-07-11,Goregaon Medi Wholesale,25,45.14
2025-10-30,BR003,MED155,BAT014648,2026-07-02,Lifeline Medico Distributors,1,32.21
2025-10-30,BR003,MED205,BAT014675,2026-05-06,Western Drugs & Surgicals,1,35.81
2025-10-31,BR001,MED022,BAT014740,2027-04-01,Sahyadri Pharma Distributors,2,56.82
2025-10-31,BR001,MED092,BAT014722,2028-08-29,Apex Pharma Wholesale,6,19.5
2025-10-31,BR001,MED150,BAT014699,2028-06-27,Maharashtra Pharma Link,6,21.81
2025-10-31,BR001,MED341,BAT014727,2028-07-17,Om Sai Medicorp,1,132.23
2025-10-31,BR001,MED444,BAT014729,2027-05-25,Thane Medico Traders,1,101.17
2025-10-31,BR001,MED483,BAT014738,2027-01-29,Vasai Virar Medico,2,56.71
2025-10-31,BR001,MED488,BAT014719,2027-03-08,Dadar Wholesale Drugs,6,108.24
2025-10-31,BR002,MED005,BAT014691,2028-10-06,Mira Road Drug House,62,20.18
2025-10-31,BR002,MED007,BAT014692,2028-10-10,Malad Healthcare Supply,64,16.55
2025-10-31,BR002,MED022,BAT014740,2027-04-01,Sahyadri Pharma Distributors,2,56.82
2025-10-31,BR002,MED092,BAT014722,2028-08-29,Apex Pharma Wholesale,5,19.5
2025-10-31,BR002,MED150,BAT014699,2028-06-27,Maharashtra Pharma Link,4,21.81
2025-10-31,BR002,MED341,BAT014727,2028-07-17,Om Sai Medicorp,12,132.23
2025-10-31,BR002,MED443,BAT014704,2027-05-25,Ulhasnagar Drug Centre,21,97.2
2025-10-31,BR002,MED444,BAT014729,2027-05-25,Thane Medico Traders,11,101.17
2025-10-31,BR002,MED483,BAT014738,2027-01-29,Vasai Virar Medico,2,56.71
2025-10-31,BR002,MED488,BAT014719,2027-03-08,Dadar Wholesale Drugs,5,108.24
2025-10-31,BR003,MED001,BAT014709,2028-03-21,Goregaon Medi Wholesale,86,18.91
2025-10-31,BR003,MED007,BAT014692,2028-10-10,Malad Healthcare Supply,83,16.55
2025-10-31,BR003,MED022,BAT014740,2027-04-01,Sahyadri Pharma Distributors,2,56.82
2025-10-31,BR003,MED092,BAT014722,2028-08-29,Apex Pharma Wholesale,14,19.5
2025-10-31,BR003,MED098,BAT014723,2027-07-10,Bhiwandi Drug Depot,14,94.46
2025-10-31,BR003,MED150,BAT014699,2028-06-27,Maharashtra Pharma Link,6,21.81
2025-10-31,BR003,MED341,BAT014727,2028-07-17,Om Sai Medicorp,1,132.23
2025-10-31,BR003,MED444,BAT014729,2027-05-25,Thane Medico Traders,1,101.17
2025-10-31,BR003,MED483,BAT014738,2027-01-29,Vasai Virar Medico,2,56.71
2025-10-31,BR003,MED488,BAT014719,2027-03-08,Dadar Wholesale Drugs,6,108.24
2025-11-01,BR001,MED004,BAT014755,2027-10-17,Deccan Drug House,1,83.33
2025-11-01,BR001,MED039,BAT014780,2028-04-10,Konkan Healthcare Traders,45,54.75
2025-11-01,BR001,MED155,BAT014747,2026-02-02,Lifeline Medico Distributors,1,35.23
2025-11-01,BR001,MED269,BAT014742,2028-09-16,Sahyadri Pharma Distributors,124,30.94
2025-11-01,BR001,MED463,BAT014770,2027-03-10,Thane Medico Traders,1,19.65
2025-11-01,BR002,MED004,BAT014755,2027-10-17,Deccan Drug House,1,83.33
2025-11-01,BR002,MED155,BAT014747,2026-02-02,Lifeline Medico Distributors,12,35.23
2025-11-01,BR002,MED269,BAT014742,2028-09-16,Sahyadri Pharma Distributors,112,30.94
2025-11-01,BR002,MED463,BAT014770,2027-03-10,Thane Medico Traders,1,19.65
2025-11-01,BR003,MED004,BAT014755,2027-10-17,Deccan Drug House,14,83.33
2025-11-01,BR003,MED030,BAT014744,2028-05-22,Malad Healthcare Supply,18,47.27
2025-11-01,BR003,MED155,BAT014747,2026-02-02,Lifeline Medico Distributors,1,35.23
2025-11-01,BR003,MED257,BAT014760,2028-06-19,Om Sai Medicorp,28,25.19
2025-11-01,BR003,MED269,BAT014742,2028-09-16,Sahyadri Pharma Distributors,123,30.94
2025-11-01,BR003,MED445,BAT014779,2027-04-10,Navkar Pharma Agency,20,92.57
2025-11-01,BR003,MED463,BAT014770,2027-03-10,Thane Medico Traders,1,19.65
2025-11-02,BR001,MED020,BAT014797,2026-10-12,Apex Pharma Wholesale,19,98.36
2025-11-02,BR001,MED033,BAT014816,2027-07-28,Pioneer Healthcare Distributors,98,43.86
2025-11-02,BR001,MED247,BAT014829,2026-05-09,Konkan Healthcare Traders,24,54.03
2025-11-02,BR001,MED312,BAT014823,2028-06-26,Arihant Pharma Traders,6,62.21
2025-11-02,BR001,MED341,BAT014813,2028-07-06,Om Sai Medicorp,14,131.46
2025-11-02,BR001,MED417,BAT014804,2027-07-10,Vashi Pharma Hub,7,83.95
2025-11-02,BR002,MED020,BAT014797,2026-10-12,Apex Pharma Wholesale,3,98.36
2025-11-02,BR002,MED257,BAT014822,2028-06-14,Om Sai Medicorp,26,30.81
2025-11-02,BR002,MED312,BAT014823,2028-06-26,Arihant Pharma Traders,5,62.21
2025-11-02,BR002,MED319,BAT014788,2027-05-07,Navkar Pharma Agency,80,165.32
2025-11-02,BR002,MED341,BAT014813,2028-07-06,Om Sai Medicorp,1,131.46
2025-11-02,BR002,MED417,BAT014804,2027-07-10,Vashi Pharma Hub,5,83.95
2025-11-02,BR003,MED003,BAT014796,2027-06-05,Bhiwandi Drug Depot,15,64.68
2025-11-02,BR003,MED020,BAT014797,2026-10-12,Apex Pharma Wholesale,4,98.36
2025-11-02,BR003,MED312,BAT014823,2028-06-26,Arihant Pharma Traders,13,62.21
2025-11-02,BR003,MED341,BAT014813,2028-07-06,Om Sai Medicorp,1,131.46
2025-11-02,BR003,MED381,BAT014802,2027-05-27,Kalyan Medical Stores,119,113.26
2025-11-02,BR003,MED417,BAT014804,2027-07-10,Vashi Pharma Hub,6,83.95
2025-11-03,BR001,MED019,BAT014841,2026-11-14,Lifeline Medico Distributors,16,56.23
2025-11-03,BR001,MED121,BAT014842,2027-08-01,Kalyan Medical Stores,7,77.66
2025-11-03,BR001,MED155,BAT014844,2026-04-09,Lifeline Medico Distributors,14,32.34
2025-11-03,BR001,MED403,BAT014838,2028-10-02,Konkan Healthcare Traders,6,347.49
2025-11-03,BR001,MED480,BAT014855,2026-03-17,Panvel Pharma Supplies,1,52.6
2025-11-03,BR002,MED121,BAT014842,2027-08-01,Kalyan Medical Stores,5,77.66
2025-11-03,BR002,MED403,BAT014838,2028-10-02,Konkan Healthcare Traders,15,347.49
2025-11-03,BR002,MED480,BAT014855,2026-03-17,Panvel Pharma Supplies,1,52.6
2025-11-03,BR003,MED121,BAT014842,2027-08-01,Kalyan Medical Stores,7,77.66
2025-11-03,BR003,MED343,BAT014861,2028-03-10,Sahyadri Pharma Distributors,23,136.52
2025-11-03,BR003,MED403,BAT014838,2028-10-02,Konkan Healthcare Traders,5,347.49
2025-11-03,BR003,MED480,BAT014855,2026-03-17,Panvel Pharma Supplies,14,52.6
2025-11-04,BR001,MED017,BAT014892,2027-06-06,Mira Road Drug House,52,19.02
2025-11-04,BR001,MED025,BAT014887,2028-09-23,Deccan Drug House,2,40.92
2025-11-04,BR001,MED028,BAT014879,2028-10-18,Malad Healthcare Supply,7,35.62
2025-11-04,BR001,MED106,BAT014894,2027-07-26,Deccan Drug House,1,186.77
2025-11-04,BR001,MED262,BAT014884,2028-08-28,Bombay Medi Supply,5,33.23
2025-11-04,BR001,MED339,BAT014901,2028-05-08,Pioneer Healthcare Distributors,5,113.21
2025-11-04,BR001,MED377,BAT014904,2026-02-07,Panvel Pharma Supplies,13,110.82
2025-11-04,BR001,MED480,BAT014908,2026-01-19,Panvel Pharma Supplies,13,53.92
2025-11-04,BR002,MED025,BAT014887,2028-09-23,Deccan Drug House,9,40.92
2025-11-04,BR002,MED028,BAT014879,2028-10-18,Malad Healthcare Supply,5,35.62
2025-11-04,BR002,MED031,BAT014878,2027-04-24,Thane Medico Traders,22,153.6
2025-11-04,BR002,MED069,BAT014880,2028-10-05,Dadar Wholesale Drugs,14,20.55
2025-11-04,BR002,MED106,BAT014894,2027-07-26,Deccan Drug House,1,186.77
2025-11-04,BR002,MED262,BAT014884,2028-08-28,Bombay Medi Supply,5,33.23
2025-11-04,BR002,MED339,BAT014901,2028-05-08,Pioneer Healthcare Distributors,16,113.21
2025-11-04,BR002,MED377,BAT014904,2026-02-07,Panvel Pharma Supplies,5,110.82
2025-11-04,BR002,MED480,BAT014908,2026-01-19,Panvel Pharma Supplies,1,53.92
2025-11-04,BR003,MED025,BAT014887,2028-09-23,Deccan Drug House,2,40.92
2025-11-04,BR003,MED028,BAT014879,2028-10-18,Malad Healthcare Supply,12,35.62
2025-11-04,BR003,MED106,BAT014894,2027-07-26,Deccan Drug House,1,186.77
2025-11-04,BR003,MED262,BAT014884,2028-08-28,Bombay Medi Supply,16,33.23
2025-11-04,BR003,MED283,BAT014897,2026-01-30,Dadar Wholesale Drugs,40,66.99
2025-11-04,BR003,MED299,BAT014898,2028-03-29,Bombay Medi Supply,115,62.16
2025-11-04,BR003,MED305,BAT014914,2028-08-16,Navkar Pharma Agency,60,83.28
2025-11-04,BR003,MED339,BAT014901,2028-05-08,Pioneer Healthcare Distributors,5,113.21
2025-11-04,BR003,MED377,BAT014904,2026-02-07,Panvel Pharma Supplies,6,110.82
2025-11-04,BR003,MED459,BAT014919,2027-03-16,Navkar Pharma Agency,81,31.38
2025-11-04,BR003,MED480,BAT014908,2026-01-19,Panvel Pharma Supplies,1,53.92
2025-11-05,BR001,MED022,BAT014981,2027-07-25,Sahyadri Pharma Distributors,2,53.01
2025-11-05,BR001,MED030,BAT014930,2028-03-13,Malad Healthcare Supply,17,46.22
2025-11-05,BR001,MED097,BAT014950,2027-07-04,Chembur Pharma Depot,24,78.68
2025-11-05,BR001,MED106,BAT014968,2027-07-17,Sai Pharma Distributors,2,156.57
2025-11-05,BR001,MED115,BAT014969,2027-07-06,Sai Pharma Distributors,7,106.64
2025-11-05,BR001,MED299,BAT014926,2028-06-20,Bombay Medi Supply,123,68.77
2025-11-05,BR001,MED319,BAT014958,2027-07-07,Navkar Pharma Agency,97,162.71
2025-11-05,BR001,MED421,BAT014943,2027-06-01,Siddhivinayak Drug Agency,6,137.26
2025-11-05,BR001,MED425,BAT014944,2027-05-13,Ulhasnagar Drug Centre,13,178.29
2025-11-05,BR001,MED490,BAT014967,2026-03-13,Lifeline Medico Distributors,13,46.18
2025-11-05,BR002,MED015,BAT014935,2026-04-21,Western Drugs & Surgicals,28,80.11
2025-11-05,BR002,MED022,BAT014981,2027-07-25,Sahyadri Pharma Distributors,7,53.01
2025-11-05,BR002,MED043,BAT014948,2027-07-05,Vashi Pharma Hub,55,103.53
2025-11-05,BR002,MED106,BAT014968,2027-07-17,Sai Pharma Distributors,9,156.57
2025-11-05,BR002,MED115,BAT014969,2027-07-06,Sai Pharma Distributors,9,106.64
2025-11-05,BR002,MED205,BAT014955,2028-05-31,Arihant Pharma Traders,10,39.79
2025-11-05,BR002,MED344,BAT014962,2028-05-13,Navkar Pharma Agency,40,49.1
2025-11-05,BR002,MED421,BAT014943,2027-06-01,Siddhivinayak Drug Agency,4,137.26
2025-11-05,BR002,MED425,BAT014944,2027-05-13,Ulhasnagar Drug Centre,5,178.29
2025-11-05,BR002,MED490,BAT014967,2026-03-13,Lifeline Medico Distributors,1,46.18
2025-11-05,BR003,MED017,BAT014928,2027-04-07,Mira Road Drug House,47,18.64
2025-11-05,BR003,MED022,BAT014981,2027-07-25,Sahyadri Pharma Distributors,2,53.01
2025-11-05,BR003,MED043,BAT014948,2027-07-05,Vashi Pharma Hub,62,103.53
2025-11-05,BR003,MED106,BAT014968,2027-07-17,Sai Pharma Distributors,2,156.57
2025-11-05,BR003,MED115,BAT014969,2027-07-06,Sai Pharma Distributors,7,106.64
2025-11-05,BR003,MED155,BAT014937,2026-04-04,Lifeline Medico Distributors,15,33.75
2025-11-05,BR003,MED205,BAT014955,2028-05-31,Arihant Pharma Traders,12,39.79
2025-11-05,BR003,MED280,BAT014957,2028-07-01,Navkar Pharma Agency,25,7.49
2025-11-05,BR003,MED319,BAT014958,2027-07-07,Navkar Pharma Agency,93,162.71
2025-11-05,BR003,MED411,BAT014934,2026-10-27,Ulhasnagar Drug Centre,18,105.15
2025-11-05,BR003,MED421,BAT014943,2027-06-01,Siddhivinayak Drug Agency,5,137.26
2025-11-05,BR003,MED425,BAT014944,2027-05-13,Ulhasnagar Drug Centre,6,178.29
2025-11-05,BR003,MED490,BAT014967,2026-03-13,Lifeline Medico Distributors,1,46.18
2025-11-06,BR001,MED027,BAT015013,2027-08-15,Siddhivinayak Drug Agency,1,152.46
2025-11-06,BR001,MED091,BAT014989,2028-09-15,Goregaon Medi Wholesale,43,19.4
2025-11-06,BR001,MED120,BAT015006,2027-09-22,Om Sai Medicorp,6,85.89
2025-11-06,BR001,MED368,BAT015010,2028-05-21,Neelkanth Pharma Link,12,162.23
2025-11-06,BR001,MED463,BAT015024,2027-03-30,Deccan Drug House,1,18.64
2025-11-06,BR002,MED001,BAT014996,2026-02-27,Goregaon Medi Wholesale,67,20.23
2025-11-06,BR002,MED027,BAT015013,2027-08-15,Siddhivinayak Drug Agency,1,152.46
2025-11-06,BR002,MED040,BAT014998,2027-08-05,Neelkanth Pharma Link,25,135.59
2025-11-06,BR002,MED120,BAT015006,2027-09-22,Om Sai Medicorp,5,85.89
2025-11-06,BR002,MED368,BAT015010,2028-05-21,Neelkanth Pharma Link,5,162.23
2025-11-06,BR002,MED463,BAT015024,2027-03-30,Deccan Drug House,1,18.64
2025-11-06,BR003,MED014,BAT015012,2025-12-14,Jai Hind Medical Agencies,62,96.53
2025-11-06,BR003,MED027,BAT015013,2027-08-15,Siddhivinayak Drug Agency,1,152.46
2025-11-06,BR003,MED120,BAT015006,2027-09-22,Om Sai Medicorp,6,85.89
2025-11-06,BR003,MED247,BAT015028,2027-05-03,Konkan Healthcare Traders,22,59.3
2025-11-06,BR003,MED368,BAT015010,2028-05-21,Neelkanth Pharma Link,6,162.23
2025-11-06,BR003,MED463,BAT015024,2027-03-30,Deccan Drug House,1,18.64
2025-11-07,BR001,MED002,BAT015042,2026-05-11,Dadar Wholesale Drugs,16,26.79
2025-11-07,BR001,MED004,BAT015039,2027-03-12,Bhiwandi Drug Depot,1,95.35
2025-11-07,BR001,MED009,BAT015060,2026-05-18,Konkan Healthcare Traders,75,62.2
2025-11-07,BR001,MED030,BAT015043,2028-04-19,Malad Healthcare Supply,1,42.43
2025-11-07,BR001,MED470,BAT015033,2027-07-29,Navkar Pharma Agency,1,28.56
2025-11-07,BR001,MED481,BAT015059,2028-04-22,Mahalaxmi Pharma Agencies,7,53.08
2025-11-07,BR002,MED004,BAT015039,2027-03-12,Bhiwandi Drug Depot,1,95.35
2025-11-07,BR002,MED013,BAT015040,2028-04-26,Ulhasnagar Drug Centre,44,25.45
2025-11-07,BR002,MED030,BAT015043,2028-04-19,Malad Healthcare Supply,1,42.43
2025-11-07,BR002,MED063,BAT015036,2028-04-20,Lifeline Medico Distributors,16,27.43
2025-11-07,BR002,MED470,BAT015033,2027-07-29,Navkar Pharma Agency,1,28.56
2025-11-07,BR002,MED481,BAT015059,2028-04-22,Mahalaxmi Pharma Agencies,9,53.08
2025-11-07,BR003,MED004,BAT015039,2027-03-12,Bhiwandi Drug Depot,1,95.35
2025-11-07,BR003,MED030,BAT015043,2028-04-19,Malad Healthcare Supply,1,42.43
2025-11-07,BR003,MED278,BAT015047,2028-05-24,Bombay Medi Supply,23,6.55
2025-11-07,BR003,MED470,BAT015033,2027-07-29,Navkar Pharma Agency,1,28.56
2025-11-07,BR003,MED481,BAT015059,2028-04-22,Mahalaxmi Pharma Agencies,7,53.08
2025-11-08,BR001,MED014,BAT015098,2028-04-09,Jai Hind Medical Agencies,66,102.62
2025-11-08,BR001,MED024,BAT015085,2027-10-24,Om Sai Medicorp,23,84.35
2025-11-08,BR001,MED071,BAT015087,2028-08-20,Sahyadri Pharma Distributors,15,21.25
2025-11-08,BR001,MED381,BAT015083,2027-04-20,Ulhasnagar Drug Centre,113,136.92
2025-11-08,BR001,MED445,BAT015084,2027-09-06,Navkar Pharma Agency,1,80.86
2025-11-08,BR001,MED493,BAT015092,2028-05-03,Navkar Pharma Agency,6,158.14
2025-11-08,BR002,MED024,BAT015085,2027-10-24,Om Sai Medicorp,18,84.35
2025-11-08,BR002,MED071,BAT015087,2028-08-20,Sahyadri Pharma Distributors,4,21.25
2025-11-08,BR002,MED445,BAT015084,2027-09-06,Navkar Pharma Agency,14,80.86
2025-11-08,BR002,MED493,BAT015092,2028-05-03,Navkar Pharma Agency,5,158.14
2025-11-08,BR003,MED071,BAT015087,2028-08-20,Sahyadri Pharma Distributors,6,21.25
2025-11-08,BR003,MED445,BAT015084,2027-09-06,Navkar Pharma Agency,1,80.86
2025-11-08,BR003,MED493,BAT015092,2028-05-03,Navkar Pharma Agency,12,158.14
2025-11-09,BR001,MED004,BAT015113,2026-04-28,Deccan Drug House,2,88.53
2025-11-09,BR001,MED101,BAT015119,2027-03-25,Goregaon Medi Wholesale,7,173.54
2025-11-09,BR001,MED155,BAT015125,2026-01-24,Lifeline Medico Distributors,1,32.8
2025-11-09,BR001,MED294,BAT015144,2026-03-16,Siddhivinayak Drug Agency,6,77.48
2025-11-09,BR001,MED444,BAT015159,2027-04-21,Thane Medico Traders,14,91.36
2025-11-09,BR001,MED451,BAT015147,2027-06-08,Navkar Pharma Agency,7,61.68
2025-11-09,BR002,MED004,BAT015113,2026-04-28,Deccan Drug House,1,88.53
2025-11-09,BR002,MED073,BAT015150,2028-07-10,Sahyadri Pharma Distributors,21,29.73
2025-11-09,BR002,MED101,BAT015119,2027-03-25,Goregaon Medi Wholesale,5,173.54
2025-11-09,BR002,MED155,BAT015125,2026-01-24,Lifeline Medico Distributors,1,32.8
2025-11-09,BR002,MED294,BAT015144,2026-03-16,Siddhivinayak Drug Agency,5,77.48
2025-11-09,BR002,MED451,BAT015147,2027-06-08,Navkar Pharma Agency,5,61.68
2025-11-09,BR002,MED459,BAT015133,2027-06-09,Navkar Pharma Agency,51,34.61
2025-11-09,BR003,MED004,BAT015113,2026-04-28,Deccan Drug House,2,88.53
2025-11-09,BR003,MED073,BAT015137,2028-09-16,Sahyadri Pharma Distributors,26,27.47
2025-11-09,BR003,MED101,BAT015119,2027-03-25,Goregaon Medi Wholesale,7,173.54
2025-11-09,BR003,MED155,BAT015125,2026-01-24,Lifeline Medico Distributors,1,32.8
2025-11-09,BR003,MED294,BAT015144,2026-03-16,Siddhivinayak Drug Agency,13,77.48
2025-11-09,BR003,MED444,BAT015159,2027-04-21,Thane Medico Traders,13,91.36
2025-11-09,BR003,MED451,BAT015147,2027-06-08,Navkar Pharma Agency,7,61.68
2025-11-10,BR001,MED022,BAT015189,2027-06-09,Apex Pharma Wholesale,10,58.98
2025-11-10,BR001,MED027,BAT015190,2027-08-20,Siddhivinayak Drug Agency,1,169.88
2025-11-10,BR001,MED038,BAT015206,2028-06-16,Arihant Pharma Traders,16,63.47
2025-11-10,BR001,MED043,BAT015207,2027-10-09,Vashi Pharma Hub,60,125.17
2025-11-10,BR001,MED152,BAT015167,2026-09-01,Maharashtra Pharma Link,23,37.4
2025-11-10,BR001,MED334,BAT015214,2028-10-16,Sahyadri Pharma Distributors,5,103.09
2025-11-10,BR001,MED445,BAT015219,2027-05-17,Navkar Pharma Agency,23,82.69
2025-11-10,BR002,MED022,BAT015189,2027-06-09,Apex Pharma Wholesale,1,58.98
2025-11-10,BR002,MED027,BAT015190,2027-08-20,Siddhivinayak Drug Agency,10,169.88
2025-11-10,BR002,MED043,BAT015207,2027-10-09,Vashi Pharma Hub,55,125.17
2025-11-10,BR002,MED155,BAT015180,2026-02-24,Lifeline Medico Distributors,10,33.4
2025-11-10,BR002,MED269,BAT015211,2028-04-21,Sahyadri Pharma Distributors,106,36.73
2025-11-10,BR002,MED334,BAT015214,2028-10-16,Sahyadri Pharma Distributors,5,103.09
2025-11-10,BR003,MED015,BAT015188,2027-01-24,Western Drugs & Surgicals,35,92.37
2025-11-10,BR003,MED022,BAT015189,2027-06-09,Apex Pharma Wholesale,2,58.98
2025-11-10,BR003,MED027,BAT015190,2027-08-20,Siddhivinayak Drug Agency,1,169.88
2025-11-10,BR003,MED033,BAT015176,2027-03-21,Pioneer Healthcare Distributors,87,40.6
2025-11-10,BR003,MED034,BAT015191,2028-09-20,Konkan Healthcare Traders,73,33.14
2025-11-10,BR003,MED069,BAT015166,2026-01-31,Dadar Wholesale Drugs,20,21.18
2025-11-10,BR003,MED334,BAT015214,2028-10-16,Sahyadri Pharma Distributors,16,103.09
2025-11-10,BR003,MED344,BAT015215,2028-08-27,Navkar Pharma Agency,45,54.49
2025-11-10,BR003,MED470,BAT015187,2027-03-27,Navkar Pharma Agency,15,28.29
2025-11-11,BR001,MED003,BAT015227,2027-07-15,Bhiwandi Drug Depot,1,68.94
2025-11-11,BR001,MED007,BAT015231,2028-10-10,Malad Healthcare Supply,81,16.51
2025-11-11,BR001,MED011,BAT015224,2026-01-29,Dadar Wholesale Drugs,177,26.38
2025-11-11,BR001,MED013,BAT015228,2028-07-18,Ulhasnagar Drug Centre,57,21.79
2025-11-11,BR001,MED125,BAT015234,2026-01-29,Bhiwandi Drug Depot,6,97.39
2025-11-11,BR001,MED155,BAT015235,2026-01-15,Lifeline Medico Distributors,16,36.7
2025-11-11,BR001,MED343,BAT015260,2028-06-17,Sahyadri Pharma Distributors,26,141.75
2025-11-11,BR002,MED003,BAT015227,2027-07-15,Bhiwandi Drug Depot,12,68.94
2025-11-11,BR002,MED037,BAT015246,2028-03-26,Pioneer Healthcare Distributors,187,93.64
2025-11-11,BR002,MED125,BAT015234,2026-01-29,Bhiwandi Drug Depot,11,97.39
2025-11-11,BR002,MED234,BAT015256,2028-07-25,Konkan Healthcare Traders,22,39.9
2025-11-11,BR002,MED241,BAT015270,2026-04-24,Konkan Healthcare Traders,30,18.59
2025-11-11,BR002,MED247,BAT015257,2027-09-13,Vasai Virar Medico,20,54.71
2025-11-11,BR003,MED003,BAT015227,2027-07-15,Bhiwandi Drug Depot,1,68.94
2025-11-11,BR003,MED031,BAT015225,2026-05-23,Mira Road Drug House,30,123.02
2025-11-11,BR003,MED082,BAT015249,2028-08-10,Bhiwandi Drug Depot,51,54.59
2025-11-11,BR003,MED125,BAT015234,2026-01-29,Bhiwandi Drug Depot,6,97.39
2025-11-11,BR003,MED159,BAT015222,2026-07-11,Ulhasnagar Drug Centre,19,43.28
2025-11-11,BR003,MED173,BAT015253,2028-05-11,Shree Ganesh Medico,115,17.09
2025-11-11,BR003,MED186,BAT015238,2026-05-18,Mira Road Drug House,25,150.94
2025-11-11,BR003,MED234,BAT015256,2028-07-25,Konkan Healthcare Traders,26,39.9
2025-11-12,BR001,MED010,BAT015297,2028-10-07,Vasai Virar Medico,5,45.69
2025-11-12,BR001,MED156,BAT015307,2026-05-03,Maharashtra Pharma Link,15,39.86
2025-11-12,BR001,MED159,BAT015308,2026-10-16,Ulhasnagar Drug Centre,21,45.89
2025-11-12,BR001,MED269,BAT015291,2028-09-14,Dadar Wholesale Drugs,116,34.11
2025-11-12,BR001,MED421,BAT015319,2027-09-23,Western Drugs & Surgicals,17,151.47
2025-11-12,BR001,MED444,BAT015325,2027-05-20,Thane Medico Traders,1,97.0
2025-11-12,BR001,MED459,BAT015295,2027-09-21,Deccan Drug House,74,33.91
2025-11-12,BR001,MED464,BAT015321,2026-02-25,Ulhasnagar Drug Centre,7,18.36
2025-11-12,BR001,MED480,BAT015296,2028-08-01,Panvel Pharma Supplies,1,57.69
2025-11-12,BR002,MED010,BAT015297,2028-10-07,Vasai Virar Medico,4,45.69
2025-11-12,BR002,MED069,BAT015286,2028-08-18,Chembur Pharma Depot,15,25.34
2025-11-12,BR002,MED097,BAT015303,2026-05-12,Chembur Pharma Depot,16,78.95
2025-11-12,BR002,MED156,BAT015307,2026-05-03,Maharashtra Pharma Link,4,39.86
2025-11-12,BR002,MED283,BAT015278,2027-03-18,Neelkanth Pharma Link,34,72.94
2025-11-12,BR002,MED311,BAT015293,2028-05-26,Neelkanth Pharma Link,31,70.57
2025-11-12,BR002,MED381,BAT015315,2027-03-25,Neelkanth Pharma Link,111,115.59
2025-11-12,BR002,MED421,BAT015319,2027-09-23,Western Drugs & Surgicals,4,151.47
2025-11-12,BR002,MED444,BAT015325,2027-05-20,Thane Medico Traders,1,97.0
2025-11-12,BR002,MED464,BAT015321,2026-02-25,Ulhasnagar Drug Centre,5,18.36
2025-11-12,BR002,MED480,BAT015296,2028-08-01,Panvel Pharma Supplies,1,57.69
2025-11-12,BR003,MED010,BAT015297,2028-10-07,Vasai Virar Medico,5,45.69
2025-11-12,BR003,MED012,BAT015298,2027-05-16,Om Sai Medicorp,146,65.81
2025-11-12,BR003,MED156,BAT015307,2026-05-03,Maharashtra Pharma Link,6,39.86
2025-11-12,BR003,MED269,BAT015291,2028-09-14,Dadar Wholesale Drugs,111,34.11
2025-11-12,BR003,MED421,BAT015319,2027-09-23,Western Drugs & Surgicals,5,151.47
2025-11-12,BR003,MED443,BAT015284,2027-07-11,Ulhasnagar Drug Centre,26,105.23
2025-11-12,BR003,MED444,BAT015325,2027-05-20,Thane Medico Traders,1,97.0
2025-11-12,BR003,MED464,BAT015321,2026-02-25,Ulhasnagar Drug Centre,7,18.36
2025-11-12,BR003,MED480,BAT015296,2028-08-01,Panvel Pharma Supplies,1,57.69
2025-11-13,BR001,MED005,BAT015332,2026-03-06,Mira Road Drug House,76,20.56
2025-11-13,BR001,MED100,BAT015333,2027-06-01,Kalyan Medical Stores,6,79.79
2025-11-13,BR001,MED142,BAT015334,2028-09-14,Bombay Medi Supply,43,38.88
2025-11-13,BR001,MED214,BAT015363,2027-09-20,Sahyadri Pharma Distributors,7,39.1
2025-11-13,BR001,MED280,BAT015360,2028-08-19,Navkar Pharma Agency,21,6.7
2025-11-13,BR002,MED100,BAT015333,2027-06-01,Kalyan Medical Stores,5,79.79
2025-11-13,BR002,MED214,BAT015363,2027-09-20,Sahyadri Pharma Distributors,5,39.1
2025-11-13,BR002,MED411,BAT015346,2027-03-19,Ulhasnagar Drug Centre,14,100.24
2025-11-13,BR003,MED005,BAT015332,2026-03-06,Mira Road Drug House,72,20.56
2025-11-13,BR003,MED100,BAT015333,2027-06-01,Kalyan Medical Stores,12,79.79
2025-11-13,BR003,MED152,BAT015347,2026-10-19,Maharashtra Pharma Link,22,32.89
2025-11-13,BR003,MED214,BAT015363,2027-09-20,Sahyadri Pharma Distributors,7,39.1
2025-11-14,BR001,MED044,BAT015384,2026-05-10,Jai Hind Medical Agencies,6,260.89
2025-11-14,BR001,MED278,BAT015364,2028-05-16,Bombay Medi Supply,26,6.66
2025-11-14,BR001,MED427,BAT015396,2025-12-12,Jai Hind Medical Agencies,7,166.08
2025-11-14,BR001,MED480,BAT015380,2026-01-23,Panvel Pharma Supplies,1,47.13
2025-11-14,BR002,MED009,BAT015392,2027-05-02,Konkan Healthcare Traders,56,59.08
2025-11-14,BR002,MED044,BAT015384,2026-05-10,Jai Hind Medical Agencies,5,260.89
2025-11-14,BR002,MED280,BAT015375,2028-05-24,Navkar Pharma Agency,17,7.33
2025-11-14,BR002,MED299,BAT015376,2028-05-17,Bombay Medi Supply,98,66.44
2025-11-14,BR002,MED319,BAT015390,2025-12-26,Navkar Pharma Agency,89,179.28
2025-11-14,BR002,MED427,BAT015396,2025-12-12,Jai Hind Medical Agencies,5,166.08
2025-11-14,BR002,MED480,BAT015380,2026-01-23,Panvel Pharma Supplies,1,47.13
2025-11-14,BR003,MED009,BAT015392,2027-05-02,Konkan Healthcare Traders,75,59.08
2025-11-14,BR003,MED044,BAT015384,2026-05-10,Jai Hind Medical Agencies,6,260.89
2025-11-14,BR003,MED284,BAT015394,2027-07-20,Sahyadri Pharma Distributors,32,86.79
2025-11-14,BR003,MED427,BAT015396,2025-12-12,Jai Hind Medical Agencies,6,166.08
2025-11-14,BR003,MED480,BAT015380,2026-01-23,Panvel Pharma Supplies,12,47.13
2025-11-15,BR001,MED173,BAT015412,2028-09-06,Shree Ganesh Medico,107,16.92
2025-11-15,BR001,MED179,BAT015427,2026-02-05,Western Drugs & Surgicals,6,9.53
2025-11-15,BR001,MED234,BAT015428,2028-08-27,Arihant Pharma Traders,23,40.12
2025-11-15,BR001,MED341,BAT015435,2028-10-28,Om Sai Medicorp,1,136.56
2025-11-15,BR001,MED463,BAT015441,2027-09-05,Thane Medico Traders,1,21.86
2025-11-15,BR001,MED490,BAT015400,2027-04-26,Lifeline Medico Distributors,1,45.16
2025-11-15,BR002,MED033,BAT015420,2027-10-22,Pioneer Healthcare Distributors,66,38.27
2025-11-15,BR002,MED035,BAT015433,2026-07-27,Vasai Virar Medico,14,15.35
2025-11-15,BR002,MED091,BAT015411,2028-10-22,Goregaon Medi Wholesale,31,19.44
2025-11-15,BR002,MED142,BAT015398,2026-04-27,Lifeline Medico Distributors,28,40.49
2025-11-15,BR002,MED173,BAT015412,2028-09-06,Shree Ganesh Medico,81,16.92
2025-11-15,BR002,MED179,BAT015427,2026-02-05,Western Drugs & Surgicals,13,9.53
2025-11-15,BR002,MED341,BAT015435,2028-10-28,Om Sai Medicorp,1,136.56
2025-11-15,BR002,MED463,BAT015441,2027-09-05,Thane Medico Traders,11,21.86
2025-11-15,BR002,MED470,BAT015437,2027-04-09,Navkar Pharma Agency,11,24.17
2025-11-15,BR002,MED490,BAT015400,2027-04-26,Lifeline Medico Distributors,1,45.16
2025-11-15,BR003,MED021,BAT015401,2028-03-23,Dadar Wholesale Drugs,20,26.95
2025-11-15,BR003,MED142,BAT015398,2026-04-27,Lifeline Medico Distributors,36,40.49
2025-11-15,BR003,MED179,BAT015427,2026-02-05,Western Drugs & Surgicals,6,9.53
2025-11-15,BR003,MED257,BAT015414,2028-10-23,Om Sai Medicorp,29,26.85
2025-11-15,BR003,MED341,BAT015435,2028-10-28,Om Sai Medicorp,14,136.56
2025-11-15,BR003,MED463,BAT015441,2027-09-05,Thane Medico Traders,1,21.86
2025-11-15,BR003,MED490,BAT015400,2027-04-26,Lifeline Medico Distributors,1,45.16
2025-11-16,BR001,MED001,BAT015462,2028-08-13,Goregaon Medi Wholesale,76,17.49
2025-11-16,BR001,MED015,BAT015471,2026-03-25,Western Drugs & Surgicals,39,81.91
2025-11-16,BR001,MED030,BAT015443,2028-10-29,Malad Healthcare Supply,1,49.57
2025-11-16,BR001,MED034,BAT015496,2028-07-02,Konkan Healthcare Traders,78,35.66
2025-11-16,BR001,MED035,BAT015497,2026-08-29,Sahyadri Pharma Distributors,21,17.58
2025-11-16,BR001,MED069,BAT015474,2026-02-21,Chembur Pharma Depot,18,20.96
2025-11-16,BR001,MED073,BAT015488,2028-04-24,Sahyadri Pharma Distributors,25,29.79
2025-11-16,BR001,MED082,BAT015476,2028-05-10,Bhiwandi Drug Depot,43,65.27
2025-11-16,BR001,MED097,BAT015451,2027-06-09,Chembur Pharma Depot,1,93.01
2025-11-16,BR001,MED130,BAT015477,2028-04-21,Goregaon Medi Wholesale,27,50.04
2025-11-16,BR001,MED262,BAT015479,2028-09-24,Arihant Pharma Traders,2,35.14
2025-11-16,BR001,MED344,BAT015481,2028-04-14,Navkar Pharma Agency,43,51.27
2025-11-16,BR001,MED470,BAT015469,2026-03-02,Navkar Pharma Agency,19,28.25
2025-11-16,BR002,MED005,BAT015463,2025-12-16,Mira Road Drug House,54,19.79
2025-11-16,BR002,MED030,BAT015443,2028-10-29,Malad Healthcare Supply,14,49.57
2025-11-16,BR002,MED097,BAT015451,2027-06-09,Chembur Pharma Depot,1,93.01
2025-11-16,BR002,MED130,BAT015477,2028-04-21,Goregaon Medi Wholesale,19,50.04
2025-11-16,BR002,MED262,BAT015479,2028-09-24,Arihant Pharma Traders,2,35.14
2025-11-16,BR002,MED278,BAT015467,2028-10-26,Bombay Medi Supply,20,6.96
2025-11-16,BR003,MED001,BAT015470,2028-06-02,Sai Pharma Distributors,85,20.16
2025-11-16,BR003,MED030,BAT015443,2028-10-29,Malad Healthcare Supply,1,49.57
2025-11-16,BR003,MED097,BAT015451,2027-06-09,Chembur Pharma Depot,1,93.01
2025-11-16,BR003,MED262,BAT015479,2028-09-24,Arihant Pharma Traders,2,35.14
2025-11-17,BR001,MED021,BAT015511,2026-04-16,Dadar Wholesale Drugs,19,25.88
2025-11-17,BR001,MED027,BAT015512,2027-07-10,Siddhivinayak Drug Agency,11,168.94
2025-11-17,BR001,MED106,BAT015522,2027-10-12,Deccan Drug House,10,157.83
2025-11-17,BR001,MED106,BAT015547,2027-10-24,Om Sai Medicorp,1,165.0
2025-11-17,BR001,MED319,BAT015527,2027-05-18,Navkar Pharma Agency,86,179.28
2025-11-17,BR001,MED335,BAT015517,2028-10-11,Siddhivinayak Drug Agency,6,97.17
2025-11-17,BR001,MED341,BAT015556,2028-09-08,Om Sai Medicorp,1,128.16
2025-11-17,BR001,MED411,BAT015518,2026-10-05,Ulhasnagar Drug Centre,19,104.4
2025-11-17,BR002,MED014,BAT015544,2025-12-23,Jai Hind Medical Agencies,61,95.13
2025-11-17,BR002,MED027,BAT015512,2027-07-10,Siddhivinayak Drug Agency,1,168.94
2025-11-17,BR002,MED106,BAT015547,2027-10-24,Om Sai Medicorp,1,165.0
2025-11-17,BR002,MED335,BAT015517,2028-10-11,Siddhivinayak Drug Agency,11,97.17
2025-11-17,BR002,MED341,BAT015556,2028-09-08,Om Sai Medicorp,1,128.16
2025-11-17,BR003,MED002,BAT015506,2026-05-16,Dadar Wholesale Drugs,16,28.25
2025-11-17,BR003,MED027,BAT015512,2027-07-10,Siddhivinayak Drug Agency,1,168.94
2025-11-17,BR003,MED037,BAT015545,2028-05-27,Pioneer Healthcare Distributors,217,97.83
2025-11-17,BR003,MED040,BAT015520,2027-08-15,Pioneer Healthcare Distributors,30,118.41
2025-11-17,BR003,MED063,BAT015531,2028-05-13,Konkan Healthcare Traders,23,26.27
2025-11-17,BR003,MED106,BAT015547,2027-10-24,Om Sai Medicorp,1,165.0
2025-11-17,BR003,MED241,BAT015551,2026-04-21,Konkan Healthcare Traders,40,15.4
2025-11-17,BR003,MED335,BAT015517,2028-10-11,Siddhivinayak Drug Agency,6,97.17
2025-11-17,BR003,MED341,BAT015556,2028-09-08,Om Sai Medicorp,1,128.16
2025-11-18,BR001,MED004,BAT015569,2026-01-10,Chembur Pharma Depot,2,80.9
2025-11-18,BR001,MED027,BAT015578,2027-09-17,Siddhivinayak Drug Agency,1,157.22
2025-11-18,BR001,MED032,BAT015564,2026-03-09,Kalyan Medical Stores,11,8.65
2025-11-18,BR001,MED205,BAT015561,2028-05-21,Arihant Pharma Traders,1,40.36
2025-11-18,BR001,MED257,BAT015598,2028-06-07,Siddhivinayak Drug Agency,34,28.04
2025-11-18,BR001,MED305,BAT015572,2026-01-04,Dadar Wholesale Drugs,57,70.47
2025-11-18,BR001,MED336,BAT015590,2028-06-04,Arihant Pharma Traders,6,129.01
2025-11-18,BR001,MED467,BAT015607,2027-04-02,Apex Pharma Wholesale,5,23.84
2025-11-18,BR002,MED004,BAT015569,2026-01-10,Chembur Pharma Depot,9,80.9
2025-11-18,BR002,MED013,BAT015577,2028-05-05,Ulhasnagar Drug Centre,50,23.68
2025-11-18,BR002,MED027,BAT015578,2027-09-17,Siddhivinayak Drug Agency,1,157.22
2025-11-18,BR002,MED032,BAT015564,2026-03-09,Kalyan Medical Stores,5,8.65
2025-11-18,BR002,MED205,BAT015561,2028-05-21,Arihant Pharma Traders,1,40.36
2025-11-18,BR002,MED247,BAT015609,2027-08-11,Konkan Healthcare Traders,14,51.95
2025-11-18,BR002,MED257,BAT015598,2028-06-07,Siddhivinayak Drug Agency,28,28.04
2025-11-18,BR002,MED305,BAT015600,2028-10-24,Navkar Pharma Agency,49,73.28
2025-11-18,BR002,MED336,BAT015590,2028-06-04,Arihant Pharma Traders,5,129.01
2025-11-18,BR002,MED459,BAT015594,2027-10-24,Navkar Pharma Agency,53,36.86
2025-11-18,BR002,MED467,BAT015607,2027-04-02,Apex Pharma Wholesale,4,23.84
2025-11-18,BR003,MED004,BAT015569,2026-01-10,Chembur Pharma Depot,2,80.9
2025-11-18,BR003,MED011,BAT015576,2028-09-24,Siddhivinayak Drug Agency,188,29.4
2025-11-18,BR003,MED027,BAT015578,2027-09-17,Siddhivinayak Drug Agency,12,157.22
2025-11-18,BR003,MED032,BAT015564,2026-03-09,Kalyan Medical Stores,7,8.65
2025-11-18,BR003,MED038,BAT015579,2028-10-24,Arihant Pharma Traders,13,67.18
2025-11-18,BR003,MED155,BAT015582,2026-05-14,Lifeline Medico Distributors,19,30.18
2025-11-18,BR003,MED205,BAT015561,2028-05-21,Arihant Pharma Traders,1,40.36
2025-11-18,BR003,MED280,BAT015610,2028-06-01,Navkar Pharma Agency,20,7.52
2025-11-18,BR003,MED319,BAT015601,2027-07-18,Navkar Pharma Agency,94,148.67
2025-11-18,BR003,MED336,BAT015590,2028-06-04,Arihant Pharma Traders,6,129.01
2025-11-18,BR003,MED467,BAT015607,2027-04-02,Apex Pharma Wholesale,18,23.84
2025-11-19,BR001,MED019,BAT015632,2026-02-12,Lifeline Medico Distributors,18,62.0
2025-11-19,BR001,MED031,BAT015654,2027-08-29,Thane Medico Traders,29,150.46
2025-11-19,BR001,MED033,BAT015633,2027-07-11,Pioneer Healthcare Distributors,105,39.65
2025-11-19,BR001,MED040,BAT015613,2027-09-16,Neelkanth Pharma Link,29,115.05
2025-11-19,BR001,MED205,BAT015640,2026-01-30,Arihant Pharma Traders,13,36.68
2025-11-19,BR001,MED299,BAT015644,2028-09-12,Bombay Medi Supply,128,72.11
2025-11-19,BR001,MED311,BAT015625,2028-09-26,Neelkanth Pharma Link,40,60.43
2025-11-19,BR001,MED483,BAT015653,2026-04-27,Lifeline Medico Distributors,1,57.13
2025-11-19,BR002,MED007,BAT015631,2028-08-21,Malad Healthcare Supply,65,16.15
2025-11-19,BR002,MED205,BAT015640,2026-01-30,Arihant Pharma Traders,1,36.68
2025-11-19,BR002,MED284,BAT015660,2027-08-27,Sahyadri Pharma Distributors,27,83.0
2025-11-19,BR002,MED343,BAT015657,2028-08-17,Sahyadri Pharma Distributors,18,122.28
2025-11-19,BR002,MED483,BAT015653,2026-04-27,Lifeline Medico Distributors,1,57.13
2025-11-19,BR003,MED013,BAT015614,2028-10-18,Ulhasnagar Drug Centre,57,25.97
2025-11-19,BR003,MED019,BAT015632,2026-02-12,Lifeline Medico Distributors,17,62.0
2025-11-19,BR003,MED039,BAT015634,2028-04-13,Om Sai Medicorp,46,48.88
2025-11-19,BR003,MED205,BAT015640,2026-01-30,Arihant Pharma Traders,1,36.68
2025-11-19,BR003,MED311,BAT015647,2028-07-12,Om Sai Medicorp,41,65.06
2025-11-19,BR003,MED445,BAT015629,2027-10-11,Goregaon Medi Wholesale,19,90.4
2025-11-19,BR003,MED459,BAT015650,2027-10-19,Navkar Pharma Agency,78,31.75
2025-11-19,BR003,MED483,BAT015653,2026-04-27,Lifeline Medico Distributors,13,57.13
2025-11-20,BR001,MED187,BAT015672,2028-11-06,Panvel Pharma Supplies,7,161.68
2025-11-20,BR001,MED205,BAT015693,2028-05-24,Mahalaxmi Pharma Agencies,1,36.63
2025-11-20,BR001,MED294,BAT015695,2028-03-30,Siddhivinayak Drug Agency,7,74.03
2025-11-20,BR001,MED483,BAT015673,2027-03-02,Lifeline Medico Distributors,10,54.77
2025-11-20,BR002,MED038,BAT015688,2028-07-25,Arihant Pharma Traders,12,64.02
2025-11-20,BR002,MED187,BAT015672,2028-11-06,Panvel Pharma Supplies,5,161.68
2025-11-20,BR002,MED205,BAT015693,2028-05-24,Mahalaxmi Pharma Agencies,1,36.63
2025-11-20,BR002,MED294,BAT015695,2028-03-30,Siddhivinayak Drug Agency,6,74.03
2025-11-20,BR003,MED007,BAT015667,2028-03-31,Malad Healthcare Supply,83,17.62
2025-11-20,BR003,MED097,BAT015676,2027-04-16,Deccan Drug House,19,80.11
2025-11-20,BR003,MED187,BAT015672,2028-11-06,Panvel Pharma Supplies,12,161.68
2025-11-20,BR003,MED205,BAT015693,2028-05-24,Mahalaxmi Pharma Agencies,12,36.63
2025-11-20,BR003,MED294,BAT015695,2028-03-30,Siddhivinayak Drug Agency,6,74.03
2025-11-21,BR001,MED043,BAT015718,2027-09-29,Navkar Pharma Agency,58,109.87
2025-11-21,BR001,MED142,BAT015721,2028-07-16,Bombay Medi Supply,45,43.15
2025-11-21,BR001,MED283,BAT015714,2027-03-28,Neelkanth Pharma Link,36,75.37
2025-11-21,BR002,MED021,BAT015706,2028-07-27,Dadar Wholesale Drugs,17,22.15
2025-11-21,BR002,MED031,BAT015708,2026-05-25,Mira Road Drug House,27,125.92
2025-11-21,BR002,MED040,BAT015730,2027-04-24,Pioneer Healthcare Distributors,24,142.62
2025-11-21,BR002,MED073,BAT015745,2028-09-09,Sahyadri Pharma Distributors,19,29.21
2025-11-21,BR003,MED043,BAT015718,2027-09-29,Navkar Pharma Agency,52,109.87
2025-11-22,BR001,MED026,BAT015765,2027-08-19,Goregaon Medi Wholesale,6,55.38
2025-11-22,BR001,MED155,BAT015752,2026-06-06,Lifeline Medico Distributors,1,35.38
2025-11-22,BR002,MED026,BAT015765,2027-08-19,Goregaon Medi Wholesale,12,55.38
2025-11-22,BR002,MED082,BAT015757,2028-08-02,Bhiwandi Drug Depot,32,54.43
2025-11-22,BR002,MED155,BAT015752,2026-06-06,Lifeline Medico Distributors,12,35.38
2025-11-22,BR003,MED026,BAT015765,2027-08-19,Goregaon Medi Wholesale,6,55.38
2025-11-22,BR003,MED155,BAT015752,2026-06-06,Lifeline Medico Distributors,1,35.38
2025-11-22,BR003,MED299,BAT015761,2028-05-15,Bombay Medi Supply,105,75.15
2025-11-22,BR003,MED381,BAT015762,2027-09-24,Neelkanth Pharma Link,114,142.93
2025-11-23,BR001,MED012,BAT015779,2027-10-20,Om Sai Medicorp,141,67.28
2025-11-23,BR001,MED025,BAT015790,2028-05-24,Siddhivinayak Drug Agency,2,41.74
2025-11-23,BR001,MED186,BAT015805,2028-06-07,Bhiwandi Drug Depot,25,185.26
2025-11-23,BR001,MED188,BAT015806,2026-02-02,Western Drugs & Surgicals,7,171.51
2025-11-23,BR001,MED253,BAT015796,2027-08-16,Arihant Pharma Traders,7,67.12
2025-11-23,BR001,MED262,BAT015814,2028-08-24,Arihant Pharma Traders,19,34.08
2025-11-23,BR002,MED015,BAT015801,2026-10-05,Western Drugs & Surgicals,28,88.72
2025-11-23,BR002,MED025,BAT015790,2028-05-24,Siddhivinayak Drug Agency,9,41.74
2025-11-23,BR002,MED188,BAT015806,2026-02-02,Western Drugs & Surgicals,5,171.51
2025-11-23,BR002,MED253,BAT015796,2027-08-16,Arihant Pharma Traders,5,67.12
2025-11-23,BR002,MED262,BAT015814,2028-08-24,Arihant Pharma Traders,4,34.08
2025-11-23,BR002,MED445,BAT015822,2027-08-15,Navkar Pharma Agency,14,86.92
2025-11-23,BR003,MED024,BAT015802,2027-04-10,Om Sai Medicorp,22,83.34
2025-11-23,BR003,MED025,BAT015790,2028-05-24,Siddhivinayak Drug Agency,2,41.74
2025-11-23,BR003,MED188,BAT015806,2026-02-02,Western Drugs & Surgicals,7,171.51
2025-11-23,BR003,MED253,BAT015796,2027-08-16,Arihant Pharma Traders,11,67.12
2025-11-23,BR003,MED262,BAT015814,2028-08-24,Arihant Pharma Traders,5,34.08
2025-11-23,BR003,MED411,BAT015786,2026-01-21,Maharashtra Pharma Link,18,106.73
2025-11-24,BR001,MED013,BAT015829,2028-04-14,Ulhasnagar Drug Centre,59,21.83
2025-11-24,BR001,MED022,BAT015866,2027-05-03,Sahyadri Pharma Distributors,2,48.94
2025-11-24,BR001,MED027,BAT015831,2026-01-21,Siddhivinayak Drug Agency,1,147.2
2025-11-24,BR001,MED038,BAT015867,2028-04-22,Arihant Pharma Traders,15,67.04
2025-11-24,BR001,MED039,BAT015855,2028-07-27,Konkan Healthcare Traders,46,46.54
2025-11-24,BR001,MED155,BAT015842,2026-01-27,Lifeline Medico Distributors,14,35.28
2025-11-24,BR001,MED205,BAT015843,2026-03-11,Western Drugs & Surgicals,1,37.21
2025-11-24,BR001,MED444,BAT015873,2027-04-06,Thane Medico Traders,1,88.21
2025-11-24,BR001,MED459,BAT015863,2027-07-01,Navkar Pharma Agency,79,35.15
2025-11-24,BR001,MED463,BAT015850,2027-05-23,Deccan Drug House,1,19.23
2025-11-24,BR002,MED019,BAT015830,2026-02-23,Lifeline Medico Distributors,12,61.78
2025-11-24,BR002,MED022,BAT015866,2027-05-03,Sahyadri Pharma Distributors,2,48.94
2025-11-24,BR002,MED027,BAT015831,2026-01-21,Siddhivinayak Drug Agency,1,147.2
2025-11-24,BR002,MED039,BAT015855,2028-07-27,Konkan Healthcare Traders,38,46.54
2025-11-24,BR002,MED205,BAT015843,2026-03-11,Western Drugs & Surgicals,1,37.21
2025-11-24,BR002,MED269,BAT015845,2026-01-30,Dadar Wholesale Drugs,97,31.52
2025-11-24,BR002,MED444,BAT015873,2027-04-06,Thane Medico Traders,13,88.21
2025-11-24,BR002,MED463,BAT015850,2027-05-23,Deccan Drug House,1,19.23
2025-11-24,BR003,MED022,BAT015866,2027-05-03,Sahyadri Pharma Distributors,2,48.94
2025-11-24,BR003,MED027,BAT015831,2026-01-21,Siddhivinayak Drug Agency,1,147.2
2025-11-24,BR003,MED033,BAT015854,2027-04-26,Pioneer Healthcare Distributors,95,44.84
2025-11-24,BR003,MED130,BAT015838,2026-02-18,Kalyan Medical Stores,26,52.07
2025-11-24,BR003,MED205,BAT015843,2026-03-11,Western Drugs & Surgicals,1,37.21
2025-11-24,BR003,MED269,BAT015845,2026-01-30,Dadar Wholesale Drugs,109,31.52
2025-11-24,BR003,MED444,BAT015873,2027-04-06,Thane Medico Traders,1,88.21
2025-11-24,BR003,MED463,BAT015850,2027-05-23,Deccan Drug House,1,19.23
2025-11-25,BR001,MED004,BAT015897,2027-07-17,Deccan Drug House,1,79.82
2025-11-25,BR001,MED091,BAT015901,2028-07-04,Goregaon Medi Wholesale,45,19.97
2025-11-25,BR001,MED155,BAT015904,2026-06-22,Lifeline Medico Distributors,1,36.52
2025-11-25,BR001,MED204,BAT015918,2027-04-19,Thane Medico Traders,6,150.26
2025-11-25,BR001,MED241,BAT015934,2026-04-06,Konkan Healthcare Traders,36,18.29
2025-11-25,BR001,MED321,BAT015931,2027-11-07,Sahyadri Pharma Distributors,6,143.81
2025-11-25,BR001,MED341,BAT015910,2028-08-27,Om Sai Medicorp,14,132.93
2025-11-25,BR001,MED381,BAT015892,2027-08-19,Ulhasnagar Drug Centre,113,134.78
2025-11-25,BR001,MED411,BAT015928,2026-11-25,Siddhivinayak Drug Agency,22,107.65
2025-11-25,BR002,MED004,BAT015897,2027-07-17,Deccan Drug House,1,79.82
2025-11-25,BR002,MED069,BAT015899,2028-10-10,Dadar Wholesale Drugs,16,20.3
2025-11-25,BR002,MED098,BAT015884,2026-04-23,Bhiwandi Drug Depot,10,80.91
2025-11-25,BR002,MED155,BAT015904,2026-06-22,Lifeline Medico Distributors,1,36.52
2025-11-25,BR002,MED159,BAT015880,2026-08-17,Malad Healthcare Supply,15,45.08
2025-11-25,BR002,MED204,BAT015918,2027-04-19,Thane Medico Traders,4,150.26
2025-11-25,BR002,MED321,BAT015931,2027-11-07,Sahyadri Pharma Distributors,5,143.81
2025-11-25,BR002,MED341,BAT015910,2028-08-27,Om Sai Medicorp,1,132.93
2025-11-25,BR002,MED344,BAT015911,2028-07-16,Navkar Pharma Agency,39,54.09
2025-11-25,BR003,MED003,BAT015896,2027-06-30,Bhiwandi Drug Depot,14,74.18
2025-11-25,BR003,MED004,BAT015897,2027-07-17,Deccan Drug House,1,79.82
2025-11-25,BR003,MED031,BAT015916,2026-03-14,Western Drugs & Surgicals,41,140.38
2025-11-25,BR003,MED035,BAT015898,2026-04-26,Arihant Pharma Traders,18,14.77
2025-11-25,BR003,MED091,BAT015901,2028-07-04,Goregaon Medi Wholesale,47,19.97
2025-11-25,BR003,MED155,BAT015904,2026-06-22,Lifeline Medico Distributors,1,36.52
2025-11-25,BR003,MED204,BAT015918,2027-04-19,Thane Medico Traders,16,150.26
2025-11-25,BR003,MED321,BAT015931,2027-11-07,Sahyadri Pharma Distributors,6,143.81
2025-11-25,BR003,MED341,BAT015910,2028-08-27,Om Sai Medicorp,1,132.93
2025-11-25,BR003,MED470,BAT015915,2027-04-02,Navkar Pharma Agency,16,26.68
2025-11-26,BR001,MED055,BAT015951,2028-05-11,Shree Ganesh Medico,12,140.13
2025-11-26,BR001,MED098,BAT015955,2027-06-02,Bhiwandi Drug Depot,14,99.54
2025-11-26,BR001,MED315,BAT015941,2027-10-28,Bombay Medi Supply,7,125.34
2025-11-26,BR001,MED470,BAT015981,2027-08-11,Navkar Pharma Agency,1,25.86
2025-11-26,BR002,MED055,BAT015951,2028-05-11,Shree Ganesh Medico,5,140.13
2025-11-26,BR002,MED315,BAT015941,2027-10-28,Bombay Medi Supply,6,125.34
2025-11-26,BR002,MED470,BAT015981,2027-08-11,Navkar Pharma Agency,13,25.86
2025-11-26,BR003,MED015,BAT015943,2027-04-18,Western Drugs & Surgicals,37,91.4
2025-11-26,BR003,MED055,BAT015951,2028-05-11,Shree Ganesh Medico,6,140.13
2025-11-26,BR003,MED315,BAT015941,2027-10-28,Bombay Medi Supply,7,125.34
2025-11-26,BR003,MED463,BAT015972,2027-10-09,Deccan Drug House,14,17.2
2025-11-26,BR003,MED470,BAT015981,2027-08-11,Navkar Pharma Agency,1,25.86
2025-11-27,BR001,MED027,BAT016001,2027-09-07,Siddhivinayak Drug Agency,1,161.73
2025-11-27,BR001,MED103,BAT015988,2027-05-05,Om Sai Medicorp,6,147.97
2025-11-27,BR001,MED205,BAT016020,2028-10-19,Mahalaxmi Pharma Agencies,12,41.5
2025-11-27,BR001,MED213,BAT015989,2028-11-02,Konkan Healthcare Traders,7,21.8
2025-11-27,BR001,MED269,BAT016007,2028-04-09,Dadar Wholesale Drugs,133,30.79
2025-11-27,BR001,MED284,BAT015996,2027-10-04,Dadar Wholesale Drugs,37,71.53
2025-11-27,BR002,MED001,BAT016000,2028-05-10,Goregaon Medi Wholesale,69,18.85
2025-11-27,BR002,MED011,BAT016016,2026-03-14,Siddhivinayak Drug Agency,160,26.23
2025-11-27,BR002,MED027,BAT016001,2027-09-07,Siddhivinayak Drug Agency,10,161.73
2025-11-27,BR002,MED103,BAT015988,2027-05-05,Om Sai Medicorp,5,147.97
2025-11-27,BR002,MED205,BAT016020,2028-10-19,Mahalaxmi Pharma Agencies,1,41.5
2025-11-27,BR002,MED213,BAT015989,2028-11-02,Konkan Healthcare Traders,5,21.8
2025-11-27,BR003,MED027,BAT016001,2027-09-07,Siddhivinayak Drug Agency,1,161.73
2025-11-27,BR003,MED073,BAT016027,2028-07-02,Sahyadri Pharma Distributors,28,26.68
2025-11-27,BR003,MED103,BAT015988,2027-05-05,Om Sai Medicorp,6,147.97
2025-11-27,BR003,MED142,BAT016004,2026-04-11,Mira Road Drug House,44,37.96
2025-11-27,BR003,MED205,BAT016020,2028-10-19,Mahalaxmi Pharma Agencies,1,41.5
2025-11-27,BR003,MED213,BAT015989,2028-11-02,Konkan Healthcare Traders,11,21.8
2025-11-27,BR003,MED280,BAT016029,2028-10-25,Navkar Pharma Agency,21,7.43
2025-11-27,BR003,MED444,BAT016031,2027-06-21,Thane Medico Traders,13,93.36
2025-11-28,BR001,MED007,BAT016071,2026-04-30,Apex Pharma Wholesale,77,15.7
2025-11-28,BR001,MED014,BAT016075,2026-01-04,Jai Hind Medical Agencies,61,110.23
2025-11-28,BR001,MED020,BAT016051,2026-12-07,Apex Pharma Wholesale,5,107.82
2025-11-28,BR001,MED029,BAT016048,2027-04-09,Ulhasnagar Drug Centre,12,25.55
2025-11-28,BR001,MED339,BAT016073,2026-02-27,Pioneer Healthcare Distributors,5,138.62
2025-11-28,BR001,MED341,BAT016059,2028-09-13,Om Sai Medicorp,1,138.97
2025-11-28,BR001,MED421,BAT016070,2027-05-26,Vashi Pharma Hub,7,154.49
2025-11-28,BR001,MED463,BAT016081,2027-04-15,Thane Medico Traders,1,22.03
2025-11-28,BR001,MED480,BAT016047,2028-09-22,Panvel Pharma Supplies,1,50.04
2025-11-28,BR001,MED483,BAT016064,2027-03-23,Lifeline Medico Distributors,2,60.91
2025-11-28,BR002,MED020,BAT016051,2026-12-07,Apex Pharma Wholesale,4,107.82
2025-11-28,BR002,MED029,BAT016048,2027-04-09,Ulhasnagar Drug Centre,5,25.55
2025-11-28,BR002,MED186,BAT016041,2026-04-04,Mira Road Drug House,21,158.55
2025-11-28,BR002,MED339,BAT016073,2026-02-27,Pioneer Healthcare Distributors,5,138.62
2025-11-28,BR002,MED341,BAT016059,2028-09-13,Om Sai Medicorp,1,138.97
2025-11-28,BR002,MED421,BAT016070,2027-05-26,Vashi Pharma Hub,5,154.49
2025-11-28,BR002,MED463,BAT016081,2027-04-15,Thane Medico Traders,10,22.03
2025-11-28,BR002,MED480,BAT016047,2028-09-22,Panvel Pharma Supplies,1,50.04
2025-11-28,BR002,MED483,BAT016064,2027-03-23,Lifeline Medico Distributors,9,60.91
2025-11-28,BR003,MED020,BAT016051,2026-12-07,Apex Pharma Wholesale,5,107.82
2025-11-28,BR003,MED029,BAT016048,2027-04-09,Ulhasnagar Drug Centre,6,25.55
2025-11-28,BR003,MED069,BAT016054,2026-02-22,Chembur Pharma Depot,22,21.76
2025-11-28,BR003,MED339,BAT016073,2026-02-27,Pioneer Healthcare Distributors,16,138.62
2025-11-28,BR003,MED341,BAT016059,2028-09-13,Om Sai Medicorp,1,138.97
2025-11-28,BR003,MED421,BAT016070,2027-05-26,Vashi Pharma Hub,6,154.49
2025-11-28,BR003,MED463,BAT016081,2027-04-15,Thane Medico Traders,1,22.03
2025-11-28,BR003,MED480,BAT016047,2028-09-22,Panvel Pharma Supplies,13,50.04
2025-11-28,BR003,MED483,BAT016064,2027-03-23,Lifeline Medico Distributors,2,60.91
2025-11-29,BR001,MED009,BAT016105,2027-07-28,Konkan Healthcare Traders,70,60.08
2025-11-29,BR001,MED025,BAT016082,2028-07-21,Siddhivinayak Drug Agency,1,45.97
2025-11-29,BR001,MED027,BAT016091,2027-04-17,Siddhivinayak Drug Agency,15,148.54
2025-11-29,BR001,MED319,BAT016107,2027-07-21,Navkar Pharma Agency,85,149.42
2025-11-29,BR001,MED411,BAT016096,2027-03-17,Ulhasnagar Drug Centre,1,111.07
2025-11-29,BR001,MED444,BAT016122,2027-06-08,Thane Medico Traders,14,90.17
2025-11-29,BR001,MED470,BAT016104,2027-08-20,Navkar Pharma Agency,20,27.79
2025-11-29,BR001,MED490,BAT016086,2027-08-21,Lifeline Medico Distributors,1,48.09
2025-11-29,BR002,MED025,BAT016082,2028-07-21,Siddhivinayak Drug Agency,1,45.97
2025-11-29,BR002,MED043,BAT016114,2026-02-21,Navkar Pharma Agency,53,116.68
2025-11-29,BR002,MED280,BAT016115,2028-04-11,Navkar Pharma Agency,19,7.33
2025-11-29,BR002,MED319,BAT016117,2027-07-29,Navkar Pharma Agency,73,166.92
2025-11-29,BR002,MED411,BAT016096,2027-03-17,Ulhasnagar Drug Centre,14,111.07
2025-11-29,BR002,MED444,BAT016122,2027-06-08,Thane Medico Traders,1,90.17
2025-11-29,BR002,MED490,BAT016086,2027-08-21,Lifeline Medico Distributors,1,48.09
2025-11-29,BR003,MED025,BAT016082,2028-07-21,Siddhivinayak Drug Agency,11,45.97
2025-11-29,BR003,MED411,BAT016096,2027-03-17,Ulhasnagar Drug Centre,1,111.07
2025-11-29,BR003,MED444,BAT016122,2027-06-08,Thane Medico Traders,1,90.17
2025-11-29,BR003,MED490,BAT016086,2027-08-21,Lifeline Medico Distributors,11,48.09
2025-11-30,BR001,MED038,BAT016165,2026-03-29,Arihant Pharma Traders,1,65.7
2025-11-30,BR001,MED073,BAT016155,2028-04-04,Sahyadri Pharma Distributors,25,31.3
2025-11-30,BR001,MED155,BAT016137,2026-05-28,Lifeline Medico Distributors,1,33.83
2025-11-30,BR001,MED205,BAT016158,2028-09-17,Arihant Pharma Traders,1,39.32
2025-11-30,BR001,MED405,BAT016131,2028-11-07,Arihant Pharma Traders,6,361.91
2025-11-30,BR001,MED445,BAT016176,2027-05-20,Navkar Pharma Agency,19,87.14
2025-11-30,BR002,MED012,BAT016164,2027-06-10,Om Sai Medicorp,124,78.33
2025-11-30,BR002,MED017,BAT016135,2026-02-27,Mira Road Drug House,39,21.77
2025-11-30,BR002,MED038,BAT016165,2026-03-29,Arihant Pharma Traders,1,65.7
2025-11-30,BR002,MED142,BAT016132,2028-09-09,Mira Road Drug House,33,39.71
2025-11-30,BR002,MED155,BAT016137,2026-05-28,Lifeline Medico Distributors,1,33.83
2025-11-30,BR002,MED205,BAT016158,2028-09-17,Arihant Pharma Traders,10,39.32
2025-11-30,BR002,MED405,BAT016131,2028-11-07,Arihant Pharma Traders,5,361.91
2025-11-30,BR003,MED005,BAT016143,2028-08-10,Mira Road Drug House,63,23.6
2025-11-30,BR003,MED038,BAT016165,2026-03-29,Arihant Pharma Traders,1,65.7
2025-11-30,BR003,MED155,BAT016137,2026-05-28,Lifeline Medico Distributors,1,33.83
2025-11-30,BR003,MED205,BAT016158,2028-09-17,Arihant Pharma Traders,1,39.32
2025-11-30,BR003,MED405,BAT016131,2028-11-07,Arihant Pharma Traders,6,361.91
2025-11-30,BR003,MED445,BAT016176,2027-05-20,Navkar Pharma Agency,19,87.14
2025-12-01,BR001,MED278,BAT016188,2028-06-08,Bombay Medi Supply,23,5.86
2025-12-01,BR001,MED344,BAT016224,2028-09-24,Navkar Pharma Agency,49,51.69
2025-12-01,BR001,MED443,BAT016192,2027-05-30,Ulhasnagar Drug Centre,24,98.01
2025-12-01,BR001,MED480,BAT016187,2025-12-25,Panvel Pharma Supplies,12,51.47
2025-12-01,BR002,MED247,BAT016210,2027-10-21,Konkan Healthcare Traders,18,55.17
2025-12-01,BR002,MED459,BAT016218,2027-07-27,Navkar Pharma Agency,55,30.47
2025-12-01,BR002,MED480,BAT016187,2025-12-25,Panvel Pharma Supplies,1,51.47
2025-12-01,BR003,MED155,BAT016197,2026-01-27,Lifeline Medico Distributors,14,35.8
2025-12-01,BR003,MED344,BAT016224,2028-09-24,Navkar Pharma Agency,48,51.69
2025-12-01,BR003,MED480,BAT016187,2025-12-25,Panvel Pharma Supplies,1,51.47
2025-12-02,BR001,MED003,BAT016243,2027-04-24,Om Sai Medicorp,15,68.79
2025-12-02,BR001,MED003,BAT016265,2027-10-25,Goregaon Medi Wholesale,1,65.18
2025-12-02,BR001,MED011,BAT016233,2028-08-21,Siddhivinayak Drug Agency,182,26.1
2025-12-02,BR001,MED097,BAT016235,2027-06-02,Chembur Pharma Depot,17,89.25
2025-12-02,BR001,MED159,BAT016250,2026-06-29,Malad Healthcare Supply,18,45.72
2025-12-02,BR002,MED003,BAT016265,2027-10-25,Goregaon Medi Wholesale,1,65.18
2025-12-02,BR002,MED037,BAT016268,2028-07-01,Pioneer Healthcare Distributors,184,105.4
2025-12-02,BR002,MED278,BAT016240,2028-09-04,Bombay Medi Supply,20,6.15
2025-12-02,BR003,MED003,BAT016265,2027-10-25,Goregaon Medi Wholesale,1,65.18
2025-12-02,BR003,MED014,BAT016266,2028-04-24,Jai Hind Medical Agencies,68,108.96
2025-12-02,BR003,MED017,BAT016226,2026-01-16,Mira Road Drug House,48,21.94
2025-12-02,BR003,MED027,BAT016267,2027-05-25,Siddhivinayak Drug Agency,13,157.47
2025-12-03,BR001,MED002,BAT016290,2028-05-06,Dadar Wholesale Drugs,1,28.93
2025-12-03,BR001,MED015,BAT016297,2026-05-12,Kalyan Medical Stores,45,86.31
2025-12-03,BR001,MED031,BAT016315,2027-04-26,Thane Medico Traders,36,160.82
2025-12-03,BR001,MED173,BAT016302,2028-10-01,Shree Ganesh Medico,133,16.49
2025-12-03,BR001,MED205,BAT016304,2028-09-16,Arihant Pharma Traders,1,42.14
2025-12-03,BR001,MED280,BAT016306,2028-07-28,Navkar Pharma Agency,23,6.8
2025-12-03,BR001,MED294,BAT016308,2028-06-30,Om Sai Medicorp,6,70.33
2025-12-03,BR002,MED002,BAT016290,2028-05-06,Dadar Wholesale Drugs,14,28.93
2025-12-03,BR002,MED173,BAT016291,2028-09-18,Maharashtra Pharma Link,93,15.81
2025-12-03,BR002,MED205,BAT016304,2028-09-16,Arihant Pharma Traders,1,42.14
2025-12-03,BR002,MED241,BAT016313,2026-10-05,Konkan Healthcare Traders,23,16.36
2025-12-03,BR002,MED294,BAT016308,2028-06-30,Om Sai Medicorp,11,70.33
2025-12-03,BR003,MED002,BAT016290,2028-05-06,Dadar Wholesale Drugs,1,28.93
2025-12-03,BR003,MED173,BAT016302,2028-10-01,Shree Ganesh Medico,133,16.49
2025-12-03,BR003,MED205,BAT016304,2028-09-16,Arihant Pharma Traders,1,42.14
2025-12-03,BR003,MED294,BAT016308,2028-06-30,Om Sai Medicorp,6,70.33
2025-12-04,BR001,MED017,BAT016330,2026-01-30,Mira Road Drug House,60,19.43
2025-12-04,BR001,MED069,BAT016333,2028-06-09,Chembur Pharma Depot,23,25.69
2025-12-04,BR001,MED155,BAT016337,2026-06-16,Lifeline Medico Distributors,15,31.98
2025-12-04,BR001,MED440,BAT016329,2026-12-15,Maharashtra Pharma Link,18,140.25
2025-12-04,BR001,MED480,BAT016346,2028-09-26,Panvel Pharma Supplies,1,47.25
2025-12-04,BR001,MED498,BAT016350,2026-04-18,Dadar Wholesale Drugs,7,92.15
2025-12-04,BR002,MED063,BAT016332,2026-04-16,Chembur Pharma Depot,16,30.72
2025-12-04,BR002,MED155,BAT016337,2026-06-16,Lifeline Medico Distributors,14,31.98
2025-12-04,BR002,MED311,BAT016342,2028-07-24,Neelkanth Pharma Link,33,74.7
2025-12-04,BR002,MED440,BAT016329,2026-12-15,Maharashtra Pharma Link,4,140.25
2025-12-04,BR002,MED480,BAT016346,2028-09-26,Panvel Pharma Supplies,12,47.25
2025-12-04,BR002,MED498,BAT016350,2026-04-18,Dadar Wholesale Drugs,5,92.15
2025-12-04,BR003,MED440,BAT016329,2026-12-15,Maharashtra Pharma Link,5,140.25
2025-12-04,BR003,MED459,BAT016345,2027-11-13,Deccan Drug House,77,31.19
2025-12-04,BR003,MED480,BAT016346,2028-09-26,Panvel Pharma Supplies,1,47.25
2025-12-04,BR003,MED498,BAT016350,2026-04-18,Dadar Wholesale Drugs,7,92.15
2025-12-05,BR001,MED022,BAT016397,2027-07-12,Sahyadri Pharma Distributors,1,53.33
2025-12-05,BR001,MED037,BAT016375,2028-10-02,Pioneer Healthcare Distributors,200,95.89
2025-12-05,BR001,MED038,BAT016386,2028-11-13,Arihant Pharma Traders,1,61.24
2025-12-05,BR001,MED142,BAT016376,2026-01-09,Mira Road Drug House,41,41.92
2025-12-05,BR001,MED268,BAT016403,2028-11-02,Sahyadri Pharma Distributors,6,37.7
2025-12-05,BR001,MED290,BAT016392,2027-11-20,Konkan Healthcare Traders,12,109.29
2025-12-05,BR001,MED463,BAT016396,2027-07-18,Deccan Drug House,13,18.07
2025-12-05,BR001,MED490,BAT016371,2026-04-11,Lifeline Medico Distributors,2,42.15
2025-12-05,BR002,MED013,BAT016365,2028-09-04,Ulhasnagar Drug Centre,61,25.62
2025-12-05,BR002,MED022,BAT016397,2027-07-12,Sahyadri Pharma Distributors,1,53.33
2025-12-05,BR002,MED033,BAT016374,2027-07-15,Pioneer Healthcare Distributors,67,44.12
2025-12-05,BR002,MED038,BAT016386,2028-11-13,Arihant Pharma Traders,1,61.24
2025-12-05,BR002,MED152,BAT016366,2026-09-23,Maharashtra Pharma Link,20,36.52
2025-12-05,BR002,MED268,BAT016403,2028-11-02,Sahyadri Pharma Distributors,5,37.7
2025-12-05,BR002,MED290,BAT016392,2027-11-20,Konkan Healthcare Traders,6,109.29
2025-12-05,BR002,MED299,BAT016369,2028-07-19,Bombay Medi Supply,112,73.18
2025-12-05,BR002,MED463,BAT016396,2027-07-18,Deccan Drug House,1,18.07
2025-12-05,BR002,MED490,BAT016371,2026-04-11,Lifeline Medico Distributors,1,42.15
2025-12-05,BR003,MED013,BAT016365,2028-09-04,Ulhasnagar Drug Centre,63,25.62
2025-12-05,BR003,MED022,BAT016397,2027-07-12,Sahyadri Pharma Distributors,10,53.33
2025-12-05,BR003,MED038,BAT016386,2028-11-13,Arihant Pharma Traders,13,61.24
2025-12-05,BR003,MED268,BAT016403,2028-11-02,Sahyadri Pharma Distributors,12,37.7
2025-12-05,BR003,MED269,BAT016377,2028-10-15,Dadar Wholesale Drugs,120,33.36
2025-12-05,BR003,MED284,BAT016391,2027-08-10,Sahyadri Pharma Distributors,34,86.88
2025-12-05,BR003,MED290,BAT016392,2027-11-20,Konkan Healthcare Traders,6,109.29
2025-12-05,BR003,MED463,BAT016396,2027-07-18,Deccan Drug House,1,18.07
2025-12-05,BR003,MED490,BAT016371,2026-04-11,Lifeline Medico Distributors,2,42.15
2025-12-06,BR001,MED002,BAT016412,2028-06-20,Dadar Wholesale Drugs,17,26.79
2025-12-06,BR001,MED005,BAT016413,2028-11-22,Mira Road Drug House,71,19.56
2025-12-06,BR001,MED040,BAT016407,2027-11-11,Neelkanth Pharma Link,27,115.37
2025-12-06,BR001,MED044,BAT016432,2028-04-23,Jai Hind Medical Agencies,5,288.14
2025-12-06,BR001,MED130,BAT016436,2028-09-17,Goregaon Medi Wholesale,24,50.17
2025-12-06,BR001,MED247,BAT016451,2027-04-17,Konkan Healthcare Traders,21,55.98
2025-12-06,BR001,MED341,BAT016448,2028-04-19,Om Sai Medicorp,1,127.25
2025-12-06,BR001,MED417,BAT016444,2027-05-20,Vashi Pharma Hub,7,84.23
2025-12-06,BR001,MED422,BAT016454,2027-09-08,Jai Hind Medical Agencies,8,118.28
2025-12-06,BR001,MED464,BAT016456,2026-06-14,Mahalaxmi Pharma Agencies,6,18.46
2025-12-06,BR001,MED480,BAT016422,2028-06-26,Panvel Pharma Supplies,1,55.65
2025-12-06,BR002,MED014,BAT016449,2028-04-26,Jai Hind Medical Agencies,56,102.34
2025-12-06,BR002,MED034,BAT016445,2028-11-18,Konkan Healthcare Traders,51,37.65
2025-12-06,BR002,MED044,BAT016432,2028-04-23,Jai Hind Medical Agencies,4,288.14
2025-12-06,BR002,MED269,BAT016424,2028-08-22,Dadar Wholesale Drugs,88,28.56
2025-12-06,BR002,MED341,BAT016448,2028-04-19,Om Sai Medicorp,12,127.25
2025-12-06,BR002,MED381,BAT016420,2027-06-28,Neelkanth Pharma Link,97,141.68
2025-12-06,BR002,MED417,BAT016444,2027-05-20,Vashi Pharma Hub,10,84.23
2025-12-06,BR002,MED422,BAT016454,2027-09-08,Jai Hind Medical Agencies,5,118.28
2025-12-06,BR002,MED464,BAT016456,2026-06-14,Mahalaxmi Pharma Agencies,5,18.46
2025-12-06,BR002,MED480,BAT016422,2028-06-26,Panvel Pharma Supplies,1,55.65
2025-12-06,BR003,MED001,BAT016431,2026-05-16,Sai Pharma Distributors,83,18.73
2025-12-06,BR003,MED044,BAT016432,2028-04-23,Jai Hind Medical Agencies,5,288.14
2025-12-06,BR003,MED319,BAT016426,2027-10-28,Navkar Pharma Agency,94,149.59
2025-12-06,BR003,MED341,BAT016448,2028-04-19,Om Sai Medicorp,1,127.25
2025-12-06,BR003,MED411,BAT016421,2026-10-27,Ulhasnagar Drug Centre,18,109.78
2025-12-06,BR003,MED417,BAT016444,2027-05-20,Vashi Pharma Hub,6,84.23
2025-12-06,BR003,MED422,BAT016454,2027-09-08,Jai Hind Medical Agencies,7,118.28
2025-12-06,BR003,MED464,BAT016456,2026-06-14,Mahalaxmi Pharma Agencies,12,18.46
2025-12-06,BR003,MED480,BAT016422,2028-06-26,Panvel Pharma Supplies,1,55.65
2025-12-07,BR001,MED115,BAT016488,2027-09-15,Sai Pharma Distributors,12,117.92
2025-12-07,BR001,MED312,BAT016458,2028-09-17,Arihant Pharma Traders,6,56.39
2025-12-07,BR001,MED335,BAT016496,2028-09-28,Om Sai Medicorp,7,105.75
2025-12-07,BR001,MED403,BAT016504,2028-08-11,Konkan Healthcare Traders,5,394.58
2025-12-07,BR002,MED009,BAT016473,2027-11-04,Arihant Pharma Traders,53,64.49
2025-12-07,BR002,MED082,BAT016485,2028-08-16,Om Sai Medicorp,34,56.35
2025-12-07,BR002,MED097,BAT016476,2026-04-18,Chembur Pharma Depot,14,89.77
2025-12-07,BR002,MED115,BAT016488,2027-09-15,Sai Pharma Distributors,5,117.92
2025-12-07,BR002,MED130,BAT016465,2028-11-10,Deccan Drug House,20,44.73
2025-12-07,BR002,MED283,BAT016468,2027-07-01,Neelkanth Pharma Link,38,82.83
2025-12-07,BR002,MED312,BAT016458,2028-09-17,Arihant Pharma Traders,5,56.39
2025-12-07,BR002,MED335,BAT016496,2028-09-28,Om Sai Medicorp,6,105.75
2025-12-07,BR002,MED403,BAT016504,2028-08-11,Konkan Healthcare Traders,4,394.58
2025-12-07,BR003,MED034,BAT016474,2028-10-22,Western Drugs & Surgicals,65,33.52
2025-12-07,BR003,MED115,BAT016488,2027-09-15,Sai Pharma Distributors,6,117.92
2025-12-07,BR003,MED312,BAT016458,2028-09-17,Arihant Pharma Traders,12,56.39
2025-12-07,BR003,MED335,BAT016496,2028-09-28,Om Sai Medicorp,7,105.75
2025-12-07,BR003,MED403,BAT016504,2028-08-11,Konkan Healthcare Traders,5,394.58
2025-12-07,BR003,MED443,BAT016472,2027-04-25,Ulhasnagar Drug Centre,24,91.29
2025-12-08,BR001,MED018,BAT016543,2027-05-10,Thane Medico Traders,15,102.66
2025-12-08,BR001,MED025,BAT016527,2028-04-19,Siddhivinayak Drug Agency,2,47.59
2025-12-08,BR001,MED033,BAT016560,2026-04-30,Pioneer Healthcare Distributors,100,42.11
2025-12-08,BR001,MED043,BAT016528,2027-07-31,Navkar Pharma Agency,58,122.12
2025-12-08,BR001,MED082,BAT016508,2028-10-16,Bhiwandi Drug Depot,52,55.2
2025-12-08,BR001,MED098,BAT016547,2027-06-23,Bhiwandi Drug Depot,1,99.12
2025-12-08,BR001,MED100,BAT016517,2026-01-24,Kalyan Medical Stores,7,88.12
2025-12-08,BR001,MED152,BAT016533,2026-11-05,Maharashtra Pharma Link,22,37.44
2025-12-08,BR001,MED405,BAT016571,2028-06-25,Arihant Pharma Traders,15,317.64
2025-12-08,BR002,MED005,BAT016514,2028-10-05,Mira Road Drug House,52,23.28
2025-12-08,BR002,MED018,BAT016543,2027-05-10,Thane Medico Traders,4,102.66
2025-12-08,BR002,MED025,BAT016527,2028-04-19,Siddhivinayak Drug Agency,1,47.59
2025-12-08,BR002,MED098,BAT016547,2027-06-23,Bhiwandi Drug Depot,1,99.12
2025-12-08,BR002,MED100,BAT016517,2026-01-24,Kalyan Medical Stores,5,88.12
2025-12-08,BR002,MED257,BAT016551,2028-08-22,Om Sai Medicorp,29,27.28
2025-12-08,BR002,MED343,BAT016569,2028-05-22,Sahyadri Pharma Distributors,21,140.7
2025-12-08,BR002,MED405,BAT016571,2028-06-25,Arihant Pharma Traders,5,317.64
2025-12-08,BR002,MED443,BAT016507,2027-10-30,Ulhasnagar Drug Centre,21,96.82
2025-12-08,BR003,MED009,BAT016526,2027-08-20,Arihant Pharma Traders,73,59.8
2025-12-08,BR003,MED012,BAT016542,2027-05-18,Konkan Healthcare Traders,139,81.35
2025-12-08,BR003,MED018,BAT016543,2027-05-10,Thane Medico Traders,6,102.66
2025-12-08,BR003,MED025,BAT016527,2028-04-19,Siddhivinayak Drug Agency,2,47.59
2025-12-08,BR003,MED033,BAT016560,2026-04-30,Pioneer Healthcare Distributors,95,42.11
2025-12-08,BR003,MED037,BAT016545,2028-04-23,Pioneer Healthcare Distributors,206,91.18
2025-12-08,BR003,MED043,BAT016528,2027-07-31,Navkar Pharma Agency,57,122.12
2025-12-08,BR003,MED063,BAT016515,2026-04-10,Lifeline Medico Distributors,20,29.48
2025-12-08,BR003,MED098,BAT016547,2027-06-23,Bhiwandi Drug Depot,13,99.12
2025-12-08,BR003,MED100,BAT016517,2026-01-24,Kalyan Medical Stores,6,88.12
2025-12-08,BR003,MED257,BAT016551,2028-08-22,Om Sai Medicorp,35,27.28
2025-12-08,BR003,MED305,BAT016553,2028-09-16,Navkar Pharma Agency,56,76.97
2025-12-08,BR003,MED343,BAT016569,2028-05-22,Sahyadri Pharma Distributors,31,140.7
2025-12-08,BR003,MED405,BAT016571,2028-06-25,Arihant Pharma Traders,6,317.64
2025-12-09,BR001,MED001,BAT016595,2028-09-05,Goregaon Medi Wholesale,93,19.34
2025-12-09,BR001,MED004,BAT016596,2027-11-24,Bhiwandi Drug Depot,12,90.91
2025-12-09,BR001,MED319,BAT016615,2027-09-12,Navkar Pharma Agency,96,177.34
2025-12-09,BR001,MED381,BAT016589,2027-05-14,Ulhasnagar Drug Centre,115,130.78
2025-12-09,BR001,MED463,BAT016621,2027-07-09,Thane Medico Traders,1,22.15
2025-12-09,BR002,MED004,BAT016596,2027-11-24,Bhiwandi Drug Depot,1,90.91
2025-12-09,BR002,MED015,BAT016585,2027-02-28,Western Drugs & Surgicals,27,78.75
2025-12-09,BR002,MED463,BAT016621,2027-07-09,Thane Medico Traders,1,22.15
2025-12-09,BR003,MED004,BAT016596,2027-11-24,Bhiwandi Drug Depot,1,90.91
2025-12-09,BR003,MED073,BAT016613,2028-05-08,Sahyadri Pharma Distributors,31,28.12
2025-12-09,BR003,MED142,BAT016587,2028-07-10,Bombay Medi Supply,38,39.47
2025-12-09,BR003,MED463,BAT016621,2027-07-09,Thane Medico Traders,1,22.15
2025-12-10,BR001,MED027,BAT016625,2027-10-29,Siddhivinayak Drug Agency,1,143.22
2025-12-10,BR001,MED092,BAT016639,2028-09-21,Apex Pharma Wholesale,6,20.38
2025-12-10,BR001,MED106,BAT016622,2027-06-05,Om Sai Medicorp,1,180.36
2025-12-10,BR001,MED220,BAT016662,2027-07-23,Arihant Pharma Traders,7,44.95
2025-12-10,BR001,MED269,BAT016645,2028-05-26,Dadar Wholesale Drugs,123,33.32
2025-12-10,BR001,MED459,BAT016667,2027-05-15,Navkar Pharma Agency,70,32.91
2025-12-10,BR001,MED480,BAT016660,2028-05-26,Panvel Pharma Supplies,1,55.95
2025-12-10,BR002,MED027,BAT016625,2027-10-29,Siddhivinayak Drug Agency,1,143.22
2025-12-10,BR002,MED092,BAT016639,2028-09-21,Apex Pharma Wholesale,4,20.38
2025-12-10,BR002,MED106,BAT016622,2027-06-05,Om Sai Medicorp,1,180.36
2025-12-10,BR002,MED220,BAT016662,2027-07-23,Arihant Pharma Traders,5,44.95
2025-12-10,BR002,MED445,BAT016655,2026-05-06,Navkar Pharma Agency,16,84.0
2025-12-10,BR002,MED459,BAT016667,2027-05-15,Navkar Pharma Agency,53,32.91
2025-12-10,BR002,MED480,BAT016660,2028-05-26,Panvel Pharma Supplies,1,55.95
2025-12-10,BR003,MED027,BAT016625,2027-10-29,Siddhivinayak Drug Agency,12,143.22
2025-12-10,BR003,MED082,BAT016626,2028-05-19,Bhiwandi Drug Depot,51,60.82
2025-12-10,BR003,MED092,BAT016639,2028-09-21,Apex Pharma Wholesale,6,20.38
2025-12-10,BR003,MED106,BAT016622,2027-06-05,Om Sai Medicorp,10,180.36
2025-12-10,BR003,MED220,BAT016662,2027-07-23,Arihant Pharma Traders,7,44.95
2025-12-10,BR003,MED445,BAT016665,2027-07-14,Navkar Pharma Agency,19,93.05
2025-12-10,BR003,MED480,BAT016660,2028-05-26,Panvel Pharma Supplies,1,55.95
2025-12-11,BR001,MED013,BAT016681,2028-05-25,Ulhasnagar Drug Centre,78,23.72
2025-12-11,BR001,MED019,BAT016672,2026-11-13,Lifeline Medico Distributors,1,64.22
2025-12-11,BR001,MED027,BAT016691,2027-10-20,Siddhivinayak Drug Agency,13,141.87
2025-12-11,BR001,MED427,BAT016688,2027-06-03,Siddhivinayak Drug Agency,8,172.92
2025-12-11,BR002,MED019,BAT016672,2026-11-13,Lifeline Medico Distributors,1,64.22
2025-12-11,BR002,MED027,BAT016691,2027-10-20,Siddhivinayak Drug Agency,1,141.87
2025-12-11,BR002,MED031,BAT016673,2026-05-08,Mira Road Drug House,28,143.71
2025-12-11,BR002,MED427,BAT016688,2027-06-03,Siddhivinayak Drug Agency,5,172.92
2025-12-11,BR003,MED019,BAT016672,2026-11-13,Lifeline Medico Distributors,1,64.22
2025-12-11,BR003,MED027,BAT016691,2027-10-20,Siddhivinayak Drug Agency,1,141.87
2025-12-11,BR003,MED381,BAT016680,2027-11-02,Ulhasnagar Drug Centre,119,136.25
2025-12-11,BR003,MED427,BAT016688,2027-06-03,Siddhivinayak Drug Agency,7,172.92
2025-12-12,BR001,MED010,BAT016741,2028-11-03,Vasai Virar Medico,6,46.79
2025-12-12,BR001,MED063,BAT016700,2026-03-08,Lifeline Medico Distributors,17,29.66
2025-12-12,BR001,MED299,BAT016724,2026-05-25,Bombay Medi Supply,114,68.6
2025-12-12,BR001,MED483,BAT016740,2026-11-15,Vasai Virar Medico,2,57.01
2025-12-12,BR002,MED001,BAT016731,2028-11-10,Goregaon Medi Wholesale,62,17.56
2025-12-12,BR002,MED010,BAT016741,2028-11-03,Vasai Virar Medico,4,46.79
2025-12-12,BR002,MED073,BAT016713,2028-04-17,Goregaon Medi Wholesale,18,28.64
2025-12-12,BR002,MED091,BAT016702,2028-06-18,Goregaon Medi Wholesale,38,17.81
2025-12-12,BR002,MED319,BAT016735,2027-09-12,Navkar Pharma Agency,74,174.6
2025-12-12,BR002,MED470,BAT016739,2027-05-19,Navkar Pharma Agency,14,27.94
2025-12-12,BR002,MED483,BAT016740,2026-11-15,Vasai Virar Medico,1,57.01
2025-12-12,BR003,MED010,BAT016741,2028-11-03,Vasai Virar Medico,5,46.79
2025-12-12,BR003,MED069,BAT016712,2028-07-03,Dadar Wholesale Drugs,21,20.49
2025-12-12,BR003,MED159,BAT016705,2026-11-26,Ulhasnagar Drug Centre,19,43.92
2025-12-12,BR003,MED186,BAT016719,2028-09-11,Mira Road Drug House,25,151.7
2025-12-12,BR003,MED280,BAT016722,2028-06-21,Navkar Pharma Agency,22,6.88
2025-12-12,BR003,MED299,BAT016724,2026-05-25,Bombay Medi Supply,110,68.6
2025-12-12,BR003,MED483,BAT016740,2026-11-15,Vasai Virar Medico,2,57.01
2025-12-13,BR001,MED025,BAT016766,2028-09-02,Siddhivinayak Drug Agency,1,41.34
2025-12-13,BR001,MED027,BAT016767,2027-08-27,Siddhivinayak Drug Agency,2,159.94
2025-12-13,BR001,MED091,BAT016759,2028-08-13,Goregaon Medi Wholesale,44,20.84
2025-12-13,BR001,MED120,BAT016783,2027-05-18,Om Sai Medicorp,6,84.95
2025-12-13,BR001,MED205,BAT016771,2028-07-25,Arihant Pharma Traders,12,37.09
2025-12-13,BR001,MED205,BAT016792,2028-09-04,Mahalaxmi Pharma Agencies,1,35.82
2025-12-13,BR001,MED214,BAT016786,2027-09-22,Sahyadri Pharma Distributors,6,39.84
2025-12-13,BR001,MED470,BAT016791,2026-01-06,Navkar Pharma Agency,16,25.25
2025-12-13,BR001,MED487,BAT016757,2026-02-03,Dadar Wholesale Drugs,6,104.57
2025-12-13,BR002,MED025,BAT016766,2028-09-02,Siddhivinayak Drug Agency,1,41.34
2025-12-13,BR002,MED027,BAT016767,2027-08-27,Siddhivinayak Drug Agency,9,159.94
2025-12-13,BR002,MED120,BAT016783,2027-05-18,Om Sai Medicorp,4,84.95
2025-12-13,BR002,MED205,BAT016792,2028-09-04,Mahalaxmi Pharma Agencies,1,35.82
2025-12-13,BR002,MED214,BAT016786,2027-09-22,Sahyadri Pharma Distributors,5,39.84
2025-12-13,BR002,MED344,BAT016773,2028-04-20,Navkar Pharma Agency,34,53.86
2025-12-13,BR002,MED487,BAT016757,2026-02-03,Dadar Wholesale Drugs,5,104.57
2025-12-13,BR003,MED025,BAT016766,2028-09-02,Siddhivinayak Drug Agency,1,41.34
2025-12-13,BR003,MED027,BAT016767,2027-08-27,Siddhivinayak Drug Agency,2,159.94
2025-12-13,BR003,MED040,BAT016745,2027-10-03,Neelkanth Pharma Link,27,119.45
2025-12-13,BR003,MED097,BAT016760,2027-08-17,Deccan Drug House,17,95.25
2025-12-13,BR003,MED120,BAT016783,2027-05-18,Om Sai Medicorp,6,84.95
2025-12-13,BR003,MED205,BAT016792,2028-09-04,Mahalaxmi Pharma Agencies,13,35.82
2025-12-13,BR003,MED214,BAT016786,2027-09-22,Sahyadri Pharma Distributors,6,39.84
2025-12-13,BR003,MED283,BAT016755,2027-07-22,Neelkanth Pharma Link,47,80.74
2025-12-13,BR003,MED487,BAT016757,2026-02-03,Dadar Wholesale Drugs,12,104.57
2025-12-14,BR001,MED022,BAT016820,2027-11-07,Sahyadri Pharma Distributors,2,52.75
2025-12-14,BR001,MED024,BAT016802,2027-08-18,Bhiwandi Drug Depot,23,75.6
2025-12-14,BR001,MED283,BAT016807,2027-08-24,Neelkanth Pharma Link,39,84.79
2025-12-14,BR002,MED022,BAT016820,2027-11-07,Sahyadri Pharma Distributors,2,52.75
2025-12-14,BR002,MED043,BAT016812,2027-06-02,Vashi Pharma Hub,50,120.59
2025-12-14,BR002,MED069,BAT016804,2028-07-26,Chembur Pharma Depot,15,21.0
2025-12-14,BR003,MED022,BAT016820,2027-11-07,Sahyadri Pharma Distributors,2,52.75
2025-12-15,BR001,MED022,BAT016840,2027-10-05,Sahyadri Pharma Distributors,1,51.98
2025-12-15,BR001,MED025,BAT016865,2028-05-12,Siddhivinayak Drug Agency,2,39.64
2025-12-15,BR001,MED067,BAT016887,2028-11-24,Sai Pharma Distributors,11,28.28
2025-12-15,BR001,MED073,BAT016876,2028-05-02,Sahyadri Pharma Distributors,29,32.66
2025-12-15,BR001,MED097,BAT016867,2027-10-13,Bhiwandi Drug Depot,18,91.1
2025-12-15,BR001,MED142,BAT016848,2026-03-09,Mira Road Drug House,40,35.06
2025-12-15,BR001,MED155,BAT016853,2026-09-04,Lifeline Medico Distributors,1,31.83
2025-12-15,BR001,MED277,BAT016850,2028-10-15,Siddhivinayak Drug Agency,6,7.11
2025-12-15,BR001,MED493,BAT016886,2028-04-30,Navkar Pharma Agency,6,141.69
2025-12-15,BR002,MED022,BAT016840,2027-10-05,Sahyadri Pharma Distributors,1,51.98
2025-12-15,BR002,MED025,BAT016865,2028-05-12,Siddhivinayak Drug Agency,9,39.64
2025-12-15,BR002,MED030,BAT016846,2028-07-30,Malad Healthcare Supply,14,43.71
2025-12-15,BR002,MED067,BAT016887,2028-11-24,Sai Pharma Distributors,5,28.28
2025-12-15,BR002,MED142,BAT016852,2026-04-09,Bombay Medi Supply,29,43.65
2025-12-15,BR002,MED155,BAT016849,2026-05-09,Lifeline Medico Distributors,10,31.6
2025-12-15,BR002,MED155,BAT016853,2026-09-04,Lifeline Medico Distributors,1,31.83
2025-12-15,BR002,MED269,BAT016879,2026-06-27,Sahyadri Pharma Distributors,109,34.4
2025-12-15,BR002,MED277,BAT016850,2028-10-15,Siddhivinayak Drug Agency,5,7.11
2025-12-15,BR002,MED493,BAT016886,2028-04-30,Navkar Pharma Agency,5,141.69
2025-12-15,BR003,MED005,BAT016845,2028-05-27,Mira Road Drug House,65,19.61
2025-12-15,BR003,MED022,BAT016840,2027-10-05,Sahyadri Pharma Distributors,1,51.98
2025-12-15,BR003,MED025,BAT016865,2028-05-12,Siddhivinayak Drug Agency,2,39.64
2025-12-15,BR003,MED038,BAT016875,2028-10-15,Pioneer Healthcare Distributors,14,64.54
2025-12-15,BR003,MED067,BAT016887,2028-11-24,Sai Pharma Distributors,7,28.28
2025-12-15,BR003,MED155,BAT016849,2026-05-09,Lifeline Medico Distributors,13,31.6
2025-12-15,BR003,MED155,BAT016853,2026-09-04,Lifeline Medico Distributors,1,31.83
2025-12-15,BR003,MED269,BAT016870,2028-06-01,Sahyadri Pharma Distributors,111,35.67
2025-12-15,BR003,MED277,BAT016850,2028-10-15,Siddhivinayak Drug Agency,6,7.11
2025-12-15,BR003,MED493,BAT016886,2028-04-30,Navkar Pharma Agency,6,141.69
2025-12-16,BR001,MED022,BAT016922,2027-09-26,Apex Pharma Wholesale,10,53.5
2025-12-16,BR001,MED121,BAT016934,2027-07-17,Sai Pharma Distributors,11,84.12
2025-12-16,BR001,MED150,BAT016910,2026-06-26,Maharashtra Pharma Link,6,21.58
2025-12-16,BR001,MED336,BAT016929,2028-10-03,Navkar Pharma Agency,15,121.33
2025-12-16,BR001,MED341,BAT016930,2028-05-29,Om Sai Medicorp,16,140.58
2025-12-16,BR002,MED021,BAT016898,2028-11-09,Dadar Wholesale Drugs,15,25.78
2025-12-16,BR002,MED022,BAT016922,2027-09-26,Apex Pharma Wholesale,1,53.5
2025-12-16,BR002,MED035,BAT016924,2026-07-30,Arihant Pharma Traders,16,14.66
2025-12-16,BR002,MED121,BAT016934,2027-07-17,Sai Pharma Distributors,5,84.12
2025-12-16,BR002,MED150,BAT016910,2026-06-26,Maharashtra Pharma Link,5,21.58
2025-12-16,BR002,MED159,BAT016911,2026-08-30,Ulhasnagar Drug Centre,14,50.0
2025-12-16,BR002,MED284,BAT016916,2027-07-10,Dadar Wholesale Drugs,31,67.33
2025-12-16,BR002,MED336,BAT016929,2028-10-03,Navkar Pharma Agency,5,121.33
2025-12-16,BR003,MED011,BAT016897,2028-08-22,Dadar Wholesale Drugs,191,26.14
2025-12-16,BR003,MED022,BAT016922,2027-09-26,Apex Pharma Wholesale,2,53.5
2025-12-16,BR003,MED024,BAT016923,2026-03-28,Bhiwandi Drug Depot,24,86.7
2025-12-16,BR003,MED121,BAT016934,2027-07-17,Sai Pharma Distributors,7,84.12
2025-12-16,BR003,MED150,BAT016910,2026-06-26,Maharashtra Pharma Link,14,21.58
2025-12-16,BR003,MED336,BAT016929,2028-10-03,Navkar Pharma Agency,6,121.33
2025-12-16,BR003,MED444,BAT016933,2027-09-05,Thane Medico Traders,15,88.42
2025-12-17,BR001,MED014,BAT016979,2028-05-31,Jai Hind Medical Agencies,56,110.93
2025-12-17,BR001,MED037,BAT016983,2026-02-11,Pioneer Healthcare Distributors,197,86.73
2025-12-17,BR001,MED305,BAT016970,2028-09-09,Navkar Pharma Agency,60,71.83
2025-12-17,BR001,MED463,BAT016989,2027-05-26,Thane Medico Traders,1,18.89
2025-12-17,BR002,MED234,BAT016940,2028-09-08,Konkan Healthcare Traders,19,38.77
2025-12-17,BR002,MED463,BAT016989,2027-05-26,Thane Medico Traders,12,18.89
2025-12-17,BR002,MED490,BAT016978,2027-11-14,Lifeline Medico Distributors,9,42.93
2025-12-17,BR003,MED019,BAT016953,2026-01-27,Lifeline Medico Distributors,16,65.04
2025-12-17,BR003,MED043,BAT016984,2027-09-05,Vashi Pharma Hub,63,109.24
2025-12-17,BR003,MED130,BAT016955,2028-09-28,Deccan Drug House,25,44.65
2025-12-17,BR003,MED234,BAT016940,2028-09-08,Konkan Healthcare Traders,26,38.77
2025-12-17,BR003,MED463,BAT016989,2027-05-26,Thane Medico Traders,1,18.89
2025-12-18,BR001,MED003,BAT017005,2026-07-05,Goregaon Medi Wholesale,1,75.96
2025-12-18,BR001,MED009,BAT017036,2027-07-27,Konkan Healthcare Traders,68,57.67
2025-12-18,BR001,MED019,BAT017020,2026-12-16,Mira Road Drug House,1,63.63
2025-12-18,BR001,MED161,BAT017016,2026-03-11,Chembur Pharma Depot,6,49.19
2025-12-18,BR001,MED173,BAT017038,2028-07-22,Shree Ganesh Medico,119,18.14
2025-12-18,BR001,MED262,BAT016999,2028-07-04,Bombay Medi Supply,6,35.41
2025-12-18,BR001,MED341,BAT017026,2028-05-08,Om Sai Medicorp,1,128.44
2025-12-18,BR001,MED457,BAT017019,2026-02-08,Panvel Pharma Supplies,6,30.3
2025-12-18,BR001,MED480,BAT017029,2028-05-19,Panvel Pharma Supplies,1,51.87
2025-12-18,BR002,MED003,BAT017005,2026-07-05,Goregaon Medi Wholesale,14,75.96
2025-12-18,BR002,MED019,BAT017020,2026-12-16,Mira Road Drug House,11,63.63
2025-12-18,BR002,MED161,BAT017016,2026-03-11,Chembur Pharma Depot,5,49.19
2025-12-18,BR002,MED262,BAT016999,2028-07-04,Bombay Medi Supply,5,35.41
2025-12-18,BR002,MED341,BAT017026,2028-05-08,Om Sai Medicorp,1,128.44
2025-12-18,BR002,MED457,BAT017019,2026-02-08,Panvel Pharma Supplies,5,30.3
2025-12-18,BR002,MED480,BAT017029,2028-05-19,Panvel Pharma Supplies,1,51.87
2025-12-18,BR003,MED003,BAT017005,2026-07-05,Goregaon Medi Wholesale,1,75.96
2025-12-18,BR003,MED019,BAT017020,2026-12-16,Mira Road Drug House,1,63.63
2025-12-18,BR003,MED161,BAT017016,2026-03-11,Chembur Pharma Depot,6,49.19
2025-12-18,BR003,MED262,BAT016999,2028-07-04,Bombay Medi Supply,5,35.41
2025-12-18,BR003,MED319,BAT017025,2027-12-01,Navkar Pharma Agency,86,168.29
2025-12-18,BR003,MED341,BAT017026,2028-05-08,Om Sai Medicorp,1,128.44
2025-12-18,BR003,MED457,BAT017019,2026-02-08,Panvel Pharma Supplies,13,30.3
2025-12-18,BR003,MED480,BAT017029,2028-05-19,Panvel Pharma Supplies,12,51.87
2025-12-19,BR001,MED006,BAT017049,2026-10-06,Lifeline Medico Distributors,16,35.56
2025-12-19,BR001,MED155,BAT017059,2026-04-18,Lifeline Medico Distributors,14,36.59
2025-12-19,BR001,MED483,BAT017090,2027-05-11,Vasai Virar Medico,2,60.76
2025-12-19,BR001,MED490,BAT017066,2027-10-18,Lifeline Medico Distributors,1,48.83
2025-12-19,BR002,MED006,BAT017049,2026-10-06,Lifeline Medico Distributors,4,35.56
2025-12-19,BR002,MED039,BAT017091,2028-09-12,Konkan Healthcare Traders,36,54.1
2025-12-19,BR002,MED155,BAT017059,2026-04-18,Lifeline Medico Distributors,1,36.59
2025-12-19,BR002,MED173,BAT017084,2028-10-03,Vashi Pharma Hub,90,20.3
2025-12-19,BR002,MED319,BAT017087,2027-04-24,Navkar Pharma Agency,76,165.68
2025-12-19,BR002,MED483,BAT017090,2027-05-11,Vasai Virar Medico,1,60.76
2025-12-19,BR002,MED490,BAT017066,2027-10-18,Lifeline Medico Distributors,1,48.83
2025-12-19,BR003,MED002,BAT017048,2028-11-06,Dadar Wholesale Drugs,19,31.2
2025-12-19,BR003,MED006,BAT017049,2026-10-06,Lifeline Medico Distributors,6,35.56
2025-12-19,BR003,MED015,BAT017069,2027-02-27,Western Drugs & Surgicals,35,91.05
2025-12-19,BR003,MED091,BAT017071,2028-11-30,Goregaon Medi Wholesale,49,17.9
2025-12-19,BR003,MED155,BAT017059,2026-04-18,Lifeline Medico Distributors,1,36.59
2025-12-19,BR003,MED344,BAT017077,2028-06-29,Navkar Pharma Agency,44,49.11
2025-12-19,BR003,MED459,BAT017064,2027-07-11,Deccan Drug House,71,31.88
2025-12-19,BR003,MED470,BAT017065,2027-07-24,Navkar Pharma Agency,15,29.01
2025-12-19,BR003,MED483,BAT017090,2027-05-11,Vasai Virar Medico,10,60.76
2025-12-19,BR003,MED490,BAT017066,2027-10-18,Lifeline Medico Distributors,11,48.83
2025-12-20,BR001,MED040,BAT017112,2027-08-17,Neelkanth Pharma Link,28,140.48
2025-12-20,BR001,MED043,BAT017113,2027-06-23,Vashi Pharma Hub,55,110.46
2025-12-20,BR001,MED284,BAT017135,2027-11-18,Sahyadri Pharma Distributors,35,82.41
2025-12-20,BR001,MED343,BAT017137,2028-07-02,Sahyadri Pharma Distributors,24,147.23
2025-12-20,BR002,MED011,BAT017100,2028-06-06,Dadar Wholesale Drugs,161,27.44
2025-12-20,BR002,MED033,BAT017109,2027-07-25,Pioneer Healthcare Distributors,65,36.21
2025-12-20,BR003,MED039,BAT017111,2028-08-16,Om Sai Medicorp,41,45.26
2025-12-21,BR001,MED038,BAT017166,2028-06-25,Arihant Pharma Traders,14,65.96
2025-12-21,BR001,MED044,BAT017167,2028-05-21,Jai Hind Medical Agencies,16,276.14
2025-12-21,BR001,MED156,BAT017146,2026-03-25,Mira Road Drug House,13,35.72
2025-12-21,BR001,MED205,BAT017157,2028-07-04,Arihant Pharma Traders,1,36.08
2025-12-21,BR001,MED234,BAT017141,2028-09-14,Konkan Healthcare Traders,21,44.81
2025-12-21,BR001,MED241,BAT017174,2026-10-05,Konkan Healthcare Traders,34,18.54
2025-12-21,BR001,MED269,BAT017186,2028-09-19,Sahyadri Pharma Distributors,117,32.39
2025-12-21,BR001,MED280,BAT017159,2028-09-06,Navkar Pharma Agency,20,7.63
2025-12-21,BR001,MED319,BAT017187,2027-08-26,Navkar Pharma Agency,102,152.07
2025-12-21,BR001,MED344,BAT017178,2028-08-27,Navkar Pharma Agency,42,49.5
2025-12-21,BR001,MED403,BAT017179,2028-07-30,Konkan Healthcare Traders,6,323.34
2025-12-21,BR001,MED444,BAT017180,2027-06-26,Thane Medico Traders,1,104.44
2025-12-21,BR001,MED445,BAT017181,2027-07-16,Navkar Pharma Agency,19,98.85
2025-12-21,BR001,MED459,BAT017163,2027-08-17,Navkar Pharma Agency,72,31.2
2025-12-21,BR002,MED044,BAT017167,2028-05-21,Jai Hind Medical Agencies,5,276.14
2025-12-21,BR002,MED082,BAT017168,2028-04-25,Bhiwandi Drug Depot,33,62.1
2025-12-21,BR002,MED156,BAT017146,2026-03-25,Mira Road Drug House,5,35.72
2025-12-21,BR002,MED186,BAT017148,2026-04-02,Mira Road Drug House,20,141.9
2025-12-21,BR002,MED205,BAT017157,2028-07-04,Arihant Pharma Traders,1,36.08
2025-12-21,BR002,MED278,BAT017153,2028-08-14,Bombay Medi Supply,23,6.25
2025-12-21,BR002,MED403,BAT017179,2028-07-30,Konkan Healthcare Traders,14,323.34
2025-12-21,BR002,MED444,BAT017180,2027-06-26,Thane Medico Traders,1,104.44
2025-12-21,BR002,MED445,BAT017181,2027-07-16,Navkar Pharma Agency,16,98.85
2025-12-21,BR002,MED459,BAT017163,2027-08-17,Navkar Pharma Agency,51,31.2
2025-12-21,BR003,MED021,BAT017143,2026-03-17,Dadar Wholesale Drugs,24,24.38
2025-12-21,BR003,MED035,BAT017192,2026-08-10,Sahyadri Pharma Distributors,19,15.96
2025-12-21,BR003,MED044,BAT017167,2028-05-21,Jai Hind Medical Agencies,5,276.14
2025-12-21,BR003,MED156,BAT017146,2026-03-25,Mira Road Drug House,6,35.72
2025-12-21,BR003,MED205,BAT017157,2028-07-04,Arihant Pharma Traders,1,36.08
2025-12-21,BR003,MED280,BAT017159,2028-09-06,Navkar Pharma Agency,21,7.63
2025-12-21,BR003,MED403,BAT017179,2028-07-30,Konkan Healthcare Traders,6,323.34
2025-12-21,BR003,MED444,BAT017180,2027-06-26,Thane Medico Traders,1,104.44
2025-12-22,BR001,MED003,BAT017216,2027-08-05,Bhiwandi Drug Depot,16,64.99
2025-12-22,BR001,MED018,BAT017232,2027-04-28,Thane Medico Traders,6,98.3
2025-12-22,BR001,MED019,BAT017200,2026-01-25,Lifeline Medico Distributors,15,57.59
2025-12-22,BR001,MED027,BAT017206,2026-03-23,Siddhivinayak Drug Agency,1,142.12
2025-12-22,BR001,MED036,BAT017196,2028-09-19,Konkan Healthcare Traders,11,23.68
2025-12-22,BR001,MED106,BAT017252,2027-05-30,Sai Pharma Distributors,2,182.19
2025-12-22,BR001,MED159,BAT017210,2026-07-15,Malad Healthcare Supply,16,51.27
2025-12-22,BR001,MED187,BAT017211,2028-11-29,Western Drugs & Surgicals,7,153.68
2025-12-22,BR001,MED205,BAT017253,2028-08-07,Mahalaxmi Pharma Agencies,2,39.99
2025-12-22,BR001,MED214,BAT017254,2027-06-29,Sahyadri Pharma Distributors,7,38.78
2025-12-22,BR001,MED229,BAT017224,2028-12-01,Pioneer Healthcare Distributors,7,43.87
2025-12-22,BR001,MED341,BAT017248,2026-05-08,Om Sai Medicorp,1,140.16
2025-12-22,BR001,MED377,BAT017195,2027-09-28,Bombay Medi Supply,7,135.56
2025-12-22,BR001,MED444,BAT017240,2027-09-03,Thane Medico Traders,15,100.63
2025-12-22,BR002,MED005,BAT017199,2026-03-09,Mira Road Drug House,47,22.79
2025-12-22,BR002,MED018,BAT017232,2027-04-28,Thane Medico Traders,5,98.3
2025-12-22,BR002,MED024,BAT017233,2027-06-30,Om Sai Medicorp,17,76.81
2025-12-22,BR002,MED027,BAT017206,2026-03-23,Siddhivinayak Drug Agency,1,142.12
2025-12-22,BR002,MED036,BAT017196,2028-09-19,Konkan Healthcare Traders,5,23.68
2025-12-22,BR002,MED106,BAT017252,2027-05-30,Sai Pharma Distributors,8,182.19
2025-12-22,BR002,MED187,BAT017211,2028-11-29,Western Drugs & Surgicals,5,153.68
2025-12-22,BR002,MED205,BAT017253,2028-08-07,Mahalaxmi Pharma Agencies,9,39.99
2025-12-22,BR002,MED214,BAT017254,2027-06-29,Sahyadri Pharma Distributors,5,38.78
2025-12-22,BR002,MED229,BAT017224,2028-12-01,Pioneer Healthcare Distributors,5,43.87
2025-12-22,BR002,MED341,BAT017248,2026-05-08,Om Sai Medicorp,13,140.16
2025-12-22,BR002,MED377,BAT017195,2027-09-28,Bombay Medi Supply,11,135.56
2025-12-22,BR003,MED018,BAT017232,2027-04-28,Thane Medico Traders,14,98.3
2025-12-22,BR003,MED027,BAT017206,2026-03-23,Siddhivinayak Drug Agency,1,142.12
2025-12-22,BR003,MED031,BAT017207,2026-05-14,Mira Road Drug House,35,133.53
2025-12-22,BR003,MED036,BAT017196,2028-09-19,Konkan Healthcare Traders,7,23.68
2025-12-22,BR003,MED106,BAT017252,2027-05-30,Sai Pharma Distributors,2,182.19
2025-12-22,BR003,MED173,BAT017242,2028-07-21,Shree Ganesh Medico,138,17.25
2025-12-22,BR003,MED187,BAT017211,2028-11-29,Western Drugs & Surgicals,7,153.68
2025-12-22,BR003,MED205,BAT017253,2028-08-07,Mahalaxmi Pharma Agencies,2,39.99
2025-12-22,BR003,MED214,BAT017254,2027-06-29,Sahyadri Pharma Distributors,11,38.78
2025-12-22,BR003,MED229,BAT017224,2028-12-01,Pioneer Healthcare Distributors,7,43.87
2025-12-22,BR003,MED341,BAT017248,2026-05-08,Om Sai Medicorp,1,140.16
2025-12-22,BR003,MED377,BAT017195,2027-09-28,Bombay Medi Supply,6,135.56
2025-12-23,BR001,MED005,BAT017258,2028-11-13,Mira Road Drug House,63,21.49
2025-12-23,BR001,MED021,BAT017256,2026-07-11,Dadar Wholesale Drugs,22,23.72
2025-12-23,BR001,MED039,BAT017291,2028-10-10,Konkan Healthcare Traders,48,52.17
2025-12-23,BR001,MED071,BAT017313,2028-06-16,Sahyadri Pharma Distributors,6,21.37
2025-12-23,BR001,MED440,BAT017266,2027-03-13,Maharashtra Pharma Link,7,144.24
2025-12-23,BR001,MED467,BAT017309,2027-11-12,Vasai Virar Medico,6,24.7
2025-12-23,BR002,MED015,BAT017290,2027-01-06,Jai Hind Medical Agencies,33,92.82
2025-12-23,BR002,MED040,BAT017292,2027-11-07,Pioneer Healthcare Distributors,25,142.85
2025-12-23,BR002,MED071,BAT017313,2028-06-16,Sahyadri Pharma Distributors,11,21.37
2025-12-23,BR002,MED440,BAT017266,2027-03-13,Maharashtra Pharma Link,5,144.24
2025-12-23,BR002,MED467,BAT017309,2027-11-12,Vasai Virar Medico,4,24.7
2025-12-23,BR003,MED003,BAT017268,2027-10-05,Bhiwandi Drug Depot,18,67.21
2025-12-23,BR003,MED040,BAT017292,2027-11-07,Pioneer Healthcare Distributors,31,142.85
2025-12-23,BR003,MED071,BAT017313,2028-06-16,Sahyadri Pharma Distributors,7,21.37
2025-12-23,BR003,MED440,BAT017266,2027-03-13,Maharashtra Pharma Link,6,144.24
2025-12-23,BR003,MED445,BAT017288,2027-11-03,Navkar Pharma Agency,21,81.62
2025-12-23,BR003,MED467,BAT017309,2027-11-12,Vasai Virar Medico,6,24.7
2025-12-24,BR001,MED022,BAT017319,2027-10-13,Sahyadri Pharma Distributors,2,53.41
2025-12-24,BR001,MED027,BAT017320,2027-04-30,Siddhivinayak Drug Agency,13,156.97
2025-12-24,BR001,MED031,BAT017327,2026-02-17,Mira Road Drug House,41,152.01
2025-12-24,BR001,MED063,BAT017344,2028-08-29,Konkan Healthcare Traders,19,29.5
2025-12-24,BR001,MED072,BAT017341,2028-09-02,Sai Pharma Distributors,7,23.26
2025-12-24,BR001,MED359,BAT017316,2028-09-02,Thane Medico Traders,7,122.96
2025-12-24,BR001,MED490,BAT017340,2027-09-27,Mira Road Drug House,12,47.28
2025-12-24,BR002,MED007,BAT017317,2026-02-20,Lifeline Medico Distributors,63,16.58
2025-12-24,BR002,MED022,BAT017319,2027-10-13,Sahyadri Pharma Distributors,1,53.41
2025-12-24,BR002,MED027,BAT017320,2027-04-30,Siddhivinayak Drug Agency,1,156.97
2025-12-24,BR002,MED043,BAT017343,2027-07-24,Navkar Pharma Agency,48,108.02
2025-12-24,BR002,MED072,BAT017341,2028-09-02,Sai Pharma Distributors,9,23.26
2025-12-24,BR002,MED359,BAT017316,2028-09-02,Thane Medico Traders,6,122.96
2025-12-24,BR002,MED490,BAT017340,2027-09-27,Mira Road Drug House,1,47.28
2025-12-24,BR003,MED013,BAT017326,2028-05-30,Ulhasnagar Drug Centre,66,23.54
2025-12-24,BR003,MED022,BAT017319,2027-10-13,Sahyadri Pharma Distributors,10,53.41
2025-12-24,BR003,MED027,BAT017320,2027-04-30,Siddhivinayak Drug Agency,1,156.97
2025-12-24,BR003,MED072,BAT017341,2028-09-02,Sai Pharma Distributors,7,23.26
2025-12-24,BR003,MED359,BAT017316,2028-09-02,Thane Medico Traders,7,122.96
2025-12-24,BR003,MED490,BAT017340,2027-09-27,Mira Road Drug House,1,47.28
2025-12-25,BR001,MED013,BAT017349,2028-06-11,Ulhasnagar Drug Centre,62,22.74
2025-12-25,BR001,MED030,BAT017347,2028-07-16,Malad Healthcare Supply,20,45.51
2025-12-25,BR001,MED034,BAT017362,2026-05-03,Dadar Wholesale Drugs,75,37.73
2025-12-25,BR001,MED082,BAT017363,2028-10-01,Bhiwandi Drug Depot,52,64.01
2025-12-25,BR001,MED098,BAT017365,2027-10-31,Bhiwandi Drug Depot,1,93.35
2025-12-25,BR001,MED268,BAT017403,2028-06-19,Sahyadri Pharma Distributors,7,37.64
2025-12-25,BR001,MED278,BAT017368,2028-06-28,Bombay Medi Supply,26,6.45
2025-12-25,BR001,MED334,BAT017404,2028-11-19,Sahyadri Pharma Distributors,4,113.55
2025-12-25,BR001,MED381,BAT017359,2027-05-01,Neelkanth Pharma Link,130,138.13
2025-12-25,BR001,MED470,BAT017394,2027-10-08,Navkar Pharma Agency,1,25.8
2025-12-25,BR002,MED098,BAT017365,2027-10-31,Bhiwandi Drug Depot,11,93.35
2025-12-25,BR002,MED155,BAT017352,2026-05-08,Lifeline Medico Distributors,12,33.15
2025-12-25,BR002,MED268,BAT017403,2028-06-19,Sahyadri Pharma Distributors,6,37.64
2025-12-25,BR002,MED305,BAT017369,2028-06-29,Dadar Wholesale Drugs,52,70.64
2025-12-25,BR002,MED334,BAT017404,2028-11-19,Sahyadri Pharma Distributors,12,113.55
2025-12-25,BR002,MED381,BAT017359,2027-05-01,Neelkanth Pharma Link,106,138.13
2025-12-25,BR002,MED470,BAT017394,2027-10-08,Navkar Pharma Agency,1,25.8
2025-12-25,BR003,MED001,BAT017383,2028-12-09,Goregaon Medi Wholesale,86,20.76
2025-12-25,BR003,MED030,BAT017347,2028-07-16,Malad Healthcare Supply,19,45.51
2025-12-25,BR003,MED034,BAT017362,2026-05-03,Dadar Wholesale Drugs,73,37.73
2025-12-25,BR003,MED098,BAT017365,2027-10-31,Bhiwandi Drug Depot,1,93.35
2025-12-25,BR003,MED142,BAT017351,2028-08-30,Bombay Medi Supply,45,41.01
2025-12-25,BR003,MED268,BAT017403,2028-06-19,Sahyadri Pharma Distributors,7,37.64
2025-12-25,BR003,MED278,BAT017368,2028-06-28,Bombay Medi Supply,27,6.45
2025-12-25,BR003,MED334,BAT017404,2028-11-19,Sahyadri Pharma Distributors,11,113.55
2025-12-25,BR003,MED470,BAT017394,2027-10-08,Navkar Pharma Agency,1,25.8
2025-12-26,BR001,MED035,BAT017427,2026-09-21,Sahyadri Pharma Distributors,18,14.42
2025-12-26,BR001,MED055,BAT017415,2028-07-14,Mira Road Drug House,7,145.03
2025-12-26,BR001,MED069,BAT017428,2026-03-28,Chembur Pharma Depot,19,22.35
2025-12-26,BR001,MED321,BAT017410,2027-09-09,Sahyadri Pharma Distributors,5,135.01
2025-12-26,BR002,MED009,BAT017444,2027-08-26,Konkan Healthcare Traders,51,63.31
2025-12-26,BR002,MED055,BAT017415,2028-07-14,Mira Road Drug House,5,145.03
2025-12-26,BR002,MED241,BAT017440,2026-12-01,Konkan Healthcare Traders,25,16.61
2025-12-26,BR002,MED247,BAT017441,2027-07-20,Vasai Virar Medico,15,53.88
2025-12-26,BR002,MED280,BAT017442,2028-05-24,Navkar Pharma Agency,19,7.83
2025-12-26,BR002,MED321,BAT017410,2027-09-09,Sahyadri Pharma Distributors,5,135.01
2025-12-26,BR003,MED033,BAT017425,2027-08-24,Pioneer Healthcare Distributors,80,41.67
2025-12-26,BR003,MED055,BAT017415,2028-07-14,Mira Road Drug House,12,145.03
2025-12-26,BR003,MED063,BAT017412,2028-09-19,Chembur Pharma Depot,19,26.45
2025-12-26,BR003,MED152,BAT017419,2026-10-04,Malad Healthcare Supply,22,32.58
2025-12-26,BR003,MED321,BAT017410,2027-09-09,Sahyadri Pharma Distributors,5,135.01
2025-12-27,BR001,MED020,BAT017472,2027-01-31,Apex Pharma Wholesale,6,105.82
2025-12-27,BR001,MED023,BAT017462,2026-06-23,Apex Pharma Wholesale,7,61.2
2025-12-27,BR001,MED033,BAT017473,2027-11-11,Pioneer Healthcare Distributors,85,42.44
2025-12-27,BR001,MED186,BAT017479,2026-06-29,Bhiwandi Drug Depot,26,168.7
2025-12-27,BR001,MED368,BAT017451,2028-07-16,Neelkanth Pharma Link,12,151.8
2025-12-27,BR001,MED443,BAT017452,2027-10-16,Ulhasnagar Drug Centre,24,92.93
2025-12-27,BR001,MED463,BAT017471,2027-09-18,Deccan Drug House,1,17.45
2025-12-27,BR001,MED488,BAT017453,2027-05-27,Dadar Wholesale Drugs,6,110.48
2025-12-27,BR002,MED013,BAT017450,2028-10-15,Ulhasnagar Drug Centre,46,22.04
2025-12-27,BR002,MED020,BAT017472,2027-01-31,Apex Pharma Wholesale,4,105.82
2025-12-27,BR002,MED023,BAT017462,2026-06-23,Apex Pharma Wholesale,5,61.2
2025-12-27,BR002,MED368,BAT017451,2028-07-16,Neelkanth Pharma Link,6,151.8
2025-12-27,BR002,MED463,BAT017471,2027-09-18,Deccan Drug House,1,17.45
2025-12-27,BR002,MED488,BAT017453,2027-05-27,Dadar Wholesale Drugs,4,110.48
2025-12-27,BR003,MED020,BAT017472,2027-01-31,Apex Pharma Wholesale,6,105.82
2025-12-27,BR003,MED023,BAT017462,2026-06-23,Apex Pharma Wholesale,7,61.2
2025-12-27,BR003,MED155,BAT017466,2026-09-19,Lifeline Medico Distributors,14,33.27
2025-12-27,BR003,MED368,BAT017451,2028-07-16,Neelkanth Pharma Link,6,151.8
2025-12-27,BR003,MED463,BAT017471,2027-09-18,Deccan Drug House,1,17.45
2025-12-27,BR003,MED488,BAT017453,2027-05-27,Dadar Wholesale Drugs,6,110.48
2025-12-28,BR001,MED001,BAT017523,2028-05-22,Apex Pharma Wholesale,79,20.07
2025-12-28,BR001,MED007,BAT017495,2026-04-29,Lifeline Medico Distributors,86,15.6
2025-12-28,BR001,MED011,BAT017504,2028-10-22,Siddhivinayak Drug Agency,187,28.68
2025-12-28,BR001,MED012,BAT017493,2027-09-23,Konkan Healthcare Traders,161,76.77
2025-12-28,BR001,MED025,BAT017505,2028-10-09,Deccan Drug House,10,39.96
2025-12-28,BR001,MED073,BAT017537,2028-11-25,Sai Pharma Distributors,27,30.56
2025-12-28,BR001,MED106,BAT017491,2027-05-29,Deccan Drug House,13,164.51
2025-12-28,BR001,MED205,BAT017528,2028-10-08,Arihant Pharma Traders,11,36.55
2025-12-28,BR001,MED311,BAT017517,2028-08-18,Om Sai Medicorp,35,62.46
2025-12-28,BR001,MED341,BAT017542,2028-09-26,Om Sai Medicorp,14,134.85
2025-12-28,BR001,MED480,BAT017522,2026-03-10,Panvel Pharma Supplies,2,56.98
2025-12-28,BR002,MED017,BAT017510,2027-12-04,Ulhasnagar Drug Centre,39,20.23
2025-12-28,BR002,MED025,BAT017505,2028-10-09,Deccan Drug House,1,39.96
2025-12-28,BR002,MED031,BAT017506,2026-05-09,Mira Road Drug House,28,134.66
2025-12-28,BR002,MED037,BAT017494,2028-08-17,Pioneer Healthcare Distributors,203,86.53
2025-12-28,BR002,MED073,BAT017525,2028-07-27,Sai Pharma Distributors,20,30.85
2025-12-28,BR002,MED106,BAT017491,2027-05-29,Deccan Drug House,1,164.51
2025-12-28,BR002,MED205,BAT017528,2028-10-08,Arihant Pharma Traders,1,36.55
2025-12-28,BR002,MED341,BAT017542,2028-09-26,Om Sai Medicorp,1,134.85
2025-12-28,BR002,MED480,BAT017522,2026-03-10,Panvel Pharma Supplies,9,56.98
2025-12-28,BR003,MED017,BAT017510,2027-12-04,Ulhasnagar Drug Centre,51,20.23
2025-12-28,BR003,MED025,BAT017505,2028-10-09,Deccan Drug House,2,39.96
2025-12-28,BR003,MED106,BAT017491,2027-05-29,Deccan Drug House,1,164.51
2025-12-28,BR003,MED205,BAT017528,2028-10-08,Arihant Pharma Traders,1,36.55
2025-12-28,BR003,MED241,BAT017530,2026-08-16,Konkan Healthcare Traders,33,15.4
2025-12-28,BR003,MED341,BAT017542,2028-09-26,Om Sai Medicorp,1,134.85
2025-12-28,BR003,MED480,BAT017522,2026-03-10,Panvel Pharma Supplies,2,56.98
2025-12-29,BR001,MED019,BAT017571,2026-06-30,Lifeline Medico Distributors,1,61.77
2025-12-29,BR001,MED022,BAT017586,2026-05-18,Apex Pharma Wholesale,2,58.11
2025-12-29,BR001,MED027,BAT017587,2027-05-18,Siddhivinayak Drug Agency,1,158.7
2025-12-29,BR001,MED038,BAT017558,2028-08-06,Neelkanth Pharma Link,1,65.47
2025-12-29,BR001,MED097,BAT017576,2027-06-22,Chembur Pharma Depot,1,80.15
2025-12-29,BR001,MED098,BAT017592,2026-02-12,Sai Pharma Distributors,1,91.41
2025-12-29,BR001,MED130,BAT017560,2028-10-19,Deccan Drug House,24,54.21
2025-12-29,BR001,MED377,BAT017582,2026-06-22,Bombay Medi Supply,6,134.85
2025-12-29,BR001,MED417,BAT017583,2026-04-10,Western Drugs & Surgicals,5,65.86
2025-12-29,BR002,MED019,BAT017571,2026-06-30,Lifeline Medico Distributors,1,61.77
2025-12-29,BR002,MED022,BAT017586,2026-05-18,Apex Pharma Wholesale,1,58.11
2025-12-29,BR002,MED027,BAT017587,2027-05-18,Siddhivinayak Drug Agency,1,158.7
2025-12-29,BR002,MED034,BAT017603,2028-05-10,Konkan Healthcare Traders,55,33.27
2025-12-29,BR002,MED038,BAT017558,2028-08-06,Neelkanth Pharma Link,1,65.47
2025-12-29,BR002,MED097,BAT017576,2027-06-22,Chembur Pharma Depot,13,80.15
2025-12-29,BR002,MED098,BAT017592,2026-02-12,Sai Pharma Distributors,1,91.41
2025-12-29,BR002,MED142,BAT017561,2028-08-19,Bombay Medi Supply,29,41.1
2025-12-29,BR002,MED299,BAT017555,2028-11-26,Bombay Medi Supply,94,74.16
2025-12-29,BR002,MED344,BAT017610,2026-04-29,Navkar Pharma Agency,40,55.23
2025-12-29,BR002,MED377,BAT017582,2026-06-22,Bombay Medi Supply,5,134.85
2025-12-29,BR002,MED417,BAT017583,2026-04-10,Western Drugs & Surgicals,3,65.86
2025-12-29,BR003,MED007,BAT017550,2026-01-25,Malad Healthcare Supply,81,17.76
2025-12-29,BR003,MED019,BAT017571,2026-06-30,Lifeline Medico Distributors,1,61.77
2025-12-29,BR003,MED022,BAT017586,2026-05-18,Apex Pharma Wholesale,2,58.11
2025-12-29,BR003,MED027,BAT017587,2027-05-18,Siddhivinayak Drug Agency,14,158.7
2025-12-29,BR003,MED037,BAT017572,2028-08-03,Pioneer Healthcare Distributors,202,101.49
2025-12-29,BR003,MED038,BAT017558,2028-08-06,Neelkanth Pharma Link,1,65.47
2025-12-29,BR003,MED043,BAT017604,2027-08-22,Vashi Pharma Hub,67,107.68
2025-12-29,BR003,MED097,BAT017576,2027-06-22,Chembur Pharma Depot,1,80.15
2025-12-29,BR003,MED098,BAT017592,2026-02-12,Sai Pharma Distributors,13,91.41
2025-12-29,BR003,MED159,BAT017562,2026-07-05,Ulhasnagar Drug Centre,17,48.69
2025-12-29,BR003,MED257,BAT017581,2028-07-28,Om Sai Medicorp,30,27.47
2025-12-29,BR003,MED269,BAT017564,2028-11-28,Siddhivinayak Drug Agency,104,30.53
2025-12-29,BR003,MED284,BAT017596,2027-07-15,Sahyadri Pharma Distributors,35,88.52
2025-12-29,BR003,MED377,BAT017582,2026-06-22,Bombay Medi Supply,6,134.85
2025-12-29,BR003,MED381,BAT017568,2027-08-27,Ulhasnagar Drug Centre,110,127.03
2025-12-29,BR003,MED417,BAT017583,2026-04-10,Western Drugs & Surgicals,11,65.86
2025-12-30,BR001,MED038,BAT017657,2026-02-08,Pioneer Healthcare Distributors,1,68.7
2025-12-30,BR001,MED142,BAT017623,2028-12-04,Bombay Medi Supply,43,38.35
2025-12-30,BR001,MED152,BAT017629,2026-12-07,Lifeline Medico Distributors,22,36.07
2025-12-30,BR001,MED196,BAT017630,2026-06-19,Mira Road Drug House,6,50.01
2025-12-30,BR001,MED247,BAT017660,2027-09-09,Konkan Healthcare Traders,20,55.34
2025-12-30,BR002,MED014,BAT017656,2026-02-03,Jai Hind Medical Agencies,48,103.96
2025-12-30,BR002,MED038,BAT017657,2026-02-08,Pioneer Healthcare Distributors,1,68.7
2025-12-30,BR002,MED196,BAT017630,2026-06-19,Mira Road Drug House,5,50.01
2025-12-30,BR002,MED445,BAT017641,2027-05-30,Navkar Pharma Agency,15,92.08
2025-12-30,BR002,MED459,BAT017654,2027-10-03,Navkar Pharma Agency,67,33.07
2025-12-30,BR002,MED470,BAT017655,2027-05-07,Navkar Pharma Agency,17,24.71
2025-12-30,BR003,MED038,BAT017657,2026-02-08,Pioneer Healthcare Distributors,1,68.7
2025-12-30,BR003,MED130,BAT017646,2028-08-10,Goregaon Medi Wholesale,26,51.25
2025-12-30,BR003,MED196,BAT017630,2026-06-19,Mira Road Drug House,12,50.01
2025-12-30,BR003,MED341,BAT017616,2028-10-03,Om Sai Medicorp,14,145.53
2025-12-30,BR003,MED411,BAT017620,2027-05-23,Maharashtra Pharma Link,17,98.27
2025-12-30,BR003,MED459,BAT017654,2027-10-03,Navkar Pharma Agency,78,33.07
2025-12-31,BR001,MED003,BAT017677,2027-05-28,Bhiwandi Drug Depot,1,74.18
2025-12-31,BR001,MED014,BAT017700,2028-08-17,Jai Hind Medical Agencies,64,99.11
2025-12-31,BR001,MED015,BAT017662,2027-02-13,Western Drugs & Surgicals,42,96.61
2025-12-31,BR001,MED155,BAT017665,2026-11-03,Lifeline Medico Distributors,14,33.05
2025-12-31,BR001,MED257,BAT017683,2028-07-12,Om Sai Medicorp,33,27.63
2025-12-31,BR001,MED262,BAT017693,2028-08-09,Arihant Pharma Traders,4,37.8
2025-12-31,BR001,MED269,BAT017702,2028-11-01,Sahyadri Pharma Distributors,106,34.75
2025-12-31,BR001,MED339,BAT017696,2028-11-28,Pioneer Healthcare Distributors,6,121.46
2025-12-31,BR001,MED480,BAT017690,2028-12-08,Panvel Pharma Supplies,12,55.98
2025-12-31,BR002,MED003,BAT017677,2027-05-28,Bhiwandi Drug Depot,1,74.18
2025-12-31,BR002,MED155,BAT017665,2026-11-03,Lifeline Medico Distributors,1,33.05
2025-12-31,BR002,MED262,BAT017693,2028-08-09,Arihant Pharma Traders,4,37.8
2025-12-31,BR002,MED339,BAT017696,2028-11-28,Pioneer Healthcare Distributors,5,121.46
2025-12-31,BR002,MED411,BAT017676,2026-05-07,Ulhasnagar Drug Centre,16,101.83
2025-12-31,BR003,MED003,BAT017677,2027-05-28,Bhiwandi Drug Depot,1,74.18
2025-12-31,BR003,MED155,BAT017665,2026-11-03,Lifeline Medico Distributors,1,33.05
2025-12-31,BR003,MED262,BAT017693,2028-08-09,Arihant Pharma Traders,19,37.8
2025-12-31,BR003,MED299,BAT017668,2028-10-11,Bombay Medi Supply,109,69.55
2025-12-31,BR003,MED311,BAT017685,2028-12-01,Om Sai Medicorp,39,59.87
2025-12-31,BR003,MED319,BAT017666,2027-06-10,Navkar Pharma Agency,86,149.48
2025-12-31,BR003,MED339,BAT017696,2028-11-28,Pioneer Healthcare Distributors,5,121.46
2025-12-31,BR003,MED480,BAT017690,2028-12-08,Panvel Pharma Supplies,14,55.98
2026-01-01,BR001,MED106,BAT017738,2027-05-29,Om Sai Medicorp,1,177.41
2026-01-01,BR001,MED277,BAT017709,2028-07-21,Neelkanth Pharma Link,6,6.61
2026-01-01,BR001,MED299,BAT017718,2028-05-15,Bombay Medi Supply,126,62.7
2026-01-01,BR001,MED427,BAT017744,2026-05-22,Jai Hind Medical Agencies,7,152.76
2026-01-01,BR002,MED106,BAT017738,2027-05-29,Om Sai Medicorp,1,177.41
2026-01-01,BR002,MED269,BAT017717,2028-06-18,Dadar Wholesale Drugs,106,33.55
2026-01-01,BR002,MED277,BAT017709,2028-07-21,Neelkanth Pharma Link,14,6.61
2026-01-01,BR002,MED319,BAT017732,2027-10-25,Navkar Pharma Agency,77,160.4
2026-01-01,BR002,MED427,BAT017744,2026-05-22,Jai Hind Medical Agencies,5,152.76
2026-01-01,BR003,MED005,BAT017711,2026-03-07,Mira Road Drug House,69,20.44
2026-01-01,BR003,MED009,BAT017737,2027-08-29,Arihant Pharma Traders,73,65.04
2026-01-01,BR003,MED069,BAT017707,2026-01-28,Dadar Wholesale Drugs,23,23.85
2026-01-01,BR003,MED082,BAT017726,2028-09-03,Bhiwandi Drug Depot,47,62.87
2026-01-01,BR003,MED106,BAT017738,2027-05-29,Om Sai Medicorp,1,177.41
2026-01-01,BR003,MED277,BAT017709,2028-07-21,Neelkanth Pharma Link,6,6.61
2026-01-01,BR003,MED427,BAT017744,2026-05-22,Jai Hind Medical Agencies,13,152.76
2026-01-02,BR001,MED002,BAT017747,2028-12-15,Dadar Wholesale Drugs,19,32.21
2026-01-02,BR001,MED103,BAT017758,2027-11-22,Bhiwandi Drug Depot,13,148.51
2026-01-02,BR001,MED173,BAT017781,2028-08-06,Shree Ganesh Medico,129,16.23
2026-01-02,BR001,MED179,BAT017761,2028-09-27,Maharashtra Pharma Link,18,9.4
2026-01-02,BR001,MED188,BAT017762,2028-08-21,Western Drugs & Surgicals,11,154.68
2026-01-02,BR001,MED204,BAT017751,2026-05-27,Panvel Pharma Supplies,6,139.04
2026-01-02,BR001,MED421,BAT017767,2027-10-06,Vashi Pharma Hub,6,137.29
2026-01-02,BR001,MED477,BAT017778,2027-03-16,Deccan Drug House,5,128.38
2026-01-02,BR002,MED033,BAT017756,2027-12-16,Pioneer Healthcare Distributors,63,38.35
2026-01-02,BR002,MED103,BAT017758,2027-11-22,Bhiwandi Drug Depot,5,148.51
2026-01-02,BR002,MED152,BAT017750,2026-11-24,Maharashtra Pharma Link,18,36.26
2026-01-02,BR002,MED179,BAT017761,2028-09-27,Maharashtra Pharma Link,4,9.4
2026-01-02,BR002,MED188,BAT017762,2028-08-21,Western Drugs & Surgicals,5,154.68
2026-01-02,BR002,MED204,BAT017751,2026-05-27,Panvel Pharma Supplies,5,139.04
2026-01-02,BR002,MED283,BAT017753,2027-10-07,Neelkanth Pharma Link,40,72.26
2026-01-02,BR002,MED421,BAT017767,2027-10-06,Vashi Pharma Hub,4,137.29
2026-01-02,BR002,MED477,BAT017778,2027-03-16,Deccan Drug House,4,128.38
2026-01-02,BR003,MED012,BAT017779,2027-08-16,Konkan Healthcare Traders,147,74.41
2026-01-02,BR003,MED103,BAT017758,2027-11-22,Bhiwandi Drug Depot,6,148.51
2026-01-02,BR003,MED179,BAT017761,2028-09-27,Maharashtra Pharma Link,5,9.4
2026-01-02,BR003,MED188,BAT017762,2028-08-21,Western Drugs & Surgicals,7,154.68
2026-01-02,BR003,MED204,BAT017751,2026-05-27,Panvel Pharma Supplies,6,139.04
2026-01-02,BR003,MED234,BAT017782,2028-05-19,Konkan Healthcare Traders,20,38.87
2026-01-02,BR003,MED421,BAT017767,2027-10-06,Vashi Pharma Hub,15,137.29
2026-01-02,BR003,MED477,BAT017778,2027-03-16,Deccan Drug House,17,128.38
2026-01-03,BR001,MED025,BAT017789,2026-07-06,Siddhivinayak Drug Agency,2,39.69
2026-01-03,BR001,MED027,BAT017790,2027-10-12,Siddhivinayak Drug Agency,1,165.71
2026-01-03,BR001,MED091,BAT017791,2026-06-28,Goregaon Medi Wholesale,46,20.36
2026-01-03,BR001,MED097,BAT017792,2027-07-04,Chembur Pharma Depot,18,87.14
2026-01-03,BR001,MED159,BAT017801,2026-09-20,Ulhasnagar Drug Centre,1,43.34
2026-01-03,BR001,MED205,BAT017812,2028-07-28,Mahalaxmi Pharma Agencies,1,40.88
2026-01-03,BR001,MED463,BAT017787,2027-10-24,Deccan Drug House,1,19.38
2026-01-03,BR001,MED483,BAT017816,2027-05-21,Vasai Virar Medico,2,55.66
2026-01-03,BR002,MED024,BAT017817,2027-09-06,Om Sai Medicorp,17,80.34
2026-01-03,BR002,MED025,BAT017789,2026-07-06,Siddhivinayak Drug Agency,2,39.69
2026-01-03,BR002,MED027,BAT017790,2027-10-12,Siddhivinayak Drug Agency,10,165.71
2026-01-03,BR002,MED159,BAT017801,2026-09-20,Ulhasnagar Drug Centre,1,43.34
2026-01-03,BR002,MED205,BAT017812,2028-07-28,Mahalaxmi Pharma Agencies,1,40.88
2026-01-03,BR002,MED463,BAT017787,2027-10-24,Deccan Drug House,1,19.38
2026-01-03,BR002,MED483,BAT017816,2027-05-21,Vasai Virar Medico,1,55.66
2026-01-03,BR003,MED014,BAT017807,2028-10-23,Jai Hind Medical Agencies,60,103.6
2026-01-03,BR003,MED025,BAT017789,2026-07-06,Siddhivinayak Drug Agency,2,39.69
2026-01-03,BR003,MED027,BAT017790,2027-10-12,Siddhivinayak Drug Agency,1,165.71
2026-01-03,BR003,MED159,BAT017801,2026-09-20,Ulhasnagar Drug Centre,1,43.34
2026-01-03,BR003,MED205,BAT017812,2028-07-28,Mahalaxmi Pharma Agencies,13,40.88
2026-01-03,BR003,MED463,BAT017787,2027-10-24,Deccan Drug House,13,19.38
2026-01-03,BR003,MED483,BAT017816,2027-05-21,Vasai Virar Medico,2,55.66
2026-01-04,BR001,MED022,BAT017865,2026-03-09,Sahyadri Pharma Distributors,2,52.42
2026-01-04,BR001,MED024,BAT017835,2027-11-10,Bhiwandi Drug Depot,21,82.7
2026-01-04,BR001,MED319,BAT017859,2027-07-26,Navkar Pharma Agency,94,145.42
2026-01-04,BR001,MED344,BAT017838,2028-10-19,Navkar Pharma Agency,42,51.12
2026-01-04,BR001,MED470,BAT017840,2027-07-21,Navkar Pharma Agency,16,28.77
2026-01-04,BR002,MED022,BAT017865,2026-03-09,Sahyadri Pharma Distributors,8,52.42
2026-01-04,BR002,MED069,BAT017836,2028-06-10,Dadar Wholesale Drugs,14,23.03
2026-01-04,BR003,MED022,BAT017865,2026-03-09,Sahyadri Pharma Distributors,2,52.42
2026-01-04,BR003,MED280,BAT017858,2028-05-25,Navkar Pharma Agency,21,7.08
2026-01-05,BR001,MED009,BAT017898,2027-06-30,Konkan Healthcare Traders,74,56.93
2026-01-05,BR001,MED043,BAT017899,2027-11-29,Vashi Pharma Hub,58,127.5
2026-01-05,BR001,MED044,BAT017930,2028-05-19,Jai Hind Medical Agencies,15,288.97
2026-01-05,BR001,MED092,BAT017905,2028-09-09,Apex Pharma Wholesale,6,19.04
2026-01-05,BR001,MED155,BAT017881,2026-09-24,Lifeline Medico Distributors,1,33.1
2026-01-05,BR001,MED403,BAT017915,2028-10-25,Shree Ganesh Medico,5,361.49
2026-01-05,BR001,MED411,BAT017883,2027-03-08,Siddhivinayak Drug Agency,21,112.97
2026-01-05,BR001,MED444,BAT017929,2026-03-12,Thane Medico Traders,1,89.38
2026-01-05,BR002,MED043,BAT017899,2027-11-29,Vashi Pharma Hub,50,127.5
2026-01-05,BR002,MED044,BAT017930,2028-05-19,Jai Hind Medical Agencies,5,288.97
2026-01-05,BR002,MED082,BAT017920,2028-10-14,Om Sai Medicorp,39,64.92
2026-01-05,BR002,MED091,BAT017886,2028-05-17,Goregaon Medi Wholesale,37,19.48
2026-01-05,BR002,MED092,BAT017905,2028-09-09,Apex Pharma Wholesale,5,19.04
2026-01-05,BR002,MED155,BAT017881,2026-09-24,Lifeline Medico Distributors,1,33.1
2026-01-05,BR002,MED234,BAT017909,2028-06-25,Konkan Healthcare Traders,20,38.71
2026-01-05,BR002,MED257,BAT017872,2028-12-04,Om Sai Medicorp,28,27.37
2026-01-05,BR002,MED403,BAT017915,2028-10-25,Shree Ganesh Medico,5,361.49
2026-01-05,BR002,MED444,BAT017929,2026-03-12,Thane Medico Traders,1,89.38
2026-01-05,BR003,MED024,BAT017919,2027-08-06,Om Sai Medicorp,24,75.52
2026-01-05,BR003,MED044,BAT017930,2028-05-19,Jai Hind Medical Agencies,6,288.97
2026-01-05,BR003,MED091,BAT017904,2028-05-24,Goregaon Medi Wholesale,50,20.48
2026-01-05,BR003,MED092,BAT017905,2028-09-09,Apex Pharma Wholesale,6,19.04
2026-01-05,BR003,MED155,BAT017881,2026-09-24,Lifeline Medico Distributors,1,33.1
2026-01-05,BR003,MED247,BAT017925,2027-05-16,Vasai Virar Medico,24,60.72
2026-01-05,BR003,MED343,BAT017914,2028-10-30,Sahyadri Pharma Distributors,25,147.88
2026-01-05,BR003,MED344,BAT017927,2028-10-04,Navkar Pharma Agency,46,53.97
2026-01-05,BR003,MED403,BAT017915,2028-10-25,Shree Ganesh Medico,16,361.49
2026-01-05,BR003,MED444,BAT017929,2026-03-12,Thane Medico Traders,1,89.38
2026-01-06,BR001,MED004,BAT017942,2027-07-28,Chembur Pharma Depot,1,93.91
2026-01-06,BR001,MED017,BAT017947,2026-04-03,Mira Road Drug House,60,21.56
2026-01-06,BR001,MED037,BAT017948,2028-10-12,Pioneer Healthcare Distributors,211,102.09
2026-01-06,BR001,MED038,BAT017990,2028-11-26,Arihant Pharma Traders,14,70.47
2026-01-06,BR001,MED072,BAT017968,2028-11-01,Sai Pharma Distributors,13,25.74
2026-01-06,BR001,MED093,BAT017944,2028-08-03,Bhiwandi Drug Depot,7,23.85
2026-01-06,BR001,MED155,BAT017951,2026-06-12,Lifeline Medico Distributors,20,29.65
2026-01-06,BR001,MED280,BAT017978,2028-06-11,Navkar Pharma Agency,26,7.25
2026-01-06,BR001,MED312,BAT017981,2028-07-16,Arihant Pharma Traders,6,56.27
2026-01-06,BR001,MED480,BAT017940,2028-09-12,Panvel Pharma Supplies,2,53.43
2026-01-06,BR002,MED001,BAT017941,2028-10-11,Goregaon Medi Wholesale,60,19.82
2026-01-06,BR002,MED004,BAT017942,2027-07-28,Chembur Pharma Depot,1,93.91
2026-01-06,BR002,MED012,BAT017932,2027-12-01,Om Sai Medicorp,117,80.1
2026-01-06,BR002,MED038,BAT017965,2028-05-20,Arihant Pharma Traders,13,68.53
2026-01-06,BR002,MED038,BAT017990,2028-11-26,Arihant Pharma Traders,1,70.47
2026-01-06,BR002,MED063,BAT017949,2028-09-26,Lifeline Medico Distributors,16,25.61
2026-01-06,BR002,MED072,BAT017968,2028-11-01,Sai Pharma Distributors,5,25.74
2026-01-06,BR002,MED093,BAT017944,2028-08-03,Bhiwandi Drug Depot,5,23.85
2026-01-06,BR002,MED173,BAT017952,2028-09-28,Vashi Pharma Hub,104,16.6
2026-01-06,BR002,MED312,BAT017981,2028-07-16,Arihant Pharma Traders,11,56.27
2026-01-06,BR002,MED443,BAT017962,2026-04-09,Ulhasnagar Drug Centre,20,93.64
2026-01-06,BR002,MED480,BAT017940,2028-09-12,Panvel Pharma Supplies,1,53.43
2026-01-06,BR003,MED004,BAT017942,2027-07-28,Chembur Pharma Depot,1,93.91
2026-01-06,BR003,MED011,BAT017943,2026-04-10,Dadar Wholesale Drugs,191,22.93
2026-01-06,BR003,MED015,BAT017935,2026-05-06,Kalyan Medical Stores,38,84.35
2026-01-06,BR003,MED033,BAT017964,2027-08-29,Pioneer Healthcare Distributors,94,40.55
2026-01-06,BR003,MED038,BAT017965,2028-05-20,Arihant Pharma Traders,14,68.53
2026-01-06,BR003,MED038,BAT017990,2028-11-26,Arihant Pharma Traders,1,70.47
2026-01-06,BR003,MED072,BAT017968,2028-11-01,Sai Pharma Distributors,7,25.74
2026-01-06,BR003,MED073,BAT017969,2028-12-05,Sahyadri Pharma Distributors,31,26.24
2026-01-06,BR003,MED093,BAT017944,2028-08-03,Bhiwandi Drug Depot,12,23.85
2026-01-06,BR003,MED312,BAT017981,2028-07-16,Arihant Pharma Traders,6,56.27
2026-01-06,BR003,MED444,BAT017992,2027-11-25,Thane Medico Traders,14,102.79
2026-01-06,BR003,MED480,BAT017940,2028-09-12,Panvel Pharma Supplies,2,53.43
2026-01-07,BR001,MED027,BAT018009,2027-10-31,Siddhivinayak Drug Agency,1,158.58
2026-01-07,BR001,MED071,BAT018012,2028-10-12,Pioneer Healthcare Distributors,5,22.12
2026-01-07,BR001,MED483,BAT018008,2026-12-03,Lifeline Medico Distributors,2,55.87
2026-01-07,BR002,MED007,BAT017996,2026-02-23,Malad Healthcare Supply,68,18.17
2026-01-07,BR002,MED027,BAT018009,2027-10-31,Siddhivinayak Drug Agency,1,158.58
2026-01-07,BR002,MED071,BAT018012,2028-10-12,Pioneer Healthcare Distributors,4,22.12
2026-01-07,BR002,MED284,BAT018005,2027-07-05,Dadar Wholesale Drugs,33,82.71
2026-01-07,BR002,MED483,BAT018008,2026-12-03,Lifeline Medico Distributors,2,55.87
2026-01-07,BR003,MED027,BAT018009,2027-10-31,Siddhivinayak Drug Agency,1,158.58
2026-01-07,BR003,MED039,BAT018027,2028-11-27,Om Sai Medicorp,41,53.5
2026-01-07,BR003,MED071,BAT018012,2028-10-12,Pioneer Healthcare Distributors,17,22.12
2026-01-07,BR003,MED186,BAT018018,2028-08-28,Mira Road Drug House,31,143.44
2026-01-07,BR003,MED269,BAT018033,2028-12-21,Sahyadri Pharma Distributors,103,34.67
2026-01-07,BR003,MED483,BAT018008,2026-12-03,Lifeline Medico Distributors,2,55.87
2026-01-08,BR001,MED004,BAT018069,2027-09-30,Deccan Drug House,2,79.23
2026-01-08,BR001,MED005,BAT018049,2028-12-12,Mira Road Drug House,68,20.65
2026-01-08,BR001,MED040,BAT018040,2027-07-17,Neelkanth Pharma Link,31,132.12
2026-01-08,BR001,MED098,BAT018065,2027-09-08,Bhiwandi Drug Depot,10,90.02
2026-01-08,BR001,MED459,BAT018076,2026-06-13,Navkar Pharma Agency,75,33.8
2026-01-08,BR001,MED463,BAT018086,2027-08-23,Thane Medico Traders,1,18.93
2026-01-08,BR001,MED470,BAT018077,2027-07-26,Navkar Pharma Agency,1,26.19
2026-01-08,BR001,MED470,BAT018087,2027-07-20,Navkar Pharma Agency,16,27.18
2026-01-08,BR002,MED004,BAT018069,2027-09-30,Deccan Drug House,1,79.23
2026-01-08,BR002,MED005,BAT018038,2026-04-26,Mira Road Drug House,49,22.85
2026-01-08,BR002,MED030,BAT018039,2028-09-30,Malad Healthcare Supply,16,42.33
2026-01-08,BR002,MED459,BAT018076,2026-06-13,Navkar Pharma Agency,55,33.8
2026-01-08,BR002,MED463,BAT018086,2027-08-23,Thane Medico Traders,1,18.93
2026-01-08,BR002,MED470,BAT018077,2027-07-26,Navkar Pharma Agency,14,26.19
2026-01-08,BR003,MED004,BAT018069,2027-09-30,Deccan Drug House,10,79.23
2026-01-08,BR003,MED319,BAT018081,2026-03-14,Navkar Pharma Agency,84,160.02
2026-01-08,BR003,MED463,BAT018086,2027-08-23,Thane Medico Traders,1,18.93
2026-01-08,BR003,MED470,BAT018077,2027-07-26,Navkar Pharma Agency,1,26.19
2026-01-09,BR001,MED004,BAT018100,2026-07-19,Chembur Pharma Depot,2,85.63
2026-01-09,BR001,MED006,BAT018090,2026-05-25,Bombay Medi Supply,5,34.17
2026-01-09,BR001,MED019,BAT018091,2026-12-10,Lifeline Medico Distributors,1,67.3
2026-01-09,BR001,MED022,BAT018131,2027-06-14,Sahyadri Pharma Distributors,10,51.49
2026-01-09,BR001,MED161,BAT018096,2026-02-03,Lifeline Medico Distributors,6,47.62
2026-01-09,BR001,MED205,BAT018122,2028-10-17,Arihant Pharma Traders,12,42.53
2026-01-09,BR001,MED341,BAT018113,2028-07-08,Om Sai Medicorp,1,128.98
2026-01-09,BR001,MED451,BAT018111,2027-05-26,Panvel Pharma Supplies,6,51.62
2026-01-09,BR002,MED004,BAT018100,2026-07-19,Chembur Pharma Depot,2,85.63
2026-01-09,BR002,MED006,BAT018090,2026-05-25,Bombay Medi Supply,4,34.17
2026-01-09,BR002,MED009,BAT018130,2027-05-30,Konkan Healthcare Traders,49,54.62
2026-01-09,BR002,MED019,BAT018091,2026-12-10,Lifeline Medico Distributors,13,67.3
2026-01-09,BR002,MED022,BAT018131,2027-06-14,Sahyadri Pharma Distributors,1,51.49
2026-01-09,BR002,MED161,BAT018096,2026-02-03,Lifeline Medico Distributors,5,47.62
2026-01-09,BR002,MED205,BAT018122,2028-10-17,Arihant Pharma Traders,9,42.53
2026-01-09,BR002,MED311,BAT018124,2028-06-15,Arihant Pharma Traders,31,68.69
2026-01-09,BR002,MED341,BAT018113,2028-07-08,Om Sai Medicorp,1,128.98
2026-01-09,BR002,MED451,BAT018111,2027-05-26,Panvel Pharma Supplies,5,51.62
2026-01-09,BR003,MED004,BAT018100,2026-07-19,Chembur Pharma Depot,2,85.63
2026-01-09,BR003,MED006,BAT018090,2026-05-25,Bombay Medi Supply,5,34.17
2026-01-09,BR003,MED019,BAT018091,2026-12-10,Lifeline Medico Distributors,1,67.3
2026-01-09,BR003,MED022,BAT018131,2027-06-14,Sahyadri Pharma Distributors,1,51.49
2026-01-09,BR003,MED155,BAT018095,2026-03-29,Lifeline Medico Distributors,15,34.3
2026-01-09,BR003,MED161,BAT018096,2026-02-03,Lifeline Medico Distributors,12,47.62
2026-01-09,BR003,MED341,BAT018113,2028-07-08,Om Sai Medicorp,14,128.98
2026-01-09,BR003,MED451,BAT018111,2027-05-26,Panvel Pharma Supplies,6,51.62
2026-01-10,BR001,MED106,BAT018165,2027-07-19,Sai Pharma Distributors,10,177.92
2026-01-10,BR001,MED125,BAT018138,2027-11-05,Chembur Pharma Depot,7,91.03
2026-01-10,BR001,MED204,BAT018146,2027-11-12,Panvel Pharma Supplies,5,132.57
2026-01-10,BR001,MED262,BAT018148,2028-07-28,Arihant Pharma Traders,5,36.88
2026-01-10,BR001,MED381,BAT018150,2027-08-17,Ulhasnagar Drug Centre,121,132.83
2026-01-10,BR001,MED457,BAT018151,2027-05-31,Panvel Pharma Supplies,6,33.26
2026-01-10,BR001,MED467,BAT018171,2027-06-07,Apex Pharma Wholesale,16,26.8
2026-01-10,BR002,MED035,BAT018152,2026-07-31,Arihant Pharma Traders,16,17.98
2026-01-10,BR002,MED106,BAT018165,2027-07-19,Sai Pharma Distributors,1,177.92
2026-01-10,BR002,MED125,BAT018138,2027-11-05,Chembur Pharma Depot,5,91.03
2026-01-10,BR002,MED204,BAT018146,2027-11-12,Panvel Pharma Supplies,4,132.57
2026-01-10,BR002,MED262,BAT018148,2028-07-28,Arihant Pharma Traders,4,36.88
2026-01-10,BR002,MED319,BAT018158,2026-03-19,Navkar Pharma Agency,72,173.32
2026-01-10,BR002,MED343,BAT018161,2028-09-03,Sahyadri Pharma Distributors,22,151.11
2026-01-10,BR002,MED457,BAT018151,2027-05-31,Panvel Pharma Supplies,5,33.26
2026-01-10,BR002,MED467,BAT018171,2027-06-07,Apex Pharma Wholesale,4,26.8
2026-01-10,BR003,MED106,BAT018165,2027-07-19,Sai Pharma Distributors,1,177.92
2026-01-10,BR003,MED125,BAT018138,2027-11-05,Chembur Pharma Depot,6,91.03
2026-01-10,BR003,MED204,BAT018146,2027-11-12,Panvel Pharma Supplies,5,132.57
2026-01-10,BR003,MED262,BAT018148,2028-07-28,Arihant Pharma Traders,5,36.88
2026-01-10,BR003,MED443,BAT018141,2027-09-11,Ulhasnagar Drug Centre,26,100.7
2026-01-10,BR003,MED445,BAT018164,2027-06-15,Navkar Pharma Agency,18,97.32
2026-01-10,BR003,MED457,BAT018151,2027-05-31,Panvel Pharma Supplies,6,33.26
2026-01-10,BR003,MED467,BAT018171,2027-06-07,Apex Pharma Wholesale,5,26.8
2026-01-11,BR001,MED003,BAT018192,2027-12-08,Om Sai Medicorp,1,74.79
2026-01-11,BR001,MED007,BAT018193,2028-12-16,Lifeline Medico Distributors,90,14.25
2026-01-11,BR001,MED013,BAT018177,2028-09-20,Ulhasnagar Drug Centre,59,23.7
2026-01-11,BR001,MED019,BAT018195,2027-06-28,Lifeline Medico Distributors,71,64.29
2026-01-11,BR001,MED031,BAT018203,2026-05-18,Western Drugs & Surgicals,38,146.0
2026-01-11,BR001,MED033,BAT018204,2027-08-26,Pioneer Healthcare Distributors,85,38.31
2026-01-11,BR001,MED069,BAT018178,2028-11-05,Dadar Wholesale Drugs,19,22.96
2026-01-11,BR001,MED159,BAT018190,2026-11-03,Ulhasnagar Drug Centre,16,46.66
2026-01-11,BR001,MED341,BAT018214,2028-09-19,Om Sai Medicorp,1,128.39
2026-01-11,BR001,MED464,BAT018232,2027-10-17,Mahalaxmi Pharma Agencies,12,19.67
2026-01-11,BR002,MED003,BAT018192,2027-12-08,Om Sai Medicorp,11,74.79
2026-01-11,BR002,MED013,BAT018177,2028-09-20,Ulhasnagar Drug Centre,49,23.7
2026-01-11,BR002,MED019,BAT018195,2027-06-28,Lifeline Medico Distributors,52,64.29
2026-01-11,BR002,MED073,BAT018219,2028-08-12,Sahyadri Pharma Distributors,20,31.72
2026-01-11,BR002,MED130,BAT018189,2028-08-24,Goregaon Medi Wholesale,18,51.7
2026-01-11,BR002,MED142,BAT018180,2026-06-21,Mira Road Drug House,31,38.52
2026-01-11,BR002,MED341,BAT018214,2028-09-19,Om Sai Medicorp,13,128.39
2026-01-11,BR002,MED464,BAT018232,2027-10-17,Mahalaxmi Pharma Agencies,5,19.67
2026-01-11,BR003,MED001,BAT018202,2028-11-03,Goregaon Medi Wholesale,89,18.28
2026-01-11,BR003,MED003,BAT018192,2027-12-08,Om Sai Medicorp,1,74.79
2026-01-11,BR003,MED013,BAT018177,2028-09-20,Ulhasnagar Drug Centre,64,23.7
2026-01-11,BR003,MED019,BAT018195,2027-06-28,Lifeline Medico Distributors,68,64.29
2026-01-11,BR003,MED037,BAT018218,2028-11-17,Pioneer Healthcare Distributors,206,93.09
2026-01-11,BR003,MED341,BAT018214,2028-09-19,Om Sai Medicorp,1,128.39
2026-01-11,BR003,MED464,BAT018232,2027-10-17,Mahalaxmi Pharma Agencies,6,19.67
2026-01-12,BR001,MED002,BAT018242,2026-06-03,Dadar Wholesale Drugs,1,29.23
2026-01-12,BR001,MED027,BAT018248,2027-12-02,Siddhivinayak Drug Agency,1,169.41
2026-01-12,BR001,MED038,BAT018268,2028-05-23,Arihant Pharma Traders,1,64.87
2026-01-12,BR001,MED097,BAT018244,2026-05-26,Chembur Pharma Depot,1,88.89
2026-01-12,BR001,MED269,BAT018260,2028-10-22,Siddhivinayak Drug Agency,123,31.49
2026-01-12,BR001,MED283,BAT018256,2027-09-07,Neelkanth Pharma Link,44,80.29
2026-01-12,BR001,MED481,BAT018241,2026-06-16,Dadar Wholesale Drugs,12,49.89
2026-01-12,BR002,MED002,BAT018242,2026-06-03,Dadar Wholesale Drugs,13,29.23
2026-01-12,BR002,MED027,BAT018248,2027-12-02,Siddhivinayak Drug Agency,1,169.41
2026-01-12,BR002,MED038,BAT018268,2028-05-23,Arihant Pharma Traders,1,64.87
2026-01-12,BR002,MED097,BAT018244,2026-05-26,Chembur Pharma Depot,14,88.89
2026-01-12,BR002,MED269,BAT018260,2028-10-22,Siddhivinayak Drug Agency,98,31.49
2026-01-12,BR002,MED481,BAT018241,2026-06-16,Dadar Wholesale Drugs,5,49.89
2026-01-12,BR003,MED002,BAT018242,2026-06-03,Dadar Wholesale Drugs,1,29.23
2026-01-12,BR003,MED027,BAT018248,2027-12-02,Siddhivinayak Drug Agency,1,169.41
2026-01-12,BR003,MED038,BAT018268,2028-05-23,Arihant Pharma Traders,1,64.87
2026-01-12,BR003,MED063,BAT018243,2026-03-29,Lifeline Medico Distributors,20,30.9
2026-01-12,BR003,MED097,BAT018244,2026-05-26,Chembur Pharma Depot,1,88.89
2026-01-12,BR003,MED159,BAT018255,2026-10-26,Malad Healthcare Supply,16,44.3
2026-01-12,BR003,MED283,BAT018237,2027-09-08,Neelkanth Pharma Link,39,77.4
2026-01-12,BR003,MED459,BAT018266,2027-10-25,Deccan Drug House,80,31.75
2026-01-12,BR003,MED470,BAT018267,2027-07-19,Navkar Pharma Agency,17,27.43
2026-01-12,BR003,MED481,BAT018241,2026-06-16,Dadar Wholesale Drugs,7,49.89
2026-01-13,BR001,MED018,BAT018325,2027-01-28,Vasai Virar Medico,6,106.23
2026-01-13,BR001,MED022,BAT018326,2027-12-06,Apex Pharma Wholesale,2,50.15
2026-01-13,BR001,MED025,BAT018295,2028-08-05,Deccan Drug House,1,42.95
2026-01-13,BR001,MED026,BAT018281,2027-08-21,Goregaon Medi Wholesale,6,58.42
2026-01-13,BR001,MED097,BAT018286,2027-09-13,Bhiwandi Drug Depot,1,87.05
2026-01-13,BR001,MED444,BAT018322,2027-06-12,Thane Medico Traders,15,103.08
2026-01-13,BR001,MED463,BAT018293,2027-11-16,Deccan Drug House,1,19.81
2026-01-13,BR001,MED490,BAT018310,2026-05-23,Mira Road Drug House,2,46.22
2026-01-13,BR002,MED018,BAT018325,2027-01-28,Vasai Virar Medico,5,106.23
2026-01-13,BR002,MED022,BAT018326,2027-12-06,Apex Pharma Wholesale,2,50.15
2026-01-13,BR002,MED025,BAT018295,2028-08-05,Deccan Drug House,10,42.95
2026-01-13,BR002,MED026,BAT018281,2027-08-21,Goregaon Medi Wholesale,4,58.42
2026-01-13,BR002,MED097,BAT018286,2027-09-13,Bhiwandi Drug Depot,1,87.05
2026-01-13,BR002,MED463,BAT018293,2027-11-16,Deccan Drug House,1,19.81
2026-01-13,BR002,MED490,BAT018310,2026-05-23,Mira Road Drug House,9,46.22
2026-01-13,BR003,MED018,BAT018325,2027-01-28,Vasai Virar Medico,6,106.23
2026-01-13,BR003,MED022,BAT018326,2027-12-06,Apex Pharma Wholesale,2,50.15
2026-01-13,BR003,MED025,BAT018295,2028-08-05,Deccan Drug House,1,42.95
2026-01-13,BR003,MED026,BAT018281,2027-08-21,Goregaon Medi Wholesale,15,58.42
2026-01-13,BR003,MED097,BAT018286,2027-09-13,Bhiwandi Drug Depot,1,87.05
2026-01-13,BR003,MED173,BAT018300,2028-09-26,Maharashtra Pharma Link,136,16.15
2026-01-13,BR003,MED257,BAT018304,2028-10-25,Om Sai Medicorp,32,29.67
2026-01-13,BR003,MED299,BAT018306,2028-07-19,Bombay Medi Supply,117,68.24
2026-01-13,BR003,MED463,BAT018293,2027-11-16,Deccan Drug House,1,19.81
2026-01-13,BR003,MED490,BAT018310,2026-05-23,Mira Road Drug House,2,46.22
2026-01-14,BR001,MED001,BAT018375,2028-06-27,Goregaon Medi Wholesale,72,18.33
2026-01-14,BR001,MED015,BAT018332,2026-02-14,Kalyan Medical Stores,43,93.41
2026-01-14,BR001,MED082,BAT018341,2028-11-10,Bhiwandi Drug Depot,53,54.28
2026-01-14,BR001,MED120,BAT018359,2027-09-27,Om Sai Medicorp,7,92.68
2026-01-14,BR001,MED130,BAT018342,2028-07-09,Goregaon Medi Wholesale,26,49.48
2026-01-14,BR001,MED421,BAT018337,2027-08-25,Vashi Pharma Hub,17,133.15
2026-01-14,BR001,MED425,BAT018349,2026-07-31,Ulhasnagar Drug Centre,8,167.55
2026-01-14,BR001,MED440,BAT018372,2027-06-15,Maharashtra Pharma Link,3,132.94
2026-01-14,BR002,MED011,BAT018339,2028-09-30,Dadar Wholesale Drugs,177,26.24
2026-01-14,BR002,MED015,BAT018332,2026-02-14,Kalyan Medical Stores,28,93.41
2026-01-14,BR002,MED037,BAT018355,2028-09-24,Pioneer Healthcare Distributors,202,87.26
2026-01-14,BR002,MED120,BAT018359,2027-09-27,Om Sai Medicorp,10,92.68
2026-01-14,BR002,MED299,BAT018335,2028-11-17,Bombay Medi Supply,94,63.71
2026-01-14,BR002,MED421,BAT018337,2027-08-25,Vashi Pharma Hub,4,133.15
2026-01-14,BR002,MED425,BAT018349,2026-07-31,Ulhasnagar Drug Centre,5,167.55
2026-01-14,BR002,MED440,BAT018372,2027-06-15,Maharashtra Pharma Link,11,132.94
2026-01-14,BR003,MED007,BAT018338,2028-07-19,Malad Healthcare Supply,91,15.26
2026-01-14,BR003,MED120,BAT018359,2027-09-27,Om Sai Medicorp,6,92.68
2026-01-14,BR003,MED421,BAT018337,2027-08-25,Vashi Pharma Hub,5,133.15
2026-01-14,BR003,MED425,BAT018349,2026-07-31,Ulhasnagar Drug Centre,7,167.55
2026-01-14,BR003,MED440,BAT018372,2027-06-15,Maharashtra Pharma Link,17,132.94
2026-01-15,BR001,MED030,BAT018399,2028-09-13,Malad Healthcare Supply,21,47.35
2026-01-15,BR001,MED032,BAT018406,2026-04-17,Kalyan Medical Stores,12,8.69
2026-01-15,BR001,MED073,BAT018434,2028-07-29,Sahyadri Pharma Distributors,27,27.01
2026-01-15,BR001,MED142,BAT018402,2028-10-21,Bombay Medi Supply,41,41.48
2026-01-15,BR001,MED179,BAT018397,2028-09-01,Western Drugs & Surgicals,6,8.79
2026-01-15,BR001,MED253,BAT018395,2027-06-14,Dadar Wholesale Drugs,7,69.66
2026-01-15,BR001,MED319,BAT018437,2027-11-15,Navkar Pharma Agency,89,162.89
2026-01-15,BR001,MED336,BAT018429,2028-07-03,Navkar Pharma Agency,6,136.89
2026-01-15,BR001,MED463,BAT018432,2027-07-04,Deccan Drug House,13,17.21
2026-01-15,BR001,MED480,BAT018421,2026-05-04,Panvel Pharma Supplies,1,55.36
2026-01-15,BR002,MED014,BAT018439,2028-10-09,Jai Hind Medical Agencies,55,103.69
2026-01-15,BR002,MED032,BAT018406,2026-04-17,Kalyan Medical Stores,5,8.69
2026-01-15,BR002,MED043,BAT018433,2027-10-03,Vashi Pharma Hub,45,109.24
2026-01-15,BR002,MED179,BAT018397,2028-09-01,Western Drugs & Surgicals,14,8.79
2026-01-15,BR002,MED253,BAT018395,2027-06-14,Dadar Wholesale Drugs,5,69.66
2026-01-15,BR002,MED336,BAT018429,2028-07-03,Navkar Pharma Agency,11,136.89
2026-01-15,BR002,MED463,BAT018432,2027-07-04,Deccan Drug House,1,17.21
2026-01-15,BR002,MED480,BAT018421,2026-05-04,Panvel Pharma Supplies,1,55.36
2026-01-15,BR003,MED021,BAT018398,2028-08-06,Dadar Wholesale Drugs,23,25.47
2026-01-15,BR003,MED030,BAT018399,2028-09-13,Malad Healthcare Supply,22,47.35
2026-01-15,BR003,MED031,BAT018405,2026-06-30,Mira Road Drug House,42,138.37
2026-01-15,BR003,MED032,BAT018406,2026-04-17,Kalyan Medical Stores,7,8.69
2026-01-15,BR003,MED142,BAT018396,2028-09-16,Bombay Medi Supply,43,44.58
2026-01-15,BR003,MED179,BAT018397,2028-09-01,Western Drugs & Surgicals,6,8.79
2026-01-15,BR003,MED253,BAT018395,2027-06-14,Dadar Wholesale Drugs,11,69.66
2026-01-15,BR003,MED336,BAT018429,2028-07-03,Navkar Pharma Agency,6,136.89
2026-01-15,BR003,MED463,BAT018432,2027-07-04,Deccan Drug House,1,17.21
2026-01-15,BR003,MED480,BAT018421,2026-05-04,Panvel Pharma Supplies,14,55.36
2026-01-16,BR001,MED038,BAT018458,2028-07-27,Arihant Pharma Traders,1,68.89
2026-01-16,BR001,MED043,BAT018478,2026-04-05,Shree Ganesh Medico,54,111.74
2026-01-16,BR001,MED155,BAT018463,2026-04-06,Lifeline Medico Distributors,14,30.28
2026-01-16,BR001,MED334,BAT018480,2028-10-26,Sahyadri Pharma Distributors,16,105.17
2026-01-16,BR001,MED422,BAT018476,2027-10-29,Siddhivinayak Drug Agency,8,123.98
2026-01-16,BR001,MED470,BAT018477,2027-06-22,Navkar Pharma Agency,1,24.67
2026-01-16,BR001,MED470,BAT018487,2027-07-02,Navkar Pharma Agency,17,29.08
2026-01-16,BR002,MED033,BAT018471,2027-06-22,Pioneer Healthcare Distributors,64,43.39
2026-01-16,BR002,MED038,BAT018458,2028-07-27,Arihant Pharma Traders,11,68.89
2026-01-16,BR002,MED069,BAT018454,2028-08-10,Dadar Wholesale Drugs,15,22.06
2026-01-16,BR002,MED155,BAT018463,2026-04-06,Lifeline Medico Distributors,1,30.28
2026-01-16,BR002,MED278,BAT018450,2028-11-22,Bombay Medi Supply,24,6.55
2026-01-16,BR002,MED334,BAT018480,2028-10-26,Sahyadri Pharma Distributors,5,105.17
2026-01-16,BR002,MED411,BAT018452,2027-05-19,Maharashtra Pharma Link,15,102.37
2026-01-16,BR002,MED422,BAT018476,2027-10-29,Siddhivinayak Drug Agency,5,123.98
2026-01-16,BR002,MED470,BAT018477,2027-06-22,Navkar Pharma Agency,1,24.67
2026-01-16,BR003,MED038,BAT018458,2028-07-27,Arihant Pharma Traders,1,68.89
2026-01-16,BR003,MED097,BAT018461,2027-06-13,Bhiwandi Drug Depot,15,84.64
2026-01-16,BR003,MED155,BAT018463,2026-04-06,Lifeline Medico Distributors,1,30.28
2026-01-16,BR003,MED278,BAT018450,2028-11-22,Bombay Medi Supply,29,6.55
2026-01-16,BR003,MED334,BAT018480,2028-10-26,Sahyadri Pharma Distributors,5,105.17
2026-01-16,BR003,MED422,BAT018476,2027-10-29,Siddhivinayak Drug Agency,7,123.98
2026-01-16,BR003,MED470,BAT018477,2027-06-22,Navkar Pharma Agency,1,24.67
2026-01-17,BR001,MED039,BAT018524,2028-08-04,Konkan Healthcare Traders,44,46.66
2026-01-17,BR001,MED063,BAT018495,2028-10-25,Chembur Pharma Depot,19,27.07
2026-01-17,BR001,MED205,BAT018527,2028-12-15,Mahalaxmi Pharma Agencies,1,41.59
2026-01-17,BR001,MED305,BAT018492,2028-06-22,Navkar Pharma Agency,60,70.45
2026-01-17,BR001,MED341,BAT018514,2028-10-05,Om Sai Medicorp,13,139.96
2026-01-17,BR001,MED377,BAT018516,2027-06-16,Bombay Medi Supply,6,127.47
2026-01-17,BR001,MED444,BAT018532,2027-08-20,Thane Medico Traders,1,94.96
2026-01-17,BR001,MED445,BAT018491,2027-09-13,Navkar Pharma Agency,20,89.79
2026-01-17,BR002,MED186,BAT018500,2028-07-13,Bhiwandi Drug Depot,23,153.19
2026-01-17,BR002,MED205,BAT018527,2028-12-15,Mahalaxmi Pharma Agencies,1,41.59
2026-01-17,BR002,MED341,BAT018514,2028-10-05,Om Sai Medicorp,1,139.96
2026-01-17,BR002,MED344,BAT018529,2028-11-17,Navkar Pharma Agency,37,46.9
2026-01-17,BR002,MED377,BAT018516,2027-06-16,Bombay Medi Supply,5,127.47
2026-01-17,BR002,MED444,BAT018532,2027-08-20,Thane Medico Traders,11,94.96
2026-01-17,BR003,MED205,BAT018527,2028-12-15,Mahalaxmi Pharma Agencies,1,41.59
2026-01-17,BR003,MED341,BAT018514,2028-10-05,Om Sai Medicorp,1,139.96
2026-01-17,BR003,MED377,BAT018516,2027-06-16,Bombay Medi Supply,13,127.47
2026-01-17,BR003,MED381,BAT018517,2027-08-25,Neelkanth Pharma Link,111,135.62
2026-01-17,BR003,MED444,BAT018532,2027-08-20,Thane Medico Traders,1,94.96
2026-01-17,BR003,MED444,BAT018537,2027-11-11,Thane Medico Traders,14,85.09
2026-01-18,BR001,MED002,BAT018543,2028-06-02,Dadar Wholesale Drugs,1,28.28
2026-01-18,BR001,MED006,BAT018544,2026-08-27,Lifeline Medico Distributors,6,37.85
2026-01-18,BR001,MED234,BAT018580,2028-10-04,Arihant Pharma Traders,26,40.66
2026-01-18,BR001,MED299,BAT018554,2028-07-08,Bombay Medi Supply,112,67.71
2026-01-18,BR001,MED335,BAT018555,2028-06-23,Siddhivinayak Drug Agency,6,107.23
2026-01-18,BR001,MED343,BAT018578,2026-05-25,Sahyadri Pharma Distributors,23,136.45
2026-01-18,BR001,MED344,BAT018585,2028-08-27,Navkar Pharma Agency,43,46.07
2026-01-18,BR001,MED459,BAT018589,2026-06-11,Navkar Pharma Agency,81,32.95
2026-01-18,BR002,MED002,BAT018543,2028-06-02,Dadar Wholesale Drugs,1,28.28
2026-01-18,BR002,MED006,BAT018544,2026-08-27,Lifeline Medico Distributors,11,37.85
2026-01-18,BR002,MED257,BAT018552,2028-06-12,Siddhivinayak Drug Agency,25,29.23
2026-01-18,BR002,MED335,BAT018555,2028-06-23,Siddhivinayak Drug Agency,11,107.23
2026-01-18,BR003,MED002,BAT018543,2028-06-02,Dadar Wholesale Drugs,1,28.28
2026-01-18,BR003,MED006,BAT018544,2026-08-27,Lifeline Medico Distributors,6,37.85
2026-01-18,BR003,MED014,BAT018590,2029-01-04,Jai Hind Medical Agencies,68,107.84
2026-01-18,BR003,MED269,BAT018592,2028-08-04,Sahyadri Pharma Distributors,120,34.62
2026-01-18,BR003,MED305,BAT018581,2028-12-12,Navkar Pharma Agency,56,79.17
2026-01-18,BR003,MED319,BAT018582,2027-07-31,Navkar Pharma Agency,95,162.44
2026-01-18,BR003,MED335,BAT018555,2028-06-23,Siddhivinayak Drug Agency,6,107.23
2026-01-19,BR001,MED034,BAT018631,2028-07-15,Konkan Healthcare Traders,75,37.15
2026-01-19,BR001,MED205,BAT018623,2026-04-24,Western Drugs & Surgicals,1,34.78
2026-01-19,BR001,MED455,BAT018629,2027-08-05,Deccan Drug House,7,62.21
2026-01-19,BR002,MED021,BAT018599,2026-06-25,Dadar Wholesale Drugs,17,22.66
2026-01-19,BR002,MED040,BAT018600,2027-06-19,Neelkanth Pharma Link,23,132.9
2026-01-19,BR002,MED205,BAT018623,2026-04-24,Western Drugs & Surgicals,1,34.78
2026-01-19,BR002,MED280,BAT018596,2028-09-17,Navkar Pharma Agency,19,7.97
2026-01-19,BR002,MED381,BAT018597,2027-10-14,Neelkanth Pharma Link,105,117.36
2026-01-19,BR002,MED445,BAT018628,2027-11-03,Navkar Pharma Agency,16,84.5
2026-01-19,BR002,MED455,BAT018629,2027-08-05,Deccan Drug House,5,62.21
2026-01-19,BR002,MED459,BAT018603,2027-12-02,Deccan Drug House,53,35.61
2026-01-19,BR003,MED009,BAT018618,2027-10-13,Arihant Pharma Traders,68,64.25
2026-01-19,BR003,MED205,BAT018623,2026-04-24,Western Drugs & Surgicals,13,34.78
2026-01-19,BR003,MED280,BAT018633,2028-06-16,Navkar Pharma Agency,25,7.61
2026-01-19,BR003,MED455,BAT018629,2027-08-05,Deccan Drug House,12,62.21
2026-01-20,BR001,MED011,BAT018647,2028-10-01,Siddhivinayak Drug Agency,196,27.63
2026-01-20,BR001,MED027,BAT018655,2027-09-26,Siddhivinayak Drug Agency,11,141.94
2026-01-20,BR001,MED173,BAT018673,2028-08-26,Shree Ganesh Medico,157,17.94
2026-01-20,BR001,MED294,BAT018666,2028-12-02,Om Sai Medicorp,6,75.89
2026-01-20,BR001,MED339,BAT018677,2028-06-01,Pioneer Healthcare Distributors,5,114.12
2026-01-20,BR001,MED480,BAT018646,2028-08-13,Panvel Pharma Supplies,12,51.87
2026-01-20,BR001,MED483,BAT018670,2026-04-16,Lifeline Medico Distributors,10,58.92
2026-01-20,BR001,MED490,BAT018653,2026-03-17,Lifeline Medico Distributors,2,47.62
2026-01-20,BR002,MED294,BAT018666,2028-12-02,Om Sai Medicorp,5,75.89
2026-01-20,BR002,MED339,BAT018677,2028-06-01,Pioneer Healthcare Distributors,4,114.12
2026-01-20,BR002,MED480,BAT018646,2028-08-13,Panvel Pharma Supplies,9,51.87
2026-01-20,BR002,MED483,BAT018670,2026-04-16,Lifeline Medico Distributors,7,58.92
2026-01-20,BR002,MED490,BAT018653,2026-03-17,Lifeline Medico Distributors,1,47.62
2026-01-20,BR003,MED015,BAT018648,2026-05-25,Western Drugs & Surgicals,37,95.89
2026-01-20,BR003,MED027,BAT018655,2027-09-26,Siddhivinayak Drug Agency,11,141.94
2026-01-20,BR003,MED069,BAT018644,2028-08-08,Dadar Wholesale Drugs,21,23.76
2026-01-20,BR003,MED294,BAT018666,2028-12-02,Om Sai Medicorp,6,75.89
2026-01-20,BR003,MED339,BAT018677,2028-06-01,Pioneer Healthcare Distributors,18,114.12
2026-01-20,BR003,MED490,BAT018653,2026-03-17,Lifeline Medico Distributors,2,47.62
2026-01-21,BR001,MED229,BAT018732,2028-09-01,Vasai Virar Medico,7,38.33
2026-01-21,BR001,MED444,BAT018740,2027-10-03,Thane Medico Traders,14,96.39
2026-01-21,BR002,MED173,BAT018730,2026-06-18,Shree Ganesh Medico,106,17.65
2026-01-21,BR002,MED229,BAT018732,2028-09-01,Vasai Virar Medico,9,38.33
2026-01-21,BR003,MED003,BAT018694,2027-12-09,Bhiwandi Drug Depot,13,72.44
2026-01-21,BR003,MED229,BAT018732,2028-09-01,Vasai Virar Medico,7,38.33
2026-01-22,BR001,MED003,BAT018772,2027-08-28,Bhiwandi Drug Depot,17,73.6
2026-01-22,BR001,MED037,BAT018783,2028-06-08,Pioneer Healthcare Distributors,196,101.36
2026-01-22,BR001,MED097,BAT018756,2026-07-24,Chembur Pharma Depot,17,81.05
2026-01-22,BR001,MED106,BAT018784,2027-11-08,Om Sai Medicorp,2,163.88
2026-01-22,BR001,MED155,BAT018745,2026-08-12,Lifeline Medico Distributors,1,32.22
2026-01-22,BR001,MED257,BAT018780,2028-12-05,Siddhivinayak Drug Agency,30,29.38
2026-01-22,BR002,MED106,BAT018784,2027-11-08,Om Sai Medicorp,9,163.88
2026-01-22,BR002,MED155,BAT018745,2026-08-12,Lifeline Medico Distributors,14,32.22
2026-01-22,BR003,MED091,BAT018779,2028-06-07,Goregaon Medi Wholesale,50,20.27
2026-01-22,BR003,MED106,BAT018784,2027-11-08,Om Sai Medicorp,2,163.88
2026-01-22,BR003,MED155,BAT018745,2026-08-12,Lifeline Medico Distributors,1,32.22
2026-01-22,BR003,MED155,BAT018759,2026-07-12,Lifeline Medico Distributors,18,30.14
2026-01-23,BR001,MED008,BAT018795,2028-08-29,Om Sai Medicorp,7,151.94
2026-01-23,BR001,MED029,BAT018796,2026-12-14,Ulhasnagar Drug Centre,6,25.96
2026-01-23,BR001,MED097,BAT018809,2027-07-01,Bhiwandi Drug Depot,1,97.04
2026-01-23,BR001,MED247,BAT018829,2027-08-04,Konkan Healthcare Traders,20,57.98
2026-01-23,BR002,MED008,BAT018795,2028-08-29,Om Sai Medicorp,5,151.94
2026-01-23,BR002,MED029,BAT018796,2026-12-14,Ulhasnagar Drug Centre,5,25.96
2026-01-23,BR002,MED039,BAT018806,2028-06-20,Om Sai Medicorp,35,53.38
2026-01-23,BR002,MED043,BAT018818,2027-11-28,Vashi Pharma Hub,47,106.89
2026-01-23,BR002,MED097,BAT018809,2027-07-01,Bhiwandi Drug Depot,13,97.04
2026-01-23,BR002,MED142,BAT018800,2028-06-11,Bombay Medi Supply,33,43.68
2026-01-23,BR003,MED008,BAT018795,2028-08-29,Om Sai Medicorp,7,151.94
2026-01-23,BR003,MED022,BAT018816,2026-07-20,Apex Pharma Wholesale,9,51.48
2026-01-23,BR003,MED029,BAT018796,2026-12-14,Ulhasnagar Drug Centre,12,25.96
2026-01-23,BR003,MED034,BAT018817,2028-11-05,Western Drugs & Surgicals,64,34.26
2026-01-23,BR003,MED040,BAT018807,2027-05-31,Pioneer Healthcare Distributors,28,129.04
2026-01-23,BR003,MED043,BAT018827,2027-12-15,Vashi Pharma Hub,58,105.04
2026-01-23,BR003,MED082,BAT018819,2028-05-29,Om Sai Medicorp,48,55.95
2026-01-23,BR003,MED097,BAT018809,2027-07-01,Bhiwandi Drug Depot,1,97.04
2026-01-24,BR001,MED003,BAT018864,2027-11-22,Om Sai Medicorp,1,67.93
2026-01-24,BR001,MED005,BAT018838,2026-04-01,Mira Road Drug House,64,20.16
2026-01-24,BR001,MED009,BAT018865,2027-12-19,Konkan Healthcare Traders,66,59.07
2026-01-24,BR001,MED014,BAT018866,2028-11-07,Jai Hind Medical Agencies,64,103.73
2026-01-24,BR001,MED311,BAT018846,2028-10-17,Neelkanth Pharma Link,33,72.69
2026-01-24,BR001,MED411,BAT018849,2026-12-28,Ulhasnagar Drug Centre,19,110.25
2026-01-24,BR001,MED477,BAT018863,2027-02-12,Vasai Virar Medico,18,136.6
2026-01-24,BR002,MED001,BAT018852,2028-11-13,Sai Pharma Distributors,63,16.62
2026-01-24,BR002,MED003,BAT018864,2027-11-22,Om Sai Medicorp,14,67.93
2026-01-24,BR002,MED009,BAT018871,2027-10-25,Konkan Healthcare Traders,52,63.26
2026-01-24,BR002,MED319,BAT018870,2027-06-09,Navkar Pharma Agency,72,144.13
2026-01-24,BR002,MED477,BAT018863,2027-02-12,Vasai Virar Medico,4,136.6
2026-01-24,BR003,MED003,BAT018864,2027-11-22,Om Sai Medicorp,1,67.93
2026-01-24,BR003,MED234,BAT018867,2028-07-05,Konkan Healthcare Traders,21,47.08
2026-01-24,BR003,MED477,BAT018863,2027-02-12,Vasai Virar Medico,5,136.6
2026-01-25,BR001,MED007,BAT018884,2029-01-04,Apex Pharma Wholesale,89,18.68
2026-01-25,BR001,MED012,BAT018904,2027-10-08,Om Sai Medicorp,150,77.26
2026-01-25,BR001,MED038,BAT018894,2028-10-02,Arihant Pharma Traders,1,69.01
2026-01-25,BR001,MED098,BAT018885,2027-11-20,Om Sai Medicorp,13,90.71
2026-01-25,BR001,MED321,BAT018911,2027-06-17,Sahyadri Pharma Distributors,6,153.54
2026-01-25,BR001,MED381,BAT018892,2027-12-11,Ulhasnagar Drug Centre,115,125.28
2026-01-25,BR002,MED012,BAT018904,2027-10-08,Om Sai Medicorp,125,77.26
2026-01-25,BR002,MED013,BAT018877,2028-10-08,Ulhasnagar Drug Centre,50,24.53
2026-01-25,BR002,MED015,BAT018878,2026-12-26,Kalyan Medical Stores,31,85.55
2026-01-25,BR002,MED038,BAT018894,2028-10-02,Arihant Pharma Traders,1,69.01
2026-01-25,BR002,MED082,BAT018907,2028-06-23,Om Sai Medicorp,35,59.0
2026-01-25,BR002,MED098,BAT018885,2027-11-20,Om Sai Medicorp,1,90.71
2026-01-25,BR002,MED284,BAT018916,2027-10-15,Sahyadri Pharma Distributors,31,88.13
2026-01-25,BR002,MED321,BAT018911,2027-06-17,Sahyadri Pharma Distributors,5,153.54
2026-01-25,BR003,MED038,BAT018894,2028-10-02,Arihant Pharma Traders,1,69.01
2026-01-25,BR003,MED073,BAT018906,2028-12-03,Sai Pharma Distributors,28,26.85
2026-01-25,BR003,MED098,BAT018885,2027-11-20,Om Sai Medicorp,1,90.71
2026-01-25,BR003,MED311,BAT018880,2028-11-01,Neelkanth Pharma Link,35,68.13
2026-01-25,BR003,MED321,BAT018911,2027-06-17,Sahyadri Pharma Distributors,6,153.54
2026-01-25,BR003,MED459,BAT018903,2028-01-01,Navkar Pharma Agency,73,31.23
2026-01-26,BR001,MED015,BAT018935,2026-03-11,Western Drugs & Surgicals,42,86.61
2026-01-26,BR001,MED025,BAT018946,2028-09-09,Deccan Drug House,1,38.49
2026-01-26,BR001,MED033,BAT018955,2027-08-23,Pioneer Healthcare Distributors,100,41.03
2026-01-26,BR001,MED205,BAT018939,2028-10-26,Arihant Pharma Traders,1,41.46
2026-01-26,BR001,MED480,BAT018945,2028-06-13,Panvel Pharma Supplies,1,52.59
2026-01-26,BR002,MED005,BAT018929,2026-05-17,Mira Road Drug House,48,23.4
2026-01-26,BR002,MED025,BAT018946,2028-09-09,Deccan Drug House,1,38.49
2026-01-26,BR002,MED205,BAT018939,2028-10-26,Arihant Pharma Traders,1,41.46
2026-01-26,BR002,MED280,BAT018958,2028-07-25,Navkar Pharma Agency,21,7.79
2026-01-26,BR002,MED480,BAT018945,2028-06-13,Panvel Pharma Supplies,1,52.59
2026-01-26,BR003,MED005,BAT018922,2026-07-27,Mira Road Drug House,62,19.7
2026-01-26,BR003,MED025,BAT018946,2028-09-09,Deccan Drug House,1,38.49
2026-01-26,BR003,MED152,BAT018925,2026-10-08,Maharashtra Pharma Link,20,31.77
2026-01-26,BR003,MED205,BAT018939,2028-10-26,Arihant Pharma Traders,1,41.46
2026-01-26,BR003,MED480,BAT018945,2028-06-13,Panvel Pharma Supplies,1,52.59
2026-01-27,BR001,MED013,BAT018964,2028-10-17,Ulhasnagar Drug Centre,57,21.87
2026-01-27,BR001,MED024,BAT018993,2027-06-17,Bhiwandi Drug Depot,26,84.57
2026-01-27,BR001,MED025,BAT018994,2028-07-21,Siddhivinayak Drug Agency,10,41.51
2026-01-27,BR001,MED035,BAT019007,2026-08-05,Sahyadri Pharma Distributors,15,14.5
2026-01-27,BR001,MED043,BAT018977,2027-06-15,Shree Ganesh Medico,62,113.26
2026-01-27,BR001,MED091,BAT018971,2028-08-22,Goregaon Medi Wholesale,46,21.56
2026-01-27,BR001,MED142,BAT018981,2028-08-02,Bombay Medi Supply,42,41.05
2026-01-27,BR001,MED159,BAT018966,2026-10-02,Ulhasnagar Drug Centre,1,46.54
2026-01-27,BR001,MED205,BAT018998,2028-09-01,Arihant Pharma Traders,12,38.54
2026-01-27,BR001,MED269,BAT018968,2026-04-20,Dadar Wholesale Drugs,108,31.58
2026-01-27,BR001,MED278,BAT018986,2028-08-27,Arihant Pharma Traders,30,7.3
2026-01-27,BR001,MED284,BAT018974,2027-09-01,Dadar Wholesale Drugs,33,66.72
2026-01-27,BR001,MED417,BAT019004,2027-11-25,Vashi Pharma Hub,7,78.27
2026-01-27,BR001,MED443,BAT018975,2027-06-12,Ulhasnagar Drug Centre,26,96.6
2026-01-27,BR001,MED463,BAT019009,2026-05-22,Thane Medico Traders,1,19.58
2026-01-27,BR001,MED470,BAT019006,2027-11-05,Navkar Pharma Agency,19,25.57
2026-01-27,BR002,MED025,BAT018994,2028-07-21,Siddhivinayak Drug Agency,1,41.51
2026-01-27,BR002,MED069,BAT018965,2028-06-03,Dadar Wholesale Drugs,15,24.42
2026-01-27,BR002,MED130,BAT018997,2028-08-02,Goregaon Medi Wholesale,20,54.97
2026-01-27,BR002,MED159,BAT018966,2026-10-02,Ulhasnagar Drug Centre,14,46.54
2026-01-27,BR002,MED205,BAT018998,2028-09-01,Arihant Pharma Traders,1,38.54
2026-01-27,BR002,MED417,BAT019004,2027-11-25,Vashi Pharma Hub,5,78.27
2026-01-27,BR002,MED463,BAT019009,2026-05-22,Thane Medico Traders,11,19.58
2026-01-27,BR003,MED003,BAT018976,2027-09-20,Bhiwandi Drug Depot,14,72.54
2026-01-27,BR003,MED025,BAT018994,2028-07-21,Siddhivinayak Drug Agency,1,41.51
2026-01-27,BR003,MED142,BAT018981,2028-08-02,Bombay Medi Supply,40,41.05
2026-01-27,BR003,MED159,BAT018966,2026-10-02,Ulhasnagar Drug Centre,1,46.54
2026-01-27,BR003,MED205,BAT018998,2028-09-01,Arihant Pharma Traders,1,38.54
2026-01-27,BR003,MED417,BAT019004,2027-11-25,Vashi Pharma Hub,14,78.27
2026-01-27,BR003,MED463,BAT019009,2026-05-22,Thane Medico Traders,1,19.58
2026-01-27,BR003,MED470,BAT019006,2027-11-05,Navkar Pharma Agency,19,25.57
2026-01-28,BR001,MED027,BAT019037,2027-12-25,Siddhivinayak Drug Agency,2,142.32
2026-01-28,BR001,MED100,BAT019041,2027-06-04,Om Sai Medicorp,6,84.29
2026-01-28,BR001,MED115,BAT019062,2027-08-11,Siddhivinayak Drug Agency,6,124.3
2026-01-28,BR001,MED155,BAT019017,2026-07-03,Lifeline Medico Distributors,15,34.15
2026-01-28,BR001,MED204,BAT019047,2027-10-04,Panvel Pharma Supplies,17,128.71
2026-01-28,BR002,MED007,BAT019013,2028-11-27,Malad Healthcare Supply,77,17.63
2026-01-28,BR002,MED017,BAT019014,2026-08-16,Mira Road Drug House,40,21.86
2026-01-28,BR002,MED027,BAT019037,2027-12-25,Siddhivinayak Drug Agency,1,142.32
2026-01-28,BR002,MED034,BAT019065,2028-10-17,Konkan Healthcare Traders,49,38.28
2026-01-28,BR002,MED063,BAT019040,2028-09-03,Lifeline Medico Distributors,16,28.18
2026-01-28,BR002,MED100,BAT019041,2027-06-04,Om Sai Medicorp,5,84.29
2026-01-28,BR002,MED115,BAT019062,2027-08-11,Siddhivinayak Drug Agency,5,124.3
2026-01-28,BR002,MED204,BAT019047,2027-10-04,Panvel Pharma Supplies,4,128.71
2026-01-28,BR003,MED001,BAT019023,2028-12-06,Goregaon Medi Wholesale,93,16.8
2026-01-28,BR003,MED027,BAT019037,2027-12-25,Siddhivinayak Drug Agency,2,142.32
2026-01-28,BR003,MED035,BAT019078,2026-06-22,Sahyadri Pharma Distributors,16,14.65
2026-01-28,BR003,MED037,BAT019038,2028-06-30,Pioneer Healthcare Distributors,224,93.11
2026-01-28,BR003,MED063,BAT019040,2028-09-03,Lifeline Medico Distributors,24,28.18
2026-01-28,BR003,MED100,BAT019041,2027-06-04,Om Sai Medicorp,6,84.29
2026-01-28,BR003,MED115,BAT019062,2027-08-11,Siddhivinayak Drug Agency,6,124.3
2026-01-28,BR003,MED204,BAT019047,2027-10-04,Panvel Pharma Supplies,5,128.71
2026-01-28,BR003,MED411,BAT019034,2027-02-04,Siddhivinayak Drug Agency,18,99.9
2026-01-28,BR003,MED445,BAT019073,2027-06-05,Mahalaxmi Pharma Agencies,18,90.4
2026-01-29,BR001,MED040,BAT019085,2027-07-26,Neelkanth Pharma Link,31,141.44
2026-01-29,BR001,MED463,BAT019097,2027-10-22,Deccan Drug House,14,19.87
2026-01-29,BR002,MED463,BAT019097,2027-10-22,Deccan Drug House,1,19.87
2026-01-29,BR003,MED463,BAT019097,2027-10-22,Deccan Drug House,1,19.87
2026-01-30,BR001,MED021,BAT019113,2029-01-12,Dadar Wholesale Drugs,24,23.29
2026-01-30,BR001,MED022,BAT019155,2026-03-12,Sahyadri Pharma Distributors,1,50.37
2026-01-30,BR001,MED106,BAT019125,2027-10-27,Deccan Drug House,1,178.86
2026-01-30,BR001,MED125,BAT019157,2027-07-24,Sai Pharma Distributors,7,98.25
2026-01-30,BR001,MED319,BAT019131,2027-09-27,Navkar Pharma Agency,89,145.77
2026-01-30,BR002,MED022,BAT019155,2026-03-12,Sahyadri Pharma Distributors,1,50.37
2026-01-30,BR002,MED031,BAT019121,2027-11-20,Mira Road Drug House,29,149.36
2026-01-30,BR002,MED033,BAT019124,2027-07-07,Pioneer Healthcare Distributors,68,45.19
2026-01-30,BR002,MED106,BAT019125,2027-10-27,Deccan Drug House,1,178.86
2026-01-30,BR002,MED125,BAT019157,2027-07-24,Sai Pharma Distributors,5,98.25
2026-01-30,BR002,MED269,BAT019117,2028-07-01,Dadar Wholesale Drugs,104,29.25
2026-01-30,BR002,MED305,BAT019130,2028-11-14,Navkar Pharma Agency,47,84.68
2026-01-30,BR002,MED443,BAT019133,2026-06-24,Ulhasnagar Drug Centre,20,93.36
2026-01-30,BR003,MED007,BAT019139,2028-12-25,Apex Pharma Wholesale,88,17.28
2026-01-30,BR003,MED015,BAT019140,2027-04-17,Western Drugs & Surgicals,38,92.97
2026-01-30,BR003,MED021,BAT019123,2028-09-06,Dadar Wholesale Drugs,21,23.76
2026-01-30,BR003,MED022,BAT019155,2026-03-12,Sahyadri Pharma Distributors,10,50.37
2026-01-30,BR003,MED106,BAT019125,2027-10-27,Deccan Drug House,1,178.86
2026-01-30,BR003,MED125,BAT019157,2027-07-24,Sai Pharma Distributors,7,98.25
2026-01-30,BR003,MED284,BAT019158,2027-06-08,Sahyadri Pharma Distributors,37,85.91
2026-01-31,BR001,MED001,BAT019166,2028-11-15,Goregaon Medi Wholesale,83,20.31
2026-01-31,BR001,MED023,BAT019180,2028-11-21,Pioneer Healthcare Distributors,7,62.85
2026-01-31,BR001,MED027,BAT019167,2027-12-30,Siddhivinayak Drug Agency,2,169.93
2026-01-31,BR001,MED262,BAT019176,2028-09-27,Arihant Pharma Traders,5,30.4
2026-01-31,BR002,MED023,BAT019180,2028-11-21,Pioneer Healthcare Distributors,9,62.85
2026-01-31,BR002,MED027,BAT019167,2027-12-30,Siddhivinayak Drug Agency,9,169.93
2026-01-31,BR002,MED262,BAT019176,2028-09-27,Arihant Pharma Traders,16,30.4
2026-01-31,BR003,MED013,BAT019163,2026-05-16,Ulhasnagar Drug Centre,62,23.33
2026-01-31,BR003,MED023,BAT019180,2028-11-21,Pioneer Healthcare Distributors,7,62.85
2026-01-31,BR003,MED027,BAT019167,2027-12-30,Siddhivinayak Drug Agency,2,169.93
2026-01-31,BR003,MED033,BAT019160,2027-12-20,Pioneer Healthcare Distributors,80,43.02
2026-01-31,BR003,MED262,BAT019176,2028-09-27,Arihant Pharma Traders,5,30.4
2026-01-31,BR003,MED343,BAT019186,2028-07-04,Sahyadri Pharma Distributors,26,134.01
2026-02-01,BR001,MED004,BAT019205,2027-07-27,Deccan Drug House,10,82.82
2026-02-01,BR001,MED020,BAT019206,2027-01-30,Apex Pharma Wholesale,5,97.44
2026-02-01,BR001,MED022,BAT019232,2027-09-20,Sahyadri Pharma Distributors,2,56.32
2026-02-01,BR001,MED038,BAT019199,2028-09-29,Neelkanth Pharma Link,13,64.93
2026-02-01,BR001,MED241,BAT019191,2026-06-28,Konkan Healthcare Traders,37,15.73
2026-02-01,BR001,MED444,BAT019231,2027-07-01,Thane Medico Traders,1,90.94
2026-02-01,BR001,MED445,BAT019220,2028-01-14,Navkar Pharma Agency,19,93.11
2026-02-01,BR001,MED463,BAT019237,2027-10-10,Thane Medico Traders,1,19.6
2026-02-01,BR001,MED480,BAT019197,2028-09-15,Panvel Pharma Supplies,1,47.05
2026-02-01,BR001,MED488,BAT019222,2027-08-07,Dadar Wholesale Drugs,7,100.19
2026-02-01,BR002,MED004,BAT019205,2027-07-27,Deccan Drug House,1,82.82
2026-02-01,BR002,MED020,BAT019206,2027-01-30,Apex Pharma Wholesale,4,97.44
2026-02-01,BR002,MED022,BAT019232,2027-09-20,Sahyadri Pharma Distributors,1,56.32
2026-02-01,BR002,MED038,BAT019199,2028-09-29,Neelkanth Pharma Link,1,64.93
2026-02-01,BR002,MED091,BAT019189,2028-10-21,Goregaon Medi Wholesale,36,19.91
2026-02-01,BR002,MED344,BAT019229,2026-03-26,Navkar Pharma Agency,36,46.82
2026-02-01,BR002,MED444,BAT019231,2027-07-01,Thane Medico Traders,12,90.94
2026-02-01,BR002,MED463,BAT019237,2027-10-10,Thane Medico Traders,1,19.6
2026-02-01,BR002,MED480,BAT019197,2028-09-15,Panvel Pharma Supplies,1,47.05
2026-02-01,BR002,MED488,BAT019222,2027-08-07,Dadar Wholesale Drugs,10,100.19
2026-02-01,BR003,MED004,BAT019205,2027-07-27,Deccan Drug House,2,82.82
2026-02-01,BR003,MED011,BAT019198,2028-10-24,Dadar Wholesale Drugs,190,23.12
2026-02-01,BR003,MED020,BAT019206,2027-01-30,Apex Pharma Wholesale,16,97.44
2026-02-01,BR003,MED022,BAT019232,2027-09-20,Sahyadri Pharma Distributors,2,56.32
2026-02-01,BR003,MED038,BAT019199,2028-09-29,Neelkanth Pharma Link,1,64.93
2026-02-01,BR003,MED269,BAT019234,2028-09-02,Sahyadri Pharma Distributors,112,35.76
2026-02-01,BR003,MED299,BAT019218,2026-03-26,Bombay Medi Supply,107,71.28
2026-02-01,BR003,MED319,BAT019228,2027-10-17,Navkar Pharma Agency,84,158.83
2026-02-01,BR003,MED444,BAT019231,2027-07-01,Thane Medico Traders,1,90.94
2026-02-01,BR003,MED463,BAT019237,2027-10-10,Thane Medico Traders,1,19.6
2026-02-01,BR003,MED480,BAT019197,2028-09-15,Panvel Pharma Supplies,1,47.05
2026-02-01,BR003,MED488,BAT019222,2027-08-07,Dadar Wholesale Drugs,7,100.19
2026-02-02,BR001,MED036,BAT019280,2028-12-07,Konkan Healthcare Traders,7,24.31
2026-02-02,BR001,MED069,BAT019247,2026-08-11,Chembur Pharma Depot,18,21.38
2026-02-02,BR001,MED130,BAT019260,2026-05-31,Kalyan Medical Stores,24,48.43
2026-02-02,BR001,MED459,BAT019266,2027-12-17,Navkar Pharma Agency,72,33.47
2026-02-02,BR002,MED036,BAT019280,2028-12-07,Konkan Healthcare Traders,5,24.31
2026-02-02,BR002,MED283,BAT019252,2027-10-20,Neelkanth Pharma Link,34,87.07
2026-02-02,BR002,MED319,BAT019273,2027-09-02,Navkar Pharma Agency,80,176.73
2026-02-02,BR003,MED036,BAT019280,2028-12-07,Konkan Healthcare Traders,11,24.31
2026-02-02,BR003,MED097,BAT019259,2027-08-01,Chembur Pharma Depot,19,83.86
2026-02-02,BR003,MED130,BAT019260,2026-05-31,Kalyan Medical Stores,25,48.43
2026-02-02,BR003,MED155,BAT019242,2026-05-22,Lifeline Medico Distributors,14,34.86
2026-02-02,BR003,MED280,BAT019287,2028-11-14,Navkar Pharma Agency,26,7.64
2026-02-03,BR001,MED022,BAT019349,2027-12-28,Apex Pharma Wholesale,2,55.1
2026-02-03,BR001,MED027,BAT019307,2027-09-23,Siddhivinayak Drug Agency,1,148.75
2026-02-03,BR001,MED186,BAT019314,2028-06-15,Bhiwandi Drug Depot,30,168.69
2026-02-03,BR001,MED205,BAT019334,2029-01-11,Arihant Pharma Traders,11,36.89
2026-02-03,BR001,MED220,BAT019315,2027-10-03,Neelkanth Pharma Link,6,41.42
2026-02-03,BR001,MED444,BAT019343,2028-01-08,Thane Medico Traders,15,92.58
2026-02-03,BR001,MED463,BAT019344,2027-06-25,Thane Medico Traders,1,20.18
2026-02-03,BR001,MED470,BAT019346,2027-07-07,Navkar Pharma Agency,1,28.53
2026-02-03,BR002,MED021,BAT019295,2028-11-13,Dadar Wholesale Drugs,16,26.7
2026-02-03,BR002,MED022,BAT019349,2027-12-28,Apex Pharma Wholesale,8,55.1
2026-02-03,BR002,MED024,BAT019306,2027-08-02,Om Sai Medicorp,18,81.15
2026-02-03,BR002,MED027,BAT019307,2027-09-23,Siddhivinayak Drug Agency,1,148.75
2026-02-03,BR002,MED030,BAT019296,2028-07-18,Malad Healthcare Supply,16,47.36
2026-02-03,BR002,MED069,BAT019297,2028-11-06,Dadar Wholesale Drugs,16,21.26
2026-02-03,BR002,MED073,BAT019327,2028-12-11,Sahyadri Pharma Distributors,22,31.49
2026-02-03,BR002,MED220,BAT019315,2027-10-03,Neelkanth Pharma Link,5,41.42
2026-02-03,BR002,MED343,BAT019356,2028-09-13,Sahyadri Pharma Distributors,18,151.39
2026-02-03,BR002,MED459,BAT019323,2027-07-15,Navkar Pharma Agency,62,33.8
2026-02-03,BR002,MED463,BAT019344,2027-06-25,Thane Medico Traders,1,20.18
2026-02-03,BR002,MED470,BAT019346,2027-07-07,Navkar Pharma Agency,14,28.53
2026-02-03,BR002,MED483,BAT019325,2027-04-28,Vasai Virar Medico,7,52.62
2026-02-03,BR003,MED022,BAT019349,2027-12-28,Apex Pharma Wholesale,2,55.1
2026-02-03,BR003,MED027,BAT019307,2027-09-23,Siddhivinayak Drug Agency,1,148.75
2026-02-03,BR003,MED173,BAT019301,2028-10-03,Maharashtra Pharma Link,141,18.47
2026-02-03,BR003,MED205,BAT019334,2029-01-11,Arihant Pharma Traders,11,36.89
2026-02-03,BR003,MED220,BAT019315,2027-10-03,Neelkanth Pharma Link,6,41.42
2026-02-03,BR003,MED257,BAT019338,2028-12-06,Om Sai Medicorp,34,28.27
2026-02-03,BR003,MED344,BAT019319,2028-10-10,Navkar Pharma Agency,46,49.57
2026-02-03,BR003,MED381,BAT019294,2027-06-27,Neelkanth Pharma Link,115,129.26
2026-02-03,BR003,MED463,BAT019344,2027-06-25,Thane Medico Traders,14,20.18
2026-02-03,BR003,MED470,BAT019346,2027-07-07,Navkar Pharma Agency,1,28.53
2026-02-03,BR003,MED483,BAT019325,2027-04-28,Vasai Virar Medico,9,52.62
2026-02-04,BR001,MED015,BAT019404,2026-07-17,Jai Hind Medical Agencies,43,81.48
2026-02-04,BR001,MED082,BAT019378,2028-11-03,Bhiwandi Drug Depot,55,61.1
2026-02-04,BR001,MED280,BAT019358,2028-08-06,Navkar Pharma Agency,23,7.37
2026-02-04,BR001,MED490,BAT019376,2026-07-11,Mira Road Drug House,1,39.85
2026-02-04,BR002,MED014,BAT019398,2028-06-14,Jai Hind Medical Agencies,52,98.44
2026-02-04,BR002,MED015,BAT019404,2026-07-17,Jai Hind Medical Agencies,29,81.48
2026-02-04,BR002,MED299,BAT019364,2028-11-10,Bombay Medi Supply,95,70.26
2026-02-04,BR002,MED381,BAT019365,2027-11-21,Neelkanth Pharma Link,101,126.25
2026-02-04,BR002,MED490,BAT019376,2026-07-11,Mira Road Drug House,1,39.85
2026-02-04,BR003,MED031,BAT019366,2026-08-22,Mira Road Drug House,44,138.05
2026-02-04,BR003,MED278,BAT019384,2028-09-18,Arihant Pharma Traders,26,6.75
2026-02-04,BR003,MED443,BAT019375,2027-07-15,Ulhasnagar Drug Centre,28,100.18
2026-02-04,BR003,MED490,BAT019376,2026-07-11,Mira Road Drug House,11,39.85
2026-02-05,BR001,MED002,BAT019431,2028-06-23,Dadar Wholesale Drugs,16,27.41
2026-02-05,BR001,MED003,BAT019415,2026-06-12,Bhiwandi Drug Depot,16,72.65
2026-02-05,BR001,MED025,BAT019442,2028-10-09,Siddhivinayak Drug Agency,1,45.81
2026-02-05,BR001,MED063,BAT019417,2026-03-18,Lifeline Medico Distributors,22,29.54
2026-02-05,BR001,MED073,BAT019455,2026-03-17,Sahyadri Pharma Distributors,28,31.07
2026-02-05,BR001,MED269,BAT019437,2026-05-15,Dadar Wholesale Drugs,95,35.46
2026-02-05,BR001,MED299,BAT019425,2028-09-01,Bombay Medi Supply,133,68.45
2026-02-05,BR001,MED341,BAT019439,2028-09-15,Om Sai Medicorp,14,146.89
2026-02-05,BR001,MED467,BAT019452,2027-11-23,Apex Pharma Wholesale,6,24.81
2026-02-05,BR001,MED470,BAT019453,2027-07-18,Navkar Pharma Agency,1,24.0
2026-02-05,BR002,MED025,BAT019442,2028-10-09,Siddhivinayak Drug Agency,1,45.81
2026-02-05,BR002,MED341,BAT019439,2028-09-15,Om Sai Medicorp,1,146.89
2026-02-05,BR002,MED467,BAT019452,2027-11-23,Apex Pharma Wholesale,4,24.81
2026-02-05,BR002,MED470,BAT019453,2027-07-18,Navkar Pharma Agency,1,24.0
2026-02-05,BR003,MED025,BAT019442,2028-10-09,Siddhivinayak Drug Agency,10,45.81
2026-02-05,BR003,MED159,BAT019435,2027-01-21,Ulhasnagar Drug Centre,18,47.49
2026-02-05,BR003,MED341,BAT019439,2028-09-15,Om Sai Medicorp,1,146.89
2026-02-05,BR003,MED467,BAT019452,2027-11-23,Apex Pharma Wholesale,16,24.81
2026-02-05,BR003,MED470,BAT019453,2027-07-18,Navkar Pharma Agency,1,24.0
2026-02-06,BR001,MED018,BAT019498,2027-05-10,Thane Medico Traders,6,110.04
2026-02-06,BR001,MED027,BAT019499,2027-11-29,Siddhivinayak Drug Agency,11,165.5
2026-02-06,BR001,MED035,BAT019478,2026-12-18,Vasai Virar Medico,1,16.45
2026-02-06,BR001,MED092,BAT019501,2029-01-09,Apex Pharma Wholesale,14,21.01
2026-02-06,BR001,MED097,BAT019482,2027-12-05,Deccan Drug House,1,95.96
2026-02-06,BR001,MED097,BAT019502,2027-07-21,Bhiwandi Drug Depot,16,93.7
2026-02-06,BR001,MED150,BAT019471,2028-12-01,Maharashtra Pharma Link,16,18.8
2026-02-06,BR001,MED341,BAT019494,2028-09-02,Om Sai Medicorp,1,147.83
2026-02-06,BR002,MED018,BAT019498,2027-05-10,Thane Medico Traders,5,110.04
2026-02-06,BR002,MED027,BAT019499,2027-11-29,Siddhivinayak Drug Agency,1,165.5
2026-02-06,BR002,MED035,BAT019478,2026-12-18,Vasai Virar Medico,13,16.45
2026-02-06,BR002,MED037,BAT019500,2028-11-06,Pioneer Healthcare Distributors,179,104.46
2026-02-06,BR002,MED092,BAT019501,2029-01-09,Apex Pharma Wholesale,5,21.01
2026-02-06,BR002,MED097,BAT019482,2027-12-05,Deccan Drug House,1,95.96
2026-02-06,BR002,MED150,BAT019471,2028-12-01,Maharashtra Pharma Link,4,18.8
2026-02-06,BR002,MED152,BAT019483,2026-09-08,Maharashtra Pharma Link,15,38.52
2026-02-06,BR002,MED341,BAT019494,2028-09-02,Om Sai Medicorp,1,147.83
2026-02-06,BR003,MED012,BAT019465,2027-07-17,Konkan Healthcare Traders,142,82.24
2026-02-06,BR003,MED017,BAT019475,2027-12-10,Mira Road Drug House,53,19.18
2026-02-06,BR003,MED018,BAT019498,2027-05-10,Thane Medico Traders,14,110.04
2026-02-06,BR003,MED024,BAT019477,2027-07-12,Bhiwandi Drug Depot,22,76.15
2026-02-06,BR003,MED027,BAT019499,2027-11-29,Siddhivinayak Drug Agency,1,165.5
2026-02-06,BR003,MED030,BAT019467,2029-01-16,Malad Healthcare Supply,24,43.02
2026-02-06,BR003,MED035,BAT019478,2026-12-18,Vasai Virar Medico,1,16.45
2026-02-06,BR003,MED039,BAT019506,2028-12-02,Konkan Healthcare Traders,41,49.19
2026-02-06,BR003,MED069,BAT019468,2026-03-11,Dadar Wholesale Drugs,23,24.05
2026-02-06,BR003,MED092,BAT019501,2029-01-09,Apex Pharma Wholesale,6,21.01
2026-02-06,BR003,MED097,BAT019482,2027-12-05,Deccan Drug House,1,95.96
2026-02-06,BR003,MED150,BAT019471,2028-12-01,Maharashtra Pharma Link,5,18.8
2026-02-06,BR003,MED341,BAT019494,2028-09-02,Om Sai Medicorp,14,147.83
2026-02-07,BR001,MED022,BAT019543,2027-10-17,Sahyadri Pharma Distributors,1,46.88
2026-02-07,BR001,MED028,BAT019527,2026-04-29,Malad Healthcare Supply,7,35.02
2026-02-07,BR001,MED038,BAT019544,2028-06-22,Arihant Pharma Traders,1,61.56
2026-02-07,BR001,MED098,BAT019537,2027-06-14,Bhiwandi Drug Depot,1,81.8
2026-02-07,BR001,MED103,BAT019524,2027-07-08,Bhiwandi Drug Depot,7,146.74
2026-02-07,BR001,MED173,BAT019545,2028-09-21,Shree Ganesh Medico,147,16.86
2026-02-07,BR001,MED213,BAT019559,2029-01-04,Konkan Healthcare Traders,6,20.06
2026-02-07,BR001,MED257,BAT019531,2028-10-18,Siddhivinayak Drug Agency,30,26.29
2026-02-07,BR001,MED445,BAT019541,2027-12-17,Navkar Pharma Agency,18,86.66
2026-02-07,BR001,MED481,BAT019519,2028-12-19,Neelkanth Pharma Link,7,55.53
2026-02-07,BR001,MED487,BAT019520,2026-05-20,Dadar Wholesale Drugs,7,114.55
2026-02-07,BR002,MED011,BAT019521,2026-06-27,Dadar Wholesale Drugs,162,25.3
2026-02-07,BR002,MED022,BAT019543,2027-10-17,Sahyadri Pharma Distributors,1,46.88
2026-02-07,BR002,MED028,BAT019527,2026-04-29,Malad Healthcare Supply,5,35.02
2026-02-07,BR002,MED038,BAT019544,2028-06-22,Arihant Pharma Traders,1,61.56
2026-02-07,BR002,MED098,BAT019537,2027-06-14,Bhiwandi Drug Depot,1,81.8
2026-02-07,BR002,MED103,BAT019524,2027-07-08,Bhiwandi Drug Depot,5,146.74
2026-02-07,BR002,MED213,BAT019559,2029-01-04,Konkan Healthcare Traders,4,20.06
2026-02-07,BR002,MED234,BAT019540,2028-08-18,Konkan Healthcare Traders,16,46.2
2026-02-07,BR002,MED481,BAT019519,2028-12-19,Neelkanth Pharma Link,5,55.53
2026-02-07,BR002,MED487,BAT019520,2026-05-20,Dadar Wholesale Drugs,9,114.55
2026-02-07,BR003,MED009,BAT019555,2027-12-24,Konkan Healthcare Traders,73,52.6
2026-02-07,BR003,MED022,BAT019543,2027-10-17,Sahyadri Pharma Distributors,10,46.88
2026-02-07,BR003,MED028,BAT019527,2026-04-29,Malad Healthcare Supply,7,35.02
2026-02-07,BR003,MED038,BAT019544,2028-06-22,Arihant Pharma Traders,13,61.56
2026-02-07,BR003,MED063,BAT019556,2028-08-18,Konkan Healthcare Traders,21,32.49
2026-02-07,BR003,MED098,BAT019537,2027-06-14,Bhiwandi Drug Depot,1,81.8
2026-02-07,BR003,MED103,BAT019524,2027-07-08,Bhiwandi Drug Depot,11,146.74
2026-02-07,BR003,MED213,BAT019559,2029-01-04,Konkan Healthcare Traders,10,20.06
2026-02-07,BR003,MED241,BAT019513,2026-08-21,Konkan Healthcare Traders,37,18.62
2026-02-07,BR003,MED481,BAT019519,2028-12-19,Neelkanth Pharma Link,7,55.53
2026-02-07,BR003,MED487,BAT019520,2026-05-20,Dadar Wholesale Drugs,7,114.55
2026-02-08,BR001,MED039,BAT019602,2028-09-03,Konkan Healthcare Traders,46,56.95
2026-02-08,BR001,MED106,BAT019604,2027-10-13,Sai Pharma Distributors,14,158.56
2026-02-08,BR001,MED155,BAT019564,2026-04-29,Lifeline Medico Distributors,14,30.82
2026-02-08,BR001,MED339,BAT019591,2029-01-03,Pioneer Healthcare Distributors,6,137.77
2026-02-08,BR001,MED341,BAT019561,2028-09-28,Om Sai Medicorp,1,127.43
2026-02-08,BR001,MED480,BAT019566,2028-10-30,Panvel Pharma Supplies,2,56.83
2026-02-08,BR002,MED106,BAT019604,2027-10-13,Sai Pharma Distributors,1,158.56
2026-02-08,BR002,MED142,BAT019573,2028-12-19,Bombay Medi Supply,33,46.3
2026-02-08,BR002,MED339,BAT019591,2029-01-03,Pioneer Healthcare Distributors,5,137.77
2026-02-08,BR002,MED341,BAT019561,2028-09-28,Om Sai Medicorp,11,127.43
2026-02-08,BR002,MED480,BAT019566,2028-10-30,Panvel Pharma Supplies,9,56.83
2026-02-08,BR003,MED073,BAT019603,2029-01-06,Sahyadri Pharma Distributors,30,26.82
2026-02-08,BR003,MED106,BAT019604,2027-10-13,Sai Pharma Distributors,1,158.56
2026-02-08,BR003,MED247,BAT019586,2027-07-23,Sai Pharma Distributors,20,51.47
2026-02-08,BR003,MED339,BAT019591,2029-01-03,Pioneer Healthcare Distributors,6,137.77
2026-02-08,BR003,MED341,BAT019561,2028-09-28,Om Sai Medicorp,1,127.43
2026-02-08,BR003,MED444,BAT019606,2027-09-27,Thane Medico Traders,19,104.31
2026-02-08,BR003,MED480,BAT019566,2028-10-30,Panvel Pharma Supplies,2,56.83
2026-02-09,BR001,MED007,BAT019637,2028-11-07,Apex Pharma Wholesale,101,16.38
2026-02-09,BR001,MED022,BAT019657,2027-09-17,Apex Pharma Wholesale,1,57.81
2026-02-09,BR001,MED071,BAT019627,2028-09-08,Pioneer Healthcare Distributors,14,21.84
2026-02-09,BR001,MED161,BAT019613,2026-06-16,Lifeline Medico Distributors,6,46.51
2026-02-09,BR001,MED187,BAT019629,2026-03-13,Panvel Pharma Supplies,6,135.56
2026-02-09,BR001,MED204,BAT019624,2027-08-27,Panvel Pharma Supplies,5,128.33
2026-02-09,BR001,MED205,BAT019625,2028-11-18,Western Drugs & Surgicals,1,33.99
2026-02-09,BR001,MED205,BAT019642,2029-01-24,Arihant Pharma Traders,1,42.72
2026-02-09,BR001,MED248,BAT019614,2027-12-22,Dadar Wholesale Drugs,7,51.51
2026-02-09,BR001,MED377,BAT019648,2026-08-20,Jai Hind Medical Agencies,7,119.31
2026-02-09,BR001,MED403,BAT019667,2028-09-14,Shree Ganesh Medico,6,349.05
2026-02-09,BR001,MED405,BAT019651,2028-12-25,Arihant Pharma Traders,6,337.71
2026-02-09,BR001,MED493,BAT019656,2028-10-29,Navkar Pharma Agency,7,142.44
2026-02-09,BR002,MED001,BAT019620,2028-10-22,Goregaon Medi Wholesale,60,17.41
2026-02-09,BR002,MED022,BAT019657,2027-09-17,Apex Pharma Wholesale,1,57.81
2026-02-09,BR002,MED033,BAT019638,2027-11-24,Pioneer Healthcare Distributors,70,38.97
2026-02-09,BR002,MED071,BAT019627,2028-09-08,Pioneer Healthcare Distributors,5,21.84
2026-02-09,BR002,MED161,BAT019613,2026-06-16,Lifeline Medico Distributors,5,46.51
2026-02-09,BR002,MED187,BAT019629,2026-03-13,Panvel Pharma Supplies,5,135.56
2026-02-09,BR002,MED204,BAT019624,2027-08-27,Panvel Pharma Supplies,4,128.33
2026-02-09,BR002,MED205,BAT019625,2028-11-18,Western Drugs & Surgicals,11,33.99
2026-02-09,BR002,MED205,BAT019642,2029-01-24,Arihant Pharma Traders,1,42.72
2026-02-09,BR002,MED247,BAT019643,2027-12-19,Konkan Healthcare Traders,17,50.75
2026-02-09,BR002,MED248,BAT019614,2027-12-22,Dadar Wholesale Drugs,5,51.51
2026-02-09,BR002,MED377,BAT019648,2026-08-20,Jai Hind Medical Agencies,6,119.31
2026-02-09,BR002,MED403,BAT019667,2028-09-14,Shree Ganesh Medico,5,349.05
2026-02-09,BR002,MED405,BAT019651,2028-12-25,Arihant Pharma Traders,5,337.71
2026-02-09,BR002,MED445,BAT019633,2027-08-19,Goregaon Medi Wholesale,14,81.25
2026-02-09,BR002,MED493,BAT019656,2028-10-29,Navkar Pharma Agency,9,142.44
2026-02-09,BR003,MED001,BAT019636,2028-12-31,Goregaon Medi Wholesale,91,16.77
2026-02-09,BR003,MED022,BAT019657,2027-09-17,Apex Pharma Wholesale,1,57.81
2026-02-09,BR003,MED071,BAT019627,2028-09-08,Pioneer Healthcare Distributors,6,21.84
2026-02-09,BR003,MED161,BAT019613,2026-06-16,Lifeline Medico Distributors,12,46.51
2026-02-09,BR003,MED187,BAT019629,2026-03-13,Panvel Pharma Supplies,6,135.56
2026-02-09,BR003,MED204,BAT019624,2027-08-27,Panvel Pharma Supplies,5,128.33
2026-02-09,BR003,MED205,BAT019625,2028-11-18,Western Drugs & Surgicals,1,33.99
2026-02-09,BR003,MED205,BAT019642,2029-01-24,Arihant Pharma Traders,1,42.72
2026-02-09,BR003,MED248,BAT019614,2027-12-22,Dadar Wholesale Drugs,7,51.51
2026-02-09,BR003,MED377,BAT019648,2026-08-20,Jai Hind Medical Agencies,6,119.31
2026-02-09,BR003,MED403,BAT019667,2028-09-14,Shree Ganesh Medico,5,349.05
2026-02-09,BR003,MED405,BAT019651,2028-12-25,Arihant Pharma Traders,6,337.71
2026-02-09,BR003,MED445,BAT019653,2027-08-14,Navkar Pharma Agency,24,96.42
2026-02-09,BR003,MED459,BAT019655,2027-06-30,Navkar Pharma Agency,75,35.56
2026-02-09,BR003,MED493,BAT019656,2028-10-29,Navkar Pharma Agency,7,142.44
2026-02-10,BR001,MED005,BAT019687,2026-08-23,Mira Road Drug House,71,21.4
2026-02-10,BR001,MED025,BAT019680,2028-08-18,Siddhivinayak Drug Agency,2,48.09
2026-02-10,BR001,MED031,BAT019681,2028-01-19,Mira Road Drug House,41,153.44
2026-02-10,BR001,MED072,BAT019708,2028-09-02,Konkan Healthcare Traders,6,23.09
2026-02-10,BR001,MED098,BAT019710,2027-11-21,Bhiwandi Drug Depot,1,91.26
2026-02-10,BR001,MED277,BAT019714,2029-01-09,Pioneer Healthcare Distributors,5,7.7
2026-02-10,BR001,MED371,BAT019717,2028-10-16,Shree Ganesh Medico,6,157.1
2026-02-10,BR001,MED490,BAT019686,2026-04-28,Lifeline Medico Distributors,1,43.35
2026-02-10,BR002,MED025,BAT019680,2028-08-18,Siddhivinayak Drug Agency,2,48.09
2026-02-10,BR002,MED072,BAT019708,2028-09-02,Konkan Healthcare Traders,5,23.09
2026-02-10,BR002,MED098,BAT019710,2027-11-21,Bhiwandi Drug Depot,12,91.26
2026-02-10,BR002,MED155,BAT019675,2026-09-05,Lifeline Medico Distributors,11,31.74
2026-02-10,BR002,MED269,BAT019696,2028-11-08,Dadar Wholesale Drugs,100,31.73
2026-02-10,BR002,MED277,BAT019714,2029-01-09,Pioneer Healthcare Distributors,5,7.7
2026-02-10,BR002,MED280,BAT019697,2029-01-01,Navkar Pharma Agency,19,6.39
2026-02-10,BR002,MED371,BAT019717,2028-10-16,Shree Ganesh Medico,5,157.1
2026-02-10,BR002,MED490,BAT019686,2026-04-28,Lifeline Medico Distributors,1,43.35
2026-02-10,BR003,MED025,BAT019680,2028-08-18,Siddhivinayak Drug Agency,2,48.09
2026-02-10,BR003,MED033,BAT019705,2027-10-23,Pioneer Healthcare Distributors,92,36.71
2026-02-10,BR003,MED072,BAT019708,2028-09-02,Konkan Healthcare Traders,7,23.09
2026-02-10,BR003,MED098,BAT019710,2027-11-21,Bhiwandi Drug Depot,1,91.26
2026-02-10,BR003,MED155,BAT019675,2026-09-05,Lifeline Medico Distributors,15,31.74
2026-02-10,BR003,MED277,BAT019714,2029-01-09,Pioneer Healthcare Distributors,16,7.7
2026-02-10,BR003,MED371,BAT019717,2028-10-16,Shree Ganesh Medico,6,157.1
2026-02-10,BR003,MED490,BAT019686,2026-04-28,Lifeline Medico Distributors,1,43.35
2026-02-11,BR001,MED009,BAT019764,2028-01-16,Arihant Pharma Traders,61,56.65
2026-02-11,BR001,MED011,BAT019730,2028-10-27,Siddhivinayak Drug Agency,214,27.13
2026-02-11,BR001,MED013,BAT019727,2028-11-21,Ulhasnagar Drug Centre,60,25.23
2026-02-11,BR001,MED017,BAT019731,2026-07-20,Mira Road Drug House,60,20.56
2026-02-11,BR001,MED030,BAT019747,2028-07-20,Malad Healthcare Supply,23,49.88
2026-02-11,BR001,MED155,BAT019738,2026-11-25,Lifeline Medico Distributors,15,35.27
2026-02-11,BR001,MED253,BAT019740,2027-09-23,Dadar Wholesale Drugs,6,68.08
2026-02-11,BR001,MED262,BAT019765,2028-10-11,Arihant Pharma Traders,6,32.71
2026-02-11,BR001,MED283,BAT019758,2028-01-16,Neelkanth Pharma Link,43,85.84
2026-02-11,BR001,MED319,BAT019760,2026-07-29,Navkar Pharma Agency,101,170.11
2026-02-11,BR001,MED440,BAT019725,2027-06-30,Maharashtra Pharma Link,7,123.11
2026-02-11,BR001,MED483,BAT019729,2026-03-08,Lifeline Medico Distributors,2,55.11
2026-02-11,BR002,MED013,BAT019727,2028-11-21,Ulhasnagar Drug Centre,54,25.23
2026-02-11,BR002,MED040,BAT019748,2027-07-16,Pioneer Healthcare Distributors,26,135.23
2026-02-11,BR002,MED253,BAT019740,2027-09-23,Dadar Wholesale Drugs,5,68.08
2026-02-11,BR002,MED262,BAT019765,2028-10-11,Arihant Pharma Traders,5,32.71
2026-02-11,BR002,MED278,BAT019757,2028-12-16,Bombay Medi Supply,26,6.92
2026-02-11,BR002,MED319,BAT019779,2027-06-30,Navkar Pharma Agency,79,175.9
2026-02-11,BR002,MED440,BAT019725,2027-06-30,Maharashtra Pharma Link,5,123.11
2026-02-11,BR002,MED483,BAT019729,2026-03-08,Lifeline Medico Distributors,1,55.11
2026-02-11,BR003,MED034,BAT019782,2028-07-20,Konkan Healthcare Traders,64,32.79
2026-02-11,BR003,MED091,BAT019734,2028-09-22,Goregaon Medi Wholesale,51,20.14
2026-02-11,BR003,MED253,BAT019740,2027-09-23,Dadar Wholesale Drugs,6,68.08
2026-02-11,BR003,MED262,BAT019765,2028-10-11,Arihant Pharma Traders,6,32.71
2026-02-11,BR003,MED440,BAT019725,2027-06-30,Maharashtra Pharma Link,6,123.11
2026-02-11,BR003,MED483,BAT019729,2026-03-08,Lifeline Medico Distributors,2,55.11
2026-02-12,BR001,MED055,BAT019794,2026-04-13,Mira Road Drug House,7,140.86
2026-02-12,BR001,MED098,BAT019810,2027-11-07,Bhiwandi Drug Depot,1,96.75
2026-02-12,BR001,MED142,BAT019798,2028-12-31,Bombay Medi Supply,44,43.73
2026-02-12,BR001,MED159,BAT019800,2026-05-10,Ulhasnagar Drug Centre,19,44.72
2026-02-12,BR001,MED268,BAT019803,2029-01-27,Neelkanth Pharma Link,13,38.38
2026-02-12,BR001,MED421,BAT019812,2027-07-06,Siddhivinayak Drug Agency,7,143.76
2026-02-12,BR002,MED005,BAT019791,2026-05-14,Mira Road Drug House,56,23.55
2026-02-12,BR002,MED007,BAT019792,2028-08-12,Malad Healthcare Supply,82,17.32
2026-02-12,BR002,MED055,BAT019794,2026-04-13,Mira Road Drug House,10,140.86
2026-02-12,BR002,MED098,BAT019810,2027-11-07,Bhiwandi Drug Depot,1,96.75
2026-02-12,BR002,MED268,BAT019803,2029-01-27,Neelkanth Pharma Link,5,38.38
2026-02-12,BR002,MED421,BAT019812,2027-07-06,Siddhivinayak Drug Agency,5,143.76
2026-02-12,BR003,MED002,BAT019784,2026-07-26,Dadar Wholesale Drugs,19,29.18
2026-02-12,BR003,MED005,BAT019808,2026-04-10,Mira Road Drug House,56,22.83
2026-02-12,BR003,MED055,BAT019794,2026-04-13,Mira Road Drug House,7,140.86
2026-02-12,BR003,MED098,BAT019810,2027-11-07,Bhiwandi Drug Depot,12,96.75
2026-02-12,BR003,MED142,BAT019786,2026-03-17,Lifeline Medico Distributors,50,41.39
2026-02-12,BR003,MED268,BAT019803,2029-01-27,Neelkanth Pharma Link,6,38.38
2026-02-12,BR003,MED421,BAT019812,2027-07-06,Siddhivinayak Drug Agency,6,143.76
2026-02-13,BR001,MED037,BAT019854,2028-07-10,Pioneer Healthcare Distributors,204,103.23
2026-02-13,BR001,MED097,BAT019849,2027-12-31,Bhiwandi Drug Depot,1,80.66
2026-02-13,BR001,MED269,BAT019842,2028-12-03,Dadar Wholesale Drugs,109,34.5
2026-02-13,BR001,MED280,BAT019843,2028-09-06,Navkar Pharma Agency,21,7.01
2026-02-13,BR001,MED341,BAT019860,2028-11-26,Om Sai Medicorp,1,139.49
2026-02-13,BR001,MED344,BAT019845,2026-03-05,Navkar Pharma Agency,44,47.2
2026-02-13,BR001,MED381,BAT019832,2026-08-03,Kalyan Medical Stores,144,128.57
2026-02-13,BR001,MED480,BAT019833,2026-08-25,Panvel Pharma Supplies,1,56.66
2026-02-13,BR002,MED097,BAT019849,2027-12-31,Bhiwandi Drug Depot,14,80.66
2026-02-13,BR002,MED186,BAT019828,2028-07-23,Mira Road Drug House,24,151.52
2026-02-13,BR002,MED341,BAT019860,2028-11-26,Om Sai Medicorp,1,139.49
2026-02-13,BR002,MED470,BAT019848,2027-06-29,Navkar Pharma Agency,12,26.55
2026-02-13,BR002,MED480,BAT019833,2026-08-25,Panvel Pharma Supplies,1,56.66
2026-02-13,BR003,MED082,BAT019838,2028-10-31,Om Sai Medicorp,47,59.71
2026-02-13,BR003,MED097,BAT019849,2027-12-31,Bhiwandi Drug Depot,1,80.66
2026-02-13,BR003,MED341,BAT019860,2028-11-26,Om Sai Medicorp,1,139.49
2026-02-13,BR003,MED480,BAT019833,2026-08-25,Panvel Pharma Supplies,13,56.66
2026-02-14,BR001,MED022,BAT019908,2028-01-05,Sahyadri Pharma Distributors,1,53.22
2026-02-14,BR001,MED033,BAT019874,2027-07-04,Pioneer Healthcare Distributors,88,40.92
2026-02-14,BR001,MED040,BAT019897,2028-01-14,Pioneer Healthcare Distributors,30,127.31
2026-02-14,BR001,MED091,BAT019870,2028-10-08,Goregaon Medi Wholesale,51,21.61
2026-02-14,BR001,MED152,BAT019865,2026-06-06,Lifeline Medico Distributors,20,30.55
2026-02-14,BR001,MED205,BAT019879,2029-01-14,Arihant Pharma Traders,1,43.14
2026-02-14,BR001,MED341,BAT019884,2029-01-18,Om Sai Medicorp,1,137.87
2026-02-14,BR002,MED022,BAT019908,2028-01-05,Sahyadri Pharma Distributors,12,53.22
2026-02-14,BR002,MED069,BAT019869,2028-07-30,Chembur Pharma Depot,16,23.49
2026-02-14,BR002,MED205,BAT019879,2029-01-14,Arihant Pharma Traders,1,43.14
2026-02-14,BR002,MED241,BAT019866,2026-08-01,Konkan Healthcare Traders,26,17.64
2026-02-14,BR002,MED341,BAT019884,2029-01-18,Om Sai Medicorp,1,137.87
2026-02-14,BR003,MED014,BAT019895,2028-12-24,Jai Hind Medical Agencies,68,107.77
2026-02-14,BR003,MED022,BAT019908,2028-01-05,Sahyadri Pharma Distributors,1,53.22
2026-02-14,BR003,MED040,BAT019897,2028-01-14,Pioneer Healthcare Distributors,28,127.31
2026-02-14,BR003,MED205,BAT019879,2029-01-14,Arihant Pharma Traders,1,43.14
2026-02-14,BR003,MED319,BAT019890,2027-12-26,Navkar Pharma Agency,91,144.14
2026-02-14,BR003,MED341,BAT019884,2029-01-18,Om Sai Medicorp,14,137.87
2026-02-14,BR003,MED411,BAT019873,2027-01-12,Ulhasnagar Drug Centre,18,110.81
2026-02-15,BR001,MED003,BAT019944,2027-08-22,Goregaon Medi Wholesale,1,74.73
2026-02-15,BR001,MED043,BAT019959,2028-02-01,Vashi Pharma Hub,58,115.44
2026-02-15,BR001,MED044,BAT019967,2026-03-12,Jai Hind Medical Agencies,5,262.83
2026-02-15,BR001,MED179,BAT019925,2028-11-27,Mira Road Drug House,5,9.1
2026-02-15,BR001,MED234,BAT019938,2028-07-13,Arihant Pharma Traders,23,43.1
2026-02-15,BR001,MED311,BAT019954,2028-10-28,Om Sai Medicorp,37,61.68
2026-02-15,BR001,MED459,BAT019956,2027-11-12,Navkar Pharma Agency,77,31.64
2026-02-15,BR002,MED003,BAT019944,2027-08-22,Goregaon Medi Wholesale,11,74.73
2026-02-15,BR002,MED004,BAT019945,2027-10-16,Chembur Pharma Depot,9,93.81
2026-02-15,BR002,MED009,BAT019931,2028-01-08,Arihant Pharma Traders,48,54.63
2026-02-15,BR002,MED014,BAT019966,2026-03-22,Jai Hind Medical Agencies,64,96.9
2026-02-15,BR002,MED039,BAT019958,2028-07-05,Konkan Healthcare Traders,37,55.54
2026-02-15,BR002,MED043,BAT019959,2028-02-01,Vashi Pharma Hub,51,115.44
2026-02-15,BR002,MED044,BAT019967,2026-03-12,Jai Hind Medical Agencies,4,262.83
2026-02-15,BR002,MED082,BAT019932,2028-10-24,Bhiwandi Drug Depot,35,62.48
2026-02-15,BR002,MED091,BAT019933,2029-02-01,Goregaon Medi Wholesale,35,19.82
2026-02-15,BR002,MED155,BAT019935,2026-05-13,Lifeline Medico Distributors,11,31.85
2026-02-15,BR002,MED179,BAT019925,2028-11-27,Mira Road Drug House,4,9.1
2026-02-15,BR003,MED003,BAT019944,2027-08-22,Goregaon Medi Wholesale,1,74.73
2026-02-15,BR003,MED015,BAT019946,2026-07-28,Western Drugs & Surgicals,38,92.88
2026-02-15,BR003,MED044,BAT019967,2026-03-12,Jai Hind Medical Agencies,5,262.83
2026-02-15,BR003,MED155,BAT019935,2026-05-13,Lifeline Medico Distributors,14,31.85
2026-02-15,BR003,MED179,BAT019925,2028-11-27,Mira Road Drug House,5,9.1
2026-02-15,BR003,MED269,BAT019927,2028-10-23,Dadar Wholesale Drugs,102,34.78
2026-02-16,BR001,MED002,BAT019985,2026-09-02,Dadar Wholesale Drugs,1,28.86
2026-02-16,BR001,MED038,BAT020011,2028-10-06,Arihant Pharma Traders,16,58.4
2026-02-16,BR001,MED262,BAT019991,2028-09-27,Arihant Pharma Traders,20,37.66
2026-02-16,BR001,MED278,BAT019974,2028-08-19,Bombay Medi Supply,24,6.68
2026-02-16,BR001,MED312,BAT020001,2028-12-06,Arihant Pharma Traders,12,62.64
2026-02-16,BR001,MED343,BAT020004,2028-09-01,Sahyadri Pharma Distributors,27,124.81
2026-02-16,BR001,MED443,BAT019976,2028-01-04,Ulhasnagar Drug Centre,29,103.15
2026-02-16,BR001,MED444,BAT020020,2027-12-24,Thane Medico Traders,18,104.86
2026-02-16,BR001,MED457,BAT019977,2027-12-22,Panvel Pharma Supplies,7,30.03
2026-02-16,BR001,MED483,BAT020009,2026-06-06,Vasai Virar Medico,2,58.21
2026-02-16,BR002,MED002,BAT019985,2026-09-02,Dadar Wholesale Drugs,14,28.86
2026-02-16,BR002,MED038,BAT020011,2028-10-06,Arihant Pharma Traders,15,58.4
2026-02-16,BR002,MED262,BAT019991,2028-09-27,Arihant Pharma Traders,4,37.66
2026-02-16,BR002,MED284,BAT019999,2026-08-15,Siddhivinayak Drug Agency,30,76.16
2026-02-16,BR002,MED312,BAT020001,2028-12-06,Arihant Pharma Traders,5,62.64
2026-02-16,BR002,MED457,BAT019977,2027-12-22,Panvel Pharma Supplies,5,30.03
2026-02-16,BR002,MED483,BAT020009,2026-06-06,Vasai Virar Medico,2,58.21
2026-02-16,BR003,MED002,BAT019985,2026-09-02,Dadar Wholesale Drugs,1,28.86
2026-02-16,BR003,MED037,BAT020010,2028-12-12,Pioneer Healthcare Distributors,226,87.04
2026-02-16,BR003,MED043,BAT020012,2027-08-23,Shree Ganesh Medico,68,100.13
2026-02-16,BR003,MED262,BAT019991,2028-09-27,Arihant Pharma Traders,4,37.66
2026-02-16,BR003,MED311,BAT020019,2026-05-16,Om Sai Medicorp,39,65.86
2026-02-16,BR003,MED312,BAT020001,2028-12-06,Arihant Pharma Traders,6,62.64
2026-02-16,BR003,MED381,BAT019983,2028-01-06,Neelkanth Pharma Link,114,122.16
2026-02-16,BR003,MED457,BAT019977,2027-12-22,Panvel Pharma Supplies,7,30.03
2026-02-16,BR003,MED483,BAT020009,2026-06-06,Vasai Virar Medico,2,58.21
2026-02-17,BR001,MED024,BAT020040,2027-12-18,Om Sai Medicorp,22,76.86
2026-02-17,BR001,MED026,BAT020041,2027-10-17,Goregaon Medi Wholesale,6,56.25
2026-02-17,BR001,MED027,BAT020042,2027-08-25,Siddhivinayak Drug Agency,1,144.42
2026-02-17,BR001,MED069,BAT020029,2029-01-09,Dadar Wholesale Drugs,20,21.71
2026-02-17,BR001,MED155,BAT020046,2026-08-07,Lifeline Medico Distributors,1,32.68
2026-02-17,BR001,MED294,BAT020070,2028-08-13,Sahyadri Pharma Distributors,5,77.6
2026-02-17,BR001,MED464,BAT020024,2027-10-12,Ulhasnagar Drug Centre,13,21.0
2026-02-17,BR001,MED480,BAT020026,2026-08-23,Panvel Pharma Supplies,1,57.67
2026-02-17,BR002,MED026,BAT020041,2027-10-17,Goregaon Medi Wholesale,5,56.25
2026-02-17,BR002,MED027,BAT020042,2027-08-25,Siddhivinayak Drug Agency,1,144.42
2026-02-17,BR002,MED155,BAT020046,2026-08-07,Lifeline Medico Distributors,1,32.68
2026-02-17,BR002,MED294,BAT020070,2028-08-13,Sahyadri Pharma Distributors,4,77.6
2026-02-17,BR002,MED459,BAT020063,2027-09-18,Navkar Pharma Agency,63,32.96
2026-02-17,BR002,MED464,BAT020024,2027-10-12,Ulhasnagar Drug Centre,5,21.0
2026-02-17,BR002,MED480,BAT020026,2026-08-23,Panvel Pharma Supplies,1,57.67
2026-02-17,BR003,MED007,BAT020027,2028-10-13,Lifeline Medico Distributors,93,14.43
2026-02-17,BR003,MED026,BAT020041,2027-10-17,Goregaon Medi Wholesale,6,56.25
2026-02-17,BR003,MED027,BAT020042,2027-08-25,Siddhivinayak Drug Agency,13,144.42
2026-02-17,BR003,MED097,BAT020043,2027-11-16,Deccan Drug House,18,89.94
2026-02-17,BR003,MED155,BAT020046,2026-08-07,Lifeline Medico Distributors,1,32.68
2026-02-17,BR003,MED294,BAT020070,2028-08-13,Sahyadri Pharma Distributors,12,77.6
2026-02-17,BR003,MED344,BAT020067,2028-08-22,Navkar Pharma Agency,40,56.02
2026-02-17,BR003,MED464,BAT020024,2027-10-12,Ulhasnagar Drug Centre,6,21.0
2026-02-17,BR003,MED480,BAT020026,2026-08-23,Panvel Pharma Supplies,1,57.67
2026-02-18,BR001,MED015,BAT020079,2026-07-21,Kalyan Medical Stores,47,94.78
2026-02-18,BR001,MED179,BAT020088,2026-04-19,Mira Road Drug House,5,9.0
2026-02-18,BR001,MED336,BAT020118,2028-11-05,Navkar Pharma Agency,12,130.43
2026-02-18,BR001,MED411,BAT020093,2027-04-13,Ulhasnagar Drug Centre,23,112.82
2026-02-18,BR001,MED463,BAT020120,2027-11-15,Thane Medico Traders,1,19.53
2026-02-18,BR001,MED470,BAT020110,2027-09-28,Navkar Pharma Agency,18,24.2
2026-02-18,BR002,MED017,BAT020080,2027-07-03,Mira Road Drug House,46,19.89
2026-02-18,BR002,MED130,BAT020086,2026-04-06,Kalyan Medical Stores,22,50.09
2026-02-18,BR002,MED179,BAT020088,2026-04-19,Mira Road Drug House,4,9.0
2026-02-18,BR002,MED257,BAT020090,2029-01-25,Siddhivinayak Drug Agency,29,26.18
2026-02-18,BR002,MED336,BAT020118,2028-11-05,Navkar Pharma Agency,6,130.43
2026-02-18,BR002,MED443,BAT020077,2027-12-17,Ulhasnagar Drug Centre,21,90.62
2026-02-18,BR002,MED463,BAT020120,2027-11-15,Thane Medico Traders,1,19.53
2026-02-18,BR003,MED173,BAT020116,2028-07-16,Shree Ganesh Medico,146,16.88
2026-02-18,BR003,MED179,BAT020088,2026-04-19,Mira Road Drug House,5,9.0
2026-02-18,BR003,MED283,BAT020102,2027-11-01,Neelkanth Pharma Link,48,71.85
2026-02-18,BR003,MED299,BAT020103,2028-08-09,Bombay Medi Supply,126,63.25
2026-02-18,BR003,MED336,BAT020118,2028-11-05,Navkar Pharma Agency,6,130.43
2026-02-18,BR003,MED463,BAT020120,2027-11-15,Thane Medico Traders,1,19.53
2026-02-19,BR001,MED038,BAT020153,2028-10-21,Arihant Pharma Traders,1,71.2
2026-02-19,BR001,MED073,BAT020155,2028-12-28,Sahyadri Pharma Distributors,25,27.72
2026-02-19,BR001,MED284,BAT020145,2026-08-05,Siddhivinayak Drug Agency,38,84.46
2026-02-19,BR001,MED335,BAT020164,2028-12-21,Om Sai Medicorp,11,103.76
2026-02-19,BR001,MED403,BAT020167,2028-08-25,Konkan Healthcare Traders,5,358.76
2026-02-19,BR001,MED427,BAT020135,2026-09-04,Kalyan Medical Stores,15,142.45
2026-02-19,BR001,MED477,BAT020149,2027-04-22,Deccan Drug House,5,125.03
2026-02-19,BR002,MED034,BAT020138,2028-11-25,Western Drugs & Surgicals,58,32.43
2026-02-19,BR002,MED037,BAT020152,2028-10-20,Pioneer Healthcare Distributors,167,89.72
2026-02-19,BR002,MED038,BAT020153,2028-10-21,Arihant Pharma Traders,1,71.2
2026-02-19,BR002,MED299,BAT020132,2028-10-19,Bombay Medi Supply,96,61.19
2026-02-19,BR002,MED335,BAT020164,2028-12-21,Om Sai Medicorp,5,103.76
2026-02-19,BR002,MED403,BAT020167,2028-08-25,Konkan Healthcare Traders,5,358.76
2026-02-19,BR002,MED427,BAT020135,2026-09-04,Kalyan Medical Stores,4,142.45
2026-02-19,BR002,MED477,BAT020149,2027-04-22,Deccan Drug House,4,125.03
2026-02-19,BR003,MED038,BAT020153,2028-10-21,Arihant Pharma Traders,13,71.2
2026-02-19,BR003,MED284,BAT020156,2027-09-23,Sahyadri Pharma Distributors,33,84.57
2026-02-19,BR003,MED335,BAT020164,2028-12-21,Om Sai Medicorp,6,103.76
2026-02-19,BR003,MED403,BAT020167,2028-08-25,Konkan Healthcare Traders,16,358.76
2026-02-19,BR003,MED427,BAT020135,2026-09-04,Kalyan Medical Stores,6,142.45
2026-02-19,BR003,MED470,BAT020168,2027-12-04,Navkar Pharma Agency,16,27.91
2026-02-19,BR003,MED477,BAT020149,2027-04-22,Deccan Drug House,5,125.03
2026-02-20,BR001,MED027,BAT020172,2027-07-14,Siddhivinayak Drug Agency,1,171.94
2026-02-20,BR001,MED156,BAT020189,2026-10-13,Shree Ganesh Medico,14,41.51
2026-02-20,BR001,MED490,BAT020174,2026-09-04,Lifeline Medico Distributors,2,42.02
2026-02-20,BR002,MED015,BAT020186,2026-06-23,Western Drugs & Surgicals,29,89.92
2026-02-20,BR002,MED027,BAT020172,2027-07-14,Siddhivinayak Drug Agency,1,171.94
2026-02-20,BR002,MED156,BAT020189,2026-10-13,Shree Ganesh Medico,5,41.51
2026-02-20,BR002,MED269,BAT020179,2026-05-21,Dadar Wholesale Drugs,110,29.29
2026-02-20,BR002,MED280,BAT020196,2028-10-02,Navkar Pharma Agency,21,7.87
2026-02-20,BR002,MED343,BAT020199,2028-07-21,Sahyadri Pharma Distributors,19,125.1
2026-02-20,BR002,MED381,BAT020182,2027-08-12,Ulhasnagar Drug Centre,113,112.99
2026-02-20,BR002,MED490,BAT020174,2026-09-04,Lifeline Medico Distributors,9,42.02
2026-02-20,BR003,MED027,BAT020172,2027-07-14,Siddhivinayak Drug Agency,1,171.94
2026-02-20,BR003,MED155,BAT020177,2027-01-22,Lifeline Medico Distributors,15,34.67
2026-02-20,BR003,MED156,BAT020189,2026-10-13,Shree Ganesh Medico,6,41.51
2026-02-20,BR003,MED490,BAT020174,2026-09-04,Lifeline Medico Distributors,2,42.02
2026-02-21,BR001,MED001,BAT020225,2028-07-24,Sai Pharma Distributors,82,18.47
2026-02-21,BR001,MED014,BAT020239,2028-12-20,Jai Hind Medical Agencies,70,114.39
2026-02-21,BR001,MED034,BAT020226,2028-12-07,Konkan Healthcare Traders,68,37.95
2026-02-21,BR001,MED097,BAT020229,2026-08-20,Chembur Pharma Depot,15,90.18
2026-02-21,BR001,MED214,BAT020240,2027-12-16,Sahyadri Pharma Distributors,11,38.12
2026-02-21,BR001,MED467,BAT020235,2026-07-08,Vasai Virar Medico,6,25.89
2026-02-21,BR002,MED142,BAT020212,2026-05-06,Bombay Medi Supply,30,38.56
2026-02-21,BR002,MED214,BAT020240,2027-12-16,Sahyadri Pharma Distributors,5,38.12
2026-02-21,BR002,MED445,BAT020234,2027-09-18,Goregaon Medi Wholesale,16,94.3
2026-02-21,BR002,MED467,BAT020235,2026-07-08,Vasai Virar Medico,13,25.89
2026-02-21,BR003,MED214,BAT020240,2027-12-16,Sahyadri Pharma Distributors,7,38.12
2026-02-21,BR003,MED467,BAT020235,2026-07-08,Vasai Virar Medico,6,25.89
2026-02-22,BR001,MED035,BAT020259,2026-10-24,Vasai Virar Medico,17,17.3
2026-02-22,BR001,MED038,BAT020277,2026-06-23,Arihant Pharma Traders,1,70.71
2026-02-22,BR001,MED262,BAT020296,2028-09-14,Arihant Pharma Traders,4,32.59
2026-02-22,BR001,MED289,BAT020266,2027-09-17,Dadar Wholesale Drugs,7,89.46
2026-02-22,BR001,MED305,BAT020284,2028-07-15,Navkar Pharma Agency,59,84.07
2026-02-22,BR001,MED411,BAT020274,2027-01-13,Siddhivinayak Drug Agency,1,103.33
2026-02-22,BR001,MED417,BAT020289,2028-01-13,Vashi Pharma Hub,7,74.44
2026-02-22,BR001,MED444,BAT020307,2027-11-12,Thane Medico Traders,1,84.51
2026-02-22,BR002,MED001,BAT020276,2028-11-26,Sai Pharma Distributors,61,20.36
2026-02-22,BR002,MED031,BAT020258,2026-04-21,Western Drugs & Surgicals,33,135.39
2026-02-22,BR002,MED038,BAT020277,2026-06-23,Arihant Pharma Traders,12,70.71
2026-02-22,BR002,MED173,BAT020243,2026-07-26,Maharashtra Pharma Link,110,17.68
2026-02-22,BR002,MED262,BAT020296,2028-09-14,Arihant Pharma Traders,4,32.59
2026-02-22,BR002,MED289,BAT020266,2027-09-17,Dadar Wholesale Drugs,6,89.46
2026-02-22,BR002,MED411,BAT020274,2027-01-13,Siddhivinayak Drug Agency,1,103.33
2026-02-22,BR002,MED417,BAT020289,2028-01-13,Vashi Pharma Hub,11,74.44
2026-02-22,BR002,MED444,BAT020307,2027-11-12,Thane Medico Traders,1,84.51
2026-02-22,BR003,MED021,BAT020246,2026-06-20,Dadar Wholesale Drugs,23,22.97
2026-02-22,BR003,MED038,BAT020277,2026-06-23,Arihant Pharma Traders,1,70.71
2026-02-22,BR003,MED262,BAT020296,2028-09-14,Arihant Pharma Traders,19,32.59
2026-02-22,BR003,MED280,BAT020264,2028-08-16,Navkar Pharma Agency,22,6.66
2026-02-22,BR003,MED289,BAT020266,2027-09-17,Dadar Wholesale Drugs,7,89.46
2026-02-22,BR003,MED411,BAT020274,2027-01-13,Siddhivinayak Drug Agency,1,103.33
2026-02-22,BR003,MED417,BAT020289,2028-01-13,Vashi Pharma Hub,6,74.44
2026-02-22,BR003,MED444,BAT020307,2027-11-12,Thane Medico Traders,1,84.51
2026-02-22,BR003,MED459,BAT020257,2028-01-25,Deccan Drug House,69,35.82
2026-02-23,BR001,MED020,BAT020354,2027-06-17,Shree Ganesh Medico,5,98.37
2026-02-23,BR001,MED027,BAT020317,2027-10-18,Siddhivinayak Drug Agency,2,166.86
2026-02-23,BR001,MED098,BAT020329,2027-09-19,Bhiwandi Drug Depot,13,100.25
2026-02-23,BR001,MED186,BAT020322,2028-08-23,Mira Road Drug House,28,140.46
2026-02-23,BR001,MED205,BAT020323,2026-05-25,Western Drugs & Surgicals,1,38.33
2026-02-23,BR001,MED247,BAT020347,2027-12-13,Konkan Healthcare Traders,24,53.15
2026-02-23,BR001,MED480,BAT020316,2026-05-03,Panvel Pharma Supplies,1,52.25
2026-02-23,BR001,MED490,BAT020338,2027-09-12,Mira Road Drug House,12,43.31
2026-02-23,BR002,MED013,BAT020311,2028-08-19,Ulhasnagar Drug Centre,49,23.67
2026-02-23,BR002,MED020,BAT020354,2027-06-17,Shree Ganesh Medico,4,98.37
2026-02-23,BR002,MED024,BAT020340,2027-12-20,Bhiwandi Drug Depot,17,76.77
2026-02-23,BR002,MED027,BAT020317,2027-10-18,Siddhivinayak Drug Agency,9,166.86
2026-02-23,BR002,MED063,BAT020312,2028-10-31,Lifeline Medico Distributors,14,30.27
2026-02-23,BR002,MED098,BAT020329,2027-09-19,Bhiwandi Drug Depot,1,100.25
2026-02-23,BR002,MED205,BAT020323,2026-05-25,Western Drugs & Surgicals,1,38.33
2026-02-23,BR002,MED480,BAT020316,2026-05-03,Panvel Pharma Supplies,1,52.25
2026-02-23,BR002,MED490,BAT020338,2027-09-12,Mira Road Drug House,1,43.31
2026-02-23,BR003,MED020,BAT020354,2027-06-17,Shree Ganesh Medico,5,98.37
2026-02-23,BR003,MED027,BAT020317,2027-10-18,Siddhivinayak Drug Agency,2,166.86
2026-02-23,BR003,MED069,BAT020342,2026-04-15,Chembur Pharma Depot,23,24.13
2026-02-23,BR003,MED098,BAT020329,2027-09-19,Bhiwandi Drug Depot,1,100.25
2026-02-23,BR003,MED205,BAT020323,2026-05-25,Western Drugs & Surgicals,12,38.33
2026-02-23,BR003,MED234,BAT020346,2028-11-11,Konkan Healthcare Traders,22,44.12
2026-02-23,BR003,MED247,BAT020347,2027-12-13,Konkan Healthcare Traders,22,53.15
2026-02-23,BR003,MED269,BAT020331,2026-09-09,Dadar Wholesale Drugs,104,32.16
2026-02-23,BR003,MED480,BAT020316,2026-05-03,Panvel Pharma Supplies,1,52.25
2026-02-23,BR003,MED490,BAT020338,2027-09-12,Mira Road Drug House,1,43.31
2026-02-24,BR001,MED009,BAT020403,2027-07-30,Arihant Pharma Traders,76,57.23
2026-02-24,BR001,MED021,BAT020383,2028-10-22,Dadar Wholesale Drugs,21,22.04
2026-02-24,BR001,MED027,BAT020405,2027-12-22,Siddhivinayak Drug Agency,1,143.56
2026-02-24,BR001,MED032,BAT020375,2028-12-25,Kalyan Medical Stores,7,9.48
2026-02-24,BR001,MED155,BAT020368,2026-05-14,Lifeline Medico Distributors,16,35.64
2026-02-24,BR001,MED341,BAT020394,2028-12-31,Om Sai Medicorp,14,140.26
2026-02-24,BR001,MED445,BAT020397,2027-07-29,Navkar Pharma Agency,19,99.7
2026-02-24,BR002,MED027,BAT020405,2027-12-22,Siddhivinayak Drug Agency,1,143.56
2026-02-24,BR002,MED032,BAT020375,2028-12-25,Kalyan Medical Stores,5,9.48
2026-02-24,BR002,MED033,BAT020406,2027-10-28,Pioneer Healthcare Distributors,77,39.73
2026-02-24,BR002,MED073,BAT020415,2029-01-21,Sahyadri Pharma Distributors,19,29.98
2026-02-24,BR002,MED305,BAT020363,2028-12-26,Navkar Pharma Agency,52,74.3
2026-02-24,BR002,MED311,BAT020392,2028-12-25,Neelkanth Pharma Link,31,74.8
2026-02-24,BR003,MED013,BAT020362,2029-01-10,Ulhasnagar Drug Centre,64,21.29
2026-02-24,BR003,MED027,BAT020405,2027-12-22,Siddhivinayak Drug Agency,13,143.56
2026-02-24,BR003,MED032,BAT020375,2028-12-25,Kalyan Medical Stores,7,9.48
2026-02-24,BR003,MED033,BAT020413,2028-02-01,Pioneer Healthcare Distributors,78,39.0
2026-02-24,BR003,MED159,BAT020387,2026-07-31,Malad Healthcare Supply,20,45.27
2026-02-24,BR003,MED445,BAT020397,2027-07-29,Navkar Pharma Agency,20,99.7
2026-02-25,BR001,MED003,BAT020443,2027-07-29,Bhiwandi Drug Depot,1,72.47
2026-02-25,BR001,MED004,BAT020427,2027-08-16,Chembur Pharma Depot,1,80.56
2026-02-25,BR001,MED012,BAT020449,2028-01-06,Om Sai Medicorp,146,81.21
2026-02-25,BR001,MED025,BAT020421,2028-08-29,Deccan Drug House,2,45.8
2026-02-25,BR001,MED130,BAT020429,2026-09-08,Kalyan Medical Stores,28,46.53
2026-02-25,BR001,MED269,BAT020426,2026-07-19,Dadar Wholesale Drugs,118,34.25
2026-02-25,BR001,MED319,BAT020439,2027-08-01,Navkar Pharma Agency,108,174.75
2026-02-25,BR001,MED459,BAT020458,2027-07-26,Navkar Pharma Agency,71,37.24
2026-02-25,BR002,MED003,BAT020443,2027-07-29,Bhiwandi Drug Depot,1,72.47
2026-02-25,BR002,MED004,BAT020427,2027-08-16,Chembur Pharma Depot,1,80.56
2026-02-25,BR002,MED025,BAT020421,2028-08-29,Deccan Drug House,9,45.8
2026-02-25,BR002,MED159,BAT020431,2026-04-28,Ulhasnagar Drug Centre,16,43.66
2026-02-25,BR002,MED319,BAT020445,2028-01-29,Navkar Pharma Agency,66,148.46
2026-02-25,BR002,MED344,BAT020456,2028-09-01,Navkar Pharma Agency,37,48.87
2026-02-25,BR003,MED003,BAT020443,2027-07-29,Bhiwandi Drug Depot,1,72.47
2026-02-25,BR003,MED004,BAT020427,2027-08-16,Chembur Pharma Depot,1,80.56
2026-02-25,BR003,MED015,BAT020459,2027-06-09,Jai Hind Medical Agencies,40,79.0
2026-02-25,BR003,MED025,BAT020421,2028-08-29,Deccan Drug House,2,45.8
2026-02-25,BR003,MED130,BAT020429,2026-09-08,Kalyan Medical Stores,29,46.53
2026-02-25,BR003,MED186,BAT020417,2028-09-23,Mira Road Drug House,32,154.97
2026-02-25,BR003,MED319,BAT020439,2027-08-01,Navkar Pharma Agency,102,174.75
2026-02-26,BR001,MED106,BAT020481,2028-01-20,Deccan Drug House,2,154.65
2026-02-26,BR001,MED155,BAT020469,2026-07-06,Lifeline Medico Distributors,1,30.17
2026-02-26,BR001,MED463,BAT020494,2027-11-26,Deccan Drug House,14,17.63
2026-02-26,BR001,MED483,BAT020478,2026-06-04,Lifeline Medico Distributors,1,60.27
2026-02-26,BR002,MED106,BAT020481,2028-01-20,Deccan Drug House,9,154.65
2026-02-26,BR002,MED155,BAT020469,2026-07-06,Lifeline Medico Distributors,12,30.17
2026-02-26,BR002,MED234,BAT020507,2029-01-27,Arihant Pharma Traders,17,43.48
2026-02-26,BR002,MED411,BAT020477,2026-08-28,Ulhasnagar Drug Centre,15,113.55
2026-02-26,BR002,MED483,BAT020478,2026-06-04,Lifeline Medico Distributors,1,60.27
2026-02-26,BR003,MED106,BAT020481,2028-01-20,Deccan Drug House,2,154.65
2026-02-26,BR003,MED142,BAT020467,2029-01-27,Bombay Medi Supply,41,39.18
2026-02-26,BR003,MED155,BAT020469,2026-07-06,Lifeline Medico Distributors,1,30.17
2026-02-26,BR003,MED305,BAT020464,2028-08-11,Navkar Pharma Agency,51,82.18
2026-02-26,BR003,MED444,BAT020512,2027-12-24,Thane Medico Traders,14,98.15
2026-02-26,BR003,MED463,BAT020494,2027-11-26,Deccan Drug House,12,17.63
2026-02-26,BR003,MED483,BAT020478,2026-06-04,Lifeline Medico Distributors,1,60.27
2026-02-27,BR001,MED002,BAT020528,2028-12-25,Dadar Wholesale Drugs,15,30.5
2026-02-27,BR001,MED027,BAT020529,2026-08-15,Siddhivinayak Drug Agency,1,138.41
2026-02-27,BR001,MED033,BAT020531,2027-09-06,Pioneer Healthcare Distributors,89,38.82
2026-02-27,BR001,MED067,BAT020543,2029-02-08,Sai Pharma Distributors,7,26.85
2026-02-27,BR001,MED257,BAT020553,2028-09-21,Om Sai Medicorp,30,26.95
2026-02-27,BR001,MED299,BAT020524,2028-10-21,Bombay Medi Supply,127,61.21
2026-02-27,BR001,MED470,BAT020541,2026-06-28,Navkar Pharma Agency,1,26.15
2026-02-27,BR002,MED027,BAT020529,2026-08-15,Siddhivinayak Drug Agency,1,138.41
2026-02-27,BR002,MED067,BAT020543,2029-02-08,Sai Pharma Distributors,5,26.85
2026-02-27,BR002,MED247,BAT020560,2027-09-18,Konkan Healthcare Traders,17,51.47
2026-02-27,BR002,MED278,BAT020536,2028-09-18,Om Sai Medicorp,22,6.29
2026-02-27,BR002,MED470,BAT020541,2026-06-28,Navkar Pharma Agency,1,26.15
2026-02-27,BR003,MED009,BAT020551,2027-09-20,Konkan Healthcare Traders,66,54.04
2026-02-27,BR003,MED027,BAT020529,2026-08-15,Siddhivinayak Drug Agency,1,138.41
2026-02-27,BR003,MED067,BAT020543,2029-02-08,Sai Pharma Distributors,7,26.85
2026-02-27,BR003,MED073,BAT020544,2029-01-12,Sahyadri Pharma Distributors,26,27.01
2026-02-27,BR003,MED091,BAT020532,2028-09-10,Goregaon Medi Wholesale,47,19.09
2026-02-27,BR003,MED470,BAT020541,2026-06-28,Navkar Pharma Agency,1,26.15
2026-02-28,BR001,MED013,BAT020569,2029-01-17,Ulhasnagar Drug Centre,60,24.98
2026-02-28,BR001,MED040,BAT020588,2028-01-11,Pioneer Healthcare Distributors,29,128.09
2026-02-28,BR001,MED142,BAT020564,2028-10-23,Lifeline Medico Distributors,41,37.81
2026-02-28,BR001,MED155,BAT020573,2026-07-20,Lifeline Medico Distributors,1,34.56
2026-02-28,BR001,MED290,BAT020602,2028-02-13,Konkan Healthcare Traders,7,112.3
2026-02-28,BR001,MED381,BAT020576,2026-06-17,Ulhasnagar Drug Centre,119,133.18
2026-02-28,BR001,MED444,BAT020605,2028-02-04,Thane Medico Traders,16,99.38
2026-02-28,BR002,MED012,BAT020586,2028-01-08,Om Sai Medicorp,120,77.81
2026-02-28,BR002,MED040,BAT020588,2028-01-11,Pioneer Healthcare Distributors,23,128.09
2026-02-28,BR002,MED155,BAT020573,2026-07-20,Lifeline Medico Distributors,1,34.56
2026-02-28,BR002,MED290,BAT020602,2028-02-13,Konkan Healthcare Traders,6,112.3
2026-02-28,BR002,MED470,BAT020606,2027-07-30,Navkar Pharma Agency,12,29.49
2026-02-28,BR003,MED024,BAT020598,2027-11-03,Om Sai Medicorp,21,75.89
2026-02-28,BR003,MED031,BAT020570,2026-04-26,Mira Road Drug House,41,130.77
2026-02-28,BR003,MED039,BAT020599,2029-01-03,Om Sai Medicorp,40,47.45
2026-02-28,BR003,MED043,BAT020600,2027-07-16,Vashi Pharma Hub,56,122.87
2026-02-28,BR003,MED155,BAT020573,2026-07-20,Lifeline Medico Distributors,1,34.56
2026-02-28,BR003,MED290,BAT020602,2028-02-13,Konkan Healthcare Traders,7,112.3
2026-03-01,BR001,MED205,BAT020619,2026-04-21,Western Drugs & Surgicals,12,40.19
2026-03-01,BR001,MED234,BAT020652,2028-07-07,Konkan Healthcare Traders,26,39.86
2026-03-01,BR001,MED444,BAT020657,2027-12-13,Thane Medico Traders,1,103.83
2026-03-01,BR002,MED009,BAT020638,2027-09-30,Arihant Pharma Traders,55,59.39
2026-03-01,BR002,MED205,BAT020619,2026-04-21,Western Drugs & Surgicals,1,40.19
2026-03-01,BR002,MED241,BAT020654,2027-02-13,Konkan Healthcare Traders,32,18.38
2026-03-01,BR002,MED269,BAT020655,2029-01-06,Sahyadri Pharma Distributors,107,33.02
2026-03-01,BR002,MED444,BAT020657,2027-12-13,Thane Medico Traders,14,103.83
2026-03-01,BR002,MED459,BAT020632,2027-10-09,Navkar Pharma Agency,54,32.97
2026-03-01,BR003,MED005,BAT020613,2029-01-06,Mira Road Drug House,66,20.49
2026-03-01,BR003,MED011,BAT020611,2028-11-29,Siddhivinayak Drug Agency,198,28.43
2026-03-01,BR003,MED205,BAT020619,2026-04-21,Western Drugs & Surgicals,1,40.19
2026-03-01,BR003,MED444,BAT020657,2027-12-13,Thane Medico Traders,1,103.83
2026-03-02,BR001,MED005,BAT020659,2029-01-29,Mira Road Drug House,65,21.35
2026-03-02,BR001,MED007,BAT020674,2028-10-17,Malad Healthcare Supply,101,18.24
2026-03-02,BR001,MED008,BAT020695,2026-07-11,Om Sai Medicorp,7,155.67
2026-03-02,BR001,MED016,BAT020660,2027-02-26,Ulhasnagar Drug Centre,7,126.29
2026-03-02,BR001,MED031,BAT020667,2026-05-17,Mira Road Drug House,44,139.15
2026-03-02,BR001,MED043,BAT020697,2027-10-16,Navkar Pharma Agency,72,110.01
2026-03-02,BR001,MED280,BAT020702,2028-10-08,Navkar Pharma Agency,27,7.82
2026-03-02,BR001,MED312,BAT020703,2029-02-14,Arihant Pharma Traders,6,58.34
2026-03-02,BR001,MED359,BAT020692,2028-12-26,Thane Medico Traders,7,114.89
2026-03-02,BR002,MED008,BAT020695,2026-07-11,Om Sai Medicorp,5,155.67
2026-03-02,BR002,MED011,BAT020665,2028-10-14,Siddhivinayak Drug Agency,161,25.51
2026-03-02,BR002,MED016,BAT020660,2027-02-26,Ulhasnagar Drug Centre,10,126.29
2026-03-02,BR002,MED030,BAT020666,2028-08-22,Malad Healthcare Supply,16,50.55
2026-03-02,BR002,MED082,BAT020699,2028-07-19,Om Sai Medicorp,37,64.79
2026-03-02,BR002,MED205,BAT020700,2029-02-15,Mahalaxmi Pharma Agencies,9,39.54
2026-03-02,BR002,MED280,BAT020702,2028-10-08,Navkar Pharma Agency,22,7.82
2026-03-02,BR002,MED312,BAT020703,2029-02-14,Arihant Pharma Traders,5,58.34
2026-03-02,BR002,MED359,BAT020692,2028-12-26,Thane Medico Traders,6,114.89
2026-03-02,BR003,MED008,BAT020695,2026-07-11,Om Sai Medicorp,7,155.67
2026-03-02,BR003,MED016,BAT020660,2027-02-26,Ulhasnagar Drug Centre,6,126.29
2026-03-02,BR003,MED035,BAT020696,2026-07-25,Arihant Pharma Traders,18,17.01
2026-03-02,BR003,MED082,BAT020699,2028-07-19,Om Sai Medicorp,54,64.79
2026-03-02,BR003,MED312,BAT020703,2029-02-14,Arihant Pharma Traders,12,58.34
2026-03-02,BR003,MED359,BAT020692,2028-12-26,Thane Medico Traders,6,114.89
2026-03-03,BR001,MED025,BAT020719,2029-01-19,Deccan Drug House,1,42.44
2026-03-03,BR001,MED082,BAT020734,2028-10-22,Bhiwandi Drug Depot,50,65.42
2026-03-03,BR001,MED170,BAT020723,2028-11-19,Bhiwandi Drug Depot,7,19.88
2026-03-03,BR001,MED341,BAT020710,2028-12-26,Om Sai Medicorp,1,148.29
2026-03-03,BR001,MED343,BAT020759,2028-11-10,Sahyadri Pharma Distributors,20,150.57
2026-03-03,BR001,MED344,BAT020740,2028-10-15,Navkar Pharma Agency,44,46.97
2026-03-03,BR001,MED425,BAT020715,2026-08-03,Kalyan Medical Stores,13,171.66
2026-03-03,BR001,MED480,BAT020727,2028-10-13,Panvel Pharma Supplies,14,52.32
2026-03-03,BR002,MED005,BAT020717,2028-09-20,Mira Road Drug House,49,20.34
2026-03-03,BR002,MED021,BAT020718,2028-12-21,Dadar Wholesale Drugs,16,21.66
2026-03-03,BR002,MED025,BAT020719,2029-01-19,Deccan Drug House,1,42.44
2026-03-03,BR002,MED170,BAT020723,2028-11-19,Bhiwandi Drug Depot,9,19.88
2026-03-03,BR002,MED341,BAT020710,2028-12-26,Om Sai Medicorp,1,148.29
2026-03-03,BR002,MED425,BAT020715,2026-08-03,Kalyan Medical Stores,5,171.66
2026-03-03,BR002,MED480,BAT020727,2028-10-13,Panvel Pharma Supplies,1,52.32
2026-03-03,BR003,MED001,BAT020716,2028-08-29,Goregaon Medi Wholesale,90,18.08
2026-03-03,BR003,MED007,BAT020729,2028-08-20,Malad Healthcare Supply,107,18.53
2026-03-03,BR003,MED012,BAT020744,2027-11-02,Sahyadri Pharma Distributors,157,72.88
2026-03-03,BR003,MED022,BAT020730,2028-01-19,Apex Pharma Wholesale,8,55.45
2026-03-03,BR003,MED025,BAT020719,2029-01-19,Deccan Drug House,1,42.44
2026-03-03,BR003,MED170,BAT020723,2028-11-19,Bhiwandi Drug Depot,7,19.88
2026-03-03,BR003,MED278,BAT020738,2026-07-26,Arihant Pharma Traders,23,6.37
2026-03-03,BR003,MED341,BAT020710,2028-12-26,Om Sai Medicorp,14,148.29
2026-03-03,BR003,MED381,BAT020725,2027-09-04,Kalyan Medical Stores,119,134.07
2026-03-03,BR003,MED425,BAT020715,2026-08-03,Kalyan Medical Stores,6,171.66
2026-03-03,BR003,MED480,BAT020727,2028-10-13,Panvel Pharma Supplies,1,52.32
2026-03-04,BR001,MED027,BAT020773,2027-07-17,Siddhivinayak Drug Agency,1,148.84
2026-03-04,BR001,MED155,BAT020763,2026-04-07,Lifeline Medico Distributors,15,32.24
2026-03-04,BR001,MED377,BAT020802,2028-02-13,Jai Hind Medical Agencies,6,125.27
2026-03-04,BR001,MED490,BAT020793,2027-09-07,Lifeline Medico Distributors,1,39.99
2026-03-04,BR002,MED027,BAT020773,2027-07-17,Siddhivinayak Drug Agency,1,148.84
2026-03-04,BR002,MED130,BAT020776,2029-01-11,Deccan Drug House,21,48.24
2026-03-04,BR002,MED155,BAT020778,2026-09-03,Lifeline Medico Distributors,14,34.94
2026-03-04,BR002,MED377,BAT020802,2028-02-13,Jai Hind Medical Agencies,5,125.27
2026-03-04,BR002,MED490,BAT020793,2027-09-07,Lifeline Medico Distributors,1,39.99
2026-03-04,BR003,MED027,BAT020773,2027-07-17,Siddhivinayak Drug Agency,1,148.84
2026-03-04,BR003,MED155,BAT020769,2026-09-27,Lifeline Medico Distributors,15,32.67
2026-03-04,BR003,MED377,BAT020802,2028-02-13,Jai Hind Medical Agencies,6,125.27
2026-03-04,BR003,MED459,BAT020791,2027-08-30,Navkar Pharma Agency,84,37.47
2026-03-04,BR003,MED490,BAT020793,2027-09-07,Lifeline Medico Distributors,1,39.99
2026-03-05,BR001,MED213,BAT020836,2028-08-02,Konkan Healthcare Traders,7,18.88
2026-03-05,BR001,MED220,BAT020811,2028-01-23,Neelkanth Pharma Link,6,38.45
2026-03-05,BR001,MED294,BAT020825,2028-12-03,Om Sai Medicorp,6,72.96
2026-03-05,BR001,MED463,BAT020818,2028-02-07,Deccan Drug House,1,19.08
2026-03-05,BR001,MED463,BAT020834,2027-08-29,Thane Medico Traders,1,19.92
2026-03-05,BR002,MED007,BAT020827,2028-10-06,Apex Pharma Wholesale,75,15.9
2026-03-05,BR002,MED213,BAT020836,2028-08-02,Konkan Healthcare Traders,5,18.88
2026-03-05,BR002,MED220,BAT020811,2028-01-23,Neelkanth Pharma Link,5,38.45
2026-03-05,BR002,MED294,BAT020825,2028-12-03,Om Sai Medicorp,5,72.96
2026-03-05,BR002,MED463,BAT020818,2028-02-07,Deccan Drug House,11,19.08
2026-03-05,BR002,MED463,BAT020834,2027-08-29,Thane Medico Traders,1,19.92
2026-03-05,BR003,MED017,BAT020806,2027-11-17,Mira Road Drug House,54,18.2
2026-03-05,BR003,MED213,BAT020836,2028-08-02,Konkan Healthcare Traders,7,18.88
2026-03-05,BR003,MED220,BAT020811,2028-01-23,Neelkanth Pharma Link,6,38.45
2026-03-05,BR003,MED294,BAT020825,2028-12-03,Om Sai Medicorp,6,72.96
2026-03-05,BR003,MED463,BAT020818,2028-02-07,Deccan Drug House,1,19.08
2026-03-05,BR003,MED463,BAT020834,2027-08-29,Thane Medico Traders,1,19.92
2026-03-06,BR001,MED003,BAT020856,2027-12-04,Bhiwandi Drug Depot,1,73.31
2026-03-06,BR001,MED027,BAT020855,2027-08-01,Siddhivinayak Drug Agency,10,143.08
2026-03-06,BR001,MED039,BAT020891,2029-02-18,Konkan Healthcare Traders,43,52.65
2026-03-06,BR001,MED069,BAT020850,2028-08-15,Dadar Wholesale Drugs,20,24.33
2026-03-06,BR001,MED103,BAT020858,2028-02-07,Bhiwandi Drug Depot,6,147.0
2026-03-06,BR001,MED173,BAT020848,2028-11-05,Maharashtra Pharma Link,141,17.59
2026-03-06,BR001,MED278,BAT020865,2026-06-03,Bombay Medi Supply,24,7.04
2026-03-06,BR001,MED283,BAT020852,2026-05-24,Dadar Wholesale Drugs,45,69.49
2026-03-06,BR001,MED334,BAT020892,2028-11-30,Sahyadri Pharma Distributors,15,117.99
2026-03-06,BR001,MED483,BAT020882,2027-02-09,Vasai Virar Medico,10,61.71
2026-03-06,BR002,MED003,BAT020856,2027-12-04,Bhiwandi Drug Depot,1,73.31
2026-03-06,BR002,MED027,BAT020855,2027-08-01,Siddhivinayak Drug Agency,1,143.08
2026-03-06,BR002,MED043,BAT020847,2027-10-01,Vashi Pharma Hub,57,109.38
2026-03-06,BR002,MED103,BAT020858,2028-02-07,Bhiwandi Drug Depot,5,147.0
2026-03-06,BR002,MED319,BAT020888,2027-11-11,Navkar Pharma Agency,70,154.48
2026-03-06,BR002,MED334,BAT020892,2028-11-30,Sahyadri Pharma Distributors,5,117.99
2026-03-06,BR002,MED483,BAT020882,2027-02-09,Vasai Virar Medico,1,61.71
2026-03-06,BR003,MED003,BAT020856,2027-12-04,Bhiwandi Drug Depot,14,73.31
2026-03-06,BR003,MED027,BAT020855,2027-08-01,Siddhivinayak Drug Agency,1,143.08
2026-03-06,BR003,MED103,BAT020858,2028-02-07,Bhiwandi Drug Depot,6,147.0
2026-03-06,BR003,MED334,BAT020892,2028-11-30,Sahyadri Pharma Distributors,6,117.99
2026-03-06,BR003,MED344,BAT020889,2028-12-25,Navkar Pharma Agency,41,51.55
2026-03-06,BR003,MED445,BAT020890,2027-08-28,Navkar Pharma Agency,18,94.31
2026-03-06,BR003,MED480,BAT020854,2028-12-21,Panvel Pharma Supplies,15,51.26
2026-03-06,BR003,MED483,BAT020882,2027-02-09,Vasai Virar Medico,1,61.71
2026-03-07,BR001,MED004,BAT020906,2026-04-13,Chembur Pharma Depot,10,83.22
2026-03-07,BR001,MED015,BAT020907,2027-04-30,Western Drugs & Surgicals,40,95.07
2026-03-07,BR001,MED026,BAT020911,2027-09-01,Goregaon Medi Wholesale,6,57.19
2026-03-07,BR001,MED037,BAT020922,2026-04-27,Pioneer Healthcare Distributors,198,97.34
2026-03-07,BR001,MED038,BAT020923,2028-11-05,Pioneer Healthcare Distributors,15,64.92
2026-03-07,BR001,MED106,BAT020897,2028-02-11,Deccan Drug House,1,158.34
2026-03-07,BR001,MED241,BAT020916,2026-09-07,Konkan Healthcare Traders,32,17.49
2026-03-07,BR001,MED341,BAT020909,2028-10-17,Om Sai Medicorp,1,148.48
2026-03-07,BR001,MED368,BAT020900,2029-02-12,Neelkanth Pharma Link,7,149.26
2026-03-07,BR001,MED490,BAT020905,2027-12-05,Lifeline Medico Distributors,1,39.79
2026-03-07,BR002,MED004,BAT020906,2026-04-13,Chembur Pharma Depot,1,83.22
2026-03-07,BR002,MED026,BAT020911,2027-09-01,Goregaon Medi Wholesale,11,57.19
2026-03-07,BR002,MED069,BAT020894,2026-09-07,Chembur Pharma Depot,15,22.01
2026-03-07,BR002,MED091,BAT020914,2028-11-17,Goregaon Medi Wholesale,33,22.04
2026-03-07,BR002,MED106,BAT020897,2028-02-11,Deccan Drug House,1,158.34
2026-03-07,BR002,MED257,BAT020917,2029-01-10,Om Sai Medicorp,25,29.71
2026-03-07,BR002,MED341,BAT020909,2028-10-17,Om Sai Medicorp,12,148.48
2026-03-07,BR002,MED368,BAT020900,2029-02-12,Neelkanth Pharma Link,6,149.26
2026-03-07,BR002,MED490,BAT020905,2027-12-05,Lifeline Medico Distributors,1,39.79
2026-03-07,BR003,MED004,BAT020906,2026-04-13,Chembur Pharma Depot,1,83.22
2026-03-07,BR003,MED026,BAT020911,2027-09-01,Goregaon Medi Wholesale,6,57.19
2026-03-07,BR003,MED106,BAT020897,2028-02-11,Deccan Drug House,12,158.34
2026-03-07,BR003,MED173,BAT020915,2028-08-19,Shree Ganesh Medico,144,15.86
2026-03-07,BR003,MED341,BAT020909,2028-10-17,Om Sai Medicorp,1,148.48
2026-03-07,BR003,MED368,BAT020900,2029-02-12,Neelkanth Pharma Link,6,149.26
2026-03-07,BR003,MED490,BAT020905,2027-12-05,Lifeline Medico Distributors,10,39.79
2026-03-08,BR001,MED001,BAT020956,2029-01-22,Apex Pharma Wholesale,82,21.62
2026-03-08,BR001,MED018,BAT020973,2027-02-01,Thane Medico Traders,6,112.11
2026-03-08,BR001,MED022,BAT020937,2027-08-25,Sahyadri Pharma Distributors,8,48.22
2026-03-08,BR001,MED421,BAT020948,2027-08-07,Siddhivinayak Drug Agency,6,160.11
2026-03-08,BR001,MED463,BAT020977,2027-10-17,Thane Medico Traders,14,21.23
2026-03-08,BR002,MED018,BAT020973,2027-02-01,Thane Medico Traders,5,112.11
2026-03-08,BR002,MED037,BAT020968,2028-10-01,Pioneer Healthcare Distributors,189,93.75
2026-03-08,BR002,MED381,BAT020943,2027-10-01,Ulhasnagar Drug Centre,102,114.88
2026-03-08,BR002,MED421,BAT020948,2027-08-07,Siddhivinayak Drug Agency,4,160.11
2026-03-08,BR002,MED463,BAT020977,2027-10-17,Thane Medico Traders,1,21.23
2026-03-08,BR003,MED018,BAT020973,2027-02-01,Thane Medico Traders,13,112.11
2026-03-08,BR003,MED037,BAT020968,2028-10-01,Pioneer Healthcare Distributors,203,93.75
2026-03-08,BR003,MED040,BAT020944,2027-10-11,Neelkanth Pharma Link,27,138.48
2026-03-08,BR003,MED257,BAT020947,2028-12-27,Siddhivinayak Drug Agency,32,29.98
2026-03-08,BR003,MED343,BAT020966,2028-09-17,Sahyadri Pharma Distributors,24,136.82
2026-03-08,BR003,MED421,BAT020948,2027-08-07,Siddhivinayak Drug Agency,15,160.11
2026-03-08,BR003,MED443,BAT020936,2027-11-03,Ulhasnagar Drug Centre,24,90.02
2026-03-08,BR003,MED463,BAT020977,2027-10-17,Thane Medico Traders,1,21.23
2026-03-09,BR001,MED006,BAT020981,2027-01-24,Lifeline Medico Distributors,14,36.35
2026-03-09,BR001,MED027,BAT021003,2026-09-11,Siddhivinayak Drug Agency,1,154.73
2026-03-09,BR001,MED071,BAT021005,2028-10-22,Pioneer Healthcare Distributors,15,22.39
2026-03-09,BR001,MED092,BAT021008,2028-08-25,Bhiwandi Drug Depot,16,17.77
2026-03-09,BR001,MED155,BAT020997,2027-02-20,Lifeline Medico Distributors,1,35.22
2026-03-09,BR001,MED269,BAT020988,2028-12-18,Dadar Wholesale Drugs,106,33.54
2026-03-09,BR001,MED319,BAT021011,2027-09-13,Navkar Pharma Agency,91,150.31
2026-03-09,BR002,MED006,BAT020981,2027-01-24,Lifeline Medico Distributors,5,36.35
2026-03-09,BR002,MED014,BAT021017,2028-08-05,Jai Hind Medical Agencies,59,103.96
2026-03-09,BR002,MED027,BAT021003,2026-09-11,Siddhivinayak Drug Agency,1,154.73
2026-03-09,BR002,MED071,BAT021005,2028-10-22,Pioneer Healthcare Distributors,4,22.39
2026-03-09,BR002,MED092,BAT021008,2028-08-25,Bhiwandi Drug Depot,4,17.77
2026-03-09,BR002,MED142,BAT020985,2026-07-01,Mira Road Drug House,31,34.99
2026-03-09,BR002,MED155,BAT020997,2027-02-20,Lifeline Medico Distributors,1,35.22
2026-03-09,BR003,MED006,BAT020981,2027-01-24,Lifeline Medico Distributors,6,36.35
2026-03-09,BR003,MED014,BAT021002,2029-01-19,Jai Hind Medical Agencies,66,93.8
2026-03-09,BR003,MED027,BAT021003,2026-09-11,Siddhivinayak Drug Agency,12,154.73
2026-03-09,BR003,MED034,BAT021004,2028-08-11,Konkan Healthcare Traders,73,39.13
2026-03-09,BR003,MED071,BAT021005,2028-10-22,Pioneer Healthcare Distributors,6,22.39
2026-03-09,BR003,MED092,BAT021008,2028-08-25,Bhiwandi Drug Depot,6,17.77
2026-03-09,BR003,MED152,BAT020986,2026-07-14,Lifeline Medico Distributors,22,37.68
2026-03-09,BR003,MED155,BAT020997,2027-02-20,Lifeline Medico Distributors,1,35.22
2026-03-09,BR003,MED269,BAT021021,2029-01-12,Sahyadri Pharma Distributors,125,33.12
2026-03-10,BR001,MED004,BAT021053,2027-10-25,Deccan Drug House,1,81.02
2026-03-10,BR001,MED010,BAT021087,2028-10-21,Sai Pharma Distributors,6,42.66
2026-03-10,BR001,MED024,BAT021054,2028-01-13,Om Sai Medicorp,23,80.98
2026-03-10,BR001,MED029,BAT021043,2027-08-02,Ulhasnagar Drug Centre,15,29.29
2026-03-10,BR001,MED063,BAT021069,2026-03-30,Chembur Pharma Depot,21,31.07
2026-03-10,BR001,MED097,BAT021045,2026-06-09,Chembur Pharma Depot,17,89.2
2026-03-10,BR001,MED106,BAT021057,2028-02-22,Deccan Drug House,2,181.22
2026-03-10,BR001,MED120,BAT021072,2027-07-17,Om Sai Medicorp,6,91.17
2026-03-10,BR001,MED152,BAT021031,2026-08-20,Maharashtra Pharma Link,20,36.44
2026-03-10,BR001,MED339,BAT021032,2028-07-27,Pioneer Healthcare Distributors,6,124.57
2026-03-10,BR001,MED480,BAT021029,2028-07-24,Panvel Pharma Supplies,1,48.67
2026-03-10,BR002,MED004,BAT021053,2027-10-25,Deccan Drug House,1,81.02
2026-03-10,BR002,MED010,BAT021087,2028-10-21,Sai Pharma Distributors,5,42.66
2026-03-10,BR002,MED029,BAT021043,2027-08-02,Ulhasnagar Drug Centre,4,29.29
2026-03-10,BR002,MED106,BAT021057,2028-02-22,Deccan Drug House,1,181.22
2026-03-10,BR002,MED120,BAT021072,2027-07-17,Om Sai Medicorp,5,91.17
2026-03-10,BR002,MED173,BAT021060,2028-08-17,Vashi Pharma Hub,114,16.42
2026-03-10,BR002,MED278,BAT021037,2029-02-06,Bombay Medi Supply,20,5.99
2026-03-10,BR002,MED339,BAT021032,2028-07-27,Pioneer Healthcare Distributors,15,124.57
2026-03-10,BR002,MED480,BAT021029,2028-07-24,Panvel Pharma Supplies,1,48.67
2026-03-10,BR003,MED004,BAT021053,2027-10-25,Deccan Drug House,1,81.02
2026-03-10,BR003,MED010,BAT021087,2028-10-21,Sai Pharma Distributors,13,42.66
2026-03-10,BR003,MED029,BAT021043,2027-08-02,Ulhasnagar Drug Centre,6,29.29
2026-03-10,BR003,MED063,BAT021033,2026-08-03,Lifeline Medico Distributors,20,25.82
2026-03-10,BR003,MED097,BAT021056,2026-05-01,Chembur Pharma Depot,17,78.91
2026-03-10,BR003,MED106,BAT021057,2028-02-22,Deccan Drug House,2,181.22
2026-03-10,BR003,MED120,BAT021072,2027-07-17,Om Sai Medicorp,12,91.17
2026-03-10,BR003,MED142,BAT021047,2028-08-06,Bombay Medi Supply,41,45.71
2026-03-10,BR003,MED241,BAT021094,2026-10-18,Konkan Healthcare Traders,37,18.53
2026-03-10,BR003,MED280,BAT021078,2028-12-28,Navkar Pharma Agency,23,7.01
2026-03-10,BR003,MED339,BAT021032,2028-07-27,Pioneer Healthcare Distributors,5,124.57
2026-03-10,BR003,MED411,BAT021051,2027-04-20,Siddhivinayak Drug Agency,16,97.26
2026-03-10,BR003,MED470,BAT021086,2027-09-23,Navkar Pharma Agency,21,24.0
2026-03-10,BR003,MED480,BAT021029,2028-07-24,Panvel Pharma Supplies,1,48.67
2026-03-11,BR001,MED033,BAT021112,2027-08-17,Pioneer Healthcare Distributors,100,37.37
2026-03-11,BR001,MED072,BAT021140,2028-09-18,Sai Pharma Distributors,12,22.56
2026-03-11,BR001,MED142,BAT021105,2028-10-08,Bombay Medi Supply,43,41.39
2026-03-11,BR001,MED205,BAT021107,2026-05-03,Western Drugs & Surgicals,13,37.21
2026-03-11,BR001,MED205,BAT021119,2028-10-25,Western Drugs & Surgicals,1,39.64
2026-03-11,BR001,MED294,BAT021121,2028-11-03,Om Sai Medicorp,13,77.72
2026-03-11,BR002,MED015,BAT021099,2026-09-15,Kalyan Medical Stores,32,90.58
2026-03-11,BR002,MED033,BAT021134,2028-01-07,Pioneer Healthcare Distributors,66,44.51
2026-03-11,BR002,MED072,BAT021140,2028-09-18,Sai Pharma Distributors,5,22.56
2026-03-11,BR002,MED205,BAT021107,2026-05-03,Western Drugs & Surgicals,1,37.21
2026-03-11,BR002,MED205,BAT021119,2028-10-25,Western Drugs & Surgicals,1,39.64
2026-03-11,BR002,MED294,BAT021121,2028-11-03,Om Sai Medicorp,5,77.72
2026-03-11,BR003,MED013,BAT021098,2028-07-30,Ulhasnagar Drug Centre,66,22.99
2026-03-11,BR003,MED033,BAT021134,2028-01-07,Pioneer Healthcare Distributors,89,44.51
2026-03-11,BR003,MED072,BAT021140,2028-09-18,Sai Pharma Distributors,7,22.56
2026-03-11,BR003,MED205,BAT021107,2026-05-03,Western Drugs & Surgicals,1,37.21
2026-03-11,BR003,MED205,BAT021119,2028-10-25,Western Drugs & Surgicals,14,39.64
2026-03-11,BR003,MED294,BAT021121,2028-11-03,Om Sai Medicorp,6,77.72
2026-03-11,BR003,MED299,BAT021108,2028-08-11,Bombay Medi Supply,115,66.57
2026-03-12,BR001,MED027,BAT021155,2027-08-08,Siddhivinayak Drug Agency,14,142.08
2026-03-12,BR001,MED035,BAT021176,2026-09-17,Vasai Virar Medico,1,17.02
2026-03-12,BR001,MED038,BAT021177,2028-08-23,Pioneer Healthcare Distributors,1,72.95
2026-03-12,BR001,MED098,BAT021158,2027-09-13,Bhiwandi Drug Depot,1,80.35
2026-03-12,BR001,MED196,BAT021159,2028-09-16,Lifeline Medico Distributors,7,54.87
2026-03-12,BR001,MED204,BAT021164,2026-05-23,Panvel Pharma Supplies,6,140.46
2026-03-12,BR001,MED262,BAT021170,2028-09-20,Arihant Pharma Traders,5,37.77
2026-03-12,BR001,MED341,BAT021179,2028-12-03,Om Sai Medicorp,14,120.98
2026-03-12,BR001,MED411,BAT021153,2027-07-08,Ulhasnagar Drug Centre,20,98.39
2026-03-12,BR001,MED459,BAT021162,2027-11-21,Deccan Drug House,79,30.21
2026-03-12,BR002,MED035,BAT021176,2026-09-17,Vasai Virar Medico,14,17.02
2026-03-12,BR002,MED038,BAT021177,2028-08-23,Pioneer Healthcare Distributors,1,72.95
2026-03-12,BR002,MED098,BAT021158,2027-09-13,Bhiwandi Drug Depot,1,80.35
2026-03-12,BR002,MED196,BAT021159,2028-09-16,Lifeline Medico Distributors,5,54.87
2026-03-12,BR002,MED204,BAT021164,2026-05-23,Panvel Pharma Supplies,13,140.46
2026-03-12,BR002,MED262,BAT021170,2028-09-20,Arihant Pharma Traders,4,37.77
2026-03-12,BR003,MED030,BAT021149,2028-11-21,Malad Healthcare Supply,24,50.36
2026-03-12,BR003,MED035,BAT021176,2026-09-17,Vasai Virar Medico,1,17.02
2026-03-12,BR003,MED038,BAT021177,2028-08-23,Pioneer Healthcare Distributors,12,72.95
2026-03-12,BR003,MED098,BAT021158,2027-09-13,Bhiwandi Drug Depot,14,80.35
2026-03-12,BR003,MED196,BAT021159,2028-09-16,Lifeline Medico Distributors,7,54.87
2026-03-12,BR003,MED204,BAT021164,2026-05-23,Panvel Pharma Supplies,6,140.46
2026-03-12,BR003,MED262,BAT021170,2028-09-20,Arihant Pharma Traders,19,37.77
2026-03-12,BR003,MED319,BAT021173,2027-09-05,Navkar Pharma Agency,93,170.73
2026-03-13,BR001,MED044,BAT021223,2028-09-15,Jai Hind Medical Agencies,5,276.85
2026-03-13,BR001,MED073,BAT021185,2026-09-20,Goregaon Medi Wholesale,25,28.8
2026-03-13,BR001,MED098,BAT021211,2027-10-31,Om Sai Medicorp,1,98.47
2026-03-13,BR001,MED159,BAT021186,2026-11-22,Malad Healthcare Supply,17,42.05
2026-03-13,BR001,MED161,BAT021206,2026-07-24,Chembur Pharma Depot,7,48.16
2026-03-13,BR001,MED440,BAT021195,2027-02-04,Maharashtra Pharma Link,6,120.87
2026-03-13,BR001,MED463,BAT021226,2027-12-27,Thane Medico Traders,1,20.2
2026-03-13,BR001,MED488,BAT021197,2026-07-17,Neelkanth Pharma Link,12,109.95
2026-03-13,BR002,MED001,BAT021218,2028-12-31,Sai Pharma Distributors,65,17.45
2026-03-13,BR002,MED044,BAT021223,2028-09-15,Jai Hind Medical Agencies,4,276.85
2026-03-13,BR002,MED098,BAT021211,2027-10-31,Om Sai Medicorp,1,98.47
2026-03-13,BR002,MED161,BAT021206,2026-07-24,Chembur Pharma Depot,9,48.16
2026-03-13,BR002,MED440,BAT021195,2027-02-04,Maharashtra Pharma Link,4,120.87
2026-03-13,BR002,MED459,BAT021216,2027-12-07,Navkar Pharma Agency,56,34.5
2026-03-13,BR002,MED463,BAT021226,2027-12-27,Thane Medico Traders,1,20.2
2026-03-13,BR002,MED488,BAT021197,2026-07-17,Neelkanth Pharma Link,5,109.95
2026-03-13,BR003,MED043,BAT021201,2027-11-23,Vashi Pharma Hub,64,105.8
2026-03-13,BR003,MED044,BAT021223,2028-09-15,Jai Hind Medical Agencies,5,276.85
2026-03-13,BR003,MED098,BAT021211,2027-10-31,Om Sai Medicorp,1,98.47
2026-03-13,BR003,MED155,BAT021190,2026-05-27,Lifeline Medico Distributors,19,34.7
2026-03-13,BR003,MED161,BAT021206,2026-07-24,Chembur Pharma Depot,7,48.16
2026-03-13,BR003,MED440,BAT021195,2027-02-04,Maharashtra Pharma Link,5,120.87
2026-03-13,BR003,MED463,BAT021226,2027-12-27,Thane Medico Traders,14,20.2
2026-03-13,BR003,MED488,BAT021197,2026-07-17,Neelkanth Pharma Link,6,109.95
2026-03-14,BR001,MED022,BAT021228,2027-10-28,Apex Pharma Wholesale,2,57.95
2026-03-14,BR001,MED101,BAT021245,2027-11-15,Om Sai Medicorp,7,151.94
2026-03-14,BR001,MED311,BAT021256,2028-08-24,Om Sai Medicorp,35,61.69
2026-03-14,BR001,MED470,BAT021260,2027-07-17,Navkar Pharma Agency,17,25.48
2026-03-14,BR001,MED480,BAT021234,2026-07-28,Panvel Pharma Supplies,1,53.85
2026-03-14,BR002,MED022,BAT021228,2027-10-28,Apex Pharma Wholesale,8,57.95
2026-03-14,BR002,MED073,BAT021251,2028-12-14,Sahyadri Pharma Distributors,18,32.4
2026-03-14,BR002,MED101,BAT021245,2027-11-15,Om Sai Medicorp,5,151.94
2026-03-14,BR002,MED284,BAT021261,2027-09-15,Sahyadri Pharma Distributors,30,81.48
2026-03-14,BR002,MED299,BAT021227,2029-02-09,Bombay Medi Supply,92,66.85
2026-03-14,BR002,MED480,BAT021234,2026-07-28,Panvel Pharma Supplies,10,53.85
2026-03-14,BR003,MED015,BAT021235,2027-03-15,Western Drugs & Surgicals,37,92.3
2026-03-14,BR003,MED022,BAT021228,2027-10-28,Apex Pharma Wholesale,2,57.95
2026-03-14,BR003,MED101,BAT021245,2027-11-15,Om Sai Medicorp,11,151.94
2026-03-14,BR003,MED130,BAT021229,2028-10-26,Goregaon Medi Wholesale,25,48.33
2026-03-14,BR003,MED284,BAT021248,2028-02-12,Siddhivinayak Drug Agency,32,84.96
2026-03-14,BR003,MED480,BAT021234,2026-07-28,Panvel Pharma Supplies,1,53.85
2026-03-15,BR001,MED007,BAT021297,2028-07-20,Apex Pharma Wholesale,107,16.37
2026-03-15,BR001,MED011,BAT021276,2028-10-06,Siddhivinayak Drug Agency,188,29.31
2026-03-15,BR001,MED025,BAT021269,2029-01-13,Siddhivinayak Drug Agency,1,39.32
2026-03-15,BR001,MED034,BAT021309,2028-09-13,Konkan Healthcare Traders,80,32.75
2026-03-15,BR001,MED036,BAT021310,2028-10-22,Konkan Healthcare Traders,7,24.0
2026-03-15,BR001,MED043,BAT021278,2027-12-27,Navkar Pharma Agency,56,113.25
2026-03-15,BR001,MED055,BAT021265,2026-09-29,Mira Road Drug House,7,134.27
2026-03-15,BR001,MED155,BAT021279,2026-08-24,Lifeline Medico Distributors,1,31.37
2026-03-15,BR001,MED205,BAT021298,2028-10-19,Mahalaxmi Pharma Agencies,1,38.29
2026-03-15,BR001,MED381,BAT021267,2026-05-25,Neelkanth Pharma Link,117,121.09
2026-03-15,BR002,MED025,BAT021269,2029-01-13,Siddhivinayak Drug Agency,1,39.32
2026-03-15,BR002,MED036,BAT021310,2028-10-22,Konkan Healthcare Traders,9,24.0
2026-03-15,BR002,MED043,BAT021278,2027-12-27,Navkar Pharma Agency,48,113.25
2026-03-15,BR002,MED055,BAT021265,2026-09-29,Mira Road Drug House,5,134.27
2026-03-15,BR002,MED152,BAT021271,2027-01-13,Maharashtra Pharma Link,16,32.91
2026-03-15,BR002,MED155,BAT021279,2026-08-24,Lifeline Medico Distributors,12,31.37
2026-03-15,BR002,MED205,BAT021298,2028-10-19,Mahalaxmi Pharma Agencies,1,38.29
2026-03-15,BR002,MED280,BAT021303,2029-02-25,Navkar Pharma Agency,18,7.3
2026-03-15,BR002,MED283,BAT021266,2028-02-06,Neelkanth Pharma Link,35,83.07
2026-03-15,BR003,MED025,BAT021269,2029-01-13,Siddhivinayak Drug Agency,1,39.32
2026-03-15,BR003,MED036,BAT021310,2028-10-22,Konkan Healthcare Traders,7,24.0
2026-03-15,BR003,MED055,BAT021265,2026-09-29,Mira Road Drug House,12,134.27
2026-03-15,BR003,MED155,BAT021279,2026-08-24,Lifeline Medico Distributors,1,31.37
2026-03-15,BR003,MED205,BAT021298,2028-10-19,Mahalaxmi Pharma Agencies,1,38.29
2026-03-16,BR001,MED009,BAT021348,2027-09-17,Konkan Healthcare Traders,79,56.58
2026-03-16,BR001,MED020,BAT021349,2027-03-02,Shree Ganesh Medico,20,107.39
2026-03-16,BR001,MED022,BAT021337,2028-02-15,Apex Pharma Wholesale,2,58.27
2026-03-16,BR001,MED082,BAT021351,2029-01-08,Om Sai Medicorp,49,58.82
2026-03-16,BR001,MED150,BAT021325,2028-12-16,Ulhasnagar Drug Centre,15,20.07
2026-03-16,BR001,MED321,BAT021355,2027-12-24,Sahyadri Pharma Distributors,5,147.65
2026-03-16,BR001,MED341,BAT021328,2028-07-24,Om Sai Medicorp,1,132.67
2026-03-16,BR001,MED470,BAT021357,2027-09-21,Navkar Pharma Agency,1,28.63
2026-03-16,BR001,MED498,BAT021336,2027-03-24,Panvel Pharma Supplies,7,113.74
2026-03-16,BR002,MED020,BAT021349,2027-03-02,Shree Ganesh Medico,3,107.39
2026-03-16,BR002,MED022,BAT021337,2028-02-15,Apex Pharma Wholesale,2,58.27
2026-03-16,BR002,MED150,BAT021325,2028-12-16,Ulhasnagar Drug Centre,4,20.07
2026-03-16,BR002,MED321,BAT021355,2027-12-24,Sahyadri Pharma Distributors,5,147.65
2026-03-16,BR002,MED341,BAT021328,2028-07-24,Om Sai Medicorp,1,132.67
2026-03-16,BR002,MED470,BAT021357,2027-09-21,Navkar Pharma Agency,14,28.63
2026-03-16,BR002,MED498,BAT021336,2027-03-24,Panvel Pharma Supplies,5,113.74
2026-03-16,BR003,MED009,BAT021348,2027-09-17,Konkan Healthcare Traders,77,56.58
2026-03-16,BR003,MED020,BAT021349,2027-03-02,Shree Ganesh Medico,4,107.39
2026-03-16,BR003,MED022,BAT021337,2028-02-15,Apex Pharma Wholesale,2,58.27
2026-03-16,BR003,MED150,BAT021325,2028-12-16,Ulhasnagar Drug Centre,6,20.07
2026-03-16,BR003,MED321,BAT021355,2027-12-24,Sahyadri Pharma Distributors,16,147.65
2026-03-16,BR003,MED341,BAT021328,2028-07-24,Om Sai Medicorp,1,132.67
2026-03-16,BR003,MED470,BAT021357,2027-09-21,Navkar Pharma Agency,1,28.63
2026-03-16,BR003,MED498,BAT021336,2027-03-24,Panvel Pharma Supplies,7,113.74
2026-03-17,BR001,MED130,BAT021401,2026-05-14,Goregaon Medi Wholesale,29,50.07
2026-03-17,BR001,MED155,BAT021379,2027-02-22,Lifeline Medico Distributors,18,34.61
2026-03-17,BR001,MED187,BAT021381,2029-02-20,Panvel Pharma Supplies,6,148.4
2026-03-17,BR001,MED280,BAT021408,2028-12-28,Navkar Pharma Agency,24,7.4
2026-03-17,BR001,MED336,BAT021386,2029-02-06,Arihant Pharma Traders,12,125.92
2026-03-17,BR001,MED467,BAT021395,2028-02-27,Apex Pharma Wholesale,6,27.83
2026-03-17,BR001,MED493,BAT021361,2029-01-26,Vasai Virar Medico,6,134.54
2026-03-17,BR002,MED031,BAT021375,2026-05-29,Mira Road Drug House,35,143.79
2026-03-17,BR002,MED082,BAT021376,2028-08-26,Bhiwandi Drug Depot,37,62.95
2026-03-17,BR002,MED098,BAT021399,2028-02-01,Bhiwandi Drug Depot,10,82.82
2026-03-17,BR002,MED187,BAT021381,2029-02-20,Panvel Pharma Supplies,5,148.4
2026-03-17,BR002,MED336,BAT021386,2029-02-06,Arihant Pharma Traders,5,125.92
2026-03-17,BR002,MED445,BAT021392,2027-12-10,Navkar Pharma Agency,19,98.25
2026-03-17,BR002,MED467,BAT021395,2028-02-27,Apex Pharma Wholesale,4,27.83
2026-03-17,BR002,MED493,BAT021361,2029-01-26,Vasai Virar Medico,5,134.54
2026-03-17,BR003,MED187,BAT021381,2029-02-20,Panvel Pharma Supplies,6,148.4
2026-03-17,BR003,MED336,BAT021386,2029-02-06,Arihant Pharma Traders,6,125.92
2026-03-17,BR003,MED459,BAT021412,2026-04-13,Deccan Drug House,80,34.01
2026-03-17,BR003,MED467,BAT021395,2028-02-27,Apex Pharma Wholesale,6,27.83
2026-03-17,BR003,MED493,BAT021361,2029-01-26,Vasai Virar Medico,13,134.54
2026-03-18,BR001,MED005,BAT021427,2026-04-16,Mira Road Drug House,78,22.35
2026-03-18,BR001,MED013,BAT021439,2028-09-01,Ulhasnagar Drug Centre,66,25.55
2026-03-18,BR001,MED017,BAT021422,2026-04-30,Mira Road Drug House,55,21.84
2026-03-18,BR001,MED173,BAT021471,2028-12-17,Shree Ganesh Medico,151,17.58
2026-03-18,BR001,MED277,BAT021464,2028-08-13,Pioneer Healthcare Distributors,6,7.45
2026-03-18,BR001,MED444,BAT021478,2026-08-18,Thane Medico Traders,1,95.86
2026-03-18,BR001,MED464,BAT021479,2028-01-11,Mahalaxmi Pharma Agencies,7,20.55
2026-03-18,BR001,MED483,BAT021436,2027-05-08,Lifeline Medico Distributors,1,62.39
2026-03-18,BR002,MED005,BAT021427,2026-04-16,Mira Road Drug House,53,22.35
2026-03-18,BR002,MED040,BAT021441,2027-11-06,Neelkanth Pharma Link,26,140.94
2026-03-18,BR002,MED069,BAT021442,2028-10-09,Chembur Pharma Depot,18,21.88
2026-03-18,BR002,MED269,BAT021449,2026-07-16,Dadar Wholesale Drugs,109,32.88
2026-03-18,BR002,MED277,BAT021464,2028-08-13,Pioneer Healthcare Distributors,5,7.45
2026-03-18,BR002,MED444,BAT021478,2026-08-18,Thane Medico Traders,13,95.86
2026-03-18,BR002,MED464,BAT021479,2028-01-11,Mahalaxmi Pharma Agencies,9,20.55
2026-03-18,BR002,MED483,BAT021436,2027-05-08,Lifeline Medico Distributors,1,62.39
2026-03-18,BR003,MED001,BAT021468,2029-02-28,Sai Pharma Distributors,86,19.34
2026-03-18,BR003,MED005,BAT021438,2029-01-13,Mira Road Drug House,79,23.19
2026-03-18,BR003,MED069,BAT021442,2028-10-09,Chembur Pharma Depot,22,21.88
2026-03-18,BR003,MED277,BAT021464,2028-08-13,Pioneer Healthcare Distributors,6,7.45
2026-03-18,BR003,MED444,BAT021478,2026-08-18,Thane Medico Traders,1,95.86
2026-03-18,BR003,MED464,BAT021479,2028-01-11,Mahalaxmi Pharma Agencies,7,20.55
2026-03-18,BR003,MED483,BAT021436,2027-05-08,Lifeline Medico Distributors,1,62.39
2026-03-19,BR001,MED015,BAT021490,2027-04-30,Western Drugs & Surgicals,46,87.36
2026-03-19,BR001,MED030,BAT021491,2028-10-08,Malad Healthcare Supply,26,50.62
2026-03-19,BR001,MED038,BAT021492,2028-08-06,Neelkanth Pharma Link,1,58.15
2026-03-19,BR001,MED091,BAT021480,2029-01-01,Goregaon Medi Wholesale,48,20.36
2026-03-19,BR001,MED092,BAT021512,2029-03-05,Apex Pharma Wholesale,6,21.79
2026-03-19,BR001,MED115,BAT021495,2027-07-23,Siddhivinayak Drug Agency,12,117.2
2026-03-19,BR001,MED299,BAT021482,2029-02-26,Bombay Medi Supply,107,64.17
2026-03-19,BR001,MED405,BAT021509,2028-09-25,Arihant Pharma Traders,6,351.97
2026-03-19,BR001,MED443,BAT021503,2027-07-29,Ulhasnagar Drug Centre,28,103.04
2026-03-19,BR001,MED444,BAT021517,2026-07-04,Thane Medico Traders,1,85.34
2026-03-19,BR002,MED038,BAT021492,2028-08-06,Neelkanth Pharma Link,1,58.15
2026-03-19,BR002,MED092,BAT021512,2029-03-05,Apex Pharma Wholesale,5,21.79
2026-03-19,BR002,MED115,BAT021495,2027-07-23,Siddhivinayak Drug Agency,5,117.2
2026-03-19,BR002,MED405,BAT021509,2028-09-25,Arihant Pharma Traders,5,351.97
2026-03-19,BR002,MED444,BAT021517,2026-07-04,Thane Medico Traders,1,85.34
2026-03-19,BR003,MED038,BAT021492,2028-08-06,Neelkanth Pharma Link,1,58.15
2026-03-19,BR003,MED092,BAT021512,2029-03-05,Apex Pharma Wholesale,14,21.79
2026-03-19,BR003,MED115,BAT021495,2027-07-23,Siddhivinayak Drug Agency,6,117.2
2026-03-19,BR003,MED186,BAT021498,2028-12-05,Mira Road Drug House,32,174.73
2026-03-19,BR003,MED381,BAT021502,2027-09-20,Neelkanth Pharma Link,140,119.69
2026-03-19,BR003,MED405,BAT021509,2028-09-25,Arihant Pharma Traders,15,351.97
2026-03-19,BR003,MED444,BAT021517,2026-07-04,Thane Medico Traders,1,85.34
2026-03-20,BR001,MED014,BAT021556,2029-03-02,Jai Hind Medical Agencies,68,102.44
2026-03-20,BR001,MED022,BAT021530,2027-09-28,Apex Pharma Wholesale,1,47.81
2026-03-20,BR001,MED038,BAT021549,2029-02-13,Arihant Pharma Traders,1,72.44
2026-03-20,BR001,MED269,BAT021537,2028-12-05,Dadar Wholesale Drugs,116,32.68
2026-03-20,BR001,MED334,BAT021559,2028-09-20,Sahyadri Pharma Distributors,6,102.76
2026-03-20,BR001,MED339,BAT021553,2028-12-25,Om Sai Medicorp,16,130.04
2026-03-20,BR001,MED422,BAT021542,2027-12-21,Siddhivinayak Drug Agency,8,135.14
2026-03-20,BR002,MED013,BAT021519,2028-09-15,Ulhasnagar Drug Centre,62,26.38
2026-03-20,BR002,MED022,BAT021530,2027-09-28,Apex Pharma Wholesale,1,47.81
2026-03-20,BR002,MED038,BAT021549,2029-02-13,Arihant Pharma Traders,1,72.44
2026-03-20,BR002,MED334,BAT021559,2028-09-20,Sahyadri Pharma Distributors,5,102.76
2026-03-20,BR002,MED339,BAT021553,2028-12-25,Om Sai Medicorp,5,130.04
2026-03-20,BR002,MED422,BAT021542,2027-12-21,Siddhivinayak Drug Agency,5,135.14
2026-03-20,BR003,MED022,BAT021530,2027-09-28,Apex Pharma Wholesale,10,47.81
2026-03-20,BR003,MED031,BAT021531,2026-07-03,Mira Road Drug House,42,131.34
2026-03-20,BR003,MED038,BAT021549,2029-02-13,Arihant Pharma Traders,1,72.44
2026-03-20,BR003,MED073,BAT021557,2028-11-02,Sahyadri Pharma Distributors,27,28.24
2026-03-20,BR003,MED082,BAT021543,2028-11-22,Bhiwandi Drug Depot,45,63.09
2026-03-20,BR003,MED278,BAT021552,2028-10-05,Arihant Pharma Traders,22,7.36
2026-03-20,BR003,MED311,BAT021526,2028-11-09,Neelkanth Pharma Link,39,66.63
2026-03-20,BR003,MED334,BAT021559,2028-09-20,Sahyadri Pharma Distributors,14,102.76
2026-03-20,BR003,MED339,BAT021553,2028-12-25,Om Sai Medicorp,5,130.04
2026-03-20,BR003,MED422,BAT021542,2027-12-21,Siddhivinayak Drug Agency,7,135.14
2026-03-21,BR001,MED006,BAT021564,2026-06-17,Lifeline Medico Distributors,14,35.23
2026-03-21,BR001,MED027,BAT021570,2027-12-01,Siddhivinayak Drug Agency,1,167.48
2026-03-21,BR001,MED031,BAT021597,2027-09-30,Thane Medico Traders,45,135.79
2026-03-21,BR001,MED038,BAT021599,2028-09-29,Arihant Pharma Traders,1,58.66
2026-03-21,BR001,MED179,BAT021577,2028-08-31,Mira Road Drug House,18,9.39
2026-03-21,BR001,MED205,BAT021590,2028-11-16,Western Drugs & Surgicals,13,38.5
2026-03-21,BR001,MED445,BAT021584,2027-11-14,Navkar Pharma Agency,18,82.72
2026-03-21,BR001,MED451,BAT021595,2028-01-02,Navkar Pharma Agency,10,52.57
2026-03-21,BR001,MED490,BAT021576,2026-04-11,Lifeline Medico Distributors,2,46.48
2026-03-21,BR002,MED006,BAT021564,2026-06-17,Lifeline Medico Distributors,5,35.23
2026-03-21,BR002,MED009,BAT021585,2027-08-25,Konkan Healthcare Traders,57,53.38
2026-03-21,BR002,MED027,BAT021570,2027-12-01,Siddhivinayak Drug Agency,1,167.48
2026-03-21,BR002,MED038,BAT021599,2028-09-29,Arihant Pharma Traders,14,58.66
2026-03-21,BR002,MED179,BAT021577,2028-08-31,Mira Road Drug House,4,9.39
2026-03-21,BR002,MED205,BAT021590,2028-11-16,Western Drugs & Surgicals,1,38.5
2026-03-21,BR002,MED241,BAT021608,2026-08-06,Konkan Healthcare Traders,27,15.38
2026-03-21,BR002,MED247,BAT021600,2027-11-18,Sai Pharma Distributors,17,53.56
2026-03-21,BR002,MED451,BAT021595,2028-01-02,Navkar Pharma Agency,5,52.57
2026-03-21,BR002,MED490,BAT021576,2026-04-11,Lifeline Medico Distributors,1,46.48
2026-03-21,BR003,MED006,BAT021564,2026-06-17,Lifeline Medico Distributors,6,35.23
2026-03-21,BR003,MED027,BAT021570,2027-12-01,Siddhivinayak Drug Agency,1,167.48
2026-03-21,BR003,MED038,BAT021599,2028-09-29,Arihant Pharma Traders,1,58.66
2026-03-21,BR003,MED155,BAT021573,2026-08-19,Lifeline Medico Distributors,15,35.61
2026-03-21,BR003,MED179,BAT021577,2028-08-31,Mira Road Drug House,5,9.39
2026-03-21,BR003,MED205,BAT021590,2028-11-16,Western Drugs & Surgicals,1,38.5
2026-03-21,BR003,MED257,BAT021601,2028-08-04,Om Sai Medicorp,31,25.14
2026-03-21,BR003,MED451,BAT021595,2028-01-02,Navkar Pharma Agency,10,52.57
2026-03-21,BR003,MED490,BAT021576,2026-04-11,Lifeline Medico Distributors,2,46.48
2026-03-22,BR001,MED021,BAT021629,2028-08-25,Dadar Wholesale Drugs,21,23.84
2026-03-22,BR001,MED027,BAT021630,2027-12-04,Siddhivinayak Drug Agency,2,147.65
2026-03-22,BR001,MED044,BAT021664,2026-05-17,Jai Hind Medical Agencies,6,296.82
2026-03-22,BR001,MED417,BAT021661,2027-07-27,Vashi Pharma Hub,7,84.41
2026-03-22,BR002,MED027,BAT021630,2027-12-04,Siddhivinayak Drug Agency,9,147.65
2026-03-22,BR002,MED044,BAT021664,2026-05-17,Jai Hind Medical Agencies,15,296.82
2026-03-22,BR002,MED063,BAT021656,2028-07-25,Konkan Healthcare Traders,15,28.14
2026-03-22,BR002,MED091,BAT021623,2029-01-13,Goregaon Medi Wholesale,37,17.69
2026-03-22,BR002,MED319,BAT021641,2026-06-14,Navkar Pharma Agency,83,167.96
2026-03-22,BR002,MED417,BAT021661,2027-07-27,Vashi Pharma Hub,5,84.41
2026-03-22,BR002,MED443,BAT021622,2027-10-27,Ulhasnagar Drug Centre,19,90.91
2026-03-22,BR003,MED007,BAT021628,2028-10-24,Apex Pharma Wholesale,99,19.13
2026-03-22,BR003,MED015,BAT021663,2027-08-04,Jai Hind Medical Agencies,45,90.67
2026-03-22,BR003,MED027,BAT021630,2027-12-04,Siddhivinayak Drug Agency,2,147.65
2026-03-22,BR003,MED044,BAT021664,2026-05-17,Jai Hind Medical Agencies,5,296.82
2026-03-22,BR003,MED247,BAT021666,2027-10-29,Konkan Healthcare Traders,28,49.45
2026-03-22,BR003,MED269,BAT021651,2029-02-18,Sahyadri Pharma Distributors,109,33.1
2026-03-22,BR003,MED283,BAT021639,2027-07-28,Neelkanth Pharma Link,37,81.84
2026-03-22,BR003,MED341,BAT021652,2028-12-01,Om Sai Medicorp,15,138.4
2026-03-22,BR003,MED417,BAT021661,2027-07-27,Vashi Pharma Hub,6,84.41
2026-03-23,BR001,MED002,BAT021677,2028-08-23,Dadar Wholesale Drugs,16,28.83
2026-03-23,BR001,MED019,BAT021673,2027-03-29,Mira Road Drug House,16,59.38
2026-03-23,BR001,MED027,BAT021670,2027-09-25,Siddhivinayak Drug Agency,2,149.38
2026-03-23,BR001,MED038,BAT021717,2028-11-17,Arihant Pharma Traders,15,67.07
2026-03-23,BR001,MED073,BAT021705,2026-05-05,Goregaon Medi Wholesale,26,28.84
2026-03-23,BR001,MED155,BAT021674,2026-11-12,Lifeline Medico Distributors,1,33.52
2026-03-23,BR001,MED268,BAT021669,2028-07-29,Sahyadri Pharma Distributors,7,38.29
2026-03-23,BR001,MED487,BAT021702,2026-09-30,Dadar Wholesale Drugs,6,116.63
2026-03-23,BR002,MED007,BAT021672,2028-09-11,Malad Healthcare Supply,72,18.24
2026-03-23,BR002,MED024,BAT021678,2027-12-29,Bhiwandi Drug Depot,18,88.64
2026-03-23,BR002,MED027,BAT021670,2027-09-25,Siddhivinayak Drug Agency,1,149.38
2026-03-23,BR002,MED030,BAT021687,2028-10-26,Malad Healthcare Supply,17,44.22
2026-03-23,BR002,MED155,BAT021674,2026-11-12,Lifeline Medico Distributors,12,33.52
2026-03-23,BR002,MED268,BAT021669,2028-07-29,Sahyadri Pharma Distributors,6,38.29
2026-03-23,BR002,MED411,BAT021699,2027-06-13,Siddhivinayak Drug Agency,14,112.02
2026-03-23,BR002,MED487,BAT021702,2026-09-30,Dadar Wholesale Drugs,5,116.63
2026-03-23,BR003,MED027,BAT021670,2027-09-25,Siddhivinayak Drug Agency,2,149.38
2026-03-23,BR003,MED152,BAT021693,2026-11-06,Maharashtra Pharma Link,20,32.75
2026-03-23,BR003,MED155,BAT021674,2026-11-12,Lifeline Medico Distributors,1,33.52
2026-03-23,BR003,MED268,BAT021669,2028-07-29,Sahyadri Pharma Distributors,6,38.29
2026-03-23,BR003,MED319,BAT021698,2028-02-12,Navkar Pharma Agency,84,169.63
2026-03-23,BR003,MED487,BAT021702,2026-09-30,Dadar Wholesale Drugs,13,116.63
2026-03-24,BR001,MED003,BAT021732,2027-12-22,Bhiwandi Drug Depot,14,74.35
2026-03-24,BR001,MED035,BAT021749,2027-01-17,Vasai Virar Medico,18,14.64
2026-03-24,BR001,MED037,BAT021769,2028-10-14,Pioneer Healthcare Distributors,233,95.13
2026-03-24,BR001,MED098,BAT021742,2027-12-24,Bhiwandi Drug Depot,1,97.52
2026-03-24,BR001,MED106,BAT021754,2027-11-14,Deccan Drug House,13,178.7
2026-03-24,BR001,MED344,BAT021763,2028-08-14,Navkar Pharma Agency,46,51.01
2026-03-24,BR001,MED457,BAT021735,2027-12-19,Panvel Pharma Supplies,7,33.66
2026-03-24,BR002,MED003,BAT021732,2027-12-22,Bhiwandi Drug Depot,1,74.35
2026-03-24,BR002,MED043,BAT021771,2027-12-08,Vashi Pharma Hub,53,121.12
2026-03-24,BR002,MED097,BAT021753,2026-07-04,Chembur Pharma Depot,14,80.13
2026-03-24,BR002,MED098,BAT021742,2027-12-24,Bhiwandi Drug Depot,1,97.52
2026-03-24,BR002,MED106,BAT021754,2027-11-14,Deccan Drug House,1,178.7
2026-03-24,BR002,MED381,BAT021765,2027-08-07,Ulhasnagar Drug Centre,110,120.26
2026-03-24,BR002,MED457,BAT021735,2027-12-19,Panvel Pharma Supplies,9,33.66
2026-03-24,BR003,MED003,BAT021732,2027-12-22,Bhiwandi Drug Depot,1,74.35
2026-03-24,BR003,MED011,BAT021736,2028-08-22,Siddhivinayak Drug Agency,206,24.63
2026-03-24,BR003,MED025,BAT021768,2026-05-06,Deccan Drug House,10,44.33
2026-03-24,BR003,MED040,BAT021770,2027-12-28,Pioneer Healthcare Distributors,30,130.69
2026-03-24,BR003,MED043,BAT021771,2027-12-08,Vashi Pharma Hub,68,121.12
2026-03-24,BR003,MED091,BAT021740,2028-11-12,Goregaon Medi Wholesale,47,17.69
2026-03-24,BR003,MED098,BAT021742,2027-12-24,Bhiwandi Drug Depot,1,97.52
2026-03-24,BR003,MED106,BAT021754,2027-11-14,Deccan Drug House,1,178.7
2026-03-24,BR003,MED344,BAT021781,2029-01-20,Navkar Pharma Agency,51,52.56
2026-03-24,BR003,MED457,BAT021735,2027-12-19,Panvel Pharma Supplies,7,33.66
2026-03-25,BR001,MED027,BAT021797,2027-11-14,Siddhivinayak Drug Agency,12,164.25
2026-03-25,BR001,MED097,BAT021814,2028-01-04,Bhiwandi Drug Depot,21,85.51
2026-03-25,BR001,MED262,BAT021791,2029-03-11,Bombay Medi Supply,5,36.85
2026-03-25,BR001,MED480,BAT021795,2028-08-27,Panvel Pharma Supplies,1,49.65
2026-03-25,BR002,MED011,BAT021810,2028-08-18,Siddhivinayak Drug Agency,181,25.6
2026-03-25,BR002,MED027,BAT021797,2027-11-14,Siddhivinayak Drug Agency,1,164.25
2026-03-25,BR002,MED034,BAT021811,2029-03-06,Western Drugs & Surgicals,62,32.85
2026-03-25,BR002,MED142,BAT021800,2028-09-06,Bombay Medi Supply,34,42.86
2026-03-25,BR002,MED262,BAT021791,2029-03-11,Bombay Medi Supply,4,36.85
2026-03-25,BR002,MED278,BAT021804,2028-09-13,Bombay Medi Supply,20,6.37
2026-03-25,BR002,MED480,BAT021795,2028-08-27,Panvel Pharma Supplies,1,49.65
2026-03-25,BR003,MED027,BAT021797,2027-11-14,Siddhivinayak Drug Agency,1,164.25
2026-03-25,BR003,MED159,BAT021817,2026-12-27,Ulhasnagar Drug Centre,20,42.25
2026-03-25,BR003,MED262,BAT021791,2029-03-11,Bombay Medi Supply,5,36.85
2026-03-25,BR003,MED305,BAT021823,2028-10-05,Navkar Pharma Agency,57,71.68
2026-03-25,BR003,MED480,BAT021795,2028-08-27,Panvel Pharma Supplies,13,49.65
2026-03-26,BR001,MED001,BAT021850,2028-09-24,Goregaon Medi Wholesale,93,20.77
2026-03-26,BR001,MED003,BAT021839,2028-01-10,Om Sai Medicorp,1,69.01
2026-03-26,BR001,MED003,BAT021878,2028-03-06,Om Sai Medicorp,1,75.52
2026-03-26,BR001,MED040,BAT021843,2028-03-09,Neelkanth Pharma Link,31,136.67
2026-03-26,BR001,MED043,BAT021881,2028-02-12,Shree Ganesh Medico,61,114.2
2026-03-26,BR001,MED205,BAT021874,2029-02-20,Arihant Pharma Traders,1,40.62
2026-03-26,BR001,MED278,BAT021885,2028-10-03,Om Sai Medicorp,25,5.87
2026-03-26,BR001,MED315,BAT021876,2027-10-10,Bombay Medi Supply,7,134.08
2026-03-26,BR001,MED459,BAT021891,2027-09-08,Navkar Pharma Agency,72,33.98
2026-03-26,BR002,MED003,BAT021839,2028-01-10,Om Sai Medicorp,1,69.01
2026-03-26,BR002,MED003,BAT021878,2028-03-06,Om Sai Medicorp,12,75.52
2026-03-26,BR002,MED015,BAT021840,2027-08-02,Kalyan Medical Stores,30,96.59
2026-03-26,BR002,MED017,BAT021841,2026-06-25,Mira Road Drug House,42,20.08
2026-03-26,BR002,MED186,BAT021856,2026-06-25,Mira Road Drug House,26,169.67
2026-03-26,BR002,MED205,BAT021874,2029-02-20,Arihant Pharma Traders,10,40.62
2026-03-26,BR002,MED315,BAT021876,2027-10-10,Bombay Medi Supply,6,134.08
2026-03-26,BR002,MED444,BAT021900,2028-02-14,Thane Medico Traders,10,102.64
2026-03-26,BR003,MED003,BAT021839,2028-01-10,Om Sai Medicorp,1,69.01
2026-03-26,BR003,MED003,BAT021878,2028-03-06,Om Sai Medicorp,1,75.52
2026-03-26,BR003,MED021,BAT021842,2029-01-24,Dadar Wholesale Drugs,24,24.12
2026-03-26,BR003,MED039,BAT021880,2028-08-30,Om Sai Medicorp,42,52.38
2026-03-26,BR003,MED173,BAT021873,2028-12-10,Shree Ganesh Medico,125,17.25
2026-03-26,BR003,MED205,BAT021874,2029-02-20,Arihant Pharma Traders,1,40.62
2026-03-26,BR003,MED315,BAT021876,2027-10-10,Bombay Medi Supply,7,134.08
2026-03-26,BR003,MED443,BAT021866,2027-08-25,Ulhasnagar Drug Centre,28,90.35
2026-03-27,BR001,MED142,BAT021905,2028-10-21,Lifeline Medico Distributors,50,36.33
2026-03-27,BR001,MED319,BAT021916,2027-10-02,Navkar Pharma Agency,85,162.61
2026-03-27,BR001,MED483,BAT021909,2026-08-25,Lifeline Medico Distributors,10,60.1
2026-03-27,BR002,MED280,BAT021922,2028-11-12,Navkar Pharma Agency,20,7.61
2026-03-27,BR002,MED311,BAT021923,2028-08-16,Om Sai Medicorp,31,70.34
2026-03-27,BR002,MED459,BAT021931,2028-02-21,Navkar Pharma Agency,51,36.67
2026-03-27,BR003,MED024,BAT021914,2028-02-03,Om Sai Medicorp,22,87.33
2026-03-27,BR003,MED142,BAT021905,2028-10-21,Lifeline Medico Distributors,52,36.33
2026-03-27,BR003,MED280,BAT021922,2028-11-12,Navkar Pharma Agency,24,7.61
2026-03-27,BR003,MED483,BAT021909,2026-08-25,Lifeline Medico Distributors,9,60.1
2026-03-28,BR001,MED022,BAT021945,2027-10-03,Apex Pharma Wholesale,1,57.28
2026-03-28,BR001,MED033,BAT021960,2027-12-01,Pioneer Healthcare Distributors,90,43.52
2026-03-28,BR001,MED069,BAT021961,2026-04-17,Chembur Pharma Depot,17,24.19
2026-03-28,BR001,MED205,BAT021952,2028-11-24,Arihant Pharma Traders,1,43.31
2026-03-28,BR001,MED305,BAT021942,2029-01-04,Dadar Wholesale Drugs,52,70.93
2026-03-28,BR001,MED483,BAT021959,2027-05-04,Vasai Virar Medico,2,55.49
2026-03-28,BR002,MED022,BAT021945,2027-10-03,Apex Pharma Wholesale,1,57.28
2026-03-28,BR002,MED033,BAT021946,2028-01-29,Pioneer Healthcare Distributors,67,38.36
2026-03-28,BR002,MED159,BAT021939,2026-09-26,Ulhasnagar Drug Centre,17,50.9
2026-03-28,BR002,MED205,BAT021952,2028-11-24,Arihant Pharma Traders,1,43.31
2026-03-28,BR002,MED234,BAT021972,2028-08-22,Konkan Healthcare Traders,18,39.73
2026-03-28,BR002,MED343,BAT021967,2028-09-13,Sahyadri Pharma Distributors,18,143.19
2026-03-28,BR002,MED483,BAT021959,2027-05-04,Vasai Virar Medico,8,55.49
2026-03-28,BR003,MED022,BAT021945,2027-10-03,Apex Pharma Wholesale,1,57.28
2026-03-28,BR003,MED033,BAT021960,2027-12-01,Pioneer Healthcare Distributors,89,43.52
2026-03-28,BR003,MED205,BAT021952,2028-11-24,Arihant Pharma Traders,1,43.31
2026-03-28,BR003,MED234,BAT021935,2029-01-13,Konkan Healthcare Traders,23,39.57
2026-03-28,BR003,MED445,BAT021979,2026-08-12,Navkar Pharma Agency,17,86.76
2026-03-28,BR003,MED483,BAT021959,2027-05-04,Vasai Virar Medico,2,55.49
2026-03-29,BR001,MED025,BAT021996,2028-10-10,Deccan Drug House,10,40.43
2026-03-29,BR001,MED155,BAT021993,2026-08-02,Lifeline Medico Distributors,15,31.64
2026-03-29,BR001,MED247,BAT022032,2027-12-12,Konkan Healthcare Traders,23,52.04
2026-03-29,BR001,MED257,BAT022033,2028-11-11,Om Sai Medicorp,31,28.21
2026-03-29,BR001,MED280,BAT022005,2028-12-15,Navkar Pharma Agency,22,7.36
2026-03-29,BR001,MED341,BAT022006,2028-10-17,Om Sai Medicorp,1,149.02
2026-03-29,BR002,MED025,BAT021996,2028-10-10,Deccan Drug House,1,40.43
2026-03-29,BR002,MED155,BAT022000,2026-08-29,Lifeline Medico Distributors,15,34.99
2026-03-29,BR002,MED173,BAT022003,2029-01-27,Shree Ganesh Medico,112,16.29
2026-03-29,BR002,MED341,BAT022006,2028-10-17,Om Sai Medicorp,1,149.02
2026-03-29,BR003,MED013,BAT021986,2028-08-20,Ulhasnagar Drug Centre,60,21.95
2026-03-29,BR003,MED025,BAT021996,2028-10-10,Deccan Drug House,1,40.43
2026-03-29,BR003,MED037,BAT021997,2028-10-24,Pioneer Healthcare Distributors,193,89.52
2026-03-29,BR003,MED341,BAT022006,2028-10-17,Om Sai Medicorp,1,149.02
2026-03-30,BR001,MED444,BAT022065,2026-09-23,Thane Medico Traders,1,100.22
2026-03-30,BR001,MED493,BAT022067,2028-12-19,Vasai Virar Medico,7,144.22
2026-03-30,BR002,MED037,BAT022056,2028-12-22,Pioneer Healthcare Distributors,173,95.11
2026-03-30,BR002,MED305,BAT022052,2026-05-31,Dadar Wholesale Drugs,44,66.97
2026-03-30,BR002,MED319,BAT022072,2027-08-11,Navkar Pharma Agency,80,153.31
2026-03-30,BR002,MED444,BAT022065,2026-09-23,Thane Medico Traders,1,100.22
2026-03-30,BR002,MED493,BAT022067,2028-12-19,Vasai Virar Medico,5,144.22
2026-03-30,BR003,MED444,BAT022065,2026-09-23,Thane Medico Traders,1,100.22
2026-03-30,BR003,MED493,BAT022067,2028-12-19,Vasai Virar Medico,7,144.22
2026-03-31,BR001,MED022,BAT022109,2028-02-12,Apex Pharma Wholesale,1,55.87
2026-03-31,BR001,MED205,BAT022101,2028-09-12,Western Drugs & Surgicals,1,37.89
2026-03-31,BR001,MED343,BAT022117,2028-11-26,Sahyadri Pharma Distributors,25,147.88
2026-03-31,BR001,MED411,BAT022089,2026-07-14,Ulhasnagar Drug Centre,1,91.14
2026-03-31,BR001,MED463,BAT022123,2027-11-01,Thane Medico Traders,1,18.53
2026-03-31,BR002,MED021,BAT022092,2026-07-30,Dadar Wholesale Drugs,16,26.44
2026-03-31,BR002,MED022,BAT022109,2028-02-12,Apex Pharma Wholesale,1,55.87
2026-03-31,BR002,MED205,BAT022101,2028-09-12,Western Drugs & Surgicals,1,37.89
2026-03-31,BR002,MED299,BAT022081,2028-12-04,Bombay Medi Supply,89,62.99
2026-03-31,BR002,MED411,BAT022089,2026-07-14,Ulhasnagar Drug Centre,1,91.14
2026-03-31,BR002,MED463,BAT022123,2027-11-01,Thane Medico Traders,10,18.53
2026-03-31,BR003,MED022,BAT022109,2028-02-12,Apex Pharma Wholesale,13,55.87
2026-03-31,BR003,MED155,BAT022084,2027-02-15,Lifeline Medico Distributors,17,32.49
2026-03-31,BR003,MED205,BAT022101,2028-09-12,Western Drugs & Surgicals,1,37.89
2026-03-31,BR003,MED299,BAT022081,2028-12-04,Bombay Medi Supply,111,62.99
2026-03-31,BR003,MED411,BAT022089,2026-07-14,Ulhasnagar Drug Centre,1,91.14
2026-03-31,BR003,MED463,BAT022123,2027-11-01,Thane Medico Traders,1,18.53
2026-04-01,BR001,MED012,BAT022140,2027-12-08,Om Sai Medicorp,157,69.77
2026-04-01,BR001,MED156,BAT022147,2027-02-20,Shree Ganesh Medico,6,41.27
2026-04-01,BR001,MED205,BAT022170,2028-09-27,Arihant Pharma Traders,1,40.05
2026-04-01,BR001,MED269,BAT022136,2026-07-31,Siddhivinayak Drug Agency,117,30.37
2026-04-01,BR001,MED335,BAT022166,2028-12-04,Om Sai Medicorp,7,112.66
2026-04-01,BR001,MED421,BAT022160,2027-11-04,Siddhivinayak Drug Agency,18,143.17
2026-04-01,BR001,MED427,BAT022131,2026-08-15,Kalyan Medical Stores,7,146.75
2026-04-01,BR001,MED445,BAT022161,2027-09-23,Navkar Pharma Agency,22,81.07
2026-04-01,BR001,MED477,BAT022139,2027-02-25,Deccan Drug House,14,129.59
2026-04-01,BR002,MED012,BAT022140,2027-12-08,Om Sai Medicorp,131,69.77
2026-04-01,BR002,MED014,BAT022164,2026-08-20,Jai Hind Medical Agencies,49,107.32
2026-04-01,BR002,MED040,BAT022142,2027-11-11,Pioneer Healthcare Distributors,28,119.69
2026-04-01,BR002,MED156,BAT022147,2027-02-20,Shree Ganesh Medico,5,41.27
2026-04-01,BR002,MED205,BAT022170,2028-09-27,Arihant Pharma Traders,1,40.05
2026-04-01,BR002,MED335,BAT022166,2028-12-04,Om Sai Medicorp,6,112.66
2026-04-01,BR002,MED421,BAT022160,2027-11-04,Siddhivinayak Drug Agency,4,143.17
2026-04-01,BR002,MED427,BAT022131,2026-08-15,Kalyan Medical Stores,5,146.75
2026-04-01,BR002,MED477,BAT022139,2027-02-25,Deccan Drug House,2,129.59
2026-04-01,BR003,MED019,BAT022133,2026-07-28,Lifeline Medico Distributors,19,68.47
2026-04-01,BR003,MED038,BAT022141,2029-02-10,Arihant Pharma Traders,19,58.41
2026-04-01,BR003,MED156,BAT022147,2027-02-20,Shree Ganesh Medico,6,41.27
2026-04-01,BR003,MED205,BAT022170,2028-09-27,Arihant Pharma Traders,13,40.05
2026-04-01,BR003,MED335,BAT022166,2028-12-04,Om Sai Medicorp,11,112.66
2026-04-01,BR003,MED343,BAT022172,2028-12-06,Sahyadri Pharma Distributors,21,123.07
2026-04-01,BR003,MED421,BAT022160,2027-11-04,Siddhivinayak Drug Agency,5,143.17
2026-04-01,BR003,MED427,BAT022131,2026-08-15,Kalyan Medical Stores,6,146.75
2026-04-01,BR003,MED477,BAT022139,2027-02-25,Deccan Drug House,3,129.59
2026-04-02,BR001,MED018,BAT022204,2027-09-09,Vasai Virar Medico,7,102.57
2026-04-02,BR001,MED019,BAT022182,2027-04-23,Mira Road Drug House,18,63.54
2026-04-02,BR001,MED381,BAT022181,2028-01-07,Neelkanth Pharma Link,128,135.18
2026-04-02,BR001,MED411,BAT022192,2027-03-23,Ulhasnagar Drug Centre,20,98.94
2026-04-02,BR001,MED481,BAT022203,2028-09-28,Mahalaxmi Pharma Agencies,6,62.22
2026-04-02,BR002,MED018,BAT022204,2027-09-09,Vasai Virar Medico,5,102.57
2026-04-02,BR002,MED257,BAT022199,2029-03-06,Om Sai Medicorp,25,25.72
2026-04-02,BR002,MED481,BAT022203,2028-09-28,Mahalaxmi Pharma Agencies,5,62.22
2026-04-02,BR003,MED018,BAT022204,2027-09-09,Vasai Virar Medico,7,102.57
2026-04-02,BR003,MED030,BAT022183,2028-08-11,Malad Healthcare Supply,23,43.15
2026-04-02,BR003,MED284,BAT022180,2027-09-09,Dadar Wholesale Drugs,34,82.2
2026-04-02,BR003,MED411,BAT022201,2027-07-08,Siddhivinayak Drug Agency,16,114.32
2026-04-02,BR003,MED481,BAT022203,2028-09-28,Mahalaxmi Pharma Agencies,6,62.22
2026-04-03,BR001,MED013,BAT022222,2028-10-01,Ulhasnagar Drug Centre,62,26.23
2026-04-03,BR001,MED025,BAT022228,2028-08-19,Siddhivinayak Drug Agency,2,45.8
2026-04-03,BR001,MED039,BAT022223,2028-09-15,Om Sai Medicorp,40,47.94
2026-04-03,BR001,MED063,BAT022219,2026-05-24,Chembur Pharma Depot,17,26.34
2026-04-03,BR001,MED483,BAT022242,2027-04-30,Vasai Virar Medico,1,62.21
2026-04-03,BR002,MED025,BAT022228,2028-08-19,Siddhivinayak Drug Agency,9,45.8
2026-04-03,BR002,MED039,BAT022223,2028-09-15,Om Sai Medicorp,34,47.94
2026-04-03,BR002,MED483,BAT022242,2027-04-30,Vasai Virar Medico,1,62.21
2026-04-03,BR003,MED001,BAT022235,2028-10-07,Sai Pharma Distributors,87,18.93
2026-04-03,BR003,MED025,BAT022228,2028-08-19,Siddhivinayak Drug Agency,2,45.8
2026-04-03,BR003,MED483,BAT022242,2027-04-30,Vasai Virar Medico,1,62.21
2026-04-04,BR001,MED004,BAT022264,2027-08-22,Bhiwandi Drug Depot,2,88.6
2026-04-04,BR001,MED027,BAT022265,2027-10-19,Siddhivinayak Drug Agency,1,164.89
2026-04-04,BR001,MED043,BAT022275,2027-12-31,Navkar Pharma Agency,57,109.98
2026-04-04,BR001,MED234,BAT022276,2029-03-17,Arihant Pharma Traders,26,48.28
2026-04-04,BR001,MED289,BAT022244,2026-05-30,Dadar Wholesale Drugs,7,91.87
2026-04-04,BR001,MED319,BAT022260,2026-07-10,Navkar Pharma Agency,82,162.98
2026-04-04,BR002,MED001,BAT022245,2029-03-20,Goregaon Medi Wholesale,59,17.45
2026-04-04,BR002,MED004,BAT022264,2027-08-22,Bhiwandi Drug Depot,9,88.6
2026-04-04,BR002,MED005,BAT022253,2026-10-01,Mira Road Drug House,53,19.27
2026-04-04,BR002,MED027,BAT022265,2027-10-19,Siddhivinayak Drug Agency,1,164.89
2026-04-04,BR002,MED269,BAT022277,2029-01-03,Sahyadri Pharma Distributors,97,35.02
2026-04-04,BR002,MED289,BAT022244,2026-05-30,Dadar Wholesale Drugs,6,91.87
2026-04-04,BR002,MED344,BAT022262,2029-01-01,Navkar Pharma Agency,34,46.85
2026-04-04,BR003,MED004,BAT022264,2027-08-22,Bhiwandi Drug Depot,2,88.6
2026-04-04,BR003,MED027,BAT022265,2027-10-19,Siddhivinayak Drug Agency,11,164.89
2026-04-04,BR003,MED269,BAT022268,2026-05-28,Siddhivinayak Drug Agency,112,34.0
2026-04-04,BR003,MED280,BAT022278,2029-01-03,Navkar Pharma Agency,23,7.04
2026-04-04,BR003,MED289,BAT022244,2026-05-30,Dadar Wholesale Drugs,11,91.87
2026-04-04,BR003,MED319,BAT022271,2027-12-16,Navkar Pharma Agency,79,145.31
2026-04-04,BR003,MED381,BAT022251,2026-10-13,Neelkanth Pharma Link,117,120.59
2026-04-05,BR001,MED001,BAT022347,2028-11-25,Sai Pharma Distributors,88,18.75
2026-04-05,BR001,MED005,BAT022287,2029-02-12,Mira Road Drug House,72,20.29
2026-04-05,BR001,MED015,BAT022348,2026-05-21,Jai Hind Medical Agencies,44,86.74
2026-04-05,BR001,MED029,BAT022294,2027-04-12,Ulhasnagar Drug Centre,7,27.94
2026-04-05,BR001,MED186,BAT022289,2026-10-16,Mira Road Drug House,30,141.75
2026-04-05,BR001,MED188,BAT022313,2028-12-14,Western Drugs & Surgicals,7,154.7
2026-04-05,BR001,MED204,BAT022299,2027-10-13,Panvel Pharma Supplies,16,116.11
2026-04-05,BR001,MED205,BAT022314,2028-12-31,Arihant Pharma Traders,1,40.89
2026-04-05,BR001,MED283,BAT022290,2027-11-17,Neelkanth Pharma Link,38,75.52
2026-04-05,BR001,MED299,BAT022302,2028-09-03,Bombay Medi Supply,108,66.23
2026-04-05,BR001,MED403,BAT022354,2029-03-13,Konkan Healthcare Traders,17,391.18
2026-04-05,BR001,MED463,BAT022344,2027-09-18,Thane Medico Traders,1,21.38
2026-04-05,BR001,MED480,BAT022306,2026-09-07,Panvel Pharma Supplies,13,53.8
2026-04-05,BR002,MED029,BAT022294,2027-04-12,Ulhasnagar Drug Centre,10,27.94
2026-04-05,BR002,MED031,BAT022295,2028-02-18,Mira Road Drug House,31,152.92
2026-04-05,BR002,MED035,BAT022349,2026-10-07,Sahyadri Pharma Distributors,15,15.07
2026-04-05,BR002,MED091,BAT022311,2028-12-18,Goregaon Medi Wholesale,32,18.85
2026-04-05,BR002,MED188,BAT022313,2028-12-14,Western Drugs & Surgicals,5,154.7
2026-04-05,BR002,MED204,BAT022299,2027-10-13,Panvel Pharma Supplies,4,116.11
2026-04-05,BR002,MED205,BAT022314,2028-12-31,Arihant Pharma Traders,1,40.89
2026-04-05,BR002,MED403,BAT022354,2029-03-13,Konkan Healthcare Traders,4,391.18
2026-04-05,BR002,MED463,BAT022344,2027-09-18,Thane Medico Traders,1,21.38
2026-04-05,BR002,MED480,BAT022306,2026-09-07,Panvel Pharma Supplies,1,53.8
2026-04-05,BR003,MED009,BAT022307,2028-02-25,Arihant Pharma Traders,67,54.9
2026-04-05,BR003,MED012,BAT022332,2028-02-17,Om Sai Medicorp,145,75.23
2026-04-05,BR003,MED017,BAT022309,2027-09-13,Mira Road Drug House,48,18.94
2026-04-05,BR003,MED029,BAT022294,2027-04-12,Ulhasnagar Drug Centre,7,27.94
2026-04-05,BR003,MED188,BAT022313,2028-12-14,Western Drugs & Surgicals,7,154.7
2026-04-05,BR003,MED204,BAT022299,2027-10-13,Panvel Pharma Supplies,6,116.11
2026-04-05,BR003,MED205,BAT022314,2028-12-31,Arihant Pharma Traders,1,40.89
2026-04-05,BR003,MED403,BAT022354,2029-03-13,Konkan Healthcare Traders,5,391.18
2026-04-05,BR003,MED463,BAT022344,2027-09-18,Thane Medico Traders,1,21.38
2026-04-05,BR003,MED480,BAT022306,2026-09-07,Panvel Pharma Supplies,1,53.8
2026-04-06,BR001,MED007,BAT022364,2028-09-10,Lifeline Medico Distributors,99,14.27
2026-04-06,BR001,MED027,BAT022369,2027-10-29,Siddhivinayak Drug Agency,1,144.06
2026-04-06,BR001,MED069,BAT022357,2026-10-19,Dadar Wholesale Drugs,1,21.42
2026-04-06,BR001,MED097,BAT022355,2027-09-13,Bhiwandi Drug Depot,1,90.9
2026-04-06,BR001,MED103,BAT022370,2028-03-15,Bhiwandi Drug Depot,6,134.61
2026-04-06,BR001,MED115,BAT022394,2027-09-12,Sai Pharma Distributors,6,120.04
2026-04-06,BR001,MED123,BAT022382,2027-10-07,Deccan Drug House,11,81.05
2026-04-06,BR001,MED155,BAT022359,2026-12-11,Lifeline Medico Distributors,16,35.09
2026-04-06,BR001,MED241,BAT022396,2026-09-14,Konkan Healthcare Traders,38,17.42
2026-04-06,BR001,MED253,BAT022362,2027-09-13,Dadar Wholesale Drugs,7,72.0
2026-04-06,BR001,MED311,BAT022367,2029-03-15,Neelkanth Pharma Link,34,66.34
2026-04-06,BR001,MED339,BAT022387,2029-02-23,Pioneer Healthcare Distributors,6,119.97
2026-04-06,BR002,MED027,BAT022369,2027-10-29,Siddhivinayak Drug Agency,1,144.06
2026-04-06,BR002,MED069,BAT022357,2026-10-19,Dadar Wholesale Drugs,1,21.42
2026-04-06,BR002,MED073,BAT022380,2028-08-22,Sai Pharma Distributors,18,29.16
2026-04-06,BR002,MED082,BAT022381,2028-10-07,Bhiwandi Drug Depot,37,64.72
2026-04-06,BR002,MED097,BAT022355,2027-09-13,Bhiwandi Drug Depot,1,90.9
2026-04-06,BR002,MED103,BAT022370,2028-03-15,Bhiwandi Drug Depot,5,134.61
2026-04-06,BR002,MED115,BAT022394,2027-09-12,Sai Pharma Distributors,5,120.04
2026-04-06,BR002,MED123,BAT022382,2027-10-07,Deccan Drug House,5,81.05
2026-04-06,BR002,MED253,BAT022362,2027-09-13,Dadar Wholesale Drugs,5,72.0
2026-04-06,BR002,MED339,BAT022387,2029-02-23,Pioneer Healthcare Distributors,5,119.97
2026-04-06,BR003,MED027,BAT022369,2027-10-29,Siddhivinayak Drug Agency,1,144.06
2026-04-06,BR003,MED069,BAT022357,2026-10-19,Dadar Wholesale Drugs,1,21.42
2026-04-06,BR003,MED082,BAT022381,2028-10-07,Bhiwandi Drug Depot,50,64.72
2026-04-06,BR003,MED097,BAT022355,2027-09-13,Bhiwandi Drug Depot,1,90.9
2026-04-06,BR003,MED103,BAT022370,2028-03-15,Bhiwandi Drug Depot,13,134.61
2026-04-06,BR003,MED115,BAT022394,2027-09-12,Sai Pharma Distributors,6,120.04
2026-04-06,BR003,MED123,BAT022382,2027-10-07,Deccan Drug House,7,81.05
2026-04-06,BR003,MED234,BAT022385,2029-01-11,Arihant Pharma Traders,25,47.89
2026-04-06,BR003,MED241,BAT022396,2026-09-14,Konkan Healthcare Traders,38,17.42
2026-04-06,BR003,MED253,BAT022362,2027-09-13,Dadar Wholesale Drugs,7,72.0
2026-04-06,BR003,MED339,BAT022387,2029-02-23,Pioneer Healthcare Distributors,5,119.97
2026-04-06,BR003,MED459,BAT022393,2027-12-16,Navkar Pharma Agency,81,32.63
2026-04-07,BR001,MED004,BAT022422,2026-07-21,Chembur Pharma Depot,12,94.18
2026-04-07,BR001,MED038,BAT022438,2029-01-10,Arihant Pharma Traders,14,72.35
2026-04-07,BR001,MED067,BAT022463,2029-01-26,Sai Pharma Distributors,7,28.26
2026-04-07,BR001,MED091,BAT022441,2029-02-26,Goregaon Medi Wholesale,48,21.43
2026-04-07,BR001,MED121,BAT022444,2027-11-04,Sai Pharma Distributors,11,96.13
2026-04-07,BR001,MED130,BAT022406,2028-10-26,Kalyan Medical Stores,30,44.82
2026-04-07,BR001,MED341,BAT022450,2028-11-26,Om Sai Medicorp,14,142.69
2026-04-07,BR001,MED459,BAT022455,2027-09-22,Deccan Drug House,80,31.45
2026-04-07,BR001,MED463,BAT022457,2026-07-01,Thane Medico Traders,13,22.09
2026-04-07,BR002,MED004,BAT022422,2026-07-21,Chembur Pharma Depot,1,94.18
2026-04-07,BR002,MED013,BAT022405,2028-08-25,Ulhasnagar Drug Centre,48,24.86
2026-04-07,BR002,MED038,BAT022438,2029-01-10,Arihant Pharma Traders,1,72.35
2026-04-07,BR002,MED043,BAT022424,2028-01-12,Shree Ganesh Medico,56,105.21
2026-04-07,BR002,MED067,BAT022463,2029-01-26,Sai Pharma Distributors,5,28.26
2026-04-07,BR002,MED097,BAT022413,2027-08-23,Chembur Pharma Depot,14,82.45
2026-04-07,BR002,MED121,BAT022444,2027-11-04,Sai Pharma Distributors,5,96.13
2026-04-07,BR002,MED283,BAT022409,2027-09-08,Neelkanth Pharma Link,32,85.01
2026-04-07,BR002,MED463,BAT022457,2026-07-01,Thane Medico Traders,1,22.09
2026-04-07,BR003,MED003,BAT022421,2027-08-29,Om Sai Medicorp,15,63.59
2026-04-07,BR003,MED004,BAT022422,2026-07-21,Chembur Pharma Depot,1,94.18
2026-04-07,BR003,MED014,BAT022436,2026-09-19,Jai Hind Medical Agencies,71,97.67
2026-04-07,BR003,MED034,BAT022410,2026-05-15,Western Drugs & Surgicals,75,38.54
2026-04-07,BR003,MED038,BAT022438,2029-01-10,Arihant Pharma Traders,1,72.35
2026-04-07,BR003,MED043,BAT022439,2027-08-15,Vashi Pharma Hub,68,119.59
2026-04-07,BR003,MED067,BAT022463,2029-01-26,Sai Pharma Distributors,12,28.26
2026-04-07,BR003,MED121,BAT022444,2027-11-04,Sai Pharma Distributors,7,96.13
2026-04-07,BR003,MED463,BAT022457,2026-07-01,Thane Medico Traders,1,22.09
2026-04-08,BR001,MED011,BAT022476,2029-03-23,Siddhivinayak Drug Agency,207,29.79
2026-04-08,BR001,MED020,BAT022488,2027-03-25,Shree Ganesh Medico,2,103.91
2026-04-08,BR001,MED024,BAT022489,2027-12-10,Bhiwandi Drug Depot,26,87.73
2026-04-08,BR001,MED159,BAT022473,2027-02-12,Malad Healthcare Supply,19,47.81
2026-04-08,BR001,MED294,BAT022501,2028-10-16,Siddhivinayak Drug Agency,6,65.44
2026-04-08,BR001,MED445,BAT022522,2028-02-07,Mahalaxmi Pharma Agencies,1,95.81
2026-04-08,BR001,MED470,BAT022468,2027-12-02,Navkar Pharma Agency,16,26.94
2026-04-08,BR001,MED480,BAT022486,2028-11-25,Panvel Pharma Supplies,1,52.01
2026-04-08,BR002,MED007,BAT022471,2028-09-06,Malad Healthcare Supply,76,15.17
2026-04-08,BR002,MED015,BAT022477,2026-08-13,Kalyan Medical Stores,29,93.44
2026-04-08,BR002,MED020,BAT022488,2027-03-25,Shree Ganesh Medico,15,103.91
2026-04-08,BR002,MED130,BAT022481,2028-09-10,Kalyan Medical Stores,21,47.36
2026-04-08,BR002,MED142,BAT022493,2028-12-14,Bombay Medi Supply,36,40.45
2026-04-08,BR002,MED294,BAT022501,2028-10-16,Siddhivinayak Drug Agency,11,65.44
2026-04-08,BR002,MED445,BAT022522,2028-02-07,Mahalaxmi Pharma Agencies,13,95.81
2026-04-08,BR002,MED480,BAT022486,2028-11-25,Panvel Pharma Supplies,1,52.01
2026-04-08,BR003,MED002,BAT022487,2026-10-18,Dadar Wholesale Drugs,20,28.84
2026-04-08,BR003,MED005,BAT022470,2026-08-25,Mira Road Drug House,73,19.61
2026-04-08,BR003,MED020,BAT022488,2027-03-25,Shree Ganesh Medico,2,103.91
2026-04-08,BR003,MED097,BAT022480,2026-06-30,Deccan Drug House,20,90.64
2026-04-08,BR003,MED130,BAT022492,2029-02-08,Goregaon Medi Wholesale,31,54.09
2026-04-08,BR003,MED142,BAT022493,2028-12-14,Bombay Medi Supply,47,40.45
2026-04-08,BR003,MED294,BAT022501,2028-10-16,Siddhivinayak Drug Agency,6,65.44
2026-04-08,BR003,MED445,BAT022522,2028-02-07,Mahalaxmi Pharma Agencies,1,95.81
2026-04-08,BR003,MED470,BAT022468,2027-12-02,Navkar Pharma Agency,16,26.94
2026-04-08,BR003,MED480,BAT022486,2028-11-25,Panvel Pharma Supplies,1,52.01
2026-04-09,BR001,MED006,BAT022530,2026-08-16,Lifeline Medico Distributors,6,34.18
2026-04-09,BR001,MED028,BAT022544,2028-08-18,Malad Healthcare Supply,7,34.19
2026-04-09,BR001,MED031,BAT022532,2027-12-31,Mira Road Drug House,48,147.1
2026-04-09,BR001,MED082,BAT022551,2026-05-24,Om Sai Medicorp,45,58.67
2026-04-09,BR001,MED173,BAT022554,2028-09-08,Shree Ganesh Medico,141,17.61
2026-04-09,BR001,MED205,BAT022563,2028-10-19,Arihant Pharma Traders,1,38.05
2026-04-09,BR001,MED321,BAT022568,2026-06-05,Sahyadri Pharma Distributors,6,143.61
2026-04-09,BR001,MED444,BAT022524,2027-10-17,Thane Medico Traders,16,89.18
2026-04-09,BR002,MED006,BAT022530,2026-08-16,Lifeline Medico Distributors,4,34.18
2026-04-09,BR002,MED028,BAT022544,2028-08-18,Malad Healthcare Supply,5,34.19
2026-04-09,BR002,MED033,BAT022548,2028-02-19,Pioneer Healthcare Distributors,74,40.62
2026-04-09,BR002,MED205,BAT022563,2028-10-19,Arihant Pharma Traders,1,38.05
2026-04-09,BR002,MED321,BAT022568,2026-06-05,Sahyadri Pharma Distributors,5,143.61
2026-04-09,BR003,MED006,BAT022530,2026-08-16,Lifeline Medico Distributors,6,34.18
2026-04-09,BR003,MED024,BAT022560,2028-01-16,Om Sai Medicorp,22,81.55
2026-04-09,BR003,MED028,BAT022544,2028-08-18,Malad Healthcare Supply,7,34.19
2026-04-09,BR003,MED031,BAT022545,2027-11-06,Mira Road Drug House,38,145.09
2026-04-09,BR003,MED069,BAT022533,2026-10-01,Chembur Pharma Depot,23,21.34
2026-04-09,BR003,MED173,BAT022562,2028-12-15,Shree Ganesh Medico,133,19.41
2026-04-09,BR003,MED205,BAT022563,2028-10-19,Arihant Pharma Traders,1,38.05
2026-04-09,BR003,MED321,BAT022568,2026-06-05,Sahyadri Pharma Distributors,5,143.61
2026-04-10,BR001,MED009,BAT022597,2027-09-13,Arihant Pharma Traders,70,62.86
2026-04-10,BR001,MED033,BAT022598,2028-03-03,Pioneer Healthcare Distributors,93,38.83
2026-04-10,BR001,MED038,BAT022585,2028-09-03,Pioneer Healthcare Distributors,1,69.24
2026-04-10,BR001,MED069,BAT022600,2029-01-04,Chembur Pharma Depot,17,22.05
2026-04-10,BR001,MED098,BAT022601,2027-10-26,Om Sai Medicorp,1,96.43
2026-04-10,BR001,MED125,BAT022615,2027-09-29,Sai Pharma Distributors,7,89.38
2026-04-10,BR001,MED152,BAT022570,2026-10-04,Maharashtra Pharma Link,24,37.9
2026-04-10,BR001,MED179,BAT022603,2028-11-27,Western Drugs & Surgicals,6,8.32
2026-04-10,BR001,MED284,BAT022578,2028-01-13,Dadar Wholesale Drugs,42,76.86
2026-04-10,BR001,MED470,BAT022609,2028-03-09,Navkar Pharma Agency,1,27.28
2026-04-10,BR002,MED009,BAT022613,2027-08-25,Konkan Healthcare Traders,53,64.18
2026-04-10,BR002,MED038,BAT022585,2028-09-03,Pioneer Healthcare Distributors,1,69.24
2026-04-10,BR002,MED098,BAT022601,2027-10-26,Om Sai Medicorp,1,96.43
2026-04-10,BR002,MED125,BAT022615,2027-09-29,Sai Pharma Distributors,5,89.38
2026-04-10,BR002,MED155,BAT022575,2026-09-29,Lifeline Medico Distributors,15,36.37
2026-04-10,BR002,MED179,BAT022603,2028-11-27,Western Drugs & Surgicals,14,8.32
2026-04-10,BR002,MED381,BAT022580,2027-09-06,Kalyan Medical Stores,116,113.18
2026-04-10,BR002,MED470,BAT022609,2028-03-09,Navkar Pharma Agency,14,27.28
2026-04-10,BR003,MED038,BAT022585,2028-09-03,Pioneer Healthcare Distributors,14,69.24
2026-04-10,BR003,MED098,BAT022601,2027-10-26,Om Sai Medicorp,13,96.43
2026-04-10,BR003,MED125,BAT022615,2027-09-29,Sai Pharma Distributors,7,89.38
2026-04-10,BR003,MED179,BAT022603,2028-11-27,Western Drugs & Surgicals,6,8.32
2026-04-10,BR003,MED470,BAT022609,2028-03-09,Navkar Pharma Agency,1,27.28
2026-04-11,BR001,MED026,BAT022641,2027-11-07,Goregaon Medi Wholesale,4,57.9
2026-04-11,BR001,MED142,BAT022623,2029-03-22,Bombay Medi Supply,45,46.03
2026-04-11,BR001,MED155,BAT022624,2027-01-21,Lifeline Medico Distributors,16,32.48
2026-04-11,BR001,MED344,BAT022645,2028-12-24,Navkar Pharma Agency,42,50.75
2026-04-11,BR001,MED440,BAT022639,2027-04-09,Maharashtra Pharma Link,4,147.94
2026-04-11,BR001,MED480,BAT022620,2026-06-04,Panvel Pharma Supplies,2,52.27
2026-04-11,BR002,MED026,BAT022641,2027-11-07,Goregaon Medi Wholesale,10,57.9
2026-04-11,BR002,MED247,BAT022653,2027-12-21,Konkan Healthcare Traders,18,57.73
2026-04-11,BR002,MED343,BAT022656,2029-01-09,Sahyadri Pharma Distributors,19,133.26
2026-04-11,BR002,MED440,BAT022639,2027-04-09,Maharashtra Pharma Link,3,147.94
2026-04-11,BR002,MED480,BAT022620,2026-06-04,Panvel Pharma Supplies,9,52.27
2026-04-11,BR003,MED011,BAT022628,2028-09-26,Siddhivinayak Drug Agency,187,29.0
2026-04-11,BR003,MED026,BAT022641,2027-11-07,Goregaon Medi Wholesale,4,57.9
2026-04-11,BR003,MED440,BAT022639,2027-04-09,Maharashtra Pharma Link,13,147.94
2026-04-11,BR003,MED480,BAT022620,2026-06-04,Panvel Pharma Supplies,2,52.27
2026-04-12,BR001,MED014,BAT022698,2026-09-26,Jai Hind Medical Agencies,75,93.68
2026-04-12,BR001,MED020,BAT022692,2026-10-03,Apex Pharma Wholesale,4,113.14
2026-04-12,BR001,MED022,BAT022658,2027-12-05,Apex Pharma Wholesale,9,55.88
2026-04-12,BR001,MED073,BAT022684,2029-02-03,Sahyadri Pharma Distributors,23,31.01
2026-04-12,BR001,MED463,BAT022691,2027-10-05,Thane Medico Traders,1,20.34
2026-04-12,BR002,MED020,BAT022692,2026-10-03,Apex Pharma Wholesale,3,113.14
2026-04-12,BR002,MED022,BAT022658,2027-12-05,Apex Pharma Wholesale,2,55.88
2026-04-12,BR002,MED463,BAT022691,2027-10-05,Thane Medico Traders,1,20.34
2026-04-12,BR003,MED020,BAT022692,2026-10-03,Apex Pharma Wholesale,4,113.14
2026-04-12,BR003,MED022,BAT022658,2027-12-05,Apex Pharma Wholesale,2,55.88
2026-04-12,BR003,MED283,BAT022664,2027-12-26,Dadar Wholesale Drugs,37,74.83
2026-04-12,BR003,MED445,BAT022697,2026-07-13,Navkar Pharma Agency,17,95.93
2026-04-12,BR003,MED463,BAT022691,2027-10-05,Thane Medico Traders,1,20.34
2026-04-13,BR001,MED002,BAT022706,2026-07-18,Dadar Wholesale Drugs,1,30.61
2026-04-13,BR001,MED004,BAT022735,2026-09-23,Chembur Pharma Depot,1,87.07
2026-04-13,BR001,MED034,BAT022736,2029-03-10,Konkan Healthcare Traders,81,33.25
2026-04-13,BR001,MED037,BAT022737,2029-02-26,Pioneer Healthcare Distributors,217,94.09
2026-04-13,BR001,MED115,BAT022723,2027-10-14,Siddhivinayak Drug Agency,12,120.52
2026-04-13,BR001,MED459,BAT022745,2027-09-29,Deccan Drug House,587,31.26
2026-04-13,BR002,MED002,BAT022706,2026-07-18,Dadar Wholesale Drugs,13,30.61
2026-04-13,BR002,MED004,BAT022735,2026-09-23,Chembur Pharma Depot,1,87.07
2026-04-13,BR002,MED024,BAT022721,2026-08-27,Om Sai Medicorp,20,75.27
2026-04-13,BR002,MED115,BAT022723,2027-10-14,Siddhivinayak Drug Agency,5,120.52
2026-04-13,BR002,MED173,BAT022750,2028-11-20,Vashi Pharma Hub,116,16.59
2026-04-13,BR002,MED280,BAT022729,2028-12-08,Navkar Pharma Agency,26,7.08
2026-04-13,BR002,MED459,BAT022734,2027-12-27,Deccan Drug House,53,33.64
2026-04-13,BR002,MED459,BAT022745,2027-09-29,Deccan Drug House,439,31.26
2026-04-13,BR003,MED002,BAT022706,2026-07-18,Dadar Wholesale Drugs,1,30.61
2026-04-13,BR003,MED004,BAT022735,2026-09-23,Chembur Pharma Depot,1,87.07
2026-04-13,BR003,MED037,BAT022737,2029-02-26,Pioneer Healthcare Distributors,208,94.09
2026-04-13,BR003,MED115,BAT022723,2027-10-14,Siddhivinayak Drug Agency,6,120.52
2026-04-13,BR003,MED278,BAT022751,2028-12-17,Arihant Pharma Traders,27,6.6
2026-04-13,BR003,MED319,BAT022730,2027-10-08,Navkar Pharma Agency,90,171.61
2026-04-13,BR003,MED459,BAT022745,2027-09-29,Deccan Drug House,578,31.26
2026-04-14,BR001,MED010,BAT022807,2028-09-13,Sai Pharma Distributors,14,39.3
2026-04-14,BR001,MED027,BAT022770,2026-05-04,Siddhivinayak Drug Agency,1,148.7
2026-04-14,BR001,MED032,BAT022763,2026-08-16,Kalyan Medical Stores,12,9.44
2026-04-14,BR001,MED044,BAT022782,2029-01-28,Jai Hind Medical Agencies,16,298.03
2026-04-14,BR001,MED098,BAT022790,2028-03-05,Om Sai Medicorp,1,88.92
2026-04-14,BR001,MED106,BAT022774,2028-01-02,Deccan Drug House,14,168.51
2026-04-14,BR001,MED312,BAT022778,2029-01-12,Arihant Pharma Traders,12,57.21
2026-04-14,BR001,MED341,BAT022779,2029-01-11,Om Sai Medicorp,1,138.5
2026-04-14,BR001,MED444,BAT022760,2028-03-08,Thane Medico Traders,1,94.25
2026-04-14,BR001,MED455,BAT022802,2028-02-10,Deccan Drug House,7,63.87
2026-04-14,BR001,MED470,BAT022806,2028-02-07,Navkar Pharma Agency,1,24.89
2026-04-14,BR002,MED010,BAT022807,2028-09-13,Sai Pharma Distributors,4,39.3
2026-04-14,BR002,MED027,BAT022770,2026-05-04,Siddhivinayak Drug Agency,1,148.7
2026-04-14,BR002,MED032,BAT022763,2026-08-16,Kalyan Medical Stores,5,9.44
2026-04-14,BR002,MED044,BAT022782,2029-01-28,Jai Hind Medical Agencies,5,298.03
2026-04-14,BR002,MED091,BAT022789,2026-09-24,Goregaon Medi Wholesale,36,19.36
2026-04-14,BR002,MED098,BAT022790,2028-03-05,Om Sai Medicorp,12,88.92
2026-04-14,BR002,MED106,BAT022774,2028-01-02,Deccan Drug House,1,168.51
2026-04-14,BR002,MED257,BAT022805,2028-12-13,Om Sai Medicorp,24,29.63
2026-04-14,BR002,MED312,BAT022778,2029-01-12,Arihant Pharma Traders,5,57.21
2026-04-14,BR002,MED341,BAT022779,2029-01-11,Om Sai Medicorp,1,138.5
2026-04-14,BR002,MED444,BAT022760,2028-03-08,Thane Medico Traders,1,94.25
2026-04-14,BR002,MED455,BAT022802,2028-02-10,Deccan Drug House,9,63.87
2026-04-14,BR002,MED470,BAT022806,2028-02-07,Navkar Pharma Agency,1,24.89
2026-04-14,BR003,MED010,BAT022807,2028-09-13,Sai Pharma Distributors,6,39.3
2026-04-14,BR003,MED025,BAT022762,2028-12-11,Deccan Drug House,9,38.93
2026-04-14,BR003,MED027,BAT022770,2026-05-04,Siddhivinayak Drug Agency,1,148.7
2026-04-14,BR003,MED032,BAT022763,2026-08-16,Kalyan Medical Stores,6,9.44
2026-04-14,BR003,MED033,BAT022771,2027-11-07,Pioneer Healthcare Distributors,114,38.27
2026-04-14,BR003,MED035,BAT022772,2027-01-05,Vasai Virar Medico,20,17.18
2026-04-14,BR003,MED039,BAT022781,2028-09-14,Konkan Healthcare Traders,46,50.07
2026-04-14,BR003,MED044,BAT022782,2029-01-28,Jai Hind Medical Agencies,5,298.03
2026-04-14,BR003,MED091,BAT022773,2028-08-19,Goregaon Medi Wholesale,49,21.36
2026-04-14,BR003,MED098,BAT022790,2028-03-05,Om Sai Medicorp,1,88.92
2026-04-14,BR003,MED106,BAT022774,2028-01-02,Deccan Drug House,1,168.51
2026-04-14,BR003,MED155,BAT022775,2026-06-08,Lifeline Medico Distributors,21,30.9
2026-04-14,BR003,MED312,BAT022778,2029-01-12,Arihant Pharma Traders,6,57.21
2026-04-14,BR003,MED341,BAT022779,2029-01-11,Om Sai Medicorp,1,138.5
2026-04-14,BR003,MED444,BAT022760,2028-03-08,Thane Medico Traders,14,94.25
2026-04-14,BR003,MED455,BAT022802,2028-02-10,Deccan Drug House,7,63.87
2026-04-14,BR003,MED470,BAT022806,2028-02-07,Navkar Pharma Agency,1,24.89
2026-04-15,BR001,MED043,BAT022840,2028-03-28,Vashi Pharma Hub,63,124.06
2026-04-15,BR001,MED071,BAT022854,2029-02-11,Sahyadri Pharma Distributors,6,25.81
2026-04-15,BR001,MED100,BAT022821,2027-11-06,Kalyan Medical Stores,7,82.28
2026-04-15,BR001,MED150,BAT022822,2028-12-20,Maharashtra Pharma Link,3,18.92
2026-04-15,BR001,MED269,BAT022832,2028-10-19,Siddhivinayak Drug Agency,119,31.89
2026-04-15,BR001,MED319,BAT022859,2027-11-11,Navkar Pharma Agency,82,146.49
2026-04-15,BR001,MED341,BAT022861,2028-11-01,Om Sai Medicorp,1,135.52
2026-04-15,BR001,MED480,BAT022836,2026-05-18,Panvel Pharma Supplies,1,56.88
2026-04-15,BR001,MED490,BAT022811,2026-10-13,Lifeline Medico Distributors,2,39.69
2026-04-15,BR001,MED490,BAT022812,2026-05-20,Lifeline Medico Distributors,14,43.9
2026-04-15,BR001,MED490,BAT022828,2027-09-07,Lifeline Medico Distributors,1,49.44
2026-04-15,BR002,MED037,BAT022838,2026-08-10,Pioneer Healthcare Distributors,187,91.48
2026-04-15,BR002,MED071,BAT022854,2029-02-11,Sahyadri Pharma Distributors,5,25.81
2026-04-15,BR002,MED100,BAT022821,2027-11-06,Kalyan Medical Stores,5,82.28
2026-04-15,BR002,MED150,BAT022822,2028-12-20,Maharashtra Pharma Link,3,18.92
2026-04-15,BR002,MED319,BAT022846,2028-01-17,Navkar Pharma Agency,88,147.8
2026-04-15,BR002,MED341,BAT022861,2028-11-01,Om Sai Medicorp,1,135.52
2026-04-15,BR002,MED480,BAT022836,2026-05-18,Panvel Pharma Supplies,1,56.88
2026-04-15,BR002,MED490,BAT022811,2026-10-13,Lifeline Medico Distributors,9,39.69
2026-04-15,BR002,MED490,BAT022812,2026-05-20,Lifeline Medico Distributors,1,43.9
2026-04-15,BR002,MED490,BAT022828,2027-09-07,Lifeline Medico Distributors,1,49.44
2026-04-15,BR003,MED015,BAT022830,2027-03-10,Western Drugs & Surgicals,39,92.67
2026-04-15,BR003,MED021,BAT022837,2028-11-13,Dadar Wholesale Drugs,26,26.53
2026-04-15,BR003,MED071,BAT022854,2029-02-11,Sahyadri Pharma Distributors,7,25.81
2026-04-15,BR003,MED100,BAT022821,2027-11-06,Kalyan Medical Stores,11,82.28
2026-04-15,BR003,MED150,BAT022822,2028-12-20,Maharashtra Pharma Link,13,18.92
2026-04-15,BR003,MED341,BAT022861,2028-11-01,Om Sai Medicorp,1,135.52
2026-04-15,BR003,MED480,BAT022836,2026-05-18,Panvel Pharma Supplies,13,56.88
2026-04-15,BR003,MED490,BAT022811,2026-10-13,Lifeline Medico Distributors,2,39.69
2026-04-15,BR003,MED490,BAT022812,2026-05-20,Lifeline Medico Distributors,1,43.9
2026-04-15,BR003,MED490,BAT022828,2027-09-07,Lifeline Medico Distributors,1,49.44
2026-04-16,BR001,MED003,BAT022873,2027-08-21,Bhiwandi Drug Depot,18,75.36
2026-04-16,BR001,MED022,BAT022891,2027-11-26,Sahyadri Pharma Distributors,2,52.24
2026-04-16,BR001,MED040,BAT022874,2027-09-28,Neelkanth Pharma Link,31,131.51
2026-04-16,BR001,MED106,BAT022893,2027-08-19,Sai Pharma Distributors,1,169.35
2026-04-16,BR001,MED229,BAT022878,2029-03-14,Western Drugs & Surgicals,12,40.69
2026-04-16,BR001,MED280,BAT022896,2029-03-13,Navkar Pharma Agency,21,7.81
2026-04-16,BR001,MED381,BAT022882,2027-10-21,Neelkanth Pharma Link,133,136.41
2026-04-16,BR001,MED405,BAT022900,2028-08-26,Arihant Pharma Traders,6,375.36
2026-04-16,BR001,MED421,BAT022887,2027-11-04,Siddhivinayak Drug Agency,7,144.74
2026-04-16,BR001,MED480,BAT022889,2026-07-09,Panvel Pharma Supplies,1,51.22
2026-04-16,BR001,MED483,BAT022872,2026-05-14,Lifeline Medico Distributors,1,60.4
2026-04-16,BR002,MED022,BAT022891,2027-11-26,Sahyadri Pharma Distributors,2,52.24
2026-04-16,BR002,MED106,BAT022893,2027-08-19,Sai Pharma Distributors,1,169.35
2026-04-16,BR002,MED229,BAT022878,2029-03-14,Western Drugs & Surgicals,5,40.69
2026-04-16,BR002,MED284,BAT022903,2027-09-12,Sahyadri Pharma Distributors,28,76.63
2026-04-16,BR002,MED299,BAT022880,2028-09-21,Bombay Medi Supply,103,62.44
2026-04-16,BR002,MED405,BAT022900,2028-08-26,Arihant Pharma Traders,5,375.36
2026-04-16,BR002,MED421,BAT022887,2027-11-04,Siddhivinayak Drug Agency,5,144.74
2026-04-16,BR002,MED480,BAT022889,2026-07-09,Panvel Pharma Supplies,1,51.22
2026-04-16,BR002,MED483,BAT022872,2026-05-14,Lifeline Medico Distributors,1,60.4
2026-04-16,BR003,MED022,BAT022891,2027-11-26,Sahyadri Pharma Distributors,2,52.24
2026-04-16,BR003,MED073,BAT022910,2028-10-10,Sahyadri Pharma Distributors,23,28.14
2026-04-16,BR003,MED106,BAT022893,2027-08-19,Sai Pharma Distributors,1,169.35
2026-04-16,BR003,MED229,BAT022878,2029-03-14,Western Drugs & Surgicals,6,40.69
2026-04-16,BR003,MED269,BAT022879,2029-04-01,Siddhivinayak Drug Agency,117,30.65
2026-04-16,BR003,MED280,BAT022896,2029-03-13,Navkar Pharma Agency,25,7.81
2026-04-16,BR003,MED405,BAT022900,2028-08-26,Arihant Pharma Traders,14,375.36
2026-04-16,BR003,MED421,BAT022887,2027-11-04,Siddhivinayak Drug Agency,6,144.74
2026-04-16,BR003,MED480,BAT022889,2026-07-09,Panvel Pharma Supplies,1,51.22
2026-04-16,BR003,MED483,BAT022872,2026-05-14,Lifeline Medico Distributors,11,60.4
2026-04-17,BR001,MED204,BAT022943,2028-01-19,Thane Medico Traders,6,145.03
2026-04-17,BR001,MED205,BAT022944,2028-10-18,Mahalaxmi Pharma Agencies,2,43.54
2026-04-17,BR001,MED445,BAT022953,2027-12-11,Mahalaxmi Pharma Agencies,16,82.54
2026-04-17,BR002,MED069,BAT022917,2028-12-24,Dadar Wholesale Drugs,15,23.26
2026-04-17,BR002,MED155,BAT022919,2026-11-21,Lifeline Medico Distributors,14,30.32
2026-04-17,BR002,MED204,BAT022943,2028-01-19,Thane Medico Traders,13,145.03
2026-04-17,BR002,MED205,BAT022944,2028-10-18,Mahalaxmi Pharma Agencies,9,43.54
2026-04-17,BR003,MED027,BAT022939,2027-09-12,Siddhivinayak Drug Agency,11,142.91
2026-04-17,BR003,MED043,BAT022924,2026-05-16,Vashi Pharma Hub,59,110.04
2026-04-17,BR003,MED204,BAT022943,2028-01-19,Thane Medico Traders,6,145.03
2026-04-17,BR003,MED205,BAT022915,2029-02-03,Arihant Pharma Traders,16,39.5
2026-04-17,BR003,MED205,BAT022944,2028-10-18,Mahalaxmi Pharma Agencies,2,43.54
2026-04-17,BR003,MED257,BAT022945,2029-03-24,Om Sai Medicorp,28,25.92
2026-04-17,BR003,MED381,BAT022934,2028-03-24,Kalyan Medical Stores,121,118.68
2026-04-18,BR001,MED003,BAT022962,2028-04-01,Bhiwandi Drug Depot,1,74.04
2026-04-18,BR001,MED097,BAT022959,2026-08-09,Chembur Pharma Depot,19,82.24
2026-04-18,BR001,MED120,BAT022976,2027-12-22,Deccan Drug House,6,87.78
2026-04-18,BR001,MED187,BAT022970,2028-09-19,Panvel Pharma Supplies,6,136.69
2026-04-18,BR001,MED490,BAT022967,2027-08-31,Lifeline Medico Distributors,1,44.63
2026-04-18,BR002,MED001,BAT022983,2029-01-04,Sai Pharma Distributors,62,18.74
2026-04-18,BR002,MED003,BAT022962,2028-04-01,Bhiwandi Drug Depot,1,74.04
2026-04-18,BR002,MED011,BAT022961,2028-12-06,Siddhivinayak Drug Agency,185,30.32
2026-04-18,BR002,MED120,BAT022976,2027-12-22,Deccan Drug House,5,87.78
2026-04-18,BR002,MED187,BAT022970,2028-09-19,Panvel Pharma Supplies,5,136.69
2026-04-18,BR002,MED241,BAT022986,2026-10-12,Konkan Healthcare Traders,28,17.62
2026-04-18,BR002,MED269,BAT022965,2026-10-28,Dadar Wholesale Drugs,88,30.1
2026-04-18,BR002,MED278,BAT022987,2029-01-05,Om Sai Medicorp,23,6.01
2026-04-18,BR002,MED311,BAT022989,2029-01-27,Om Sai Medicorp,30,65.73
2026-04-18,BR002,MED344,BAT022990,2028-10-29,Navkar Pharma Agency,35,50.96
2026-04-18,BR002,MED490,BAT022967,2027-08-31,Lifeline Medico Distributors,1,44.63
2026-04-18,BR003,MED003,BAT022962,2028-04-01,Bhiwandi Drug Depot,1,74.04
2026-04-18,BR003,MED007,BAT022960,2029-03-02,Malad Healthcare Supply,99,15.22
2026-04-18,BR003,MED120,BAT022976,2027-12-22,Deccan Drug House,13,87.78
2026-04-18,BR003,MED187,BAT022970,2028-09-19,Panvel Pharma Supplies,12,136.69
2026-04-18,BR003,MED490,BAT022967,2027-08-31,Lifeline Medico Distributors,12,44.63
2026-04-19,BR001,MED013,BAT022999,2029-02-28,Ulhasnagar Drug Centre,60,21.39
2026-04-19,BR001,MED444,BAT023037,2027-11-04,Thane Medico Traders,14,84.73
2026-04-19,BR001,MED463,BAT023016,2028-03-15,Deccan Drug House,1,18.91
2026-04-19,BR001,MED470,BAT023038,2028-02-27,Navkar Pharma Agency,15,29.55
2026-04-19,BR002,MED005,BAT023004,2026-05-24,Mira Road Drug House,57,20.9
2026-04-19,BR002,MED444,BAT023037,2027-11-04,Thane Medico Traders,1,84.73
2026-04-19,BR002,MED463,BAT023016,2028-03-15,Deccan Drug House,1,18.91
2026-04-19,BR003,MED009,BAT023017,2027-12-31,Arihant Pharma Traders,75,63.91
2026-04-19,BR003,MED013,BAT022999,2029-02-28,Ulhasnagar Drug Centre,61,21.39
2026-04-19,BR003,MED444,BAT023037,2027-11-04,Thane Medico Traders,1,84.73
2026-04-19,BR003,MED463,BAT023016,2028-03-15,Deccan Drug House,12,18.91
2026-04-20,BR001,MED021,BAT023049,2029-02-27,Dadar Wholesale Drugs,21,22.22
2026-04-20,BR001,MED022,BAT023078,2028-03-03,Sahyadri Pharma Distributors,10,54.31
2026-04-20,BR001,MED027,BAT023068,2028-01-31,Siddhivinayak Drug Agency,1,153.21
2026-04-20,BR001,MED030,BAT023044,2028-11-25,Malad Healthcare Supply,22,47.46
2026-04-20,BR001,MED098,BAT023050,2027-09-03,Bhiwandi Drug Depot,14,85.87
2026-04-20,BR001,MED205,BAT023063,2029-04-01,Arihant Pharma Traders,12,35.85
2026-04-20,BR001,MED294,BAT023082,2028-11-13,Sahyadri Pharma Distributors,6,78.98
2026-04-20,BR001,MED377,BAT023090,2026-07-17,Jai Hind Medical Agencies,6,111.67
2026-04-20,BR001,MED467,BAT023067,2028-03-09,Vasai Virar Medico,16,24.08
2026-04-20,BR002,MED022,BAT023078,2028-03-03,Sahyadri Pharma Distributors,1,54.31
2026-04-20,BR002,MED027,BAT023068,2028-01-31,Siddhivinayak Drug Agency,10,153.21
2026-04-20,BR002,MED098,BAT023050,2027-09-03,Bhiwandi Drug Depot,1,85.87
2026-04-20,BR002,MED205,BAT023063,2029-04-01,Arihant Pharma Traders,1,35.85
2026-04-20,BR002,MED294,BAT023082,2028-11-13,Sahyadri Pharma Distributors,5,78.98
2026-04-20,BR002,MED377,BAT023090,2026-07-17,Jai Hind Medical Agencies,5,111.67
2026-04-20,BR002,MED443,BAT023057,2027-08-30,Ulhasnagar Drug Centre,19,89.89
2026-04-20,BR002,MED467,BAT023067,2028-03-09,Vasai Virar Medico,4,24.08
2026-04-20,BR003,MED022,BAT023078,2028-03-03,Sahyadri Pharma Distributors,2,54.31
2026-04-20,BR003,MED027,BAT023068,2028-01-31,Siddhivinayak Drug Agency,1,153.21
2026-04-20,BR003,MED098,BAT023050,2027-09-03,Bhiwandi Drug Depot,1,85.87
2026-04-20,BR003,MED205,BAT023063,2029-04-01,Arihant Pharma Traders,1,35.85
2026-04-20,BR003,MED294,BAT023082,2028-11-13,Sahyadri Pharma Distributors,6,78.98
2026-04-20,BR003,MED299,BAT023055,2028-10-10,Bombay Medi Supply,110,67.8
2026-04-20,BR003,MED319,BAT023084,2028-04-01,Navkar Pharma Agency,92,150.83
2026-04-20,BR003,MED377,BAT023090,2026-07-17,Jai Hind Medical Agencies,14,111.67
2026-04-20,BR003,MED467,BAT023067,2028-03-09,Vasai Virar Medico,6,24.08
2026-04-21,BR001,MED005,BAT023092,2028-12-26,Mira Road Drug House,74,19.92
2026-04-21,BR001,MED025,BAT023099,2029-01-19,Siddhivinayak Drug Agency,14,45.44
2026-04-21,BR001,MED026,BAT023134,2027-09-27,Goregaon Medi Wholesale,15,48.2
2026-04-21,BR001,MED038,BAT023114,2029-02-14,Pioneer Healthcare Distributors,1,59.39
2026-04-21,BR001,MED055,BAT023116,2026-10-05,Panvel Pharma Supplies,5,148.3
2026-04-21,BR001,MED464,BAT023157,2028-03-20,Mahalaxmi Pharma Agencies,7,18.57
2026-04-21,BR001,MED477,BAT023132,2027-04-10,Vasai Virar Medico,6,137.79
2026-04-21,BR002,MED012,BAT023150,2028-03-27,Sahyadri Pharma Distributors,116,66.58
2026-04-21,BR002,MED025,BAT023099,2029-01-19,Siddhivinayak Drug Agency,1,45.44
2026-04-21,BR002,MED026,BAT023134,2027-09-27,Goregaon Medi Wholesale,4,48.2
2026-04-21,BR002,MED034,BAT023135,2028-10-16,Konkan Healthcare Traders,65,36.18
2026-04-21,BR002,MED038,BAT023114,2029-02-14,Pioneer Healthcare Distributors,11,59.39
2026-04-21,BR002,MED043,BAT023137,2027-09-21,Shree Ganesh Medico,61,102.7
2026-04-21,BR002,MED055,BAT023116,2026-10-05,Panvel Pharma Supplies,4,148.3
2026-04-21,BR002,MED464,BAT023157,2028-03-20,Mahalaxmi Pharma Agencies,5,18.57
2026-04-21,BR002,MED477,BAT023132,2027-04-10,Vasai Virar Medico,4,137.79
2026-04-21,BR003,MED025,BAT023099,2029-01-19,Siddhivinayak Drug Agency,1,45.44
2026-04-21,BR003,MED026,BAT023134,2027-09-27,Goregaon Medi Wholesale,5,48.2
2026-04-21,BR003,MED038,BAT023114,2029-02-14,Pioneer Healthcare Distributors,1,59.39
2026-04-21,BR003,MED055,BAT023116,2026-10-05,Panvel Pharma Supplies,11,148.3
2026-04-21,BR003,MED069,BAT023138,2026-09-03,Chembur Pharma Depot,23,22.19
2026-04-21,BR003,MED311,BAT023125,2029-01-09,Neelkanth Pharma Link,35,68.67
2026-04-21,BR003,MED344,BAT023127,2028-11-12,Navkar Pharma Agency,43,56.25
2026-04-21,BR003,MED464,BAT023157,2028-03-20,Mahalaxmi Pharma Agencies,12,18.57
2026-04-21,BR003,MED477,BAT023132,2027-04-10,Vasai Virar Medico,6,137.79
2026-04-22,BR001,MED007,BAT023160,2026-07-26,Lifeline Medico Distributors,103,16.76
2026-04-22,BR001,MED015,BAT023164,2026-08-17,Western Drugs & Surgicals,40,84.68
2026-04-22,BR001,MED155,BAT023161,2026-09-17,Lifeline Medico Distributors,19,31.75
2026-04-22,BR001,MED205,BAT023201,2026-10-14,Arihant Pharma Traders,1,36.62
2026-04-22,BR001,MED234,BAT023202,2029-01-28,Konkan Healthcare Traders,25,41.92
2026-04-22,BR001,MED262,BAT023189,2028-08-27,Arihant Pharma Traders,5,33.94
2026-04-22,BR001,MED425,BAT023176,2027-11-12,Ulhasnagar Drug Centre,14,186.69
2026-04-22,BR001,MED480,BAT023177,2026-07-24,Panvel Pharma Supplies,1,51.79
2026-04-22,BR001,MED490,BAT023197,2027-10-12,Lifeline Medico Distributors,1,46.88
2026-04-22,BR002,MED031,BAT023178,2028-03-14,Mira Road Drug House,34,151.21
2026-04-22,BR002,MED033,BAT023200,2028-02-22,Pioneer Healthcare Distributors,75,36.3
2026-04-22,BR002,MED040,BAT023179,2028-03-10,Neelkanth Pharma Link,26,119.73
2026-04-22,BR002,MED205,BAT023201,2026-10-14,Arihant Pharma Traders,1,36.62
2026-04-22,BR002,MED262,BAT023189,2028-08-27,Arihant Pharma Traders,16,33.94
2026-04-22,BR002,MED425,BAT023176,2027-11-12,Ulhasnagar Drug Centre,5,186.69
2026-04-22,BR002,MED445,BAT023194,2028-03-29,Navkar Pharma Agency,14,94.41
2026-04-22,BR002,MED480,BAT023177,2026-07-24,Panvel Pharma Supplies,11,51.79
2026-04-22,BR002,MED490,BAT023197,2027-10-12,Lifeline Medico Distributors,1,46.88
2026-04-22,BR003,MED040,BAT023165,2027-11-14,Neelkanth Pharma Link,32,135.38
2026-04-22,BR003,MED155,BAT023170,2026-09-05,Lifeline Medico Distributors,17,36.06
2026-04-22,BR003,MED205,BAT023201,2026-10-14,Arihant Pharma Traders,12,36.62
2026-04-22,BR003,MED262,BAT023189,2028-08-27,Arihant Pharma Traders,5,33.94
2026-04-22,BR003,MED305,BAT023203,2029-03-04,Navkar Pharma Agency,52,81.45
2026-04-22,BR003,MED425,BAT023176,2027-11-12,Ulhasnagar Drug Centre,6,186.69
2026-04-22,BR003,MED480,BAT023177,2026-07-24,Panvel Pharma Supplies,1,51.79
2026-04-22,BR003,MED490,BAT023197,2027-10-12,Lifeline Medico Distributors,1,46.88
2026-04-23,BR001,MED017,BAT023214,2027-10-08,Ulhasnagar Drug Centre,58,23.19
2026-04-23,BR001,MED025,BAT023241,2028-10-06,Deccan Drug House,2,44.21
2026-04-23,BR001,MED063,BAT023228,2026-06-05,Lifeline Medico Distributors,20,28.77
2026-04-23,BR001,MED257,BAT023245,2028-09-06,Siddhivinayak Drug Agency,31,29.01
2026-04-23,BR001,MED299,BAT023222,2029-04-05,Bombay Medi Supply,119,73.89
2026-04-23,BR001,MED341,BAT023256,2028-09-20,Om Sai Medicorp,1,129.09
2026-04-23,BR001,MED444,BAT023261,2027-10-23,Thane Medico Traders,1,104.54
2026-04-23,BR001,MED470,BAT023240,2027-10-20,Navkar Pharma Agency,1,29.36
2026-04-23,BR002,MED017,BAT023214,2027-10-08,Ulhasnagar Drug Centre,39,23.19
2026-04-23,BR002,MED025,BAT023241,2028-10-06,Deccan Drug House,1,44.21
2026-04-23,BR002,MED159,BAT023237,2026-10-15,Ulhasnagar Drug Centre,15,49.58
2026-04-23,BR002,MED341,BAT023256,2028-09-20,Om Sai Medicorp,13,129.09
2026-04-23,BR002,MED444,BAT023261,2027-10-23,Thane Medico Traders,1,104.54
2026-04-23,BR002,MED470,BAT023240,2027-10-20,Navkar Pharma Agency,1,29.36
2026-04-23,BR003,MED005,BAT023213,2028-10-05,Mira Road Drug House,77,21.43
2026-04-23,BR003,MED025,BAT023241,2028-10-06,Deccan Drug House,10,44.21
2026-04-23,BR003,MED159,BAT023237,2026-10-15,Ulhasnagar Drug Centre,21,49.58
2026-04-23,BR003,MED341,BAT023256,2028-09-20,Om Sai Medicorp,1,129.09
2026-04-23,BR003,MED444,BAT023261,2027-10-23,Thane Medico Traders,1,104.54
2026-04-23,BR003,MED470,BAT023240,2027-10-20,Navkar Pharma Agency,1,29.36
2026-04-24,BR001,MED247,BAT023280,2027-09-09,Vasai Virar Medico,23,58.0
2026-04-24,BR001,MED488,BAT023271,2028-03-26,Neelkanth Pharma Link,13,120.73
2026-04-24,BR002,MED007,BAT023273,2028-12-10,Malad Healthcare Supply,72,15.63
2026-04-24,BR002,MED142,BAT023263,2028-12-13,Bombay Medi Supply,39,37.87
2026-04-24,BR002,MED488,BAT023271,2028-03-26,Neelkanth Pharma Link,5,120.73
2026-04-24,BR003,MED001,BAT023272,2029-02-24,Goregaon Medi Wholesale,82,18.52
2026-04-24,BR003,MED488,BAT023271,2028-03-26,Neelkanth Pharma Link,6,120.73
2026-04-25,BR001,MED031,BAT023337,2027-12-15,Thane Medico Traders,45,167.18
2026-04-25,BR001,MED063,BAT023300,2026-09-02,Lifeline Medico Distributors,1,30.27
2026-04-25,BR001,MED205,BAT023329,2029-01-26,Arihant Pharma Traders,13,43.19
2026-04-25,BR001,MED319,BAT023321,2028-01-28,Navkar Pharma Agency,82,150.45
2026-04-25,BR002,MED014,BAT023336,2028-09-06,Jai Hind Medical Agencies,56,102.04
2026-04-25,BR002,MED063,BAT023300,2026-09-02,Lifeline Medico Distributors,14,30.27
2026-04-25,BR002,MED082,BAT023316,2029-02-15,Om Sai Medicorp,32,54.02
2026-04-25,BR002,MED205,BAT023329,2029-01-26,Arihant Pharma Traders,1,43.19
2026-04-25,BR002,MED343,BAT023333,2029-04-05,Sahyadri Pharma Distributors,18,135.32
2026-04-25,BR003,MED063,BAT023300,2026-09-02,Lifeline Medico Distributors,1,30.27
2026-04-25,BR003,MED152,BAT023303,2026-10-16,Lifeline Medico Distributors,23,37.18
2026-04-25,BR003,MED186,BAT023308,2026-06-02,Mira Road Drug House,28,158.49
2026-04-25,BR003,MED205,BAT023329,2029-01-26,Arihant Pharma Traders,1,43.19
2026-04-25,BR003,MED247,BAT023340,2026-05-24,Konkan Healthcare Traders,24,59.47
2026-04-25,BR003,MED343,BAT023333,2029-04-05,Sahyadri Pharma Distributors,26,135.32
2026-04-26,BR001,MED004,BAT023364,2027-11-15,Chembur Pharma Depot,2,87.36
2026-04-26,BR001,MED012,BAT023388,2027-10-14,Konkan Healthcare Traders,153,75.6
2026-04-26,BR001,MED019,BAT023347,2027-03-22,Lifeline Medico Distributors,20,67.89
2026-04-26,BR001,MED022,BAT023374,2028-03-03,Apex Pharma Wholesale,2,51.65
2026-04-26,BR001,MED024,BAT023375,2027-09-05,Om Sai Medicorp,26,88.8
2026-04-26,BR001,MED038,BAT023376,2028-11-27,Arihant Pharma Traders,1,60.38
2026-04-26,BR001,MED092,BAT023356,2028-10-08,Bhiwandi Drug Depot,6,19.89
2026-04-26,BR001,MED097,BAT023358,2028-01-03,Deccan Drug House,19,97.65
2026-04-26,BR001,MED130,BAT023349,2026-08-23,Kalyan Medical Stores,27,46.12
2026-04-26,BR001,MED173,BAT023379,2029-02-24,Shree Ganesh Medico,143,19.03
2026-04-26,BR001,MED451,BAT023351,2028-03-30,Panvel Pharma Supplies,7,59.17
2026-04-26,BR002,MED004,BAT023364,2027-11-15,Chembur Pharma Depot,9,87.36
2026-04-26,BR002,MED022,BAT023374,2028-03-03,Apex Pharma Wholesale,2,51.65
2026-04-26,BR002,MED038,BAT023376,2028-11-27,Arihant Pharma Traders,1,60.38
2026-04-26,BR002,MED039,BAT023365,2029-01-06,Konkan Healthcare Traders,34,53.72
2026-04-26,BR002,MED092,BAT023356,2028-10-08,Bhiwandi Drug Depot,12,19.89
2026-04-26,BR002,MED234,BAT023368,2028-09-29,Konkan Healthcare Traders,19,39.74
2026-04-26,BR002,MED451,BAT023351,2028-03-30,Panvel Pharma Supplies,9,59.17
2026-04-26,BR003,MED004,BAT023364,2027-11-15,Chembur Pharma Depot,2,87.36
2026-04-26,BR003,MED019,BAT023347,2027-03-22,Lifeline Medico Distributors,20,67.89
2026-04-26,BR003,MED022,BAT023374,2028-03-03,Apex Pharma Wholesale,2,51.65
2026-04-26,BR003,MED024,BAT023375,2027-09-05,Om Sai Medicorp,25,88.8
2026-04-26,BR003,MED038,BAT023376,2028-11-27,Arihant Pharma Traders,1,60.38
2026-04-26,BR003,MED092,BAT023356,2028-10-08,Bhiwandi Drug Depot,7,19.89
2026-04-26,BR003,MED098,BAT023366,2028-01-14,Om Sai Medicorp,14,90.25
2026-04-26,BR003,MED142,BAT023352,2029-03-30,Bombay Medi Supply,43,44.58
2026-04-26,BR003,MED173,BAT023379,2029-02-24,Shree Ganesh Medico,146,19.03
2026-04-26,BR003,MED234,BAT023390,2026-08-10,Konkan Healthcare Traders,29,44.42
2026-04-26,BR003,MED284,BAT023382,2028-02-12,Sahyadri Pharma Distributors,34,74.92
2026-04-26,BR003,MED451,BAT023351,2028-03-30,Panvel Pharma Supplies,7,59.17
2026-04-27,BR001,MED016,BAT023399,2027-04-01,Vashi Pharma Hub,8,140.7
2026-04-27,BR001,MED033,BAT023410,2027-12-02,Pioneer Healthcare Distributors,103,42.97
2026-04-27,BR001,MED038,BAT023400,2029-01-01,Arihant Pharma Traders,1,60.58
2026-04-27,BR001,MED039,BAT023425,2026-06-12,Konkan Healthcare Traders,47,53.24
2026-04-27,BR001,MED106,BAT023429,2026-07-08,Sai Pharma Distributors,15,166.57
2026-04-27,BR001,MED115,BAT023412,2027-10-18,Sai Pharma Distributors,6,121.32
2026-04-27,BR002,MED016,BAT023399,2027-04-01,Vashi Pharma Hub,5,140.7
2026-04-27,BR002,MED038,BAT023400,2029-01-01,Arihant Pharma Traders,1,60.58
2026-04-27,BR002,MED106,BAT023429,2026-07-08,Sai Pharma Distributors,11,166.57
2026-04-27,BR002,MED115,BAT023412,2027-10-18,Sai Pharma Distributors,5,121.32
2026-04-27,BR002,MED305,BAT023417,2029-02-16,Navkar Pharma Agency,46,70.11
2026-04-27,BR003,MED016,BAT023399,2027-04-01,Vashi Pharma Hub,11,140.7
2026-04-27,BR003,MED038,BAT023400,2029-01-01,Arihant Pharma Traders,14,60.58
2026-04-27,BR003,MED115,BAT023412,2027-10-18,Sai Pharma Distributors,6,121.32
2026-04-28,BR001,MED035,BAT023458,2026-12-28,Vasai Virar Medico,21,16.15
2026-04-28,BR001,MED091,BAT023460,2028-10-08,Goregaon Medi Wholesale,48,18.01
2026-04-28,BR001,MED262,BAT023481,2029-01-31,Arihant Pharma Traders,6,35.87
2026-04-28,BR001,MED280,BAT023468,2029-02-16,Navkar Pharma Agency,32,6.51
2026-04-28,BR001,MED305,BAT023471,2029-04-12,Navkar Pharma Agency,58,83.66
2026-04-28,BR001,MED493,BAT023480,2029-01-11,Vasai Virar Medico,12,164.06
2026-04-28,BR002,MED009,BAT023440,2028-04-05,Arihant Pharma Traders,63,63.46
2026-04-28,BR002,MED021,BAT023441,2029-01-29,Dadar Wholesale Drugs,17,21.8
2026-04-28,BR002,MED035,BAT023458,2026-12-28,Vasai Virar Medico,16,16.15
2026-04-28,BR002,MED262,BAT023481,2029-01-31,Arihant Pharma Traders,5,35.87
2026-04-28,BR002,MED493,BAT023480,2029-01-11,Vasai Virar Medico,5,164.06
2026-04-28,BR003,MED033,BAT023456,2026-07-28,Pioneer Healthcare Distributors,111,44.41
2026-04-28,BR003,MED034,BAT023457,2029-01-23,Konkan Healthcare Traders,86,35.34
2026-04-28,BR003,MED043,BAT023442,2027-09-09,Shree Ganesh Medico,60,116.5
2026-04-28,BR003,MED262,BAT023481,2029-01-31,Arihant Pharma Traders,6,35.87
2026-04-28,BR003,MED341,BAT023474,2028-09-11,Om Sai Medicorp,15,144.78
2026-04-28,BR003,MED411,BAT023452,2027-06-30,Ulhasnagar Drug Centre,15,109.46
2026-04-28,BR003,MED493,BAT023480,2029-01-11,Vasai Virar Medico,6,164.06
2026-04-29,BR001,MED009,BAT023534,2027-11-25,Konkan Healthcare Traders,77,56.57
2026-04-29,BR001,MED011,BAT023507,2026-09-02,Siddhivinayak Drug Agency,228,24.73
2026-04-29,BR001,MED037,BAT023536,2028-12-25,Pioneer Healthcare Distributors,202,98.4
2026-04-29,BR001,MED069,BAT023495,2026-09-09,Chembur Pharma Depot,18,24.21
2026-04-29,BR001,MED444,BAT023540,2027-11-24,Thane Medico Traders,16,99.49
2026-04-29,BR001,MED444,BAT023543,2027-10-15,Thane Medico Traders,1,101.99
2026-04-29,BR002,MED097,BAT023497,2026-07-20,Chembur Pharma Depot,18,93.4
2026-04-29,BR002,MED152,BAT023513,2026-10-16,Maharashtra Pharma Link,21,34.75
2026-04-29,BR002,MED155,BAT023487,2026-06-09,Lifeline Medico Distributors,13,36.1
2026-04-29,BR002,MED269,BAT023489,2028-10-06,Dadar Wholesale Drugs,88,29.31
2026-04-29,BR002,MED319,BAT023523,2028-03-12,Navkar Pharma Agency,83,179.14
2026-04-29,BR002,MED444,BAT023543,2027-10-15,Thane Medico Traders,12,101.99
2026-04-29,BR003,MED031,BAT023535,2027-12-13,Thane Medico Traders,44,164.91
2026-04-29,BR003,MED037,BAT023536,2028-12-25,Pioneer Healthcare Distributors,196,98.4
2026-04-29,BR003,MED283,BAT023521,2027-09-07,Neelkanth Pharma Link,41,71.16
2026-04-29,BR003,MED444,BAT023543,2027-10-15,Thane Medico Traders,1,101.99
2026-04-29,BR003,MED445,BAT023528,2028-03-10,Goregaon Medi Wholesale,19,91.42
2026-04-29,BR003,MED470,BAT023541,2028-01-17,Navkar Pharma Agency,14,26.81
2026-04-30,BR001,MED027,BAT023556,2027-10-30,Siddhivinayak Drug Agency,14,151.52
2026-04-30,BR001,MED142,BAT023548,2026-05-22,Bombay Medi Supply,50,41.91
2026-04-30,BR001,MED269,BAT023552,2026-10-14,Dadar Wholesale Drugs,119,32.51
2026-04-30,BR001,MED278,BAT023566,2028-10-11,Bombay Medi Supply,25,6.6
2026-04-30,BR001,MED335,BAT023583,2028-09-02,Arihant Pharma Traders,6,115.44
2026-04-30,BR002,MED335,BAT023583,2028-09-02,Arihant Pharma Traders,5,115.44
2026-04-30,BR002,MED381,BAT023570,2028-03-20,Kalyan Medical Stores,126,116.29
2026-04-30,BR003,MED030,BAT023557,2029-03-02,Malad Healthcare Supply,22,43.54
2026-04-30,BR003,MED063,BAT023546,2029-02-22,Lifeline Medico Distributors,21,28.54
2026-04-30,BR003,MED269,BAT023552,2026-10-14,Dadar Wholesale Drugs,117,32.51
2026-04-30,BR003,MED335,BAT023583,2028-09-02,Arihant Pharma Traders,13,115.44
